city_code,city,province,observed_so_far,predicted_demand,predicted_remaining,forecast_share,observed_share,pickup_ratio,peak_checkin,owner,action,required_before_spend,evidence_status,priority_reason
1183,tehran,tehran,342710,1175144,832434,0.14068917034448938,0.2916323446318068,0.9428452624822278,2025-12-04,Destination growth analyst,Review destination content and campaign calendar,"Join conversion, available inventory, margin and campaign cost; run a controlled pilot",Historical forecast; analyst review required,Ranked by forecast search volume; pickup ratio is supporting evidence
4995,qeshm,hormozgan,451789,1024778,572989,0.12268723374095869,0.44086524105708746,1.2017124713746827,2025-11-26,Destination growth analyst,Review destination content and campaign calendar,"Join conversion, available inventory, margin and campaign cost; run a controlled pilot",Historical forecast; analyst review required,Ranked by forecast search volume; pickup ratio is supporting evidence
2099,kish,hormozgan,338659,740144,401485,0.08861062584283437,0.45755825893339674,0.9601672063606564,2025-12-04,Destination growth analyst,Review destination content and campaign calendar,"Join conversion, available inventory, margin and campaign cost; run a controlled pilot",Historical forecast; analyst review required,Ranked by forecast search volume; pickup ratio is supporting evidence
7339,rasht,gilan,205709,645062,439353,0.07722733350190021,0.3188980284065718,1.1288259884908565,2025-11-26,Destination growth analyst,Review destination content and campaign calendar,"Join conversion, available inventory, margin and campaign cost; run a controlled pilot",Historical forecast; analyst review required,Ranked by forecast search volume; pickup ratio is supporting evidence
9356,mashhad,khorasan_razavi,229746,580644,350898,0.06951515952556087,0.3956744580155827,1.3010379317141556,2025-11-26,Destination growth analyst,Review destination content and campaign calendar,"Join conversion, available inventory, margin and campaign cost; run a controlled pilot",Historical forecast; analyst review required,Ranked by forecast search volume; pickup ratio is supporting evidence
8978,ramsar,mazandaran,180762,556118,375356,0.06657888738200318,0.32504252694572017,1.1160012042597898,2025-11-26,Destination growth analyst,Review destination content and campaign calendar,"Join conversion, available inventory, margin and campaign cost; run a controlled pilot",Historical forecast; analyst review required,Ranked by forecast search volume; pickup ratio is supporting evidence
9547,kordan,alborz,73854,388450,314596,0.046505541636018145,0.19012485519371863,1.020428406068917,2025-12-04,Destination growth analyst,Review destination content and campaign calendar,"Join conversion, available inventory, margin and campaign cost; run a controlled pilot",Historical forecast; analyst review required,Ranked by forecast search volume; pickup ratio is supporting evidence
9814,bandar_anzali,gilan,70152,257767,187615,0.030860069380593356,0.27215275811100725,1.121682089416973,2025-11-27,Destination growth analyst,Review destination content and campaign calendar,"Join conversion, available inventory, margin and campaign cost; run a controlled pilot",Historical forecast; analyst review required,Ranked by forecast search volume; pickup ratio is supporting evidence
7619,isfahan,isfahan,63638,234727,171089,0.028101702333885006,0.27111495481985454,1.0471758621769445,2025-12-04,Destination growth analyst,Review destination content and campaign calendar,"Join conversion, available inventory, margin and campaign cost; run a controlled pilot",Historical forecast; analyst review required,Ranked by forecast search volume; pickup ratio is supporting evidence
9770,chalus,mazandaran,50850,213875,163025,0.025605284379980386,0.23775569842197544,1.0975047870272356,2025-11-27,Destination growth analyst,Review destination content and campaign calendar,"Join conversion, available inventory, margin and campaign cost; run a controlled pilot",Historical forecast; analyst review required,Ranked by forecast search volume; pickup ratio is supporting evidence
5413,masal,gilan,52095,176678,124583,0.02115203008152507,0.29485844304327646,1.1009666869771553,2025-12-11,Destination growth analyst,Review destination content and campaign calendar,"Join conversion, available inventory, margin and campaign cost; run a controlled pilot",Historical forecast; analyst review required,Ranked by forecast search volume; pickup ratio is supporting evidence
7810,nowshahr,mazandaran,44680,169661,124981,0.020311949284356996,0.26334867765721054,1.0868862532537118,2025-11-27,Destination growth analyst,Review destination content and campaign calendar,"Join conversion, available inventory, margin and campaign cost; run a controlled pilot",Historical forecast; analyst review required,Ranked by forecast search volume; pickup ratio is supporting evidence
4655,motelghoo,mazandaran,29440,123194,93754,0.014748883244452617,0.2389726772407747,1.1269723623508825,2025-12-04,Destination growth analyst,Review destination content and campaign calendar,"Join conversion, available inventory, margin and campaign cost; run a controlled pilot",Historical forecast; analyst review required,Ranked by forecast search volume; pickup ratio is supporting evidence
2949,shahriar,tehran,22473,111685,89212,0.01337101664980998,0.20121771052513768,1.0054948139621502,2025-12-18,Destination growth analyst,Review destination content and campaign calendar,"Join conversion, available inventory, margin and campaign cost; run a controlled pilot",Historical forecast; analyst review required,Ranked by forecast search volume; pickup ratio is supporting evidence
4324,savadkuh,mazandaran,29733,104481,74748,0.012508548064545788,0.28457805725442903,1.07146675691493,2025-12-04,Destination growth analyst,Review destination content and campaign calendar,"Join conversion, available inventory, margin and campaign cost; run a controlled pilot",Historical forecast; analyst review required,Ranked by forecast search volume; pickup ratio is supporting evidence
6520,hormuz_islan,hormozgan,41673,94899,53226,0.011361383436005885,0.4391300224449151,1.3273270410239595,2025-12-17,Destination growth analyst,Review destination content and campaign calendar,"Join conversion, available inventory, margin and campaign cost; run a controlled pilot",Historical forecast; analyst review required,Ranked by forecast search volume; pickup ratio is supporting evidence
7274,shirgah,mazandaran,26072,88598,62526,0.010607022725879612,0.2942730084200546,1.0695619128848388,2025-11-27,Destination growth analyst,Review destination content and campaign calendar,"Join conversion, available inventory, margin and campaign cost; run a controlled pilot",Historical forecast; analyst review required,Ranked by forecast search volume; pickup ratio is supporting evidence
3523,tonekabon,mazandaran,27230,88205,60975,0.010559972454640186,0.3087126580125843,0.9857270302474372,2025-12-11,Destination growth analyst,Review destination content and campaign calendar,"Join conversion, available inventory, margin and campaign cost; run a controlled pilot",Historical forecast; analyst review required,Ranked by forecast search volume; pickup ratio is supporting evidence
7127,babolsar,mazandaran,22235,88116,65881,0.010549317304155939,0.2523378274093241,1.026855147338081,2025-11-27,Destination growth analyst,Review destination content and campaign calendar,"Join conversion, available inventory, margin and campaign cost; run a controlled pilot",Historical forecast; analyst review required,Ranked by forecast search volume; pickup ratio is supporting evidence
2778,lahijan,gilan,24415,88099,63684,0.010547282050692657,0.27713140898307587,1.1285636892819781,2025-12-04,Destination growth analyst,Review destination content and campaign calendar,"Join conversion, available inventory, margin and campaign cost; run a controlled pilot",Historical forecast; analyst review required,Ranked by forecast search volume; pickup ratio is supporting evidence
8545,mahmudabad,mazandaran,20922,87043,66121,0.01042085689438519,0.2403639580437255,1.1052085396046578,2025-12-11,Destination growth analyst,Review destination content and campaign calendar,"Join conversion, available inventory, margin and campaign cost; run a controlled pilot",Historical forecast; analyst review required,Ranked by forecast search volume; pickup ratio is supporting evidence
6886,sari,mazandaran,19049,72212,53163,0.008645277828858648,0.263792721431341,0.9563809761806427,2025-12-11,Destination growth analyst,Review destination content and campaign calendar,"Join conversion, available inventory, margin and campaign cost; run a controlled pilot",Historical forecast; analyst review required,Ranked by forecast search volume; pickup ratio is supporting evidence
8715,bandar_abbas,hormozgan,21988,68803,46815,0.008237149649074415,0.3195790881211575,1.2037310880150307,2025-12-17,Destination growth analyst,Review destination content and campaign calendar,"Join conversion, available inventory, margin and campaign cost; run a controlled pilot",Historical forecast; analyst review required,Ranked by forecast search volume; pickup ratio is supporting evidence
9059,karaj,alborz,14907,68059,53152,0.008148077379857791,0.21903054702537506,1.030634394596247,2025-12-04,Destination growth analyst,Review destination content and campaign calendar,"Join conversion, available inventory, margin and campaign cost; run a controlled pilot",Historical forecast; analyst review required,Ranked by forecast search volume; pickup ratio is supporting evidence
6268,namak_abrud,mazandaran,15150,63999,48849,0.00766201096450901,0.23672244878826232,1.1388834491180073,2025-12-11,Destination growth analyst,Review destination content and campaign calendar,"Join conversion, available inventory, margin and campaign cost; run a controlled pilot",Historical forecast; analyst review required,Ranked by forecast search volume; pickup ratio is supporting evidence
1638,noor,mazandaran,13810,60815,47005,0.0072808199629152874,0.22708213434185645,1.1051182318014554,2025-12-04,Destination growth analyst,Review destination content and campaign calendar,"Join conversion, available inventory, margin and campaign cost; run a controlled pilot",Historical forecast; analyst review required,Ranked by forecast search volume; pickup ratio is supporting evidence
8999,kashan,isfahan,11422,53494,42072,0.006404344044992031,0.21351927318951658,1.0521800724870969,2025-12-04,Destination growth analyst,Review destination content and campaign calendar,"Join conversion, available inventory, margin and campaign cost; run a controlled pilot",Historical forecast; analyst review required,Ranked by forecast search volume; pickup ratio is supporting evidence
4791,fuman,gilan,13881,51119,37238,0.006120007164092191,0.27154287055693577,1.0606892180458671,2025-12-11,Destination growth analyst,Review destination content and campaign calendar,"Join conversion, available inventory, margin and campaign cost; run a controlled pilot",Historical forecast; analyst review required,Ranked by forecast search volume; pickup ratio is supporting evidence
5640,kelardasht,mazandaran,11315,44756,33441,0.005358223764864533,0.25281526499240325,0.8981209508832255,2025-12-11,Destination growth analyst,Review destination content and campaign calendar,"Join conversion, available inventory, margin and campaign cost; run a controlled pilot",Historical forecast; analyst review required,Ranked by forecast search volume; pickup ratio is supporting evidence
6248,sorkhrud,mazandaran,9920,43192,33272,0.005170980446242491,0.229672161511391,1.1283230703331897,2025-12-11,Destination growth analyst,Review destination content and campaign calendar,"Join conversion, available inventory, margin and campaign cost; run a controlled pilot",Historical forecast; analyst review required,Ranked by forecast search volume; pickup ratio is supporting evidence
5986,damavand,tehran,7545,40587,33042,0.00485910778319235,0.18589696208145465,0.9332165729602218,2025-12-04,Destination growth analyst,Review destination content and campaign calendar,"Join conversion, available inventory, margin and campaign cost; run a controlled pilot",Historical forecast; analyst review required,Ranked by forecast search volume; pickup ratio is supporting evidence
2101,masuleh,gilan,8221,32688,24467,0.00391343324751747,0.2514990210474792,1.0256569170174756,2025-11-27,Destination growth analyst,Review destination content and campaign calendar,"Join conversion, available inventory, margin and campaign cost; run a controlled pilot",Historical forecast; analyst review required,Ranked by forecast search volume; pickup ratio is supporting evidence
3365,rudehen,tehran,6220,31821,25601,0.0038096353208900333,0.19546840137016436,0.956581404780374,2025-12-11,Destination growth analyst,Review destination content and campaign calendar,"Join conversion, available inventory, margin and campaign cost; run a controlled pilot",Historical forecast; analyst review required,Ranked by forecast search volume; pickup ratio is supporting evidence
2483,dargahan,hormozgan,12248,30602,18354,0.0036636956754934414,0.4002352787399516,1.5539928230415638,2025-11-25,Destination growth analyst,Review destination content and campaign calendar,"Join conversion, available inventory, margin and campaign cost; run a controlled pilot",Historical forecast; analyst review required,Ranked by forecast search volume; pickup ratio is supporting evidence
8856,lavasan,tehran,5817,30542,24725,0.0036565124279759717,0.19045904001047737,1.1045992145005732,2025-12-11,Destination growth analyst,Review destination content and campaign calendar,"Join conversion, available inventory, margin and campaign cost; run a controlled pilot",Historical forecast; analyst review required,Ranked by forecast search volume; pickup ratio is supporting evidence
5414,babol,mazandaran,6550,25920,19370,0.003103162927546892,0.2527006172839506,0.9557509406405063,2025-11-27,Destination growth analyst,Review destination content and campaign calendar,"Join conversion, available inventory, margin and campaign cost; run a controlled pilot",Historical forecast; analyst review required,Ranked by forecast search volume; pickup ratio is supporting evidence
5297,talesh,gilan,7668,23339,15671,0.002794163563503739,0.3285487810103261,0.9714493286819142,2025-12-04,Destination growth analyst,Review destination content and campaign calendar,"Join conversion, available inventory, margin and campaign cost; run a controlled pilot",Historical forecast; analyst review required,Ranked by forecast search volume; pickup ratio is supporting evidence
7221,fereydunkenar,mazandaran,4732,21035,16303,0.002518326858832904,0.2249584026622296,1.1639431175929609,2025-12-11,Destination growth analyst,Review destination content and campaign calendar,"Join conversion, available inventory, margin and campaign cost; run a controlled pilot",Historical forecast; analyst review required,Ranked by forecast search volume; pickup ratio is supporting evidence
7399,hengam,hormozgan,9953,20616,10663,0.0024681638470025746,0.4827803647652309,1.2293411326643244,2025-11-22,Destination growth analyst,Review destination content and campaign calendar,"Join conversion, available inventory, margin and campaign cost; run a controlled pilot",Historical forecast; analyst review required,Ranked by forecast search volume; pickup ratio is supporting evidence
2195,amol,mazandaran,4788,19953,15165,0.002388788961934535,0.2399639152007217,0.908759021251675,2025-11-27,Destination growth analyst,Review destination content and campaign calendar,"Join conversion, available inventory, margin and campaign cost; run a controlled pilot",Historical forecast; analyst review required,Ranked by forecast search volume; pickup ratio is supporting evidence
4756,royan,mazandaran,4527,19074,14547,0.0022835543858036045,0.23733878578169235,1.157179730669242,2025-12-04,Destination growth analyst,Review destination content and campaign calendar,"Join conversion, available inventory, margin and campaign cost; run a controlled pilot",Historical forecast; analyst review required,Ranked by forecast search volume; pickup ratio is supporting evidence
7412,javaherdeh,mazandaran,7458,17518,10060,0.0020972688335172246,0.42573353122502566,0.653464285407507,2025-12-04,Destination growth analyst,Review destination content and campaign calendar,"Join conversion, available inventory, margin and campaign cost; run a controlled pilot",Historical forecast; analyst review required,Ranked by forecast search volume; pickup ratio is supporting evidence
9879,chaboksar,gilan,4913,16406,11493,0.0019641393128601204,0.2994636108740705,0.9782780379472588,2025-12-04,Destination growth analyst,Review destination content and campaign calendar,"Join conversion, available inventory, margin and campaign cost; run a controlled pilot",Historical forecast; analyst review required,Ranked by forecast search volume; pickup ratio is supporting evidence
3892,izadshahr,mazandaran,4145,15811,11666,0.0018929054416452127,0.2621592562140282,1.1912374121793166,2025-12-04,Destination growth analyst,Review destination content and campaign calendar,"Join conversion, available inventory, margin and campaign cost; run a controlled pilot",Historical forecast; analyst review required,Ranked by forecast search volume; pickup ratio is supporting evidence
2692,astara,gilan,3455,15785,12330,0.0018897927010543092,0.21887868229331645,1.2450759237790952,2025-12-04,Destination growth analyst,Review destination content and campaign calendar,"Join conversion, available inventory, margin and campaign cost; run a controlled pilot",Historical forecast; analyst review required,Ranked by forecast search volume; pickup ratio is supporting evidence
5927,asalem,gilan,5326,15498,10172,0.0018554328337624126,0.34365724609627046,1.1155393446006816,2025-12-04,Destination growth analyst,Review destination content and campaign calendar,"Join conversion, available inventory, margin and campaign cost; run a controlled pilot",Historical forecast; analyst review required,Ranked by forecast search volume; pickup ratio is supporting evidence
6093,qaemshahr,mazandaran,3686,15426,11740,0.0018468129367414491,0.2389472319460651,1.138457284155412,2025-12-04,Destination growth analyst,Review destination content and campaign calendar,"Join conversion, available inventory, margin and campaign cost; run a controlled pilot",Historical forecast; analyst review required,Ranked by forecast search volume; pickup ratio is supporting evidence
3333,behshahr,mazandaran,4150,14892,10742,0.0017828820338359691,0.2786731130808488,0.8915460993329327,2025-12-11,Destination growth analyst,Review destination content and campaign calendar,"Join conversion, available inventory, margin and campaign cost; run a controlled pilot",Historical forecast; analyst review required,Ranked by forecast search volume; pickup ratio is supporting evidence
2642,parsian,hormozgan,6478,14159,7681,0.0016951266933308813,0.4575181863125927,1.119768684973349,2025-11-26,Destination growth analyst,Review destination content and campaign calendar,"Join conversion, available inventory, margin and campaign cost; run a controlled pilot",Historical forecast; analyst review required,Ranked by forecast search volume; pickup ratio is supporting evidence
7562,shaft,gilan,4484,13665,9181,0.0016359846221037145,0.32813757775338454,1.1618399703753926,2025-12-04,Destination growth analyst,Review destination content and campaign calendar,"Join conversion, available inventory, margin and campaign cost; run a controlled pilot",Historical forecast; analyst review required,Ranked by forecast search volume; pickup ratio is supporting evidence
1053,abbasabad,mazandaran,2818,13510,10692,0.0016174278993502512,0.2085862324204293,1.0028594629151042,2025-11-27,Destination growth analyst,Review destination content and campaign calendar,"Join conversion, available inventory, margin and campaign cost; run a controlled pilot",Historical forecast; analyst review required,Ranked by forecast search volume; pickup ratio is supporting evidence
8979,chamestan,mazandaran,2900,13143,10243,0.0015734903687017285,0.22064977554591797,1.2380681666747675,2025-11-27,Destination growth analyst,Review destination content and campaign calendar,"Join conversion, available inventory, margin and campaign cost; run a controlled pilot",Historical forecast; analyst review required,Ranked by forecast search volume; pickup ratio is supporting evidence
4609,chaharbagh,alborz,2709,13051,10342,0.0015624760558416084,0.20757030112635047,1.0543224807717082,2025-12-04,Destination growth analyst,Review destination content and campaign calendar,"Join conversion, available inventory, margin and campaign cost; run a controlled pilot",Historical forecast; analyst review required,Ranked by forecast search volume; pickup ratio is supporting evidence
4981,fasham,tehran,1975,12654,10679,0.0015149469014343509,0.15607712976134028,1.0928047193560204,2025-12-11,Destination growth analyst,Review destination content and campaign calendar,"Join conversion, available inventory, margin and campaign cost; run a controlled pilot",Historical forecast; analyst review required,Ranked by forecast search volume; pickup ratio is supporting evidence
4235,siahkal,gilan,3024,12087,9063,0.0014470652123942625,0.2501861504095309,1.063605551679579,2025-12-04,Destination growth analyst,Review destination content and campaign calendar,"Join conversion, available inventory, margin and campaign cost; run a controlled pilot",Historical forecast; analyst review required,Ranked by forecast search volume; pickup ratio is supporting evidence
8838,rudsar,gilan,2787,11503,8716,0.0013771482698908912,0.24228462140311224,1.1204432534706574,2025-12-11,Destination growth analyst,Review destination content and campaign calendar,"Join conversion, available inventory, margin and campaign cost; run a controlled pilot",Historical forecast; analyst review required,Ranked by forecast search volume; pickup ratio is supporting evidence
7201,chamkhaleh,gilan,2835,11119,8284,0.0013311754857790853,0.2549689720298588,1.0998758140082423,2025-11-27,Destination growth analyst,Review destination content and campaign calendar,"Join conversion, available inventory, margin and campaign cost; run a controlled pilot",Historical forecast; analyst review required,Ranked by forecast search volume; pickup ratio is supporting evidence
1299,bagh_bahadoran,isfahan,2300,10798,8498,0.0012927451115606228,0.21300240785330618,0.7219812354436547,2025-11-27,Destination growth analyst,Review destination content and campaign calendar,"Join conversion, available inventory, margin and campaign cost; run a controlled pilot",Historical forecast; analyst review required,Ranked by forecast search volume; pickup ratio is supporting evidence
9951,rudbar,gilan,2025,10164,8139,0.00121684212945936,0.19923258559622195,0.946665425359773,2025-12-11,Destination growth analyst,Review destination content and campaign calendar,"Join conversion, available inventory, margin and campaign cost; run a controlled pilot",Historical forecast; analyst review required,Ranked by forecast search volume; pickup ratio is supporting evidence
2587,langarud,gilan,2525,10002,7477,0.001197447361162192,0.2524495100979804,0.9904459115403742,2025-12-04,Destination growth analyst,Review destination content and campaign calendar,"Join conversion, available inventory, margin and campaign cost; run a controlled pilot",Historical forecast; analyst review required,Ranked by forecast search volume; pickup ratio is supporting evidence
7222,malard,tehran,1769,9157,7388,0.0010962832919578277,0.19318554111608605,0.9238678350654413,2025-12-04,Destination growth analyst,Review destination content and campaign calendar,"Join conversion, available inventory, margin and campaign cost; run a controlled pilot",Historical forecast; analyst review required,Ranked by forecast search volume; pickup ratio is supporting evidence
8043,nashtarud,mazandaran,2067,8758,6691,0.0010485146959666545,0.23601278830783284,1.1097758757072451,2025-12-04,Destination growth analyst,Review destination content and campaign calendar,"Join conversion, available inventory, margin and campaign cost; run a controlled pilot",Historical forecast; analyst review required,Ranked by forecast search volume; pickup ratio is supporting evidence
8304,firuzkuh,tehran,1350,8728,7378,0.0010449230722079197,0.15467461044912925,0.9005335271272737,2025-12-11,Destination growth analyst,Review destination content and campaign calendar,"Join conversion, available inventory, margin and campaign cost; run a controlled pilot",Historical forecast; analyst review required,Ranked by forecast search volume; pickup ratio is supporting evidence
3124,khomam,gilan,2685,8133,5448,0.0009736892009930122,0.3301364810033198,0.9811000142940197,2025-12-04,Destination growth analyst,Review destination content and campaign calendar,"Join conversion, available inventory, margin and campaign cost; run a controlled pilot",Historical forecast; analyst review required,Ranked by forecast search volume; pickup ratio is supporting evidence
8375,zibakenar,gilan,1422,7192,5770,0.0008610319357606963,0.19771968854282537,1.4188712651514164,2025-12-11,Destination growth analyst,Review destination content and campaign calendar,"Join conversion, available inventory, margin and campaign cost; run a controlled pilot",Historical forecast; analyst review required,Ranked by forecast search volume; pickup ratio is supporting evidence
1011,reyneh,mazandaran,813,6126,5313,0.0007334095715336521,0.1327130264446621,0.9823889334778655,2025-12-11,Destination growth analyst,Review destination content and campaign calendar,"Join conversion, available inventory, margin and campaign cost; run a controlled pilot",Historical forecast; analyst review required,Ranked by forecast search volume; pickup ratio is supporting evidence
4419,nishapur,khorasan_razavi,1540,6107,4567,0.0007311348764864533,0.2521696413951204,1.1344209096459426,2025-12-04,Destination growth analyst,Review destination content and campaign calendar,"Join conversion, available inventory, margin and campaign cost; run a controlled pilot",Historical forecast; analyst review required,Ranked by forecast search volume; pickup ratio is supporting evidence
4252,sowmeeh_sara,gilan,1991,6069,4078,0.0007265854863920559,0.3280606360191135,0.9457784138941416,2025-12-04,Destination growth analyst,Review destination content and campaign calendar,"Join conversion, available inventory, margin and campaign cost; run a controlled pilot",Historical forecast; analyst review required,Ranked by forecast search volume; pickup ratio is supporting evidence
7651,rezvanshahr,gilan,2046,6036,3990,0.0007226347002574476,0.3389662027833002,1.2346108920317178,2025-12-04,Destination growth analyst,Review destination content and campaign calendar,"Join conversion, available inventory, margin and campaign cost; run a controlled pilot",Historical forecast; analyst review required,Ranked by forecast search volume; pickup ratio is supporting evidence
9077,shemshak,tehran,821,5193,4372,0.0006217100726369989,0.15809743886000385,1.4542508571491,2025-12-11,Destination growth analyst,Review destination content and campaign calendar,"Join conversion, available inventory, margin and campaign cost; run a controlled pilot",Historical forecast; analyst review required,Ranked by forecast search volume; pickup ratio is supporting evidence
3914,meygoon,tehran,714,4916,4202,0.0005885474132646806,0.145240032546786,0.9249086680256768,2025-12-11,Destination growth analyst,Review destination content and campaign calendar,"Join conversion, available inventory, margin and campaign cost; run a controlled pilot",Historical forecast; analyst review required,Ranked by forecast search volume; pickup ratio is supporting evidence
3140,taleqan,alborz,762,4915,4153,0.0005884276924727228,0.1550356052899288,1.067681540982798,2025-12-11,Destination growth analyst,Review destination content and campaign calendar,"Join conversion, available inventory, margin and campaign cost; run a controlled pilot",Historical forecast; analyst review required,Ranked by forecast search volume; pickup ratio is supporting evidence
6752,marzanabad,mazandaran,1088,4555,3467,0.0005453282073679048,0.23885839736553238,0.7956871504740253,2025-12-04,Destination growth analyst,Review destination content and campaign calendar,"Join conversion, available inventory, margin and campaign cost; run a controlled pilot",Historical forecast; analyst review required,Ranked by forecast search volume; pickup ratio is supporting evidence
6095,khvansar,isfahan,1425,4471,3046,0.0005352716608434474,0.3187206441511966,0.8812543404419027,2025-11-27,Destination growth analyst,Review destination content and campaign calendar,"Join conversion, available inventory, margin and campaign cost; run a controlled pilot",Historical forecast; analyst review required,Ranked by forecast search volume; pickup ratio is supporting evidence
1496,kelarabad,mazandaran,991,4332,3341,0.0005186304707613093,0.22876269621421977,0.9707998506184071,2025-12-04,Destination growth analyst,Review destination content and campaign calendar,"Join conversion, available inventory, margin and campaign cost; run a controlled pilot",Historical forecast; analyst review required,Ranked by forecast search volume; pickup ratio is supporting evidence
7766,fardis,alborz,1259,4063,2804,0.00048642557772465367,0.3098695545163672,0.7847971486572152,2025-12-18,Destination growth analyst,Review destination content and campaign calendar,"Join conversion, available inventory, margin and campaign cost; run a controlled pilot",Historical forecast; analyst review required,Ranked by forecast search volume; pickup ratio is supporting evidence
2969,pardis,tehran,913,4033,3120,0.00048283395396591885,0.2263823456484007,0.9450787397094287,2025-12-18,Destination growth analyst,Review destination content and campaign calendar,"Join conversion, available inventory, margin and campaign cost; run a controlled pilot",Historical forecast; analyst review required,Ranked by forecast search volume; pickup ratio is supporting evidence
2728,lavan,hormozgan,1930,3910,1980,0.00046810829655510606,0.4936061381074169,1.0865701605182747,2025-11-26,Destination growth analyst,Review destination content and campaign calendar,"Join conversion, available inventory, margin and campaign cost; run a controlled pilot",Historical forecast; analyst review required,Ranked by forecast search volume; pickup ratio is supporting evidence
3217,bumehen,tehran,572,3584,3012,0.00042907931837685425,0.15959821428571427,0.92911089630508,2025-12-11,Destination growth analyst,Review destination content and campaign calendar,"Join conversion, available inventory, margin and campaign cost; run a controlled pilot",Historical forecast; analyst review required,Ranked by forecast search volume; pickup ratio is supporting evidence
4161,sangar,gilan,831,3551,2720,0.0004251285322422459,0.23401858631371444,1.417584127771214,2025-11-27,Destination growth analyst,Review destination content and campaign calendar,"Join conversion, available inventory, margin and campaign cost; run a controlled pilot",Historical forecast; analyst review required,Ranked by forecast search volume; pickup ratio is supporting evidence
7228,zirab,mazandaran,997,3480,2483,0.00041662835601324015,0.2864942528735632,1.2273708740145661,2025-12-04,Destination growth analyst,Review destination content and campaign calendar,"Join conversion, available inventory, margin and campaign cost; run a controlled pilot",Historical forecast; analyst review required,Ranked by forecast search volume; pickup ratio is supporting evidence
8271,kiashahr,gilan,890,3443,2553,0.00041219868671080054,0.25849549811211153,1.418846437962207,2025-12-11,Destination growth analyst,Review destination content and campaign calendar,"Join conversion, available inventory, margin and campaign cost; run a controlled pilot",Historical forecast; analyst review required,Ranked by forecast search volume; pickup ratio is supporting evidence
7049,astaneh_ye_ashrafiyeh,gilan,1019,3413,2394,0.0004086070629520657,0.2985643129211837,1.1076343811578986,2025-12-04,Destination growth analyst,Review destination content and campaign calendar,"Join conversion, available inventory, margin and campaign cost; run a controlled pilot",Historical forecast; analyst review required,Ranked by forecast search volume; pickup ratio is supporting evidence
7252,shahrak_e_daryakenar,mazandaran,1056,3365,2309,0.00040286046493809,0.3138187221396731,0.9248783218355247,2025-12-04,Destination growth analyst,Review destination content and campaign calendar,"Join conversion, available inventory, margin and campaign cost; run a controlled pilot",Historical forecast; analyst review required,Ranked by forecast search volume; pickup ratio is supporting evidence
6662,varamin,tehran,827,3316,2489,0.0003969941461321564,0.2493968636911942,0.7716042811249936,2025-12-04,Destination growth analyst,Review destination content and campaign calendar,"Join conversion, available inventory, margin and campaign cost; run a controlled pilot",Historical forecast; analyst review required,Ranked by forecast search volume; pickup ratio is supporting evidence
9091,deylaman,gilan,875,3021,2146,0.00036167651250459726,0.2896391923204237,0.9811891806301978,2025-12-04,Destination growth analyst,Review destination content and campaign calendar,"Join conversion, available inventory, margin and campaign cost; run a controlled pilot",Historical forecast; analyst review required,Ranked by forecast search volume; pickup ratio is supporting evidence
5947,amlash,gilan,888,2838,1950,0.0003397676075763148,0.3128964059196617,1.1558674608173025,2025-11-26,Destination growth analyst,Review destination content and campaign calendar,"Join conversion, available inventory, margin and campaign cost; run a controlled pilot",Historical forecast; analyst review required,Ranked by forecast search volume; pickup ratio is supporting evidence
5720,shandiz,khorasan_razavi,612,2732,2120,0.0003270772036287851,0.2240117130307467,1.1774171095063564,2025-12-11,Destination growth analyst,Review destination content and campaign calendar,"Join conversion, available inventory, margin and campaign cost; run a controlled pilot",Historical forecast; analyst review required,Ranked by forecast search volume; pickup ratio is supporting evidence
8837,shiroud,mazandaran,898,2686,1788,0.00032157004719872504,0.3343261355174981,0.9568200419507249,2025-11-27,Destination growth analyst,Review destination content and campaign calendar,"Join conversion, available inventory, margin and campaign cost; run a controlled pilot",Historical forecast; analyst review required,Ranked by forecast search volume; pickup ratio is supporting evidence
9880,chadegan,isfahan,627,2663,2036,0.000318816468983695,0.23544874202027788,1.0855515696392968,2025-11-27,Destination growth analyst,Review destination content and campaign calendar,"Join conversion, available inventory, margin and campaign cost; run a controlled pilot",Historical forecast; analyst review required,Ranked by forecast search volume; pickup ratio is supporting evidence
5244,hashtgerd,alborz,532,2609,2077,0.0003123515462179723,0.20390954388654656,0.7577809747820233,2025-12-11,Destination growth analyst,Review destination content and campaign calendar,"Join conversion, available inventory, margin and campaign cost; run a controlled pilot",Historical forecast; analyst review required,Ranked by forecast search volume; pickup ratio is supporting evidence
8840,khezer_shahr,mazandaran,815,2565,1750,0.00030708383137182787,0.31773879142300193,1.1050404589190053,2025-11-27,Destination growth analyst,Review destination content and campaign calendar,"Join conversion, available inventory, margin and campaign cost; run a controlled pilot",Historical forecast; analyst review required,Ranked by forecast search volume; pickup ratio is supporting evidence
6037,eslamshahr,tehran,601,2542,1941,0.00030433025315679783,0.23642800944138473,0.7782231325102449,2025-12-18,Destination growth analyst,Review destination content and campaign calendar,"Join conversion, available inventory, margin and campaign cost; run a controlled pilot",Historical forecast; analyst review required,Ranked by forecast search volume; pickup ratio is supporting evidence
6733,koochesfehan,gilan,600,2536,1936,0.0003036119284050509,0.23659305993690852,0.9716224476860603,2025-12-04,Destination growth analyst,Review destination content and campaign calendar,"Join conversion, available inventory, margin and campaign cost; run a controlled pilot",Historical forecast; analyst review required,Ranked by forecast search volume; pickup ratio is supporting evidence
7058,kalachay,gilan,668,2345,1677,0.0002807452571411058,0.28486140724946696,0.971458173155171,2025-12-04,Destination growth analyst,Review destination content and campaign calendar,"Join conversion, available inventory, margin and campaign cost; run a controlled pilot",Historical forecast; analyst review required,Ranked by forecast search volume; pickup ratio is supporting evidence
5434,shahinshahr,isfahan,636,2263,1627,0.0002709281522005639,0.28104286345558993,1.2156355588149501,2025-11-27,Destination growth analyst,Review destination content and campaign calendar,"Join conversion, available inventory, margin and campaign cost; run a controlled pilot",Historical forecast; analyst review required,Ranked by forecast search volume; pickup ratio is supporting evidence
6782,rostamabad,gilan,530,2253,1723,0.00026973094428098563,0.23524189968930315,0.7836456530091063,2025-12-04,Destination growth analyst,Review destination content and campaign calendar,"Join conversion, available inventory, margin and campaign cost; run a controlled pilot",Historical forecast; analyst review required,Ranked by forecast search volume; pickup ratio is supporting evidence
5657,mahdasht_albrz,alborz,492,2226,1734,0.0002664984828981243,0.2210242587601078,1.324699961931394,2025-12-04,Destination growth analyst,Review destination content and campaign calendar,"Join conversion, available inventory, margin and campaign cost; run a controlled pilot",Historical forecast; analyst review required,Ranked by forecast search volume; pickup ratio is supporting evidence
5802,hachirood,mazandaran,387,2211,1824,0.0002647026710187569,0.17503392130257803,1.1586403866249813,2025-11-27,Destination growth analyst,Review destination content and campaign calendar,"Join conversion, available inventory, margin and campaign cost; run a controlled pilot",Historical forecast; analyst review required,Ranked by forecast search volume; pickup ratio is supporting evidence
8913,polsefid,mazandaran,510,2157,1647,0.0002582377482530342,0.2364394993045897,1.2233880881879986,2025-12-04,Destination growth analyst,Review destination content and campaign calendar,"Join conversion, available inventory, margin and campaign cost; run a controlled pilot",Historical forecast; analyst review required,Ranked by forecast search volume; pickup ratio is supporting evidence
9150,sabzevar,khorasan_razavi,464,2151,1687,0.00025751942350128726,0.21571362157136215,0.7254783614450169,2025-12-11,Destination growth analyst,Review destination content and campaign calendar,"Join conversion, available inventory, margin and campaign cost; run a controlled pilot",Historical forecast; analyst review required,Ranked by forecast search volume; pickup ratio is supporting evidence
6287,parand,tehran,440,2123,1683,0.00025416724132646805,0.20725388601036268,0.7497112665917763,2025-12-11,Destination growth analyst,Review destination content and campaign calendar,"Join conversion, available inventory, margin and campaign cost; run a controlled pilot",Historical forecast; analyst review required,Ranked by forecast search volume; pickup ratio is supporting evidence
9063,parehsar,gilan,593,2112,1519,0.000252850312614932,0.28077651515151514,1.1918950351871143,2025-12-04,Destination growth analyst,Review destination content and campaign calendar,"Join conversion, available inventory, margin and campaign cost; run a controlled pilot",Historical forecast; analyst review required,Ranked by forecast search volume; pickup ratio is supporting evidence
6418,dizin,tehran,313,2092,1779,0.0002504558967757754,0.14961759082217974,1.024570049752158,2025-12-11,Destination growth analyst,Review destination content and campaign calendar,"Join conversion, available inventory, margin and campaign cost; run a controlled pilot",Historical forecast; analyst review required,Ranked by forecast search volume; pickup ratio is supporting evidence
9806,torghabeh,khorasan_razavi,526,2070,1544,0.0002478220393527032,0.2541062801932367,0.8777757178394593,2025-12-04,Destination growth analyst,Review destination content and campaign calendar,"Join conversion, available inventory, margin and campaign cost; run a controlled pilot",Historical forecast; analyst review required,Ranked by forecast search volume; pickup ratio is supporting evidence
5262,koohsar,alborz,257,1855,1598,0.00022208206908177027,0.138544474393531,1.121912957546406,2025-12-11,Destination growth analyst,Review destination content and campaign calendar,"Join conversion, available inventory, margin and campaign cost; run a controlled pilot",Historical forecast; analyst review required,Ranked by forecast search volume; pickup ratio is supporting evidence
3312,andisheh,tehran,373,1844,1471,0.00022076514037023414,0.20227765726681127,0.8036773092866147,2025-12-11,Destination growth analyst,Review destination content and campaign calendar,"Join conversion, available inventory, margin and campaign cost; run a controlled pilot",Historical forecast; analyst review required,Ranked by forecast search volume; pickup ratio is supporting evidence
8445,pakdasht,tehran,465,1780,1315,0.0002131030096849332,0.2612359550561798,0.8691926108591476,2025-12-11,Destination growth analyst,Review destination content and campaign calendar,"Join conversion, available inventory, margin and campaign cost; run a controlled pilot",Historical forecast; analyst review required,Ranked by forecast search volume; pickup ratio is supporting evidence
8695,abyaneh,isfahan,407,1663,1256,0.00019909567702586735,0.24473842453397474,1.1482194305186695,2025-12-04,Destination growth analyst,Review destination content and campaign calendar,"Join conversion, available inventory, margin and campaign cost; run a controlled pilot",Historical forecast; analyst review required,Ranked by forecast search volume; pickup ratio is supporting evidence
3042,golpayegan,isfahan,403,1655,1252,0.00019813791069020473,0.24350453172205438,0.786265060306168,2025-12-18,Destination growth analyst,Review destination content and campaign calendar,"Join conversion, available inventory, margin and campaign cost; run a controlled pilot",Historical forecast; analyst review required,Ranked by forecast search volume; pickup ratio is supporting evidence
2337,sooza,hormozgan,857,1584,727,0.00018963773446119896,0.5410353535353535,0.735111740685555,2025-11-26,Destination growth analyst,Review destination content and campaign calendar,"Join conversion, available inventory, margin and campaign cost; run a controlled pilot",Historical forecast; analyst review required,Ranked by forecast search volume; pickup ratio is supporting evidence
3723,bandar_lengeh,hormozgan,436,1564,1128,0.00018724331862204243,0.27877237851662406,1.6227665066214187,2025-11-26,Destination growth analyst,Review destination content and campaign calendar,"Join conversion, available inventory, margin and campaign cost; run a controlled pilot",Historical forecast; analyst review required,Ranked by forecast search volume; pickup ratio is supporting evidence
1265,rey,tehran,487,1484,997,0.0001776656552654162,0.32816711590296493,0.9559924339413516,2025-12-04,Destination growth analyst,Review destination content and campaign calendar,"Join conversion, available inventory, margin and campaign cost; run a controlled pilot",Historical forecast; analyst review required,Ranked by forecast search volume; pickup ratio is supporting evidence
7008,neka,mazandaran,281,1399,1118,0.00016748938794900085,0.2008577555396712,1.0003106208797918,2025-12-11,Destination growth analyst,Review destination content and campaign calendar,"Join conversion, available inventory, margin and campaign cost; run a controlled pilot",Historical forecast; analyst review required,Ranked by forecast search volume; pickup ratio is supporting evidence
1177,kiasar,mazandaran,286,1274,988,0.0001525242889542724,0.22448979591836735,1.1842654809615474,2025-11-27,Destination growth analyst,Review destination content and campaign calendar,"Join conversion, available inventory, margin and campaign cost; run a controlled pilot",Historical forecast; analyst review required,Ranked by forecast search volume; pickup ratio is supporting evidence
6862,tootekabon,gilan,221,1223,1002,0.0001464185285644232,0.18070318887980377,1.1861290826272268,2025-12-04,Destination growth analyst,Review destination content and campaign calendar,"Join conversion, available inventory, margin and campaign cost; run a controlled pilot",Historical forecast; analyst review required,Ranked by forecast search volume; pickup ratio is supporting evidence
2028,marzikola,mazandaran,322,1211,889,0.00014498187906092927,0.2658959537572254,1.4141233057949847,2025-12-11,Destination growth analyst,Review destination content and campaign calendar,"Join conversion, available inventory, margin and campaign cost; run a controlled pilot",Historical forecast; analyst review required,Ranked by forecast search volume; pickup ratio is supporting evidence
3933,alasht,mazandaran,279,1191,912,0.00014258746322177272,0.23425692695214106,1.1243304096212237,2025-12-04,Destination growth analyst,Review destination content and campaign calendar,"Join conversion, available inventory, margin and campaign cost; run a controlled pilot",Historical forecast; analyst review required,Ranked by forecast search volume; pickup ratio is supporting evidence
9899,absard,tehran,158,1157,999,0.00013851695629520658,0.1365600691443388,0.5648145994066884,2025-12-04,Destination growth analyst,Review destination content and campaign calendar,"Join conversion, available inventory, margin and campaign cost; run a controlled pilot",Historical forecast; analyst review required,Ranked by forecast search volume; pickup ratio is supporting evidence
7896,ahmadabade_mostowfi,tehran,294,1122,828,0.00013432672857668261,0.2620320855614973,0.601747172667081,2025-12-04,Destination growth analyst,Review destination content and campaign calendar,"Join conversion, available inventory, margin and campaign cost; run a controlled pilot",Historical forecast; analyst review required,Ranked by forecast search volume; pickup ratio is supporting evidence
6753,nain,isfahan,109,1074,965,0.00012858013056270688,0.10148975791433892,0.7772086683021582,2025-12-11,Destination growth analyst,Review destination content and campaign calendar,"Join conversion, available inventory, margin and campaign cost; run a controlled pilot",Historical forecast; analyst review required,Ranked by forecast search volume; pickup ratio is supporting evidence
9581,ketalem,mazandaran,337,1055,718,0.00012630543551550816,0.3194312796208531,1.290758357298513,2025-11-27,Destination growth analyst,Review destination content and campaign calendar,"Join conversion, available inventory, margin and campaign cost; run a controlled pilot",Historical forecast; analyst review required,Ranked by forecast search volume; pickup ratio is supporting evidence
7278,galugah,mazandaran,210,1041,831,0.00012462934442809855,0.2017291066282421,1.5365175703362528,2025-11-27,Destination growth analyst,Review destination content and campaign calendar,"Join conversion, available inventory, margin and campaign cost; run a controlled pilot",Historical forecast; analyst review required,Ranked by forecast search volume; pickup ratio is supporting evidence
6720,semirom,isfahan,216,1026,810,0.00012283353254873114,0.21052631578947367,0.8332798237306467,2025-11-27,Destination growth analyst,Review destination content and campaign calendar,"Join conversion, available inventory, margin and campaign cost; run a controlled pilot",Historical forecast; analyst review required,Ranked by forecast search volume; pickup ratio is supporting evidence
1895,natanz,isfahan,171,1016,845,0.00012163632462915288,0.16830708661417323,0.951714935977765,2025-12-04,Destination growth analyst,Review destination content and campaign calendar,"Join conversion, available inventory, margin and campaign cost; run a controlled pilot",Historical forecast; analyst review required,Ranked by forecast search volume; pickup ratio is supporting evidence
4973,garmdarreh,alborz,219,971,752,0.00011624888899105063,0.2255406797116375,0.7844748554401707,2025-12-04,Destination growth analyst,Review destination content and campaign calendar,"Join conversion, available inventory, margin and campaign cost; run a controlled pilot",Historical forecast; analyst review required,Ranked by forecast search volume; pickup ratio is supporting evidence
6249,shahreza,isfahan,167,912,745,0.00010918536226553881,0.18311403508771928,0.8677478873566664,2025-11-23,Destination growth analyst,Review destination content and campaign calendar,"Join conversion, available inventory, margin and campaign cost; run a controlled pilot",Historical forecast; analyst review required,Ranked by forecast search volume; pickup ratio is supporting evidence
6261,abali,tehran,69,899,830,0.00010762899197008704,0.07675194660734148,1.0149867797564653,2025-12-11,Destination growth analyst,Review destination content and campaign calendar,"Join conversion, available inventory, margin and campaign cost; run a controlled pilot",Historical forecast; analyst review required,Ranked by forecast search volume; pickup ratio is supporting evidence
7416,varzaneh,isfahan,188,891,703,0.00010667122563442442,0.21099887766554434,1.2675011824669042,2025-12-04,Destination growth analyst,Review destination content and campaign calendar,"Join conversion, available inventory, margin and campaign cost; run a controlled pilot",Historical forecast; analyst review required,Ranked by forecast search volume; pickup ratio is supporting evidence
1224,robatkarim,tehran,166,882,716,0.00010559373850680397,0.18820861678004536,0.653843459994019,2025-12-11,Destination growth analyst,Review destination content and campaign calendar,"Join conversion, available inventory, margin and campaign cost; run a controlled pilot",Historical forecast; analyst review required,Ranked by forecast search volume; pickup ratio is supporting evidence
6986,aboozeidabad,isfahan,177,880,703,0.00010535429692288832,0.20113636363636364,1.3919111079593167,2025-12-11,Destination growth analyst,Review destination content and campaign calendar,"Join conversion, available inventory, margin and campaign cost; run a controlled pilot",Historical forecast; analyst review required,Ranked by forecast search volume; pickup ratio is supporting evidence
7039,najafabad,isfahan,154,794,640,9.505830881451514e-05,0.19395465994962216,6.00218455938718,2025-12-11,Destination growth analyst,Review destination content and campaign calendar,"Join conversion, available inventory, margin and campaign cost; run a controlled pilot",Historical forecast; analyst review required,Ranked by forecast search volume; pickup ratio is supporting evidence
5818,ghamsar_isfahan,isfahan,223,751,528,8.991031476032856e-05,0.2969374167776298,0.7684309809317823,2025-12-04,Destination growth analyst,Review destination content and campaign calendar,"Join conversion, available inventory, margin and campaign cost; run a controlled pilot",Historical forecast; analyst review required,Ranked by forecast search volume; pickup ratio is supporting evidence
1120,safadasht,tehran,121,732,611,8.763561971312982e-05,0.16530054644808742,1.0413487822385006,2025-11-27,Destination growth analyst,Review destination content and campaign calendar,"Join conversion, available inventory, margin and campaign cost; run a controlled pilot",Historical forecast; analyst review required,Ranked by forecast search volume; pickup ratio is supporting evidence
5842,ghods,tehran,133,690,557,8.260734645090107e-05,0.1927536231884058,0.7414768307643554,2025-12-04,Destination growth analyst,Review destination content and campaign calendar,"Join conversion, available inventory, margin and campaign cost; run a controlled pilot",Historical forecast; analyst review required,Ranked by forecast search volume; pickup ratio is supporting evidence
4192,lashtnesha,gilan,202,624,422,7.470577418168444e-05,0.32371794871794873,1.3777228174626852,2025-12-04,Destination growth analyst,Review destination content and campaign calendar,"Join conversion, available inventory, margin and campaign cost; run a controlled pilot",Historical forecast; analyst review required,Ranked by forecast search volume; pickup ratio is supporting evidence
8139,chalandar,mazandaran,221,609,388,7.290996230231703e-05,0.36288998357963875,0.9722075018418878,2025-11-22,Destination growth analyst,Review destination content and campaign calendar,"Join conversion, available inventory, margin and campaign cost; run a controlled pilot",Historical forecast; analyst review required,Ranked by forecast search volume; pickup ratio is supporting evidence
2751,manjil,gilan,73,604,531,7.231135834252788e-05,0.12086092715231789,0.890667554241928,2025-12-04,Destination growth analyst,Review destination content and campaign calendar,"Join conversion, available inventory, margin and campaign cost; run a controlled pilot",Historical forecast; analyst review required,Ranked by forecast search volume; pickup ratio is supporting evidence
9600,gonabad,khorasan_razavi,201,561,360,6.716336428834131e-05,0.3582887700534759,1.8175744475826248,2025-11-26,Destination growth analyst,Review destination content and campaign calendar,"Join conversion, available inventory, margin and campaign cost; run a controlled pilot",Historical forecast; analyst review required,Ranked by forecast search volume; pickup ratio is supporting evidence
2423,fooladshahr,isfahan,203,555,352,6.644503953659434e-05,0.36576576576576575,1.0617712680996252,2025-11-22,Destination growth analyst,Review destination content and campaign calendar,"Join conversion, available inventory, margin and campaign cost; run a controlled pilot",Historical forecast; analyst review required,Ranked by forecast search volume; pickup ratio is supporting evidence
8738,mohammadshahr_albrz,alborz,123,537,414,6.429006528135344e-05,0.22905027932960895,0.7354043458888316,2025-12-04,Destination growth analyst,Review destination content and campaign calendar,"Join conversion, available inventory, margin and campaign cost; run a controlled pilot",Historical forecast; analyst review required,Ranked by forecast search volume; pickup ratio is supporting evidence
5265,khomeinishahr,isfahan,168,503,335,6.02195583547873e-05,0.33399602385685884,0.890744489946355,2025-12-18,Destination growth analyst,Review destination content and campaign calendar,"Join conversion, available inventory, margin and campaign cost; run a controlled pilot",Historical forecast; analyst review required,Ranked by forecast search volume; pickup ratio is supporting evidence
8216,khoshke_bijar,gilan,112,503,391,6.02195583547873e-05,0.22266401590457258,1.2053050048956202,2025-12-04,Destination growth analyst,Review destination content and campaign calendar,"Join conversion, available inventory, margin and campaign cost; run a controlled pilot",Historical forecast; analyst review required,Ranked by forecast search volume; pickup ratio is supporting evidence
8270,baghestan,tehran,73,502,429,6.009983756282947e-05,0.1454183266932271,1.2538577320309703,2025-12-11,Destination growth analyst,Review destination content and campaign calendar,"Join conversion, available inventory, margin and campaign cost; run a controlled pilot",Historical forecast; analyst review required,Ranked by forecast search volume; pickup ratio is supporting evidence
1371,torbat_e_heydarieh,khorasan_razavi,125,489,364,5.854346726737771e-05,0.2556237218813906,0.33385414209653397,2025-12-02,Destination growth analyst,Review destination content and campaign calendar,"Join conversion, available inventory, margin and campaign cost; run a controlled pilot",Historical forecast; analyst review required,Ranked by forecast search volume; pickup ratio is supporting evidence
1317,rahimabad,gilan,127,474,347,5.67476553880103e-05,0.2679324894514768,0.9944027191641472,2025-12-04,Destination growth analyst,Review destination content and campaign calendar,"Join conversion, available inventory, margin and campaign cost; run a controlled pilot",Historical forecast; analyst review required,Ranked by forecast search volume; pickup ratio is supporting evidence
2670,niasar,isfahan,83,463,380,5.543072667647419e-05,0.17926565874730022,0.9212219458938281,2025-12-04,Destination growth analyst,Review destination content and campaign calendar,"Join conversion, available inventory, margin and campaign cost; run a controlled pilot",Historical forecast; analyst review required,Ranked by forecast search volume; pickup ratio is supporting evidence
1859,baharestan,isfahan,170,450,280,5.387435638102244e-05,0.37777777777777777,1.163663027300372,2025-12-04,Destination growth analyst,Review destination content and campaign calendar,"Join conversion, available inventory, margin and campaign cost; run a controlled pilot",Historical forecast; analyst review required,Ranked by forecast search volume; pickup ratio is supporting evidence
5270,larijan,gilan,139,436,297,5.219826529361285e-05,0.31880733944954126,0.9720162907143347,2025-11-27,Destination growth analyst,Review destination content and campaign calendar,"Join conversion, available inventory, margin and campaign cost; run a controlled pilot",Historical forecast; analyst review required,Ranked by forecast search volume; pickup ratio is supporting evidence
2852,lisar,gilan,168,435,267,5.207854450165502e-05,0.38620689655172413,1.24631013443915,2025-11-22,Destination growth analyst,Review destination content and campaign calendar,"Join conversion, available inventory, margin and campaign cost; run a controlled pilot",Historical forecast; analyst review required,Ranked by forecast search volume; pickup ratio is supporting evidence
5936,khoramabad,mazandaran,71,417,346,4.9923570246414124e-05,0.17026378896882494,0.8706364099469079,2025-12-11,Destination growth analyst,Review destination content and campaign calendar,"Join conversion, available inventory, margin and campaign cost; run a controlled pilot",Historical forecast; analyst review required,Ranked by forecast search volume; pickup ratio is supporting evidence
5506,kalat,khorasan_razavi,116,414,298,4.956440787054064e-05,0.28019323671497587,0.7264790603966622,2025-12-04,Destination growth analyst,Review destination content and campaign calendar,"Join conversion, available inventory, margin and campaign cost; run a controlled pilot",Historical forecast; analyst review required,Ranked by forecast search volume; pickup ratio is supporting evidence
9220,khamir,hormozgan,43,400,357,4.788831678313105e-05,0.1075,0.9591002480736293,2025-12-18,Destination growth analyst,Review destination content and campaign calendar,"Join conversion, available inventory, margin and campaign cost; run a controlled pilot",Historical forecast; analyst review required,Ranked by forecast search volume; pickup ratio is supporting evidence
2363,khalilshahr,mazandaran,112,383,271,4.5853063319847984e-05,0.2924281984334204,1.4738396737238786,2025-12-04,Destination growth analyst,Review destination content and campaign calendar,"Join conversion, available inventory, margin and campaign cost; run a controlled pilot",Historical forecast; analyst review required,Ranked by forecast search volume; pickup ratio is supporting evidence
6930,juybar,mazandaran,36,377,341,4.513473856810102e-05,0.09549071618037135,1.221564526693757,2025-11-27,Destination growth analyst,Review destination content and campaign calendar,"Join conversion, available inventory, margin and campaign cost; run a controlled pilot",Historical forecast; analyst review required,Ranked by forecast search volume; pickup ratio is supporting evidence
4198,barehsar,gilan,100,364,264,4.3578368272649255e-05,0.27472527472527475,1.2754101453373263,2025-12-11,Destination growth analyst,Review destination content and campaign calendar,"Join conversion, available inventory, margin and campaign cost; run a controlled pilot",Historical forecast; analyst review required,Ranked by forecast search volume; pickup ratio is supporting evidence
4397,aran_va_bidgol,isfahan,48,361,313,4.321920589677578e-05,0.1329639889196676,0.6716629078858625,2025-12-18,Destination growth analyst,Review destination content and campaign calendar,"Join conversion, available inventory, margin and campaign cost; run a controlled pilot",Historical forecast; analyst review required,Ranked by forecast search volume; pickup ratio is supporting evidence
1782,khur_and_biabanak,isfahan,120,352,232,4.214171876915533e-05,0.3409090909090909,1.899921022745437,2025-11-27,Destination growth analyst,Review destination content and campaign calendar,"Join conversion, available inventory, margin and campaign cost; run a controlled pilot",Historical forecast; analyst review required,Ranked by forecast search volume; pickup ratio is supporting evidence
4820,kashmar,khorasan_razavi,72,349,277,4.1782556393281844e-05,0.20630372492836677,1.7132417941189062,2025-12-18,Destination growth analyst,Review destination content and campaign calendar,"Join conversion, available inventory, margin and campaign cost; run a controlled pilot",Historical forecast; analyst review required,Ranked by forecast search volume; pickup ratio is supporting evidence
5933,charak,hormozgan,61,317,256,3.795149105063136e-05,0.19242902208201892,2.505699122237113,2025-11-26,Destination growth analyst,Review destination content and campaign calendar,"Join conversion, available inventory, margin and campaign cost; run a controlled pilot",Historical forecast; analyst review required,Ranked by forecast search volume; pickup ratio is supporting evidence
1916,kilan,tehran,84,315,231,3.7712049466715704e-05,0.26666666666666666,0.5835435341649432,2025-12-04,Destination growth analyst,Review destination content and campaign calendar,"Join conversion, available inventory, margin and campaign cost; run a controlled pilot",Historical forecast; analyst review required,Ranked by forecast search volume; pickup ratio is supporting evidence
4516,bandar_charak,hormozgan,82,307,225,3.675428313105308e-05,0.2671009771986971,1.235022043722017,2025-11-22,Destination growth analyst,Review destination content and campaign calendar,"Join conversion, available inventory, margin and campaign cost; run a controlled pilot",Historical forecast; analyst review required,Ranked by forecast search volume; pickup ratio is supporting evidence
1239,nazar_abad,alborz,104,304,200,3.63951207551796e-05,0.34210526315789475,0.07754663434554485,2025-12-11,Destination growth analyst,Review destination content and campaign calendar,"Join conversion, available inventory, margin and campaign cost; run a controlled pilot",Historical forecast; analyst review required,Ranked by forecast search volume; pickup ratio is supporting evidence
8628,fereydoon_shahr,isfahan,89,303,214,3.627539996322177e-05,0.29372937293729373,0.267487816430641,2025-12-11,Destination growth analyst,Review destination content and campaign calendar,"Join conversion, available inventory, margin and campaign cost; run a controlled pilot",Historical forecast; analyst review required,Ranked by forecast search volume; pickup ratio is supporting evidence
1960,lavandevil,gilan,124,300,176,3.5916237587348287e-05,0.41333333333333333,0.37924028076435895,2025-11-27,Destination growth analyst,Review destination content and campaign calendar,"Join conversion, available inventory, margin and campaign cost; run a controlled pilot",Historical forecast; analyst review required,Ranked by forecast search volume; pickup ratio is supporting evidence
1986,ardestan,isfahan,41,294,253,3.5197912835601326e-05,0.13945578231292516,1.591412140055197,2025-11-23,Destination growth analyst,Review destination content and campaign calendar,"Join conversion, available inventory, margin and campaign cost; run a controlled pilot",Historical forecast; analyst review required,Ranked by forecast search volume; pickup ratio is supporting evidence
4933,ataghor,gilan,123,286,163,3.4240146499938704e-05,0.43006993006993005,0.5082866479452934,2025-12-11,Destination growth analyst,Review destination content and campaign calendar,"Join conversion, available inventory, margin and campaign cost; run a controlled pilot",Historical forecast; analyst review required,Ranked by forecast search volume; pickup ratio is supporting evidence
4353,jask,hormozgan,86,274,188,3.280349699644477e-05,0.31386861313868614,2.5027975744306645,2025-12-09,Destination growth analyst,Review destination content and campaign calendar,"Join conversion, available inventory, margin and campaign cost; run a controlled pilot",Historical forecast; analyst review required,Ranked by forecast search volume; pickup ratio is supporting evidence
3364,asara,alborz,32,258,226,3.088796432511953e-05,0.12403100775193798,0.7658926387528685,2025-12-18,Destination growth analyst,Review destination content and campaign calendar,"Join conversion, available inventory, margin and campaign cost; run a controlled pilot",Historical forecast; analyst review required,Ranked by forecast search volume; pickup ratio is supporting evidence
4138,zarrinshahr,isfahan,61,248,187,2.9690756405541252e-05,0.24596774193548387,0.9318833414472918,2025-12-04,Destination growth analyst,Review destination content and campaign calendar,"Join conversion, available inventory, margin and campaign cost; run a controlled pilot",Historical forecast; analyst review required,Ranked by forecast search volume; pickup ratio is supporting evidence
4247,baladeh,mazandaran,75,243,168,2.9092152445752116e-05,0.30864197530864196,0.736817452153624,2025-11-27,Destination growth analyst,Review destination content and campaign calendar,"Join conversion, available inventory, margin and campaign cost; run a controlled pilot",Historical forecast; analyst review required,Ranked by forecast search volume; pickup ratio is supporting evidence
7285,baghbahadoran,isfahan,53,242,189,2.897243165379429e-05,0.2190082644628099,1.566983646787296,2025-12-04,Destination growth analyst,Review destination content and campaign calendar,"Join conversion, available inventory, margin and campaign cost; run a controlled pilot",Historical forecast; analyst review required,Ranked by forecast search volume; pickup ratio is supporting evidence
2854,choobar,gilan,77,236,159,2.825410690204732e-05,0.326271186440678,0.5250961017790395,2025-11-26,Destination growth analyst,Review destination content and campaign calendar,"Join conversion, available inventory, margin and campaign cost; run a controlled pilot",Historical forecast; analyst review required,Ranked by forecast search volume; pickup ratio is supporting evidence
3837,badrood,isfahan,114,226,112,2.7056898982469046e-05,0.504424778761062,0.6999742547225123,2025-12-04,Destination growth analyst,Review destination content and campaign calendar,"Join conversion, available inventory, margin and campaign cost; run a controlled pilot",Historical forecast; analyst review required,Ranked by forecast search volume; pickup ratio is supporting evidence
5309,golbahar,khorasan_razavi,113,224,111,2.681745739855339e-05,0.5044642857142857,1.776574766011565,2025-12-01,Destination growth analyst,Review destination content and campaign calendar,"Join conversion, available inventory, margin and campaign cost; run a controlled pilot",Historical forecast; analyst review required,Ranked by forecast search volume; pickup ratio is supporting evidence
1054,daregaz,khorasan_razavi,57,221,164,2.6458295022679907e-05,0.2579185520361991,0.7462148618442285,2025-11-23,Destination growth analyst,Review destination content and campaign calendar,"Join conversion, available inventory, margin and campaign cost; run a controlled pilot",Historical forecast; analyst review required,Ranked by forecast search volume; pickup ratio is supporting evidence
1460,mahabad_esf,isfahan,0,215,215,2.573997027093294e-05,0.0,,2025-12-11,Destination growth analyst,Review destination content and campaign calendar,"Join conversion, available inventory, margin and campaign cost; run a controlled pilot",No observed searches: manual review,Ranked by forecast search volume; pickup ratio is supporting evidence
7613,vajargah,gilan,35,207,172,2.478220393527032e-05,0.16908212560386474,1.018697383040551,2025-12-04,Destination growth analyst,Review destination content and campaign calendar,"Join conversion, available inventory, margin and campaign cost; run a controlled pilot",Historical forecast; analyst review required,Ranked by forecast search volume; pickup ratio is supporting evidence
9508,rostamkola,mazandaran,86,203,117,2.430332076743901e-05,0.4236453201970443,0.5753137880811537,2025-11-23,Destination growth analyst,Review destination content and campaign calendar,"Join conversion, available inventory, margin and campaign cost; run a controlled pilot",Historical forecast; analyst review required,Ranked by forecast search volume; pickup ratio is supporting evidence
3478,behnamir,mazandaran,41,200,159,2.3944158391565526e-05,0.205,1.3139949274248344,2025-12-04,Destination growth analyst,Review destination content and campaign calendar,"Join conversion, available inventory, margin and campaign cost; run a controlled pilot",Historical forecast; analyst review required,Ranked by forecast search volume; pickup ratio is supporting evidence
1572,mashhadsamen,khorasan_razavi,67,196,129,2.3465275223734218e-05,0.34183673469387754,1.126293953629097,2025-11-30,Destination growth analyst,Review destination content and campaign calendar,"Join conversion, available inventory, margin and campaign cost; run a controlled pilot",Historical forecast; analyst review required,Ranked by forecast search volume; pickup ratio is supporting evidence
3870,koomleh,gilan,61,180,119,2.1549742552408975e-05,0.3388888888888889,1.398783501441561,2025-11-26,Destination growth analyst,Review destination content and campaign calendar,"Join conversion, available inventory, margin and campaign cost; run a controlled pilot",Historical forecast; analyst review required,Ranked by forecast search volume; pickup ratio is supporting evidence
1524,abu_musa,hormozgan,103,163,60,1.9514489089125905e-05,0.6319018404907976,0.5966141241447849,2025-11-25,Destination growth analyst,Review destination content and campaign calendar,"Join conversion, available inventory, margin and campaign cost; run a controlled pilot",Historical forecast; analyst review required,Ranked by forecast search volume; pickup ratio is supporting evidence
6430,chenaran,khorasan_razavi,17,163,146,1.9514489089125905e-05,0.10429447852760736,1.6709996208896896,2025-12-04,Destination growth analyst,Review destination content and campaign calendar,"Join conversion, available inventory, margin and campaign cost; run a controlled pilot",Historical forecast; analyst review required,Ranked by forecast search volume; pickup ratio is supporting evidence
4879,golestan,tehran,138,162,24,1.9394768297168077e-05,0.8518518518518519,1.0912218726784144,2025-11-23,Destination growth analyst,Review destination content and campaign calendar,"Join conversion, available inventory, margin and campaign cost; run a controlled pilot",Historical forecast; analyst review required,Ranked by forecast search volume; pickup ratio is supporting evidence
6563,sabashahr,tehran,80,161,81,1.927504750521025e-05,0.4968944099378882,1.915432584833277,2025-12-11,Destination growth analyst,Review destination content and campaign calendar,"Join conversion, available inventory, margin and campaign cost; run a controlled pilot",Historical forecast; analyst review required,Ranked by forecast search volume; pickup ratio is supporting evidence
6613,rodboneh,gilan,40,152,112,1.81975603775898e-05,0.2631578947368421,0.7210934351959573,2025-12-04,Destination growth analyst,Review destination content and campaign calendar,"Join conversion, available inventory, margin and campaign cost; run a controlled pilot",Historical forecast; analyst review required,Ranked by forecast search volume; pickup ratio is supporting evidence
7963,fariman,khorasan_razavi,60,152,92,1.81975603775898e-05,0.39473684210526316,2.500881132485667,2025-12-04,Destination growth analyst,Review destination content and campaign calendar,"Join conversion, available inventory, margin and campaign cost; run a controlled pilot",Historical forecast; analyst review required,Ranked by forecast search volume; pickup ratio is supporting evidence
9681,golsar,alborz,36,151,115,1.807783958563197e-05,0.23841059602649006,0.7810620083816945,2025-11-23,Destination growth analyst,Review destination content and campaign calendar,"Join conversion, available inventory, margin and campaign cost; run a controlled pilot",Historical forecast; analyst review required,Ranked by forecast search volume; pickup ratio is supporting evidence
7366,havigh,gilan,41,150,109,1.7958118793674143e-05,0.2733333333333333,0.5712523431101771,2025-11-27,Destination growth analyst,Review destination content and campaign calendar,"Join conversion, available inventory, margin and campaign cost; run a controlled pilot",Historical forecast; analyst review required,Ranked by forecast search volume; pickup ratio is supporting evidence
2406,nasirabad,tehran,127,144,17,1.723979404192718e-05,0.8819444444444444,2.4319857741585444,2025-11-30,Destination growth analyst,Review destination content and campaign calendar,"Join conversion, available inventory, margin and campaign cost; run a controlled pilot",Historical forecast; analyst review required,Ranked by forecast search volume; pickup ratio is supporting evidence
3456,bardeskan,khorasan_razavi,92,131,39,1.568342374647542e-05,0.7022900763358778,0.0,2025-11-22,Destination growth analyst,Review destination content and campaign calendar,"Join conversion, available inventory, margin and campaign cost; run a controlled pilot",Historical forecast; analyst review required,Ranked by forecast search volume; pickup ratio is supporting evidence
8122,looleman,gilan,24,126,102,1.5084819786686282e-05,0.19047619047619047,0.32526923862498536,2025-12-04,Destination growth analyst,Review destination content and campaign calendar,"Join conversion, available inventory, margin and campaign cost; run a controlled pilot",Historical forecast; analyst review required,Ranked by forecast search volume; pickup ratio is supporting evidence
4380,meshkindasht,alborz,19,114,95,1.3648170283192351e-05,0.16666666666666666,0.866336845178663,2025-12-18,Destination growth analyst,Review destination content and campaign calendar,"Join conversion, available inventory, margin and campaign cost; run a controlled pilot",Historical forecast; analyst review required,Ranked by forecast search volume; pickup ratio is supporting evidence
3927,falavarjan,isfahan,31,112,81,1.3408728699276695e-05,0.2767857142857143,0.8365320568738462,2025-12-15,Destination growth analyst,Review destination content and campaign calendar,"Join conversion, available inventory, margin and campaign cost; run a controlled pilot",Historical forecast; analyst review required,Ranked by forecast search volume; pickup ratio is supporting evidence
3617,sharifabad,tehran,62,110,48,1.316928711536104e-05,0.5636363636363636,2.4614719092440995,2025-12-04,Destination growth analyst,Review destination content and campaign calendar,"Join conversion, available inventory, margin and campaign cost; run a controlled pilot",Historical forecast; analyst review required,Ranked by forecast search volume; pickup ratio is supporting evidence
7280,barzok,isfahan,17,105,88,1.2570683155571902e-05,0.1619047619047619,2.417748994882643,2025-12-04,Destination growth analyst,Review destination content and campaign calendar,"Join conversion, available inventory, margin and campaign cost; run a controlled pilot",Historical forecast; analyst review required,Ranked by forecast search volume; pickup ratio is supporting evidence
3771,gorabzarmikh,gilan,14,103,89,1.2331241571656246e-05,0.13592233009708737,0.7167546369021666,2025-12-04,Destination growth analyst,Review destination content and campaign calendar,"Join conversion, available inventory, margin and campaign cost; run a controlled pilot",Historical forecast; analyst review required,Ranked by forecast search volume; pickup ratio is supporting evidence
6507,rankoh,gilan,42,99,57,1.1852358403824935e-05,0.42424242424242425,1.0451077474049255,2025-11-27,Destination growth analyst,Review destination content and campaign calendar,"Join conversion, available inventory, margin and campaign cost; run a controlled pilot",Historical forecast; analyst review required,Ranked by forecast search volume; pickup ratio is supporting evidence
6081,khaf,khorasan_razavi,14,98,84,1.1732637611867109e-05,0.14285714285714285,1.2641207148208913,2025-12-11,Destination growth analyst,Review destination content and campaign calendar,"Join conversion, available inventory, margin and campaign cost; run a controlled pilot",Historical forecast; analyst review required,Ranked by forecast search volume; pickup ratio is supporting evidence
4946,tiran,isfahan,12,96,84,1.1493196027951453e-05,0.125,2.0433878963214624,2025-12-04,Destination growth analyst,Review destination content and campaign calendar,"Join conversion, available inventory, margin and campaign cost; run a controlled pilot",Historical forecast; analyst review required,Ranked by forecast search volume; pickup ratio is supporting evidence
8428,kamalshahr,alborz,11,92,81,1.1014312860120142e-05,0.11956521739130435,0.333815077804715,2025-12-04,Destination growth analyst,Review destination content and campaign calendar,"Join conversion, available inventory, margin and campaign cost; run a controlled pilot",Historical forecast; analyst review required,Ranked by forecast search volume; pickup ratio is supporting evidence
2154,zavareh,isfahan,27,90,63,1.0774871276204488e-05,0.3,1.4487760391447326,2025-11-26,Destination growth analyst,Review destination content and campaign calendar,"Join conversion, available inventory, margin and campaign cost; run a controlled pilot",Historical forecast; analyst review required,Ranked by forecast search volume; pickup ratio is supporting evidence
9704,hasanabad_teh,tehran,32,86,54,1.0295988108373176e-05,0.37209302325581395,0.1495165892338086,2025-12-11,Destination growth analyst,Review destination content and campaign calendar,"Join conversion, available inventory, margin and campaign cost; run a controlled pilot",Historical forecast; analyst review required,Ranked by forecast search volume; pickup ratio is supporting evidence
3382,farim,mazandaran,16,80,64,9.577663356626211e-06,0.2,1.4303348869589356,2025-12-04,Destination growth analyst,Review destination content and campaign calendar,"Join conversion, available inventory, margin and campaign cost; run a controlled pilot",Historical forecast; analyst review required,Ranked by forecast search volume; pickup ratio is supporting evidence
1209,golmakan,khorasan_razavi,34,77,43,9.218500980752727e-06,0.44155844155844154,0.15007539782660934,2025-11-27,Destination growth analyst,Review destination content and campaign calendar,"Join conversion, available inventory, margin and campaign cost; run a controlled pilot",Historical forecast; analyst review required,Ranked by forecast search volume; pickup ratio is supporting evidence
1173,arjomand,tehran,12,70,58,8.380455437047934e-06,0.17142857142857143,2.10650225874356,2025-12-11,Destination growth analyst,Review destination content and campaign calendar,"Join conversion, available inventory, margin and campaign cost; run a controlled pilot",Historical forecast; analyst review required,Ranked by forecast search volume; pickup ratio is supporting evidence
4611,tous,khorasan_razavi,29,69,40,8.260734645090106e-06,0.42028985507246375,2.419562072151123,2025-12-01,Destination growth analyst,Review destination content and campaign calendar,"Join conversion, available inventory, margin and campaign cost; run a controlled pilot",Historical forecast; analyst review required,Ranked by forecast search volume; pickup ratio is supporting evidence
6553,daran,isfahan,12,69,57,8.260734645090106e-06,0.17391304347826086,2.1933291203569634,2025-12-04,Destination growth analyst,Review destination content and campaign calendar,"Join conversion, available inventory, margin and campaign cost; run a controlled pilot",Historical forecast; analyst review required,Ranked by forecast search volume; pickup ratio is supporting evidence
4125,shahedshahr,tehran,16,67,51,8.02129306117445e-06,0.23880597014925373,0.5950243470556592,2025-12-11,Destination growth analyst,Review destination content and campaign calendar,"Join conversion, available inventory, margin and campaign cost; run a controlled pilot",Historical forecast; analyst review required,Ranked by forecast search volume; pickup ratio is supporting evidence
3832,koohpayeh,isfahan,7,66,59,7.901572269216624e-06,0.10606060606060606,0.577595176064268,2025-12-04,Destination growth analyst,Review destination content and campaign calendar,"Join conversion, available inventory, margin and campaign cost; run a controlled pilot",Historical forecast; analyst review required,Ranked by forecast search volume; pickup ratio is supporting evidence
7992,dolatabad_isfahan,isfahan,31,66,35,7.901572269216624e-06,0.4696969696969697,0.0775387474783395,2025-12-11,Destination growth analyst,Review destination content and campaign calendar,"Join conversion, available inventory, margin and campaign cost; run a controlled pilot",Historical forecast; analyst review required,Ranked by forecast search volume; pickup ratio is supporting evidence
1996,shelman,gilan,6,65,59,7.781851477258797e-06,0.09230769230769231,1.9202600733598618,2025-12-04,Destination growth analyst,Review destination content and campaign calendar,"Join conversion, available inventory, margin and campaign cost; run a controlled pilot",Historical forecast; analyst review required,Ranked by forecast search volume; pickup ratio is supporting evidence
5683,dorche,isfahan,24,59,35,7.06352672551183e-06,0.4067796610169492,2.066549332075417,2025-11-26,Destination growth analyst,Review destination content and campaign calendar,"Join conversion, available inventory, margin and campaign cost; run a controlled pilot",Historical forecast; analyst review required,Ranked by forecast search volume; pickup ratio is supporting evidence
8619,goldasht,isfahan,6,54,48,6.464922765722692e-06,0.1111111111111111,0.40110154456432323,2025-12-11,Destination growth analyst,Review destination content and campaign calendar,"Join conversion, available inventory, margin and campaign cost; run a controlled pilot",Historical forecast; analyst review required,Ranked by forecast search volume; pickup ratio is supporting evidence
2168,abrisham,isfahan,23,53,30,6.345201973764865e-06,0.4339622641509434,1.1809660655659167,2025-11-23,Destination growth analyst,Review destination content and campaign calendar,"Join conversion, available inventory, margin and campaign cost; run a controlled pilot",Historical forecast; analyst review required,Ranked by forecast search volume; pickup ratio is supporting evidence
7401,vahidieh,tehran,7,49,42,5.866318805933554e-06,0.14285714285714285,0.3129101027828374,2025-12-04,Destination growth analyst,Review destination content and campaign calendar,"Join conversion, available inventory, margin and campaign cost; run a controlled pilot",Historical forecast; analyst review required,Ranked by forecast search volume; pickup ratio is supporting evidence
8789,rezvan_shahr,isfahan,0,46,46,5.507156430060071e-06,0.0,,2025-12-04,Destination growth analyst,Review destination content and campaign calendar,"Join conversion, available inventory, margin and campaign cost; run a controlled pilot",No observed searches: manual review,Ranked by forecast search volume; pickup ratio is supporting evidence
2730,eshtehard,alborz,17,44,27,5.267714846144416e-06,0.38636363636363635,1.4921868503277143,2025-12-02,Destination growth analyst,Review destination content and campaign calendar,"Join conversion, available inventory, margin and campaign cost; run a controlled pilot",Historical forecast; analyst review required,Ranked by forecast search volume; pickup ratio is supporting evidence
6235,hasanabad_esf,isfahan,33,35,2,4.190227718523967e-06,0.9428571428571428,2.225211297076138,2025-12-07,Destination growth analyst,Review destination content and campaign calendar,"Join conversion, available inventory, margin and campaign cost; run a controlled pilot",Historical forecast; analyst review required,Ranked by forecast search volume; pickup ratio is supporting evidence
7040,nooshabad,isfahan,21,34,13,4.070506926566139e-06,0.6176470588235294,0.43246810534635893,2025-12-10,Destination growth analyst,Review destination content and campaign calendar,"Join conversion, available inventory, margin and campaign cost; run a controlled pilot",Historical forecast; analyst review required,Ranked by forecast search volume; pickup ratio is supporting evidence
6179,ferdosieh,tehran,9,30,21,3.591623758734829e-06,0.3,0.5177503907407551,2025-11-27,Destination growth analyst,Review destination content and campaign calendar,"Join conversion, available inventory, margin and campaign cost; run a controlled pilot",Historical forecast; analyst review required,Ranked by forecast search volume; pickup ratio is supporting evidence
4541,ahmadsargoorab,gilan,11,25,14,2.9930197989456907e-06,0.44,1.356488953637935,2025-11-25,Destination growth analyst,Review destination content and campaign calendar,"Join conversion, available inventory, margin and campaign cost; run a controlled pilot",Historical forecast; analyst review required,Ranked by forecast search volume; pickup ratio is supporting evidence
1668,dehaqan,isfahan,0,24,24,2.8732990069878633e-06,0.0,,2025-12-04,Destination growth analyst,Review destination content and campaign calendar,"Join conversion, available inventory, margin and campaign cost; run a controlled pilot",No observed searches: manual review,Ranked by forecast search volume; pickup ratio is supporting evidence
6197,anarak,isfahan,13,16,3,1.915532671325242e-06,0.8125,1.386603515202763,2025-11-22,Destination growth analyst,Review destination content and campaign calendar,"Join conversion, available inventory, margin and campaign cost; run a controlled pilot",Historical forecast; analyst review required,Ranked by forecast search volume; pickup ratio is supporting evidence
6397,sardasht_hormozgan,hormozgan,0,14,14,1.676091087409587e-06,0.0,,2025-12-06,Destination growth analyst,Review destination content and campaign calendar,"Join conversion, available inventory, margin and campaign cost; run a controlled pilot",No observed searches: manual review,Ranked by forecast search volume; pickup ratio is supporting evidence
3351,zayanderood,isfahan,4,12,8,1.4366495034939316e-06,0.3333333333333333,0.5468601362815406,2025-12-04,Destination growth analyst,Review destination content and campaign calendar,"Join conversion, available inventory, margin and campaign cost; run a controlled pilot",Historical forecast; analyst review required,Ranked by forecast search volume; pickup ratio is supporting evidence
5410,pul,mazandaran,12,12,0,1.4366495034939316e-06,1.0,1.4024782651119798,2025-12-01,Destination growth analyst,Review destination content and campaign calendar,"Join conversion, available inventory, margin and campaign cost; run a controlled pilot",Historical forecast; analyst review required,Ranked by forecast search volume; pickup ratio is supporting evidence
5163,sorak,mazandaran,3,11,8,1.316928711536104e-06,0.2727272727272727,0.0,2025-11-22,Destination growth analyst,Review destination content and campaign calendar,"Join conversion, available inventory, margin and campaign cost; run a controlled pilot",Historical forecast; analyst review required,Ranked by forecast search volume; pickup ratio is supporting evidence
7432,mashhad_ardahal,isfahan,4,9,5,1.0774871276204487e-06,0.4444444444444444,0.6215802070846157,2025-12-18,Destination growth analyst,Review destination content and campaign calendar,"Join conversion, available inventory, margin and campaign cost; run a controlled pilot",Historical forecast; analyst review required,Ranked by forecast search volume; pickup ratio is supporting evidence
1297,alavijeh,isfahan,2,7,5,8.380455437047935e-07,0.2857142857142857,2.2639359805001242,2025-11-27,Destination growth analyst,Review destination content and campaign calendar,"Join conversion, available inventory, margin and campaign cost; run a controlled pilot",Historical forecast; analyst review required,Ranked by forecast search volume; pickup ratio is supporting evidence
6728,khoshrodpey,mazandaran,7,7,0,8.380455437047935e-07,1.0,2.193675165250912,2025-11-26,Destination growth analyst,Review destination content and campaign calendar,"Join conversion, available inventory, margin and campaign cost; run a controlled pilot",Historical forecast; analyst review required,Ranked by forecast search volume; pickup ratio is supporting evidence
7458,bazarjome,gilan,5,7,2,8.380455437047935e-07,0.7142857142857143,2.0622668360850147,2025-11-24,Destination growth analyst,Review destination content and campaign calendar,"Join conversion, available inventory, margin and campaign cost; run a controlled pilot",Historical forecast; analyst review required,Ranked by forecast search volume; pickup ratio is supporting evidence
1675,miandoroud,mazandaran,5,6,1,7.183247517469658e-07,0.8333333333333334,0.7726946391953684,2025-11-24,Destination growth analyst,Review destination content and campaign calendar,"Join conversion, available inventory, margin and campaign cost; run a controlled pilot",Historical forecast; analyst review required,Ranked by forecast search volume; pickup ratio is supporting evidence
5529,jowzdan,isfahan,4,5,1,5.986039597891382e-07,0.8,0.0,2025-12-11,Destination growth analyst,Review destination content and campaign calendar,"Join conversion, available inventory, margin and campaign cost; run a controlled pilot",Historical forecast; analyst review required,Ranked by forecast search volume; pickup ratio is supporting evidence
7599,binalood,khorasan_razavi,3,3,0,3.591623758734829e-07,1.0,2.3726224681717074,2025-11-22,Destination growth analyst,Review destination content and campaign calendar,"Join conversion, available inventory, margin and campaign cost; run a controlled pilot",Historical forecast; analyst review required,Ranked by forecast search volume; pickup ratio is supporting evidence
2668,vezvan,isfahan,2,2,0,2.3944158391565527e-07,1.0,0.0,2025-11-30,Destination growth analyst,Review destination content and campaign calendar,"Join conversion, available inventory, margin and campaign cost; run a controlled pilot",Historical forecast; analyst review required,Ranked by forecast search volume; pickup ratio is supporting evidence
4174,gatab,mazandaran,1,2,1,2.3944158391565527e-07,0.5,2.4129586095895954,2025-12-11,Destination growth analyst,Review destination content and campaign calendar,"Join conversion, available inventory, margin and campaign cost; run a controlled pilot",Historical forecast; analyst review required,Ranked by forecast search volume; pickup ratio is supporting evidence
6593,majlesi,isfahan,2,2,0,2.3944158391565527e-07,1.0,1.1874361510802274,2025-11-27,Destination growth analyst,Review destination content and campaign calendar,"Join conversion, available inventory, margin and campaign cost; run a controlled pilot",Historical forecast; analyst review required,Ranked by forecast search volume; pickup ratio is supporting evidence
1307,kelachay,mazandaran,1,1,0,1.1972079195782764e-07,1.0,0.0,2025-11-22,Destination growth analyst,Review destination content and campaign calendar,"Join conversion, available inventory, margin and campaign cost; run a controlled pilot",Historical forecast; analyst review required,Ranked by forecast search volume; pickup ratio is supporting evidence
1402,rivash,khorasan_razavi,1,1,0,1.1972079195782764e-07,1.0,2.6434028875629196,2025-11-27,Destination growth analyst,Review destination content and campaign calendar,"Join conversion, available inventory, margin and campaign cost; run a controlled pilot",Historical forecast; analyst review required,Ranked by forecast search volume; pickup ratio is supporting evidence
2992,kalebast,mazandaran,1,1,0,1.1972079195782764e-07,1.0,1.8050224602987777,2025-11-23,Destination growth analyst,Review destination content and campaign calendar,"Join conversion, available inventory, margin and campaign cost; run a controlled pilot",Historical forecast; analyst review required,Ranked by forecast search volume; pickup ratio is supporting evidence
8234,salehabad_teh,tehran,1,1,0,1.1972079195782764e-07,1.0,2.0118098993357725,2025-11-24,Destination growth analyst,Review destination content and campaign calendar,"Join conversion, available inventory, margin and campaign cost; run a controlled pilot",Historical forecast; analyst review required,Ranked by forecast search volume; pickup ratio is supporting evidence
1013,quchan,khorasan_razavi,0,0,0,0.0,0.0,,2025-11-22,Destination growth analyst,Review destination content and campaign calendar,"Join conversion, available inventory, margin and campaign cost; run a controlled pilot",No observed searches: manual review,Ranked by forecast search volume; pickup ratio is supporting evidence
1156,zargarmahaleh,mazandaran,0,0,0,0.0,0.0,,2025-11-22,Destination growth analyst,Review destination content and campaign calendar,"Join conversion, available inventory, margin and campaign cost; run a controlled pilot",No observed searches: manual review,Ranked by forecast search volume; pickup ratio is supporting evidence
1370,shahre_jadide_hashtgerd,alborz,0,0,0,0.0,0.0,,2025-11-22,Destination growth analyst,Review destination content and campaign calendar,"Join conversion, available inventory, margin and campaign cost; run a controlled pilot",No observed searches: manual review,Ranked by forecast search volume; pickup ratio is supporting evidence
1494,paein_hular,mazandaran,0,0,0,0.0,0.0,,2025-11-22,Destination growth analyst,Review destination content and campaign calendar,"Join conversion, available inventory, margin and campaign cost; run a controlled pilot",No observed searches: manual review,Ranked by forecast search volume; pickup ratio is supporting evidence
1553,kiakala,mazandaran,0,0,0,0.0,0.0,,2025-11-22,Destination growth analyst,Review destination content and campaign calendar,"Join conversion, available inventory, margin and campaign cost; run a controlled pilot",No observed searches: manual review,Ranked by forecast search volume; pickup ratio is supporting evidence
1629,kooshk,isfahan,0,0,0,0.0,0.0,,2025-11-22,Destination growth analyst,Review destination content and campaign calendar,"Join conversion, available inventory, margin and campaign cost; run a controlled pilot",No observed searches: manual review,Ranked by forecast search volume; pickup ratio is supporting evidence
1751,chamgordan,isfahan,0,0,0,0.0,0.0,,2025-11-22,Destination growth analyst,Review destination content and campaign calendar,"Join conversion, available inventory, margin and campaign cost; run a controlled pilot",No observed searches: manual review,Ranked by forecast search volume; pickup ratio is supporting evidence
1931,nikabad,isfahan,0,0,0,0.0,0.0,,2025-11-22,Destination growth analyst,Review destination content and campaign calendar,"Join conversion, available inventory, margin and campaign cost; run a controlled pilot",No observed searches: manual review,Ranked by forecast search volume; pickup ratio is supporting evidence
2108,neghab,khorasan_razavi,0,0,0,0.0,0.0,,2025-11-22,Destination growth analyst,Review destination content and campaign calendar,"Join conversion, available inventory, margin and campaign cost; run a controlled pilot",No observed searches: manual review,Ranked by forecast search volume; pickup ratio is supporting evidence
2126,gazbarkhar,isfahan,0,0,0,0.0,0.0,,2025-11-22,Destination growth analyst,Review destination content and campaign calendar,"Join conversion, available inventory, margin and campaign cost; run a controlled pilot",No observed searches: manual review,Ranked by forecast search volume; pickup ratio is supporting evidence
2136,hajjiabad_hormozgan,hormozgan,0,0,0,0.0,0.0,,2025-11-22,Destination growth analyst,Review destination content and campaign calendar,"Join conversion, available inventory, margin and campaign cost; run a controlled pilot",No observed searches: manual review,Ranked by forecast search volume; pickup ratio is supporting evidence
2302,kameh,isfahan,0,0,0,0.0,0.0,,2025-11-22,Destination growth analyst,Review destination content and campaign calendar,"Join conversion, available inventory, margin and campaign cost; run a controlled pilot",No observed searches: manual review,Ranked by forecast search volume; pickup ratio is supporting evidence
2335,kahrizsang,isfahan,0,0,0,0.0,0.0,,2025-11-22,Destination growth analyst,Review destination content and campaign calendar,"Join conversion, available inventory, margin and campaign cost; run a controlled pilot",No observed searches: manual review,Ranked by forecast search volume; pickup ratio is supporting evidence
2424,sarakhs,khorasan_razavi,0,0,0,0.0,0.0,,2025-11-22,Destination growth analyst,Review destination content and campaign calendar,"Join conversion, available inventory, margin and campaign cost; run a controlled pilot",No observed searches: manual review,Ranked by forecast search volume; pickup ratio is supporting evidence
2451,javadabad,tehran,0,0,0,0.0,0.0,,2025-11-22,Destination growth analyst,Review destination content and campaign calendar,"Join conversion, available inventory, margin and campaign cost; run a controlled pilot",No observed searches: manual review,Ranked by forecast search volume; pickup ratio is supporting evidence
2575,davarzan,khorasan_razavi,0,0,0,0.0,0.0,,2025-11-22,Destination growth analyst,Review destination content and campaign calendar,"Join conversion, available inventory, margin and campaign cost; run a controlled pilot",No observed searches: manual review,Ranked by forecast search volume; pickup ratio is supporting evidence
2894,amirkola,mazandaran,0,0,0,0.0,0.0,,2025-11-22,Destination growth analyst,Review destination content and campaign calendar,"Join conversion, available inventory, margin and campaign cost; run a controlled pilot",No observed searches: manual review,Ranked by forecast search volume; pickup ratio is supporting evidence
2908,gharchak,tehran,0,0,0,0.0,0.0,,2025-11-22,Destination growth analyst,Review destination content and campaign calendar,"Join conversion, available inventory, margin and campaign cost; run a controlled pilot",No observed searches: manual review,Ranked by forecast search volume; pickup ratio is supporting evidence
2951,sheshtamad,khorasan_razavi,0,0,0,0.0,0.0,,2025-11-22,Destination growth analyst,Review destination content and campaign calendar,"Join conversion, available inventory, margin and campaign cost; run a controlled pilot",No observed searches: manual review,Ranked by forecast search volume; pickup ratio is supporting evidence
3109,kodkan,khorasan_razavi,0,0,0,0.0,0.0,,2025-11-22,Destination growth analyst,Review destination content and campaign calendar,"Join conversion, available inventory, margin and campaign cost; run a controlled pilot",No observed searches: manual review,Ranked by forecast search volume; pickup ratio is supporting evidence
3127,loshan,gilan,0,0,0,0.0,0.0,,2025-11-22,Destination growth analyst,Review destination content and campaign calendar,"Join conversion, available inventory, margin and campaign cost; run a controlled pilot",No observed searches: manual review,Ranked by forecast search volume; pickup ratio is supporting evidence
3396,dolatabad,khorasan_razavi,0,0,0,0.0,0.0,,2025-11-22,Destination growth analyst,Review destination content and campaign calendar,"Join conversion, available inventory, margin and campaign cost; run a controlled pilot",No observed searches: manual review,Ranked by forecast search volume; pickup ratio is supporting evidence
3578,kohikheyl,mazandaran,0,0,0,0.0,0.0,,2025-11-22,Destination growth analyst,Review destination content and campaign calendar,"Join conversion, available inventory, margin and campaign cost; run a controlled pilot",No observed searches: manual review,Ranked by forecast search volume; pickup ratio is supporting evidence
3752,bika,hormozgan,0,0,0,0.0,0.0,,2025-11-22,Destination growth analyst,Review destination content and campaign calendar,"Join conversion, available inventory, margin and campaign cost; run a controlled pilot",No observed searches: manual review,Ranked by forecast search volume; pickup ratio is supporting evidence
3935,bakharz,khorasan_razavi,0,0,0,0.0,0.0,,2025-11-22,Destination growth analyst,Review destination content and campaign calendar,"Join conversion, available inventory, margin and campaign cost; run a controlled pilot",No observed searches: manual review,Ranked by forecast search volume; pickup ratio is supporting evidence
4078,kharv,khorasan_razavi,0,0,0,0.0,0.0,,2025-11-22,Destination growth analyst,Review destination content and campaign calendar,"Join conversion, available inventory, margin and campaign cost; run a controlled pilot",No observed searches: manual review,Ranked by forecast search volume; pickup ratio is supporting evidence
4396,tonkaman,alborz,0,0,0,0.0,0.0,,2025-11-22,Destination growth analyst,Review destination content and campaign calendar,"Join conversion, available inventory, margin and campaign cost; run a controlled pilot",No observed searches: manual review,Ranked by forecast search volume; pickup ratio is supporting evidence
4404,rashtkhar,khorasan_razavi,0,0,0,0.0,0.0,,2025-11-22,Destination growth analyst,Review destination content and campaign calendar,"Join conversion, available inventory, margin and campaign cost; run a controlled pilot",No observed searches: manual review,Ranked by forecast search volume; pickup ratio is supporting evidence
4684,komeshcheh,isfahan,0,0,0,0.0,0.0,,2025-11-22,Destination growth analyst,Review destination content and campaign calendar,"Join conversion, available inventory, margin and campaign cost; run a controlled pilot",No observed searches: manual review,Ranked by forecast search volume; pickup ratio is supporting evidence
4729,baghershahr,tehran,0,0,0,0.0,0.0,,2025-11-22,Destination growth analyst,Review destination content and campaign calendar,"Join conversion, available inventory, margin and campaign cost; run a controlled pilot",No observed searches: manual review,Ranked by forecast search volume; pickup ratio is supporting evidence
4797,chahardangeh,tehran,0,0,0,0.0,0.0,,2025-11-22,Destination growth analyst,Review destination content and campaign calendar,"Join conversion, available inventory, margin and campaign cost; run a controlled pilot",No observed searches: manual review,Ranked by forecast search volume; pickup ratio is supporting evidence
4994,zibashahr,isfahan,0,0,0,0.0,0.0,,2025-11-22,Destination growth analyst,Review destination content and campaign calendar,"Join conversion, available inventory, margin and campaign cost; run a controlled pilot",No observed searches: manual review,Ranked by forecast search volume; pickup ratio is supporting evidence
4998,vanak,isfahan,0,0,0,0.0,0.0,,2025-11-22,Destination growth analyst,Review destination content and campaign calendar,"Join conversion, available inventory, margin and campaign cost; run a controlled pilot",No observed searches: manual review,Ranked by forecast search volume; pickup ratio is supporting evidence
5171,shapoorabad,isfahan,0,0,0,0.0,0.0,,2025-11-22,Destination growth analyst,Review destination content and campaign calendar,"Join conversion, available inventory, margin and campaign cost; run a controlled pilot",No observed searches: manual review,Ranked by forecast search volume; pickup ratio is supporting evidence
5241,mobarakeh,isfahan,0,0,0,0.0,0.0,,2025-11-22,Destination growth analyst,Review destination content and campaign calendar,"Join conversion, available inventory, margin and campaign cost; run a controlled pilot",No observed searches: manual review,Ranked by forecast search volume; pickup ratio is supporting evidence
5303,molkabad,khorasan_razavi,0,0,0,0.0,0.0,,2025-11-22,Destination growth analyst,Review destination content and campaign calendar,"Join conversion, available inventory, margin and campaign cost; run a controlled pilot",No observed searches: manual review,Ranked by forecast search volume; pickup ratio is supporting evidence
5383,sedehlenjan,isfahan,0,0,0,0.0,0.0,,2025-11-22,Destination growth analyst,Review destination content and campaign calendar,"Join conversion, available inventory, margin and campaign cost; run a controlled pilot",No observed searches: manual review,Ranked by forecast search volume; pickup ratio is supporting evidence
5686,gazanak,mazandaran,0,0,0,0.0,0.0,,2025-11-22,Destination growth analyst,Review destination content and campaign calendar,"Join conversion, available inventory, margin and campaign cost; run a controlled pilot",No observed searches: manual review,Ranked by forecast search volume; pickup ratio is supporting evidence
5752,hemmatabad,khorasan_razavi,0,0,0,0.0,0.0,,2025-11-22,Destination growth analyst,Review destination content and campaign calendar,"Join conversion, available inventory, margin and campaign cost; run a controlled pilot",No observed searches: manual review,Ranked by forecast search volume; pickup ratio is supporting evidence
5762,taybad,khorasan_razavi,0,0,0,0.0,0.0,,2025-11-22,Destination growth analyst,Review destination content and campaign calendar,"Join conversion, available inventory, margin and campaign cost; run a controlled pilot",No observed searches: manual review,Ranked by forecast search volume; pickup ratio is supporting evidence
5799,minab,hormozgan,0,0,0,0.0,0.0,,2025-11-22,Destination growth analyst,Review destination content and campaign calendar,"Join conversion, available inventory, margin and campaign cost; run a controlled pilot",No observed searches: manual review,Ranked by forecast search volume; pickup ratio is supporting evidence
5850,baharanshahr,isfahan,0,0,0,0.0,0.0,,2025-11-22,Destination growth analyst,Review destination content and campaign calendar,"Join conversion, available inventory, margin and campaign cost; run a controlled pilot",No observed searches: manual review,Ranked by forecast search volume; pickup ratio is supporting evidence
5951,jenah,hormozgan,0,0,0,0.0,0.0,,2025-11-22,Destination growth analyst,Review destination content and campaign calendar,"Join conversion, available inventory, margin and campaign cost; run a controlled pilot",No observed searches: manual review,Ranked by forecast search volume; pickup ratio is supporting evidence
6126,habibabad,isfahan,0,0,0,0.0,0.0,,2025-11-22,Destination growth analyst,Review destination content and campaign calendar,"Join conversion, available inventory, margin and campaign cost; run a controlled pilot",No observed searches: manual review,Ranked by forecast search volume; pickup ratio is supporting evidence
6379,bejestan,khorasan_razavi,0,0,0,0.0,0.0,,2025-11-22,Destination growth analyst,Review destination content and campaign calendar,"Join conversion, available inventory, margin and campaign cost; run a controlled pilot",No observed searches: manual review,Ranked by forecast search volume; pickup ratio is supporting evidence
6473,robatsang,khorasan_razavi,0,0,0,0.0,0.0,,2025-11-22,Destination growth analyst,Review destination content and campaign calendar,"Join conversion, available inventory, margin and campaign cost; run a controlled pilot",No observed searches: manual review,Ranked by forecast search volume; pickup ratio is supporting evidence
6603,varnamkhast,isfahan,0,0,0,0.0,0.0,,2025-11-22,Destination growth analyst,Review destination content and campaign calendar,"Join conversion, available inventory, margin and campaign cost; run a controlled pilot",No observed searches: manual review,Ranked by forecast search volume; pickup ratio is supporting evidence
6692,ghadamgah,khorasan_razavi,0,0,0,0.0,0.0,,2025-11-22,Destination growth analyst,Review destination content and campaign calendar,"Join conversion, available inventory, margin and campaign cost; run a controlled pilot",No observed searches: manual review,Ranked by forecast search volume; pickup ratio is supporting evidence
6738,sargaz,hormozgan,0,0,0,0.0,0.0,,2025-11-22,Destination growth analyst,Review destination content and campaign calendar,"Join conversion, available inventory, margin and campaign cost; run a controlled pilot",No observed searches: manual review,Ranked by forecast search volume; pickup ratio is supporting evidence
6888,jandagh,isfahan,0,0,0,0.0,0.0,,2025-11-22,Destination growth analyst,Review destination content and campaign calendar,"Join conversion, available inventory, margin and campaign cost; run a controlled pilot",No observed searches: manual review,Ranked by forecast search volume; pickup ratio is supporting evidence
6912,toodeshk,isfahan,0,0,0,0.0,0.0,,2025-11-22,Destination growth analyst,Review destination content and campaign calendar,"Join conversion, available inventory, margin and campaign cost; run a controlled pilot",No observed searches: manual review,Ranked by forecast search volume; pickup ratio is supporting evidence
7029,darrood,khorasan_razavi,0,0,0,0.0,0.0,,2025-11-22,Destination growth analyst,Review destination content and campaign calendar,"Join conversion, available inventory, margin and campaign cost; run a controlled pilot",No observed searches: manual review,Ranked by forecast search volume; pickup ratio is supporting evidence
7154,pirbakran,isfahan,0,0,0,0.0,0.0,,2025-11-22,Destination growth analyst,Review destination content and campaign calendar,"Join conversion, available inventory, margin and campaign cost; run a controlled pilot",No observed searches: manual review,Ranked by forecast search volume; pickup ratio is supporting evidence
7256,kushkenar,hormozgan,0,0,0,0.0,0.0,,2025-11-22,Destination growth analyst,Review destination content and campaign calendar,"Join conversion, available inventory, margin and campaign cost; run a controlled pilot",No observed searches: manual review,Ranked by forecast search volume; pickup ratio is supporting evidence
7515,nasimshahr,tehran,0,0,0,0.0,0.0,,2025-11-22,Destination growth analyst,Review destination content and campaign calendar,"Join conversion, available inventory, margin and campaign cost; run a controlled pilot",No observed searches: manual review,Ranked by forecast search volume; pickup ratio is supporting evidence
7634,meymeh,isfahan,0,0,0,0.0,0.0,,2025-11-22,Destination growth analyst,Review destination content and campaign calendar,"Join conversion, available inventory, margin and campaign cost; run a controlled pilot",No observed searches: manual review,Ranked by forecast search volume; pickup ratio is supporting evidence
7888,khorzough,isfahan,0,0,0,0.0,0.0,,2025-11-22,Destination growth analyst,Review destination content and campaign calendar,"Join conversion, available inventory, margin and campaign cost; run a controlled pilot",No observed searches: manual review,Ranked by forecast search volume; pickup ratio is supporting evidence
8008,marjaghal,gilan,0,0,0,0.0,0.0,,2025-11-22,Destination growth analyst,Review destination content and campaign calendar,"Join conversion, available inventory, margin and campaign cost; run a controlled pilot",No observed searches: manual review,Ranked by forecast search volume; pickup ratio is supporting evidence
8143,ghahderijan,isfahan,0,0,0,0.0,0.0,,2025-11-22,Destination growth analyst,Review destination content and campaign calendar,"Join conversion, available inventory, margin and campaign cost; run a controlled pilot",No observed searches: manual review,Ranked by forecast search volume; pickup ratio is supporting evidence
8377,ghasemabad,khorasan_razavi,0,0,0,0.0,0.0,,2025-11-22,Destination growth analyst,Review destination content and campaign calendar,"Join conversion, available inventory, margin and campaign cost; run a controlled pilot",No observed searches: manual review,Ranked by forecast search volume; pickup ratio is supporting evidence
8503,dastjerd,isfahan,0,0,0,0.0,0.0,,2025-11-22,Destination growth analyst,Review destination content and campaign calendar,"Join conversion, available inventory, margin and campaign cost; run a controlled pilot",No observed searches: manual review,Ranked by forecast search volume; pickup ratio is supporting evidence
8504,pishva,tehran,0,0,0,0.0,0.0,,2025-11-22,Destination growth analyst,Review destination content and campaign calendar,"Join conversion, available inventory, margin and campaign cost; run a controlled pilot",No observed searches: manual review,Ranked by forecast search volume; pickup ratio is supporting evidence
8592,segzi,isfahan,0,0,0,0.0,0.0,,2025-11-22,Destination growth analyst,Review destination content and campaign calendar,"Join conversion, available inventory, margin and campaign cost; run a controlled pilot",No observed searches: manual review,Ranked by forecast search volume; pickup ratio is supporting evidence
8593,josheghankamo,isfahan,0,0,0,0.0,0.0,,2025-11-22,Destination growth analyst,Review destination content and campaign calendar,"Join conversion, available inventory, margin and campaign cost; run a controlled pilot",No observed searches: manual review,Ranked by forecast search volume; pickup ratio is supporting evidence
8656,mohammadabad_esf,isfahan,0,0,0,0.0,0.0,,2025-11-22,Destination growth analyst,Review destination content and campaign calendar,"Join conversion, available inventory, margin and campaign cost; run a controlled pilot",No observed searches: manual review,Ranked by forecast search volume; pickup ratio is supporting evidence
8682,sirri,hormozgan,0,0,0,0.0,0.0,,2025-11-22,Destination growth analyst,Review destination content and campaign calendar,"Join conversion, available inventory, margin and campaign cost; run a controlled pilot",No observed searches: manual review,Ranked by forecast search volume; pickup ratio is supporting evidence
8699,kahrizak,tehran,0,0,0,0.0,0.0,,2025-11-22,Destination growth analyst,Review destination content and campaign calendar,"Join conversion, available inventory, margin and campaign cost; run a controlled pilot",No observed searches: manual review,Ranked by forecast search volume; pickup ratio is supporting evidence
8728,chali,mazandaran,0,0,0,0.0,0.0,,2025-11-22,Destination growth analyst,Review destination content and campaign calendar,"Join conversion, available inventory, margin and campaign cost; run a controlled pilot",No observed searches: manual review,Ranked by forecast search volume; pickup ratio is supporting evidence
8930,khoorasgan,isfahan,0,0,0,0.0,0.0,,2025-11-22,Destination growth analyst,Review destination content and campaign calendar,"Join conversion, available inventory, margin and campaign cost; run a controlled pilot",No observed searches: manual review,Ranked by forecast search volume; pickup ratio is supporting evidence
8957,khaledabad,isfahan,0,0,0,0.0,0.0,,2025-11-22,Destination growth analyst,Review destination content and campaign calendar,"Join conversion, available inventory, margin and campaign cost; run a controlled pilot",No observed searches: manual review,Ranked by forecast search volume; pickup ratio is supporting evidence
9062,jirandeh,gilan,0,0,0,0.0,0.0,,2025-11-22,Destination growth analyst,Review destination content and campaign calendar,"Join conversion, available inventory, margin and campaign cost; run a controlled pilot",No observed searches: manual review,Ranked by forecast search volume; pickup ratio is supporting evidence
9076,torbat_e_jam,khorasan_razavi,0,0,0,0.0,0.0,,2025-11-22,Destination growth analyst,Review destination content and campaign calendar,"Join conversion, available inventory, margin and campaign cost; run a controlled pilot",No observed searches: manual review,Ranked by forecast search volume; pickup ratio is supporting evidence
9221,bandarjask,hormozgan,0,0,0,0.0,0.0,,2025-11-22,Destination growth analyst,Review destination content and campaign calendar,"Join conversion, available inventory, margin and campaign cost; run a controlled pilot",No observed searches: manual review,Ranked by forecast search volume; pickup ratio is supporting evidence
9308,salehabad_khzr,khorasan_razavi,0,0,0,0.0,0.0,,2025-11-22,Destination growth analyst,Review destination content and campaign calendar,"Join conversion, available inventory, margin and campaign cost; run a controlled pilot",No observed searches: manual review,Ranked by forecast search volume; pickup ratio is supporting evidence
9647,buin_va_miandasht,isfahan,0,0,0,0.0,0.0,,2025-11-22,Destination growth analyst,Review destination content and campaign calendar,"Join conversion, available inventory, margin and campaign cost; run a controlled pilot",No observed searches: manual review,Ranked by forecast search volume; pickup ratio is supporting evidence
9749,imanshahr,isfahan,0,0,0,0.0,0.0,,2025-11-22,Destination growth analyst,Review destination content and campaign calendar,"Join conversion, available inventory, margin and campaign cost; run a controlled pilot",No observed searches: manual review,Ranked by forecast search volume; pickup ratio is supporting evidence
9767,kong,hormozgan,0,0,0,0.0,0.0,,2025-11-22,Destination growth analyst,Review destination content and campaign calendar,"Join conversion, available inventory, margin and campaign cost; run a controlled pilot",No observed searches: manual review,Ranked by forecast search volume; pickup ratio is supporting evidence
9936,mashhadrize,khorasan_razavi,0,0,0,0.0,0.0,,2025-11-22,Destination growth analyst,Review destination content and campaign calendar,"Join conversion, available inventory, margin and campaign cost; run a controlled pilot",No observed searches: manual review,Ranked by forecast search volume; pickup ratio is supporting evidence
