cluster_code,checkin,raw_predicted_demand,calibrated_predicted_demand,calibration_delta
1011,2025-11-22,139,139,0
1011,2025-11-23,181,181,0
1011,2025-11-24,135,135,0
1011,2025-11-25,130,130,0
1011,2025-11-26,149,149,0
1011,2025-11-27,459,459,0
1011,2025-11-28,150,150,0
1011,2025-11-29,90,97,7
1011,2025-11-30,96,104,8
1011,2025-12-01,132,143,11
1011,2025-12-02,90,98,8
1011,2025-12-03,199,216,17
1011,2025-12-04,500,547,47
1011,2025-12-05,132,145,13
1011,2025-12-06,99,107,8
1011,2025-12-07,100,108,8
1011,2025-12-08,124,133,9
1011,2025-12-09,120,128,8
1011,2025-12-10,175,188,13
1011,2025-12-11,580,623,43
1011,2025-12-12,214,229,15
1011,2025-12-13,137,148,11
1011,2025-12-14,108,116,8
1011,2025-12-15,148,160,12
1011,2025-12-16,162,175,13
1011,2025-12-17,233,251,18
1011,2025-12-18,577,622,45
1011,2025-12-19,173,187,14
1011,2025-12-20,145,156,11
1011,2025-12-21,94,102,8
1013,2025-11-22,0,0,0
1013,2025-11-23,0,0,0
1013,2025-11-24,0,0,0
1013,2025-11-25,0,0,0
1013,2025-11-26,0,0,0
1013,2025-11-27,0,0,0
1013,2025-11-28,0,0,0
1013,2025-11-29,0,0,0
1013,2025-11-30,0,0,0
1013,2025-12-01,0,0,0
1013,2025-12-02,0,0,0
1013,2025-12-03,0,0,0
1013,2025-12-04,0,0,0
1013,2025-12-05,0,0,0
1013,2025-12-06,0,0,0
1013,2025-12-07,0,0,0
1013,2025-12-08,0,0,0
1013,2025-12-09,0,0,0
1013,2025-12-10,0,0,0
1013,2025-12-11,0,0,0
1013,2025-12-12,0,0,0
1013,2025-12-13,0,0,0
1013,2025-12-14,0,0,0
1013,2025-12-15,0,0,0
1013,2025-12-16,0,0,0
1013,2025-12-17,0,0,0
1013,2025-12-18,0,0,0
1013,2025-12-19,0,0,0
1013,2025-12-20,0,0,0
1013,2025-12-21,0,0,0
1053,2025-11-22,659,659,0
1053,2025-11-23,560,560,0
1053,2025-11-24,588,588,0
1053,2025-11-25,545,545,0
1053,2025-11-26,757,757,0
1053,2025-11-27,1038,1038,0
1053,2025-11-28,448,448,0
1053,2025-11-29,312,336,24
1053,2025-11-30,305,330,25
1053,2025-12-01,247,268,21
1053,2025-12-02,295,321,26
1053,2025-12-03,572,620,48
1053,2025-12-04,799,873,74
1053,2025-12-05,210,231,21
1053,2025-12-06,258,277,19
1053,2025-12-07,263,281,18
1053,2025-12-08,266,283,17
1053,2025-12-09,280,300,20
1053,2025-12-10,405,433,28
1053,2025-12-11,862,925,63
1053,2025-12-12,322,345,23
1053,2025-12-13,261,281,20
1053,2025-12-14,238,256,18
1053,2025-12-15,262,282,20
1053,2025-12-16,282,303,21
1053,2025-12-17,429,462,33
1053,2025-12-18,570,615,45
1053,2025-12-19,302,326,24
1053,2025-12-20,300,324,24
1053,2025-12-21,225,243,18
1054,2025-11-22,20,20,0
1054,2025-11-23,24,24,0
1054,2025-11-24,6,6,0
1054,2025-11-25,8,8,0
1054,2025-11-26,7,7,0
1054,2025-11-27,8,8,0
1054,2025-11-28,3,3,0
1054,2025-11-29,2,3,1
1054,2025-11-30,3,3,0
1054,2025-12-01,3,4,1
1054,2025-12-02,4,4,0
1054,2025-12-03,10,11,1
1054,2025-12-04,10,12,2
1054,2025-12-05,4,4,0
1054,2025-12-06,4,5,1
1054,2025-12-07,4,4,0
1054,2025-12-08,3,4,1
1054,2025-12-09,6,6,0
1054,2025-12-10,7,8,1
1054,2025-12-11,18,19,1
1054,2025-12-12,5,5,0
1054,2025-12-13,4,4,0
1054,2025-12-14,3,4,1
1054,2025-12-15,5,5,0
1054,2025-12-16,6,6,0
1054,2025-12-17,7,7,0
1054,2025-12-18,12,13,1
1054,2025-12-19,6,7,1
1054,2025-12-20,4,4,0
1054,2025-12-21,3,3,0
1120,2025-11-22,19,19,0
1120,2025-11-23,22,22,0
1120,2025-11-24,15,15,0
1120,2025-11-25,13,13,0
1120,2025-11-26,19,19,0
1120,2025-11-27,77,77,0
1120,2025-11-28,19,19,0
1120,2025-11-29,9,10,1
1120,2025-11-30,14,15,1
1120,2025-12-01,14,16,2
1120,2025-12-02,19,20,1
1120,2025-12-03,13,15,2
1120,2025-12-04,62,68,6
1120,2025-12-05,23,25,2
1120,2025-12-06,15,16,1
1120,2025-12-07,14,15,1
1120,2025-12-08,15,16,1
1120,2025-12-09,17,18,1
1120,2025-12-10,18,20,2
1120,2025-12-11,59,63,4
1120,2025-12-12,21,23,2
1120,2025-12-13,16,17,1
1120,2025-12-14,14,15,1
1120,2025-12-15,18,20,2
1120,2025-12-16,21,22,1
1120,2025-12-17,21,22,1
1120,2025-12-18,49,53,4
1120,2025-12-19,25,27,2
1120,2025-12-20,17,18,1
1120,2025-12-21,13,14,1
1156,2025-11-22,0,0,0
1156,2025-11-23,0,0,0
1156,2025-11-24,0,0,0
1156,2025-11-25,0,0,0
1156,2025-11-26,0,0,0
1156,2025-11-27,0,0,0
1156,2025-11-28,0,0,0
1156,2025-11-29,0,0,0
1156,2025-11-30,0,0,0
1156,2025-12-01,0,0,0
1156,2025-12-02,0,0,0
1156,2025-12-03,0,0,0
1156,2025-12-04,0,0,0
1156,2025-12-05,0,0,0
1156,2025-12-06,0,0,0
1156,2025-12-07,0,0,0
1156,2025-12-08,0,0,0
1156,2025-12-09,0,0,0
1156,2025-12-10,0,0,0
1156,2025-12-11,0,0,0
1156,2025-12-12,0,0,0
1156,2025-12-13,0,0,0
1156,2025-12-14,0,0,0
1156,2025-12-15,0,0,0
1156,2025-12-16,0,0,0
1156,2025-12-17,0,0,0
1156,2025-12-18,0,0,0
1156,2025-12-19,0,0,0
1156,2025-12-20,0,0,0
1156,2025-12-21,0,0,0
1173,2025-11-22,0,0,0
1173,2025-11-23,0,0,0
1173,2025-11-24,8,8,0
1173,2025-11-25,3,3,0
1173,2025-11-26,1,1,0
1173,2025-11-27,7,7,0
1173,2025-11-28,0,0,0
1173,2025-11-29,0,0,0
1173,2025-11-30,1,1,0
1173,2025-12-01,1,1,0
1173,2025-12-02,1,1,0
1173,2025-12-03,2,2,0
1173,2025-12-04,6,7,1
1173,2025-12-05,1,1,0
1173,2025-12-06,1,1,0
1173,2025-12-07,1,1,0
1173,2025-12-08,1,1,0
1173,2025-12-09,1,1,0
1173,2025-12-10,2,2,0
1173,2025-12-11,9,10,1
1173,2025-12-12,1,1,0
1173,2025-12-13,1,1,0
1173,2025-12-14,1,1,0
1173,2025-12-15,1,2,1
1173,2025-12-16,2,2,0
1173,2025-12-17,3,3,0
1173,2025-12-18,7,7,0
1173,2025-12-19,2,2,0
1173,2025-12-20,1,2,1
1173,2025-12-21,1,1,0
1177,2025-11-22,42,42,0
1177,2025-11-23,59,59,0
1177,2025-11-24,45,45,0
1177,2025-11-25,43,43,0
1177,2025-11-26,82,82,0
1177,2025-11-27,130,130,0
1177,2025-11-28,20,20,0
1177,2025-11-29,10,11,1
1177,2025-11-30,16,18,2
1177,2025-12-01,19,20,1
1177,2025-12-02,25,27,2
1177,2025-12-03,41,45,4
1177,2025-12-04,117,128,11
1177,2025-12-05,23,25,2
1177,2025-12-06,25,27,2
1177,2025-12-07,24,25,1
1177,2025-12-08,21,23,2
1177,2025-12-09,22,24,2
1177,2025-12-10,31,33,2
1177,2025-12-11,105,113,8
1177,2025-12-12,25,27,2
1177,2025-12-13,19,20,1
1177,2025-12-14,17,19,2
1177,2025-12-15,21,23,2
1177,2025-12-16,23,25,2
1177,2025-12-17,47,51,4
1177,2025-12-18,87,93,6
1177,2025-12-19,34,36,2
1177,2025-12-20,21,23,2
1177,2025-12-21,16,17,1
1183,2025-11-22,37183,37183,0
1183,2025-11-23,37760,37760,0
1183,2025-11-24,37313,37313,0
1183,2025-11-25,35821,35821,0
1183,2025-11-26,42184,42184,0
1183,2025-11-27,49881,49881,0
1183,2025-11-28,29268,29268,0
1183,2025-11-29,30893,32850,1957
1183,2025-11-30,30649,32612,1963
1183,2025-12-01,31982,34133,2151
1183,2025-12-02,32068,34247,2179
1183,2025-12-03,38432,41237,2805
1183,2025-12-04,52155,56268,4113
1183,2025-12-05,37345,40250,2905
1183,2025-12-06,35033,37015,1982
1183,2025-12-07,33673,35567,1894
1183,2025-12-08,36372,38490,2118
1183,2025-12-09,36788,38943,2155
1183,2025-12-10,43523,46162,2639
1183,2025-12-11,50277,53375,3098
1183,2025-12-12,35525,37678,2153
1183,2025-12-13,35572,37876,2304
1183,2025-12-14,34471,36707,2236
1183,2025-12-15,35612,37954,2342
1183,2025-12-16,35550,37895,2345
1183,2025-12-17,40190,42900,2710
1183,2025-12-18,49932,53407,3475
1183,2025-12-19,33405,35675,2270
1183,2025-12-20,33001,35239,2238
1183,2025-12-21,27286,29254,1968
1209,2025-11-22,0,0,0
1209,2025-11-23,1,1,0
1209,2025-11-24,0,0,0
1209,2025-11-25,0,0,0
1209,2025-11-26,0,0,0
1209,2025-11-27,6,6,0
1209,2025-11-28,0,0,0
1209,2025-11-29,0,0,0
1209,2025-11-30,0,0,0
1209,2025-12-01,3,3,0
1209,2025-12-02,3,3,0
1209,2025-12-03,0,0,0
1209,2025-12-04,0,0,0
1209,2025-12-05,0,0,0
1209,2025-12-06,4,5,1
1209,2025-12-07,5,5,0
1209,2025-12-08,5,5,0
1209,2025-12-09,4,5,1
1209,2025-12-10,5,5,0
1209,2025-12-11,6,6,0
1209,2025-12-12,4,4,0
1209,2025-12-13,4,4,0
1209,2025-12-14,4,4,0
1209,2025-12-15,5,5,0
1209,2025-12-16,5,5,0
1209,2025-12-17,5,5,0
1209,2025-12-18,6,6,0
1209,2025-12-19,0,0,0
1209,2025-12-20,0,0,0
1209,2025-12-21,0,0,0
1224,2025-11-22,22,22,0
1224,2025-11-23,20,20,0
1224,2025-11-24,19,19,0
1224,2025-11-25,12,12,0
1224,2025-11-26,27,27,0
1224,2025-11-27,42,42,0
1224,2025-11-28,21,21,0
1224,2025-11-29,18,20,2
1224,2025-11-30,21,23,2
1224,2025-12-01,23,25,2
1224,2025-12-02,26,28,2
1224,2025-12-03,30,31,1
1224,2025-12-04,46,49,3
1224,2025-12-05,28,30,2
1224,2025-12-06,23,25,2
1224,2025-12-07,26,28,2
1224,2025-12-08,25,27,2
1224,2025-12-09,25,27,2
1224,2025-12-10,27,29,2
1224,2025-12-11,57,61,4
1224,2025-12-12,25,27,2
1224,2025-12-13,26,28,2
1224,2025-12-14,25,27,2
1224,2025-12-15,30,32,2
1224,2025-12-16,29,31,2
1224,2025-12-17,31,33,2
1224,2025-12-18,49,53,4
1224,2025-12-19,30,32,2
1224,2025-12-20,28,30,2
1224,2025-12-21,22,23,1
1239,2025-11-22,5,5,0
1239,2025-11-23,7,7,0
1239,2025-11-24,10,10,0
1239,2025-11-25,10,10,0
1239,2025-11-26,12,12,0
1239,2025-11-27,16,16,0
1239,2025-11-28,8,8,0
1239,2025-11-29,8,9,1
1239,2025-11-30,8,9,1
1239,2025-12-01,9,10,1
1239,2025-12-02,7,8,1
1239,2025-12-03,8,8,0
1239,2025-12-04,17,19,2
1239,2025-12-05,8,9,1
1239,2025-12-06,8,8,0
1239,2025-12-07,8,8,0
1239,2025-12-08,8,8,0
1239,2025-12-09,8,9,1
1239,2025-12-10,11,12,1
1239,2025-12-11,19,20,1
1239,2025-12-12,8,9,1
1239,2025-12-13,8,9,1
1239,2025-12-14,8,8,0
1239,2025-12-15,9,10,1
1239,2025-12-16,10,10,0
1239,2025-12-17,10,10,0
1239,2025-12-18,16,17,1
1239,2025-12-19,9,9,0
1239,2025-12-20,8,9,1
1239,2025-12-21,7,8,1
1265,2025-11-22,43,43,0
1265,2025-11-23,43,43,0
1265,2025-11-24,44,44,0
1265,2025-11-25,48,48,0
1265,2025-11-26,48,48,0
1265,2025-11-27,58,58,0
1265,2025-11-28,19,19,0
1265,2025-11-29,31,34,3
1265,2025-11-30,43,46,3
1265,2025-12-01,49,52,3
1265,2025-12-02,54,57,3
1265,2025-12-03,58,61,3
1265,2025-12-04,80,85,5
1265,2025-12-05,46,48,2
1265,2025-12-06,50,53,3
1265,2025-12-07,42,44,2
1265,2025-12-08,46,49,3
1265,2025-12-09,56,58,2
1265,2025-12-10,56,59,3
1265,2025-12-11,58,61,3
1265,2025-12-12,35,37,2
1265,2025-12-13,50,53,3
1265,2025-12-14,45,47,2
1265,2025-12-15,49,52,3
1265,2025-12-16,50,54,4
1265,2025-12-17,48,51,3
1265,2025-12-18,50,53,3
1265,2025-12-19,34,36,2
1265,2025-12-20,46,49,3
1265,2025-12-21,40,42,2
1297,2025-11-22,0,0,0
1297,2025-11-23,0,0,0
1297,2025-11-24,0,0,0
1297,2025-11-25,0,0,0
1297,2025-11-26,1,1,0
1297,2025-11-27,2,2,0
1297,2025-11-28,0,0,0
1297,2025-11-29,0,0,0
1297,2025-11-30,0,0,0
1297,2025-12-01,0,0,0
1297,2025-12-02,0,0,0
1297,2025-12-03,0,0,0
1297,2025-12-04,0,0,0
1297,2025-12-05,0,0,0
1297,2025-12-06,0,0,0
1297,2025-12-07,0,0,0
1297,2025-12-08,0,0,0
1297,2025-12-09,0,0,0
1297,2025-12-10,0,0,0
1297,2025-12-11,1,1,0
1297,2025-12-12,0,0,0
1297,2025-12-13,0,0,0
1297,2025-12-14,0,0,0
1297,2025-12-15,0,0,0
1297,2025-12-16,0,1,1
1297,2025-12-17,0,1,1
1297,2025-12-18,1,1,0
1297,2025-12-19,0,0,0
1297,2025-12-20,0,0,0
1297,2025-12-21,0,0,0
1299,2025-11-22,163,163,0
1299,2025-11-23,398,398,0
1299,2025-11-24,155,155,0
1299,2025-11-25,207,207,0
1299,2025-11-26,323,323,0
1299,2025-11-27,1288,1288,0
1299,2025-11-28,198,198,0
1299,2025-11-29,186,198,12
1299,2025-11-30,194,207,13
1299,2025-12-01,201,215,14
1299,2025-12-02,164,177,13
1299,2025-12-03,369,400,31
1299,2025-12-04,921,1005,84
1299,2025-12-05,269,292,23
1299,2025-12-06,189,199,10
1299,2025-12-07,168,177,9
1299,2025-12-08,264,279,15
1299,2025-12-09,290,307,17
1299,2025-12-10,305,324,19
1299,2025-12-11,960,1028,68
1299,2025-12-12,267,285,18
1299,2025-12-13,197,210,13
1299,2025-12-14,168,179,11
1299,2025-12-15,177,190,13
1299,2025-12-16,231,247,16
1299,2025-12-17,354,380,26
1299,2025-12-18,954,1026,72
1299,2025-12-19,277,298,21
1299,2025-12-20,232,247,15
1299,2025-12-21,182,196,14
1307,2025-11-22,1,1,0
1307,2025-11-23,0,0,0
1307,2025-11-24,0,0,0
1307,2025-11-25,0,0,0
1307,2025-11-26,0,0,0
1307,2025-11-27,0,0,0
1307,2025-11-28,0,0,0
1307,2025-11-29,0,0,0
1307,2025-11-30,0,0,0
1307,2025-12-01,0,0,0
1307,2025-12-02,0,0,0
1307,2025-12-03,0,0,0
1307,2025-12-04,0,0,0
1307,2025-12-05,0,0,0
1307,2025-12-06,0,0,0
1307,2025-12-07,0,0,0
1307,2025-12-08,0,0,0
1307,2025-12-09,0,0,0
1307,2025-12-10,0,0,0
1307,2025-12-11,0,0,0
1307,2025-12-12,0,0,0
1307,2025-12-13,0,0,0
1307,2025-12-14,0,0,0
1307,2025-12-15,0,0,0
1307,2025-12-16,0,0,0
1307,2025-12-17,0,0,0
1307,2025-12-18,0,0,0
1307,2025-12-19,0,0,0
1307,2025-12-20,0,0,0
1307,2025-12-21,0,0,0
1317,2025-11-22,31,31,0
1317,2025-11-23,22,22,0
1317,2025-11-24,29,29,0
1317,2025-11-25,22,22,0
1317,2025-11-26,28,28,0
1317,2025-11-27,22,22,0
1317,2025-11-28,4,4,0
1317,2025-11-29,4,4,0
1317,2025-11-30,5,5,0
1317,2025-12-01,5,5,0
1317,2025-12-02,11,12,1
1317,2025-12-03,25,27,2
1317,2025-12-04,45,50,5
1317,2025-12-05,6,7,1
1317,2025-12-06,9,9,0
1317,2025-12-07,8,8,0
1317,2025-12-08,8,9,1
1317,2025-12-09,11,11,0
1317,2025-12-10,15,16,1
1317,2025-12-11,30,33,3
1317,2025-12-12,8,8,0
1317,2025-12-13,7,7,0
1317,2025-12-14,6,7,1
1317,2025-12-15,12,12,0
1317,2025-12-16,12,13,1
1317,2025-12-17,18,20,2
1317,2025-12-18,26,28,2
1317,2025-12-19,10,11,1
1317,2025-12-20,8,8,0
1317,2025-12-21,5,6,1
1370,2025-11-22,0,0,0
1370,2025-11-23,0,0,0
1370,2025-11-24,0,0,0
1370,2025-11-25,0,0,0
1370,2025-11-26,0,0,0
1370,2025-11-27,0,0,0
1370,2025-11-28,0,0,0
1370,2025-11-29,0,0,0
1370,2025-11-30,0,0,0
1370,2025-12-01,0,0,0
1370,2025-12-02,0,0,0
1370,2025-12-03,0,0,0
1370,2025-12-04,0,0,0
1370,2025-12-05,0,0,0
1370,2025-12-06,0,0,0
1370,2025-12-07,0,0,0
1370,2025-12-08,0,0,0
1370,2025-12-09,0,0,0
1370,2025-12-10,0,0,0
1370,2025-12-11,0,0,0
1370,2025-12-12,0,0,0
1370,2025-12-13,0,0,0
1370,2025-12-14,0,0,0
1370,2025-12-15,0,0,0
1370,2025-12-16,0,0,0
1370,2025-12-17,0,0,0
1370,2025-12-18,0,0,0
1370,2025-12-19,0,0,0
1370,2025-12-20,0,0,0
1370,2025-12-21,0,0,0
1371,2025-11-22,10,10,0
1371,2025-11-23,11,11,0
1371,2025-11-24,13,13,0
1371,2025-11-25,13,13,0
1371,2025-11-26,15,15,0
1371,2025-11-27,21,21,0
1371,2025-11-28,12,12,0
1371,2025-11-29,17,18,1
1371,2025-11-30,15,15,0
1371,2025-12-01,15,16,1
1371,2025-12-02,24,25,1
1371,2025-12-03,20,22,2
1371,2025-12-04,18,20,2
1371,2025-12-05,17,18,1
1371,2025-12-06,15,16,1
1371,2025-12-07,15,16,1
1371,2025-12-08,14,15,1
1371,2025-12-09,17,18,1
1371,2025-12-10,15,16,1
1371,2025-12-11,20,22,2
1371,2025-12-12,13,14,1
1371,2025-12-13,14,15,1
1371,2025-12-14,14,15,1
1371,2025-12-15,18,19,1
1371,2025-12-16,17,18,1
1371,2025-12-17,15,17,2
1371,2025-12-18,18,19,1
1371,2025-12-19,12,13,1
1371,2025-12-20,14,15,1
1371,2025-12-21,11,12,1
1402,2025-11-22,0,0,0
1402,2025-11-23,0,0,0
1402,2025-11-24,0,0,0
1402,2025-11-25,0,0,0
1402,2025-11-26,0,0,0
1402,2025-11-27,1,1,0
1402,2025-11-28,0,0,0
1402,2025-11-29,0,0,0
1402,2025-11-30,0,0,0
1402,2025-12-01,0,0,0
1402,2025-12-02,0,0,0
1402,2025-12-03,0,0,0
1402,2025-12-04,0,0,0
1402,2025-12-05,0,0,0
1402,2025-12-06,0,0,0
1402,2025-12-07,0,0,0
1402,2025-12-08,0,0,0
1402,2025-12-09,0,0,0
1402,2025-12-10,0,0,0
1402,2025-12-11,0,0,0
1402,2025-12-12,0,0,0
1402,2025-12-13,0,0,0
1402,2025-12-14,0,0,0
1402,2025-12-15,0,0,0
1402,2025-12-16,0,0,0
1402,2025-12-17,0,0,0
1402,2025-12-18,0,0,0
1402,2025-12-19,0,0,0
1402,2025-12-20,0,0,0
1402,2025-12-21,0,0,0
1460,2025-11-22,0,0,0
1460,2025-11-23,0,0,0
1460,2025-11-24,1,1,0
1460,2025-11-25,1,1,0
1460,2025-11-26,2,2,0
1460,2025-11-27,1,1,0
1460,2025-11-28,2,2,0
1460,2025-11-29,2,2,0
1460,2025-11-30,2,2,0
1460,2025-12-01,3,3,0
1460,2025-12-02,3,3,0
1460,2025-12-03,3,3,0
1460,2025-12-04,4,4,0
1460,2025-12-05,3,4,1
1460,2025-12-06,8,9,1
1460,2025-12-07,8,9,1
1460,2025-12-08,10,11,1
1460,2025-12-09,10,11,1
1460,2025-12-10,11,12,1
1460,2025-12-11,14,15,1
1460,2025-12-12,9,10,1
1460,2025-12-13,10,11,1
1460,2025-12-14,10,10,0
1460,2025-12-15,12,13,1
1460,2025-12-16,13,14,1
1460,2025-12-17,13,14,1
1460,2025-12-18,14,15,1
1460,2025-12-19,10,11,1
1460,2025-12-20,11,12,1
1460,2025-12-21,10,10,0
1494,2025-11-22,0,0,0
1494,2025-11-23,0,0,0
1494,2025-11-24,0,0,0
1494,2025-11-25,0,0,0
1494,2025-11-26,0,0,0
1494,2025-11-27,0,0,0
1494,2025-11-28,0,0,0
1494,2025-11-29,0,0,0
1494,2025-11-30,0,0,0
1494,2025-12-01,0,0,0
1494,2025-12-02,0,0,0
1494,2025-12-03,0,0,0
1494,2025-12-04,0,0,0
1494,2025-12-05,0,0,0
1494,2025-12-06,0,0,0
1494,2025-12-07,0,0,0
1494,2025-12-08,0,0,0
1494,2025-12-09,0,0,0
1494,2025-12-10,0,0,0
1494,2025-12-11,0,0,0
1494,2025-12-12,0,0,0
1494,2025-12-13,0,0,0
1494,2025-12-14,0,0,0
1494,2025-12-15,0,0,0
1494,2025-12-16,0,0,0
1494,2025-12-17,0,0,0
1494,2025-12-18,0,0,0
1494,2025-12-19,0,0,0
1494,2025-12-20,0,0,0
1494,2025-12-21,0,0,0
1496,2025-11-22,163,163,0
1496,2025-11-23,108,108,0
1496,2025-11-24,148,148,0
1496,2025-11-25,166,166,0
1496,2025-11-26,271,271,0
1496,2025-11-27,299,299,0
1496,2025-11-28,133,133,0
1496,2025-11-29,143,150,7
1496,2025-11-30,146,154,8
1496,2025-12-01,125,133,8
1496,2025-12-02,106,114,8
1496,2025-12-03,184,200,16
1496,2025-12-04,284,310,26
1496,2025-12-05,98,107,9
1496,2025-12-06,82,88,6
1496,2025-12-07,82,87,5
1496,2025-12-08,82,88,6
1496,2025-12-09,88,94,6
1496,2025-12-10,121,130,9
1496,2025-12-11,271,291,20
1496,2025-12-12,95,102,7
1496,2025-12-13,84,90,6
1496,2025-12-14,75,80,5
1496,2025-12-15,85,91,6
1496,2025-12-16,98,105,7
1496,2025-12-17,146,157,11
1496,2025-12-18,196,211,15
1496,2025-12-19,97,105,8
1496,2025-12-20,81,87,6
1496,2025-12-21,65,70,5
1524,2025-11-22,11,11,0
1524,2025-11-23,11,11,0
1524,2025-11-24,12,12,0
1524,2025-11-25,14,14,0
1524,2025-11-26,13,13,0
1524,2025-11-27,8,8,0
1524,2025-11-28,4,4,0
1524,2025-11-29,3,4,1
1524,2025-11-30,9,9,0
1524,2025-12-01,5,5,0
1524,2025-12-02,3,3,0
1524,2025-12-03,7,7,0
1524,2025-12-04,6,7,1
1524,2025-12-05,0,0,0
1524,2025-12-06,0,0,0
1524,2025-12-07,0,0,0
1524,2025-12-08,0,0,0
1524,2025-12-09,0,0,0
1524,2025-12-10,7,7,0
1524,2025-12-11,3,3,0
1524,2025-12-12,0,0,0
1524,2025-12-13,0,0,0
1524,2025-12-14,4,4,0
1524,2025-12-15,8,8,0
1524,2025-12-16,9,10,1
1524,2025-12-17,10,10,0
1524,2025-12-18,8,9,1
1524,2025-12-19,4,4,0
1524,2025-12-20,0,0,0
1524,2025-12-21,0,0,0
1553,2025-11-22,0,0,0
1553,2025-11-23,0,0,0
1553,2025-11-24,0,0,0
1553,2025-11-25,0,0,0
1553,2025-11-26,0,0,0
1553,2025-11-27,0,0,0
1553,2025-11-28,0,0,0
1553,2025-11-29,0,0,0
1553,2025-11-30,0,0,0
1553,2025-12-01,0,0,0
1553,2025-12-02,0,0,0
1553,2025-12-03,0,0,0
1553,2025-12-04,0,0,0
1553,2025-12-05,0,0,0
1553,2025-12-06,0,0,0
1553,2025-12-07,0,0,0
1553,2025-12-08,0,0,0
1553,2025-12-09,0,0,0
1553,2025-12-10,0,0,0
1553,2025-12-11,0,0,0
1553,2025-12-12,0,0,0
1553,2025-12-13,0,0,0
1553,2025-12-14,0,0,0
1553,2025-12-15,0,0,0
1553,2025-12-16,0,0,0
1553,2025-12-17,0,0,0
1553,2025-12-18,0,0,0
1553,2025-12-19,0,0,0
1553,2025-12-20,0,0,0
1553,2025-12-21,0,0,0
1572,2025-11-22,4,4,0
1572,2025-11-23,6,6,0
1572,2025-11-24,6,6,0
1572,2025-11-25,4,4,0
1572,2025-11-26,4,4,0
1572,2025-11-27,10,10,0
1572,2025-11-28,10,10,0
1572,2025-11-29,10,10,0
1572,2025-11-30,12,12,0
1572,2025-12-01,6,6,0
1572,2025-12-02,5,5,0
1572,2025-12-03,4,4,0
1572,2025-12-04,6,6,0
1572,2025-12-05,4,4,0
1572,2025-12-06,6,6,0
1572,2025-12-07,5,5,0
1572,2025-12-08,5,5,0
1572,2025-12-09,7,7,0
1572,2025-12-10,7,8,1
1572,2025-12-11,9,10,1
1572,2025-12-12,5,5,0
1572,2025-12-13,5,5,0
1572,2025-12-14,5,5,0
1572,2025-12-15,7,7,0
1572,2025-12-16,7,8,1
1572,2025-12-17,7,8,1
1572,2025-12-18,7,8,1
1572,2025-12-19,6,7,1
1572,2025-12-20,6,6,0
1572,2025-12-21,4,5,1
1629,2025-11-22,0,0,0
1629,2025-11-23,0,0,0
1629,2025-11-24,0,0,0
1629,2025-11-25,0,0,0
1629,2025-11-26,0,0,0
1629,2025-11-27,0,0,0
1629,2025-11-28,0,0,0
1629,2025-11-29,0,0,0
1629,2025-11-30,0,0,0
1629,2025-12-01,0,0,0
1629,2025-12-02,0,0,0
1629,2025-12-03,0,0,0
1629,2025-12-04,0,0,0
1629,2025-12-05,0,0,0
1629,2025-12-06,0,0,0
1629,2025-12-07,0,0,0
1629,2025-12-08,0,0,0
1629,2025-12-09,0,0,0
1629,2025-12-10,0,0,0
1629,2025-12-11,0,0,0
1629,2025-12-12,0,0,0
1629,2025-12-13,0,0,0
1629,2025-12-14,0,0,0
1629,2025-12-15,0,0,0
1629,2025-12-16,0,0,0
1629,2025-12-17,0,0,0
1629,2025-12-18,0,0,0
1629,2025-12-19,0,0,0
1629,2025-12-20,0,0,0
1629,2025-12-21,0,0,0
1638,2025-11-22,2924,2924,0
1638,2025-11-23,2658,2658,0
1638,2025-11-24,2140,2140,0
1638,2025-11-25,2332,2332,0
1638,2025-11-26,3529,3529,0
1638,2025-11-27,4190,4190,0
1638,2025-11-28,1437,1437,0
1638,2025-11-29,1181,1263,82
1638,2025-11-30,1307,1405,98
1638,2025-12-01,1272,1370,98
1638,2025-12-02,1242,1345,103
1638,2025-12-03,2300,2498,198
1638,2025-12-04,4466,4868,402
1638,2025-12-05,1671,1818,147
1638,2025-12-06,1325,1412,87
1638,2025-12-07,1233,1319,86
1638,2025-12-08,1240,1325,85
1638,2025-12-09,1389,1485,96
1638,2025-12-10,1964,2100,136
1638,2025-12-11,3590,3847,257
1638,2025-12-12,1478,1580,102
1638,2025-12-13,1251,1344,93
1638,2025-12-14,1126,1211,85
1638,2025-12-15,1245,1340,95
1638,2025-12-16,1454,1566,112
1638,2025-12-17,2087,2246,159
1638,2025-12-18,2695,2904,209
1638,2025-12-19,1050,1133,83
1638,2025-12-20,1142,1231,89
1638,2025-12-21,923,995,72
1668,2025-11-22,0,0,0
1668,2025-11-23,0,0,0
1668,2025-11-24,0,0,0
1668,2025-11-25,0,0,0
1668,2025-11-26,1,1,0
1668,2025-11-27,1,1,0
1668,2025-11-28,0,0,0
1668,2025-11-29,0,0,0
1668,2025-11-30,0,0,0
1668,2025-12-01,0,0,0
1668,2025-12-02,0,0,0
1668,2025-12-03,1,1,0
1668,2025-12-04,2,3,1
1668,2025-12-05,0,1,1
1668,2025-12-06,1,1,0
1668,2025-12-07,1,1,0
1668,2025-12-08,1,1,0
1668,2025-12-09,1,1,0
1668,2025-12-10,1,1,0
1668,2025-12-11,2,2,0
1668,2025-12-12,1,1,0
1668,2025-12-13,1,1,0
1668,2025-12-14,1,1,0
1668,2025-12-15,1,1,0
1668,2025-12-16,1,1,0
1668,2025-12-17,1,1,0
1668,2025-12-18,2,2,0
1668,2025-12-19,1,1,0
1668,2025-12-20,1,1,0
1668,2025-12-21,0,0,0
1675,2025-11-22,0,0,0
1675,2025-11-23,1,1,0
1675,2025-11-24,2,2,0
1675,2025-11-25,0,0,0
1675,2025-11-26,1,1,0
1675,2025-11-27,2,2,0
1675,2025-11-28,0,0,0
1675,2025-11-29,0,0,0
1675,2025-11-30,0,0,0
1675,2025-12-01,0,0,0
1675,2025-12-02,0,0,0
1675,2025-12-03,0,0,0
1675,2025-12-04,0,0,0
1675,2025-12-05,0,0,0
1675,2025-12-06,0,0,0
1675,2025-12-07,0,0,0
1675,2025-12-08,0,0,0
1675,2025-12-09,0,0,0
1675,2025-12-10,0,0,0
1675,2025-12-11,0,0,0
1675,2025-12-12,0,0,0
1675,2025-12-13,0,0,0
1675,2025-12-14,0,0,0
1675,2025-12-15,0,0,0
1675,2025-12-16,0,0,0
1675,2025-12-17,0,0,0
1675,2025-12-18,0,0,0
1675,2025-12-19,0,0,0
1675,2025-12-20,0,0,0
1675,2025-12-21,0,0,0
1751,2025-11-22,0,0,0
1751,2025-11-23,0,0,0
1751,2025-11-24,0,0,0
1751,2025-11-25,0,0,0
1751,2025-11-26,0,0,0
1751,2025-11-27,0,0,0
1751,2025-11-28,0,0,0
1751,2025-11-29,0,0,0
1751,2025-11-30,0,0,0
1751,2025-12-01,0,0,0
1751,2025-12-02,0,0,0
1751,2025-12-03,0,0,0
1751,2025-12-04,0,0,0
1751,2025-12-05,0,0,0
1751,2025-12-06,0,0,0
1751,2025-12-07,0,0,0
1751,2025-12-08,0,0,0
1751,2025-12-09,0,0,0
1751,2025-12-10,0,0,0
1751,2025-12-11,0,0,0
1751,2025-12-12,0,0,0
1751,2025-12-13,0,0,0
1751,2025-12-14,0,0,0
1751,2025-12-15,0,0,0
1751,2025-12-16,0,0,0
1751,2025-12-17,0,0,0
1751,2025-12-18,0,0,0
1751,2025-12-19,0,0,0
1751,2025-12-20,0,0,0
1751,2025-12-21,0,0,0
1782,2025-11-22,18,18,0
1782,2025-11-23,9,9,0
1782,2025-11-24,17,17,0
1782,2025-11-25,18,18,0
1782,2025-11-26,39,39,0
1782,2025-11-27,42,42,0
1782,2025-11-28,9,9,0
1782,2025-11-29,2,3,1
1782,2025-11-30,3,4,1
1782,2025-12-01,3,4,1
1782,2025-12-02,4,4,0
1782,2025-12-03,5,5,0
1782,2025-12-04,9,10,1
1782,2025-12-05,5,5,0
1782,2025-12-06,6,7,1
1782,2025-12-07,6,7,1
1782,2025-12-08,6,6,0
1782,2025-12-09,6,6,0
1782,2025-12-10,10,11,1
1782,2025-12-11,23,24,1
1782,2025-12-12,6,7,1
1782,2025-12-13,7,7,0
1782,2025-12-14,8,8,0
1782,2025-12-15,9,10,1
1782,2025-12-16,8,9,1
1782,2025-12-17,13,14,1
1782,2025-12-18,23,24,1
1782,2025-12-19,8,9,1
1782,2025-12-20,8,9,1
1782,2025-12-21,6,7,1
1859,2025-11-22,13,13,0
1859,2025-11-23,15,15,0
1859,2025-11-24,15,15,0
1859,2025-11-25,17,17,0
1859,2025-11-26,15,15,0
1859,2025-11-27,18,18,0
1859,2025-11-28,9,9,0
1859,2025-11-29,10,11,1
1859,2025-11-30,12,13,1
1859,2025-12-01,12,13,1
1859,2025-12-02,12,13,1
1859,2025-12-03,17,18,1
1859,2025-12-04,21,23,2
1859,2025-12-05,12,13,1
1859,2025-12-06,15,16,1
1859,2025-12-07,15,16,1
1859,2025-12-08,13,14,1
1859,2025-12-09,13,14,1
1859,2025-12-10,15,15,0
1859,2025-12-11,22,23,1
1859,2025-12-12,12,13,1
1859,2025-12-13,13,14,1
1859,2025-12-14,13,13,0
1859,2025-12-15,15,16,1
1859,2025-12-16,15,15,0
1859,2025-12-17,16,17,1
1859,2025-12-18,19,20,1
1859,2025-12-19,13,14,1
1859,2025-12-20,14,15,1
1859,2025-12-21,9,9,0
1895,2025-11-22,25,25,0
1895,2025-11-23,28,28,0
1895,2025-11-24,15,15,0
1895,2025-11-25,18,18,0
1895,2025-11-26,29,29,0
1895,2025-11-27,68,68,0
1895,2025-11-28,17,17,0
1895,2025-11-29,13,15,2
1895,2025-11-30,17,19,2
1895,2025-12-01,21,22,1
1895,2025-12-02,19,21,2
1895,2025-12-03,29,32,3
1895,2025-12-04,88,97,9
1895,2025-12-05,21,23,2
1895,2025-12-06,22,24,2
1895,2025-12-07,20,21,1
1895,2025-12-08,21,23,2
1895,2025-12-09,24,25,1
1895,2025-12-10,34,36,2
1895,2025-12-11,90,97,7
1895,2025-12-12,29,30,1
1895,2025-12-13,23,24,1
1895,2025-12-14,19,20,1
1895,2025-12-15,26,28,2
1895,2025-12-16,30,32,2
1895,2025-12-17,39,42,3
1895,2025-12-18,90,96,6
1895,2025-12-19,36,38,2
1895,2025-12-20,31,33,2
1895,2025-12-21,16,18,2
1916,2025-11-22,8,8,0
1916,2025-11-23,7,7,0
1916,2025-11-24,6,6,0
1916,2025-11-25,6,6,0
1916,2025-11-26,11,11,0
1916,2025-11-27,20,20,0
1916,2025-11-28,6,6,0
1916,2025-11-29,5,5,0
1916,2025-11-30,5,6,1
1916,2025-12-01,6,6,0
1916,2025-12-02,7,8,1
1916,2025-12-03,12,12,0
1916,2025-12-04,23,25,2
1916,2025-12-05,7,8,1
1916,2025-12-06,10,10,0
1916,2025-12-07,10,10,0
1916,2025-12-08,12,12,0
1916,2025-12-09,8,9,1
1916,2025-12-10,9,10,1
1916,2025-12-11,22,24,2
1916,2025-12-12,6,7,1
1916,2025-12-13,8,9,1
1916,2025-12-14,8,9,1
1916,2025-12-15,10,11,1
1916,2025-12-16,12,12,0
1916,2025-12-17,14,15,1
1916,2025-12-18,21,23,2
1916,2025-12-19,8,9,1
1916,2025-12-20,7,7,0
1916,2025-12-21,3,4,1
1931,2025-11-22,0,0,0
1931,2025-11-23,0,0,0
1931,2025-11-24,0,0,0
1931,2025-11-25,0,0,0
1931,2025-11-26,0,0,0
1931,2025-11-27,0,0,0
1931,2025-11-28,0,0,0
1931,2025-11-29,0,0,0
1931,2025-11-30,0,0,0
1931,2025-12-01,0,0,0
1931,2025-12-02,0,0,0
1931,2025-12-03,0,0,0
1931,2025-12-04,0,0,0
1931,2025-12-05,0,0,0
1931,2025-12-06,0,0,0
1931,2025-12-07,0,0,0
1931,2025-12-08,0,0,0
1931,2025-12-09,0,0,0
1931,2025-12-10,0,0,0
1931,2025-12-11,0,0,0
1931,2025-12-12,0,0,0
1931,2025-12-13,0,0,0
1931,2025-12-14,0,0,0
1931,2025-12-15,0,0,0
1931,2025-12-16,0,0,0
1931,2025-12-17,0,0,0
1931,2025-12-18,0,0,0
1931,2025-12-19,0,0,0
1931,2025-12-20,0,0,0
1931,2025-12-21,0,0,0
1960,2025-11-22,6,6,0
1960,2025-11-23,12,12,0
1960,2025-11-24,7,7,0
1960,2025-11-25,8,8,0
1960,2025-11-26,13,13,0
1960,2025-11-27,22,22,0
1960,2025-11-28,5,5,0
1960,2025-11-29,7,8,1
1960,2025-11-30,8,8,0
1960,2025-12-01,7,8,1
1960,2025-12-02,8,8,0
1960,2025-12-03,11,12,1
1960,2025-12-04,20,22,2
1960,2025-12-05,8,9,1
1960,2025-12-06,8,9,1
1960,2025-12-07,7,7,0
1960,2025-12-08,7,7,0
1960,2025-12-09,7,8,1
1960,2025-12-10,10,10,0
1960,2025-12-11,17,18,1
1960,2025-12-12,7,8,1
1960,2025-12-13,7,7,0
1960,2025-12-14,7,7,0
1960,2025-12-15,7,8,1
1960,2025-12-16,8,8,0
1960,2025-12-17,15,15,0
1960,2025-12-18,16,17,1
1960,2025-12-19,8,9,1
1960,2025-12-20,7,8,1
1960,2025-12-21,6,6,0
1986,2025-11-22,6,6,0
1986,2025-11-23,20,20,0
1986,2025-11-24,13,13,0
1986,2025-11-25,10,10,0
1986,2025-11-26,13,13,0
1986,2025-11-27,14,14,0
1986,2025-11-28,4,4,0
1986,2025-11-29,4,5,1
1986,2025-11-30,5,5,0
1986,2025-12-01,5,6,1
1986,2025-12-02,7,8,1
1986,2025-12-03,7,8,1
1986,2025-12-04,12,13,1
1986,2025-12-05,6,6,0
1986,2025-12-06,8,9,1
1986,2025-12-07,7,8,1
1986,2025-12-08,7,8,1
1986,2025-12-09,8,8,0
1986,2025-12-10,12,12,0
1986,2025-12-11,16,17,1
1986,2025-12-12,7,7,0
1986,2025-12-13,8,8,0
1986,2025-12-14,7,8,1
1986,2025-12-15,9,10,1
1986,2025-12-16,10,11,1
1986,2025-12-17,15,16,1
1986,2025-12-18,16,17,1
1986,2025-12-19,8,9,1
1986,2025-12-20,8,9,1
1986,2025-12-21,6,6,0
1996,2025-11-22,1,1,0
1996,2025-11-23,2,2,0
1996,2025-11-24,3,3,0
1996,2025-11-25,1,1,0
1996,2025-11-26,2,2,0
1996,2025-11-27,3,3,0
1996,2025-11-28,2,2,0
1996,2025-11-29,1,1,0
1996,2025-11-30,1,1,0
1996,2025-12-01,1,1,0
1996,2025-12-02,1,2,1
1996,2025-12-03,2,3,1
1996,2025-12-04,5,6,1
1996,2025-12-05,2,2,0
1996,2025-12-06,2,2,0
1996,2025-12-07,2,2,0
1996,2025-12-08,2,2,0
1996,2025-12-09,2,2,0
1996,2025-12-10,2,2,0
1996,2025-12-11,3,3,0
1996,2025-12-12,2,2,0
1996,2025-12-13,2,2,0
1996,2025-12-14,2,2,0
1996,2025-12-15,2,2,0
1996,2025-12-16,2,2,0
1996,2025-12-17,2,2,0
1996,2025-12-18,3,3,0
1996,2025-12-19,2,3,1
1996,2025-12-20,2,2,0
1996,2025-12-21,2,2,0
2028,2025-11-22,33,33,0
2028,2025-11-23,53,53,0
2028,2025-11-24,42,42,0
2028,2025-11-25,66,66,0
2028,2025-11-26,92,92,0
2028,2025-11-27,81,81,0
2028,2025-11-28,26,26,0
2028,2025-11-29,24,25,1
2028,2025-11-30,23,25,2
2028,2025-12-01,23,24,1
2028,2025-12-02,24,25,1
2028,2025-12-03,50,53,3
2028,2025-12-04,88,96,8
2028,2025-12-05,25,27,2
2028,2025-12-06,28,30,2
2028,2025-12-07,23,24,1
2028,2025-12-08,22,23,1
2028,2025-12-09,22,24,2
2028,2025-12-10,31,33,2
2028,2025-12-11,94,101,7
2028,2025-12-12,22,24,2
2028,2025-12-13,20,22,2
2028,2025-12-14,19,20,1
2028,2025-12-15,24,26,2
2028,2025-12-16,34,35,1
2028,2025-12-17,33,35,2
2028,2025-12-18,66,71,5
2028,2025-12-19,30,32,2
2028,2025-12-20,23,25,2
2028,2025-12-21,17,18,1
2099,2025-11-22,25646,25646,0
2099,2025-11-23,25144,25144,0
2099,2025-11-24,25996,25996,0
2099,2025-11-25,28009,28009,0
2099,2025-11-26,28865,28865,0
2099,2025-11-27,26636,26636,0
2099,2025-11-28,15419,15419,0
2099,2025-11-29,17121,17867,746
2099,2025-11-30,16310,17047,737
2099,2025-12-01,19349,20265,916
2099,2025-12-02,25826,26985,1159
2099,2025-12-03,37693,39460,1767
2099,2025-12-04,38976,40726,1750
2099,2025-12-05,34733,36544,1811
2099,2025-12-06,26038,27176,1138
2099,2025-12-07,22289,23396,1107
2099,2025-12-08,21260,22320,1060
2099,2025-12-09,21233,22312,1079
2099,2025-12-10,21916,23038,1122
2099,2025-12-11,23102,24331,1229
2099,2025-12-12,18598,19636,1038
2099,2025-12-13,21213,22530,1317
2099,2025-12-14,19539,20755,1216
2099,2025-12-15,21252,22592,1340
2099,2025-12-16,23698,25156,1458
2099,2025-12-17,23976,25425,1449
2099,2025-12-18,25305,26838,1533
2099,2025-12-19,22322,23750,1428
2099,2025-12-20,19541,20839,1298
2099,2025-12-21,14408,15441,1033
2101,2025-11-22,1587,1587,0
2101,2025-11-23,1429,1429,0
2101,2025-11-24,1124,1124,0
2101,2025-11-25,1154,1154,0
2101,2025-11-26,1737,1737,0
2101,2025-11-27,2219,2219,0
2101,2025-11-28,700,700,0
2101,2025-11-29,649,693,44
2101,2025-11-30,766,821,55
2101,2025-12-01,618,666,48
2101,2025-12-02,594,641,47
2101,2025-12-03,1201,1301,100
2101,2025-12-04,1996,2176,180
2101,2025-12-05,824,897,73
2101,2025-12-06,926,982,56
2101,2025-12-07,786,836,50
2101,2025-12-08,698,741,43
2101,2025-12-09,767,815,48
2101,2025-12-10,1032,1100,68
2101,2025-12-11,2017,2158,141
2101,2025-12-12,741,792,51
2101,2025-12-13,780,833,53
2101,2025-12-14,490,527,37
2101,2025-12-15,614,660,46
2101,2025-12-16,887,953,66
2101,2025-12-17,1166,1252,86
2101,2025-12-18,1641,1765,124
2101,2025-12-19,805,866,61
2101,2025-12-20,697,749,52
2101,2025-12-21,478,514,36
2108,2025-11-22,0,0,0
2108,2025-11-23,0,0,0
2108,2025-11-24,0,0,0
2108,2025-11-25,0,0,0
2108,2025-11-26,0,0,0
2108,2025-11-27,0,0,0
2108,2025-11-28,0,0,0
2108,2025-11-29,0,0,0
2108,2025-11-30,0,0,0
2108,2025-12-01,0,0,0
2108,2025-12-02,0,0,0
2108,2025-12-03,0,0,0
2108,2025-12-04,0,0,0
2108,2025-12-05,0,0,0
2108,2025-12-06,0,0,0
2108,2025-12-07,0,0,0
2108,2025-12-08,0,0,0
2108,2025-12-09,0,0,0
2108,2025-12-10,0,0,0
2108,2025-12-11,0,0,0
2108,2025-12-12,0,0,0
2108,2025-12-13,0,0,0
2108,2025-12-14,0,0,0
2108,2025-12-15,0,0,0
2108,2025-12-16,0,0,0
2108,2025-12-17,0,0,0
2108,2025-12-18,0,0,0
2108,2025-12-19,0,0,0
2108,2025-12-20,0,0,0
2108,2025-12-21,0,0,0
2126,2025-11-22,0,0,0
2126,2025-11-23,0,0,0
2126,2025-11-24,0,0,0
2126,2025-11-25,0,0,0
2126,2025-11-26,0,0,0
2126,2025-11-27,0,0,0
2126,2025-11-28,0,0,0
2126,2025-11-29,0,0,0
2126,2025-11-30,0,0,0
2126,2025-12-01,0,0,0
2126,2025-12-02,0,0,0
2126,2025-12-03,0,0,0
2126,2025-12-04,0,0,0
2126,2025-12-05,0,0,0
2126,2025-12-06,0,0,0
2126,2025-12-07,0,0,0
2126,2025-12-08,0,0,0
2126,2025-12-09,0,0,0
2126,2025-12-10,0,0,0
2126,2025-12-11,0,0,0
2126,2025-12-12,0,0,0
2126,2025-12-13,0,0,0
2126,2025-12-14,0,0,0
2126,2025-12-15,0,0,0
2126,2025-12-16,0,0,0
2126,2025-12-17,0,0,0
2126,2025-12-18,0,0,0
2126,2025-12-19,0,0,0
2126,2025-12-20,0,0,0
2126,2025-12-21,0,0,0
2136,2025-11-22,0,0,0
2136,2025-11-23,0,0,0
2136,2025-11-24,0,0,0
2136,2025-11-25,0,0,0
2136,2025-11-26,0,0,0
2136,2025-11-27,0,0,0
2136,2025-11-28,0,0,0
2136,2025-11-29,0,0,0
2136,2025-11-30,0,0,0
2136,2025-12-01,0,0,0
2136,2025-12-02,0,0,0
2136,2025-12-03,0,0,0
2136,2025-12-04,0,0,0
2136,2025-12-05,0,0,0
2136,2025-12-06,0,0,0
2136,2025-12-07,0,0,0
2136,2025-12-08,0,0,0
2136,2025-12-09,0,0,0
2136,2025-12-10,0,0,0
2136,2025-12-11,0,0,0
2136,2025-12-12,0,0,0
2136,2025-12-13,0,0,0
2136,2025-12-14,0,0,0
2136,2025-12-15,0,0,0
2136,2025-12-16,0,0,0
2136,2025-12-17,0,0,0
2136,2025-12-18,0,0,0
2136,2025-12-19,0,0,0
2136,2025-12-20,0,0,0
2136,2025-12-21,0,0,0
2154,2025-11-22,2,2,0
2154,2025-11-23,3,3,0
2154,2025-11-24,6,6,0
2154,2025-11-25,4,4,0
2154,2025-11-26,8,8,0
2154,2025-11-27,5,5,0
2154,2025-11-28,2,2,0
2154,2025-11-29,2,2,0
2154,2025-11-30,1,1,0
2154,2025-12-01,1,1,0
2154,2025-12-02,3,3,0
2154,2025-12-03,1,2,1
2154,2025-12-04,4,5,1
2154,2025-12-05,1,1,0
2154,2025-12-06,2,2,0
2154,2025-12-07,4,4,0
2154,2025-12-08,2,2,0
2154,2025-12-09,2,2,0
2154,2025-12-10,2,3,1
2154,2025-12-11,5,5,0
2154,2025-12-12,2,2,0
2154,2025-12-13,2,2,0
2154,2025-12-14,2,2,0
2154,2025-12-15,3,3,0
2154,2025-12-16,3,3,0
2154,2025-12-17,3,3,0
2154,2025-12-18,4,5,1
2154,2025-12-19,3,3,0
2154,2025-12-20,3,3,0
2154,2025-12-21,1,1,0
2168,2025-11-22,3,3,0
2168,2025-11-23,6,6,0
2168,2025-11-24,3,3,0
2168,2025-11-25,3,3,0
2168,2025-11-26,4,4,0
2168,2025-11-27,2,2,0
2168,2025-11-28,0,0,0
2168,2025-11-29,1,1,0
2168,2025-11-30,1,1,0
2168,2025-12-01,2,2,0
2168,2025-12-02,0,0,0
2168,2025-12-03,1,1,0
2168,2025-12-04,1,1,0
2168,2025-12-05,0,0,0
2168,2025-12-06,1,2,1
2168,2025-12-07,1,1,0
2168,2025-12-08,1,1,0
2168,2025-12-09,1,1,0
2168,2025-12-10,1,2,1
2168,2025-12-11,2,2,0
2168,2025-12-12,1,1,0
2168,2025-12-13,1,1,0
2168,2025-12-14,1,1,0
2168,2025-12-15,3,3,0
2168,2025-12-16,2,2,0
2168,2025-12-17,2,2,0
2168,2025-12-18,2,2,0
2168,2025-12-19,2,2,0
2168,2025-12-20,2,2,0
2168,2025-12-21,1,1,0
2195,2025-11-22,736,736,0
2195,2025-11-23,762,762,0
2195,2025-11-24,661,661,0
2195,2025-11-25,679,679,0
2195,2025-11-26,1057,1057,0
2195,2025-11-27,1393,1393,0
2195,2025-11-28,481,481,0
2195,2025-11-29,454,484,30
2195,2025-11-30,461,496,35
2195,2025-12-01,421,454,33
2195,2025-12-02,483,522,39
2195,2025-12-03,720,780,60
2195,2025-12-04,1243,1355,112
2195,2025-12-05,584,636,52
2195,2025-12-06,455,482,27
2195,2025-12-07,498,527,29
2195,2025-12-08,542,574,32
2195,2025-12-09,485,515,30
2195,2025-12-10,687,731,44
2195,2025-12-11,1220,1305,85
2195,2025-12-12,518,552,34
2195,2025-12-13,446,476,30
2195,2025-12-14,358,383,25
2195,2025-12-15,416,446,30
2195,2025-12-16,458,491,33
2195,2025-12-17,632,679,47
2195,2025-12-18,918,988,70
2195,2025-12-19,521,561,40
2195,2025-12-20,396,426,30
2195,2025-12-21,299,321,22
2302,2025-11-22,0,0,0
2302,2025-11-23,0,0,0
2302,2025-11-24,0,0,0
2302,2025-11-25,0,0,0
2302,2025-11-26,0,0,0
2302,2025-11-27,0,0,0
2302,2025-11-28,0,0,0
2302,2025-11-29,0,0,0
2302,2025-11-30,0,0,0
2302,2025-12-01,0,0,0
2302,2025-12-02,0,0,0
2302,2025-12-03,0,0,0
2302,2025-12-04,0,0,0
2302,2025-12-05,0,0,0
2302,2025-12-06,0,0,0
2302,2025-12-07,0,0,0
2302,2025-12-08,0,0,0
2302,2025-12-09,0,0,0
2302,2025-12-10,0,0,0
2302,2025-12-11,0,0,0
2302,2025-12-12,0,0,0
2302,2025-12-13,0,0,0
2302,2025-12-14,0,0,0
2302,2025-12-15,0,0,0
2302,2025-12-16,0,0,0
2302,2025-12-17,0,0,0
2302,2025-12-18,0,0,0
2302,2025-12-19,0,0,0
2302,2025-12-20,0,0,0
2302,2025-12-21,0,0,0
2335,2025-11-22,0,0,0
2335,2025-11-23,0,0,0
2335,2025-11-24,0,0,0
2335,2025-11-25,0,0,0
2335,2025-11-26,0,0,0
2335,2025-11-27,0,0,0
2335,2025-11-28,0,0,0
2335,2025-11-29,0,0,0
2335,2025-11-30,0,0,0
2335,2025-12-01,0,0,0
2335,2025-12-02,0,0,0
2335,2025-12-03,0,0,0
2335,2025-12-04,0,0,0
2335,2025-12-05,0,0,0
2335,2025-12-06,0,0,0
2335,2025-12-07,0,0,0
2335,2025-12-08,0,0,0
2335,2025-12-09,0,0,0
2335,2025-12-10,0,0,0
2335,2025-12-11,0,0,0
2335,2025-12-12,0,0,0
2335,2025-12-13,0,0,0
2335,2025-12-14,0,0,0
2335,2025-12-15,0,0,0
2335,2025-12-16,0,0,0
2335,2025-12-17,0,0,0
2335,2025-12-18,0,0,0
2335,2025-12-19,0,0,0
2335,2025-12-20,0,0,0
2335,2025-12-21,0,0,0
2337,2025-11-22,94,94,0
2337,2025-11-23,97,97,0
2337,2025-11-24,101,101,0
2337,2025-11-25,93,93,0
2337,2025-11-26,104,104,0
2337,2025-11-27,93,93,0
2337,2025-11-28,32,32,0
2337,2025-11-29,27,28,1
2337,2025-11-30,18,19,1
2337,2025-12-01,19,19,0
2337,2025-12-02,26,27,1
2337,2025-12-03,24,25,1
2337,2025-12-04,31,33,2
2337,2025-12-05,22,23,1
2337,2025-12-06,20,21,1
2337,2025-12-07,26,27,1
2337,2025-12-08,19,20,1
2337,2025-12-09,34,35,1
2337,2025-12-10,63,66,3
2337,2025-12-11,62,65,3
2337,2025-12-12,36,38,2
2337,2025-12-13,65,68,3
2337,2025-12-14,77,80,3
2337,2025-12-15,75,79,4
2337,2025-12-16,65,68,3
2337,2025-12-17,43,45,2
2337,2025-12-18,62,65,3
2337,2025-12-19,45,48,3
2337,2025-12-20,44,47,3
2337,2025-12-21,23,24,1
2363,2025-11-22,7,7,0
2363,2025-11-23,14,14,0
2363,2025-11-24,7,7,0
2363,2025-11-25,14,14,0
2363,2025-11-26,13,13,0
2363,2025-11-27,26,26,0
2363,2025-11-28,6,6,0
2363,2025-11-29,9,10,1
2363,2025-11-30,10,10,0
2363,2025-12-01,10,10,0
2363,2025-12-02,12,12,0
2363,2025-12-03,17,18,1
2363,2025-12-04,55,59,4
2363,2025-12-05,9,9,0
2363,2025-12-06,9,10,1
2363,2025-12-07,6,7,1
2363,2025-12-08,5,6,1
2363,2025-12-09,5,6,1
2363,2025-12-10,9,9,0
2363,2025-12-11,33,35,2
2363,2025-12-12,5,6,1
2363,2025-12-13,5,5,0
2363,2025-12-14,4,5,1
2363,2025-12-15,5,6,1
2363,2025-12-16,8,8,0
2363,2025-12-17,11,12,1
2363,2025-12-18,33,35,2
2363,2025-12-19,8,8,0
2363,2025-12-20,6,6,0
2363,2025-12-21,4,4,0
2406,2025-11-22,5,5,0
2406,2025-11-23,4,4,0
2406,2025-11-24,4,4,0
2406,2025-11-25,5,5,0
2406,2025-11-26,5,5,0
2406,2025-11-27,5,5,0
2406,2025-11-28,5,5,0
2406,2025-11-29,5,5,0
2406,2025-11-30,6,6,0
2406,2025-12-01,4,4,0
2406,2025-12-02,5,5,0
2406,2025-12-03,5,5,0
2406,2025-12-04,5,6,1
2406,2025-12-05,5,6,1
2406,2025-12-06,4,4,0
2406,2025-12-07,4,4,0
2406,2025-12-08,4,4,0
2406,2025-12-09,4,4,0
2406,2025-12-10,5,5,0
2406,2025-12-11,5,5,0
2406,2025-12-12,4,5,1
2406,2025-12-13,5,5,0
2406,2025-12-14,4,4,0
2406,2025-12-15,5,5,0
2406,2025-12-16,5,5,0
2406,2025-12-17,5,5,0
2406,2025-12-18,5,5,0
2406,2025-12-19,5,5,0
2406,2025-12-20,5,5,0
2406,2025-12-21,4,4,0
2423,2025-11-22,24,24,0
2423,2025-11-23,23,23,0
2423,2025-11-24,16,16,0
2423,2025-11-25,13,13,0
2423,2025-11-26,18,18,0
2423,2025-11-27,19,19,0
2423,2025-11-28,13,13,0
2423,2025-11-29,14,14,0
2423,2025-11-30,15,16,1
2423,2025-12-01,14,15,1
2423,2025-12-02,15,16,1
2423,2025-12-03,16,17,1
2423,2025-12-04,21,23,2
2423,2025-12-05,18,19,1
2423,2025-12-06,18,19,1
2423,2025-12-07,17,18,1
2423,2025-12-08,19,20,1
2423,2025-12-09,18,19,1
2423,2025-12-10,18,19,1
2423,2025-12-11,18,19,1
2423,2025-12-12,16,17,1
2423,2025-12-13,17,18,1
2423,2025-12-14,17,18,1
2423,2025-12-15,19,20,1
2423,2025-12-16,19,20,1
2423,2025-12-17,22,23,1
2423,2025-12-18,22,24,2
2423,2025-12-19,16,17,1
2423,2025-12-20,18,19,1
2423,2025-12-21,18,19,1
2424,2025-11-22,0,0,0
2424,2025-11-23,0,0,0
2424,2025-11-24,0,0,0
2424,2025-11-25,0,0,0
2424,2025-11-26,0,0,0
2424,2025-11-27,0,0,0
2424,2025-11-28,0,0,0
2424,2025-11-29,0,0,0
2424,2025-11-30,0,0,0
2424,2025-12-01,0,0,0
2424,2025-12-02,0,0,0
2424,2025-12-03,0,0,0
2424,2025-12-04,0,0,0
2424,2025-12-05,0,0,0
2424,2025-12-06,0,0,0
2424,2025-12-07,0,0,0
2424,2025-12-08,0,0,0
2424,2025-12-09,0,0,0
2424,2025-12-10,0,0,0
2424,2025-12-11,0,0,0
2424,2025-12-12,0,0,0
2424,2025-12-13,0,0,0
2424,2025-12-14,0,0,0
2424,2025-12-15,0,0,0
2424,2025-12-16,0,0,0
2424,2025-12-17,0,0,0
2424,2025-12-18,0,0,0
2424,2025-12-19,0,0,0
2424,2025-12-20,0,0,0
2424,2025-12-21,0,0,0
2451,2025-11-22,0,0,0
2451,2025-11-23,0,0,0
2451,2025-11-24,0,0,0
2451,2025-11-25,0,0,0
2451,2025-11-26,0,0,0
2451,2025-11-27,0,0,0
2451,2025-11-28,0,0,0
2451,2025-11-29,0,0,0
2451,2025-11-30,0,0,0
2451,2025-12-01,0,0,0
2451,2025-12-02,0,0,0
2451,2025-12-03,0,0,0
2451,2025-12-04,0,0,0
2451,2025-12-05,0,0,0
2451,2025-12-06,0,0,0
2451,2025-12-07,0,0,0
2451,2025-12-08,0,0,0
2451,2025-12-09,0,0,0
2451,2025-12-10,0,0,0
2451,2025-12-11,0,0,0
2451,2025-12-12,0,0,0
2451,2025-12-13,0,0,0
2451,2025-12-14,0,0,0
2451,2025-12-15,0,0,0
2451,2025-12-16,0,0,0
2451,2025-12-17,0,0,0
2451,2025-12-18,0,0,0
2451,2025-12-19,0,0,0
2451,2025-12-20,0,0,0
2451,2025-12-21,0,0,0
2483,2025-11-22,1418,1418,0
2483,2025-11-23,1418,1418,0
2483,2025-11-24,1647,1647,0
2483,2025-11-25,1757,1757,0
2483,2025-11-26,1736,1736,0
2483,2025-11-27,1400,1400,0
2483,2025-11-28,598,598,0
2483,2025-11-29,755,792,37
2483,2025-11-30,820,865,45
2483,2025-12-01,868,916,48
2483,2025-12-02,902,955,53
2483,2025-12-03,1025,1092,67
2483,2025-12-04,1047,1126,79
2483,2025-12-05,759,815,56
2483,2025-12-06,859,908,49
2483,2025-12-07,830,878,48
2483,2025-12-08,863,911,48
2483,2025-12-09,977,1031,54
2483,2025-12-10,898,948,50
2483,2025-12-11,817,869,52
2483,2025-12-12,589,625,36
2483,2025-12-13,733,780,47
2483,2025-12-14,801,849,48
2483,2025-12-15,980,1041,61
2483,2025-12-16,1060,1129,69
2483,2025-12-17,1054,1123,69
2483,2025-12-18,902,964,62
2483,2025-12-19,692,741,49
2483,2025-12-20,746,801,55
2483,2025-12-21,438,469,31
2575,2025-11-22,0,0,0
2575,2025-11-23,0,0,0
2575,2025-11-24,0,0,0
2575,2025-11-25,0,0,0
2575,2025-11-26,0,0,0
2575,2025-11-27,0,0,0
2575,2025-11-28,0,0,0
2575,2025-11-29,0,0,0
2575,2025-11-30,0,0,0
2575,2025-12-01,0,0,0
2575,2025-12-02,0,0,0
2575,2025-12-03,0,0,0
2575,2025-12-04,0,0,0
2575,2025-12-05,0,0,0
2575,2025-12-06,0,0,0
2575,2025-12-07,0,0,0
2575,2025-12-08,0,0,0
2575,2025-12-09,0,0,0
2575,2025-12-10,0,0,0
2575,2025-12-11,0,0,0
2575,2025-12-12,0,0,0
2575,2025-12-13,0,0,0
2575,2025-12-14,0,0,0
2575,2025-12-15,0,0,0
2575,2025-12-16,0,0,0
2575,2025-12-17,0,0,0
2575,2025-12-18,0,0,0
2575,2025-12-19,0,0,0
2575,2025-12-20,0,0,0
2575,2025-12-21,0,0,0
2587,2025-11-22,503,503,0
2587,2025-11-23,422,422,0
2587,2025-11-24,341,341,0
2587,2025-11-25,319,319,0
2587,2025-11-26,456,456,0
2587,2025-11-27,531,531,0
2587,2025-11-28,191,191,0
2587,2025-11-29,190,204,14
2587,2025-11-30,202,218,16
2587,2025-12-01,222,238,16
2587,2025-12-02,265,284,19
2587,2025-12-03,352,380,28
2587,2025-12-04,784,851,67
2587,2025-12-05,295,318,23
2587,2025-12-06,250,264,14
2587,2025-12-07,212,225,13
2587,2025-12-08,207,220,13
2587,2025-12-09,254,271,17
2587,2025-12-10,296,315,19
2587,2025-12-11,668,714,46
2587,2025-12-12,266,283,17
2587,2025-12-13,203,218,15
2587,2025-12-14,204,219,15
2587,2025-12-15,213,228,15
2587,2025-12-16,265,284,19
2587,2025-12-17,327,350,23
2587,2025-12-18,472,506,34
2587,2025-12-19,289,311,22
2587,2025-12-20,180,194,14
2587,2025-12-21,134,144,10
2642,2025-11-22,622,622,0
2642,2025-11-23,623,623,0
2642,2025-11-24,889,889,0
2642,2025-11-25,1008,1008,0
2642,2025-11-26,1087,1087,0
2642,2025-11-27,891,891,0
2642,2025-11-28,277,277,0
2642,2025-11-29,317,330,13
2642,2025-11-30,355,372,17
2642,2025-12-01,374,391,17
2642,2025-12-02,428,449,21
2642,2025-12-03,513,543,30
2642,2025-12-04,547,588,41
2642,2025-12-05,259,278,19
2642,2025-12-06,351,369,18
2642,2025-12-07,301,318,17
2642,2025-12-08,291,307,16
2642,2025-12-09,334,352,18
2642,2025-12-10,404,426,22
2642,2025-12-11,549,582,33
2642,2025-12-12,321,340,19
2642,2025-12-13,291,309,18
2642,2025-12-14,282,299,17
2642,2025-12-15,353,376,23
2642,2025-12-16,447,476,29
2642,2025-12-17,414,442,28
2642,2025-12-18,390,417,27
2642,2025-12-19,287,307,20
2642,2025-12-20,340,363,23
2642,2025-12-21,119,128,9
2668,2025-11-22,0,0,0
2668,2025-11-23,0,0,0
2668,2025-11-24,0,0,0
2668,2025-11-25,0,0,0
2668,2025-11-26,0,0,0
2668,2025-11-27,0,0,0
2668,2025-11-28,0,0,0
2668,2025-11-29,0,0,0
2668,2025-11-30,2,2,0
2668,2025-12-01,0,0,0
2668,2025-12-02,0,0,0
2668,2025-12-03,0,0,0
2668,2025-12-04,0,0,0
2668,2025-12-05,0,0,0
2668,2025-12-06,0,0,0
2668,2025-12-07,0,0,0
2668,2025-12-08,0,0,0
2668,2025-12-09,0,0,0
2668,2025-12-10,0,0,0
2668,2025-12-11,0,0,0
2668,2025-12-12,0,0,0
2668,2025-12-13,0,0,0
2668,2025-12-14,0,0,0
2668,2025-12-15,0,0,0
2668,2025-12-16,0,0,0
2668,2025-12-17,0,0,0
2668,2025-12-18,0,0,0
2668,2025-12-19,0,0,0
2668,2025-12-20,0,0,0
2668,2025-12-21,0,0,0
2670,2025-11-22,13,13,0
2670,2025-11-23,12,12,0
2670,2025-11-24,4,4,0
2670,2025-11-25,3,3,0
2670,2025-11-26,12,12,0
2670,2025-11-27,37,37,0
2670,2025-11-28,7,7,0
2670,2025-11-29,4,4,0
2670,2025-11-30,16,16,0
2670,2025-12-01,17,18,1
2670,2025-12-02,22,23,1
2670,2025-12-03,19,20,1
2670,2025-12-04,73,79,6
2670,2025-12-05,8,9,1
2670,2025-12-06,6,7,1
2670,2025-12-07,8,8,0
2670,2025-12-08,7,7,0
2670,2025-12-09,6,6,0
2670,2025-12-10,10,11,1
2670,2025-12-11,45,49,4
2670,2025-12-12,8,9,1
2670,2025-12-13,7,7,0
2670,2025-12-14,6,7,1
2670,2025-12-15,8,8,0
2670,2025-12-16,8,9,1
2670,2025-12-17,13,14,1
2670,2025-12-18,36,39,3
2670,2025-12-19,10,11,1
2670,2025-12-20,8,8,0
2670,2025-12-21,6,6,0
2692,2025-11-22,577,577,0
2692,2025-11-23,601,601,0
2692,2025-11-24,575,575,0
2692,2025-11-25,486,486,0
2692,2025-11-26,950,950,0
2692,2025-11-27,1183,1183,0
2692,2025-11-28,379,379,0
2692,2025-11-29,388,414,26
2692,2025-11-30,345,371,26
2692,2025-12-01,316,339,23
2692,2025-12-02,540,579,39
2692,2025-12-03,717,775,58
2692,2025-12-04,1512,1649,137
2692,2025-12-05,365,398,33
2692,2025-12-06,258,276,18
2692,2025-12-07,228,244,16
2692,2025-12-08,225,240,15
2692,2025-12-09,246,263,17
2692,2025-12-10,419,448,29
2692,2025-12-11,938,1004,66
2692,2025-12-12,317,340,23
2692,2025-12-13,292,313,21
2692,2025-12-14,282,302,20
2692,2025-12-15,319,343,24
2692,2025-12-16,350,375,25
2692,2025-12-17,572,613,41
2692,2025-12-18,717,770,53
2692,2025-12-19,381,410,29
2692,2025-12-20,312,335,23
2692,2025-12-21,218,233,15
2728,2025-11-22,208,208,0
2728,2025-11-23,176,176,0
2728,2025-11-24,198,198,0
2728,2025-11-25,196,196,0
2728,2025-11-26,210,210,0
2728,2025-11-27,172,172,0
2728,2025-11-28,69,69,0
2728,2025-11-29,109,111,2
2728,2025-11-30,101,104,3
2728,2025-12-01,104,108,4
2728,2025-12-02,123,129,6
2728,2025-12-03,98,102,4
2728,2025-12-04,81,85,4
2728,2025-12-05,43,46,3
2728,2025-12-06,110,116,6
2728,2025-12-07,113,119,6
2728,2025-12-08,143,151,8
2728,2025-12-09,153,161,8
2728,2025-12-10,139,146,7
2728,2025-12-11,107,113,6
2728,2025-12-12,85,89,4
2728,2025-12-13,95,101,6
2728,2025-12-14,85,90,5
2728,2025-12-15,103,110,7
2728,2025-12-16,145,154,9
2728,2025-12-17,152,162,10
2728,2025-12-18,172,183,11
2728,2025-12-19,150,159,9
2728,2025-12-20,106,113,7
2728,2025-12-21,27,29,2
2730,2025-11-22,1,1,0
2730,2025-11-23,1,1,0
2730,2025-11-24,3,3,0
2730,2025-11-25,3,3,0
2730,2025-11-26,3,3,0
2730,2025-11-27,4,4,0
2730,2025-11-28,3,3,0
2730,2025-11-29,3,3,0
2730,2025-11-30,3,3,0
2730,2025-12-01,3,3,0
2730,2025-12-02,4,5,1
2730,2025-12-03,4,4,0
2730,2025-12-04,4,4,0
2730,2025-12-05,0,0,0
2730,2025-12-06,0,0,0
2730,2025-12-07,0,0,0
2730,2025-12-08,4,4,0
2730,2025-12-09,0,0,0
2730,2025-12-10,0,0,0
2730,2025-12-11,0,0,0
2730,2025-12-12,0,0,0
2730,2025-12-13,0,0,0
2730,2025-12-14,0,0,0
2730,2025-12-15,0,0,0
2730,2025-12-16,0,0,0
2730,2025-12-17,0,0,0
2730,2025-12-18,0,0,0
2730,2025-12-19,0,0,0
2730,2025-12-20,0,0,0
2730,2025-12-21,0,0,0
2751,2025-11-22,21,21,0
2751,2025-11-23,19,19,0
2751,2025-11-24,16,16,0
2751,2025-11-25,24,24,0
2751,2025-11-26,27,27,0
2751,2025-11-27,33,33,0
2751,2025-11-28,12,12,0
2751,2025-11-29,10,11,1
2751,2025-11-30,13,14,1
2751,2025-12-01,13,14,1
2751,2025-12-02,14,15,1
2751,2025-12-03,22,24,2
2751,2025-12-04,53,58,5
2751,2025-12-05,16,18,2
2751,2025-12-06,14,15,1
2751,2025-12-07,14,14,0
2751,2025-12-08,12,13,1
2751,2025-12-09,12,13,1
2751,2025-12-10,17,18,1
2751,2025-12-11,41,44,3
2751,2025-12-12,15,16,1
2751,2025-12-13,14,15,1
2751,2025-12-14,13,14,1
2751,2025-12-15,15,16,1
2751,2025-12-16,16,18,2
2751,2025-12-17,20,22,2
2751,2025-12-18,34,36,2
2751,2025-12-19,17,18,1
2751,2025-12-20,14,15,1
2751,2025-12-21,10,11,1
2778,2025-11-22,3988,3988,0
2778,2025-11-23,3375,3375,0
2778,2025-11-24,3357,3357,0
2778,2025-11-25,3672,3672,0
2778,2025-11-26,5078,5078,0
2778,2025-11-27,4960,4960,0
2778,2025-11-28,2079,2079,0
2778,2025-11-29,2134,2268,134
2778,2025-11-30,2226,2377,151
2778,2025-12-01,2102,2248,146
2778,2025-12-02,2351,2523,172
2778,2025-12-03,3335,3605,270
2778,2025-12-04,5472,5950,478
2778,2025-12-05,2498,2711,213
2778,2025-12-06,1941,2058,117
2778,2025-12-07,1937,2054,117
2778,2025-12-08,1949,2066,117
2778,2025-12-09,2024,2150,126
2778,2025-12-10,3215,3426,211
2778,2025-12-11,5345,5714,369
2778,2025-12-12,2213,2360,147
2778,2025-12-13,1667,1785,118
2778,2025-12-14,1426,1530,104
2778,2025-12-15,1659,1780,121
2778,2025-12-16,2099,2252,153
2778,2025-12-17,3150,3384,234
2778,2025-12-18,4047,4348,301
2778,2025-12-19,2115,2270,155
2778,2025-12-20,1465,1572,107
2778,2025-12-21,1078,1159,81
2852,2025-11-22,28,28,0
2852,2025-11-23,23,23,0
2852,2025-11-24,22,22,0
2852,2025-11-25,18,18,0
2852,2025-11-26,14,14,0
2852,2025-11-27,24,24,0
2852,2025-11-28,7,7,0
2852,2025-11-29,23,24,1
2852,2025-11-30,17,18,1
2852,2025-12-01,18,18,0
2852,2025-12-02,6,7,1
2852,2025-12-03,10,11,1
2852,2025-12-04,23,25,2
2852,2025-12-05,7,8,1
2852,2025-12-06,9,10,1
2852,2025-12-07,8,8,0
2852,2025-12-08,7,8,1
2852,2025-12-09,8,9,1
2852,2025-12-10,15,16,1
2852,2025-12-11,26,28,2
2852,2025-12-12,7,8,1
2852,2025-12-13,7,8,1
2852,2025-12-14,7,8,1
2852,2025-12-15,9,9,0
2852,2025-12-16,11,11,0
2852,2025-12-17,16,17,1
2852,2025-12-18,21,23,2
2852,2025-12-19,10,11,1
2852,2025-12-20,8,9,1
2852,2025-12-21,4,5,1
2854,2025-11-22,17,17,0
2854,2025-11-23,14,14,0
2854,2025-11-24,8,8,0
2854,2025-11-25,14,14,0
2854,2025-11-26,19,19,0
2854,2025-11-27,17,17,0
2854,2025-11-28,6,6,0
2854,2025-11-29,7,7,0
2854,2025-11-30,8,9,1
2854,2025-12-01,6,7,1
2854,2025-12-02,3,3,0
2854,2025-12-03,5,6,1
2854,2025-12-04,13,14,1
2854,2025-12-05,4,4,0
2854,2025-12-06,5,5,0
2854,2025-12-07,4,4,0
2854,2025-12-08,3,3,0
2854,2025-12-09,4,4,0
2854,2025-12-10,5,6,1
2854,2025-12-11,16,17,1
2854,2025-12-12,6,6,0
2854,2025-12-13,6,6,0
2854,2025-12-14,3,3,0
2854,2025-12-15,3,4,1
2854,2025-12-16,4,5,1
2854,2025-12-17,6,6,0
2854,2025-12-18,10,11,1
2854,2025-12-19,4,5,1
2854,2025-12-20,3,4,1
2854,2025-12-21,2,2,0
2894,2025-11-22,0,0,0
2894,2025-11-23,0,0,0
2894,2025-11-24,0,0,0
2894,2025-11-25,0,0,0
2894,2025-11-26,0,0,0
2894,2025-11-27,0,0,0
2894,2025-11-28,0,0,0
2894,2025-11-29,0,0,0
2894,2025-11-30,0,0,0
2894,2025-12-01,0,0,0
2894,2025-12-02,0,0,0
2894,2025-12-03,0,0,0
2894,2025-12-04,0,0,0
2894,2025-12-05,0,0,0
2894,2025-12-06,0,0,0
2894,2025-12-07,0,0,0
2894,2025-12-08,0,0,0
2894,2025-12-09,0,0,0
2894,2025-12-10,0,0,0
2894,2025-12-11,0,0,0
2894,2025-12-12,0,0,0
2894,2025-12-13,0,0,0
2894,2025-12-14,0,0,0
2894,2025-12-15,0,0,0
2894,2025-12-16,0,0,0
2894,2025-12-17,0,0,0
2894,2025-12-18,0,0,0
2894,2025-12-19,0,0,0
2894,2025-12-20,0,0,0
2894,2025-12-21,0,0,0
2908,2025-11-22,0,0,0
2908,2025-11-23,0,0,0
2908,2025-11-24,0,0,0
2908,2025-11-25,0,0,0
2908,2025-11-26,0,0,0
2908,2025-11-27,0,0,0
2908,2025-11-28,0,0,0
2908,2025-11-29,0,0,0
2908,2025-11-30,0,0,0
2908,2025-12-01,0,0,0
2908,2025-12-02,0,0,0
2908,2025-12-03,0,0,0
2908,2025-12-04,0,0,0
2908,2025-12-05,0,0,0
2908,2025-12-06,0,0,0
2908,2025-12-07,0,0,0
2908,2025-12-08,0,0,0
2908,2025-12-09,0,0,0
2908,2025-12-10,0,0,0
2908,2025-12-11,0,0,0
2908,2025-12-12,0,0,0
2908,2025-12-13,0,0,0
2908,2025-12-14,0,0,0
2908,2025-12-15,0,0,0
2908,2025-12-16,0,0,0
2908,2025-12-17,0,0,0
2908,2025-12-18,0,0,0
2908,2025-12-19,0,0,0
2908,2025-12-20,0,0,0
2908,2025-12-21,0,0,0
2949,2025-11-22,2440,2440,0
2949,2025-11-23,3590,3590,0
2949,2025-11-24,2862,2862,0
2949,2025-11-25,2116,2116,0
2949,2025-11-26,2785,2785,0
2949,2025-11-27,9539,9539,0
2949,2025-11-28,2599,2599,0
2949,2025-11-29,1628,1748,120
2949,2025-11-30,1468,1585,117
2949,2025-12-01,2113,2283,170
2949,2025-12-02,2330,2521,191
2949,2025-12-03,2313,2506,193
2949,2025-12-04,9839,10671,832
2949,2025-12-05,3787,4110,323
2949,2025-12-06,2247,2390,143
2949,2025-12-07,1789,1905,116
2949,2025-12-08,2203,2345,142
2949,2025-12-09,2136,2277,141
2949,2025-12-10,2436,2600,164
2949,2025-12-11,10107,10784,677
2949,2025-12-12,3086,3296,210
2949,2025-12-13,2260,2422,162
2949,2025-12-14,1758,1889,131
2949,2025-12-15,1993,2141,148
2949,2025-12-16,2392,2566,174
2949,2025-12-17,2944,3162,218
2949,2025-12-18,11051,11852,801
2949,2025-12-19,3511,3772,261
2949,2025-12-20,2480,2665,185
2949,2025-12-21,3981,4264,283
2951,2025-11-22,0,0,0
2951,2025-11-23,0,0,0
2951,2025-11-24,0,0,0
2951,2025-11-25,0,0,0
2951,2025-11-26,0,0,0
2951,2025-11-27,0,0,0
2951,2025-11-28,0,0,0
2951,2025-11-29,0,0,0
2951,2025-11-30,0,0,0
2951,2025-12-01,0,0,0
2951,2025-12-02,0,0,0
2951,2025-12-03,0,0,0
2951,2025-12-04,0,0,0
2951,2025-12-05,0,0,0
2951,2025-12-06,0,0,0
2951,2025-12-07,0,0,0
2951,2025-12-08,0,0,0
2951,2025-12-09,0,0,0
2951,2025-12-10,0,0,0
2951,2025-12-11,0,0,0
2951,2025-12-12,0,0,0
2951,2025-12-13,0,0,0
2951,2025-12-14,0,0,0
2951,2025-12-15,0,0,0
2951,2025-12-16,0,0,0
2951,2025-12-17,0,0,0
2951,2025-12-18,0,0,0
2951,2025-12-19,0,0,0
2951,2025-12-20,0,0,0
2951,2025-12-21,0,0,0
2969,2025-11-22,89,89,0
2969,2025-11-23,121,121,0
2969,2025-11-24,104,104,0
2969,2025-11-25,85,85,0
2969,2025-11-26,133,133,0
2969,2025-11-27,286,286,0
2969,2025-11-28,121,121,0
2969,2025-11-29,96,102,6
2969,2025-11-30,92,98,6
2969,2025-12-01,114,122,8
2969,2025-12-02,122,131,9
2969,2025-12-03,93,101,8
2969,2025-12-04,201,219,18
2969,2025-12-05,131,141,10
2969,2025-12-06,79,84,5
2969,2025-12-07,90,96,6
2969,2025-12-08,89,95,6
2969,2025-12-09,93,100,7
2969,2025-12-10,114,121,7
2969,2025-12-11,231,248,17
2969,2025-12-12,121,130,9
2969,2025-12-13,96,103,7
2969,2025-12-14,100,107,7
2969,2025-12-15,113,121,8
2969,2025-12-16,120,129,9
2969,2025-12-17,142,152,10
2969,2025-12-18,302,323,21
2969,2025-12-19,139,149,10
2969,2025-12-20,111,119,8
2969,2025-12-21,96,103,7
2992,2025-11-22,0,0,0
2992,2025-11-23,1,1,0
2992,2025-11-24,0,0,0
2992,2025-11-25,0,0,0
2992,2025-11-26,0,0,0
2992,2025-11-27,0,0,0
2992,2025-11-28,0,0,0
2992,2025-11-29,0,0,0
2992,2025-11-30,0,0,0
2992,2025-12-01,0,0,0
2992,2025-12-02,0,0,0
2992,2025-12-03,0,0,0
2992,2025-12-04,0,0,0
2992,2025-12-05,0,0,0
2992,2025-12-06,0,0,0
2992,2025-12-07,0,0,0
2992,2025-12-08,0,0,0
2992,2025-12-09,0,0,0
2992,2025-12-10,0,0,0
2992,2025-12-11,0,0,0
2992,2025-12-12,0,0,0
2992,2025-12-13,0,0,0
2992,2025-12-14,0,0,0
2992,2025-12-15,0,0,0
2992,2025-12-16,0,0,0
2992,2025-12-17,0,0,0
2992,2025-12-18,0,0,0
2992,2025-12-19,0,0,0
2992,2025-12-20,0,0,0
2992,2025-12-21,0,0,0
3042,2025-11-22,63,63,0
3042,2025-11-23,62,62,0
3042,2025-11-24,31,31,0
3042,2025-11-25,28,28,0
3042,2025-11-26,42,42,0
3042,2025-11-27,125,125,0
3042,2025-11-28,26,26,0
3042,2025-11-29,26,27,1
3042,2025-11-30,27,29,2
3042,2025-12-01,25,27,2
3042,2025-12-02,35,38,3
3042,2025-12-03,43,46,3
3042,2025-12-04,109,119,10
3042,2025-12-05,32,35,3
3042,2025-12-06,37,39,2
3042,2025-12-07,34,36,2
3042,2025-12-08,36,39,3
3042,2025-12-09,36,38,2
3042,2025-12-10,74,79,5
3042,2025-12-11,117,125,8
3042,2025-12-12,42,45,3
3042,2025-12-13,43,46,3
3042,2025-12-14,38,41,3
3042,2025-12-15,47,50,3
3042,2025-12-16,52,55,3
3042,2025-12-17,70,75,5
3042,2025-12-18,140,151,11
3042,2025-12-19,45,49,4
3042,2025-12-20,52,56,4
3042,2025-12-21,31,33,2
3109,2025-11-22,0,0,0
3109,2025-11-23,0,0,0
3109,2025-11-24,0,0,0
3109,2025-11-25,0,0,0
3109,2025-11-26,0,0,0
3109,2025-11-27,0,0,0
3109,2025-11-28,0,0,0
3109,2025-11-29,0,0,0
3109,2025-11-30,0,0,0
3109,2025-12-01,0,0,0
3109,2025-12-02,0,0,0
3109,2025-12-03,0,0,0
3109,2025-12-04,0,0,0
3109,2025-12-05,0,0,0
3109,2025-12-06,0,0,0
3109,2025-12-07,0,0,0
3109,2025-12-08,0,0,0
3109,2025-12-09,0,0,0
3109,2025-12-10,0,0,0
3109,2025-12-11,0,0,0
3109,2025-12-12,0,0,0
3109,2025-12-13,0,0,0
3109,2025-12-14,0,0,0
3109,2025-12-15,0,0,0
3109,2025-12-16,0,0,0
3109,2025-12-17,0,0,0
3109,2025-12-18,0,0,0
3109,2025-12-19,0,0,0
3109,2025-12-20,0,0,0
3109,2025-12-21,0,0,0
3124,2025-11-22,514,514,0
3124,2025-11-23,458,458,0
3124,2025-11-24,302,302,0
3124,2025-11-25,352,352,0
3124,2025-11-26,528,528,0
3124,2025-11-27,537,537,0
3124,2025-11-28,211,211,0
3124,2025-11-29,142,150,8
3124,2025-11-30,158,168,10
3124,2025-12-01,180,191,11
3124,2025-12-02,229,243,14
3124,2025-12-03,359,385,26
3124,2025-12-04,682,740,58
3124,2025-12-05,240,259,19
3124,2025-12-06,189,200,11
3124,2025-12-07,133,142,9
3124,2025-12-08,132,140,8
3124,2025-12-09,144,153,9
3124,2025-12-10,202,215,13
3124,2025-12-11,479,513,34
3124,2025-12-12,145,155,10
3124,2025-12-13,108,116,8
3124,2025-12-14,129,138,9
3124,2025-12-15,152,163,11
3124,2025-12-16,168,180,12
3124,2025-12-17,233,249,16
3124,2025-12-18,337,361,24
3124,2025-12-19,140,151,11
3124,2025-12-20,112,120,8
3124,2025-12-21,93,99,6
3127,2025-11-22,0,0,0
3127,2025-11-23,0,0,0
3127,2025-11-24,0,0,0
3127,2025-11-25,0,0,0
3127,2025-11-26,0,0,0
3127,2025-11-27,0,0,0
3127,2025-11-28,0,0,0
3127,2025-11-29,0,0,0
3127,2025-11-30,0,0,0
3127,2025-12-01,0,0,0
3127,2025-12-02,0,0,0
3127,2025-12-03,0,0,0
3127,2025-12-04,0,0,0
3127,2025-12-05,0,0,0
3127,2025-12-06,0,0,0
3127,2025-12-07,0,0,0
3127,2025-12-08,0,0,0
3127,2025-12-09,0,0,0
3127,2025-12-10,0,0,0
3127,2025-12-11,0,0,0
3127,2025-12-12,0,0,0
3127,2025-12-13,0,0,0
3127,2025-12-14,0,0,0
3127,2025-12-15,0,0,0
3127,2025-12-16,0,0,0
3127,2025-12-17,0,0,0
3127,2025-12-18,0,0,0
3127,2025-12-19,0,0,0
3127,2025-12-20,0,0,0
3127,2025-12-21,0,0,0
3140,2025-11-22,111,111,0
3140,2025-11-23,155,155,0
3140,2025-11-24,107,107,0
3140,2025-11-25,75,75,0
3140,2025-11-26,139,139,0
3140,2025-11-27,392,392,0
3140,2025-11-28,112,112,0
3140,2025-11-29,36,40,4
3140,2025-11-30,52,56,4
3140,2025-12-01,66,71,5
3140,2025-12-02,69,74,5
3140,2025-12-03,105,114,9
3140,2025-12-04,446,489,43
3140,2025-12-05,137,150,13
3140,2025-12-06,77,83,6
3140,2025-12-07,74,80,6
3140,2025-12-08,82,87,5
3140,2025-12-09,87,93,6
3140,2025-12-10,169,180,11
3140,2025-12-11,543,583,40
3140,2025-12-12,132,142,10
3140,2025-12-13,86,93,7
3140,2025-12-14,76,82,6
3140,2025-12-15,106,114,8
3140,2025-12-16,129,138,9
3140,2025-12-17,196,210,14
3140,2025-12-18,522,562,40
3140,2025-12-19,176,190,14
3140,2025-12-20,104,111,7
3140,2025-12-21,76,82,6
3217,2025-11-22,62,62,0
3217,2025-11-23,87,87,0
3217,2025-11-24,94,94,0
3217,2025-11-25,79,79,0
3217,2025-11-26,89,89,0
3217,2025-11-27,293,293,0
3217,2025-11-28,80,80,0
3217,2025-11-29,62,67,5
3217,2025-11-30,63,68,5
3217,2025-12-01,69,75,6
3217,2025-12-02,53,58,5
3217,2025-12-03,81,89,8
3217,2025-12-04,311,339,28
3217,2025-12-05,112,122,10
3217,2025-12-06,76,81,5
3217,2025-12-07,69,74,5
3217,2025-12-08,72,77,5
3217,2025-12-09,81,86,5
3217,2025-12-10,90,96,6
3217,2025-12-11,339,363,24
3217,2025-12-12,108,116,8
3217,2025-12-13,66,71,5
3217,2025-12-14,63,68,5
3217,2025-12-15,79,85,6
3217,2025-12-16,93,100,7
3217,2025-12-17,100,108,8
3217,2025-12-18,321,346,25
3217,2025-12-19,149,160,11
3217,2025-12-20,85,91,6
3217,2025-12-21,56,60,4
3312,2025-11-22,51,51,0
3312,2025-11-23,64,64,0
3312,2025-11-24,51,51,0
3312,2025-11-25,44,44,0
3312,2025-11-26,55,55,0
3312,2025-11-27,75,75,0
3312,2025-11-28,42,42,0
3312,2025-11-29,39,42,3
3312,2025-11-30,54,57,3
3312,2025-12-01,42,45,3
3312,2025-12-02,43,46,3
3312,2025-12-03,42,46,4
3312,2025-12-04,70,77,7
3312,2025-12-05,54,58,4
3312,2025-12-06,62,66,4
3312,2025-12-07,54,58,4
3312,2025-12-08,53,56,3
3312,2025-12-09,54,57,3
3312,2025-12-10,54,58,4
3312,2025-12-11,115,122,7
3312,2025-12-12,67,71,4
3312,2025-12-13,67,71,4
3312,2025-12-14,53,57,4
3312,2025-12-15,64,69,5
3312,2025-12-16,65,70,5
3312,2025-12-17,63,68,5
3312,2025-12-18,92,99,7
3312,2025-12-19,61,65,4
3312,2025-12-20,54,58,4
3312,2025-12-21,43,46,3
3333,2025-11-22,665,665,0
3333,2025-11-23,624,624,0
3333,2025-11-24,545,545,0
3333,2025-11-25,622,622,0
3333,2025-11-26,718,718,0
3333,2025-11-27,1115,1115,0
3333,2025-11-28,372,372,0
3333,2025-11-29,299,318,19
3333,2025-11-30,273,293,20
3333,2025-12-01,316,339,23
3333,2025-12-02,382,408,26
3333,2025-12-03,518,560,42
3333,2025-12-04,975,1060,85
3333,2025-12-05,314,342,28
3333,2025-12-06,329,349,20
3333,2025-12-07,310,330,20
3333,2025-12-08,323,342,19
3333,2025-12-09,309,330,21
3333,2025-12-10,481,511,30
3333,2025-12-11,1077,1150,73
3333,2025-12-12,317,338,21
3333,2025-12-13,298,318,20
3333,2025-12-14,260,279,19
3333,2025-12-15,320,344,24
3333,2025-12-16,376,402,26
3333,2025-12-17,457,492,35
3333,2025-12-18,758,814,56
3333,2025-12-19,348,374,26
3333,2025-12-20,287,308,21
3333,2025-12-21,214,230,16
3351,2025-11-22,0,0,0
3351,2025-11-23,1,1,0
3351,2025-11-24,1,1,0
3351,2025-11-25,0,0,0
3351,2025-11-26,0,0,0
3351,2025-11-27,0,0,0
3351,2025-11-28,0,0,0
3351,2025-11-29,0,0,0
3351,2025-11-30,0,0,0
3351,2025-12-01,0,0,0
3351,2025-12-02,0,0,0
3351,2025-12-03,0,0,0
3351,2025-12-04,6,6,0
3351,2025-12-05,0,0,0
3351,2025-12-06,0,0,0
3351,2025-12-07,0,0,0
3351,2025-12-08,0,0,0
3351,2025-12-09,0,0,0
3351,2025-12-10,0,0,0
3351,2025-12-11,0,0,0
3351,2025-12-12,0,0,0
3351,2025-12-13,0,0,0
3351,2025-12-14,0,0,0
3351,2025-12-15,0,0,0
3351,2025-12-16,0,0,0
3351,2025-12-17,0,0,0
3351,2025-12-18,0,0,0
3351,2025-12-19,0,0,0
3351,2025-12-20,0,0,0
3351,2025-12-21,4,4,0
3364,2025-11-22,7,7,0
3364,2025-11-23,7,7,0
3364,2025-11-24,8,8,0
3364,2025-11-25,8,8,0
3364,2025-11-26,7,7,0
3364,2025-11-27,10,10,0
3364,2025-11-28,4,4,0
3364,2025-11-29,3,4,1
3364,2025-11-30,4,4,0
3364,2025-12-01,4,5,1
3364,2025-12-02,5,5,0
3364,2025-12-03,10,11,1
3364,2025-12-04,26,29,3
3364,2025-12-05,5,6,1
3364,2025-12-06,5,6,1
3364,2025-12-07,6,6,0
3364,2025-12-08,6,6,0
3364,2025-12-09,5,5,0
3364,2025-12-10,8,9,1
3364,2025-12-11,22,23,1
3364,2025-12-12,6,6,0
3364,2025-12-13,5,6,1
3364,2025-12-14,5,5,0
3364,2025-12-15,6,6,0
3364,2025-12-16,6,6,0
3364,2025-12-17,9,10,1
3364,2025-12-18,31,33,2
3364,2025-12-19,6,7,1
3364,2025-12-20,5,5,0
3364,2025-12-21,4,4,0
3365,2025-11-22,503,503,0
3365,2025-11-23,983,983,0
3365,2025-11-24,732,732,0
3365,2025-11-25,739,739,0
3365,2025-11-26,981,981,0
3365,2025-11-27,2705,2705,0
3365,2025-11-28,797,797,0
3365,2025-11-29,433,467,34
3365,2025-11-30,501,540,39
3365,2025-12-01,495,534,39
3365,2025-12-02,489,529,40
3365,2025-12-03,763,827,64
3365,2025-12-04,3078,3342,264
3365,2025-12-05,1137,1233,96
3365,2025-12-06,521,554,33
3365,2025-12-07,438,468,30
3365,2025-12-08,513,548,35
3365,2025-12-09,610,650,40
3365,2025-12-10,716,766,50
3365,2025-12-11,3326,3556,230
3365,2025-12-12,996,1065,69
3365,2025-12-13,509,546,37
3365,2025-12-14,505,543,38
3365,2025-12-15,608,654,46
3365,2025-12-16,685,735,50
3365,2025-12-17,907,973,66
3365,2025-12-18,3211,3444,233
3365,2025-12-19,1186,1275,89
3365,2025-12-20,567,609,42
3365,2025-12-21,488,523,35
3382,2025-11-22,5,5,0
3382,2025-11-23,6,6,0
3382,2025-11-24,2,2,0
3382,2025-11-25,1,1,0
3382,2025-11-26,2,2,0
3382,2025-11-27,4,4,0
3382,2025-11-28,1,1,0
3382,2025-11-29,1,1,0
3382,2025-11-30,1,1,0
3382,2025-12-01,1,1,0
3382,2025-12-02,1,1,0
3382,2025-12-03,3,4,1
3382,2025-12-04,10,11,1
3382,2025-12-05,1,1,0
3382,2025-12-06,1,2,1
3382,2025-12-07,1,1,0
3382,2025-12-08,3,3,0
3382,2025-12-09,1,1,0
3382,2025-12-10,2,2,0
3382,2025-12-11,7,7,0
3382,2025-12-12,1,1,0
3382,2025-12-13,1,1,0
3382,2025-12-14,1,1,0
3382,2025-12-15,2,2,0
3382,2025-12-16,2,2,0
3382,2025-12-17,3,4,1
3382,2025-12-18,7,7,0
3382,2025-12-19,2,2,0
3382,2025-12-20,2,2,0
3382,2025-12-21,1,1,0
3396,2025-11-22,0,0,0
3396,2025-11-23,0,0,0
3396,2025-11-24,0,0,0
3396,2025-11-25,0,0,0
3396,2025-11-26,0,0,0
3396,2025-11-27,0,0,0
3396,2025-11-28,0,0,0
3396,2025-11-29,0,0,0
3396,2025-11-30,0,0,0
3396,2025-12-01,0,0,0
3396,2025-12-02,0,0,0
3396,2025-12-03,0,0,0
3396,2025-12-04,0,0,0
3396,2025-12-05,0,0,0
3396,2025-12-06,0,0,0
3396,2025-12-07,0,0,0
3396,2025-12-08,0,0,0
3396,2025-12-09,0,0,0
3396,2025-12-10,0,0,0
3396,2025-12-11,0,0,0
3396,2025-12-12,0,0,0
3396,2025-12-13,0,0,0
3396,2025-12-14,0,0,0
3396,2025-12-15,0,0,0
3396,2025-12-16,0,0,0
3396,2025-12-17,0,0,0
3396,2025-12-18,0,0,0
3396,2025-12-19,0,0,0
3396,2025-12-20,0,0,0
3396,2025-12-21,0,0,0
3456,2025-11-22,5,5,0
3456,2025-11-23,3,3,0
3456,2025-11-24,3,3,0
3456,2025-11-25,4,4,0
3456,2025-11-26,4,4,0
3456,2025-11-27,4,4,0
3456,2025-11-28,4,4,0
3456,2025-11-29,4,4,0
3456,2025-11-30,4,4,0
3456,2025-12-01,4,4,0
3456,2025-12-02,4,5,1
3456,2025-12-03,5,5,0
3456,2025-12-04,5,5,0
3456,2025-12-05,4,4,0
3456,2025-12-06,5,5,0
3456,2025-12-07,4,4,0
3456,2025-12-08,4,5,1
3456,2025-12-09,5,5,0
3456,2025-12-10,5,5,0
3456,2025-12-11,5,5,0
3456,2025-12-12,4,4,0
3456,2025-12-13,4,5,1
3456,2025-12-14,4,4,0
3456,2025-12-15,4,4,0
3456,2025-12-16,5,5,0
3456,2025-12-17,5,5,0
3456,2025-12-18,5,5,0
3456,2025-12-19,4,4,0
3456,2025-12-20,4,4,0
3456,2025-12-21,4,4,0
3478,2025-11-22,7,7,0
3478,2025-11-23,4,4,0
3478,2025-11-24,7,7,0
3478,2025-11-25,4,4,0
3478,2025-11-26,6,6,0
3478,2025-11-27,11,11,0
3478,2025-11-28,3,3,0
3478,2025-11-29,3,3,0
3478,2025-11-30,3,4,1
3478,2025-12-01,3,3,0
3478,2025-12-02,3,3,0
3478,2025-12-03,10,11,1
3478,2025-12-04,18,20,2
3478,2025-12-05,3,4,1
3478,2025-12-06,5,6,1
3478,2025-12-07,9,9,0
3478,2025-12-08,3,3,0
3478,2025-12-09,3,4,1
3478,2025-12-10,8,8,0
3478,2025-12-11,14,15,1
3478,2025-12-12,7,8,1
3478,2025-12-13,7,8,1
3478,2025-12-14,5,5,0
3478,2025-12-15,6,6,0
3478,2025-12-16,4,4,0
3478,2025-12-17,8,9,1
3478,2025-12-18,12,13,1
3478,2025-12-19,5,5,0
3478,2025-12-20,3,4,1
3478,2025-12-21,3,3,0
3523,2025-11-22,4499,4499,0
3523,2025-11-23,3991,3991,0
3523,2025-11-24,3327,3327,0
3523,2025-11-25,3454,3454,0
3523,2025-11-26,5473,5473,0
3523,2025-11-27,5892,5892,0
3523,2025-11-28,2289,2289,0
3523,2025-11-29,1760,1865,105
3523,2025-11-30,2042,2173,131
3523,2025-12-01,1858,1990,132
3523,2025-12-02,2124,2278,154
3523,2025-12-03,3375,3639,264
3523,2025-12-04,4938,5358,420
3523,2025-12-05,1938,2101,163
3523,2025-12-06,2012,2133,121
3523,2025-12-07,1792,1900,108
3523,2025-12-08,1824,1936,112
3523,2025-12-09,1864,1979,115
3523,2025-12-10,3317,3536,219
3523,2025-12-11,5558,5939,381
3523,2025-12-12,2288,2437,149
3523,2025-12-13,1719,1833,114
3523,2025-12-14,1469,1566,97
3523,2025-12-15,1639,1752,113
3523,2025-12-16,1958,2091,133
3523,2025-12-17,3193,3423,230
3523,2025-12-18,3892,4175,283
3523,2025-12-19,2180,2339,159
3523,2025-12-20,1622,1739,117
3523,2025-12-21,1024,1098,74
3578,2025-11-22,0,0,0
3578,2025-11-23,0,0,0
3578,2025-11-24,0,0,0
3578,2025-11-25,0,0,0
3578,2025-11-26,0,0,0
3578,2025-11-27,0,0,0
3578,2025-11-28,0,0,0
3578,2025-11-29,0,0,0
3578,2025-11-30,0,0,0
3578,2025-12-01,0,0,0
3578,2025-12-02,0,0,0
3578,2025-12-03,0,0,0
3578,2025-12-04,0,0,0
3578,2025-12-05,0,0,0
3578,2025-12-06,0,0,0
3578,2025-12-07,0,0,0
3578,2025-12-08,0,0,0
3578,2025-12-09,0,0,0
3578,2025-12-10,0,0,0
3578,2025-12-11,0,0,0
3578,2025-12-12,0,0,0
3578,2025-12-13,0,0,0
3578,2025-12-14,0,0,0
3578,2025-12-15,0,0,0
3578,2025-12-16,0,0,0
3578,2025-12-17,0,0,0
3578,2025-12-18,0,0,0
3578,2025-12-19,0,0,0
3578,2025-12-20,0,0,0
3578,2025-12-21,0,0,0
3617,2025-11-22,2,2,0
3617,2025-11-23,2,2,0
3617,2025-11-24,2,2,0
3617,2025-11-25,3,3,0
3617,2025-11-26,3,3,0
3617,2025-11-27,3,3,0
3617,2025-11-28,3,3,0
3617,2025-11-29,2,3,1
3617,2025-11-30,3,3,0
3617,2025-12-01,3,3,0
3617,2025-12-02,3,3,0
3617,2025-12-03,5,5,0
3617,2025-12-04,7,8,1
3617,2025-12-05,4,4,0
3617,2025-12-06,3,4,1
3617,2025-12-07,3,4,1
3617,2025-12-08,4,4,0
3617,2025-12-09,4,4,0
3617,2025-12-10,4,4,0
3617,2025-12-11,5,6,1
3617,2025-12-12,4,4,0
3617,2025-12-13,3,4,1
3617,2025-12-14,3,3,0
3617,2025-12-15,4,4,0
3617,2025-12-16,4,4,0
3617,2025-12-17,4,4,0
3617,2025-12-18,5,5,0
3617,2025-12-19,4,4,0
3617,2025-12-20,3,4,1
3617,2025-12-21,1,1,0
3723,2025-11-22,63,63,0
3723,2025-11-23,57,57,0
3723,2025-11-24,64,64,0
3723,2025-11-25,68,68,0
3723,2025-11-26,78,78,0
3723,2025-11-27,75,75,0
3723,2025-11-28,39,39,0
3723,2025-11-29,33,35,2
3723,2025-11-30,41,44,3
3723,2025-12-01,40,43,3
3723,2025-12-02,45,48,3
3723,2025-12-03,47,51,4
3723,2025-12-04,57,61,4
3723,2025-12-05,39,42,3
3723,2025-12-06,44,47,3
3723,2025-12-07,37,40,3
3723,2025-12-08,46,49,3
3723,2025-12-09,47,50,3
3723,2025-12-10,44,47,3
3723,2025-12-11,61,65,4
3723,2025-12-12,32,34,2
3723,2025-12-13,40,43,3
3723,2025-12-14,39,42,3
3723,2025-12-15,57,61,4
3723,2025-12-16,63,67,4
3723,2025-12-17,65,70,5
3723,2025-12-18,62,67,5
3723,2025-12-19,37,40,3
3723,2025-12-20,46,49,3
3723,2025-12-21,23,25,2
3752,2025-11-22,0,0,0
3752,2025-11-23,0,0,0
3752,2025-11-24,0,0,0
3752,2025-11-25,0,0,0
3752,2025-11-26,0,0,0
3752,2025-11-27,0,0,0
3752,2025-11-28,0,0,0
3752,2025-11-29,0,0,0
3752,2025-11-30,0,0,0
3752,2025-12-01,0,0,0
3752,2025-12-02,0,0,0
3752,2025-12-03,0,0,0
3752,2025-12-04,0,0,0
3752,2025-12-05,0,0,0
3752,2025-12-06,0,0,0
3752,2025-12-07,0,0,0
3752,2025-12-08,0,0,0
3752,2025-12-09,0,0,0
3752,2025-12-10,0,0,0
3752,2025-12-11,0,0,0
3752,2025-12-12,0,0,0
3752,2025-12-13,0,0,0
3752,2025-12-14,0,0,0
3752,2025-12-15,0,0,0
3752,2025-12-16,0,0,0
3752,2025-12-17,0,0,0
3752,2025-12-18,0,0,0
3752,2025-12-19,0,0,0
3752,2025-12-20,0,0,0
3752,2025-12-21,0,0,0
3771,2025-11-22,5,5,0
3771,2025-11-23,1,1,0
3771,2025-11-24,2,2,0
3771,2025-11-25,3,3,0
3771,2025-11-26,5,5,0
3771,2025-11-27,4,4,0
3771,2025-11-28,1,1,0
3771,2025-11-29,2,2,0
3771,2025-11-30,3,3,0
3771,2025-12-01,2,3,1
3771,2025-12-02,3,3,0
3771,2025-12-03,4,5,1
3771,2025-12-04,8,9,1
3771,2025-12-05,2,3,1
3771,2025-12-06,3,3,0
3771,2025-12-07,3,3,0
3771,2025-12-08,2,3,1
3771,2025-12-09,3,3,0
3771,2025-12-10,3,4,1
3771,2025-12-11,6,7,1
3771,2025-12-12,2,3,1
3771,2025-12-13,3,3,0
3771,2025-12-14,2,2,0
3771,2025-12-15,3,3,0
3771,2025-12-16,3,3,0
3771,2025-12-17,4,4,0
3771,2025-12-18,5,5,0
3771,2025-12-19,3,3,0
3771,2025-12-20,3,3,0
3771,2025-12-21,2,2,0
3832,2025-11-22,2,2,0
3832,2025-11-23,2,2,0
3832,2025-11-24,1,1,0
3832,2025-11-25,1,1,0
3832,2025-11-26,1,1,0
3832,2025-11-27,3,3,0
3832,2025-11-28,2,2,0
3832,2025-11-29,1,1,0
3832,2025-11-30,1,1,0
3832,2025-12-01,1,1,0
3832,2025-12-02,1,2,1
3832,2025-12-03,2,2,0
3832,2025-12-04,4,4,0
3832,2025-12-05,2,2,0
3832,2025-12-06,2,2,0
3832,2025-12-07,2,2,0
3832,2025-12-08,2,2,0
3832,2025-12-09,2,2,0
3832,2025-12-10,2,2,0
3832,2025-12-11,4,4,0
3832,2025-12-12,2,2,0
3832,2025-12-13,2,2,0
3832,2025-12-14,2,2,0
3832,2025-12-15,3,3,0
3832,2025-12-16,3,3,0
3832,2025-12-17,3,3,0
3832,2025-12-18,4,4,0
3832,2025-12-19,3,3,0
3832,2025-12-20,3,3,0
3832,2025-12-21,2,2,0
3837,2025-11-22,13,13,0
3837,2025-11-23,14,14,0
3837,2025-11-24,13,13,0
3837,2025-11-25,13,13,0
3837,2025-11-26,14,14,0
3837,2025-11-27,15,15,0
3837,2025-11-28,8,8,0
3837,2025-11-29,8,9,1
3837,2025-11-30,9,9,0
3837,2025-12-01,6,6,0
3837,2025-12-02,6,7,1
3837,2025-12-03,7,7,0
3837,2025-12-04,17,18,1
3837,2025-12-05,7,7,0
3837,2025-12-06,5,5,0
3837,2025-12-07,3,3,0
3837,2025-12-08,2,2,0
3837,2025-12-09,2,2,0
3837,2025-12-10,4,4,0
3837,2025-12-11,12,13,1
3837,2025-12-12,3,3,0
3837,2025-12-13,2,3,1
3837,2025-12-14,2,2,0
3837,2025-12-15,3,3,0
3837,2025-12-16,3,3,0
3837,2025-12-17,5,5,0
3837,2025-12-18,15,16,1
3837,2025-12-19,3,4,1
3837,2025-12-20,3,3,0
3837,2025-12-21,2,2,0
3870,2025-11-22,7,7,0
3870,2025-11-23,3,3,0
3870,2025-11-24,10,10,0
3870,2025-11-25,11,11,0
3870,2025-11-26,15,15,0
3870,2025-11-27,14,14,0
3870,2025-11-28,4,4,0
3870,2025-11-29,3,3,0
3870,2025-11-30,2,2,0
3870,2025-12-01,2,2,0
3870,2025-12-02,3,3,0
3870,2025-12-03,7,7,0
3870,2025-12-04,13,15,2
3870,2025-12-05,3,3,0
3870,2025-12-06,7,8,1
3870,2025-12-07,5,5,0
3870,2025-12-08,3,3,0
3870,2025-12-09,4,4,0
3870,2025-12-10,6,7,1
3870,2025-12-11,14,15,1
3870,2025-12-12,3,3,0
3870,2025-12-13,3,3,0
3870,2025-12-14,3,3,0
3870,2025-12-15,3,4,1
3870,2025-12-16,4,4,0
3870,2025-12-17,5,5,0
3870,2025-12-18,6,6,0
3870,2025-12-19,4,4,0
3870,2025-12-20,3,4,1
3870,2025-12-21,2,3,1
3892,2025-11-22,479,479,0
3892,2025-11-23,527,527,0
3892,2025-11-24,517,517,0
3892,2025-11-25,533,533,0
3892,2025-11-26,832,832,0
3892,2025-11-27,1016,1016,0
3892,2025-11-28,558,558,0
3892,2025-11-29,404,427,23
3892,2025-11-30,447,475,28
3892,2025-12-01,339,363,24
3892,2025-12-02,362,390,28
3892,2025-12-03,735,791,56
3892,2025-12-04,1165,1268,103
3892,2025-12-05,568,614,46
3892,2025-12-06,403,426,23
3892,2025-12-07,312,332,20
3892,2025-12-08,294,312,18
3892,2025-12-09,348,371,23
3892,2025-12-10,453,485,32
3892,2025-12-11,982,1053,71
3892,2025-12-12,435,465,30
3892,2025-12-13,328,353,25
3892,2025-12-14,292,314,22
3892,2025-12-15,316,340,24
3892,2025-12-16,365,393,28
3892,2025-12-17,456,491,35
3892,2025-12-18,661,711,50
3892,2025-12-19,412,441,29
3892,2025-12-20,289,309,20
3892,2025-12-21,209,225,16
3914,2025-11-22,84,84,0
3914,2025-11-23,112,112,0
3914,2025-11-24,62,62,0
3914,2025-11-25,59,59,0
3914,2025-11-26,72,72,0
3914,2025-11-27,225,225,0
3914,2025-11-28,104,104,0
3914,2025-11-29,72,77,5
3914,2025-11-30,59,64,5
3914,2025-12-01,74,79,5
3914,2025-12-02,74,80,6
3914,2025-12-03,130,141,11
3914,2025-12-04,377,413,36
3914,2025-12-05,150,163,13
3914,2025-12-06,107,114,7
3914,2025-12-07,123,130,7
3914,2025-12-08,121,129,8
3914,2025-12-09,123,131,8
3914,2025-12-10,176,187,11
3914,2025-12-11,647,692,45
3914,2025-12-12,212,226,14
3914,2025-12-13,113,121,8
3914,2025-12-14,101,109,8
3914,2025-12-15,133,142,9
3914,2025-12-16,133,143,10
3914,2025-12-17,179,192,13
3914,2025-12-18,411,443,32
3914,2025-12-19,210,226,16
3914,2025-12-20,123,132,9
3914,2025-12-21,59,64,5
3927,2025-11-22,2,2,0
3927,2025-11-23,1,1,0
3927,2025-11-24,1,1,0
3927,2025-11-25,1,1,0
3927,2025-11-26,2,2,0
3927,2025-11-27,5,5,0
3927,2025-11-28,2,2,0
3927,2025-11-29,2,2,0
3927,2025-11-30,2,2,0
3927,2025-12-01,2,2,0
3927,2025-12-02,2,2,0
3927,2025-12-03,3,3,0
3927,2025-12-04,8,8,0
3927,2025-12-05,5,5,0
3927,2025-12-06,3,3,0
3927,2025-12-07,3,3,0
3927,2025-12-08,2,2,0
3927,2025-12-09,2,3,1
3927,2025-12-10,3,3,0
3927,2025-12-11,5,5,0
3927,2025-12-12,2,2,0
3927,2025-12-13,6,6,0
3927,2025-12-14,6,6,0
3927,2025-12-15,9,9,0
3927,2025-12-16,7,7,0
3927,2025-12-17,7,7,0
3927,2025-12-18,9,9,0
3927,2025-12-19,3,3,0
3927,2025-12-20,3,4,1
3927,2025-12-21,2,2,0
3933,2025-11-22,56,56,0
3933,2025-11-23,52,52,0
3933,2025-11-24,25,25,0
3933,2025-11-25,26,26,0
3933,2025-11-26,40,40,0
3933,2025-11-27,93,93,0
3933,2025-11-28,10,10,0
3933,2025-11-29,10,11,1
3933,2025-11-30,16,18,2
3933,2025-12-01,16,18,2
3933,2025-12-02,16,18,2
3933,2025-12-03,49,53,4
3933,2025-12-04,142,155,13
3933,2025-12-05,24,26,2
3933,2025-12-06,24,26,2
3933,2025-12-07,22,23,1
3933,2025-12-08,19,20,1
3933,2025-12-09,21,23,2
3933,2025-12-10,37,39,2
3933,2025-12-11,131,140,9
3933,2025-12-12,22,23,1
3933,2025-12-13,17,19,2
3933,2025-12-14,16,17,1
3933,2025-12-15,17,19,2
3933,2025-12-16,21,23,2
3933,2025-12-17,51,54,3
3933,2025-12-18,99,106,7
3933,2025-12-19,25,27,2
3933,2025-12-20,17,19,2
3933,2025-12-21,12,12,0
3935,2025-11-22,0,0,0
3935,2025-11-23,0,0,0
3935,2025-11-24,0,0,0
3935,2025-11-25,0,0,0
3935,2025-11-26,0,0,0
3935,2025-11-27,0,0,0
3935,2025-11-28,0,0,0
3935,2025-11-29,0,0,0
3935,2025-11-30,0,0,0
3935,2025-12-01,0,0,0
3935,2025-12-02,0,0,0
3935,2025-12-03,0,0,0
3935,2025-12-04,0,0,0
3935,2025-12-05,0,0,0
3935,2025-12-06,0,0,0
3935,2025-12-07,0,0,0
3935,2025-12-08,0,0,0
3935,2025-12-09,0,0,0
3935,2025-12-10,0,0,0
3935,2025-12-11,0,0,0
3935,2025-12-12,0,0,0
3935,2025-12-13,0,0,0
3935,2025-12-14,0,0,0
3935,2025-12-15,0,0,0
3935,2025-12-16,0,0,0
3935,2025-12-17,0,0,0
3935,2025-12-18,0,0,0
3935,2025-12-19,0,0,0
3935,2025-12-20,0,0,0
3935,2025-12-21,0,0,0
4078,2025-11-22,0,0,0
4078,2025-11-23,0,0,0
4078,2025-11-24,0,0,0
4078,2025-11-25,0,0,0
4078,2025-11-26,0,0,0
4078,2025-11-27,0,0,0
4078,2025-11-28,0,0,0
4078,2025-11-29,0,0,0
4078,2025-11-30,0,0,0
4078,2025-12-01,0,0,0
4078,2025-12-02,0,0,0
4078,2025-12-03,0,0,0
4078,2025-12-04,0,0,0
4078,2025-12-05,0,0,0
4078,2025-12-06,0,0,0
4078,2025-12-07,0,0,0
4078,2025-12-08,0,0,0
4078,2025-12-09,0,0,0
4078,2025-12-10,0,0,0
4078,2025-12-11,0,0,0
4078,2025-12-12,0,0,0
4078,2025-12-13,0,0,0
4078,2025-12-14,0,0,0
4078,2025-12-15,0,0,0
4078,2025-12-16,0,0,0
4078,2025-12-17,0,0,0
4078,2025-12-18,0,0,0
4078,2025-12-19,0,0,0
4078,2025-12-20,0,0,0
4078,2025-12-21,0,0,0
4125,2025-11-22,3,3,0
4125,2025-11-23,1,1,0
4125,2025-11-24,0,0,0
4125,2025-11-25,0,0,0
4125,2025-11-26,1,1,0
4125,2025-11-27,2,2,0
4125,2025-11-28,1,1,0
4125,2025-11-29,1,1,0
4125,2025-11-30,1,1,0
4125,2025-12-01,1,1,0
4125,2025-12-02,1,1,0
4125,2025-12-03,1,1,0
4125,2025-12-04,7,8,1
4125,2025-12-05,2,2,0
4125,2025-12-06,2,2,0
4125,2025-12-07,1,2,1
4125,2025-12-08,2,2,0
4125,2025-12-09,1,2,1
4125,2025-12-10,2,2,0
4125,2025-12-11,16,16,0
4125,2025-12-12,1,1,0
4125,2025-12-13,1,1,0
4125,2025-12-14,1,1,0
4125,2025-12-15,2,2,0
4125,2025-12-16,2,2,0
4125,2025-12-17,2,2,0
4125,2025-12-18,4,4,0
4125,2025-12-19,2,2,0
4125,2025-12-20,2,2,0
4125,2025-12-21,1,1,0
4138,2025-11-22,7,7,0
4138,2025-11-23,7,7,0
4138,2025-11-24,9,9,0
4138,2025-11-25,6,6,0
4138,2025-11-26,8,8,0
4138,2025-11-27,15,15,0
4138,2025-11-28,4,4,0
4138,2025-11-29,4,5,1
4138,2025-11-30,5,5,0
4138,2025-12-01,5,5,0
4138,2025-12-02,6,6,0
4138,2025-12-03,7,7,0
4138,2025-12-04,20,21,1
4138,2025-12-05,9,9,0
4138,2025-12-06,7,8,1
4138,2025-12-07,7,7,0
4138,2025-12-08,7,8,1
4138,2025-12-09,6,6,0
4138,2025-12-10,7,7,0
4138,2025-12-11,13,14,1
4138,2025-12-12,6,7,1
4138,2025-12-13,8,8,0
4138,2025-12-14,7,8,1
4138,2025-12-15,8,9,1
4138,2025-12-16,7,8,1
4138,2025-12-17,7,8,1
4138,2025-12-18,11,12,1
4138,2025-12-19,6,6,0
4138,2025-12-20,7,7,0
4138,2025-12-21,10,11,1
4161,2025-11-22,146,146,0
4161,2025-11-23,108,108,0
4161,2025-11-24,111,111,0
4161,2025-11-25,151,151,0
4161,2025-11-26,280,280,0
4161,2025-11-27,291,291,0
4161,2025-11-28,72,72,0
4161,2025-11-29,61,66,5
4161,2025-11-30,75,79,4
4161,2025-12-01,75,80,5
4161,2025-12-02,77,82,5
4161,2025-12-03,100,109,9
4161,2025-12-04,150,166,16
4161,2025-12-05,88,96,8
4161,2025-12-06,81,86,5
4161,2025-12-07,75,79,4
4161,2025-12-08,70,74,4
4161,2025-12-09,69,74,5
4161,2025-12-10,110,118,8
4161,2025-12-11,258,276,18
4161,2025-12-12,97,103,6
4161,2025-12-13,79,85,6
4161,2025-12-14,61,66,5
4161,2025-12-15,78,84,6
4161,2025-12-16,111,118,7
4161,2025-12-17,130,140,10
4161,2025-12-18,167,180,13
4161,2025-12-19,92,99,7
4161,2025-12-20,70,75,5
4161,2025-12-21,53,57,4
4174,2025-11-22,0,0,0
4174,2025-11-23,0,0,0
4174,2025-11-24,0,0,0
4174,2025-11-25,0,0,0
4174,2025-11-26,0,0,0
4174,2025-11-27,0,0,0
4174,2025-11-28,0,0,0
4174,2025-11-29,0,0,0
4174,2025-11-30,0,0,0
4174,2025-12-01,0,0,0
4174,2025-12-02,0,0,0
4174,2025-12-03,0,0,0
4174,2025-12-04,0,0,0
4174,2025-12-05,0,0,0
4174,2025-12-06,0,0,0
4174,2025-12-07,0,0,0
4174,2025-12-08,0,0,0
4174,2025-12-09,0,0,0
4174,2025-12-10,0,0,0
4174,2025-12-11,2,2,0
4174,2025-12-12,0,0,0
4174,2025-12-13,0,0,0
4174,2025-12-14,0,0,0
4174,2025-12-15,0,0,0
4174,2025-12-16,0,0,0
4174,2025-12-17,0,0,0
4174,2025-12-18,0,0,0
4174,2025-12-19,0,0,0
4174,2025-12-20,0,0,0
4174,2025-12-21,0,0,0
4192,2025-11-22,13,13,0
4192,2025-11-23,21,21,0
4192,2025-11-24,21,21,0
4192,2025-11-25,41,41,0
4192,2025-11-26,60,60,0
4192,2025-11-27,60,60,0
4192,2025-11-28,8,8,0
4192,2025-11-29,7,8,1
4192,2025-11-30,9,9,0
4192,2025-12-01,10,11,1
4192,2025-12-02,10,11,1
4192,2025-12-03,27,29,2
4192,2025-12-04,58,62,4
4192,2025-12-05,24,25,1
4192,2025-12-06,12,13,1
4192,2025-12-07,9,10,1
4192,2025-12-08,12,13,1
4192,2025-12-09,12,13,1
4192,2025-12-10,20,21,1
4192,2025-12-11,36,38,2
4192,2025-12-12,9,9,0
4192,2025-12-13,8,9,1
4192,2025-12-14,10,10,0
4192,2025-12-15,9,10,1
4192,2025-12-16,17,18,1
4192,2025-12-17,21,23,2
4192,2025-12-18,29,32,3
4192,2025-12-19,11,11,0
4192,2025-12-20,8,9,1
4192,2025-12-21,6,6,0
4198,2025-11-22,38,38,0
4198,2025-11-23,30,30,0
4198,2025-11-24,9,9,0
4198,2025-11-25,14,14,0
4198,2025-11-26,9,9,0
4198,2025-11-27,19,19,0
4198,2025-11-28,4,4,0
4198,2025-11-29,3,4,1
4198,2025-11-30,5,6,1
4198,2025-12-01,6,7,1
4198,2025-12-02,8,8,0
4198,2025-12-03,14,16,2
4198,2025-12-04,33,36,3
4198,2025-12-05,5,5,0
4198,2025-12-06,7,7,0
4198,2025-12-07,6,7,1
4198,2025-12-08,6,6,0
4198,2025-12-09,6,6,0
4198,2025-12-10,9,10,1
4198,2025-12-11,36,39,3
4198,2025-12-12,6,6,0
4198,2025-12-13,5,6,1
4198,2025-12-14,5,5,0
4198,2025-12-15,8,9,1
4198,2025-12-16,7,7,0
4198,2025-12-17,10,11,1
4198,2025-12-18,19,21,2
4198,2025-12-19,8,9,1
4198,2025-12-20,5,6,1
4198,2025-12-21,4,4,0
4235,2025-11-22,561,561,0
4235,2025-11-23,500,500,0
4235,2025-11-24,405,405,0
4235,2025-11-25,393,393,0
4235,2025-11-26,645,645,0
4235,2025-11-27,724,724,0
4235,2025-11-28,315,315,0
4235,2025-11-29,297,315,18
4235,2025-11-30,302,321,19
4235,2025-12-01,298,318,20
4235,2025-12-02,296,320,24
4235,2025-12-03,473,512,39
4235,2025-12-04,849,926,77
4235,2025-12-05,354,384,30
4235,2025-12-06,326,344,18
4235,2025-12-07,292,309,17
4235,2025-12-08,276,292,16
4235,2025-12-09,267,283,16
4235,2025-12-10,364,388,24
4235,2025-12-11,763,818,55
4235,2025-12-12,306,328,22
4235,2025-12-13,244,262,18
4235,2025-12-14,205,220,15
4235,2025-12-15,245,263,18
4235,2025-12-16,305,327,22
4235,2025-12-17,363,390,27
4235,2025-12-18,481,517,36
4235,2025-12-19,272,293,21
4235,2025-12-20,241,259,18
4235,2025-12-21,144,155,11
4247,2025-11-22,11,11,0
4247,2025-11-23,10,10,0
4247,2025-11-24,7,7,0
4247,2025-11-25,8,8,0
4247,2025-11-26,10,10,0
4247,2025-11-27,20,20,0
4247,2025-11-28,6,6,0
4247,2025-11-29,3,3,0
4247,2025-11-30,4,4,0
4247,2025-12-01,4,4,0
4247,2025-12-02,5,5,0
4247,2025-12-03,7,7,0
4247,2025-12-04,14,16,2
4247,2025-12-05,6,7,1
4247,2025-12-06,5,6,1
4247,2025-12-07,5,5,0
4247,2025-12-08,6,7,1
4247,2025-12-09,8,8,0
4247,2025-12-10,8,9,1
4247,2025-12-11,17,19,2
4247,2025-12-12,5,6,1
4247,2025-12-13,5,5,0
4247,2025-12-14,5,5,0
4247,2025-12-15,6,7,1
4247,2025-12-16,8,8,0
4247,2025-12-17,9,9,0
4247,2025-12-18,14,15,1
4247,2025-12-19,7,7,0
4247,2025-12-20,6,6,0
4247,2025-12-21,3,3,0
4252,2025-11-22,334,334,0
4252,2025-11-23,274,274,0
4252,2025-11-24,275,275,0
4252,2025-11-25,309,309,0
4252,2025-11-26,392,392,0
4252,2025-11-27,388,388,0
4252,2025-11-28,140,140,0
4252,2025-11-29,131,139,8
4252,2025-11-30,129,137,8
4252,2025-12-01,114,123,9
4252,2025-12-02,117,126,9
4252,2025-12-03,222,239,17
4252,2025-12-04,384,417,33
4252,2025-12-05,178,191,13
4252,2025-12-06,148,156,8
4252,2025-12-07,156,163,7
4252,2025-12-08,135,141,6
4252,2025-12-09,135,142,7
4252,2025-12-10,193,205,12
4252,2025-12-11,378,405,27
4252,2025-12-12,134,143,9
4252,2025-12-13,114,121,7
4252,2025-12-14,100,106,6
4252,2025-12-15,119,127,8
4252,2025-12-16,132,142,10
4252,2025-12-17,181,194,13
4252,2025-12-18,213,229,16
4252,2025-12-19,124,133,9
4252,2025-12-20,97,104,7
4252,2025-12-21,69,74,5
4324,2025-11-22,4893,4893,0
4324,2025-11-23,4744,4744,0
4324,2025-11-24,3631,3631,0
4324,2025-11-25,3684,3684,0
4324,2025-11-26,6194,6194,0
4324,2025-11-27,9613,9613,0
4324,2025-11-28,2645,2645,0
4324,2025-11-29,2135,2259,124
4324,2025-11-30,1854,1972,118
4324,2025-12-01,1910,2041,131
4324,2025-12-02,2060,2205,145
4324,2025-12-03,4250,4595,345
4324,2025-12-04,8867,9659,792
4324,2025-12-05,2138,2326,188
4324,2025-12-06,1504,1599,95
4324,2025-12-07,1405,1495,90
4324,2025-12-08,1488,1581,93
4324,2025-12-09,1729,1840,111
4324,2025-12-10,3398,3625,227
4324,2025-12-11,8507,9108,601
4324,2025-12-12,2641,2826,185
4324,2025-12-13,1450,1556,106
4324,2025-12-14,1210,1298,88
4324,2025-12-15,1371,1473,102
4324,2025-12-16,1997,2145,148
4324,2025-12-17,3444,3705,261
4324,2025-12-18,5380,5792,412
4324,2025-12-19,2510,2702,192
4324,2025-12-20,1823,1956,133
4324,2025-12-21,1228,1319,91
4353,2025-11-22,5,5,0
4353,2025-11-23,7,7,0
4353,2025-11-24,10,10,0
4353,2025-11-25,12,12,0
4353,2025-11-26,12,12,0
4353,2025-11-27,8,8,0
4353,2025-11-28,4,4,0
4353,2025-11-29,7,7,0
4353,2025-11-30,10,10,0
4353,2025-12-01,8,8,0
4353,2025-12-02,9,9,0
4353,2025-12-03,11,11,0
4353,2025-12-04,8,9,1
4353,2025-12-05,7,7,0
4353,2025-12-06,9,10,1
4353,2025-12-07,11,12,1
4353,2025-12-08,12,12,0
4353,2025-12-09,14,14,0
4353,2025-12-10,9,10,1
4353,2025-12-11,8,8,0
4353,2025-12-12,5,6,1
4353,2025-12-13,9,10,1
4353,2025-12-14,7,7,0
4353,2025-12-15,11,12,1
4353,2025-12-16,10,11,1
4353,2025-12-17,11,11,0
4353,2025-12-18,9,9,0
4353,2025-12-19,7,7,0
4353,2025-12-20,9,10,1
4353,2025-12-21,5,6,1
4380,2025-11-22,3,3,0
4380,2025-11-23,1,1,0
4380,2025-11-24,1,1,0
4380,2025-11-25,1,1,0
4380,2025-11-26,2,2,0
4380,2025-11-27,6,6,0
4380,2025-11-28,4,4,0
4380,2025-11-29,1,2,1
4380,2025-11-30,2,2,0
4380,2025-12-01,2,2,0
4380,2025-12-02,3,3,0
4380,2025-12-03,3,4,1
4380,2025-12-04,10,11,1
4380,2025-12-05,2,3,1
4380,2025-12-06,2,2,0
4380,2025-12-07,2,2,0
4380,2025-12-08,2,2,0
4380,2025-12-09,2,3,1
4380,2025-12-10,6,7,1
4380,2025-12-11,10,10,0
4380,2025-12-12,3,3,0
4380,2025-12-13,2,2,0
4380,2025-12-14,2,2,0
4380,2025-12-15,3,3,0
4380,2025-12-16,3,3,0
4380,2025-12-17,4,5,1
4380,2025-12-18,11,12,1
4380,2025-12-19,8,8,0
4380,2025-12-20,2,3,1
4380,2025-12-21,2,2,0
4396,2025-11-22,0,0,0
4396,2025-11-23,0,0,0
4396,2025-11-24,0,0,0
4396,2025-11-25,0,0,0
4396,2025-11-26,0,0,0
4396,2025-11-27,0,0,0
4396,2025-11-28,0,0,0
4396,2025-11-29,0,0,0
4396,2025-11-30,0,0,0
4396,2025-12-01,0,0,0
4396,2025-12-02,0,0,0
4396,2025-12-03,0,0,0
4396,2025-12-04,0,0,0
4396,2025-12-05,0,0,0
4396,2025-12-06,0,0,0
4396,2025-12-07,0,0,0
4396,2025-12-08,0,0,0
4396,2025-12-09,0,0,0
4396,2025-12-10,0,0,0
4396,2025-12-11,0,0,0
4396,2025-12-12,0,0,0
4396,2025-12-13,0,0,0
4396,2025-12-14,0,0,0
4396,2025-12-15,0,0,0
4396,2025-12-16,0,0,0
4396,2025-12-17,0,0,0
4396,2025-12-18,0,0,0
4396,2025-12-19,0,0,0
4396,2025-12-20,0,0,0
4396,2025-12-21,0,0,0
4397,2025-11-22,6,6,0
4397,2025-11-23,8,8,0
4397,2025-11-24,3,3,0
4397,2025-11-25,3,3,0
4397,2025-11-26,9,9,0
4397,2025-11-27,23,23,0
4397,2025-11-28,8,8,0
4397,2025-11-29,4,4,0
4397,2025-11-30,4,5,1
4397,2025-12-01,6,6,0
4397,2025-12-02,5,6,1
4397,2025-12-03,10,11,1
4397,2025-12-04,30,33,3
4397,2025-12-05,12,13,1
4397,2025-12-06,8,8,0
4397,2025-12-07,6,7,1
4397,2025-12-08,7,7,0
4397,2025-12-09,7,7,0
4397,2025-12-10,22,23,1
4397,2025-12-11,35,38,3
4397,2025-12-12,9,10,1
4397,2025-12-13,7,8,1
4397,2025-12-14,7,7,0
4397,2025-12-15,9,10,1
4397,2025-12-16,10,10,0
4397,2025-12-17,17,18,1
4397,2025-12-18,40,43,3
4397,2025-12-19,11,12,1
4397,2025-12-20,8,9,1
4397,2025-12-21,6,6,0
4404,2025-11-22,0,0,0
4404,2025-11-23,0,0,0
4404,2025-11-24,0,0,0
4404,2025-11-25,0,0,0
4404,2025-11-26,0,0,0
4404,2025-11-27,0,0,0
4404,2025-11-28,0,0,0
4404,2025-11-29,0,0,0
4404,2025-11-30,0,0,0
4404,2025-12-01,0,0,0
4404,2025-12-02,0,0,0
4404,2025-12-03,0,0,0
4404,2025-12-04,0,0,0
4404,2025-12-05,0,0,0
4404,2025-12-06,0,0,0
4404,2025-12-07,0,0,0
4404,2025-12-08,0,0,0
4404,2025-12-09,0,0,0
4404,2025-12-10,0,0,0
4404,2025-12-11,0,0,0
4404,2025-12-12,0,0,0
4404,2025-12-13,0,0,0
4404,2025-12-14,0,0,0
4404,2025-12-15,0,0,0
4404,2025-12-16,0,0,0
4404,2025-12-17,0,0,0
4404,2025-12-18,0,0,0
4404,2025-12-19,0,0,0
4404,2025-12-20,0,0,0
4404,2025-12-21,0,0,0
4419,2025-11-22,321,321,0
4419,2025-11-23,222,222,0
4419,2025-11-24,227,227,0
4419,2025-11-25,158,158,0
4419,2025-11-26,146,146,0
4419,2025-11-27,276,276,0
4419,2025-11-28,118,118,0
4419,2025-11-29,136,144,8
4419,2025-11-30,117,124,7
4419,2025-12-01,165,175,10
4419,2025-12-02,172,184,12
4419,2025-12-03,263,283,20
4419,2025-12-04,459,501,42
4419,2025-12-05,138,150,12
4419,2025-12-06,127,135,8
4419,2025-12-07,106,113,7
4419,2025-12-08,122,129,7
4419,2025-12-09,128,136,8
4419,2025-12-10,198,210,12
4419,2025-12-11,412,441,29
4419,2025-12-12,158,168,10
4419,2025-12-13,123,131,8
4419,2025-12-14,135,144,9
4419,2025-12-15,145,156,11
4419,2025-12-16,160,172,12
4419,2025-12-17,204,220,16
4419,2025-12-18,373,400,27
4419,2025-12-19,237,252,15
4419,2025-12-20,144,153,9
4419,2025-12-21,111,118,7
4516,2025-11-22,15,15,0
4516,2025-11-23,14,14,0
4516,2025-11-24,12,12,0
4516,2025-11-25,7,7,0
4516,2025-11-26,10,10,0
4516,2025-11-27,8,8,0
4516,2025-11-28,8,8,0
4516,2025-11-29,5,5,0
4516,2025-11-30,8,9,1
4516,2025-12-01,12,13,1
4516,2025-12-02,11,12,1
4516,2025-12-03,12,13,1
4516,2025-12-04,14,15,1
4516,2025-12-05,8,9,1
4516,2025-12-06,9,10,1
4516,2025-12-07,9,10,1
4516,2025-12-08,9,9,0
4516,2025-12-09,12,13,1
4516,2025-12-10,12,13,1
4516,2025-12-11,12,13,1
4516,2025-12-12,6,7,1
4516,2025-12-13,7,7,0
4516,2025-12-14,6,7,1
4516,2025-12-15,10,11,1
4516,2025-12-16,11,12,1
4516,2025-12-17,12,12,0
4516,2025-12-18,10,11,1
4516,2025-12-19,8,9,1
4516,2025-12-20,8,8,0
4516,2025-12-21,4,5,1
4541,2025-11-22,0,0,0
4541,2025-11-23,0,0,0
4541,2025-11-24,2,2,0
4541,2025-11-25,3,3,0
4541,2025-11-26,2,2,0
4541,2025-11-27,3,3,0
4541,2025-11-28,0,0,0
4541,2025-11-29,0,0,0
4541,2025-11-30,0,0,0
4541,2025-12-01,0,0,0
4541,2025-12-02,2,2,0
4541,2025-12-03,1,1,0
4541,2025-12-04,2,2,0
4541,2025-12-05,0,0,0
4541,2025-12-06,1,1,0
4541,2025-12-07,0,0,0
4541,2025-12-08,0,0,0
4541,2025-12-09,3,3,0
4541,2025-12-10,1,1,0
4541,2025-12-11,1,2,1
4541,2025-12-12,0,0,0
4541,2025-12-13,0,0,0
4541,2025-12-14,0,0,0
4541,2025-12-15,0,0,0
4541,2025-12-16,0,0,0
4541,2025-12-17,1,1,0
4541,2025-12-18,1,1,0
4541,2025-12-19,1,1,0
4541,2025-12-20,0,0,0
4541,2025-12-21,0,0,0
4609,2025-11-22,269,269,0
4609,2025-11-23,445,445,0
4609,2025-11-24,410,410,0
4609,2025-11-25,320,320,0
4609,2025-11-26,377,377,0
4609,2025-11-27,881,881,0
4609,2025-11-28,497,497,0
4609,2025-11-29,221,238,17
4609,2025-11-30,259,278,19
4609,2025-12-01,271,292,21
4609,2025-12-02,341,366,25
4609,2025-12-03,328,357,29
4609,2025-12-04,1103,1201,98
4609,2025-12-05,424,463,39
4609,2025-12-06,272,291,19
4609,2025-12-07,235,250,15
4609,2025-12-08,248,264,16
4609,2025-12-09,250,267,17
4609,2025-12-10,383,408,25
4609,2025-12-11,963,1027,64
4609,2025-12-12,387,415,28
4609,2025-12-13,287,309,22
4609,2025-12-14,241,259,18
4609,2025-12-15,276,297,21
4609,2025-12-16,290,312,22
4609,2025-12-17,348,373,25
4609,2025-12-18,1010,1082,72
4609,2025-12-19,467,500,33
4609,2025-12-20,298,321,23
4609,2025-12-21,261,282,21
4611,2025-11-22,1,1,0
4611,2025-11-23,5,5,0
4611,2025-11-24,1,1,0
4611,2025-11-25,6,6,0
4611,2025-11-26,0,0,0
4611,2025-11-27,0,0,0
4611,2025-11-28,0,0,0
4611,2025-11-29,10,11,1
4611,2025-11-30,11,12,1
4611,2025-12-01,13,13,0
4611,2025-12-02,0,0,0
4611,2025-12-03,0,0,0
4611,2025-12-04,0,0,0
4611,2025-12-05,0,0,0
4611,2025-12-06,5,5,0
4611,2025-12-07,4,4,0
4611,2025-12-08,4,4,0
4611,2025-12-09,0,0,0
4611,2025-12-10,0,0,0
4611,2025-12-11,0,0,0
4611,2025-12-12,0,0,0
4611,2025-12-13,0,0,0
4611,2025-12-14,0,0,0
4611,2025-12-15,0,0,0
4611,2025-12-16,0,0,0
4611,2025-12-17,6,7,1
4611,2025-12-18,0,0,0
4611,2025-12-19,0,0,0
4611,2025-12-20,0,0,0
4611,2025-12-21,0,0,0
4655,2025-11-22,5411,5411,0
4655,2025-11-23,4942,4942,0
4655,2025-11-24,4405,4405,0
4655,2025-11-25,4319,4319,0
4655,2025-11-26,6164,6164,0
4655,2025-11-27,6871,6871,0
4655,2025-11-28,3194,3194,0
4655,2025-11-29,2600,2775,175
4655,2025-11-30,2715,2911,196
4655,2025-12-01,2687,2886,199
4655,2025-12-02,2668,2874,206
4655,2025-12-03,4389,4746,357
4655,2025-12-04,7866,8567,701
4655,2025-12-05,3049,3320,271
4655,2025-12-06,3147,3348,201
4655,2025-12-07,2902,3088,186
4655,2025-12-08,2810,2990,180
4655,2025-12-09,3058,3258,200
4655,2025-12-10,4635,4951,316
4655,2025-12-11,7934,8498,564
4655,2025-12-12,2883,3086,203
4655,2025-12-13,2860,3074,214
4655,2025-12-14,2604,2799,195
4655,2025-12-15,2657,2854,197
4655,2025-12-16,3104,3336,232
4655,2025-12-17,4534,4879,345
4655,2025-12-18,5272,5674,402
4655,2025-12-19,2816,3031,215
4655,2025-12-20,2781,2992,211
4655,2025-12-21,1811,1951,140
4684,2025-11-22,0,0,0
4684,2025-11-23,0,0,0
4684,2025-11-24,0,0,0
4684,2025-11-25,0,0,0
4684,2025-11-26,0,0,0
4684,2025-11-27,0,0,0
4684,2025-11-28,0,0,0
4684,2025-11-29,0,0,0
4684,2025-11-30,0,0,0
4684,2025-12-01,0,0,0
4684,2025-12-02,0,0,0
4684,2025-12-03,0,0,0
4684,2025-12-04,0,0,0
4684,2025-12-05,0,0,0
4684,2025-12-06,0,0,0
4684,2025-12-07,0,0,0
4684,2025-12-08,0,0,0
4684,2025-12-09,0,0,0
4684,2025-12-10,0,0,0
4684,2025-12-11,0,0,0
4684,2025-12-12,0,0,0
4684,2025-12-13,0,0,0
4684,2025-12-14,0,0,0
4684,2025-12-15,0,0,0
4684,2025-12-16,0,0,0
4684,2025-12-17,0,0,0
4684,2025-12-18,0,0,0
4684,2025-12-19,0,0,0
4684,2025-12-20,0,0,0
4684,2025-12-21,0,0,0
4729,2025-11-22,0,0,0
4729,2025-11-23,0,0,0
4729,2025-11-24,0,0,0
4729,2025-11-25,0,0,0
4729,2025-11-26,0,0,0
4729,2025-11-27,0,0,0
4729,2025-11-28,0,0,0
4729,2025-11-29,0,0,0
4729,2025-11-30,0,0,0
4729,2025-12-01,0,0,0
4729,2025-12-02,0,0,0
4729,2025-12-03,0,0,0
4729,2025-12-04,0,0,0
4729,2025-12-05,0,0,0
4729,2025-12-06,0,0,0
4729,2025-12-07,0,0,0
4729,2025-12-08,0,0,0
4729,2025-12-09,0,0,0
4729,2025-12-10,0,0,0
4729,2025-12-11,0,0,0
4729,2025-12-12,0,0,0
4729,2025-12-13,0,0,0
4729,2025-12-14,0,0,0
4729,2025-12-15,0,0,0
4729,2025-12-16,0,0,0
4729,2025-12-17,0,0,0
4729,2025-12-18,0,0,0
4729,2025-12-19,0,0,0
4729,2025-12-20,0,0,0
4729,2025-12-21,0,0,0
4756,2025-11-22,797,797,0
4756,2025-11-23,759,759,0
4756,2025-11-24,599,599,0
4756,2025-11-25,716,716,0
4756,2025-11-26,995,995,0
4756,2025-11-27,1201,1201,0
4756,2025-11-28,519,519,0
4756,2025-11-29,422,449,27
4756,2025-11-30,446,478,32
4756,2025-12-01,408,439,31
4756,2025-12-02,426,459,33
4756,2025-12-03,733,793,60
4756,2025-12-04,1449,1579,130
4756,2025-12-05,583,632,49
4756,2025-12-06,474,502,28
4756,2025-12-07,389,413,24
4756,2025-12-08,387,411,24
4756,2025-12-09,450,480,30
4756,2025-12-10,637,681,44
4756,2025-12-11,1228,1316,88
4756,2025-12-12,506,542,36
4756,2025-12-13,337,363,26
4756,2025-12-14,320,344,24
4756,2025-12-15,378,407,29
4756,2025-12-16,493,531,38
4756,2025-12-17,621,667,46
4756,2025-12-18,802,864,62
4756,2025-12-19,479,517,38
4756,2025-12-20,327,352,25
4756,2025-12-21,250,269,19
4791,2025-11-22,2469,2469,0
4791,2025-11-23,2119,2119,0
4791,2025-11-24,2228,2228,0
4791,2025-11-25,2369,2369,0
4791,2025-11-26,3184,3184,0
4791,2025-11-27,3292,3292,0
4791,2025-11-28,943,943,0
4791,2025-11-29,945,1006,61
4791,2025-11-30,1100,1177,77
4791,2025-12-01,1033,1108,75
4791,2025-12-02,1323,1422,99
4791,2025-12-03,2210,2390,180
4791,2025-12-04,3230,3520,290
4791,2025-12-05,859,936,77
4791,2025-12-06,1211,1287,76
4791,2025-12-07,929,985,56
4791,2025-12-08,915,972,57
4791,2025-12-09,1162,1235,73
4791,2025-12-10,1896,2019,123
4791,2025-12-11,3735,3994,259
4791,2025-12-12,1219,1301,82
4791,2025-12-13,900,964,64
4791,2025-12-14,821,880,59
4791,2025-12-15,962,1033,71
4791,2025-12-16,1249,1340,91
4791,2025-12-17,1856,1996,140
4791,2025-12-18,2160,2324,164
4791,2025-12-19,1126,1212,86
4791,2025-12-20,806,867,61
4791,2025-12-21,507,547,40
4797,2025-11-22,0,0,0
4797,2025-11-23,0,0,0
4797,2025-11-24,0,0,0
4797,2025-11-25,0,0,0
4797,2025-11-26,0,0,0
4797,2025-11-27,0,0,0
4797,2025-11-28,0,0,0
4797,2025-11-29,0,0,0
4797,2025-11-30,0,0,0
4797,2025-12-01,0,0,0
4797,2025-12-02,0,0,0
4797,2025-12-03,0,0,0
4797,2025-12-04,0,0,0
4797,2025-12-05,0,0,0
4797,2025-12-06,0,0,0
4797,2025-12-07,0,0,0
4797,2025-12-08,0,0,0
4797,2025-12-09,0,0,0
4797,2025-12-10,0,0,0
4797,2025-12-11,0,0,0
4797,2025-12-12,0,0,0
4797,2025-12-13,0,0,0
4797,2025-12-14,0,0,0
4797,2025-12-15,0,0,0
4797,2025-12-16,0,0,0
4797,2025-12-17,0,0,0
4797,2025-12-18,0,0,0
4797,2025-12-19,0,0,0
4797,2025-12-20,0,0,0
4797,2025-12-21,0,0,0
4820,2025-11-22,15,15,0
4820,2025-11-23,8,8,0
4820,2025-11-24,7,7,0
4820,2025-11-25,6,6,0
4820,2025-11-26,13,13,0
4820,2025-11-27,12,12,0
4820,2025-11-28,7,7,0
4820,2025-11-29,11,12,1
4820,2025-11-30,8,8,0
4820,2025-12-01,10,11,1
4820,2025-12-02,11,12,1
4820,2025-12-03,15,17,2
4820,2025-12-04,19,21,2
4820,2025-12-05,7,8,1
4820,2025-12-06,8,8,0
4820,2025-12-07,7,8,1
4820,2025-12-08,7,8,1
4820,2025-12-09,9,9,0
4820,2025-12-10,10,11,1
4820,2025-12-11,19,21,2
4820,2025-12-12,8,8,0
4820,2025-12-13,9,10,1
4820,2025-12-14,9,9,0
4820,2025-12-15,10,11,1
4820,2025-12-16,15,16,1
4820,2025-12-17,15,17,2
4820,2025-12-18,24,26,2
4820,2025-12-19,10,11,1
4820,2025-12-20,11,12,1
4820,2025-12-21,6,7,1
4879,2025-11-22,38,38,0
4879,2025-11-23,39,39,0
4879,2025-11-24,14,14,0
4879,2025-11-25,12,12,0
4879,2025-11-26,20,20,0
4879,2025-11-27,30,30,0
4879,2025-11-28,0,0,0
4879,2025-11-29,0,0,0
4879,2025-11-30,0,0,0
4879,2025-12-01,0,0,0
4879,2025-12-02,0,0,0
4879,2025-12-03,0,0,0
4879,2025-12-04,1,2,1
4879,2025-12-05,0,0,0
4879,2025-12-06,0,0,0
4879,2025-12-07,0,0,0
4879,2025-12-08,0,0,0
4879,2025-12-09,0,0,0
4879,2025-12-10,1,1,0
4879,2025-12-11,3,3,0
4879,2025-12-12,0,0,0
4879,2025-12-13,0,0,0
4879,2025-12-14,0,0,0
4879,2025-12-15,0,0,0
4879,2025-12-16,0,0,0
4879,2025-12-17,1,1,0
4879,2025-12-18,2,2,0
4879,2025-12-19,0,0,0
4879,2025-12-20,0,0,0
4879,2025-12-21,0,0,0
4933,2025-11-22,10,10,0
4933,2025-11-23,12,12,0
4933,2025-11-24,11,11,0
4933,2025-11-25,11,11,0
4933,2025-11-26,19,19,0
4933,2025-11-27,20,20,0
4933,2025-11-28,10,10,0
4933,2025-11-29,5,5,0
4933,2025-11-30,5,5,0
4933,2025-12-01,6,7,1
4933,2025-12-02,7,7,0
4933,2025-12-03,10,10,0
4933,2025-12-04,17,18,1
4933,2025-12-05,10,11,1
4933,2025-12-06,11,11,0
4933,2025-12-07,10,10,0
4933,2025-12-08,8,8,0
4933,2025-12-09,11,11,0
4933,2025-12-10,14,15,1
4933,2025-12-11,20,21,1
4933,2025-12-12,6,6,0
4933,2025-12-13,5,5,0
4933,2025-12-14,3,3,0
4933,2025-12-15,4,4,0
4933,2025-12-16,5,5,0
4933,2025-12-17,7,8,1
4933,2025-12-18,10,11,1
4933,2025-12-19,4,5,1
4933,2025-12-20,4,4,0
4933,2025-12-21,2,3,1
4946,2025-11-22,2,2,0
4946,2025-11-23,5,5,0
4946,2025-11-24,3,3,0
4946,2025-11-25,3,3,0
4946,2025-11-26,1,1,0
4946,2025-11-27,2,2,0
4946,2025-11-28,1,1,0
4946,2025-11-29,1,1,0
4946,2025-11-30,3,4,1
4946,2025-12-01,2,2,0
4946,2025-12-02,2,2,0
4946,2025-12-03,3,3,0
4946,2025-12-04,5,6,1
4946,2025-12-05,2,2,0
4946,2025-12-06,3,3,0
4946,2025-12-07,3,3,0
4946,2025-12-08,3,3,0
4946,2025-12-09,3,4,1
4946,2025-12-10,3,4,1
4946,2025-12-11,5,5,0
4946,2025-12-12,3,3,0
4946,2025-12-13,3,3,0
4946,2025-12-14,3,3,0
4946,2025-12-15,4,4,0
4946,2025-12-16,4,4,0
4946,2025-12-17,4,4,0
4946,2025-12-18,5,5,0
4946,2025-12-19,4,4,0
4946,2025-12-20,4,4,0
4946,2025-12-21,3,3,0
4973,2025-11-22,28,28,0
4973,2025-11-23,22,22,0
4973,2025-11-24,18,18,0
4973,2025-11-25,13,13,0
4973,2025-11-26,22,22,0
4973,2025-11-27,28,28,0
4973,2025-11-28,20,20,0
4973,2025-11-29,15,17,2
4973,2025-11-30,19,20,1
4973,2025-12-01,19,20,1
4973,2025-12-02,23,25,2
4973,2025-12-03,28,31,3
4973,2025-12-04,84,90,6
4973,2025-12-05,28,30,2
4973,2025-12-06,23,24,1
4973,2025-12-07,22,24,2
4973,2025-12-08,25,26,1
4973,2025-12-09,30,32,2
4973,2025-12-10,40,42,2
4973,2025-12-11,67,71,4
4973,2025-12-12,35,37,2
4973,2025-12-13,24,26,2
4973,2025-12-14,22,24,2
4973,2025-12-15,27,29,2
4973,2025-12-16,31,34,3
4973,2025-12-17,44,46,2
4973,2025-12-18,76,81,5
4973,2025-12-19,36,39,3
4973,2025-12-20,29,31,2
4973,2025-12-21,19,21,2
4981,2025-11-22,187,187,0
4981,2025-11-23,332,332,0
4981,2025-11-24,270,270,0
4981,2025-11-25,231,231,0
4981,2025-11-26,398,398,0
4981,2025-11-27,890,890,0
4981,2025-11-28,269,269,0
4981,2025-11-29,201,215,14
4981,2025-11-30,185,201,16
4981,2025-12-01,225,244,19
4981,2025-12-02,234,253,19
4981,2025-12-03,286,310,24
4981,2025-12-04,1083,1184,101
4981,2025-12-05,344,376,32
4981,2025-12-06,243,259,16
4981,2025-12-07,250,266,16
4981,2025-12-08,264,281,17
4981,2025-12-09,281,298,17
4981,2025-12-10,363,387,24
4981,2025-12-11,1647,1763,116
4981,2025-12-12,386,412,26
4981,2025-12-13,254,273,19
4981,2025-12-14,214,230,16
4981,2025-12-15,299,321,22
4981,2025-12-16,281,302,21
4981,2025-12-17,414,446,32
4981,2025-12-18,1046,1126,80
4981,2025-12-19,428,461,33
4981,2025-12-20,236,254,18
4981,2025-12-21,200,215,15
4994,2025-11-22,0,0,0
4994,2025-11-23,0,0,0
4994,2025-11-24,0,0,0
4994,2025-11-25,0,0,0
4994,2025-11-26,0,0,0
4994,2025-11-27,0,0,0
4994,2025-11-28,0,0,0
4994,2025-11-29,0,0,0
4994,2025-11-30,0,0,0
4994,2025-12-01,0,0,0
4994,2025-12-02,0,0,0
4994,2025-12-03,0,0,0
4994,2025-12-04,0,0,0
4994,2025-12-05,0,0,0
4994,2025-12-06,0,0,0
4994,2025-12-07,0,0,0
4994,2025-12-08,0,0,0
4994,2025-12-09,0,0,0
4994,2025-12-10,0,0,0
4994,2025-12-11,0,0,0
4994,2025-12-12,0,0,0
4994,2025-12-13,0,0,0
4994,2025-12-14,0,0,0
4994,2025-12-15,0,0,0
4994,2025-12-16,0,0,0
4994,2025-12-17,0,0,0
4994,2025-12-18,0,0,0
4994,2025-12-19,0,0,0
4994,2025-12-20,0,0,0
4994,2025-12-21,0,0,0
4995,2025-11-22,43166,43166,0
4995,2025-11-23,43041,43041,0
4995,2025-11-24,46771,46771,0
4995,2025-11-25,50024,50024,0
4995,2025-11-26,51245,51245,0
4995,2025-11-27,44071,44071,0
4995,2025-11-28,20810,20810,0
4995,2025-11-29,24585,25589,1004
4995,2025-11-30,25937,27174,1237
4995,2025-12-01,28216,29602,1386
4995,2025-12-02,29405,30850,1445
4995,2025-12-03,32877,34733,1856
4995,2025-12-04,36290,38555,2265
4995,2025-12-05,24690,26352,1662
4995,2025-12-06,26776,28122,1346
4995,2025-12-07,26365,27703,1338
4995,2025-12-08,27759,29170,1411
4995,2025-12-09,31286,32901,1615
4995,2025-12-10,32919,34659,1740
4995,2025-12-11,35575,37555,1980
4995,2025-12-12,26615,28185,1570
4995,2025-12-13,28188,29918,1730
4995,2025-12-14,29089,30903,1814
4995,2025-12-15,31895,33910,2015
4995,2025-12-16,37584,39969,2385
4995,2025-12-17,37824,40225,2401
4995,2025-12-18,36861,39235,2374
4995,2025-12-19,27029,28866,1837
4995,2025-12-20,26894,28744,1850
4995,2025-12-21,21205,22730,1525
4998,2025-11-22,0,0,0
4998,2025-11-23,0,0,0
4998,2025-11-24,0,0,0
4998,2025-11-25,0,0,0
4998,2025-11-26,0,0,0
4998,2025-11-27,0,0,0
4998,2025-11-28,0,0,0
4998,2025-11-29,0,0,0
4998,2025-11-30,0,0,0
4998,2025-12-01,0,0,0
4998,2025-12-02,0,0,0
4998,2025-12-03,0,0,0
4998,2025-12-04,0,0,0
4998,2025-12-05,0,0,0
4998,2025-12-06,0,0,0
4998,2025-12-07,0,0,0
4998,2025-12-08,0,0,0
4998,2025-12-09,0,0,0
4998,2025-12-10,0,0,0
4998,2025-12-11,0,0,0
4998,2025-12-12,0,0,0
4998,2025-12-13,0,0,0
4998,2025-12-14,0,0,0
4998,2025-12-15,0,0,0
4998,2025-12-16,0,0,0
4998,2025-12-17,0,0,0
4998,2025-12-18,0,0,0
4998,2025-12-19,0,0,0
4998,2025-12-20,0,0,0
4998,2025-12-21,0,0,0
5163,2025-11-22,2,2,0
5163,2025-11-23,0,0,0
5163,2025-11-24,1,1,0
5163,2025-11-25,0,0,0
5163,2025-11-26,1,1,0
5163,2025-11-27,2,2,0
5163,2025-11-28,0,0,0
5163,2025-11-29,0,0,0
5163,2025-11-30,0,0,0
5163,2025-12-01,0,0,0
5163,2025-12-02,0,0,0
5163,2025-12-03,1,1,0
5163,2025-12-04,1,2,1
5163,2025-12-05,0,0,0
5163,2025-12-06,0,0,0
5163,2025-12-07,0,0,0
5163,2025-12-08,0,0,0
5163,2025-12-09,0,0,0
5163,2025-12-10,0,0,0
5163,2025-12-11,1,1,0
5163,2025-12-12,0,0,0
5163,2025-12-13,0,0,0
5163,2025-12-14,0,0,0
5163,2025-12-15,0,0,0
5163,2025-12-16,0,0,0
5163,2025-12-17,0,0,0
5163,2025-12-18,1,1,0
5163,2025-12-19,0,0,0
5163,2025-12-20,0,0,0
5163,2025-12-21,0,0,0
5171,2025-11-22,0,0,0
5171,2025-11-23,0,0,0
5171,2025-11-24,0,0,0
5171,2025-11-25,0,0,0
5171,2025-11-26,0,0,0
5171,2025-11-27,0,0,0
5171,2025-11-28,0,0,0
5171,2025-11-29,0,0,0
5171,2025-11-30,0,0,0
5171,2025-12-01,0,0,0
5171,2025-12-02,0,0,0
5171,2025-12-03,0,0,0
5171,2025-12-04,0,0,0
5171,2025-12-05,0,0,0
5171,2025-12-06,0,0,0
5171,2025-12-07,0,0,0
5171,2025-12-08,0,0,0
5171,2025-12-09,0,0,0
5171,2025-12-10,0,0,0
5171,2025-12-11,0,0,0
5171,2025-12-12,0,0,0
5171,2025-12-13,0,0,0
5171,2025-12-14,0,0,0
5171,2025-12-15,0,0,0
5171,2025-12-16,0,0,0
5171,2025-12-17,0,0,0
5171,2025-12-18,0,0,0
5171,2025-12-19,0,0,0
5171,2025-12-20,0,0,0
5171,2025-12-21,0,0,0
5241,2025-11-22,0,0,0
5241,2025-11-23,0,0,0
5241,2025-11-24,0,0,0
5241,2025-11-25,0,0,0
5241,2025-11-26,0,0,0
5241,2025-11-27,0,0,0
5241,2025-11-28,0,0,0
5241,2025-11-29,0,0,0
5241,2025-11-30,0,0,0
5241,2025-12-01,0,0,0
5241,2025-12-02,0,0,0
5241,2025-12-03,0,0,0
5241,2025-12-04,0,0,0
5241,2025-12-05,0,0,0
5241,2025-12-06,0,0,0
5241,2025-12-07,0,0,0
5241,2025-12-08,0,0,0
5241,2025-12-09,0,0,0
5241,2025-12-10,0,0,0
5241,2025-12-11,0,0,0
5241,2025-12-12,0,0,0
5241,2025-12-13,0,0,0
5241,2025-12-14,0,0,0
5241,2025-12-15,0,0,0
5241,2025-12-16,0,0,0
5241,2025-12-17,0,0,0
5241,2025-12-18,0,0,0
5241,2025-12-19,0,0,0
5241,2025-12-20,0,0,0
5241,2025-12-21,0,0,0
5244,2025-11-22,59,59,0
5244,2025-11-23,57,57,0
5244,2025-11-24,49,49,0
5244,2025-11-25,51,51,0
5244,2025-11-26,69,69,0
5244,2025-11-27,170,170,0
5244,2025-11-28,84,84,0
5244,2025-11-29,57,61,4
5244,2025-11-30,67,72,5
5244,2025-12-01,88,92,4
5244,2025-12-02,93,99,6
5244,2025-12-03,101,107,6
5244,2025-12-04,166,180,14
5244,2025-12-05,80,87,7
5244,2025-12-06,64,68,4
5244,2025-12-07,63,67,4
5244,2025-12-08,63,67,4
5244,2025-12-09,64,68,4
5244,2025-12-10,72,77,5
5244,2025-12-11,175,187,12
5244,2025-12-12,75,81,6
5244,2025-12-13,64,69,5
5244,2025-12-14,57,62,5
5244,2025-12-15,77,82,5
5244,2025-12-16,78,84,6
5244,2025-12-17,83,89,6
5244,2025-12-18,154,166,12
5244,2025-12-19,73,78,5
5244,2025-12-20,64,69,5
5244,2025-12-21,54,58,4
5262,2025-11-22,37,37,0
5262,2025-11-23,36,36,0
5262,2025-11-24,42,42,0
5262,2025-11-25,29,29,0
5262,2025-11-26,43,43,0
5262,2025-11-27,139,139,0
5262,2025-11-28,31,31,0
5262,2025-11-29,26,28,2
5262,2025-11-30,31,34,3
5262,2025-12-01,38,41,3
5262,2025-12-02,37,40,3
5262,2025-12-03,75,79,4
5262,2025-12-04,146,160,14
5262,2025-12-05,52,57,5
5262,2025-12-06,43,45,2
5262,2025-12-07,37,40,3
5262,2025-12-08,36,39,3
5262,2025-12-09,42,45,3
5262,2025-12-10,58,62,4
5262,2025-12-11,179,191,12
5262,2025-12-12,60,64,4
5262,2025-12-13,43,46,3
5262,2025-12-14,35,38,3
5262,2025-12-15,40,43,3
5262,2025-12-16,43,46,3
5262,2025-12-17,57,61,4
5262,2025-12-18,155,168,13
5262,2025-12-19,70,75,5
5262,2025-12-20,50,54,4
5262,2025-12-21,39,42,3
5265,2025-11-22,23,23,0
5265,2025-11-23,17,17,0
5265,2025-11-24,18,18,0
5265,2025-11-25,18,18,0
5265,2025-11-26,25,25,0
5265,2025-11-27,21,21,0
5265,2025-11-28,11,11,0
5265,2025-11-29,10,10,0
5265,2025-11-30,12,13,1
5265,2025-12-01,13,13,0
5265,2025-12-02,14,15,1
5265,2025-12-03,15,16,1
5265,2025-12-04,20,22,2
5265,2025-12-05,11,12,1
5265,2025-12-06,11,12,1
5265,2025-12-07,11,12,1
5265,2025-12-08,13,14,1
5265,2025-12-09,16,17,1
5265,2025-12-10,15,16,1
5265,2025-12-11,23,24,1
5265,2025-12-12,13,14,1
5265,2025-12-13,14,15,1
5265,2025-12-14,15,16,1
5265,2025-12-15,17,18,1
5265,2025-12-16,20,22,2
5265,2025-12-17,21,22,1
5265,2025-12-18,24,26,2
5265,2025-12-19,15,16,1
5265,2025-12-20,14,15,1
5265,2025-12-21,10,10,0
5270,2025-11-22,21,21,0
5270,2025-11-23,29,29,0
5270,2025-11-24,15,15,0
5270,2025-11-25,18,18,0
5270,2025-11-26,25,25,0
5270,2025-11-27,59,59,0
5270,2025-11-28,9,9,0
5270,2025-11-29,9,10,1
5270,2025-11-30,12,12,0
5270,2025-12-01,12,13,1
5270,2025-12-02,14,15,1
5270,2025-12-03,15,16,1
5270,2025-12-04,47,51,4
5270,2025-12-05,11,12,1
5270,2025-12-06,6,7,1
5270,2025-12-07,6,6,0
5270,2025-12-08,0,0,0
5270,2025-12-09,0,0,0
5270,2025-12-10,10,11,1
5270,2025-12-11,35,38,3
5270,2025-12-12,0,0,0
5270,2025-12-13,0,0,0
5270,2025-12-14,0,0,0
5270,2025-12-15,0,0,0
5270,2025-12-16,0,0,0
5270,2025-12-17,0,0,0
5270,2025-12-18,29,31,2
5270,2025-12-19,15,16,1
5270,2025-12-20,10,11,1
5270,2025-12-21,10,11,1
5297,2025-11-22,1496,1496,0
5297,2025-11-23,1195,1195,0
5297,2025-11-24,1109,1109,0
5297,2025-11-25,1060,1060,0
5297,2025-11-26,1225,1225,0
5297,2025-11-27,1302,1302,0
5297,2025-11-28,476,476,0
5297,2025-11-29,327,347,20
5297,2025-11-30,489,518,29
5297,2025-12-01,481,510,29
5297,2025-12-02,595,635,40
5297,2025-12-03,822,885,63
5297,2025-12-04,1655,1800,145
5297,2025-12-05,492,531,39
5297,2025-12-06,477,505,28
5297,2025-12-07,500,531,31
5297,2025-12-08,448,475,27
5297,2025-12-09,512,544,32
5297,2025-12-10,698,743,45
5297,2025-12-11,1661,1773,112
5297,2025-12-12,727,774,47
5297,2025-12-13,517,552,35
5297,2025-12-14,485,519,34
5297,2025-12-15,438,470,32
5297,2025-12-16,440,473,33
5297,2025-12-17,649,697,48
5297,2025-12-18,762,818,56
5297,2025-12-19,483,520,37
5297,2025-12-20,466,500,34
5297,2025-12-21,333,356,23
5303,2025-11-22,0,0,0
5303,2025-11-23,0,0,0
5303,2025-11-24,0,0,0
5303,2025-11-25,0,0,0
5303,2025-11-26,0,0,0
5303,2025-11-27,0,0,0
5303,2025-11-28,0,0,0
5303,2025-11-29,0,0,0
5303,2025-11-30,0,0,0
5303,2025-12-01,0,0,0
5303,2025-12-02,0,0,0
5303,2025-12-03,0,0,0
5303,2025-12-04,0,0,0
5303,2025-12-05,0,0,0
5303,2025-12-06,0,0,0
5303,2025-12-07,0,0,0
5303,2025-12-08,0,0,0
5303,2025-12-09,0,0,0
5303,2025-12-10,0,0,0
5303,2025-12-11,0,0,0
5303,2025-12-12,0,0,0
5303,2025-12-13,0,0,0
5303,2025-12-14,0,0,0
5303,2025-12-15,0,0,0
5303,2025-12-16,0,0,0
5303,2025-12-17,0,0,0
5303,2025-12-18,0,0,0
5303,2025-12-19,0,0,0
5303,2025-12-20,0,0,0
5303,2025-12-21,0,0,0
5309,2025-11-22,5,5,0
5309,2025-11-23,13,13,0
5309,2025-11-24,9,9,0
5309,2025-11-25,7,7,0
5309,2025-11-26,9,9,0
5309,2025-11-27,11,11,0
5309,2025-11-28,5,5,0
5309,2025-11-29,11,11,0
5309,2025-11-30,16,17,1
5309,2025-12-01,17,18,1
5309,2025-12-02,7,7,0
5309,2025-12-03,8,8,0
5309,2025-12-04,13,14,1
5309,2025-12-05,9,9,0
5309,2025-12-06,6,6,0
5309,2025-12-07,7,7,0
5309,2025-12-08,6,7,1
5309,2025-12-09,7,7,0
5309,2025-12-10,8,8,0
5309,2025-12-11,4,5,1
5309,2025-12-12,2,2,0
5309,2025-12-13,0,0,0
5309,2025-12-14,8,8,0
5309,2025-12-15,1,1,0
5309,2025-12-16,5,5,0
5309,2025-12-17,6,6,0
5309,2025-12-18,8,8,0
5309,2025-12-19,6,6,0
5309,2025-12-20,5,5,0
5309,2025-12-21,0,0,0
5383,2025-11-22,0,0,0
5383,2025-11-23,0,0,0
5383,2025-11-24,0,0,0
5383,2025-11-25,0,0,0
5383,2025-11-26,0,0,0
5383,2025-11-27,0,0,0
5383,2025-11-28,0,0,0
5383,2025-11-29,0,0,0
5383,2025-11-30,0,0,0
5383,2025-12-01,0,0,0
5383,2025-12-02,0,0,0
5383,2025-12-03,0,0,0
5383,2025-12-04,0,0,0
5383,2025-12-05,0,0,0
5383,2025-12-06,0,0,0
5383,2025-12-07,0,0,0
5383,2025-12-08,0,0,0
5383,2025-12-09,0,0,0
5383,2025-12-10,0,0,0
5383,2025-12-11,0,0,0
5383,2025-12-12,0,0,0
5383,2025-12-13,0,0,0
5383,2025-12-14,0,0,0
5383,2025-12-15,0,0,0
5383,2025-12-16,0,0,0
5383,2025-12-17,0,0,0
5383,2025-12-18,0,0,0
5383,2025-12-19,0,0,0
5383,2025-12-20,0,0,0
5383,2025-12-21,0,0,0
5410,2025-11-22,2,2,0
5410,2025-11-23,2,2,0
5410,2025-11-24,0,0,0
5410,2025-11-25,0,0,0
5410,2025-11-26,0,0,0
5410,2025-11-27,0,0,0
5410,2025-11-28,0,0,0
5410,2025-11-29,0,0,0
5410,2025-11-30,0,0,0
5410,2025-12-01,4,4,0
5410,2025-12-02,4,4,0
5410,2025-12-03,0,0,0
5410,2025-12-04,0,0,0
5410,2025-12-05,0,0,0
5410,2025-12-06,0,0,0
5410,2025-12-07,0,0,0
5410,2025-12-08,0,0,0
5410,2025-12-09,0,0,0
5410,2025-12-10,0,0,0
5410,2025-12-11,0,0,0
5410,2025-12-12,0,0,0
5410,2025-12-13,0,0,0
5410,2025-12-14,0,0,0
5410,2025-12-15,0,0,0
5410,2025-12-16,0,0,0
5410,2025-12-17,0,0,0
5410,2025-12-18,0,0,0
5410,2025-12-19,0,0,0
5410,2025-12-20,0,0,0
5410,2025-12-21,0,0,0
5413,2025-11-22,9557,9557,0
5413,2025-11-23,8841,8841,0
5413,2025-11-24,7602,7602,0
5413,2025-11-25,7520,7520,0
5413,2025-11-26,10793,10793,0
5413,2025-11-27,11491,11491,0
5413,2025-11-28,4090,4090,0
5413,2025-11-29,3755,4001,246
5413,2025-11-30,3312,3546,234
5413,2025-12-01,3566,3819,253
5413,2025-12-02,4465,4794,329
5413,2025-12-03,6144,6633,489
5413,2025-12-04,9445,10265,820
5413,2025-12-05,3962,4300,338
5413,2025-12-06,4547,4829,282
5413,2025-12-07,4069,4326,257
5413,2025-12-08,3300,3506,206
5413,2025-12-09,3422,3642,220
5413,2025-12-10,5664,6038,374
5413,2025-12-11,10822,11568,746
5413,2025-12-12,5262,5617,355
5413,2025-12-13,4519,4840,321
5413,2025-12-14,3322,3559,237
5413,2025-12-15,3299,3537,238
5413,2025-12-16,3529,3786,257
5413,2025-12-17,6233,6693,460
5413,2025-12-18,7598,8161,563
5413,2025-12-19,3729,4005,276
5413,2025-12-20,2922,3143,221
5413,2025-12-21,2020,2176,156
5414,2025-11-22,1043,1043,0
5414,2025-11-23,1018,1018,0
5414,2025-11-24,784,784,0
5414,2025-11-25,783,783,0
5414,2025-11-26,1395,1395,0
5414,2025-11-27,2270,2270,0
5414,2025-11-28,903,903,0
5414,2025-11-29,469,500,31
5414,2025-11-30,401,432,31
5414,2025-12-01,436,470,34
5414,2025-12-02,446,484,38
5414,2025-12-03,866,935,69
5414,2025-12-04,1835,2000,165
5414,2025-12-05,571,623,52
5414,2025-12-06,499,531,32
5414,2025-12-07,507,540,33
5414,2025-12-08,540,572,32
5414,2025-12-09,677,718,41
5414,2025-12-10,791,842,51
5414,2025-12-11,1950,2087,137
5414,2025-12-12,558,597,39
5414,2025-12-13,498,534,36
5414,2025-12-14,396,424,28
5414,2025-12-15,499,536,37
5414,2025-12-16,622,667,45
5414,2025-12-17,833,895,62
5414,2025-12-18,1595,1715,120
5414,2025-12-19,633,680,47
5414,2025-12-20,518,557,39
5414,2025-12-21,357,385,28
5434,2025-11-22,74,74,0
5434,2025-11-23,78,78,0
5434,2025-11-24,55,55,0
5434,2025-11-25,58,58,0
5434,2025-11-26,122,122,0
5434,2025-11-27,149,149,0
5434,2025-11-28,43,43,0
5434,2025-11-29,51,55,4
5434,2025-11-30,55,59,4
5434,2025-12-01,57,61,4
5434,2025-12-02,66,71,5
5434,2025-12-03,76,82,6
5434,2025-12-04,98,107,9
5434,2025-12-05,49,53,4
5434,2025-12-06,61,65,4
5434,2025-12-07,61,65,4
5434,2025-12-08,66,70,4
5434,2025-12-09,67,72,5
5434,2025-12-10,71,75,4
5434,2025-12-11,99,105,6
5434,2025-12-12,58,61,3
5434,2025-12-13,63,68,5
5434,2025-12-14,60,64,4
5434,2025-12-15,70,75,5
5434,2025-12-16,80,85,5
5434,2025-12-17,76,80,4
5434,2025-12-18,99,105,6
5434,2025-12-19,67,72,5
5434,2025-12-20,67,71,4
5434,2025-12-21,59,63,4
5506,2025-11-22,32,32,0
5506,2025-11-23,17,17,0
5506,2025-11-24,18,18,0
5506,2025-11-25,17,17,0
5506,2025-11-26,13,13,0
5506,2025-11-27,24,24,0
5506,2025-11-28,9,9,0
5506,2025-11-29,3,4,1
5506,2025-11-30,4,4,0
5506,2025-12-01,6,6,0
5506,2025-12-02,9,9,0
5506,2025-12-03,13,14,1
5506,2025-12-04,56,61,5
5506,2025-12-05,11,12,1
5506,2025-12-06,6,7,1
5506,2025-12-07,6,6,0
5506,2025-12-08,7,8,1
5506,2025-12-09,10,10,0
5506,2025-12-10,8,8,0
5506,2025-12-11,30,32,2
5506,2025-12-12,6,6,0
5506,2025-12-13,6,7,1
5506,2025-12-14,8,8,0
5506,2025-12-15,10,11,1
5506,2025-12-16,11,12,1
5506,2025-12-17,12,13,1
5506,2025-12-18,21,23,2
5506,2025-12-19,9,10,1
5506,2025-12-20,6,7,1
5506,2025-12-21,5,6,1
5529,2025-11-22,0,0,0
5529,2025-11-23,0,0,0
5529,2025-11-24,0,0,0
5529,2025-11-25,0,0,0
5529,2025-11-26,0,0,0
5529,2025-11-27,1,1,0
5529,2025-11-28,0,0,0
5529,2025-11-29,0,0,0
5529,2025-11-30,0,0,0
5529,2025-12-01,0,0,0
5529,2025-12-02,0,0,0
5529,2025-12-03,0,0,0
5529,2025-12-04,0,0,0
5529,2025-12-05,0,0,0
5529,2025-12-06,0,0,0
5529,2025-12-07,1,1,0
5529,2025-12-08,1,1,0
5529,2025-12-09,0,0,0
5529,2025-12-10,0,0,0
5529,2025-12-11,1,2,1
5529,2025-12-12,0,0,0
5529,2025-12-13,0,0,0
5529,2025-12-14,0,0,0
5529,2025-12-15,0,0,0
5529,2025-12-16,0,0,0
5529,2025-12-17,0,0,0
5529,2025-12-18,0,0,0
5529,2025-12-19,0,0,0
5529,2025-12-20,0,0,0
5529,2025-12-21,0,0,0
5640,2025-11-22,1808,1808,0
5640,2025-11-23,1782,1782,0
5640,2025-11-24,1305,1305,0
5640,2025-11-25,1259,1259,0
5640,2025-11-26,1902,1902,0
5640,2025-11-27,2706,2706,0
5640,2025-11-28,1025,1025,0
5640,2025-11-29,972,1030,58
5640,2025-11-30,1064,1135,71
5640,2025-12-01,1052,1125,73
5640,2025-12-02,980,1052,72
5640,2025-12-03,1624,1749,125
5640,2025-12-04,3458,3766,308
5640,2025-12-05,1283,1394,111
5640,2025-12-06,1194,1266,72
5640,2025-12-07,1148,1218,70
5640,2025-12-08,1070,1135,65
5640,2025-12-09,1148,1219,71
5640,2025-12-10,1675,1785,110
5640,2025-12-11,3624,3879,255
5640,2025-12-12,1220,1302,82
5640,2025-12-13,684,732,48
5640,2025-12-14,665,712,47
5640,2025-12-15,749,803,54
5640,2025-12-16,870,933,63
5640,2025-12-17,1642,1763,121
5640,2025-12-18,2399,2581,182
5640,2025-12-19,965,1039,74
5640,2025-12-20,713,768,55
5640,2025-12-21,543,583,40
5657,2025-11-22,51,51,0
5657,2025-11-23,46,46,0
5657,2025-11-24,57,57,0
5657,2025-11-25,35,35,0
5657,2025-11-26,58,58,0
5657,2025-11-27,172,172,0
5657,2025-11-28,149,149,0
5657,2025-11-29,36,38,2
5657,2025-11-30,52,56,4
5657,2025-12-01,54,57,3
5657,2025-12-02,45,48,3
5657,2025-12-03,54,59,5
5657,2025-12-04,187,202,15
5657,2025-12-05,58,64,6
5657,2025-12-06,41,44,3
5657,2025-12-07,40,43,3
5657,2025-12-08,49,52,3
5657,2025-12-09,53,56,3
5657,2025-12-10,62,66,4
5657,2025-12-11,186,198,12
5657,2025-12-12,62,67,5
5657,2025-12-13,54,57,3
5657,2025-12-14,42,45,3
5657,2025-12-15,47,50,3
5657,2025-12-16,53,57,4
5657,2025-12-17,62,67,5
5657,2025-12-18,154,165,11
5657,2025-12-19,80,86,6
5657,2025-12-20,43,46,3
5657,2025-12-21,33,35,2
5683,2025-11-22,4,4,0
5683,2025-11-23,4,4,0
5683,2025-11-24,4,4,0
5683,2025-11-25,4,4,0
5683,2025-11-26,5,5,0
5683,2025-11-27,5,5,0
5683,2025-11-28,0,0,0
5683,2025-11-29,0,0,0
5683,2025-11-30,0,0,0
5683,2025-12-01,1,1,0
5683,2025-12-02,1,1,0
5683,2025-12-03,1,1,0
5683,2025-12-04,2,2,0
5683,2025-12-05,1,1,0
5683,2025-12-06,2,2,0
5683,2025-12-07,2,2,0
5683,2025-12-08,1,2,1
5683,2025-12-09,2,2,0
5683,2025-12-10,2,2,0
5683,2025-12-11,3,3,0
5683,2025-12-12,1,1,0
5683,2025-12-13,1,1,0
5683,2025-12-14,1,1,0
5683,2025-12-15,1,1,0
5683,2025-12-16,2,2,0
5683,2025-12-17,2,2,0
5683,2025-12-18,2,2,0
5683,2025-12-19,1,1,0
5683,2025-12-20,2,2,0
5683,2025-12-21,1,1,0
5686,2025-11-22,0,0,0
5686,2025-11-23,0,0,0
5686,2025-11-24,0,0,0
5686,2025-11-25,0,0,0
5686,2025-11-26,0,0,0
5686,2025-11-27,0,0,0
5686,2025-11-28,0,0,0
5686,2025-11-29,0,0,0
5686,2025-11-30,0,0,0
5686,2025-12-01,0,0,0
5686,2025-12-02,0,0,0
5686,2025-12-03,0,0,0
5686,2025-12-04,0,0,0
5686,2025-12-05,0,0,0
5686,2025-12-06,0,0,0
5686,2025-12-07,0,0,0
5686,2025-12-08,0,0,0
5686,2025-12-09,0,0,0
5686,2025-12-10,0,0,0
5686,2025-12-11,0,0,0
5686,2025-12-12,0,0,0
5686,2025-12-13,0,0,0
5686,2025-12-14,0,0,0
5686,2025-12-15,0,0,0
5686,2025-12-16,0,0,0
5686,2025-12-17,0,0,0
5686,2025-12-18,0,0,0
5686,2025-12-19,0,0,0
5686,2025-12-20,0,0,0
5686,2025-12-21,0,0,0
5720,2025-11-22,78,78,0
5720,2025-11-23,93,93,0
5720,2025-11-24,84,84,0
5720,2025-11-25,72,72,0
5720,2025-11-26,123,123,0
5720,2025-11-27,208,208,0
5720,2025-11-28,29,29,0
5720,2025-11-29,23,25,2
5720,2025-11-30,47,51,4
5720,2025-12-01,54,58,4
5720,2025-12-02,57,62,5
5720,2025-12-03,108,117,9
5720,2025-12-04,192,209,17
5720,2025-12-05,84,91,7
5720,2025-12-06,62,65,3
5720,2025-12-07,58,62,4
5720,2025-12-08,56,60,4
5720,2025-12-09,61,65,4
5720,2025-12-10,79,84,5
5720,2025-12-11,249,266,17
5720,2025-12-12,44,47,3
5720,2025-12-13,58,62,4
5720,2025-12-14,56,60,4
5720,2025-12-15,86,91,5
5720,2025-12-16,75,80,5
5720,2025-12-17,80,86,6
5720,2025-12-18,205,219,14
5720,2025-12-19,89,94,5
5720,2025-12-20,44,48,4
5720,2025-12-21,40,43,3
5752,2025-11-22,0,0,0
5752,2025-11-23,0,0,0
5752,2025-11-24,0,0,0
5752,2025-11-25,0,0,0
5752,2025-11-26,0,0,0
5752,2025-11-27,0,0,0
5752,2025-11-28,0,0,0
5752,2025-11-29,0,0,0
5752,2025-11-30,0,0,0
5752,2025-12-01,0,0,0
5752,2025-12-02,0,0,0
5752,2025-12-03,0,0,0
5752,2025-12-04,0,0,0
5752,2025-12-05,0,0,0
5752,2025-12-06,0,0,0
5752,2025-12-07,0,0,0
5752,2025-12-08,0,0,0
5752,2025-12-09,0,0,0
5752,2025-12-10,0,0,0
5752,2025-12-11,0,0,0
5752,2025-12-12,0,0,0
5752,2025-12-13,0,0,0
5752,2025-12-14,0,0,0
5752,2025-12-15,0,0,0
5752,2025-12-16,0,0,0
5752,2025-12-17,0,0,0
5752,2025-12-18,0,0,0
5752,2025-12-19,0,0,0
5752,2025-12-20,0,0,0
5752,2025-12-21,0,0,0
5762,2025-11-22,0,0,0
5762,2025-11-23,0,0,0
5762,2025-11-24,0,0,0
5762,2025-11-25,0,0,0
5762,2025-11-26,0,0,0
5762,2025-11-27,0,0,0
5762,2025-11-28,0,0,0
5762,2025-11-29,0,0,0
5762,2025-11-30,0,0,0
5762,2025-12-01,0,0,0
5762,2025-12-02,0,0,0
5762,2025-12-03,0,0,0
5762,2025-12-04,0,0,0
5762,2025-12-05,0,0,0
5762,2025-12-06,0,0,0
5762,2025-12-07,0,0,0
5762,2025-12-08,0,0,0
5762,2025-12-09,0,0,0
5762,2025-12-10,0,0,0
5762,2025-12-11,0,0,0
5762,2025-12-12,0,0,0
5762,2025-12-13,0,0,0
5762,2025-12-14,0,0,0
5762,2025-12-15,0,0,0
5762,2025-12-16,0,0,0
5762,2025-12-17,0,0,0
5762,2025-12-18,0,0,0
5762,2025-12-19,0,0,0
5762,2025-12-20,0,0,0
5762,2025-12-21,0,0,0
5799,2025-11-22,0,0,0
5799,2025-11-23,0,0,0
5799,2025-11-24,0,0,0
5799,2025-11-25,0,0,0
5799,2025-11-26,0,0,0
5799,2025-11-27,0,0,0
5799,2025-11-28,0,0,0
5799,2025-11-29,0,0,0
5799,2025-11-30,0,0,0
5799,2025-12-01,0,0,0
5799,2025-12-02,0,0,0
5799,2025-12-03,0,0,0
5799,2025-12-04,0,0,0
5799,2025-12-05,0,0,0
5799,2025-12-06,0,0,0
5799,2025-12-07,0,0,0
5799,2025-12-08,0,0,0
5799,2025-12-09,0,0,0
5799,2025-12-10,0,0,0
5799,2025-12-11,0,0,0
5799,2025-12-12,0,0,0
5799,2025-12-13,0,0,0
5799,2025-12-14,0,0,0
5799,2025-12-15,0,0,0
5799,2025-12-16,0,0,0
5799,2025-12-17,0,0,0
5799,2025-12-18,0,0,0
5799,2025-12-19,0,0,0
5799,2025-12-20,0,0,0
5799,2025-12-21,0,0,0
5802,2025-11-22,112,112,0
5802,2025-11-23,82,82,0
5802,2025-11-24,56,56,0
5802,2025-11-25,43,43,0
5802,2025-11-26,114,114,0
5802,2025-11-27,170,170,0
5802,2025-11-28,53,53,0
5802,2025-11-29,51,55,4
5802,2025-11-30,50,54,4
5802,2025-12-01,51,55,4
5802,2025-12-02,46,51,5
5802,2025-12-03,61,67,6
5802,2025-12-04,128,140,12
5802,2025-12-05,58,63,5
5802,2025-12-06,51,55,4
5802,2025-12-07,48,51,3
5802,2025-12-08,54,58,4
5802,2025-12-09,53,56,3
5802,2025-12-10,73,78,5
5802,2025-12-11,154,165,11
5802,2025-12-12,55,59,4
5802,2025-12-13,48,51,3
5802,2025-12-14,46,49,3
5802,2025-12-15,52,56,4
5802,2025-12-16,56,61,5
5802,2025-12-17,80,87,7
5802,2025-12-18,110,118,8
5802,2025-12-19,58,62,4
5802,2025-12-20,45,48,3
5802,2025-12-21,39,42,3
5818,2025-11-22,21,21,0
5818,2025-11-23,28,28,0
5818,2025-11-24,15,15,0
5818,2025-11-25,24,24,0
5818,2025-11-26,31,31,0
5818,2025-11-27,53,53,0
5818,2025-11-28,11,11,0
5818,2025-11-29,8,8,0
5818,2025-11-30,9,9,0
5818,2025-12-01,16,17,1
5818,2025-12-02,20,21,1
5818,2025-12-03,27,29,2
5818,2025-12-04,72,78,6
5818,2025-12-05,15,16,1
5818,2025-12-06,15,16,1
5818,2025-12-07,15,15,0
5818,2025-12-08,17,17,0
5818,2025-12-09,18,19,1
5818,2025-12-10,22,23,1
5818,2025-12-11,62,66,4
5818,2025-12-12,17,18,1
5818,2025-12-13,17,18,1
5818,2025-12-14,15,16,1
5818,2025-12-15,18,19,1
5818,2025-12-16,19,20,1
5818,2025-12-17,23,25,2
5818,2025-12-18,64,69,5
5818,2025-12-19,19,20,1
5818,2025-12-20,16,17,1
5818,2025-12-21,12,12,0
5842,2025-11-22,14,14,0
5842,2025-11-23,15,15,0
5842,2025-11-24,14,14,0
5842,2025-11-25,15,15,0
5842,2025-11-26,17,17,0
5842,2025-11-27,21,21,0
5842,2025-11-28,14,14,0
5842,2025-11-29,17,18,1
5842,2025-11-30,16,18,2
5842,2025-12-01,19,21,2
5842,2025-12-02,17,18,1
5842,2025-12-03,17,19,2
5842,2025-12-04,36,39,3
5842,2025-12-05,18,20,2
5842,2025-12-06,23,24,1
5842,2025-12-07,22,23,1
5842,2025-12-08,25,27,2
5842,2025-12-09,25,27,2
5842,2025-12-10,24,26,2
5842,2025-12-11,35,38,3
5842,2025-12-12,26,28,2
5842,2025-12-13,24,25,1
5842,2025-12-14,22,23,1
5842,2025-12-15,27,29,2
5842,2025-12-16,28,30,2
5842,2025-12-17,26,28,2
5842,2025-12-18,28,31,3
5842,2025-12-19,18,20,2
5842,2025-12-20,24,26,2
5842,2025-12-21,21,22,1
5850,2025-11-22,0,0,0
5850,2025-11-23,0,0,0
5850,2025-11-24,0,0,0
5850,2025-11-25,0,0,0
5850,2025-11-26,0,0,0
5850,2025-11-27,0,0,0
5850,2025-11-28,0,0,0
5850,2025-11-29,0,0,0
5850,2025-11-30,0,0,0
5850,2025-12-01,0,0,0
5850,2025-12-02,0,0,0
5850,2025-12-03,0,0,0
5850,2025-12-04,0,0,0
5850,2025-12-05,0,0,0
5850,2025-12-06,0,0,0
5850,2025-12-07,0,0,0
5850,2025-12-08,0,0,0
5850,2025-12-09,0,0,0
5850,2025-12-10,0,0,0
5850,2025-12-11,0,0,0
5850,2025-12-12,0,0,0
5850,2025-12-13,0,0,0
5850,2025-12-14,0,0,0
5850,2025-12-15,0,0,0
5850,2025-12-16,0,0,0
5850,2025-12-17,0,0,0
5850,2025-12-18,0,0,0
5850,2025-12-19,0,0,0
5850,2025-12-20,0,0,0
5850,2025-12-21,0,0,0
5927,2025-11-22,1005,1005,0
5927,2025-11-23,964,964,0
5927,2025-11-24,680,680,0
5927,2025-11-25,721,721,0
5927,2025-11-26,979,979,0
5927,2025-11-27,1278,1278,0
5927,2025-11-28,455,455,0
5927,2025-11-29,337,356,19
5927,2025-11-30,320,340,20
5927,2025-12-01,263,280,17
5927,2025-12-02,345,368,23
5927,2025-12-03,619,666,47
5927,2025-12-04,1202,1305,103
5927,2025-12-05,299,323,24
5927,2025-12-06,330,349,19
5927,2025-12-07,313,332,19
5927,2025-12-08,263,278,15
5927,2025-12-09,294,312,18
5927,2025-12-10,447,476,29
5927,2025-12-11,642,687,45
5927,2025-12-12,296,316,20
5927,2025-12-13,271,291,20
5927,2025-12-14,242,259,17
5927,2025-12-15,270,289,19
5927,2025-12-16,413,442,29
5927,2025-12-17,454,487,33
5927,2025-12-18,516,554,38
5927,2025-12-19,286,308,22
5927,2025-12-20,212,227,15
5927,2025-12-21,159,171,12
5933,2025-11-22,4,4,0
5933,2025-11-23,12,12,0
5933,2025-11-24,14,14,0
5933,2025-11-25,7,7,0
5933,2025-11-26,17,17,0
5933,2025-11-27,10,10,0
5933,2025-11-28,8,8,0
5933,2025-11-29,4,5,1
5933,2025-11-30,6,7,1
5933,2025-12-01,8,8,0
5933,2025-12-02,10,11,1
5933,2025-12-03,12,13,1
5933,2025-12-04,16,17,1
5933,2025-12-05,12,13,1
5933,2025-12-06,12,12,0
5933,2025-12-07,8,9,1
5933,2025-12-08,11,11,0
5933,2025-12-09,11,12,1
5933,2025-12-10,9,10,1
5933,2025-12-11,12,13,1
5933,2025-12-12,10,10,0
5933,2025-12-13,8,9,1
5933,2025-12-14,7,8,1
5933,2025-12-15,13,14,1
5933,2025-12-16,13,14,1
5933,2025-12-17,13,14,1
5933,2025-12-18,12,13,1
5933,2025-12-19,8,9,1
5933,2025-12-20,8,8,0
5933,2025-12-21,4,5,1
5936,2025-11-22,18,18,0
5936,2025-11-23,19,19,0
5936,2025-11-24,10,10,0
5936,2025-11-25,4,4,0
5936,2025-11-26,12,12,0
5936,2025-11-27,12,12,0
5936,2025-11-28,27,27,0
5936,2025-11-29,11,11,0
5936,2025-11-30,13,14,1
5936,2025-12-01,14,15,1
5936,2025-12-02,13,14,1
5936,2025-12-03,11,12,1
5936,2025-12-04,25,28,3
5936,2025-12-05,9,10,1
5936,2025-12-06,12,13,1
5936,2025-12-07,9,10,1
5936,2025-12-08,9,9,0
5936,2025-12-09,9,10,1
5936,2025-12-10,13,14,1
5936,2025-12-11,28,30,2
5936,2025-12-12,10,11,1
5936,2025-12-13,8,9,1
5936,2025-12-14,7,8,1
5936,2025-12-15,9,10,1
5936,2025-12-16,11,12,1
5936,2025-12-17,16,18,2
5936,2025-12-18,24,25,1
5936,2025-12-19,13,14,1
5936,2025-12-20,9,10,1
5936,2025-12-21,8,8,0
5947,2025-11-22,154,154,0
5947,2025-11-23,124,124,0
5947,2025-11-24,127,127,0
5947,2025-11-25,139,139,0
5947,2025-11-26,232,232,0
5947,2025-11-27,218,218,0
5947,2025-11-28,50,50,0
5947,2025-11-29,46,49,3
5947,2025-11-30,54,58,4
5947,2025-12-01,51,55,4
5947,2025-12-02,69,74,5
5947,2025-12-03,120,129,9
5947,2025-12-04,174,190,16
5947,2025-12-05,55,60,5
5947,2025-12-06,64,67,3
5947,2025-12-07,60,63,3
5947,2025-12-08,62,66,4
5947,2025-12-09,60,64,4
5947,2025-12-10,95,101,6
5947,2025-12-11,198,211,13
5947,2025-12-12,63,67,4
5947,2025-12-13,38,41,3
5947,2025-12-14,37,40,3
5947,2025-12-15,52,55,3
5947,2025-12-16,56,60,4
5947,2025-12-17,70,76,6
5947,2025-12-18,131,141,10
5947,2025-12-19,52,56,4
5947,2025-12-20,39,42,3
5947,2025-12-21,26,29,3
5951,2025-11-22,0,0,0
5951,2025-11-23,0,0,0
5951,2025-11-24,0,0,0
5951,2025-11-25,0,0,0
5951,2025-11-26,0,0,0
5951,2025-11-27,0,0,0
5951,2025-11-28,0,0,0
5951,2025-11-29,0,0,0
5951,2025-11-30,0,0,0
5951,2025-12-01,0,0,0
5951,2025-12-02,0,0,0
5951,2025-12-03,0,0,0
5951,2025-12-04,0,0,0
5951,2025-12-05,0,0,0
5951,2025-12-06,0,0,0
5951,2025-12-07,0,0,0
5951,2025-12-08,0,0,0
5951,2025-12-09,0,0,0
5951,2025-12-10,0,0,0
5951,2025-12-11,0,0,0
5951,2025-12-12,0,0,0
5951,2025-12-13,0,0,0
5951,2025-12-14,0,0,0
5951,2025-12-15,0,0,0
5951,2025-12-16,0,0,0
5951,2025-12-17,0,0,0
5951,2025-12-18,0,0,0
5951,2025-12-19,0,0,0
5951,2025-12-20,0,0,0
5951,2025-12-21,0,0,0
5986,2025-11-22,557,557,0
5986,2025-11-23,1215,1215,0
5986,2025-11-24,793,793,0
5986,2025-11-25,592,592,0
5986,2025-11-26,826,826,0
5986,2025-11-27,2887,2887,0
5986,2025-11-28,938,938,0
5986,2025-11-29,695,739,44
5986,2025-11-30,584,624,40
5986,2025-12-01,665,714,49
5986,2025-12-02,722,777,55
5986,2025-12-03,1113,1200,87
5986,2025-12-04,4883,5320,437
5986,2025-12-05,940,1020,80
5986,2025-12-06,801,850,49
5986,2025-12-07,674,717,43
5986,2025-12-08,697,741,44
5986,2025-12-09,807,859,52
5986,2025-12-10,1075,1146,71
5986,2025-12-11,4131,4420,289
5986,2025-12-12,1131,1208,77
5986,2025-12-13,783,839,56
5986,2025-12-14,704,756,52
5986,2025-12-15,856,919,63
5986,2025-12-16,926,995,69
5986,2025-12-17,1388,1491,103
5986,2025-12-18,4142,4448,306
5986,2025-12-19,1267,1363,96
5986,2025-12-20,923,991,68
5986,2025-12-21,597,642,45
6037,2025-11-22,91,91,0
6037,2025-11-23,84,84,0
6037,2025-11-24,80,80,0
6037,2025-11-25,90,90,0
6037,2025-11-26,96,96,0
6037,2025-11-27,109,109,0
6037,2025-11-28,60,60,0
6037,2025-11-29,65,69,4
6037,2025-11-30,72,77,5
6037,2025-12-01,70,75,5
6037,2025-12-02,58,62,4
6037,2025-12-03,51,55,4
6037,2025-12-04,94,102,8
6037,2025-12-05,52,57,5
6037,2025-12-06,67,72,5
6037,2025-12-07,66,71,5
6037,2025-12-08,79,84,5
6037,2025-12-09,68,73,5
6037,2025-12-10,82,88,6
6037,2025-12-11,119,127,8
6037,2025-12-12,73,78,5
6037,2025-12-13,76,82,6
6037,2025-12-14,75,80,5
6037,2025-12-15,85,91,6
6037,2025-12-16,85,92,7
6037,2025-12-17,97,104,7
6037,2025-12-18,124,133,9
6037,2025-12-19,88,95,7
6037,2025-12-20,91,97,6
6037,2025-12-21,64,68,4
6081,2025-11-22,1,1,0
6081,2025-11-23,0,0,0
6081,2025-11-24,4,4,0
6081,2025-11-25,1,1,0
6081,2025-11-26,2,2,0
6081,2025-11-27,2,2,0
6081,2025-11-28,1,1,0
6081,2025-11-29,1,1,0
6081,2025-11-30,2,2,0
6081,2025-12-01,4,4,0
6081,2025-12-02,2,2,0
6081,2025-12-03,2,3,1
6081,2025-12-04,4,4,0
6081,2025-12-05,3,3,0
6081,2025-12-06,4,4,0
6081,2025-12-07,3,4,1
6081,2025-12-08,3,4,1
6081,2025-12-09,4,4,0
6081,2025-12-10,5,5,0
6081,2025-12-11,6,6,0
6081,2025-12-12,4,5,1
6081,2025-12-13,5,5,0
6081,2025-12-14,3,4,1
6081,2025-12-15,4,4,0
6081,2025-12-16,4,4,0
6081,2025-12-17,4,4,0
6081,2025-12-18,4,4,0
6081,2025-12-19,4,4,0
6081,2025-12-20,4,4,0
6081,2025-12-21,3,3,0
6093,2025-11-22,466,466,0
6093,2025-11-23,471,471,0
6093,2025-11-24,437,437,0
6093,2025-11-25,415,415,0
6093,2025-11-26,521,521,0
6093,2025-11-27,1115,1115,0
6093,2025-11-28,616,616,0
6093,2025-11-29,298,319,21
6093,2025-11-30,277,298,21
6093,2025-12-01,311,332,21
6093,2025-12-02,337,360,23
6093,2025-12-03,539,580,41
6093,2025-12-04,1047,1138,91
6093,2025-12-05,691,748,57
6093,2025-12-06,380,402,22
6093,2025-12-07,335,356,21
6093,2025-12-08,361,383,22
6093,2025-12-09,378,401,23
6093,2025-12-10,428,456,28
6093,2025-12-11,1049,1119,70
6093,2025-12-12,555,590,35
6093,2025-12-13,471,502,31
6093,2025-12-14,344,367,23
6093,2025-12-15,312,334,22
6093,2025-12-16,385,413,28
6093,2025-12-17,445,477,32
6093,2025-12-18,733,787,54
6093,2025-12-19,386,415,29
6093,2025-12-20,312,335,23
6093,2025-12-21,254,273,19
6095,2025-11-22,197,197,0
6095,2025-11-23,283,283,0
6095,2025-11-24,144,144,0
6095,2025-11-25,144,144,0
6095,2025-11-26,217,217,0
6095,2025-11-27,501,501,0
6095,2025-11-28,56,56,0
6095,2025-11-29,53,56,3
6095,2025-11-30,41,43,2
6095,2025-12-01,54,58,4
6095,2025-12-02,66,70,4
6095,2025-12-03,133,143,10
6095,2025-12-04,275,300,25
6095,2025-12-05,72,78,6
6095,2025-12-06,99,104,5
6095,2025-12-07,96,101,5
6095,2025-12-08,85,90,5
6095,2025-12-09,75,79,4
6095,2025-12-10,170,180,10
6095,2025-12-11,346,370,24
6095,2025-12-12,72,76,4
6095,2025-12-13,76,82,6
6095,2025-12-14,71,76,5
6095,2025-12-15,81,86,5
6095,2025-12-16,140,149,9
6095,2025-12-17,191,204,13
6095,2025-12-18,312,335,23
6095,2025-12-19,89,95,6
6095,2025-12-20,99,106,7
6095,2025-12-21,45,48,3
6126,2025-11-22,0,0,0
6126,2025-11-23,0,0,0
6126,2025-11-24,0,0,0
6126,2025-11-25,0,0,0
6126,2025-11-26,0,0,0
6126,2025-11-27,0,0,0
6126,2025-11-28,0,0,0
6126,2025-11-29,0,0,0
6126,2025-11-30,0,0,0
6126,2025-12-01,0,0,0
6126,2025-12-02,0,0,0
6126,2025-12-03,0,0,0
6126,2025-12-04,0,0,0
6126,2025-12-05,0,0,0
6126,2025-12-06,0,0,0
6126,2025-12-07,0,0,0
6126,2025-12-08,0,0,0
6126,2025-12-09,0,0,0
6126,2025-12-10,0,0,0
6126,2025-12-11,0,0,0
6126,2025-12-12,0,0,0
6126,2025-12-13,0,0,0
6126,2025-12-14,0,0,0
6126,2025-12-15,0,0,0
6126,2025-12-16,0,0,0
6126,2025-12-17,0,0,0
6126,2025-12-18,0,0,0
6126,2025-12-19,0,0,0
6126,2025-12-20,0,0,0
6126,2025-12-21,0,0,0
6179,2025-11-22,1,1,0
6179,2025-11-23,0,0,0
6179,2025-11-24,0,0,0
6179,2025-11-25,3,3,0
6179,2025-11-26,4,4,0
6179,2025-11-27,6,6,0
6179,2025-11-28,5,5,0
6179,2025-11-29,0,0,0
6179,2025-11-30,0,0,0
6179,2025-12-01,0,0,0
6179,2025-12-02,0,0,0
6179,2025-12-03,0,0,0
6179,2025-12-04,0,0,0
6179,2025-12-05,0,0,0
6179,2025-12-06,0,0,0
6179,2025-12-07,0,0,0
6179,2025-12-08,0,0,0
6179,2025-12-09,0,0,0
6179,2025-12-10,0,0,0
6179,2025-12-11,0,0,0
6179,2025-12-12,6,6,0
6179,2025-12-13,0,0,0
6179,2025-12-14,4,5,1
6179,2025-12-15,0,0,0
6179,2025-12-16,0,0,0
6179,2025-12-17,0,0,0
6179,2025-12-18,0,0,0
6179,2025-12-19,0,0,0
6179,2025-12-20,0,0,0
6179,2025-12-21,0,0,0
6197,2025-11-22,4,4,0
6197,2025-11-23,4,4,0
6197,2025-11-24,0,0,0
6197,2025-11-25,4,4,0
6197,2025-11-26,0,0,0
6197,2025-11-27,0,0,0
6197,2025-11-28,0,0,0
6197,2025-11-29,0,0,0
6197,2025-11-30,0,0,0
6197,2025-12-01,0,0,0
6197,2025-12-02,0,0,0
6197,2025-12-03,0,0,0
6197,2025-12-04,3,4,1
6197,2025-12-05,0,0,0
6197,2025-12-06,0,0,0
6197,2025-12-07,0,0,0
6197,2025-12-08,0,0,0
6197,2025-12-09,0,0,0
6197,2025-12-10,0,0,0
6197,2025-12-11,0,0,0
6197,2025-12-12,0,0,0
6197,2025-12-13,0,0,0
6197,2025-12-14,0,0,0
6197,2025-12-15,0,0,0
6197,2025-12-16,0,0,0
6197,2025-12-17,0,0,0
6197,2025-12-18,0,0,0
6197,2025-12-19,0,0,0
6197,2025-12-20,0,0,0
6197,2025-12-21,0,0,0
6235,2025-11-22,2,2,0
6235,2025-11-23,2,2,0
6235,2025-11-24,1,1,0
6235,2025-11-25,1,1,0
6235,2025-11-26,1,1,0
6235,2025-11-27,1,1,0
6235,2025-11-28,1,1,0
6235,2025-11-29,1,1,0
6235,2025-11-30,1,1,0
6235,2025-12-01,1,1,0
6235,2025-12-02,1,1,0
6235,2025-12-03,1,1,0
6235,2025-12-04,1,1,0
6235,2025-12-05,1,1,0
6235,2025-12-06,1,1,0
6235,2025-12-07,3,3,0
6235,2025-12-08,1,1,0
6235,2025-12-09,1,1,0
6235,2025-12-10,1,1,0
6235,2025-12-11,2,2,0
6235,2025-12-12,1,1,0
6235,2025-12-13,1,1,0
6235,2025-12-14,1,1,0
6235,2025-12-15,1,1,0
6235,2025-12-16,1,1,0
6235,2025-12-17,1,1,0
6235,2025-12-18,2,2,0
6235,2025-12-19,1,1,0
6235,2025-12-20,1,1,0
6235,2025-12-21,0,0,0
6248,2025-11-22,1555,1555,0
6248,2025-11-23,1472,1472,0
6248,2025-11-24,1273,1273,0
6248,2025-11-25,1440,1440,0
6248,2025-11-26,2398,2398,0
6248,2025-11-27,3465,3465,0
6248,2025-11-28,1038,1038,0
6248,2025-11-29,707,763,56
6248,2025-11-30,806,868,62
6248,2025-12-01,726,782,56
6248,2025-12-02,844,911,67
6248,2025-12-03,1428,1548,120
6248,2025-12-04,3155,3438,283
6248,2025-12-05,1247,1353,106
6248,2025-12-06,1103,1173,70
6248,2025-12-07,926,984,58
6248,2025-12-08,856,911,55
6248,2025-12-09,1020,1085,65
6248,2025-12-10,1447,1543,96
6248,2025-12-11,3343,3572,229
6248,2025-12-12,998,1066,68
6248,2025-12-13,870,937,67
6248,2025-12-14,856,919,63
6248,2025-12-15,972,1045,73
6248,2025-12-16,996,1070,74
6248,2025-12-17,1407,1516,109
6248,2025-12-18,2118,2280,162
6248,2025-12-19,1047,1129,82
6248,2025-12-20,922,994,72
6248,2025-12-21,617,664,47
6249,2025-11-22,19,19,0
6249,2025-11-23,56,56,0
6249,2025-11-24,21,21,0
6249,2025-11-25,25,25,0
6249,2025-11-26,40,40,0
6249,2025-11-27,52,52,0
6249,2025-11-28,21,21,0
6249,2025-11-29,23,25,2
6249,2025-11-30,28,30,2
6249,2025-12-01,20,22,2
6249,2025-12-02,22,24,2
6249,2025-12-03,31,33,2
6249,2025-12-04,43,47,4
6249,2025-12-05,22,24,2
6249,2025-12-06,25,27,2
6249,2025-12-07,24,26,2
6249,2025-12-08,22,24,2
6249,2025-12-09,23,24,1
6249,2025-12-10,32,34,2
6249,2025-12-11,40,43,3
6249,2025-12-12,20,22,2
6249,2025-12-13,26,28,2
6249,2025-12-14,22,24,2
6249,2025-12-15,28,30,2
6249,2025-12-16,27,30,3
6249,2025-12-17,32,34,2
6249,2025-12-18,43,46,3
6249,2025-12-19,29,32,3
6249,2025-12-20,25,27,2
6249,2025-12-21,20,22,2
6261,2025-11-22,10,10,0
6261,2025-11-23,20,20,0
6261,2025-11-24,12,12,0
6261,2025-11-25,17,17,0
6261,2025-11-26,18,18,0
6261,2025-11-27,51,51,0
6261,2025-11-28,16,16,0
6261,2025-11-29,8,9,1
6261,2025-11-30,10,11,1
6261,2025-12-01,11,12,1
6261,2025-12-02,12,13,1
6261,2025-12-03,14,16,2
6261,2025-12-04,66,73,7
6261,2025-12-05,32,35,3
6261,2025-12-06,18,19,1
6261,2025-12-07,18,20,2
6261,2025-12-08,19,21,2
6261,2025-12-09,20,21,1
6261,2025-12-10,28,30,2
6261,2025-12-11,126,135,9
6261,2025-12-12,29,31,2
6261,2025-12-13,18,20,2
6261,2025-12-14,17,19,2
6261,2025-12-15,25,27,2
6261,2025-12-16,30,32,2
6261,2025-12-17,33,36,3
6261,2025-12-18,96,103,7
6261,2025-12-19,33,35,2
6261,2025-12-20,20,22,2
6261,2025-12-21,14,15,1
6268,2025-11-22,2477,2477,0
6268,2025-11-23,2385,2385,0
6268,2025-11-24,2205,2205,0
6268,2025-11-25,2292,2292,0
6268,2025-11-26,3601,3601,0
6268,2025-11-27,4589,4589,0
6268,2025-11-28,1701,1701,0
6268,2025-11-29,1598,1700,102
6268,2025-11-30,1495,1604,109
6268,2025-12-01,1501,1612,111
6268,2025-12-02,1342,1449,107
6268,2025-12-03,2474,2682,208
6268,2025-12-04,3990,4347,357
6268,2025-12-05,1815,1975,160
6268,2025-12-06,1376,1466,90
6268,2025-12-07,1179,1256,77
6268,2025-12-08,1282,1366,84
6268,2025-12-09,1398,1491,93
6268,2025-12-10,2309,2464,155
6268,2025-12-11,4482,4799,317
6268,2025-12-12,1610,1722,112
6268,2025-12-13,1164,1251,87
6268,2025-12-14,975,1048,73
6268,2025-12-15,1149,1236,87
6268,2025-12-16,1310,1408,98
6268,2025-12-17,2333,2508,175
6268,2025-12-18,3262,3509,247
6268,2025-12-19,1556,1673,117
6268,2025-12-20,1208,1300,92
6268,2025-12-21,819,883,64
6287,2025-11-22,62,62,0
6287,2025-11-23,76,76,0
6287,2025-11-24,62,62,0
6287,2025-11-25,57,57,0
6287,2025-11-26,74,74,0
6287,2025-11-27,106,106,0
6287,2025-11-28,57,57,0
6287,2025-11-29,46,49,3
6287,2025-11-30,56,60,4
6287,2025-12-01,45,49,4
6287,2025-12-02,57,62,5
6287,2025-12-03,61,66,5
6287,2025-12-04,103,112,9
6287,2025-12-05,60,65,5
6287,2025-12-06,61,65,4
6287,2025-12-07,59,63,4
6287,2025-12-08,56,60,4
6287,2025-12-09,59,63,4
6287,2025-12-10,63,67,4
6287,2025-12-11,115,123,8
6287,2025-12-12,58,62,4
6287,2025-12-13,62,66,4
6287,2025-12-14,56,60,4
6287,2025-12-15,64,69,5
6287,2025-12-16,72,77,5
6287,2025-12-17,73,78,5
6287,2025-12-18,110,119,9
6287,2025-12-19,70,75,5
6287,2025-12-20,65,70,5
6287,2025-12-21,45,49,4
6379,2025-11-22,0,0,0
6379,2025-11-23,0,0,0
6379,2025-11-24,0,0,0
6379,2025-11-25,0,0,0
6379,2025-11-26,0,0,0
6379,2025-11-27,0,0,0
6379,2025-11-28,0,0,0
6379,2025-11-29,0,0,0
6379,2025-11-30,0,0,0
6379,2025-12-01,0,0,0
6379,2025-12-02,0,0,0
6379,2025-12-03,0,0,0
6379,2025-12-04,0,0,0
6379,2025-12-05,0,0,0
6379,2025-12-06,0,0,0
6379,2025-12-07,0,0,0
6379,2025-12-08,0,0,0
6379,2025-12-09,0,0,0
6379,2025-12-10,0,0,0
6379,2025-12-11,0,0,0
6379,2025-12-12,0,0,0
6379,2025-12-13,0,0,0
6379,2025-12-14,0,0,0
6379,2025-12-15,0,0,0
6379,2025-12-16,0,0,0
6379,2025-12-17,0,0,0
6379,2025-12-18,0,0,0
6379,2025-12-19,0,0,0
6379,2025-12-20,0,0,0
6379,2025-12-21,0,0,0
6397,2025-11-22,0,0,0
6397,2025-11-23,0,0,0
6397,2025-11-24,0,0,0
6397,2025-11-25,0,0,0
6397,2025-11-26,0,0,0
6397,2025-11-27,0,0,0
6397,2025-11-28,0,0,0
6397,2025-11-29,0,0,0
6397,2025-11-30,0,0,0
6397,2025-12-01,0,0,0
6397,2025-12-02,0,0,0
6397,2025-12-03,0,0,0
6397,2025-12-04,0,0,0
6397,2025-12-05,0,0,0
6397,2025-12-06,1,1,0
6397,2025-12-07,1,1,0
6397,2025-12-08,1,1,0
6397,2025-12-09,1,1,0
6397,2025-12-10,1,1,0
6397,2025-12-11,1,1,0
6397,2025-12-12,1,1,0
6397,2025-12-13,1,1,0
6397,2025-12-14,0,0,0
6397,2025-12-15,1,1,0
6397,2025-12-16,1,1,0
6397,2025-12-17,1,1,0
6397,2025-12-18,1,1,0
6397,2025-12-19,1,1,0
6397,2025-12-20,0,1,1
6397,2025-12-21,0,0,0
6418,2025-11-22,48,48,0
6418,2025-11-23,63,63,0
6418,2025-11-24,49,49,0
6418,2025-11-25,36,36,0
6418,2025-11-26,51,51,0
6418,2025-11-27,121,121,0
6418,2025-11-28,40,40,0
6418,2025-11-29,19,20,1
6418,2025-11-30,24,26,2
6418,2025-12-01,25,27,2
6418,2025-12-02,29,32,3
6418,2025-12-03,37,40,3
6418,2025-12-04,115,126,11
6418,2025-12-05,25,27,2
6418,2025-12-06,47,50,3
6418,2025-12-07,51,54,3
6418,2025-12-08,51,54,3
6418,2025-12-09,59,63,4
6418,2025-12-10,81,86,5
6418,2025-12-11,269,288,19
6418,2025-12-12,66,71,5
6418,2025-12-13,44,47,3
6418,2025-12-14,45,48,3
6418,2025-12-15,57,61,4
6418,2025-12-16,68,73,5
6418,2025-12-17,91,98,7
6418,2025-12-18,199,214,15
6418,2025-12-19,69,75,6
6418,2025-12-20,59,64,5
6418,2025-12-21,37,40,3
6430,2025-11-22,2,2,0
6430,2025-11-23,3,3,0
6430,2025-11-24,3,3,0
6430,2025-11-25,3,3,0
6430,2025-11-26,3,3,0
6430,2025-11-27,13,13,0
6430,2025-11-28,3,3,0
6430,2025-11-29,4,4,0
6430,2025-11-30,3,3,0
6430,2025-12-01,5,5,0
6430,2025-12-02,3,3,0
6430,2025-12-03,6,6,0
6430,2025-12-04,14,16,2
6430,2025-12-05,4,4,0
6430,2025-12-06,4,5,1
6430,2025-12-07,4,5,1
6430,2025-12-08,4,5,1
6430,2025-12-09,4,5,1
6430,2025-12-10,5,5,0
6430,2025-12-11,13,14,1
6430,2025-12-12,4,4,0
6430,2025-12-13,4,4,0
6430,2025-12-14,4,4,0
6430,2025-12-15,5,5,0
6430,2025-12-16,5,6,1
6430,2025-12-17,5,6,1
6430,2025-12-18,11,12,1
6430,2025-12-19,4,5,1
6430,2025-12-20,4,4,0
6430,2025-12-21,3,3,0
6473,2025-11-22,0,0,0
6473,2025-11-23,0,0,0
6473,2025-11-24,0,0,0
6473,2025-11-25,0,0,0
6473,2025-11-26,0,0,0
6473,2025-11-27,0,0,0
6473,2025-11-28,0,0,0
6473,2025-11-29,0,0,0
6473,2025-11-30,0,0,0
6473,2025-12-01,0,0,0
6473,2025-12-02,0,0,0
6473,2025-12-03,0,0,0
6473,2025-12-04,0,0,0
6473,2025-12-05,0,0,0
6473,2025-12-06,0,0,0
6473,2025-12-07,0,0,0
6473,2025-12-08,0,0,0
6473,2025-12-09,0,0,0
6473,2025-12-10,0,0,0
6473,2025-12-11,0,0,0
6473,2025-12-12,0,0,0
6473,2025-12-13,0,0,0
6473,2025-12-14,0,0,0
6473,2025-12-15,0,0,0
6473,2025-12-16,0,0,0
6473,2025-12-17,0,0,0
6473,2025-12-18,0,0,0
6473,2025-12-19,0,0,0
6473,2025-12-20,0,0,0
6473,2025-12-21,0,0,0
6507,2025-11-22,6,6,0
6507,2025-11-23,6,6,0
6507,2025-11-24,3,3,0
6507,2025-11-25,3,3,0
6507,2025-11-26,7,7,0
6507,2025-11-27,8,8,0
6507,2025-11-28,3,3,0
6507,2025-11-29,0,0,0
6507,2025-11-30,2,2,0
6507,2025-12-01,2,2,0
6507,2025-12-02,2,2,0
6507,2025-12-03,6,6,0
6507,2025-12-04,4,5,1
6507,2025-12-05,1,1,0
6507,2025-12-06,5,6,1
6507,2025-12-07,5,5,0
6507,2025-12-08,3,3,0
6507,2025-12-09,4,5,1
6507,2025-12-10,2,2,0
6507,2025-12-11,4,4,0
6507,2025-12-12,1,1,0
6507,2025-12-13,1,2,1
6507,2025-12-14,1,1,0
6507,2025-12-15,2,2,0
6507,2025-12-16,2,2,0
6507,2025-12-17,3,3,0
6507,2025-12-18,3,4,1
6507,2025-12-19,2,2,0
6507,2025-12-20,2,2,0
6507,2025-12-21,1,1,0
6520,2025-11-22,4251,4251,0
6520,2025-11-23,3728,3728,0
6520,2025-11-24,3530,3530,0
6520,2025-11-25,3852,3852,0
6520,2025-11-26,3776,3776,0
6520,2025-11-27,3415,3415,0
6520,2025-11-28,1797,1797,0
6520,2025-11-29,1815,1882,67
6520,2025-11-30,1833,1912,79
6520,2025-12-01,2532,2645,113
6520,2025-12-02,2649,2773,124
6520,2025-12-03,3028,3181,153
6520,2025-12-04,3911,4145,234
6520,2025-12-05,2355,2511,156
6520,2025-12-06,2742,2876,134
6520,2025-12-07,2911,3056,145
6520,2025-12-08,2867,3006,139
6520,2025-12-09,3312,3474,162
6520,2025-12-10,3139,3304,165
6520,2025-12-11,4054,4280,226
6520,2025-12-12,2650,2801,151
6520,2025-12-13,2509,2658,149
6520,2025-12-14,2354,2497,143
6520,2025-12-15,2811,2984,173
6520,2025-12-16,3340,3545,205
6520,2025-12-17,4411,4669,258
6520,2025-12-18,4156,4404,248
6520,2025-12-19,2837,3025,188
6520,2025-12-20,2857,3050,193
6520,2025-12-21,1748,1872,124
6553,2025-11-22,2,2,0
6553,2025-11-23,2,2,0
6553,2025-11-24,0,0,0
6553,2025-11-25,1,1,0
6553,2025-11-26,1,1,0
6553,2025-11-27,2,2,0
6553,2025-11-28,1,1,0
6553,2025-11-29,2,2,0
6553,2025-11-30,2,2,0
6553,2025-12-01,2,3,1
6553,2025-12-02,1,1,0
6553,2025-12-03,2,2,0
6553,2025-12-04,5,6,1
6553,2025-12-05,1,2,1
6553,2025-12-06,2,2,0
6553,2025-12-07,2,2,0
6553,2025-12-08,2,2,0
6553,2025-12-09,2,2,0
6553,2025-12-10,2,2,0
6553,2025-12-11,6,6,0
6553,2025-12-12,1,2,1
6553,2025-12-13,1,1,0
6553,2025-12-14,1,1,0
6553,2025-12-15,2,2,0
6553,2025-12-16,3,3,0
6553,2025-12-17,4,4,0
6553,2025-12-18,6,6,0
6553,2025-12-19,3,3,0
6553,2025-12-20,3,3,0
6553,2025-12-21,1,1,0
6563,2025-11-22,8,8,0
6563,2025-11-23,7,7,0
6563,2025-11-24,7,7,0
6563,2025-11-25,3,3,0
6563,2025-11-26,7,7,0
6563,2025-11-27,8,8,0
6563,2025-11-28,3,3,0
6563,2025-11-29,3,3,0
6563,2025-11-30,3,4,1
6563,2025-12-01,4,4,0
6563,2025-12-02,4,4,0
6563,2025-12-03,5,5,0
6563,2025-12-04,9,9,0
6563,2025-12-05,7,7,0
6563,2025-12-06,4,4,0
6563,2025-12-07,4,5,1
6563,2025-12-08,4,4,0
6563,2025-12-09,4,5,1
6563,2025-12-10,5,5,0
6563,2025-12-11,11,11,0
6563,2025-12-12,4,5,1
6563,2025-12-13,4,4,0
6563,2025-12-14,4,4,0
6563,2025-12-15,5,5,0
6563,2025-12-16,5,5,0
6563,2025-12-17,5,5,0
6563,2025-12-18,8,8,0
6563,2025-12-19,5,5,0
6563,2025-12-20,5,5,0
6563,2025-12-21,2,2,0
6593,2025-11-22,0,0,0
6593,2025-11-23,0,0,0
6593,2025-11-24,0,0,0
6593,2025-11-25,0,0,0
6593,2025-11-26,0,0,0
6593,2025-11-27,1,1,0
6593,2025-11-28,0,0,0
6593,2025-11-29,0,0,0
6593,2025-11-30,0,0,0
6593,2025-12-01,0,0,0
6593,2025-12-02,0,0,0
6593,2025-12-03,0,0,0
6593,2025-12-04,0,0,0
6593,2025-12-05,0,0,0
6593,2025-12-06,0,0,0
6593,2025-12-07,0,0,0
6593,2025-12-08,0,0,0
6593,2025-12-09,0,0,0
6593,2025-12-10,0,0,0
6593,2025-12-11,0,0,0
6593,2025-12-12,0,0,0
6593,2025-12-13,0,0,0
6593,2025-12-14,1,1,0
6593,2025-12-15,0,0,0
6593,2025-12-16,0,0,0
6593,2025-12-17,0,0,0
6593,2025-12-18,0,0,0
6593,2025-12-19,0,0,0
6593,2025-12-20,0,0,0
6593,2025-12-21,0,0,0
6603,2025-11-22,0,0,0
6603,2025-11-23,0,0,0
6603,2025-11-24,0,0,0
6603,2025-11-25,0,0,0
6603,2025-11-26,0,0,0
6603,2025-11-27,0,0,0
6603,2025-11-28,0,0,0
6603,2025-11-29,0,0,0
6603,2025-11-30,0,0,0
6603,2025-12-01,0,0,0
6603,2025-12-02,0,0,0
6603,2025-12-03,0,0,0
6603,2025-12-04,0,0,0
6603,2025-12-05,0,0,0
6603,2025-12-06,0,0,0
6603,2025-12-07,0,0,0
6603,2025-12-08,0,0,0
6603,2025-12-09,0,0,0
6603,2025-12-10,0,0,0
6603,2025-12-11,0,0,0
6603,2025-12-12,0,0,0
6603,2025-12-13,0,0,0
6603,2025-12-14,0,0,0
6603,2025-12-15,0,0,0
6603,2025-12-16,0,0,0
6603,2025-12-17,0,0,0
6603,2025-12-18,0,0,0
6603,2025-12-19,0,0,0
6603,2025-12-20,0,0,0
6603,2025-12-21,0,0,0
6613,2025-11-22,5,5,0
6613,2025-11-23,4,4,0
6613,2025-11-24,2,2,0
6613,2025-11-25,3,3,0
6613,2025-11-26,6,6,0
6613,2025-11-27,7,7,0
6613,2025-11-28,2,2,0
6613,2025-11-29,2,2,0
6613,2025-11-30,2,2,0
6613,2025-12-01,2,2,0
6613,2025-12-02,2,3,1
6613,2025-12-03,12,13,1
6613,2025-12-04,21,22,1
6613,2025-12-05,12,13,1
6613,2025-12-06,4,4,0
6613,2025-12-07,3,3,0
6613,2025-12-08,2,3,1
6613,2025-12-09,4,4,0
6613,2025-12-10,4,5,1
6613,2025-12-11,9,10,1
6613,2025-12-12,3,3,0
6613,2025-12-13,3,3,0
6613,2025-12-14,2,2,0
6613,2025-12-15,2,3,1
6613,2025-12-16,3,3,0
6613,2025-12-17,4,4,0
6613,2025-12-18,9,10,1
6613,2025-12-19,3,4,1
6613,2025-12-20,3,3,0
6613,2025-12-21,2,2,0
6662,2025-11-22,77,77,0
6662,2025-11-23,67,67,0
6662,2025-11-24,87,87,0
6662,2025-11-25,89,89,0
6662,2025-11-26,89,89,0
6662,2025-11-27,227,227,0
6662,2025-11-28,85,85,0
6662,2025-11-29,60,64,4
6662,2025-11-30,66,70,4
6662,2025-12-01,70,76,6
6662,2025-12-02,83,88,5
6662,2025-12-03,85,90,5
6662,2025-12-04,288,312,24
6662,2025-12-05,101,108,7
6662,2025-12-06,88,93,5
6662,2025-12-07,77,82,5
6662,2025-12-08,88,93,5
6662,2025-12-09,83,88,5
6662,2025-12-10,95,101,6
6662,2025-12-11,242,259,17
6662,2025-12-12,90,96,6
6662,2025-12-13,79,85,6
6662,2025-12-14,80,85,5
6662,2025-12-15,94,101,7
6662,2025-12-16,89,95,6
6662,2025-12-17,94,100,6
6662,2025-12-18,241,258,17
6662,2025-12-19,91,98,7
6662,2025-12-20,84,90,6
6662,2025-12-21,58,63,5
6692,2025-11-22,0,0,0
6692,2025-11-23,0,0,0
6692,2025-11-24,0,0,0
6692,2025-11-25,0,0,0
6692,2025-11-26,0,0,0
6692,2025-11-27,0,0,0
6692,2025-11-28,0,0,0
6692,2025-11-29,0,0,0
6692,2025-11-30,0,0,0
6692,2025-12-01,0,0,0
6692,2025-12-02,0,0,0
6692,2025-12-03,0,0,0
6692,2025-12-04,0,0,0
6692,2025-12-05,0,0,0
6692,2025-12-06,0,0,0
6692,2025-12-07,0,0,0
6692,2025-12-08,0,0,0
6692,2025-12-09,0,0,0
6692,2025-12-10,0,0,0
6692,2025-12-11,0,0,0
6692,2025-12-12,0,0,0
6692,2025-12-13,0,0,0
6692,2025-12-14,0,0,0
6692,2025-12-15,0,0,0
6692,2025-12-16,0,0,0
6692,2025-12-17,0,0,0
6692,2025-12-18,0,0,0
6692,2025-12-19,0,0,0
6692,2025-12-20,0,0,0
6692,2025-12-21,0,0,0
6720,2025-11-22,17,17,0
6720,2025-11-23,44,44,0
6720,2025-11-24,24,24,0
6720,2025-11-25,14,14,0
6720,2025-11-26,37,37,0
6720,2025-11-27,145,145,0
6720,2025-11-28,23,23,0
6720,2025-11-29,12,13,1
6720,2025-11-30,13,14,1
6720,2025-12-01,16,17,1
6720,2025-12-02,20,21,1
6720,2025-12-03,27,30,3
6720,2025-12-04,110,120,10
6720,2025-12-05,16,17,1
6720,2025-12-06,21,23,2
6720,2025-12-07,18,19,1
6720,2025-12-08,21,22,1
6720,2025-12-09,17,19,2
6720,2025-12-10,32,35,3
6720,2025-12-11,95,102,7
6720,2025-12-12,15,16,1
6720,2025-12-13,17,18,1
6720,2025-12-14,16,17,1
6720,2025-12-15,21,22,1
6720,2025-12-16,22,23,1
6720,2025-12-17,37,39,2
6720,2025-12-18,74,80,6
6720,2025-12-19,20,22,2
6720,2025-12-20,18,20,2
6720,2025-12-21,12,13,1
6728,2025-11-22,0,0,0
6728,2025-11-23,0,0,0
6728,2025-11-24,0,0,0
6728,2025-11-25,0,0,0
6728,2025-11-26,1,1,0
6728,2025-11-27,1,1,0
6728,2025-11-28,1,1,0
6728,2025-11-29,1,1,0
6728,2025-11-30,1,1,0
6728,2025-12-01,1,1,0
6728,2025-12-02,1,1,0
6728,2025-12-03,0,0,0
6728,2025-12-04,0,0,0
6728,2025-12-05,0,0,0
6728,2025-12-06,0,0,0
6728,2025-12-07,0,0,0
6728,2025-12-08,0,0,0
6728,2025-12-09,0,0,0
6728,2025-12-10,0,0,0
6728,2025-12-11,0,0,0
6728,2025-12-12,0,0,0
6728,2025-12-13,0,0,0
6728,2025-12-14,0,0,0
6728,2025-12-15,0,0,0
6728,2025-12-16,0,0,0
6728,2025-12-17,0,0,0
6728,2025-12-18,0,0,0
6728,2025-12-19,0,0,0
6728,2025-12-20,0,0,0
6728,2025-12-21,0,0,0
6733,2025-11-22,99,99,0
6733,2025-11-23,85,85,0
6733,2025-11-24,94,94,0
6733,2025-11-25,91,91,0
6733,2025-11-26,127,127,0
6733,2025-11-27,141,141,0
6733,2025-11-28,66,66,0
6733,2025-11-29,61,64,3
6733,2025-11-30,58,62,4
6733,2025-12-01,62,66,4
6733,2025-12-02,62,66,4
6733,2025-12-03,105,114,9
6733,2025-12-04,201,220,19
6733,2025-12-05,69,75,6
6733,2025-12-06,58,62,4
6733,2025-12-07,53,57,4
6733,2025-12-08,50,53,3
6733,2025-12-09,55,58,3
6733,2025-12-10,77,82,5
6733,2025-12-11,149,160,11
6733,2025-12-12,57,61,4
6733,2025-12-13,46,50,4
6733,2025-12-14,50,54,4
6733,2025-12-15,56,60,4
6733,2025-12-16,66,71,5
6733,2025-12-17,89,95,6
6733,2025-12-18,137,148,11
6733,2025-12-19,64,69,5
6733,2025-12-20,46,49,3
6733,2025-12-21,34,37,3
6738,2025-11-22,0,0,0
6738,2025-11-23,0,0,0
6738,2025-11-24,0,0,0
6738,2025-11-25,0,0,0
6738,2025-11-26,0,0,0
6738,2025-11-27,0,0,0
6738,2025-11-28,0,0,0
6738,2025-11-29,0,0,0
6738,2025-11-30,0,0,0
6738,2025-12-01,0,0,0
6738,2025-12-02,0,0,0
6738,2025-12-03,0,0,0
6738,2025-12-04,0,0,0
6738,2025-12-05,0,0,0
6738,2025-12-06,0,0,0
6738,2025-12-07,0,0,0
6738,2025-12-08,0,0,0
6738,2025-12-09,0,0,0
6738,2025-12-10,0,0,0
6738,2025-12-11,0,0,0
6738,2025-12-12,0,0,0
6738,2025-12-13,0,0,0
6738,2025-12-14,0,0,0
6738,2025-12-15,0,0,0
6738,2025-12-16,0,0,0
6738,2025-12-17,0,0,0
6738,2025-12-18,0,0,0
6738,2025-12-19,0,0,0
6738,2025-12-20,0,0,0
6738,2025-12-21,0,0,0
6752,2025-11-22,162,162,0
6752,2025-11-23,141,141,0
6752,2025-11-24,158,158,0
6752,2025-11-25,197,197,0
6752,2025-11-26,288,288,0
6752,2025-11-27,396,396,0
6752,2025-11-28,151,151,0
6752,2025-11-29,72,77,5
6752,2025-11-30,75,81,6
6752,2025-12-01,90,96,6
6752,2025-12-02,86,93,7
6752,2025-12-03,148,161,13
6752,2025-12-04,370,403,33
6752,2025-12-05,104,114,10
6752,2025-12-06,82,87,5
6752,2025-12-07,88,93,5
6752,2025-12-08,88,94,6
6752,2025-12-09,92,97,5
6752,2025-12-10,131,140,9
6752,2025-12-11,313,335,22
6752,2025-12-12,117,126,9
6752,2025-12-13,85,91,6
6752,2025-12-14,70,75,5
6752,2025-12-15,85,91,6
6752,2025-12-16,96,103,7
6752,2025-12-17,141,151,10
6752,2025-12-18,246,265,19
6752,2025-12-19,132,142,10
6752,2025-12-20,78,83,5
6752,2025-12-21,60,64,4
6753,2025-11-22,18,18,0
6753,2025-11-23,48,48,0
6753,2025-11-24,19,19,0
6753,2025-11-25,28,28,0
6753,2025-11-26,39,39,0
6753,2025-11-27,58,58,0
6753,2025-11-28,20,20,0
6753,2025-11-29,20,22,2
6753,2025-11-30,24,26,2
6753,2025-12-01,32,35,3
6753,2025-12-02,32,35,3
6753,2025-12-03,34,38,4
6753,2025-12-04,40,44,4
6753,2025-12-05,23,25,2
6753,2025-12-06,29,32,3
6753,2025-12-07,30,32,2
6753,2025-12-08,32,35,3
6753,2025-12-09,35,37,2
6753,2025-12-10,39,41,2
6753,2025-12-11,55,59,4
6753,2025-12-12,31,33,2
6753,2025-12-13,33,36,3
6753,2025-12-14,30,33,3
6753,2025-12-15,38,41,3
6753,2025-12-16,38,41,3
6753,2025-12-17,40,43,3
6753,2025-12-18,52,56,4
6753,2025-12-19,33,35,2
6753,2025-12-20,33,35,2
6753,2025-12-21,28,30,2
6782,2025-11-22,104,104,0
6782,2025-11-23,117,117,0
6782,2025-11-24,112,112,0
6782,2025-11-25,63,63,0
6782,2025-11-26,85,85,0
6782,2025-11-27,157,157,0
6782,2025-11-28,41,41,0
6782,2025-11-29,38,40,2
6782,2025-11-30,37,39,2
6782,2025-12-01,37,40,3
6782,2025-12-02,44,47,3
6782,2025-12-03,84,91,7
6782,2025-12-04,250,273,23
6782,2025-12-05,51,56,5
6782,2025-12-06,42,45,3
6782,2025-12-07,31,33,2
6782,2025-12-08,29,31,2
6782,2025-12-09,29,32,3
6782,2025-12-10,69,73,4
6782,2025-12-11,197,212,15
6782,2025-12-12,60,64,4
6782,2025-12-13,37,40,3
6782,2025-12-14,28,30,2
6782,2025-12-15,38,40,2
6782,2025-12-16,39,42,3
6782,2025-12-17,59,64,5
6782,2025-12-18,161,173,12
6782,2025-12-19,50,54,4
6782,2025-12-20,31,33,2
6782,2025-12-21,21,22,1
6862,2025-11-22,60,60,0
6862,2025-11-23,49,49,0
6862,2025-11-24,24,24,0
6862,2025-11-25,26,26,0
6862,2025-11-26,58,58,0
6862,2025-11-27,121,121,0
6862,2025-11-28,22,22,0
6862,2025-11-29,24,25,1
6862,2025-11-30,26,28,2
6862,2025-12-01,11,13,2
6862,2025-12-02,18,20,2
6862,2025-12-03,49,53,4
6862,2025-12-04,160,175,15
6862,2025-12-05,26,28,2
6862,2025-12-06,22,23,1
6862,2025-12-07,17,19,2
6862,2025-12-08,21,22,1
6862,2025-12-09,23,24,1
6862,2025-12-10,31,34,3
6862,2025-12-11,101,109,8
6862,2025-12-12,24,26,2
6862,2025-12-13,17,18,1
6862,2025-12-14,16,18,2
6862,2025-12-15,18,20,2
6862,2025-12-16,21,22,1
6862,2025-12-17,37,40,3
6862,2025-12-18,80,86,6
6862,2025-12-19,26,28,2
6862,2025-12-20,18,19,1
6862,2025-12-21,12,13,1
6886,2025-11-22,3077,3077,0
6886,2025-11-23,3002,3002,0
6886,2025-11-24,2802,2802,0
6886,2025-11-25,2465,2465,0
6886,2025-11-26,3354,3354,0
6886,2025-11-27,3858,3858,0
6886,2025-11-28,1533,1533,0
6886,2025-11-29,1402,1495,93
6886,2025-11-30,1611,1724,113
6886,2025-12-01,1876,2006,130
6886,2025-12-02,1851,1985,134
6886,2025-12-03,2848,3066,218
6886,2025-12-04,4459,4838,379
6886,2025-12-05,1957,2123,166
6886,2025-12-06,1878,1991,113
6886,2025-12-07,1624,1725,101
6886,2025-12-08,1642,1743,101
6886,2025-12-09,1713,1821,108
6886,2025-12-10,2476,2633,157
6886,2025-12-11,4826,5148,322
6886,2025-12-12,1843,1966,123
6886,2025-12-13,1535,1643,108
6886,2025-12-14,1270,1360,90
6886,2025-12-15,1532,1644,112
6886,2025-12-16,2002,2148,146
6886,2025-12-17,2529,2718,189
6886,2025-12-18,3381,3635,254
6886,2025-12-19,1708,1837,129
6886,2025-12-20,1558,1675,117
6886,2025-12-21,1111,1197,86
6888,2025-11-22,0,0,0
6888,2025-11-23,0,0,0
6888,2025-11-24,0,0,0
6888,2025-11-25,0,0,0
6888,2025-11-26,0,0,0
6888,2025-11-27,0,0,0
6888,2025-11-28,0,0,0
6888,2025-11-29,0,0,0
6888,2025-11-30,0,0,0
6888,2025-12-01,0,0,0
6888,2025-12-02,0,0,0
6888,2025-12-03,0,0,0
6888,2025-12-04,0,0,0
6888,2025-12-05,0,0,0
6888,2025-12-06,0,0,0
6888,2025-12-07,0,0,0
6888,2025-12-08,0,0,0
6888,2025-12-09,0,0,0
6888,2025-12-10,0,0,0
6888,2025-12-11,0,0,0
6888,2025-12-12,0,0,0
6888,2025-12-13,0,0,0
6888,2025-12-14,0,0,0
6888,2025-12-15,0,0,0
6888,2025-12-16,0,0,0
6888,2025-12-17,0,0,0
6888,2025-12-18,0,0,0
6888,2025-12-19,0,0,0
6888,2025-12-20,0,0,0
6888,2025-12-21,0,0,0
6912,2025-11-22,0,0,0
6912,2025-11-23,0,0,0
6912,2025-11-24,0,0,0
6912,2025-11-25,0,0,0
6912,2025-11-26,0,0,0
6912,2025-11-27,0,0,0
6912,2025-11-28,0,0,0
6912,2025-11-29,0,0,0
6912,2025-11-30,0,0,0
6912,2025-12-01,0,0,0
6912,2025-12-02,0,0,0
6912,2025-12-03,0,0,0
6912,2025-12-04,0,0,0
6912,2025-12-05,0,0,0
6912,2025-12-06,0,0,0
6912,2025-12-07,0,0,0
6912,2025-12-08,0,0,0
6912,2025-12-09,0,0,0
6912,2025-12-10,0,0,0
6912,2025-12-11,0,0,0
6912,2025-12-12,0,0,0
6912,2025-12-13,0,0,0
6912,2025-12-14,0,0,0
6912,2025-12-15,0,0,0
6912,2025-12-16,0,0,0
6912,2025-12-17,0,0,0
6912,2025-12-18,0,0,0
6912,2025-12-19,0,0,0
6912,2025-12-20,0,0,0
6912,2025-12-21,0,0,0
6930,2025-11-22,7,7,0
6930,2025-11-23,5,5,0
6930,2025-11-24,7,7,0
6930,2025-11-25,7,7,0
6930,2025-11-26,13,13,0
6930,2025-11-27,37,37,0
6930,2025-11-28,10,10,0
6930,2025-11-29,6,7,1
6930,2025-11-30,8,9,1
6930,2025-12-01,9,10,1
6930,2025-12-02,9,10,1
6930,2025-12-03,12,13,1
6930,2025-12-04,22,24,2
6930,2025-12-05,9,10,1
6930,2025-12-06,10,10,0
6930,2025-12-07,12,13,1
6930,2025-12-08,9,10,1
6930,2025-12-09,10,11,1
6930,2025-12-10,11,12,1
6930,2025-12-11,21,23,2
6930,2025-12-12,10,11,1
6930,2025-12-13,10,11,1
6930,2025-12-14,9,10,1
6930,2025-12-15,11,12,1
6930,2025-12-16,13,14,1
6930,2025-12-17,14,15,1
6930,2025-12-18,22,24,2
6930,2025-12-19,12,13,1
6930,2025-12-20,10,11,1
6930,2025-12-21,8,8,0
6986,2025-11-22,8,8,0
6986,2025-11-23,42,42,0
6986,2025-11-24,17,17,0
6986,2025-11-25,9,9,0
6986,2025-11-26,37,37,0
6986,2025-11-27,97,97,0
6986,2025-11-28,6,6,0
6986,2025-11-29,4,4,0
6986,2025-11-30,2,3,1
6986,2025-12-01,3,3,0
6986,2025-12-02,4,4,0
6986,2025-12-03,10,11,1
6986,2025-12-04,62,68,6
6986,2025-12-05,4,5,1
6986,2025-12-06,9,9,0
6986,2025-12-07,7,8,1
6986,2025-12-08,18,19,1
6986,2025-12-09,8,9,1
6986,2025-12-10,39,42,3
6986,2025-12-11,192,205,13
6986,2025-12-12,24,26,2
6986,2025-12-13,9,10,1
6986,2025-12-14,8,9,1
6986,2025-12-15,10,11,1
6986,2025-12-16,12,13,1
6986,2025-12-17,28,31,3
6986,2025-12-18,130,139,9
6986,2025-12-19,16,17,1
6986,2025-12-20,10,11,1
6986,2025-12-21,7,7,0
7008,2025-11-22,80,80,0
7008,2025-11-23,59,59,0
7008,2025-11-24,53,53,0
7008,2025-11-25,55,55,0
7008,2025-11-26,77,77,0
7008,2025-11-27,81,81,0
7008,2025-11-28,22,22,0
7008,2025-11-29,23,25,2
7008,2025-11-30,26,28,2
7008,2025-12-01,26,29,3
7008,2025-12-02,28,30,2
7008,2025-12-03,51,56,5
7008,2025-12-04,85,93,8
7008,2025-12-05,27,30,3
7008,2025-12-06,28,31,3
7008,2025-12-07,31,33,2
7008,2025-12-08,31,33,2
7008,2025-12-09,33,35,2
7008,2025-12-10,42,45,3
7008,2025-12-11,103,111,8
7008,2025-12-12,29,31,2
7008,2025-12-13,27,30,3
7008,2025-12-14,26,28,2
7008,2025-12-15,31,34,3
7008,2025-12-16,34,36,2
7008,2025-12-17,48,52,4
7008,2025-12-18,77,83,6
7008,2025-12-19,36,39,3
7008,2025-12-20,31,34,3
7008,2025-12-21,24,26,2
7029,2025-11-22,0,0,0
7029,2025-11-23,0,0,0
7029,2025-11-24,0,0,0
7029,2025-11-25,0,0,0
7029,2025-11-26,0,0,0
7029,2025-11-27,0,0,0
7029,2025-11-28,0,0,0
7029,2025-11-29,0,0,0
7029,2025-11-30,0,0,0
7029,2025-12-01,0,0,0
7029,2025-12-02,0,0,0
7029,2025-12-03,0,0,0
7029,2025-12-04,0,0,0
7029,2025-12-05,0,0,0
7029,2025-12-06,0,0,0
7029,2025-12-07,0,0,0
7029,2025-12-08,0,0,0
7029,2025-12-09,0,0,0
7029,2025-12-10,0,0,0
7029,2025-12-11,0,0,0
7029,2025-12-12,0,0,0
7029,2025-12-13,0,0,0
7029,2025-12-14,0,0,0
7029,2025-12-15,0,0,0
7029,2025-12-16,0,0,0
7029,2025-12-17,0,0,0
7029,2025-12-18,0,0,0
7029,2025-12-19,0,0,0
7029,2025-12-20,0,0,0
7029,2025-12-21,0,0,0
7039,2025-11-22,28,28,0
7039,2025-11-23,20,20,0
7039,2025-11-24,32,32,0
7039,2025-11-25,17,17,0
7039,2025-11-26,22,22,0
7039,2025-11-27,23,23,0
7039,2025-11-28,17,17,0
7039,2025-11-29,18,19,1
7039,2025-11-30,21,22,1
7039,2025-12-01,21,22,1
7039,2025-12-02,22,23,1
7039,2025-12-03,24,26,2
7039,2025-12-04,36,40,4
7039,2025-12-05,20,22,2
7039,2025-12-06,24,25,1
7039,2025-12-07,22,24,2
7039,2025-12-08,22,23,1
7039,2025-12-09,23,25,2
7039,2025-12-10,27,29,2
7039,2025-12-11,42,45,3
7039,2025-12-12,21,23,2
7039,2025-12-13,24,25,1
7039,2025-12-14,22,24,2
7039,2025-12-15,27,29,2
7039,2025-12-16,27,29,2
7039,2025-12-17,32,34,2
7039,2025-12-18,40,43,3
7039,2025-12-19,26,28,2
7039,2025-12-20,27,29,2
7039,2025-12-21,24,26,2
7040,2025-11-22,4,4,0
7040,2025-11-23,4,4,0
7040,2025-11-24,0,0,0
7040,2025-11-25,0,0,0
7040,2025-11-26,1,1,0
7040,2025-11-27,1,1,0
7040,2025-11-28,0,0,0
7040,2025-11-29,0,0,0
7040,2025-11-30,2,2,0
7040,2025-12-01,0,0,0
7040,2025-12-02,0,0,0
7040,2025-12-03,5,5,0
7040,2025-12-04,2,2,0
7040,2025-12-05,0,0,0
7040,2025-12-06,0,0,0
7040,2025-12-07,0,0,0
7040,2025-12-08,2,2,0
7040,2025-12-09,0,0,0
7040,2025-12-10,6,6,0
7040,2025-12-11,2,2,0
7040,2025-12-12,0,0,0
7040,2025-12-13,0,0,0
7040,2025-12-14,0,0,0
7040,2025-12-15,0,0,0
7040,2025-12-16,0,0,0
7040,2025-12-17,1,1,0
7040,2025-12-18,1,2,1
7040,2025-12-19,1,1,0
7040,2025-12-20,0,1,1
7040,2025-12-21,0,0,0
7049,2025-11-22,129,129,0
7049,2025-11-23,140,140,0
7049,2025-11-24,120,120,0
7049,2025-11-25,188,188,0
7049,2025-11-26,288,288,0
7049,2025-11-27,253,253,0
7049,2025-11-28,79,79,0
7049,2025-11-29,70,74,4
7049,2025-11-30,70,75,5
7049,2025-12-01,71,76,5
7049,2025-12-02,82,88,6
7049,2025-12-03,115,124,9
7049,2025-12-04,267,290,23
7049,2025-12-05,54,60,6
7049,2025-12-06,57,61,4
7049,2025-12-07,53,56,3
7049,2025-12-08,63,67,4
7049,2025-12-09,93,98,5
7049,2025-12-10,135,143,8
7049,2025-12-11,248,264,16
7049,2025-12-12,58,62,4
7049,2025-12-13,54,57,3
7049,2025-12-14,50,53,3
7049,2025-12-15,59,63,4
7049,2025-12-16,71,75,4
7049,2025-12-17,91,97,6
7049,2025-12-18,140,151,11
7049,2025-12-19,69,74,5
7049,2025-12-20,58,62,4
7049,2025-12-21,43,46,3
7058,2025-11-22,103,103,0
7058,2025-11-23,76,76,0
7058,2025-11-24,77,77,0
7058,2025-11-25,79,79,0
7058,2025-11-26,146,146,0
7058,2025-11-27,169,169,0
7058,2025-11-28,95,95,0
7058,2025-11-29,73,77,4
7058,2025-11-30,54,58,4
7058,2025-12-01,42,45,3
7058,2025-12-02,36,39,3
7058,2025-12-03,91,98,7
7058,2025-12-04,164,179,15
7058,2025-12-05,41,45,4
7058,2025-12-06,60,64,4
7058,2025-12-07,44,47,3
7058,2025-12-08,40,43,3
7058,2025-12-09,47,50,3
7058,2025-12-10,82,87,5
7058,2025-12-11,141,150,9
7058,2025-12-12,50,53,3
7058,2025-12-13,38,41,3
7058,2025-12-14,36,39,3
7058,2025-12-15,43,46,3
7058,2025-12-16,60,65,5
7058,2025-12-17,94,101,7
7058,2025-12-18,136,146,10
7058,2025-12-19,47,51,4
7058,2025-12-20,39,43,4
7058,2025-12-21,31,33,2
7127,2025-11-22,3777,3777,0
7127,2025-11-23,3521,3521,0
7127,2025-11-24,2783,2783,0
7127,2025-11-25,3144,3144,0
7127,2025-11-26,4694,4694,0
7127,2025-11-27,6268,6268,0
7127,2025-11-28,2744,2744,0
7127,2025-11-29,1783,1904,121
7127,2025-11-30,1796,1929,133
7127,2025-12-01,2023,2174,151
7127,2025-12-02,2123,2283,160
7127,2025-12-03,3778,4085,307
7127,2025-12-04,5683,6183,500
7127,2025-12-05,2589,2815,226
7127,2025-12-06,1830,1943,113
7127,2025-12-07,1670,1777,107
7127,2025-12-08,1724,1836,112
7127,2025-12-09,1863,1988,125
7127,2025-12-10,2948,3149,201
7127,2025-12-11,5315,5690,375
7127,2025-12-12,2032,2174,142
7127,2025-12-13,1670,1795,125
7127,2025-12-14,1476,1581,105
7127,2025-12-15,1806,1939,133
7127,2025-12-16,2076,2229,153
7127,2025-12-17,3098,3324,226
7127,2025-12-18,4384,4713,329
7127,2025-12-19,2194,2361,167
7127,2025-12-20,1818,1954,136
7127,2025-12-21,1260,1359,99
7154,2025-11-22,0,0,0
7154,2025-11-23,0,0,0
7154,2025-11-24,0,0,0
7154,2025-11-25,0,0,0
7154,2025-11-26,0,0,0
7154,2025-11-27,0,0,0
7154,2025-11-28,0,0,0
7154,2025-11-29,0,0,0
7154,2025-11-30,0,0,0
7154,2025-12-01,0,0,0
7154,2025-12-02,0,0,0
7154,2025-12-03,0,0,0
7154,2025-12-04,0,0,0
7154,2025-12-05,0,0,0
7154,2025-12-06,0,0,0
7154,2025-12-07,0,0,0
7154,2025-12-08,0,0,0
7154,2025-12-09,0,0,0
7154,2025-12-10,0,0,0
7154,2025-12-11,0,0,0
7154,2025-12-12,0,0,0
7154,2025-12-13,0,0,0
7154,2025-12-14,0,0,0
7154,2025-12-15,0,0,0
7154,2025-12-16,0,0,0
7154,2025-12-17,0,0,0
7154,2025-12-18,0,0,0
7154,2025-12-19,0,0,0
7154,2025-12-20,0,0,0
7154,2025-12-21,0,0,0
7201,2025-11-22,395,395,0
7201,2025-11-23,298,298,0
7201,2025-11-24,365,365,0
7201,2025-11-25,425,425,0
7201,2025-11-26,738,738,0
7201,2025-11-27,833,833,0
7201,2025-11-28,360,360,0
7201,2025-11-29,242,258,16
7201,2025-11-30,190,205,15
7201,2025-12-01,209,225,16
7201,2025-12-02,243,263,20
7201,2025-12-03,452,491,39
7201,2025-12-04,707,770,63
7201,2025-12-05,290,314,24
7201,2025-12-06,241,256,15
7201,2025-12-07,244,259,15
7201,2025-12-08,241,256,15
7201,2025-12-09,237,251,14
7201,2025-12-10,326,347,21
7201,2025-12-11,647,693,46
7201,2025-12-12,310,330,20
7201,2025-12-13,232,249,17
7201,2025-12-14,204,218,14
7201,2025-12-15,246,264,18
7201,2025-12-16,270,290,20
7201,2025-12-17,383,412,29
7201,2025-12-18,615,660,45
7201,2025-12-19,292,314,22
7201,2025-12-20,217,231,14
7201,2025-12-21,138,149,11
7221,2025-11-22,793,793,0
7221,2025-11-23,700,700,0
7221,2025-11-24,605,605,0
7221,2025-11-25,703,703,0
7221,2025-11-26,951,951,0
7221,2025-11-27,1272,1272,0
7221,2025-11-28,529,529,0
7221,2025-11-29,436,469,33
7221,2025-11-30,460,497,37
7221,2025-12-01,445,479,34
7221,2025-12-02,443,479,36
7221,2025-12-03,811,877,66
7221,2025-12-04,1402,1531,129
7221,2025-12-05,558,606,48
7221,2025-12-06,476,506,30
7221,2025-12-07,506,538,32
7221,2025-12-08,490,521,31
7221,2025-12-09,540,575,35
7221,2025-12-10,783,834,51
7221,2025-12-11,1440,1540,100
7221,2025-12-12,574,613,39
7221,2025-12-13,425,454,29
7221,2025-12-14,388,415,27
7221,2025-12-15,438,469,31
7221,2025-12-16,522,559,37
7221,2025-12-17,736,790,54
7221,2025-12-18,1194,1280,86
7221,2025-12-19,579,620,41
7221,2025-12-20,452,484,32
7221,2025-12-21,323,346,23
7222,2025-11-22,230,230,0
7222,2025-11-23,170,170,0
7222,2025-11-24,233,233,0
7222,2025-11-25,173,173,0
7222,2025-11-26,270,270,0
7222,2025-11-27,612,612,0
7222,2025-11-28,266,266,0
7222,2025-11-29,127,137,10
7222,2025-11-30,161,174,13
7222,2025-12-01,217,233,16
7222,2025-12-02,217,234,17
7222,2025-12-03,224,243,19
7222,2025-12-04,1036,1123,87
7222,2025-12-05,259,282,23
7222,2025-12-06,183,195,12
7222,2025-12-07,178,190,12
7222,2025-12-08,190,202,12
7222,2025-12-09,194,206,12
7222,2025-12-10,192,206,14
7222,2025-12-11,808,863,55
7222,2025-12-12,330,351,21
7222,2025-12-13,173,185,12
7222,2025-12-14,185,198,13
7222,2025-12-15,182,195,13
7222,2025-12-16,205,221,16
7222,2025-12-17,212,228,16
7222,2025-12-18,591,636,45
7222,2025-12-19,355,382,27
7222,2025-12-20,237,253,16
7222,2025-12-21,251,266,15
7228,2025-11-22,131,131,0
7228,2025-11-23,143,143,0
7228,2025-11-24,84,84,0
7228,2025-11-25,106,106,0
7228,2025-11-26,188,188,0
7228,2025-11-27,331,331,0
7228,2025-11-28,61,61,0
7228,2025-11-29,57,60,3
7228,2025-11-30,64,67,3
7228,2025-12-01,56,60,4
7228,2025-12-02,82,86,4
7228,2025-12-03,150,161,11
7228,2025-12-04,325,353,28
7228,2025-12-05,68,74,6
7228,2025-12-06,69,73,4
7228,2025-12-07,56,59,3
7228,2025-12-08,71,75,4
7228,2025-12-09,72,77,5
7228,2025-12-10,101,108,7
7228,2025-12-11,310,332,22
7228,2025-12-12,83,88,5
7228,2025-12-13,63,67,4
7228,2025-12-14,64,68,4
7228,2025-12-15,60,64,4
7228,2025-12-16,62,67,5
7228,2025-12-17,98,105,7
7228,2025-12-18,200,215,15
7228,2025-12-19,87,94,7
7228,2025-12-20,48,52,4
7228,2025-12-21,29,31,2
7252,2025-11-22,132,132,0
7252,2025-11-23,107,107,0
7252,2025-11-24,97,97,0
7252,2025-11-25,104,104,0
7252,2025-11-26,179,179,0
7252,2025-11-27,199,199,0
7252,2025-11-28,92,92,0
7252,2025-11-29,86,91,5
7252,2025-11-30,89,94,5
7252,2025-12-01,93,98,5
7252,2025-12-02,85,91,6
7252,2025-12-03,134,144,10
7252,2025-12-04,208,226,18
7252,2025-12-05,84,91,7
7252,2025-12-06,89,94,5
7252,2025-12-07,80,84,4
7252,2025-12-08,75,79,4
7252,2025-12-09,89,94,5
7252,2025-12-10,117,124,7
7252,2025-12-11,205,219,14
7252,2025-12-12,73,77,4
7252,2025-12-13,72,77,5
7252,2025-12-14,63,67,4
7252,2025-12-15,72,77,5
7252,2025-12-16,86,92,6
7252,2025-12-17,124,133,9
7252,2025-12-18,183,196,13
7252,2025-12-19,81,87,6
7252,2025-12-20,68,73,5
7252,2025-12-21,43,47,4
7256,2025-11-22,0,0,0
7256,2025-11-23,0,0,0
7256,2025-11-24,0,0,0
7256,2025-11-25,0,0,0
7256,2025-11-26,0,0,0
7256,2025-11-27,0,0,0
7256,2025-11-28,0,0,0
7256,2025-11-29,0,0,0
7256,2025-11-30,0,0,0
7256,2025-12-01,0,0,0
7256,2025-12-02,0,0,0
7256,2025-12-03,0,0,0
7256,2025-12-04,0,0,0
7256,2025-12-05,0,0,0
7256,2025-12-06,0,0,0
7256,2025-12-07,0,0,0
7256,2025-12-08,0,0,0
7256,2025-12-09,0,0,0
7256,2025-12-10,0,0,0
7256,2025-12-11,0,0,0
7256,2025-12-12,0,0,0
7256,2025-12-13,0,0,0
7256,2025-12-14,0,0,0
7256,2025-12-15,0,0,0
7256,2025-12-16,0,0,0
7256,2025-12-17,0,0,0
7256,2025-12-18,0,0,0
7256,2025-12-19,0,0,0
7256,2025-12-20,0,0,0
7256,2025-12-21,0,0,0
7274,2025-11-22,3961,3961,0
7274,2025-11-23,3803,3803,0
7274,2025-11-24,2962,2962,0
7274,2025-11-25,2824,2824,0
7274,2025-11-26,5505,5505,0
7274,2025-11-27,8172,8172,0
7274,2025-11-28,2007,2007,0
7274,2025-11-29,1493,1582,89
7274,2025-11-30,1382,1473,91
7274,2025-12-01,1678,1789,111
7274,2025-12-02,1517,1622,105
7274,2025-12-03,3612,3892,280
7274,2025-12-04,6721,7293,572
7274,2025-12-05,2208,2393,185
7274,2025-12-06,1467,1558,91
7274,2025-12-07,1249,1328,79
7274,2025-12-08,1419,1506,87
7274,2025-12-09,1796,1908,112
7274,2025-12-10,2897,3086,189
7274,2025-12-11,6478,6928,450
7274,2025-12-12,2689,2867,178
7274,2025-12-13,1771,1895,124
7274,2025-12-14,1394,1491,97
7274,2025-12-15,1455,1559,104
7274,2025-12-16,1802,1931,129
7274,2025-12-17,3458,3708,250
7274,2025-12-18,4504,4841,337
7274,2025-12-19,1755,1888,133
7274,2025-12-20,1821,1954,133
7274,2025-12-21,810,872,62
7278,2025-11-22,44,44,0
7278,2025-11-23,50,50,0
7278,2025-11-24,35,35,0
7278,2025-11-25,26,26,0
7278,2025-11-26,39,39,0
7278,2025-11-27,91,91,0
7278,2025-11-28,26,26,0
7278,2025-11-29,21,22,1
7278,2025-11-30,23,25,2
7278,2025-12-01,20,22,2
7278,2025-12-02,16,18,2
7278,2025-12-03,35,38,3
7278,2025-12-04,79,86,7
7278,2025-12-05,21,23,2
7278,2025-12-06,24,26,2
7278,2025-12-07,23,24,1
7278,2025-12-08,24,25,1
7278,2025-12-09,26,27,1
7278,2025-12-10,29,31,2
7278,2025-12-11,78,84,6
7278,2025-12-12,19,20,1
7278,2025-12-13,18,20,2
7278,2025-12-14,17,18,1
7278,2025-12-15,20,22,2
7278,2025-12-16,24,26,2
7278,2025-12-17,36,39,3
7278,2025-12-18,64,69,5
7278,2025-12-19,23,25,2
7278,2025-12-20,21,23,2
7278,2025-12-21,16,17,1
7280,2025-11-22,0,0,0
7280,2025-11-23,4,4,0
7280,2025-11-24,0,0,0
7280,2025-11-25,1,1,0
7280,2025-11-26,2,2,0
7280,2025-11-27,5,5,0
7280,2025-11-28,2,2,0
7280,2025-11-29,1,1,0
7280,2025-11-30,1,1,0
7280,2025-12-01,1,1,0
7280,2025-12-02,1,1,0
7280,2025-12-03,2,3,1
7280,2025-12-04,29,31,2
7280,2025-12-05,2,2,0
7280,2025-12-06,2,2,0
7280,2025-12-07,2,2,0
7280,2025-12-08,2,2,0
7280,2025-12-09,2,2,0
7280,2025-12-10,2,3,1
7280,2025-12-11,12,13,1
7280,2025-12-12,2,2,0
7280,2025-12-13,1,2,1
7280,2025-12-14,1,1,0
7280,2025-12-15,2,2,0
7280,2025-12-16,2,2,0
7280,2025-12-17,3,3,0
7280,2025-12-18,9,10,1
7280,2025-12-19,2,2,0
7280,2025-12-20,2,2,0
7280,2025-12-21,1,1,0
7285,2025-11-22,3,3,0
7285,2025-11-23,12,12,0
7285,2025-11-24,8,8,0
7285,2025-11-25,2,2,0
7285,2025-11-26,7,7,0
7285,2025-11-27,12,12,0
7285,2025-11-28,2,2,0
7285,2025-11-29,2,2,0
7285,2025-11-30,2,2,0
7285,2025-12-01,2,2,0
7285,2025-12-02,2,2,0
7285,2025-12-03,19,21,2
7285,2025-12-04,45,49,4
7285,2025-12-05,3,4,1
7285,2025-12-06,4,5,1
7285,2025-12-07,4,4,0
7285,2025-12-08,3,4,1
7285,2025-12-09,3,4,1
7285,2025-12-10,6,7,1
7285,2025-12-11,19,20,1
7285,2025-12-12,4,4,0
7285,2025-12-13,4,4,0
7285,2025-12-14,3,4,1
7285,2025-12-15,4,5,1
7285,2025-12-16,4,5,1
7285,2025-12-17,7,8,1
7285,2025-12-18,26,27,1
7285,2025-12-19,4,5,1
7285,2025-12-20,4,5,1
7285,2025-12-21,3,3,0
7339,2025-11-22,31865,31865,0
7339,2025-11-23,28086,28086,0
7339,2025-11-24,25810,25810,0
7339,2025-11-25,26468,26468,0
7339,2025-11-26,42782,42782,0
7339,2025-11-27,42563,42563,0
7339,2025-11-28,15560,15560,0
7339,2025-11-29,13719,14523,804
7339,2025-11-30,12634,13400,766
7339,2025-12-01,13326,14215,889
7339,2025-12-02,16319,17460,1141
7339,2025-12-03,31968,34418,2450
7339,2025-12-04,37530,40498,2968
7339,2025-12-05,15968,17249,1281
7339,2025-12-06,14147,15007,860
7339,2025-12-07,11854,12578,724
7339,2025-12-08,11903,12631,728
7339,2025-12-09,16231,17251,1020
7339,2025-12-10,26090,27761,1671
7339,2025-12-11,35928,38319,2391
7339,2025-12-12,13916,14839,923
7339,2025-12-13,11993,12828,835
7339,2025-12-14,11147,11916,769
7339,2025-12-15,13069,13998,929
7339,2025-12-16,15561,16672,1111
7339,2025-12-17,22866,24515,1649
7339,2025-12-18,27272,29258,1986
7339,2025-12-19,12952,13899,947
7339,2025-12-20,10348,11106,758
7339,2025-12-21,7059,7587,528
7366,2025-11-22,4,4,0
7366,2025-11-23,3,3,0
7366,2025-11-24,3,3,0
7366,2025-11-25,9,9,0
7366,2025-11-26,9,9,0
7366,2025-11-27,10,10,0
7366,2025-11-28,4,4,0
7366,2025-11-29,4,4,0
7366,2025-11-30,2,2,0
7366,2025-12-01,2,2,0
7366,2025-12-02,2,3,1
7366,2025-12-03,4,5,1
7366,2025-12-04,9,10,1
7366,2025-12-05,3,3,0
7366,2025-12-06,3,4,1
7366,2025-12-07,3,3,0
7366,2025-12-08,2,3,1
7366,2025-12-09,3,3,0
7366,2025-12-10,4,4,0
7366,2025-12-11,8,9,1
7366,2025-12-12,2,2,0
7366,2025-12-13,2,3,1
7366,2025-12-14,7,8,1
7366,2025-12-15,8,8,0
7366,2025-12-16,9,9,0
7366,2025-12-17,10,10,0
7366,2025-12-18,6,6,0
7366,2025-12-19,3,3,0
7366,2025-12-20,2,3,1
7366,2025-12-21,1,1,0
7399,2025-11-22,1024,1024,0
7399,2025-11-23,980,980,0
7399,2025-11-24,872,872,0
7399,2025-11-25,870,870,0
7399,2025-11-26,966,966,0
7399,2025-11-27,808,808,0
7399,2025-11-28,493,493,0
7399,2025-11-29,522,541,19
7399,2025-11-30,486,508,22
7399,2025-12-01,543,566,23
7399,2025-12-02,652,682,30
7399,2025-12-03,708,745,37
7399,2025-12-04,760,808,48
7399,2025-12-05,428,457,29
7399,2025-12-06,516,542,26
7399,2025-12-07,559,585,26
7399,2025-12-08,580,606,26
7399,2025-12-09,629,658,29
7399,2025-12-10,735,769,34
7399,2025-12-11,885,932,47
7399,2025-12-12,546,575,29
7399,2025-12-13,567,597,30
7399,2025-12-14,594,625,31
7399,2025-12-15,695,732,37
7399,2025-12-16,739,779,40
7399,2025-12-17,768,811,43
7399,2025-12-18,640,683,43
7399,2025-12-19,417,446,29
7399,2025-12-20,560,598,38
7399,2025-12-21,334,358,24
7401,2025-11-22,0,0,0
7401,2025-11-23,1,1,0
7401,2025-11-24,2,2,0
7401,2025-11-25,3,3,0
7401,2025-11-26,1,1,0
7401,2025-11-27,2,2,0
7401,2025-11-28,0,0,0
7401,2025-11-29,0,0,0
7401,2025-11-30,1,1,0
7401,2025-12-01,1,1,0
7401,2025-12-02,1,1,0
7401,2025-12-03,1,1,0
7401,2025-12-04,7,7,0
7401,2025-12-05,1,1,0
7401,2025-12-06,1,2,1
7401,2025-12-07,1,1,0
7401,2025-12-08,1,1,0
7401,2025-12-09,1,1,0
7401,2025-12-10,1,1,0
7401,2025-12-11,4,4,0
7401,2025-12-12,1,1,0
7401,2025-12-13,1,1,0
7401,2025-12-14,1,1,0
7401,2025-12-15,1,2,1
7401,2025-12-16,1,2,1
7401,2025-12-17,2,2,0
7401,2025-12-18,3,4,1
7401,2025-12-19,2,2,0
7401,2025-12-20,1,2,1
7401,2025-12-21,1,1,0
7412,2025-11-22,899,899,0
7412,2025-11-23,782,782,0
7412,2025-11-24,901,901,0
7412,2025-11-25,958,958,0
7412,2025-11-26,1010,1010,0
7412,2025-11-27,877,877,0
7412,2025-11-28,518,518,0
7412,2025-11-29,567,594,27
7412,2025-11-30,544,572,28
7412,2025-12-01,616,649,33
7412,2025-12-02,578,612,34
7412,2025-12-03,747,797,50
7412,2025-12-04,1077,1157,80
7412,2025-12-05,588,628,40
7412,2025-12-06,542,566,24
7412,2025-12-07,505,528,23
7412,2025-12-08,461,483,22
7412,2025-12-09,462,484,22
7412,2025-12-10,522,549,27
7412,2025-12-11,823,875,52
7412,2025-12-12,383,404,21
7412,2025-12-13,330,349,19
7412,2025-12-14,276,293,17
7412,2025-12-15,284,302,18
7412,2025-12-16,253,271,18
7412,2025-12-17,313,335,22
7412,2025-12-18,447,479,32
7412,2025-12-19,256,274,18
7412,2025-12-20,202,217,15
7412,2025-12-21,144,155,11
7416,2025-11-22,8,8,0
7416,2025-11-23,36,36,0
7416,2025-11-24,12,12,0
7416,2025-11-25,15,15,0
7416,2025-11-26,22,22,0
7416,2025-11-27,108,108,0
7416,2025-11-28,10,10,0
7416,2025-11-29,9,10,1
7416,2025-11-30,14,15,1
7416,2025-12-01,14,15,1
7416,2025-12-02,15,16,1
7416,2025-12-03,23,24,1
7416,2025-12-04,148,161,13
7416,2025-12-05,12,14,2
7416,2025-12-06,12,13,1
7416,2025-12-07,11,12,1
7416,2025-12-08,11,12,1
7416,2025-12-09,12,12,0
7416,2025-12-10,21,23,2
7416,2025-12-11,96,103,7
7416,2025-12-12,14,15,1
7416,2025-12-13,13,13,0
7416,2025-12-14,11,12,1
7416,2025-12-15,19,20,1
7416,2025-12-16,19,20,1
7416,2025-12-17,28,30,2
7416,2025-12-18,92,99,7
7416,2025-12-19,18,19,1
7416,2025-12-20,14,15,1
7416,2025-12-21,7,7,0
7432,2025-11-22,0,0,0
7432,2025-11-23,0,0,0
7432,2025-11-24,0,0,0
7432,2025-11-25,0,0,0
7432,2025-11-26,0,0,0
7432,2025-11-27,0,0,0
7432,2025-11-28,0,0,0
7432,2025-11-29,0,0,0
7432,2025-11-30,0,0,0
7432,2025-12-01,0,0,0
7432,2025-12-02,0,0,0
7432,2025-12-03,0,0,0
7432,2025-12-04,2,2,0
7432,2025-12-05,0,0,0
7432,2025-12-06,0,0,0
7432,2025-12-07,2,2,0
7432,2025-12-08,0,0,0
7432,2025-12-09,0,0,0
7432,2025-12-10,0,0,0
7432,2025-12-11,0,0,0
7432,2025-12-12,0,0,0
7432,2025-12-13,0,0,0
7432,2025-12-14,0,0,0
7432,2025-12-15,0,0,0
7432,2025-12-16,2,2,0
7432,2025-12-17,0,0,0
7432,2025-12-18,3,3,0
7432,2025-12-19,0,0,0
7432,2025-12-20,0,0,0
7432,2025-12-21,0,0,0
7458,2025-11-22,0,0,0
7458,2025-11-23,0,0,0
7458,2025-11-24,3,3,0
7458,2025-11-25,0,0,0
7458,2025-11-26,0,0,0
7458,2025-11-27,0,0,0
7458,2025-11-28,0,0,0
7458,2025-11-29,0,0,0
7458,2025-11-30,0,0,0
7458,2025-12-01,0,0,0
7458,2025-12-02,0,0,0
7458,2025-12-03,0,0,0
7458,2025-12-04,0,0,0
7458,2025-12-05,0,0,0
7458,2025-12-06,0,0,0
7458,2025-12-07,0,0,0
7458,2025-12-08,0,0,0
7458,2025-12-09,0,0,0
7458,2025-12-10,0,0,0
7458,2025-12-11,1,1,0
7458,2025-12-12,0,0,0
7458,2025-12-13,0,0,0
7458,2025-12-14,0,0,0
7458,2025-12-15,0,0,0
7458,2025-12-16,0,0,0
7458,2025-12-17,0,0,0
7458,2025-12-18,3,3,0
7458,2025-12-19,0,0,0
7458,2025-12-20,0,0,0
7458,2025-12-21,0,0,0
7515,2025-11-22,0,0,0
7515,2025-11-23,0,0,0
7515,2025-11-24,0,0,0
7515,2025-11-25,0,0,0
7515,2025-11-26,0,0,0
7515,2025-11-27,0,0,0
7515,2025-11-28,0,0,0
7515,2025-11-29,0,0,0
7515,2025-11-30,0,0,0
7515,2025-12-01,0,0,0
7515,2025-12-02,0,0,0
7515,2025-12-03,0,0,0
7515,2025-12-04,0,0,0
7515,2025-12-05,0,0,0
7515,2025-12-06,0,0,0
7515,2025-12-07,0,0,0
7515,2025-12-08,0,0,0
7515,2025-12-09,0,0,0
7515,2025-12-10,0,0,0
7515,2025-12-11,0,0,0
7515,2025-12-12,0,0,0
7515,2025-12-13,0,0,0
7515,2025-12-14,0,0,0
7515,2025-12-15,0,0,0
7515,2025-12-16,0,0,0
7515,2025-12-17,0,0,0
7515,2025-12-18,0,0,0
7515,2025-12-19,0,0,0
7515,2025-12-20,0,0,0
7515,2025-12-21,0,0,0
7562,2025-11-22,690,690,0
7562,2025-11-23,530,530,0
7562,2025-11-24,510,510,0
7562,2025-11-25,602,602,0
7562,2025-11-26,890,890,0
7562,2025-11-27,912,912,0
7562,2025-11-28,396,396,0
7562,2025-11-29,354,373,19
7562,2025-11-30,308,326,18
7562,2025-12-01,300,318,18
7562,2025-12-02,312,333,21
7562,2025-12-03,474,511,37
7562,2025-12-04,1027,1116,89
7562,2025-12-05,381,411,30
7562,2025-12-06,333,352,19
7562,2025-12-07,262,276,14
7562,2025-12-08,322,339,17
7562,2025-12-09,278,294,16
7562,2025-12-10,421,447,26
7562,2025-12-11,886,946,60
7562,2025-12-12,294,313,19
7562,2025-12-13,223,239,16
7562,2025-12-14,200,214,14
7562,2025-12-15,246,263,17
7562,2025-12-16,268,287,19
7562,2025-12-17,349,374,25
7562,2025-12-18,633,679,46
7562,2025-12-19,308,331,23
7562,2025-12-20,213,228,15
7562,2025-12-21,154,165,11
7599,2025-11-22,1,1,0
7599,2025-11-23,1,1,0
7599,2025-11-24,1,1,0
7599,2025-11-25,0,0,0
7599,2025-11-26,0,0,0
7599,2025-11-27,0,0,0
7599,2025-11-28,0,0,0
7599,2025-11-29,0,0,0
7599,2025-11-30,0,0,0
7599,2025-12-01,0,0,0
7599,2025-12-02,0,0,0
7599,2025-12-03,0,0,0
7599,2025-12-04,0,0,0
7599,2025-12-05,0,0,0
7599,2025-12-06,0,0,0
7599,2025-12-07,0,0,0
7599,2025-12-08,0,0,0
7599,2025-12-09,0,0,0
7599,2025-12-10,0,0,0
7599,2025-12-11,0,0,0
7599,2025-12-12,0,0,0
7599,2025-12-13,0,0,0
7599,2025-12-14,0,0,0
7599,2025-12-15,0,0,0
7599,2025-12-16,0,0,0
7599,2025-12-17,0,0,0
7599,2025-12-18,0,0,0
7599,2025-12-19,0,0,0
7599,2025-12-20,0,0,0
7599,2025-12-21,0,0,0
7613,2025-11-22,12,12,0
7613,2025-11-23,4,4,0
7613,2025-11-24,5,5,0
7613,2025-11-25,8,8,0
7613,2025-11-26,12,12,0
7613,2025-11-27,8,8,0
7613,2025-11-28,3,3,0
7613,2025-11-29,6,6,0
7613,2025-11-30,6,6,0
7613,2025-12-01,3,3,0
7613,2025-12-02,4,4,0
7613,2025-12-03,8,9,1
7613,2025-12-04,18,20,2
7613,2025-12-05,4,4,0
7613,2025-12-06,5,6,1
7613,2025-12-07,5,5,0
7613,2025-12-08,4,4,0
7613,2025-12-09,5,6,1
7613,2025-12-10,7,8,1
7613,2025-12-11,13,13,0
7613,2025-12-12,4,5,1
7613,2025-12-13,4,5,1
7613,2025-12-14,4,4,0
7613,2025-12-15,4,5,1
7613,2025-12-16,6,7,1
7613,2025-12-17,8,9,1
7613,2025-12-18,11,12,1
7613,2025-12-19,5,6,1
7613,2025-12-20,4,5,1
7613,2025-12-21,3,3,0
7619,2025-11-22,9107,9107,0
7619,2025-11-23,8265,8265,0
7619,2025-11-24,7391,7391,0
7619,2025-11-25,8039,8039,0
7619,2025-11-26,10626,10626,0
7619,2025-11-27,12627,12627,0
7619,2025-11-28,5100,5100,0
7619,2025-11-29,4946,5251,305
7619,2025-11-30,5136,5472,336
7619,2025-12-01,5161,5509,348
7619,2025-12-02,5532,5923,391
7619,2025-12-03,8431,9074,643
7619,2025-12-04,13469,14602,1133
7619,2025-12-05,4792,5186,394
7619,2025-12-06,5461,5787,326
7619,2025-12-07,5295,5618,323
7619,2025-12-08,5074,5385,311
7619,2025-12-09,5600,5956,356
7619,2025-12-10,8183,8717,534
7619,2025-12-11,12547,13399,852
7619,2025-12-12,6057,6457,400
7619,2025-12-13,6179,6606,427
7619,2025-12-14,5918,6325,407
7619,2025-12-15,6250,6684,434
7619,2025-12-16,7900,8457,557
7619,2025-12-17,9989,10707,718
7619,2025-12-18,11459,12297,838
7619,2025-12-19,6743,7229,486
7619,2025-12-20,6631,7104,473
7619,2025-12-21,5425,5827,402
7634,2025-11-22,0,0,0
7634,2025-11-23,0,0,0
7634,2025-11-24,0,0,0
7634,2025-11-25,0,0,0
7634,2025-11-26,0,0,0
7634,2025-11-27,0,0,0
7634,2025-11-28,0,0,0
7634,2025-11-29,0,0,0
7634,2025-11-30,0,0,0
7634,2025-12-01,0,0,0
7634,2025-12-02,0,0,0
7634,2025-12-03,0,0,0
7634,2025-12-04,0,0,0
7634,2025-12-05,0,0,0
7634,2025-12-06,0,0,0
7634,2025-12-07,0,0,0
7634,2025-12-08,0,0,0
7634,2025-12-09,0,0,0
7634,2025-12-10,0,0,0
7634,2025-12-11,0,0,0
7634,2025-12-12,0,0,0
7634,2025-12-13,0,0,0
7634,2025-12-14,0,0,0
7634,2025-12-15,0,0,0
7634,2025-12-16,0,0,0
7634,2025-12-17,0,0,0
7634,2025-12-18,0,0,0
7634,2025-12-19,0,0,0
7634,2025-12-20,0,0,0
7634,2025-12-21,0,0,0
7651,2025-11-22,396,396,0
7651,2025-11-23,282,282,0
7651,2025-11-24,359,359,0
7651,2025-11-25,382,382,0
7651,2025-11-26,399,399,0
7651,2025-11-27,356,356,0
7651,2025-11-28,217,217,0
7651,2025-11-29,197,207,10
7651,2025-11-30,148,156,8
7651,2025-12-01,132,140,8
7651,2025-12-02,140,150,10
7651,2025-12-03,180,195,15
7651,2025-12-04,375,409,34
7651,2025-12-05,110,119,9
7651,2025-12-06,111,118,7
7651,2025-12-07,111,118,7
7651,2025-12-08,105,110,5
7651,2025-12-09,113,121,8
7651,2025-12-10,145,155,10
7651,2025-12-11,305,327,22
7651,2025-12-12,109,116,7
7651,2025-12-13,78,84,6
7651,2025-12-14,85,91,6
7651,2025-12-15,134,143,9
7651,2025-12-16,139,148,9
7651,2025-12-17,206,220,14
7651,2025-12-18,261,281,20
7651,2025-12-19,101,108,7
7651,2025-12-20,70,76,6
7651,2025-12-21,50,53,3
7766,2025-11-22,162,162,0
7766,2025-11-23,143,143,0
7766,2025-11-24,135,135,0
7766,2025-11-25,178,178,0
7766,2025-11-26,180,180,0
7766,2025-11-27,255,255,0
7766,2025-11-28,127,127,0
7766,2025-11-29,128,135,7
7766,2025-11-30,118,125,7
7766,2025-12-01,115,123,8
7766,2025-12-02,131,140,9
7766,2025-12-03,111,119,8
7766,2025-12-04,225,241,16
7766,2025-12-05,109,118,9
7766,2025-12-06,87,93,6
7766,2025-12-07,84,89,5
7766,2025-12-08,84,90,6
7766,2025-12-09,86,92,6
7766,2025-12-10,101,107,6
7766,2025-12-11,182,195,13
7766,2025-12-12,91,98,7
7766,2025-12-13,71,77,6
7766,2025-12-14,67,72,5
7766,2025-12-15,81,87,6
7766,2025-12-16,100,107,7
7766,2025-12-17,106,114,8
7766,2025-12-18,272,289,17
7766,2025-12-19,172,181,9
7766,2025-12-20,96,104,8
7766,2025-12-21,82,87,5
7810,2025-11-22,7347,7347,0
7810,2025-11-23,6540,6540,0
7810,2025-11-24,5571,5571,0
7810,2025-11-25,6461,6461,0
7810,2025-11-26,10078,10078,0
7810,2025-11-27,11960,11960,0
7810,2025-11-28,4167,4167,0
7810,2025-11-29,3387,3604,217
7810,2025-11-30,3796,4059,263
7810,2025-12-01,3634,3895,261
7810,2025-12-02,4180,4493,313
7810,2025-12-03,6980,7546,566
7810,2025-12-04,10509,11433,924
7810,2025-12-05,4206,4572,366
7810,2025-12-06,3785,4025,240
7810,2025-12-07,3533,3759,226
7810,2025-12-08,3341,3555,214
7810,2025-12-09,3610,3844,234
7810,2025-12-10,5949,6351,402
7810,2025-12-11,10250,10969,719
7810,2025-12-12,4077,4357,280
7810,2025-12-13,3349,3586,237
7810,2025-12-14,3160,3384,224
7810,2025-12-15,3230,3460,230
7810,2025-12-16,4438,4760,322
7810,2025-12-17,6242,6703,461
7810,2025-12-18,8516,9144,628
7810,2025-12-19,4005,4297,292
7810,2025-12-20,3196,3432,236
7810,2025-12-21,2145,2309,164
7888,2025-11-22,0,0,0
7888,2025-11-23,0,0,0
7888,2025-11-24,0,0,0
7888,2025-11-25,0,0,0
7888,2025-11-26,0,0,0
7888,2025-11-27,0,0,0
7888,2025-11-28,0,0,0
7888,2025-11-29,0,0,0
7888,2025-11-30,0,0,0
7888,2025-12-01,0,0,0
7888,2025-12-02,0,0,0
7888,2025-12-03,0,0,0
7888,2025-12-04,0,0,0
7888,2025-12-05,0,0,0
7888,2025-12-06,0,0,0
7888,2025-12-07,0,0,0
7888,2025-12-08,0,0,0
7888,2025-12-09,0,0,0
7888,2025-12-10,0,0,0
7888,2025-12-11,0,0,0
7888,2025-12-12,0,0,0
7888,2025-12-13,0,0,0
7888,2025-12-14,0,0,0
7888,2025-12-15,0,0,0
7888,2025-12-16,0,0,0
7888,2025-12-17,0,0,0
7888,2025-12-18,0,0,0
7888,2025-12-19,0,0,0
7888,2025-12-20,0,0,0
7888,2025-12-21,0,0,0
7896,2025-11-22,17,17,0
7896,2025-11-23,24,24,0
7896,2025-11-24,22,22,0
7896,2025-11-25,34,34,0
7896,2025-11-26,31,31,0
7896,2025-11-27,118,118,0
7896,2025-11-28,21,21,0
7896,2025-11-29,17,18,1
7896,2025-11-30,20,21,1
7896,2025-12-01,20,21,1
7896,2025-12-02,21,22,1
7896,2025-12-03,25,27,2
7896,2025-12-04,117,127,10
7896,2025-12-05,24,26,2
7896,2025-12-06,29,31,2
7896,2025-12-07,29,30,1
7896,2025-12-08,21,23,2
7896,2025-12-09,22,23,1
7896,2025-12-10,26,28,2
7896,2025-12-11,102,108,6
7896,2025-12-12,31,33,2
7896,2025-12-13,23,24,1
7896,2025-12-14,22,23,1
7896,2025-12-15,27,29,2
7896,2025-12-16,27,29,2
7896,2025-12-17,30,32,2
7896,2025-12-18,98,104,6
7896,2025-12-19,30,32,2
7896,2025-12-20,21,23,2
7896,2025-12-21,20,21,1
7963,2025-11-22,7,7,0
7963,2025-11-23,4,4,0
7963,2025-11-24,5,5,0
7963,2025-11-25,3,3,0
7963,2025-11-26,5,5,0
7963,2025-11-27,7,7,0
7963,2025-11-28,4,4,0
7963,2025-11-29,4,5,1
7963,2025-11-30,5,5,0
7963,2025-12-01,5,5,0
7963,2025-12-02,5,5,0
7963,2025-12-03,6,6,0
7963,2025-12-04,9,10,1
7963,2025-12-05,5,6,1
7963,2025-12-06,6,6,0
7963,2025-12-07,5,5,0
7963,2025-12-08,7,7,0
7963,2025-12-09,5,6,1
7963,2025-12-10,3,4,1
7963,2025-12-11,4,4,0
7963,2025-12-12,3,3,0
7963,2025-12-13,3,3,0
7963,2025-12-14,3,3,0
7963,2025-12-15,3,4,1
7963,2025-12-16,4,5,1
7963,2025-12-17,4,5,1
7963,2025-12-18,5,5,0
7963,2025-12-19,4,5,1
7963,2025-12-20,5,5,0
7963,2025-12-21,4,5,1
7992,2025-11-22,1,1,0
7992,2025-11-23,1,1,0
7992,2025-11-24,1,1,0
7992,2025-11-25,2,2,0
7992,2025-11-26,2,2,0
7992,2025-11-27,2,2,0
7992,2025-11-28,1,1,0
7992,2025-11-29,2,2,0
7992,2025-11-30,2,2,0
7992,2025-12-01,3,3,0
7992,2025-12-02,2,2,0
7992,2025-12-03,2,2,0
7992,2025-12-04,3,3,0
7992,2025-12-05,2,2,0
7992,2025-12-06,2,2,0
7992,2025-12-07,2,2,0
7992,2025-12-08,2,2,0
7992,2025-12-09,2,2,0
7992,2025-12-10,2,2,0
7992,2025-12-11,4,4,0
7992,2025-12-12,2,2,0
7992,2025-12-13,2,2,0
7992,2025-12-14,2,2,0
7992,2025-12-15,3,3,0
7992,2025-12-16,3,3,0
7992,2025-12-17,3,3,0
7992,2025-12-18,3,3,0
7992,2025-12-19,3,3,0
7992,2025-12-20,3,3,0
7992,2025-12-21,1,2,1
8008,2025-11-22,0,0,0
8008,2025-11-23,0,0,0
8008,2025-11-24,0,0,0
8008,2025-11-25,0,0,0
8008,2025-11-26,0,0,0
8008,2025-11-27,0,0,0
8008,2025-11-28,0,0,0
8008,2025-11-29,0,0,0
8008,2025-11-30,0,0,0
8008,2025-12-01,0,0,0
8008,2025-12-02,0,0,0
8008,2025-12-03,0,0,0
8008,2025-12-04,0,0,0
8008,2025-12-05,0,0,0
8008,2025-12-06,0,0,0
8008,2025-12-07,0,0,0
8008,2025-12-08,0,0,0
8008,2025-12-09,0,0,0
8008,2025-12-10,0,0,0
8008,2025-12-11,0,0,0
8008,2025-12-12,0,0,0
8008,2025-12-13,0,0,0
8008,2025-12-14,0,0,0
8008,2025-12-15,0,0,0
8008,2025-12-16,0,0,0
8008,2025-12-17,0,0,0
8008,2025-12-18,0,0,0
8008,2025-12-19,0,0,0
8008,2025-12-20,0,0,0
8008,2025-12-21,0,0,0
8043,2025-11-22,397,397,0
8043,2025-11-23,348,348,0
8043,2025-11-24,286,286,0
8043,2025-11-25,276,276,0
8043,2025-11-26,449,449,0
8043,2025-11-27,511,511,0
8043,2025-11-28,221,221,0
8043,2025-11-29,185,197,12
8043,2025-11-30,215,230,15
8043,2025-12-01,220,236,16
8043,2025-12-02,204,220,16
8043,2025-12-03,340,369,29
8043,2025-12-04,564,617,53
8043,2025-12-05,207,226,19
8043,2025-12-06,202,215,13
8043,2025-12-07,195,207,12
8043,2025-12-08,196,208,12
8043,2025-12-09,204,217,13
8043,2025-12-10,294,314,20
8043,2025-12-11,567,606,39
8043,2025-12-12,236,252,16
8043,2025-12-13,198,212,14
8043,2025-12-14,176,189,13
8043,2025-12-15,208,223,15
8043,2025-12-16,220,236,16
8043,2025-12-17,300,322,22
8043,2025-12-18,380,408,28
8043,2025-12-19,229,246,17
8043,2025-12-20,174,187,13
8043,2025-12-21,124,133,9
8122,2025-11-22,5,5,0
8122,2025-11-23,7,7,0
8122,2025-11-24,7,7,0
8122,2025-11-25,7,7,0
8122,2025-11-26,5,5,0
8122,2025-11-27,5,5,0
8122,2025-11-28,1,1,0
8122,2025-11-29,1,1,0
8122,2025-11-30,2,2,0
8122,2025-12-01,3,3,0
8122,2025-12-02,4,4,0
8122,2025-12-03,5,5,0
8122,2025-12-04,9,10,1
8122,2025-12-05,2,3,1
8122,2025-12-06,3,3,0
8122,2025-12-07,3,3,0
8122,2025-12-08,2,3,1
8122,2025-12-09,3,3,0
8122,2025-12-10,4,4,0
8122,2025-12-11,7,8,1
8122,2025-12-12,2,3,1
8122,2025-12-13,2,3,1
8122,2025-12-14,2,2,0
8122,2025-12-15,6,6,0
8122,2025-12-16,3,3,0
8122,2025-12-17,4,5,1
8122,2025-12-18,6,6,0
8122,2025-12-19,3,4,1
8122,2025-12-20,3,3,0
8122,2025-12-21,2,2,0
8139,2025-11-22,47,47,0
8139,2025-11-23,19,19,0
8139,2025-11-24,34,34,0
8139,2025-11-25,40,40,0
8139,2025-11-26,33,33,0
8139,2025-11-27,37,37,0
8139,2025-11-28,14,14,0
8139,2025-11-29,10,11,1
8139,2025-11-30,12,13,1
8139,2025-12-01,12,13,1
8139,2025-12-02,15,16,1
8139,2025-12-03,24,26,2
8139,2025-12-04,39,42,3
8139,2025-12-05,10,10,0
8139,2025-12-06,11,12,1
8139,2025-12-07,10,11,1
8139,2025-12-08,10,10,0
8139,2025-12-09,12,13,1
8139,2025-12-10,18,20,2
8139,2025-12-11,34,36,2
8139,2025-12-12,14,14,0
8139,2025-12-13,10,10,0
8139,2025-12-14,11,11,0
8139,2025-12-15,13,13,0
8139,2025-12-16,14,15,1
8139,2025-12-17,21,22,1
8139,2025-12-18,27,29,2
8139,2025-12-19,16,17,1
8139,2025-12-20,11,12,1
8139,2025-12-21,9,9,0
8143,2025-11-22,0,0,0
8143,2025-11-23,0,0,0
8143,2025-11-24,0,0,0
8143,2025-11-25,0,0,0
8143,2025-11-26,0,0,0
8143,2025-11-27,0,0,0
8143,2025-11-28,0,0,0
8143,2025-11-29,0,0,0
8143,2025-11-30,0,0,0
8143,2025-12-01,0,0,0
8143,2025-12-02,0,0,0
8143,2025-12-03,0,0,0
8143,2025-12-04,0,0,0
8143,2025-12-05,0,0,0
8143,2025-12-06,0,0,0
8143,2025-12-07,0,0,0
8143,2025-12-08,0,0,0
8143,2025-12-09,0,0,0
8143,2025-12-10,0,0,0
8143,2025-12-11,0,0,0
8143,2025-12-12,0,0,0
8143,2025-12-13,0,0,0
8143,2025-12-14,0,0,0
8143,2025-12-15,0,0,0
8143,2025-12-16,0,0,0
8143,2025-12-17,0,0,0
8143,2025-12-18,0,0,0
8143,2025-12-19,0,0,0
8143,2025-12-20,0,0,0
8143,2025-12-21,0,0,0
8216,2025-11-22,8,8,0
8216,2025-11-23,14,14,0
8216,2025-11-24,23,23,0
8216,2025-11-25,17,17,0
8216,2025-11-26,17,17,0
8216,2025-11-27,27,27,0
8216,2025-11-28,18,18,0
8216,2025-11-29,17,17,0
8216,2025-11-30,10,11,1
8216,2025-12-01,9,10,1
8216,2025-12-02,11,12,1
8216,2025-12-03,16,17,1
8216,2025-12-04,42,46,4
8216,2025-12-05,13,13,0
8216,2025-12-06,15,15,0
8216,2025-12-07,11,11,0
8216,2025-12-08,10,11,1
8216,2025-12-09,12,13,1
8216,2025-12-10,18,19,1
8216,2025-12-11,36,38,2
8216,2025-12-12,12,12,0
8216,2025-12-13,11,12,1
8216,2025-12-14,10,10,0
8216,2025-12-15,12,12,0
8216,2025-12-16,12,13,1
8216,2025-12-17,21,22,1
8216,2025-12-18,28,30,2
8216,2025-12-19,12,13,1
8216,2025-12-20,10,10,0
8216,2025-12-21,11,12,1
8234,2025-11-22,0,0,0
8234,2025-11-23,0,0,0
8234,2025-11-24,1,1,0
8234,2025-11-25,0,0,0
8234,2025-11-26,0,0,0
8234,2025-11-27,0,0,0
8234,2025-11-28,0,0,0
8234,2025-11-29,0,0,0
8234,2025-11-30,0,0,0
8234,2025-12-01,0,0,0
8234,2025-12-02,0,0,0
8234,2025-12-03,0,0,0
8234,2025-12-04,0,0,0
8234,2025-12-05,0,0,0
8234,2025-12-06,0,0,0
8234,2025-12-07,0,0,0
8234,2025-12-08,0,0,0
8234,2025-12-09,0,0,0
8234,2025-12-10,0,0,0
8234,2025-12-11,0,0,0
8234,2025-12-12,0,0,0
8234,2025-12-13,0,0,0
8234,2025-12-14,0,0,0
8234,2025-12-15,0,0,0
8234,2025-12-16,0,0,0
8234,2025-12-17,0,0,0
8234,2025-12-18,0,0,0
8234,2025-12-19,0,0,0
8234,2025-12-20,0,0,0
8234,2025-12-21,0,0,0
8270,2025-11-22,3,3,0
8270,2025-11-23,13,13,0
8270,2025-11-24,11,11,0
8270,2025-11-25,6,6,0
8270,2025-11-26,9,9,0
8270,2025-11-27,36,36,0
8270,2025-11-28,14,14,0
8270,2025-11-29,7,8,1
8270,2025-11-30,7,8,1
8270,2025-12-01,9,10,1
8270,2025-12-02,10,11,1
8270,2025-12-03,11,12,1
8270,2025-12-04,25,27,2
8270,2025-12-05,15,17,2
8270,2025-12-06,14,14,0
8270,2025-12-07,13,14,1
8270,2025-12-08,12,13,1
8270,2025-12-09,12,13,1
8270,2025-12-10,16,17,1
8270,2025-12-11,47,50,3
8270,2025-12-12,21,22,1
8270,2025-12-13,12,13,1
8270,2025-12-14,10,11,1
8270,2025-12-15,15,16,1
8270,2025-12-16,15,16,1
8270,2025-12-17,17,18,1
8270,2025-12-18,46,49,3
8270,2025-12-19,20,22,2
8270,2025-12-20,17,18,1
8270,2025-12-21,10,11,1
8271,2025-11-22,133,133,0
8271,2025-11-23,122,122,0
8271,2025-11-24,140,140,0
8271,2025-11-25,160,160,0
8271,2025-11-26,223,223,0
8271,2025-11-27,255,255,0
8271,2025-11-28,78,78,0
8271,2025-11-29,74,79,5
8271,2025-11-30,63,67,4
8271,2025-12-01,57,61,4
8271,2025-12-02,75,80,5
8271,2025-12-03,124,135,11
8271,2025-12-04,206,225,19
8271,2025-12-05,83,91,8
8271,2025-12-06,80,84,4
8271,2025-12-07,62,66,4
8271,2025-12-08,66,70,4
8271,2025-12-09,90,95,5
8271,2025-12-10,138,146,8
8271,2025-12-11,278,297,19
8271,2025-12-12,77,82,5
8271,2025-12-13,55,59,4
8271,2025-12-14,46,49,3
8271,2025-12-15,68,72,4
8271,2025-12-16,79,85,6
8271,2025-12-17,121,130,9
8271,2025-12-18,158,171,13
8271,2025-12-19,86,92,6
8271,2025-12-20,53,57,4
8271,2025-12-21,36,39,3
8304,2025-11-22,199,199,0
8304,2025-11-23,356,356,0
8304,2025-11-24,198,198,0
8304,2025-11-25,178,178,0
8304,2025-11-26,254,254,0
8304,2025-11-27,607,607,0
8304,2025-11-28,233,233,0
8304,2025-11-29,96,103,7
8304,2025-11-30,101,109,8
8304,2025-12-01,114,124,10
8304,2025-12-02,129,141,12
8304,2025-12-03,224,243,19
8304,2025-12-04,621,680,59
8304,2025-12-05,245,268,23
8304,2025-12-06,123,131,8
8304,2025-12-07,131,141,10
8304,2025-12-08,121,130,9
8304,2025-12-09,145,155,10
8304,2025-12-10,286,305,19
8304,2025-12-11,1301,1393,92
8304,2025-12-12,233,250,17
8304,2025-12-13,147,158,11
8304,2025-12-14,154,165,11
8304,2025-12-15,189,204,15
8304,2025-12-16,210,226,16
8304,2025-12-17,344,371,27
8304,2025-12-18,714,770,56
8304,2025-12-19,301,324,23
8304,2025-12-20,164,177,13
8304,2025-12-21,125,135,10
8375,2025-11-22,391,391,0
8375,2025-11-23,311,311,0
8375,2025-11-24,223,223,0
8375,2025-11-25,202,202,0
8375,2025-11-26,280,280,0
8375,2025-11-27,293,293,0
8375,2025-11-28,96,96,0
8375,2025-11-29,128,138,10
8375,2025-11-30,144,155,11
8375,2025-12-01,167,180,13
8375,2025-12-02,191,205,14
8375,2025-12-03,210,230,20
8375,2025-12-04,470,515,45
8375,2025-12-05,116,127,11
8375,2025-12-06,182,193,11
8375,2025-12-07,172,182,10
8375,2025-12-08,163,173,10
8375,2025-12-09,185,196,11
8375,2025-12-10,266,284,18
8375,2025-12-11,649,696,47
8375,2025-12-12,211,226,15
8375,2025-12-13,126,136,10
8375,2025-12-14,111,120,9
8375,2025-12-15,143,154,11
8375,2025-12-16,191,206,15
8375,2025-12-17,302,325,23
8375,2025-12-18,449,484,35
8375,2025-12-19,212,229,17
8375,2025-12-20,134,144,10
8375,2025-12-21,91,98,7
8377,2025-11-22,0,0,0
8377,2025-11-23,0,0,0
8377,2025-11-24,0,0,0
8377,2025-11-25,0,0,0
8377,2025-11-26,0,0,0
8377,2025-11-27,0,0,0
8377,2025-11-28,0,0,0
8377,2025-11-29,0,0,0
8377,2025-11-30,0,0,0
8377,2025-12-01,0,0,0
8377,2025-12-02,0,0,0
8377,2025-12-03,0,0,0
8377,2025-12-04,0,0,0
8377,2025-12-05,0,0,0
8377,2025-12-06,0,0,0
8377,2025-12-07,0,0,0
8377,2025-12-08,0,0,0
8377,2025-12-09,0,0,0
8377,2025-12-10,0,0,0
8377,2025-12-11,0,0,0
8377,2025-12-12,0,0,0
8377,2025-12-13,0,0,0
8377,2025-12-14,0,0,0
8377,2025-12-15,0,0,0
8377,2025-12-16,0,0,0
8377,2025-12-17,0,0,0
8377,2025-12-18,0,0,0
8377,2025-12-19,0,0,0
8377,2025-12-20,0,0,0
8377,2025-12-21,0,0,0
8428,2025-11-22,0,0,0
8428,2025-11-23,5,5,0
8428,2025-11-24,1,1,0
8428,2025-11-25,2,2,0
8428,2025-11-26,3,3,0
8428,2025-11-27,4,4,0
8428,2025-11-28,2,2,0
8428,2025-11-29,1,1,0
8428,2025-11-30,2,2,0
8428,2025-12-01,5,5,0
8428,2025-12-02,2,2,0
8428,2025-12-03,2,3,1
8428,2025-12-04,6,7,1
8428,2025-12-05,3,3,0
8428,2025-12-06,3,3,0
8428,2025-12-07,2,2,0
8428,2025-12-08,2,3,1
8428,2025-12-09,2,3,1
8428,2025-12-10,3,3,0
8428,2025-12-11,6,6,0
8428,2025-12-12,3,3,0
8428,2025-12-13,2,3,1
8428,2025-12-14,2,2,0
8428,2025-12-15,3,3,0
8428,2025-12-16,3,3,0
8428,2025-12-17,3,3,0
8428,2025-12-18,6,7,1
8428,2025-12-19,3,3,0
8428,2025-12-20,3,3,0
8428,2025-12-21,2,2,0
8445,2025-11-22,47,47,0
8445,2025-11-23,59,59,0
8445,2025-11-24,60,60,0
8445,2025-11-25,57,57,0
8445,2025-11-26,63,63,0
8445,2025-11-27,123,123,0
8445,2025-11-28,32,32,0
8445,2025-11-29,27,29,2
8445,2025-11-30,33,35,2
8445,2025-12-01,37,40,3
8445,2025-12-02,46,50,4
8445,2025-12-03,43,46,3
8445,2025-12-04,108,117,9
8445,2025-12-05,71,76,5
8445,2025-12-06,40,42,2
8445,2025-12-07,36,39,3
8445,2025-12-08,36,38,2
8445,2025-12-09,38,41,3
8445,2025-12-10,81,86,5
8445,2025-12-11,173,184,11
8445,2025-12-12,34,37,3
8445,2025-12-13,33,35,2
8445,2025-12-14,49,52,3
8445,2025-12-15,41,44,3
8445,2025-12-16,49,52,3
8445,2025-12-17,81,86,5
8445,2025-12-18,69,75,6
8445,2025-12-19,38,41,3
8445,2025-12-20,42,45,3
8445,2025-12-21,46,49,3
8503,2025-11-22,0,0,0
8503,2025-11-23,0,0,0
8503,2025-11-24,0,0,0
8503,2025-11-25,0,0,0
8503,2025-11-26,0,0,0
8503,2025-11-27,0,0,0
8503,2025-11-28,0,0,0
8503,2025-11-29,0,0,0
8503,2025-11-30,0,0,0
8503,2025-12-01,0,0,0
8503,2025-12-02,0,0,0
8503,2025-12-03,0,0,0
8503,2025-12-04,0,0,0
8503,2025-12-05,0,0,0
8503,2025-12-06,0,0,0
8503,2025-12-07,0,0,0
8503,2025-12-08,0,0,0
8503,2025-12-09,0,0,0
8503,2025-12-10,0,0,0
8503,2025-12-11,0,0,0
8503,2025-12-12,0,0,0
8503,2025-12-13,0,0,0
8503,2025-12-14,0,0,0
8503,2025-12-15,0,0,0
8503,2025-12-16,0,0,0
8503,2025-12-17,0,0,0
8503,2025-12-18,0,0,0
8503,2025-12-19,0,0,0
8503,2025-12-20,0,0,0
8503,2025-12-21,0,0,0
8504,2025-11-22,0,0,0
8504,2025-11-23,0,0,0
8504,2025-11-24,0,0,0
8504,2025-11-25,0,0,0
8504,2025-11-26,0,0,0
8504,2025-11-27,0,0,0
8504,2025-11-28,0,0,0
8504,2025-11-29,0,0,0
8504,2025-11-30,0,0,0
8504,2025-12-01,0,0,0
8504,2025-12-02,0,0,0
8504,2025-12-03,0,0,0
8504,2025-12-04,0,0,0
8504,2025-12-05,0,0,0
8504,2025-12-06,0,0,0
8504,2025-12-07,0,0,0
8504,2025-12-08,0,0,0
8504,2025-12-09,0,0,0
8504,2025-12-10,0,0,0
8504,2025-12-11,0,0,0
8504,2025-12-12,0,0,0
8504,2025-12-13,0,0,0
8504,2025-12-14,0,0,0
8504,2025-12-15,0,0,0
8504,2025-12-16,0,0,0
8504,2025-12-17,0,0,0
8504,2025-12-18,0,0,0
8504,2025-12-19,0,0,0
8504,2025-12-20,0,0,0
8504,2025-12-21,0,0,0
8545,2025-11-22,2962,2962,0
8545,2025-11-23,2962,2962,0
8545,2025-11-24,3103,3103,0
8545,2025-11-25,3285,3285,0
8545,2025-11-26,4967,4967,0
8545,2025-11-27,5884,5884,0
8545,2025-11-28,2542,2542,0
8545,2025-11-29,1972,2100,128
8545,2025-11-30,1951,2091,140
8545,2025-12-01,2146,2299,153
8545,2025-12-02,2312,2489,177
8545,2025-12-03,3466,3755,289
8545,2025-12-04,5078,5535,457
8545,2025-12-05,2610,2840,230
8545,2025-12-06,2146,2279,133
8545,2025-12-07,1768,1879,111
8545,2025-12-08,2056,2185,129
8545,2025-12-09,2182,2321,139
8545,2025-12-10,2946,3146,200
8545,2025-12-11,5943,6359,416
8545,2025-12-12,2510,2682,172
8545,2025-12-13,1946,2084,138
8545,2025-12-14,1490,1597,107
8545,2025-12-15,1539,1652,113
8545,2025-12-16,1914,2055,141
8545,2025-12-17,2631,2831,200
8545,2025-12-18,3800,4092,292
8545,2025-12-19,2041,2198,157
8545,2025-12-20,1569,1688,119
8545,2025-12-21,1097,1181,84
8592,2025-11-22,0,0,0
8592,2025-11-23,0,0,0
8592,2025-11-24,0,0,0
8592,2025-11-25,0,0,0
8592,2025-11-26,0,0,0
8592,2025-11-27,0,0,0
8592,2025-11-28,0,0,0
8592,2025-11-29,0,0,0
8592,2025-11-30,0,0,0
8592,2025-12-01,0,0,0
8592,2025-12-02,0,0,0
8592,2025-12-03,0,0,0
8592,2025-12-04,0,0,0
8592,2025-12-05,0,0,0
8592,2025-12-06,0,0,0
8592,2025-12-07,0,0,0
8592,2025-12-08,0,0,0
8592,2025-12-09,0,0,0
8592,2025-12-10,0,0,0
8592,2025-12-11,0,0,0
8592,2025-12-12,0,0,0
8592,2025-12-13,0,0,0
8592,2025-12-14,0,0,0
8592,2025-12-15,0,0,0
8592,2025-12-16,0,0,0
8592,2025-12-17,0,0,0
8592,2025-12-18,0,0,0
8592,2025-12-19,0,0,0
8592,2025-12-20,0,0,0
8592,2025-12-21,0,0,0
8593,2025-11-22,0,0,0
8593,2025-11-23,0,0,0
8593,2025-11-24,0,0,0
8593,2025-11-25,0,0,0
8593,2025-11-26,0,0,0
8593,2025-11-27,0,0,0
8593,2025-11-28,0,0,0
8593,2025-11-29,0,0,0
8593,2025-11-30,0,0,0
8593,2025-12-01,0,0,0
8593,2025-12-02,0,0,0
8593,2025-12-03,0,0,0
8593,2025-12-04,0,0,0
8593,2025-12-05,0,0,0
8593,2025-12-06,0,0,0
8593,2025-12-07,0,0,0
8593,2025-12-08,0,0,0
8593,2025-12-09,0,0,0
8593,2025-12-10,0,0,0
8593,2025-12-11,0,0,0
8593,2025-12-12,0,0,0
8593,2025-12-13,0,0,0
8593,2025-12-14,0,0,0
8593,2025-12-15,0,0,0
8593,2025-12-16,0,0,0
8593,2025-12-17,0,0,0
8593,2025-12-18,0,0,0
8593,2025-12-19,0,0,0
8593,2025-12-20,0,0,0
8593,2025-12-21,0,0,0
8619,2025-11-22,0,0,0
8619,2025-11-23,0,0,0
8619,2025-11-24,1,1,0
8619,2025-11-25,1,1,0
8619,2025-11-26,1,1,0
8619,2025-11-27,2,2,0
8619,2025-11-28,3,3,0
8619,2025-11-29,0,1,1
8619,2025-11-30,1,1,0
8619,2025-12-01,1,1,0
8619,2025-12-02,1,1,0
8619,2025-12-03,1,1,0
8619,2025-12-04,3,4,1
8619,2025-12-05,1,1,0
8619,2025-12-06,1,1,0
8619,2025-12-07,1,2,1
8619,2025-12-08,1,2,1
8619,2025-12-09,3,3,0
8619,2025-12-10,3,4,1
8619,2025-12-11,6,7,1
8619,2025-12-12,1,1,0
8619,2025-12-13,1,1,0
8619,2025-12-14,1,1,0
8619,2025-12-15,2,2,0
8619,2025-12-16,2,2,0
8619,2025-12-17,2,2,0
8619,2025-12-18,3,3,0
8619,2025-12-19,1,2,1
8619,2025-12-20,2,2,0
8619,2025-12-21,1,1,0
8628,2025-11-22,8,8,0
8628,2025-11-23,1,1,0
8628,2025-11-24,1,1,0
8628,2025-11-25,1,1,0
8628,2025-11-26,2,2,0
8628,2025-11-27,10,10,0
8628,2025-11-28,1,1,0
8628,2025-11-29,1,2,1
8628,2025-11-30,2,2,0
8628,2025-12-01,2,2,0
8628,2025-12-02,2,3,1
8628,2025-12-03,5,6,1
8628,2025-12-04,27,29,2
8628,2025-12-05,9,10,1
8628,2025-12-06,8,9,1
8628,2025-12-07,8,8,0
8628,2025-12-08,8,8,0
8628,2025-12-09,8,8,0
8628,2025-12-10,12,13,1
8628,2025-12-11,36,39,3
8628,2025-12-12,10,11,1
8628,2025-12-13,11,11,0
8628,2025-12-14,10,10,0
8628,2025-12-15,12,12,0
8628,2025-12-16,12,13,1
8628,2025-12-17,19,20,1
8628,2025-12-18,30,32,2
8628,2025-12-19,12,12,0
8628,2025-12-20,11,12,1
8628,2025-12-21,6,7,1
8656,2025-11-22,0,0,0
8656,2025-11-23,0,0,0
8656,2025-11-24,0,0,0
8656,2025-11-25,0,0,0
8656,2025-11-26,0,0,0
8656,2025-11-27,0,0,0
8656,2025-11-28,0,0,0
8656,2025-11-29,0,0,0
8656,2025-11-30,0,0,0
8656,2025-12-01,0,0,0
8656,2025-12-02,0,0,0
8656,2025-12-03,0,0,0
8656,2025-12-04,0,0,0
8656,2025-12-05,0,0,0
8656,2025-12-06,0,0,0
8656,2025-12-07,0,0,0
8656,2025-12-08,0,0,0
8656,2025-12-09,0,0,0
8656,2025-12-10,0,0,0
8656,2025-12-11,0,0,0
8656,2025-12-12,0,0,0
8656,2025-12-13,0,0,0
8656,2025-12-14,0,0,0
8656,2025-12-15,0,0,0
8656,2025-12-16,0,0,0
8656,2025-12-17,0,0,0
8656,2025-12-18,0,0,0
8656,2025-12-19,0,0,0
8656,2025-12-20,0,0,0
8656,2025-12-21,0,0,0
8682,2025-11-22,0,0,0
8682,2025-11-23,0,0,0
8682,2025-11-24,0,0,0
8682,2025-11-25,0,0,0
8682,2025-11-26,0,0,0
8682,2025-11-27,0,0,0
8682,2025-11-28,0,0,0
8682,2025-11-29,0,0,0
8682,2025-11-30,0,0,0
8682,2025-12-01,0,0,0
8682,2025-12-02,0,0,0
8682,2025-12-03,0,0,0
8682,2025-12-04,0,0,0
8682,2025-12-05,0,0,0
8682,2025-12-06,0,0,0
8682,2025-12-07,0,0,0
8682,2025-12-08,0,0,0
8682,2025-12-09,0,0,0
8682,2025-12-10,0,0,0
8682,2025-12-11,0,0,0
8682,2025-12-12,0,0,0
8682,2025-12-13,0,0,0
8682,2025-12-14,0,0,0
8682,2025-12-15,0,0,0
8682,2025-12-16,0,0,0
8682,2025-12-17,0,0,0
8682,2025-12-18,0,0,0
8682,2025-12-19,0,0,0
8682,2025-12-20,0,0,0
8682,2025-12-21,0,0,0
8695,2025-11-22,37,37,0
8695,2025-11-23,72,72,0
8695,2025-11-24,62,62,0
8695,2025-11-25,62,62,0
8695,2025-11-26,97,97,0
8695,2025-11-27,132,132,0
8695,2025-11-28,18,18,0
8695,2025-11-29,17,18,1
8695,2025-11-30,25,27,2
8695,2025-12-01,26,28,2
8695,2025-12-02,32,34,2
8695,2025-12-03,51,55,4
8695,2025-12-04,153,166,13
8695,2025-12-05,33,35,2
8695,2025-12-06,37,40,3
8695,2025-12-07,32,34,2
8695,2025-12-08,31,33,2
8695,2025-12-09,36,38,2
8695,2025-12-10,52,56,4
8695,2025-12-11,135,145,10
8695,2025-12-12,30,32,2
8695,2025-12-13,29,31,2
8695,2025-12-14,32,33,1
8695,2025-12-15,34,37,3
8695,2025-12-16,40,43,3
8695,2025-12-17,59,64,5
8695,2025-12-18,122,132,10
8695,2025-12-19,40,43,3
8695,2025-12-20,34,36,2
8695,2025-12-21,21,23,2
8699,2025-11-22,0,0,0
8699,2025-11-23,0,0,0
8699,2025-11-24,0,0,0
8699,2025-11-25,0,0,0
8699,2025-11-26,0,0,0
8699,2025-11-27,0,0,0
8699,2025-11-28,0,0,0
8699,2025-11-29,0,0,0
8699,2025-11-30,0,0,0
8699,2025-12-01,0,0,0
8699,2025-12-02,0,0,0
8699,2025-12-03,0,0,0
8699,2025-12-04,0,0,0
8699,2025-12-05,0,0,0
8699,2025-12-06,0,0,0
8699,2025-12-07,0,0,0
8699,2025-12-08,0,0,0
8699,2025-12-09,0,0,0
8699,2025-12-10,0,0,0
8699,2025-12-11,0,0,0
8699,2025-12-12,0,0,0
8699,2025-12-13,0,0,0
8699,2025-12-14,0,0,0
8699,2025-12-15,0,0,0
8699,2025-12-16,0,0,0
8699,2025-12-17,0,0,0
8699,2025-12-18,0,0,0
8699,2025-12-19,0,0,0
8699,2025-12-20,0,0,0
8699,2025-12-21,0,0,0
8715,2025-11-22,2776,2776,0
8715,2025-11-23,2776,2776,0
8715,2025-11-24,2633,2633,0
8715,2025-11-25,2747,2747,0
8715,2025-11-26,2979,2979,0
8715,2025-11-27,2627,2627,0
8715,2025-11-28,1452,1452,0
8715,2025-11-29,1353,1427,74
8715,2025-11-30,1504,1597,93
8715,2025-12-01,1843,1959,116
8715,2025-12-02,1894,2018,124
8715,2025-12-03,2018,2159,141
8715,2025-12-04,2247,2423,176
8715,2025-12-05,1513,1629,116
8715,2025-12-06,1612,1707,95
8715,2025-12-07,1759,1862,103
8715,2025-12-08,1756,1859,103
8715,2025-12-09,2101,2226,125
8715,2025-12-10,2337,2475,138
8715,2025-12-11,2878,3057,179
8715,2025-12-12,1799,1909,110
8715,2025-12-13,2262,2411,149
8715,2025-12-14,1945,2075,130
8715,2025-12-15,2492,2662,170
8715,2025-12-16,2748,2935,187
8715,2025-12-17,3272,3493,221
8715,2025-12-18,2821,3013,192
8715,2025-12-19,1960,2097,137
8715,2025-12-20,2101,2251,150
8715,2025-12-21,1463,1569,106
8728,2025-11-22,0,0,0
8728,2025-11-23,0,0,0
8728,2025-11-24,0,0,0
8728,2025-11-25,0,0,0
8728,2025-11-26,0,0,0
8728,2025-11-27,0,0,0
8728,2025-11-28,0,0,0
8728,2025-11-29,0,0,0
8728,2025-11-30,0,0,0
8728,2025-12-01,0,0,0
8728,2025-12-02,0,0,0
8728,2025-12-03,0,0,0
8728,2025-12-04,0,0,0
8728,2025-12-05,0,0,0
8728,2025-12-06,0,0,0
8728,2025-12-07,0,0,0
8728,2025-12-08,0,0,0
8728,2025-12-09,0,0,0
8728,2025-12-10,0,0,0
8728,2025-12-11,0,0,0
8728,2025-12-12,0,0,0
8728,2025-12-13,0,0,0
8728,2025-12-14,0,0,0
8728,2025-12-15,0,0,0
8728,2025-12-16,0,0,0
8728,2025-12-17,0,0,0
8728,2025-12-18,0,0,0
8728,2025-12-19,0,0,0
8728,2025-12-20,0,0,0
8728,2025-12-21,0,0,0
8738,2025-11-22,9,9,0
8738,2025-11-23,9,9,0
8738,2025-11-24,18,18,0
8738,2025-11-25,15,15,0
8738,2025-11-26,14,14,0
8738,2025-11-27,33,33,0
8738,2025-11-28,13,13,0
8738,2025-11-29,8,9,1
8738,2025-11-30,9,10,1
8738,2025-12-01,14,15,1
8738,2025-12-02,15,16,1
8738,2025-12-03,13,15,2
8738,2025-12-04,49,53,4
8738,2025-12-05,16,17,1
8738,2025-12-06,14,14,0
8738,2025-12-07,10,10,0
8738,2025-12-08,11,12,1
8738,2025-12-09,12,13,1
8738,2025-12-10,16,17,1
8738,2025-12-11,32,34,2
8738,2025-12-12,12,13,1
8738,2025-12-13,10,11,1
8738,2025-12-14,12,13,1
8738,2025-12-15,15,16,1
8738,2025-12-16,17,18,1
8738,2025-12-17,19,20,1
8738,2025-12-18,48,52,4
8738,2025-12-19,24,25,1
8738,2025-12-20,13,14,1
8738,2025-12-21,9,9,0
8789,2025-11-22,0,0,0
8789,2025-11-23,0,0,0
8789,2025-11-24,0,0,0
8789,2025-11-25,1,1,0
8789,2025-11-26,1,1,0
8789,2025-11-27,1,1,0
8789,2025-11-28,1,1,0
8789,2025-11-29,1,1,0
8789,2025-11-30,1,1,0
8789,2025-12-01,1,1,0
8789,2025-12-02,1,1,0
8789,2025-12-03,1,2,1
8789,2025-12-04,2,3,1
8789,2025-12-05,1,1,0
8789,2025-12-06,2,2,0
8789,2025-12-07,2,2,0
8789,2025-12-08,2,2,0
8789,2025-12-09,2,2,0
8789,2025-12-10,2,2,0
8789,2025-12-11,3,3,0
8789,2025-12-12,2,2,0
8789,2025-12-13,2,2,0
8789,2025-12-14,1,1,0
8789,2025-12-15,2,2,0
8789,2025-12-16,2,2,0
8789,2025-12-17,2,2,0
8789,2025-12-18,2,3,1
8789,2025-12-19,2,2,0
8789,2025-12-20,2,2,0
8789,2025-12-21,1,1,0
8837,2025-11-22,186,186,0
8837,2025-11-23,141,141,0
8837,2025-11-24,127,127,0
8837,2025-11-25,140,140,0
8837,2025-11-26,135,135,0
8837,2025-11-27,229,229,0
8837,2025-11-28,57,57,0
8837,2025-11-29,63,66,3
8837,2025-11-30,69,74,5
8837,2025-12-01,75,79,4
8837,2025-12-02,78,83,5
8837,2025-12-03,92,99,7
8837,2025-12-04,171,185,14
8837,2025-12-05,68,74,6
8837,2025-12-06,56,59,3
8837,2025-12-07,47,50,3
8837,2025-12-08,48,51,3
8837,2025-12-09,55,58,3
8837,2025-12-10,61,65,4
8837,2025-12-11,117,126,9
8837,2025-12-12,47,51,4
8837,2025-12-13,46,49,3
8837,2025-12-14,57,61,4
8837,2025-12-15,60,64,4
8837,2025-12-16,62,67,5
8837,2025-12-17,62,67,5
8837,2025-12-18,106,114,8
8837,2025-12-19,49,53,4
8837,2025-12-20,40,43,3
8837,2025-12-21,31,33,2
8838,2025-11-22,435,435,0
8838,2025-11-23,297,297,0
8838,2025-11-24,457,457,0
8838,2025-11-25,464,464,0
8838,2025-11-26,744,744,0
8838,2025-11-27,840,840,0
8838,2025-11-28,269,269,0
8838,2025-11-29,204,220,16
8838,2025-11-30,191,206,15
8838,2025-12-01,210,227,17
8838,2025-12-02,232,251,19
8838,2025-12-03,429,467,38
8838,2025-12-04,739,807,68
8838,2025-12-05,305,331,26
8838,2025-12-06,338,356,18
8838,2025-12-07,303,318,15
8838,2025-12-08,239,252,13
8838,2025-12-09,351,370,19
8838,2025-12-10,335,357,22
8838,2025-12-11,804,860,56
8838,2025-12-12,275,294,19
8838,2025-12-13,208,223,15
8838,2025-12-14,177,190,13
8838,2025-12-15,241,258,17
8838,2025-12-16,256,276,20
8838,2025-12-17,390,420,30
8838,2025-12-18,589,632,43
8838,2025-12-19,287,308,21
8838,2025-12-20,201,216,15
8838,2025-12-21,148,158,10
8840,2025-11-22,113,113,0
8840,2025-11-23,115,115,0
8840,2025-11-24,100,100,0
8840,2025-11-25,102,102,0
8840,2025-11-26,133,133,0
8840,2025-11-27,141,141,0
8840,2025-11-28,58,58,0
8840,2025-11-29,53,56,3
8840,2025-11-30,61,65,4
8840,2025-12-01,54,58,4
8840,2025-12-02,56,61,5
8840,2025-12-03,79,85,6
8840,2025-12-04,119,130,11
8840,2025-12-05,55,60,5
8840,2025-12-06,66,70,4
8840,2025-12-07,74,79,5
8840,2025-12-08,72,76,4
8840,2025-12-09,78,82,4
8840,2025-12-10,84,89,5
8840,2025-12-11,124,133,9
8840,2025-12-12,55,59,4
8840,2025-12-13,59,63,4
8840,2025-12-14,64,68,4
8840,2025-12-15,73,78,5
8840,2025-12-16,79,84,5
8840,2025-12-17,91,98,7
8840,2025-12-18,125,134,9
8840,2025-12-19,62,67,5
8840,2025-12-20,59,64,5
8840,2025-12-21,41,44,3
8856,2025-11-22,623,623,0
8856,2025-11-23,854,854,0
8856,2025-11-24,586,586,0
8856,2025-11-25,477,477,0
8856,2025-11-26,756,756,0
8856,2025-11-27,2141,2141,0
8856,2025-11-28,719,719,0
8856,2025-11-29,485,517,32
8856,2025-11-30,434,468,34
8856,2025-12-01,557,598,41
8856,2025-12-02,602,649,47
8856,2025-12-03,739,801,62
8856,2025-12-04,2390,2602,212
8856,2025-12-05,937,1020,83
8856,2025-12-06,602,639,37
8856,2025-12-07,597,635,38
8856,2025-12-08,655,696,41
8856,2025-12-09,677,721,44
8856,2025-12-10,949,1010,61
8856,2025-12-11,3296,3524,228
8856,2025-12-12,970,1036,66
8856,2025-12-13,606,650,44
8856,2025-12-14,627,673,46
8856,2025-12-15,743,797,54
8856,2025-12-16,863,926,63
8856,2025-12-17,1204,1290,86
8856,2025-12-18,2300,2471,171
8856,2025-12-19,1175,1263,88
8856,2025-12-20,677,726,49
8856,2025-12-21,629,674,45
8913,2025-11-22,89,89,0
8913,2025-11-23,102,102,0
8913,2025-11-24,44,44,0
8913,2025-11-25,52,52,0
8913,2025-11-26,95,95,0
8913,2025-11-27,210,210,0
8913,2025-11-28,48,48,0
8913,2025-11-29,27,29,2
8913,2025-11-30,31,33,2
8913,2025-12-01,37,40,3
8913,2025-12-02,43,46,3
8913,2025-12-03,74,80,6
8913,2025-12-04,252,275,23
8913,2025-12-05,68,73,5
8913,2025-12-06,33,35,2
8913,2025-12-07,38,41,3
8913,2025-12-08,36,39,3
8913,2025-12-09,46,48,2
8913,2025-12-10,58,62,4
8913,2025-12-11,180,194,14
8913,2025-12-12,44,48,4
8913,2025-12-13,35,38,3
8913,2025-12-14,34,36,2
8913,2025-12-15,39,42,3
8913,2025-12-16,47,50,3
8913,2025-12-17,62,66,4
8913,2025-12-18,133,143,10
8913,2025-12-19,42,45,3
8913,2025-12-20,28,30,2
8913,2025-12-21,22,24,2
8930,2025-11-22,0,0,0
8930,2025-11-23,0,0,0
8930,2025-11-24,0,0,0
8930,2025-11-25,0,0,0
8930,2025-11-26,0,0,0
8930,2025-11-27,0,0,0
8930,2025-11-28,0,0,0
8930,2025-11-29,0,0,0
8930,2025-11-30,0,0,0
8930,2025-12-01,0,0,0
8930,2025-12-02,0,0,0
8930,2025-12-03,0,0,0
8930,2025-12-04,0,0,0
8930,2025-12-05,0,0,0
8930,2025-12-06,0,0,0
8930,2025-12-07,0,0,0
8930,2025-12-08,0,0,0
8930,2025-12-09,0,0,0
8930,2025-12-10,0,0,0
8930,2025-12-11,0,0,0
8930,2025-12-12,0,0,0
8930,2025-12-13,0,0,0
8930,2025-12-14,0,0,0
8930,2025-12-15,0,0,0
8930,2025-12-16,0,0,0
8930,2025-12-17,0,0,0
8930,2025-12-18,0,0,0
8930,2025-12-19,0,0,0
8930,2025-12-20,0,0,0
8930,2025-12-21,0,0,0
8957,2025-11-22,0,0,0
8957,2025-11-23,0,0,0
8957,2025-11-24,0,0,0
8957,2025-11-25,0,0,0
8957,2025-11-26,0,0,0
8957,2025-11-27,0,0,0
8957,2025-11-28,0,0,0
8957,2025-11-29,0,0,0
8957,2025-11-30,0,0,0
8957,2025-12-01,0,0,0
8957,2025-12-02,0,0,0
8957,2025-12-03,0,0,0
8957,2025-12-04,0,0,0
8957,2025-12-05,0,0,0
8957,2025-12-06,0,0,0
8957,2025-12-07,0,0,0
8957,2025-12-08,0,0,0
8957,2025-12-09,0,0,0
8957,2025-12-10,0,0,0
8957,2025-12-11,0,0,0
8957,2025-12-12,0,0,0
8957,2025-12-13,0,0,0
8957,2025-12-14,0,0,0
8957,2025-12-15,0,0,0
8957,2025-12-16,0,0,0
8957,2025-12-17,0,0,0
8957,2025-12-18,0,0,0
8957,2025-12-19,0,0,0
8957,2025-12-20,0,0,0
8957,2025-12-21,0,0,0
8978,2025-11-22,30244,30244,0
8978,2025-11-23,26478,26478,0
8978,2025-11-24,25119,25119,0
8978,2025-11-25,26012,26012,0
8978,2025-11-26,36555,36555,0
8978,2025-11-27,36320,36320,0
8978,2025-11-28,14059,14059,0
8978,2025-11-29,14162,15026,864
8978,2025-11-30,13151,14012,861
8978,2025-12-01,14029,15007,978
8978,2025-12-02,13827,14812,985
8978,2025-12-03,19927,21443,1516
8978,2025-12-04,26948,29167,2219
8978,2025-12-05,12099,13106,1007
8978,2025-12-06,12622,13389,767
8978,2025-12-07,12223,12975,752
8978,2025-12-08,11536,12247,711
8978,2025-12-09,12456,13232,776
8978,2025-12-10,20607,21954,1347
8978,2025-12-11,27410,29261,1851
8978,2025-12-12,12711,13561,850
8978,2025-12-13,9768,10456,688
8978,2025-12-14,9243,9891,648
8978,2025-12-15,10870,11648,778
8978,2025-12-16,13095,14041,946
8978,2025-12-17,18525,19880,1355
8978,2025-12-18,23145,24847,1702
8978,2025-12-19,12237,13130,893
8978,2025-12-20,9618,10322,704
8978,2025-12-21,7367,7924,557
8979,2025-11-22,513,513,0
8979,2025-11-23,455,455,0
8979,2025-11-24,322,322,0
8979,2025-11-25,322,322,0
8979,2025-11-26,740,740,0
8979,2025-11-27,1270,1270,0
8979,2025-11-28,379,379,0
8979,2025-11-29,233,251,18
8979,2025-11-30,246,266,20
8979,2025-12-01,270,291,21
8979,2025-12-02,292,316,24
8979,2025-12-03,558,602,44
8979,2025-12-04,1091,1189,98
8979,2025-12-05,312,340,28
8979,2025-12-06,252,268,16
8979,2025-12-07,240,255,15
8979,2025-12-08,231,246,15
8979,2025-12-09,285,304,19
8979,2025-12-10,368,395,27
8979,2025-12-11,768,824,56
8979,2025-12-12,288,308,20
8979,2025-12-13,246,264,18
8979,2025-12-14,236,254,18
8979,2025-12-15,226,242,16
8979,2025-12-16,320,342,22
8979,2025-12-17,550,589,39
8979,2025-12-18,700,752,52
8979,2025-12-19,394,423,29
8979,2025-12-20,220,236,16
8979,2025-12-21,171,185,14
8999,2025-11-22,1473,1473,0
8999,2025-11-23,1743,1743,0
8999,2025-11-24,1468,1468,0
8999,2025-11-25,1371,1371,0
8999,2025-11-26,2373,2373,0
8999,2025-11-27,3793,3793,0
8999,2025-11-28,1039,1039,0
8999,2025-11-29,880,940,60
8999,2025-11-30,770,826,56
8999,2025-12-01,1056,1133,77
8999,2025-12-02,1269,1362,93
8999,2025-12-03,1733,1876,143
8999,2025-12-04,3959,4310,351
8999,2025-12-05,1457,1582,125
8999,2025-12-06,1205,1275,70
8999,2025-12-07,978,1041,63
8999,2025-12-08,1023,1090,67
8999,2025-12-09,1106,1178,72
8999,2025-12-10,1898,2024,126
8999,2025-12-11,3935,4208,273
8999,2025-12-12,1331,1421,90
8999,2025-12-13,1086,1164,78
8999,2025-12-14,1081,1157,76
8999,2025-12-15,1318,1410,92
8999,2025-12-16,1372,1470,98
8999,2025-12-17,2602,2791,189
8999,2025-12-18,3992,4293,301
8999,2025-12-19,1412,1518,106
8999,2025-12-20,1088,1168,80
8999,2025-12-21,927,997,70
9059,2025-11-22,1641,1641,0
9059,2025-11-23,2276,2276,0
9059,2025-11-24,1858,1858,0
9059,2025-11-25,1735,1735,0
9059,2025-11-26,1965,1965,0
9059,2025-11-27,3366,3366,0
9059,2025-11-28,1837,1837,0
9059,2025-11-29,1329,1420,91
9059,2025-11-30,1546,1659,113
9059,2025-12-01,1514,1627,113
9059,2025-12-02,1686,1814,128
9059,2025-12-03,1918,2070,152
9059,2025-12-04,4003,4348,345
9059,2025-12-05,2060,2236,176
9059,2025-12-06,1849,1964,115
9059,2025-12-07,1710,1814,104
9059,2025-12-08,1788,1899,111
9059,2025-12-09,1851,1967,116
9059,2025-12-10,2024,2153,129
9059,2025-12-11,4062,4337,275
9059,2025-12-12,1966,2094,128
9059,2025-12-13,1818,1944,126
9059,2025-12-14,1835,1964,129
9059,2025-12-15,2042,2186,144
9059,2025-12-16,2386,2556,170
9059,2025-12-17,2404,2575,171
9059,2025-12-18,3957,4247,290
9059,2025-12-19,2399,2570,171
9059,2025-12-20,1871,2003,132
9059,2025-12-21,1800,1934,134
9062,2025-11-22,0,0,0
9062,2025-11-23,0,0,0
9062,2025-11-24,0,0,0
9062,2025-11-25,0,0,0
9062,2025-11-26,0,0,0
9062,2025-11-27,0,0,0
9062,2025-11-28,0,0,0
9062,2025-11-29,0,0,0
9062,2025-11-30,0,0,0
9062,2025-12-01,0,0,0
9062,2025-12-02,0,0,0
9062,2025-12-03,0,0,0
9062,2025-12-04,0,0,0
9062,2025-12-05,0,0,0
9062,2025-12-06,0,0,0
9062,2025-12-07,0,0,0
9062,2025-12-08,0,0,0
9062,2025-12-09,0,0,0
9062,2025-12-10,0,0,0
9062,2025-12-11,0,0,0
9062,2025-12-12,0,0,0
9062,2025-12-13,0,0,0
9062,2025-12-14,0,0,0
9062,2025-12-15,0,0,0
9062,2025-12-16,0,0,0
9062,2025-12-17,0,0,0
9062,2025-12-18,0,0,0
9062,2025-12-19,0,0,0
9062,2025-12-20,0,0,0
9062,2025-12-21,0,0,0
9063,2025-11-22,128,128,0
9063,2025-11-23,119,119,0
9063,2025-11-24,79,79,0
9063,2025-11-25,66,66,0
9063,2025-11-26,122,122,0
9063,2025-11-27,152,152,0
9063,2025-11-28,57,57,0
9063,2025-11-29,41,44,3
9063,2025-11-30,26,28,2
9063,2025-12-01,27,29,2
9063,2025-12-02,38,42,4
9063,2025-12-03,121,130,9
9063,2025-12-04,201,219,18
9063,2025-12-05,54,58,4
9063,2025-12-06,46,49,3
9063,2025-12-07,41,44,3
9063,2025-12-08,36,38,2
9063,2025-12-09,31,33,2
9063,2025-12-10,62,66,4
9063,2025-12-11,185,197,12
9063,2025-12-12,57,60,3
9063,2025-12-13,29,31,2
9063,2025-12-14,24,26,2
9063,2025-12-15,30,32,2
9063,2025-12-16,31,34,3
9063,2025-12-17,45,49,4
9063,2025-12-18,84,90,6
9063,2025-12-19,36,39,3
9063,2025-12-20,28,30,2
9063,2025-12-21,20,21,1
9076,2025-11-22,0,0,0
9076,2025-11-23,0,0,0
9076,2025-11-24,0,0,0
9076,2025-11-25,0,0,0
9076,2025-11-26,0,0,0
9076,2025-11-27,0,0,0
9076,2025-11-28,0,0,0
9076,2025-11-29,0,0,0
9076,2025-11-30,0,0,0
9076,2025-12-01,0,0,0
9076,2025-12-02,0,0,0
9076,2025-12-03,0,0,0
9076,2025-12-04,0,0,0
9076,2025-12-05,0,0,0
9076,2025-12-06,0,0,0
9076,2025-12-07,0,0,0
9076,2025-12-08,0,0,0
9076,2025-12-09,0,0,0
9076,2025-12-10,0,0,0
9076,2025-12-11,0,0,0
9076,2025-12-12,0,0,0
9076,2025-12-13,0,0,0
9076,2025-12-14,0,0,0
9076,2025-12-15,0,0,0
9076,2025-12-16,0,0,0
9076,2025-12-17,0,0,0
9076,2025-12-18,0,0,0
9076,2025-12-19,0,0,0
9076,2025-12-20,0,0,0
9076,2025-12-21,0,0,0
9077,2025-11-22,92,92,0
9077,2025-11-23,208,208,0
9077,2025-11-24,104,104,0
9077,2025-11-25,68,68,0
9077,2025-11-26,122,122,0
9077,2025-11-27,366,366,0
9077,2025-11-28,92,92,0
9077,2025-11-29,55,59,4
9077,2025-11-30,61,66,5
9077,2025-12-01,74,80,6
9077,2025-12-02,75,81,6
9077,2025-12-03,121,130,9
9077,2025-12-04,413,451,38
9077,2025-12-05,98,108,10
9077,2025-12-06,112,120,8
9077,2025-12-07,115,123,8
9077,2025-12-08,118,126,8
9077,2025-12-09,117,125,8
9077,2025-12-10,135,145,10
9077,2025-12-11,633,678,45
9077,2025-12-12,169,181,12
9077,2025-12-13,116,124,8
9077,2025-12-14,110,118,8
9077,2025-12-15,137,148,11
9077,2025-12-16,138,148,10
9077,2025-12-17,191,205,14
9077,2025-12-18,482,518,36
9077,2025-12-19,167,180,13
9077,2025-12-20,120,129,9
9077,2025-12-21,91,98,7
9091,2025-11-22,137,137,0
9091,2025-11-23,124,124,0
9091,2025-11-24,81,81,0
9091,2025-11-25,77,77,0
9091,2025-11-26,160,160,0
9091,2025-11-27,219,219,0
9091,2025-11-28,97,97,0
9091,2025-11-29,68,71,3
9091,2025-11-30,68,73,5
9091,2025-12-01,65,69,4
9091,2025-12-02,63,68,5
9091,2025-12-03,127,137,10
9091,2025-12-04,269,293,24
9091,2025-12-05,104,112,8
9091,2025-12-06,66,70,4
9091,2025-12-07,67,71,4
9091,2025-12-08,51,55,4
9091,2025-12-09,59,62,3
9091,2025-12-10,89,94,5
9091,2025-12-11,196,210,14
9091,2025-12-12,61,65,4
9091,2025-12-13,54,58,4
9091,2025-12-14,41,44,3
9091,2025-12-15,61,65,4
9091,2025-12-16,53,57,4
9091,2025-12-17,92,98,6
9091,2025-12-18,181,194,13
9091,2025-12-19,61,66,5
9091,2025-12-20,54,58,4
9091,2025-12-21,33,36,3
9150,2025-11-22,74,74,0
9150,2025-11-23,72,72,0
9150,2025-11-24,72,72,0
9150,2025-11-25,86,86,0
9150,2025-11-26,87,87,0
9150,2025-11-27,104,104,0
9150,2025-11-28,67,67,0
9150,2025-11-29,42,45,3
9150,2025-11-30,62,66,4
9150,2025-12-01,57,61,4
9150,2025-12-02,59,64,5
9150,2025-12-03,67,72,5
9150,2025-12-04,82,89,7
9150,2025-12-05,49,54,5
9150,2025-12-06,58,62,4
9150,2025-12-07,55,59,4
9150,2025-12-08,55,59,4
9150,2025-12-09,58,62,4
9150,2025-12-10,62,67,5
9150,2025-12-11,101,107,6
9150,2025-12-12,62,66,4
9150,2025-12-13,57,61,4
9150,2025-12-14,60,64,4
9150,2025-12-15,75,80,5
9150,2025-12-16,69,74,5
9150,2025-12-17,85,91,6
9150,2025-12-18,90,97,7
9150,2025-12-19,68,73,5
9150,2025-12-20,59,64,5
9150,2025-12-21,48,52,4
9220,2025-11-22,8,8,0
9220,2025-11-23,14,14,0
9220,2025-11-24,13,13,0
9220,2025-11-25,11,11,0
9220,2025-11-26,11,11,0
9220,2025-11-27,13,13,0
9220,2025-11-28,8,8,0
9220,2025-11-29,5,6,1
9220,2025-11-30,7,8,1
9220,2025-12-01,7,8,1
9220,2025-12-02,9,10,1
9220,2025-12-03,10,11,1
9220,2025-12-04,20,22,2
9220,2025-12-05,7,8,1
9220,2025-12-06,11,12,1
9220,2025-12-07,11,12,1
9220,2025-12-08,12,13,1
9220,2025-12-09,14,15,1
9220,2025-12-10,12,13,1
9220,2025-12-11,23,24,1
9220,2025-12-12,10,11,1
9220,2025-12-13,12,13,1
9220,2025-12-14,11,11,0
9220,2025-12-15,18,19,1
9220,2025-12-16,18,20,2
9220,2025-12-17,20,21,1
9220,2025-12-18,25,27,2
9220,2025-12-19,14,16,2
9220,2025-12-20,13,14,1
9220,2025-12-21,7,8,1
9221,2025-11-22,0,0,0
9221,2025-11-23,0,0,0
9221,2025-11-24,0,0,0
9221,2025-11-25,0,0,0
9221,2025-11-26,0,0,0
9221,2025-11-27,0,0,0
9221,2025-11-28,0,0,0
9221,2025-11-29,0,0,0
9221,2025-11-30,0,0,0
9221,2025-12-01,0,0,0
9221,2025-12-02,0,0,0
9221,2025-12-03,0,0,0
9221,2025-12-04,0,0,0
9221,2025-12-05,0,0,0
9221,2025-12-06,0,0,0
9221,2025-12-07,0,0,0
9221,2025-12-08,0,0,0
9221,2025-12-09,0,0,0
9221,2025-12-10,0,0,0
9221,2025-12-11,0,0,0
9221,2025-12-12,0,0,0
9221,2025-12-13,0,0,0
9221,2025-12-14,0,0,0
9221,2025-12-15,0,0,0
9221,2025-12-16,0,0,0
9221,2025-12-17,0,0,0
9221,2025-12-18,0,0,0
9221,2025-12-19,0,0,0
9221,2025-12-20,0,0,0
9221,2025-12-21,0,0,0
9308,2025-11-22,0,0,0
9308,2025-11-23,0,0,0
9308,2025-11-24,0,0,0
9308,2025-11-25,0,0,0
9308,2025-11-26,0,0,0
9308,2025-11-27,0,0,0
9308,2025-11-28,0,0,0
9308,2025-11-29,0,0,0
9308,2025-11-30,0,0,0
9308,2025-12-01,0,0,0
9308,2025-12-02,0,0,0
9308,2025-12-03,0,0,0
9308,2025-12-04,0,0,0
9308,2025-12-05,0,0,0
9308,2025-12-06,0,0,0
9308,2025-12-07,0,0,0
9308,2025-12-08,0,0,0
9308,2025-12-09,0,0,0
9308,2025-12-10,0,0,0
9308,2025-12-11,0,0,0
9308,2025-12-12,0,0,0
9308,2025-12-13,0,0,0
9308,2025-12-14,0,0,0
9308,2025-12-15,0,0,0
9308,2025-12-16,0,0,0
9308,2025-12-17,0,0,0
9308,2025-12-18,0,0,0
9308,2025-12-19,0,0,0
9308,2025-12-20,0,0,0
9308,2025-12-21,0,0,0
9356,2025-11-22,27863,27863,0
9356,2025-11-23,27092,27092,0
9356,2025-11-24,27293,27293,0
9356,2025-11-25,27721,27721,0
9356,2025-11-26,28602,28602,0
9356,2025-11-27,24125,24125,0
9356,2025-11-28,12520,12520,0
9356,2025-11-29,12460,13087,627
9356,2025-11-30,14001,14801,800
9356,2025-12-01,15270,16167,897
9356,2025-12-02,17111,18124,1013
9356,2025-12-03,22968,24497,1529
9356,2025-12-04,26223,28114,1891
9356,2025-12-05,16206,17402,1196
9356,2025-12-06,15185,16015,830
9356,2025-12-07,13098,13817,719
9356,2025-12-08,14333,15135,802
9356,2025-12-09,16133,17042,909
9356,2025-12-10,18768,19830,1062
9356,2025-12-11,22115,23423,1308
9356,2025-12-12,14921,15818,897
9356,2025-12-13,14806,15753,947
9356,2025-12-14,14366,15308,942
9356,2025-12-15,15102,16107,1005
9356,2025-12-16,17353,18519,1166
9356,2025-12-17,20385,21748,1363
9356,2025-12-18,20446,21823,1377
9356,2025-12-19,15784,16872,1088
9356,2025-12-20,13461,14407,946
9356,2025-12-21,10821,11619,798
9508,2025-11-22,8,8,0
9508,2025-11-23,16,16,0
9508,2025-11-24,4,4,0
9508,2025-11-25,6,6,0
9508,2025-11-26,15,15,0
9508,2025-11-27,16,16,0
9508,2025-11-28,7,7,0
9508,2025-11-29,9,9,0
9508,2025-11-30,6,6,0
9508,2025-12-01,5,5,0
9508,2025-12-02,6,6,0
9508,2025-12-03,7,7,0
9508,2025-12-04,16,16,0
9508,2025-12-05,6,6,0
9508,2025-12-06,3,4,1
9508,2025-12-07,3,3,0
9508,2025-12-08,5,6,1
9508,2025-12-09,3,3,0
9508,2025-12-10,4,4,0
9508,2025-12-11,11,12,1
9508,2025-12-12,3,3,0
9508,2025-12-13,3,3,0
9508,2025-12-14,4,5,1
9508,2025-12-15,5,5,0
9508,2025-12-16,4,4,0
9508,2025-12-17,4,5,1
9508,2025-12-18,9,10,1
9508,2025-12-19,4,4,0
9508,2025-12-20,3,3,0
9508,2025-12-21,2,2,0
9547,2025-11-22,7667,7667,0
9547,2025-11-23,12032,12032,0
9547,2025-11-24,9335,9335,0
9547,2025-11-25,6922,6922,0
9547,2025-11-26,9657,9657,0
9547,2025-11-27,32622,32622,0
9547,2025-11-28,11348,11348,0
9547,2025-11-29,5759,6181,422
9547,2025-11-30,6305,6786,481
9547,2025-12-01,5707,6152,445
9547,2025-12-02,6726,7266,540
9547,2025-12-03,9896,10715,819
9547,2025-12-04,38035,41338,3303
9547,2025-12-05,13376,14567,1191
9547,2025-12-06,6556,6984,428
9547,2025-12-07,5834,6223,389
9547,2025-12-08,5976,6366,390
9547,2025-12-09,7123,7597,474
9547,2025-12-10,11451,12214,763
9547,2025-12-11,37511,40047,2536
9547,2025-12-12,13735,14662,927
9547,2025-12-13,6976,7482,506
9547,2025-12-14,6494,6975,481
9547,2025-12-15,7453,8011,558
9547,2025-12-16,7597,8162,565
9547,2025-12-17,12352,13273,921
9547,2025-12-18,33534,35995,2461
9547,2025-12-19,12962,13935,973
9547,2025-12-20,7930,8520,590
9547,2025-12-21,8763,9416,653
9581,2025-11-22,50,50,0
9581,2025-11-23,32,32,0
9581,2025-11-24,34,34,0
9581,2025-11-25,49,49,0
9581,2025-11-26,62,62,0
9581,2025-11-27,81,81,0
9581,2025-11-28,38,38,0
9581,2025-11-29,41,43,2
9581,2025-11-30,25,26,1
9581,2025-12-01,30,32,2
9581,2025-12-02,26,28,2
9581,2025-12-03,39,41,2
9581,2025-12-04,58,63,5
9581,2025-12-05,32,34,2
9581,2025-12-06,24,26,2
9581,2025-12-07,22,24,2
9581,2025-12-08,21,22,1
9581,2025-12-09,22,23,1
9581,2025-12-10,27,29,2
9581,2025-12-11,53,57,4
9581,2025-12-12,19,20,1
9581,2025-12-13,20,21,1
9581,2025-12-14,20,21,1
9581,2025-12-15,28,29,1
9581,2025-12-16,30,32,2
9581,2025-12-17,30,32,2
9581,2025-12-18,41,44,3
9581,2025-12-19,21,23,2
9581,2025-12-20,19,21,2
9581,2025-12-21,16,18,2
9600,2025-11-22,31,31,0
9600,2025-11-23,48,48,0
9600,2025-11-24,31,31,0
9600,2025-11-25,31,31,0
9600,2025-11-26,53,53,0
9600,2025-11-27,46,46,0
9600,2025-11-28,5,5,0
9600,2025-11-29,7,7,0
9600,2025-11-30,8,9,1
9600,2025-12-01,12,13,1
9600,2025-12-02,13,14,1
9600,2025-12-03,12,13,1
9600,2025-12-04,16,17,1
9600,2025-12-05,8,9,1
9600,2025-12-06,12,13,1
9600,2025-12-07,12,13,1
9600,2025-12-08,11,12,1
9600,2025-12-09,13,13,0
9600,2025-12-10,15,16,1
9600,2025-12-11,24,26,2
9600,2025-12-12,9,10,1
9600,2025-12-13,11,12,1
9600,2025-12-14,10,11,1
9600,2025-12-15,12,13,1
9600,2025-12-16,14,15,1
9600,2025-12-17,17,18,1
9600,2025-12-18,25,27,2
9600,2025-12-19,12,13,1
9600,2025-12-20,12,13,1
9600,2025-12-21,9,9,0
9647,2025-11-22,0,0,0
9647,2025-11-23,0,0,0
9647,2025-11-24,0,0,0
9647,2025-11-25,0,0,0
9647,2025-11-26,0,0,0
9647,2025-11-27,0,0,0
9647,2025-11-28,0,0,0
9647,2025-11-29,0,0,0
9647,2025-11-30,0,0,0
9647,2025-12-01,0,0,0
9647,2025-12-02,0,0,0
9647,2025-12-03,0,0,0
9647,2025-12-04,0,0,0
9647,2025-12-05,0,0,0
9647,2025-12-06,0,0,0
9647,2025-12-07,0,0,0
9647,2025-12-08,0,0,0
9647,2025-12-09,0,0,0
9647,2025-12-10,0,0,0
9647,2025-12-11,0,0,0
9647,2025-12-12,0,0,0
9647,2025-12-13,0,0,0
9647,2025-12-14,0,0,0
9647,2025-12-15,0,0,0
9647,2025-12-16,0,0,0
9647,2025-12-17,0,0,0
9647,2025-12-18,0,0,0
9647,2025-12-19,0,0,0
9647,2025-12-20,0,0,0
9647,2025-12-21,0,0,0
9681,2025-11-22,5,5,0
9681,2025-11-23,11,11,0
9681,2025-11-24,9,9,0
9681,2025-11-25,2,2,0
9681,2025-11-26,4,4,0
9681,2025-11-27,6,6,0
9681,2025-11-28,3,3,0
9681,2025-11-29,5,5,0
9681,2025-11-30,5,5,0
9681,2025-12-01,3,3,0
9681,2025-12-02,3,4,1
9681,2025-12-03,4,4,0
9681,2025-12-04,8,9,1
9681,2025-12-05,3,3,0
9681,2025-12-06,3,3,0
9681,2025-12-07,3,3,0
9681,2025-12-08,3,3,0
9681,2025-12-09,3,3,0
9681,2025-12-10,5,5,0
9681,2025-12-11,9,10,1
9681,2025-12-12,4,4,0
9681,2025-12-13,3,4,1
9681,2025-12-14,3,3,0
9681,2025-12-15,4,4,0
9681,2025-12-16,4,5,1
9681,2025-12-17,8,9,1
9681,2025-12-18,11,11,0
9681,2025-12-19,4,4,0
9681,2025-12-20,4,4,0
9681,2025-12-21,3,3,0
9704,2025-11-22,2,2,0
9704,2025-11-23,2,2,0
9704,2025-11-24,1,1,0
9704,2025-11-25,2,2,0
9704,2025-11-26,2,2,0
9704,2025-11-27,2,2,0
9704,2025-11-28,2,2,0
9704,2025-11-29,2,2,0
9704,2025-11-30,2,2,0
9704,2025-12-01,2,2,0
9704,2025-12-02,2,2,0
9704,2025-12-03,2,2,0
9704,2025-12-04,3,3,0
9704,2025-12-05,2,2,0
9704,2025-12-06,3,3,0
9704,2025-12-07,3,3,0
9704,2025-12-08,3,3,0
9704,2025-12-09,3,3,0
9704,2025-12-10,3,3,0
9704,2025-12-11,4,4,0
9704,2025-12-12,3,4,1
9704,2025-12-13,3,4,1
9704,2025-12-14,3,4,1
9704,2025-12-15,4,4,0
9704,2025-12-16,4,4,0
9704,2025-12-17,4,4,0
9704,2025-12-18,4,4,0
9704,2025-12-19,4,4,0
9704,2025-12-20,4,4,0
9704,2025-12-21,3,3,0
9749,2025-11-22,0,0,0
9749,2025-11-23,0,0,0
9749,2025-11-24,0,0,0
9749,2025-11-25,0,0,0
9749,2025-11-26,0,0,0
9749,2025-11-27,0,0,0
9749,2025-11-28,0,0,0
9749,2025-11-29,0,0,0
9749,2025-11-30,0,0,0
9749,2025-12-01,0,0,0
9749,2025-12-02,0,0,0
9749,2025-12-03,0,0,0
9749,2025-12-04,0,0,0
9749,2025-12-05,0,0,0
9749,2025-12-06,0,0,0
9749,2025-12-07,0,0,0
9749,2025-12-08,0,0,0
9749,2025-12-09,0,0,0
9749,2025-12-10,0,0,0
9749,2025-12-11,0,0,0
9749,2025-12-12,0,0,0
9749,2025-12-13,0,0,0
9749,2025-12-14,0,0,0
9749,2025-12-15,0,0,0
9749,2025-12-16,0,0,0
9749,2025-12-17,0,0,0
9749,2025-12-18,0,0,0
9749,2025-12-19,0,0,0
9749,2025-12-20,0,0,0
9749,2025-12-21,0,0,0
9767,2025-11-22,0,0,0
9767,2025-11-23,0,0,0
9767,2025-11-24,0,0,0
9767,2025-11-25,0,0,0
9767,2025-11-26,0,0,0
9767,2025-11-27,0,0,0
9767,2025-11-28,0,0,0
9767,2025-11-29,0,0,0
9767,2025-11-30,0,0,0
9767,2025-12-01,0,0,0
9767,2025-12-02,0,0,0
9767,2025-12-03,0,0,0
9767,2025-12-04,0,0,0
9767,2025-12-05,0,0,0
9767,2025-12-06,0,0,0
9767,2025-12-07,0,0,0
9767,2025-12-08,0,0,0
9767,2025-12-09,0,0,0
9767,2025-12-10,0,0,0
9767,2025-12-11,0,0,0
9767,2025-12-12,0,0,0
9767,2025-12-13,0,0,0
9767,2025-12-14,0,0,0
9767,2025-12-15,0,0,0
9767,2025-12-16,0,0,0
9767,2025-12-17,0,0,0
9767,2025-12-18,0,0,0
9767,2025-12-19,0,0,0
9767,2025-12-20,0,0,0
9767,2025-12-21,0,0,0
9770,2025-11-22,8033,8033,0
9770,2025-11-23,8438,8438,0
9770,2025-11-24,7097,7097,0
9770,2025-11-25,6998,6998,0
9770,2025-11-26,11949,11949,0
9770,2025-11-27,16814,16814,0
9770,2025-11-28,5407,5407,0
9770,2025-11-29,4483,4779,296
9770,2025-11-30,4568,4891,323
9770,2025-12-01,4116,4419,303
9770,2025-12-02,4238,4568,330
9770,2025-12-03,7493,8119,626
9770,2025-12-04,13726,14959,1233
9770,2025-12-05,5218,5676,458
9770,2025-12-06,4257,4523,266
9770,2025-12-07,3774,4012,238
9770,2025-12-08,3999,4253,254
9770,2025-12-09,4277,4553,276
9770,2025-12-10,7286,7780,494
9770,2025-12-11,14802,15844,1042
9770,2025-12-12,5206,5561,355
9770,2025-12-13,3911,4195,284
9770,2025-12-14,3456,3706,250
9770,2025-12-15,4464,4791,327
9770,2025-12-16,5151,5530,379
9770,2025-12-17,8326,8946,620
9770,2025-12-18,12322,13246,924
9770,2025-12-19,6110,6561,451
9770,2025-12-20,4950,5315,365
9770,2025-12-21,2704,2912,208
9806,2025-11-22,91,91,0
9806,2025-11-23,128,128,0
9806,2025-11-24,79,79,0
9806,2025-11-25,83,83,0
9806,2025-11-26,84,84,0
9806,2025-11-27,137,137,0
9806,2025-11-28,30,30,0
9806,2025-11-29,25,27,2
9806,2025-11-30,29,32,3
9806,2025-12-01,28,31,3
9806,2025-12-02,34,37,3
9806,2025-12-03,51,55,4
9806,2025-12-04,174,190,16
9806,2025-12-05,55,60,5
9806,2025-12-06,43,46,3
9806,2025-12-07,37,40,3
9806,2025-12-08,40,43,3
9806,2025-12-09,59,63,4
9806,2025-12-10,50,54,4
9806,2025-12-11,144,154,10
9806,2025-12-12,37,40,3
9806,2025-12-13,56,59,3
9806,2025-12-14,35,38,3
9806,2025-12-15,43,46,3
9806,2025-12-16,49,52,3
9806,2025-12-17,71,76,5
9806,2025-12-18,144,155,11
9806,2025-12-19,56,60,4
9806,2025-12-20,41,44,3
9806,2025-12-21,34,36,2
9814,2025-11-22,11577,11577,0
9814,2025-11-23,10449,10449,0
9814,2025-11-24,9684,9684,0
9814,2025-11-25,10968,10968,0
9814,2025-11-26,16539,16539,0
9814,2025-11-27,18724,18724,0
9814,2025-11-28,7733,7733,0
9814,2025-11-29,5160,5488,328
9814,2025-11-30,5363,5732,369
9814,2025-12-01,4828,5173,345
9814,2025-12-02,5802,6241,439
9814,2025-12-03,9226,9967,741
9814,2025-12-04,14959,16247,1288
9814,2025-12-05,6959,7557,598
9814,2025-12-06,6104,6488,384
9814,2025-12-07,4475,4758,283
9814,2025-12-08,4219,4486,267
9814,2025-12-09,5542,5903,361
9814,2025-12-10,9065,9668,603
9814,2025-12-11,15072,16128,1056
9814,2025-12-12,4980,5322,342
9814,2025-12-13,4473,4797,324
9814,2025-12-14,4055,4347,292
9814,2025-12-15,5322,5706,384
9814,2025-12-16,6696,7185,489
9814,2025-12-17,11008,11805,797
9814,2025-12-18,13092,14051,959
9814,2025-12-19,5644,6063,419
9814,2025-12-20,4820,5179,359
9814,2025-12-21,3536,3802,266
9879,2025-11-22,815,815,0
9879,2025-11-23,739,739,0
9879,2025-11-24,578,578,0
9879,2025-11-25,633,633,0
9879,2025-11-26,993,993,0
9879,2025-11-27,882,882,0
9879,2025-11-28,307,307,0
9879,2025-11-29,343,364,21
9879,2025-11-30,443,469,26
9879,2025-12-01,428,454,26
9879,2025-12-02,459,490,31
9879,2025-12-03,672,725,53
9879,2025-12-04,1196,1300,104
9879,2025-12-05,300,326,26
9879,2025-12-06,345,367,22
9879,2025-12-07,369,391,22
9879,2025-12-08,354,375,21
9879,2025-12-09,388,413,25
9879,2025-12-10,531,566,35
9879,2025-12-11,755,808,53
9879,2025-12-12,385,411,26
9879,2025-12-13,317,339,22
9879,2025-12-14,317,338,21
9879,2025-12-15,355,380,25
9879,2025-12-16,378,405,27
9879,2025-12-17,543,582,39
9879,2025-12-18,859,923,64
9879,2025-12-19,431,461,30
9879,2025-12-20,299,320,21
9879,2025-12-21,235,252,17
9880,2025-11-22,55,55,0
9880,2025-11-23,160,160,0
9880,2025-11-24,86,86,0
9880,2025-11-25,46,46,0
9880,2025-11-26,108,108,0
9880,2025-11-27,323,323,0
9880,2025-11-28,38,38,0
9880,2025-11-29,32,34,2
9880,2025-11-30,46,49,3
9880,2025-12-01,30,32,2
9880,2025-12-02,33,36,3
9880,2025-12-03,78,84,6
9880,2025-12-04,227,247,20
9880,2025-12-05,34,37,3
9880,2025-12-06,46,49,3
9880,2025-12-07,41,44,3
9880,2025-12-08,40,43,3
9880,2025-12-09,44,47,3
9880,2025-12-10,64,69,5
9880,2025-12-11,255,274,19
9880,2025-12-12,48,51,3
9880,2025-12-13,43,47,4
9880,2025-12-14,37,40,3
9880,2025-12-15,48,51,3
9880,2025-12-16,50,54,4
9880,2025-12-17,103,111,8
9880,2025-12-18,265,284,19
9880,2025-12-19,74,79,5
9880,2025-12-20,47,50,3
9880,2025-12-21,32,35,3
9899,2025-11-22,16,16,0
9899,2025-11-23,19,19,0
9899,2025-11-24,15,15,0
9899,2025-11-25,21,21,0
9899,2025-11-26,21,21,0
9899,2025-11-27,74,74,0
9899,2025-11-28,21,21,0
9899,2025-11-29,15,16,1
9899,2025-11-30,16,18,2
9899,2025-12-01,20,22,2
9899,2025-12-02,19,20,1
9899,2025-12-03,37,39,2
9899,2025-12-04,149,162,13
9899,2025-12-05,25,27,2
9899,2025-12-06,21,22,1
9899,2025-12-07,22,23,1
9899,2025-12-08,20,21,1
9899,2025-12-09,21,22,1
9899,2025-12-10,33,36,3
9899,2025-12-11,149,160,11
9899,2025-12-12,29,31,2
9899,2025-12-13,20,21,1
9899,2025-12-14,20,22,2
9899,2025-12-15,25,27,2
9899,2025-12-16,26,28,2
9899,2025-12-17,45,48,3
9899,2025-12-18,117,126,9
9899,2025-12-19,33,36,3
9899,2025-12-20,21,23,2
9899,2025-12-21,19,20,1
9936,2025-11-22,0,0,0
9936,2025-11-23,0,0,0
9936,2025-11-24,0,0,0
9936,2025-11-25,0,0,0
9936,2025-11-26,0,0,0
9936,2025-11-27,0,0,0
9936,2025-11-28,0,0,0
9936,2025-11-29,0,0,0
9936,2025-11-30,0,0,0
9936,2025-12-01,0,0,0
9936,2025-12-02,0,0,0
9936,2025-12-03,0,0,0
9936,2025-12-04,0,0,0
9936,2025-12-05,0,0,0
9936,2025-12-06,0,0,0
9936,2025-12-07,0,0,0
9936,2025-12-08,0,0,0
9936,2025-12-09,0,0,0
9936,2025-12-10,0,0,0
9936,2025-12-11,0,0,0
9936,2025-12-12,0,0,0
9936,2025-12-13,0,0,0
9936,2025-12-14,0,0,0
9936,2025-12-15,0,0,0
9936,2025-12-16,0,0,0
9936,2025-12-17,0,0,0
9936,2025-12-18,0,0,0
9936,2025-12-19,0,0,0
9936,2025-12-20,0,0,0
9936,2025-12-21,0,0,0
9951,2025-11-22,386,386,0
9951,2025-11-23,411,411,0
9951,2025-11-24,384,384,0
9951,2025-11-25,419,419,0
9951,2025-11-26,599,599,0
9951,2025-11-27,830,830,0
9951,2025-11-28,221,221,0
9951,2025-11-29,206,221,15
9951,2025-11-30,200,215,15
9951,2025-12-01,149,162,13
9951,2025-12-02,213,231,18
9951,2025-12-03,331,361,30
9951,2025-12-04,762,835,73
9951,2025-12-05,283,310,27
9951,2025-12-06,231,246,15
9951,2025-12-07,177,189,12
9951,2025-12-08,159,171,12
9951,2025-12-09,175,187,12
9951,2025-12-10,276,296,20
9951,2025-12-11,799,857,58
9951,2025-12-12,289,310,21
9951,2025-12-13,179,193,14
9951,2025-12-14,141,152,11
9951,2025-12-15,175,189,14
9951,2025-12-16,219,236,17
9951,2025-12-17,313,338,25
9951,2025-12-18,597,643,46
9951,2025-12-19,261,281,20
9951,2025-12-20,160,173,13
9951,2025-12-21,110,118,8
