cluster_code,checkin,predicted_demand
1011,2025-11-22,139
1011,2025-11-23,181
1011,2025-11-24,135
1011,2025-11-25,130
1011,2025-11-26,149
1011,2025-11-27,459
1011,2025-11-28,150
1011,2025-11-29,97
1011,2025-11-30,104
1011,2025-12-01,143
1011,2025-12-02,98
1011,2025-12-03,216
1011,2025-12-04,547
1011,2025-12-05,145
1011,2025-12-06,107
1011,2025-12-07,108
1011,2025-12-08,133
1011,2025-12-09,128
1011,2025-12-10,188
1011,2025-12-11,623
1011,2025-12-12,229
1011,2025-12-13,148
1011,2025-12-14,116
1011,2025-12-15,160
1011,2025-12-16,175
1011,2025-12-17,251
1011,2025-12-18,622
1011,2025-12-19,187
1011,2025-12-20,156
1011,2025-12-21,102
1013,2025-11-22,0
1013,2025-11-23,0
1013,2025-11-24,0
1013,2025-11-25,0
1013,2025-11-26,0
1013,2025-11-27,0
1013,2025-11-28,0
1013,2025-11-29,0
1013,2025-11-30,0
1013,2025-12-01,0
1013,2025-12-02,0
1013,2025-12-03,0
1013,2025-12-04,0
1013,2025-12-05,0
1013,2025-12-06,0
1013,2025-12-07,0
1013,2025-12-08,0
1013,2025-12-09,0
1013,2025-12-10,0
1013,2025-12-11,0
1013,2025-12-12,0
1013,2025-12-13,0
1013,2025-12-14,0
1013,2025-12-15,0
1013,2025-12-16,0
1013,2025-12-17,0
1013,2025-12-18,0
1013,2025-12-19,0
1013,2025-12-20,0
1013,2025-12-21,0
1053,2025-11-22,659
1053,2025-11-23,560
1053,2025-11-24,588
1053,2025-11-25,545
1053,2025-11-26,757
1053,2025-11-27,1038
1053,2025-11-28,448
1053,2025-11-29,336
1053,2025-11-30,330
1053,2025-12-01,268
1053,2025-12-02,321
1053,2025-12-03,620
1053,2025-12-04,873
1053,2025-12-05,231
1053,2025-12-06,277
1053,2025-12-07,281
1053,2025-12-08,283
1053,2025-12-09,300
1053,2025-12-10,433
1053,2025-12-11,925
1053,2025-12-12,345
1053,2025-12-13,281
1053,2025-12-14,256
1053,2025-12-15,282
1053,2025-12-16,303
1053,2025-12-17,462
1053,2025-12-18,615
1053,2025-12-19,326
1053,2025-12-20,324
1053,2025-12-21,243
1054,2025-11-22,20
1054,2025-11-23,24
1054,2025-11-24,6
1054,2025-11-25,8
1054,2025-11-26,7
1054,2025-11-27,8
1054,2025-11-28,3
1054,2025-11-29,3
1054,2025-11-30,3
1054,2025-12-01,4
1054,2025-12-02,4
1054,2025-12-03,11
1054,2025-12-04,12
1054,2025-12-05,4
1054,2025-12-06,5
1054,2025-12-07,4
1054,2025-12-08,4
1054,2025-12-09,6
1054,2025-12-10,8
1054,2025-12-11,19
1054,2025-12-12,5
1054,2025-12-13,4
1054,2025-12-14,4
1054,2025-12-15,5
1054,2025-12-16,6
1054,2025-12-17,7
1054,2025-12-18,13
1054,2025-12-19,7
1054,2025-12-20,4
1054,2025-12-21,3
1120,2025-11-22,19
1120,2025-11-23,22
1120,2025-11-24,15
1120,2025-11-25,13
1120,2025-11-26,19
1120,2025-11-27,77
1120,2025-11-28,19
1120,2025-11-29,10
1120,2025-11-30,15
1120,2025-12-01,16
1120,2025-12-02,20
1120,2025-12-03,15
1120,2025-12-04,68
1120,2025-12-05,25
1120,2025-12-06,16
1120,2025-12-07,15
1120,2025-12-08,16
1120,2025-12-09,18
1120,2025-12-10,20
1120,2025-12-11,63
1120,2025-12-12,23
1120,2025-12-13,17
1120,2025-12-14,15
1120,2025-12-15,20
1120,2025-12-16,22
1120,2025-12-17,22
1120,2025-12-18,53
1120,2025-12-19,27
1120,2025-12-20,18
1120,2025-12-21,14
1156,2025-11-22,0
1156,2025-11-23,0
1156,2025-11-24,0
1156,2025-11-25,0
1156,2025-11-26,0
1156,2025-11-27,0
1156,2025-11-28,0
1156,2025-11-29,0
1156,2025-11-30,0
1156,2025-12-01,0
1156,2025-12-02,0
1156,2025-12-03,0
1156,2025-12-04,0
1156,2025-12-05,0
1156,2025-12-06,0
1156,2025-12-07,0
1156,2025-12-08,0
1156,2025-12-09,0
1156,2025-12-10,0
1156,2025-12-11,0
1156,2025-12-12,0
1156,2025-12-13,0
1156,2025-12-14,0
1156,2025-12-15,0
1156,2025-12-16,0
1156,2025-12-17,0
1156,2025-12-18,0
1156,2025-12-19,0
1156,2025-12-20,0
1156,2025-12-21,0
1173,2025-11-22,0
1173,2025-11-23,0
1173,2025-11-24,8
1173,2025-11-25,3
1173,2025-11-26,1
1173,2025-11-27,7
1173,2025-11-28,0
1173,2025-11-29,0
1173,2025-11-30,1
1173,2025-12-01,1
1173,2025-12-02,1
1173,2025-12-03,2
1173,2025-12-04,7
1173,2025-12-05,1
1173,2025-12-06,1
1173,2025-12-07,1
1173,2025-12-08,1
1173,2025-12-09,1
1173,2025-12-10,2
1173,2025-12-11,10
1173,2025-12-12,1
1173,2025-12-13,1
1173,2025-12-14,1
1173,2025-12-15,2
1173,2025-12-16,2
1173,2025-12-17,3
1173,2025-12-18,7
1173,2025-12-19,2
1173,2025-12-20,2
1173,2025-12-21,1
1177,2025-11-22,42
1177,2025-11-23,59
1177,2025-11-24,45
1177,2025-11-25,43
1177,2025-11-26,82
1177,2025-11-27,130
1177,2025-11-28,20
1177,2025-11-29,11
1177,2025-11-30,18
1177,2025-12-01,20
1177,2025-12-02,27
1177,2025-12-03,45
1177,2025-12-04,128
1177,2025-12-05,25
1177,2025-12-06,27
1177,2025-12-07,25
1177,2025-12-08,23
1177,2025-12-09,24
1177,2025-12-10,33
1177,2025-12-11,113
1177,2025-12-12,27
1177,2025-12-13,20
1177,2025-12-14,19
1177,2025-12-15,23
1177,2025-12-16,25
1177,2025-12-17,51
1177,2025-12-18,93
1177,2025-12-19,36
1177,2025-12-20,23
1177,2025-12-21,17
1183,2025-11-22,37183
1183,2025-11-23,37760
1183,2025-11-24,37313
1183,2025-11-25,35821
1183,2025-11-26,42184
1183,2025-11-27,49881
1183,2025-11-28,29268
1183,2025-11-29,32850
1183,2025-11-30,32612
1183,2025-12-01,34133
1183,2025-12-02,34247
1183,2025-12-03,41237
1183,2025-12-04,56268
1183,2025-12-05,40250
1183,2025-12-06,37015
1183,2025-12-07,35567
1183,2025-12-08,38490
1183,2025-12-09,38943
1183,2025-12-10,46162
1183,2025-12-11,53375
1183,2025-12-12,37678
1183,2025-12-13,37876
1183,2025-12-14,36707
1183,2025-12-15,37954
1183,2025-12-16,37895
1183,2025-12-17,42900
1183,2025-12-18,53407
1183,2025-12-19,35675
1183,2025-12-20,35239
1183,2025-12-21,29254
1209,2025-11-22,0
1209,2025-11-23,1
1209,2025-11-24,0
1209,2025-11-25,0
1209,2025-11-26,0
1209,2025-11-27,6
1209,2025-11-28,0
1209,2025-11-29,0
1209,2025-11-30,0
1209,2025-12-01,3
1209,2025-12-02,3
1209,2025-12-03,0
1209,2025-12-04,0
1209,2025-12-05,0
1209,2025-12-06,5
1209,2025-12-07,5
1209,2025-12-08,5
1209,2025-12-09,5
1209,2025-12-10,5
1209,2025-12-11,6
1209,2025-12-12,4
1209,2025-12-13,4
1209,2025-12-14,4
1209,2025-12-15,5
1209,2025-12-16,5
1209,2025-12-17,5
1209,2025-12-18,6
1209,2025-12-19,0
1209,2025-12-20,0
1209,2025-12-21,0
1224,2025-11-22,22
1224,2025-11-23,20
1224,2025-11-24,19
1224,2025-11-25,12
1224,2025-11-26,27
1224,2025-11-27,42
1224,2025-11-28,21
1224,2025-11-29,20
1224,2025-11-30,23
1224,2025-12-01,25
1224,2025-12-02,28
1224,2025-12-03,31
1224,2025-12-04,49
1224,2025-12-05,30
1224,2025-12-06,25
1224,2025-12-07,28
1224,2025-12-08,27
1224,2025-12-09,27
1224,2025-12-10,29
1224,2025-12-11,61
1224,2025-12-12,27
1224,2025-12-13,28
1224,2025-12-14,27
1224,2025-12-15,32
1224,2025-12-16,31
1224,2025-12-17,33
1224,2025-12-18,53
1224,2025-12-19,32
1224,2025-12-20,30
1224,2025-12-21,23
1239,2025-11-22,5
1239,2025-11-23,7
1239,2025-11-24,10
1239,2025-11-25,10
1239,2025-11-26,12
1239,2025-11-27,16
1239,2025-11-28,8
1239,2025-11-29,9
1239,2025-11-30,9
1239,2025-12-01,10
1239,2025-12-02,8
1239,2025-12-03,8
1239,2025-12-04,19
1239,2025-12-05,9
1239,2025-12-06,8
1239,2025-12-07,8
1239,2025-12-08,8
1239,2025-12-09,9
1239,2025-12-10,12
1239,2025-12-11,20
1239,2025-12-12,9
1239,2025-12-13,9
1239,2025-12-14,8
1239,2025-12-15,10
1239,2025-12-16,10
1239,2025-12-17,10
1239,2025-12-18,17
1239,2025-12-19,9
1239,2025-12-20,9
1239,2025-12-21,8
1265,2025-11-22,43
1265,2025-11-23,43
1265,2025-11-24,44
1265,2025-11-25,48
1265,2025-11-26,48
1265,2025-11-27,58
1265,2025-11-28,19
1265,2025-11-29,34
1265,2025-11-30,46
1265,2025-12-01,52
1265,2025-12-02,57
1265,2025-12-03,61
1265,2025-12-04,85
1265,2025-12-05,48
1265,2025-12-06,53
1265,2025-12-07,44
1265,2025-12-08,49
1265,2025-12-09,58
1265,2025-12-10,59
1265,2025-12-11,61
1265,2025-12-12,37
1265,2025-12-13,53
1265,2025-12-14,47
1265,2025-12-15,52
1265,2025-12-16,54
1265,2025-12-17,51
1265,2025-12-18,53
1265,2025-12-19,36
1265,2025-12-20,49
1265,2025-12-21,42
1297,2025-11-22,0
1297,2025-11-23,0
1297,2025-11-24,0
1297,2025-11-25,0
1297,2025-11-26,1
1297,2025-11-27,2
1297,2025-11-28,0
1297,2025-11-29,0
1297,2025-11-30,0
1297,2025-12-01,0
1297,2025-12-02,0
1297,2025-12-03,0
1297,2025-12-04,0
1297,2025-12-05,0
1297,2025-12-06,0
1297,2025-12-07,0
1297,2025-12-08,0
1297,2025-12-09,0
1297,2025-12-10,0
1297,2025-12-11,1
1297,2025-12-12,0
1297,2025-12-13,0
1297,2025-12-14,0
1297,2025-12-15,0
1297,2025-12-16,1
1297,2025-12-17,1
1297,2025-12-18,1
1297,2025-12-19,0
1297,2025-12-20,0
1297,2025-12-21,0
1299,2025-11-22,163
1299,2025-11-23,398
1299,2025-11-24,155
1299,2025-11-25,207
1299,2025-11-26,323
1299,2025-11-27,1288
1299,2025-11-28,198
1299,2025-11-29,198
1299,2025-11-30,207
1299,2025-12-01,215
1299,2025-12-02,177
1299,2025-12-03,400
1299,2025-12-04,1005
1299,2025-12-05,292
1299,2025-12-06,199
1299,2025-12-07,177
1299,2025-12-08,279
1299,2025-12-09,307
1299,2025-12-10,324
1299,2025-12-11,1028
1299,2025-12-12,285
1299,2025-12-13,210
1299,2025-12-14,179
1299,2025-12-15,190
1299,2025-12-16,247
1299,2025-12-17,380
1299,2025-12-18,1026
1299,2025-12-19,298
1299,2025-12-20,247
1299,2025-12-21,196
1307,2025-11-22,1
1307,2025-11-23,0
1307,2025-11-24,0
1307,2025-11-25,0
1307,2025-11-26,0
1307,2025-11-27,0
1307,2025-11-28,0
1307,2025-11-29,0
1307,2025-11-30,0
1307,2025-12-01,0
1307,2025-12-02,0
1307,2025-12-03,0
1307,2025-12-04,0
1307,2025-12-05,0
1307,2025-12-06,0
1307,2025-12-07,0
1307,2025-12-08,0
1307,2025-12-09,0
1307,2025-12-10,0
1307,2025-12-11,0
1307,2025-12-12,0
1307,2025-12-13,0
1307,2025-12-14,0
1307,2025-12-15,0
1307,2025-12-16,0
1307,2025-12-17,0
1307,2025-12-18,0
1307,2025-12-19,0
1307,2025-12-20,0
1307,2025-12-21,0
1317,2025-11-22,31
1317,2025-11-23,22
1317,2025-11-24,29
1317,2025-11-25,22
1317,2025-11-26,28
1317,2025-11-27,22
1317,2025-11-28,4
1317,2025-11-29,4
1317,2025-11-30,5
1317,2025-12-01,5
1317,2025-12-02,12
1317,2025-12-03,27
1317,2025-12-04,50
1317,2025-12-05,7
1317,2025-12-06,9
1317,2025-12-07,8
1317,2025-12-08,9
1317,2025-12-09,11
1317,2025-12-10,16
1317,2025-12-11,33
1317,2025-12-12,8
1317,2025-12-13,7
1317,2025-12-14,7
1317,2025-12-15,12
1317,2025-12-16,13
1317,2025-12-17,20
1317,2025-12-18,28
1317,2025-12-19,11
1317,2025-12-20,8
1317,2025-12-21,6
1370,2025-11-22,0
1370,2025-11-23,0
1370,2025-11-24,0
1370,2025-11-25,0
1370,2025-11-26,0
1370,2025-11-27,0
1370,2025-11-28,0
1370,2025-11-29,0
1370,2025-11-30,0
1370,2025-12-01,0
1370,2025-12-02,0
1370,2025-12-03,0
1370,2025-12-04,0
1370,2025-12-05,0
1370,2025-12-06,0
1370,2025-12-07,0
1370,2025-12-08,0
1370,2025-12-09,0
1370,2025-12-10,0
1370,2025-12-11,0
1370,2025-12-12,0
1370,2025-12-13,0
1370,2025-12-14,0
1370,2025-12-15,0
1370,2025-12-16,0
1370,2025-12-17,0
1370,2025-12-18,0
1370,2025-12-19,0
1370,2025-12-20,0
1370,2025-12-21,0
1371,2025-11-22,10
1371,2025-11-23,11
1371,2025-11-24,13
1371,2025-11-25,13
1371,2025-11-26,15
1371,2025-11-27,21
1371,2025-11-28,12
1371,2025-11-29,18
1371,2025-11-30,15
1371,2025-12-01,16
1371,2025-12-02,25
1371,2025-12-03,22
1371,2025-12-04,20
1371,2025-12-05,18
1371,2025-12-06,16
1371,2025-12-07,16
1371,2025-12-08,15
1371,2025-12-09,18
1371,2025-12-10,16
1371,2025-12-11,22
1371,2025-12-12,14
1371,2025-12-13,15
1371,2025-12-14,15
1371,2025-12-15,19
1371,2025-12-16,18
1371,2025-12-17,17
1371,2025-12-18,19
1371,2025-12-19,13
1371,2025-12-20,15
1371,2025-12-21,12
1402,2025-11-22,0
1402,2025-11-23,0
1402,2025-11-24,0
1402,2025-11-25,0
1402,2025-11-26,0
1402,2025-11-27,1
1402,2025-11-28,0
1402,2025-11-29,0
1402,2025-11-30,0
1402,2025-12-01,0
1402,2025-12-02,0
1402,2025-12-03,0
1402,2025-12-04,0
1402,2025-12-05,0
1402,2025-12-06,0
1402,2025-12-07,0
1402,2025-12-08,0
1402,2025-12-09,0
1402,2025-12-10,0
1402,2025-12-11,0
1402,2025-12-12,0
1402,2025-12-13,0
1402,2025-12-14,0
1402,2025-12-15,0
1402,2025-12-16,0
1402,2025-12-17,0
1402,2025-12-18,0
1402,2025-12-19,0
1402,2025-12-20,0
1402,2025-12-21,0
1460,2025-11-22,0
1460,2025-11-23,0
1460,2025-11-24,1
1460,2025-11-25,1
1460,2025-11-26,2
1460,2025-11-27,1
1460,2025-11-28,2
1460,2025-11-29,2
1460,2025-11-30,2
1460,2025-12-01,3
1460,2025-12-02,3
1460,2025-12-03,3
1460,2025-12-04,4
1460,2025-12-05,4
1460,2025-12-06,9
1460,2025-12-07,9
1460,2025-12-08,11
1460,2025-12-09,11
1460,2025-12-10,12
1460,2025-12-11,15
1460,2025-12-12,10
1460,2025-12-13,11
1460,2025-12-14,10
1460,2025-12-15,13
1460,2025-12-16,14
1460,2025-12-17,14
1460,2025-12-18,15
1460,2025-12-19,11
1460,2025-12-20,12
1460,2025-12-21,10
1494,2025-11-22,0
1494,2025-11-23,0
1494,2025-11-24,0
1494,2025-11-25,0
1494,2025-11-26,0
1494,2025-11-27,0
1494,2025-11-28,0
1494,2025-11-29,0
1494,2025-11-30,0
1494,2025-12-01,0
1494,2025-12-02,0
1494,2025-12-03,0
1494,2025-12-04,0
1494,2025-12-05,0
1494,2025-12-06,0
1494,2025-12-07,0
1494,2025-12-08,0
1494,2025-12-09,0
1494,2025-12-10,0
1494,2025-12-11,0
1494,2025-12-12,0
1494,2025-12-13,0
1494,2025-12-14,0
1494,2025-12-15,0
1494,2025-12-16,0
1494,2025-12-17,0
1494,2025-12-18,0
1494,2025-12-19,0
1494,2025-12-20,0
1494,2025-12-21,0
1496,2025-11-22,163
1496,2025-11-23,108
1496,2025-11-24,148
1496,2025-11-25,166
1496,2025-11-26,271
1496,2025-11-27,299
1496,2025-11-28,133
1496,2025-11-29,150
1496,2025-11-30,154
1496,2025-12-01,133
1496,2025-12-02,114
1496,2025-12-03,200
1496,2025-12-04,310
1496,2025-12-05,107
1496,2025-12-06,88
1496,2025-12-07,87
1496,2025-12-08,88
1496,2025-12-09,94
1496,2025-12-10,130
1496,2025-12-11,291
1496,2025-12-12,102
1496,2025-12-13,90
1496,2025-12-14,80
1496,2025-12-15,91
1496,2025-12-16,105
1496,2025-12-17,157
1496,2025-12-18,211
1496,2025-12-19,105
1496,2025-12-20,87
1496,2025-12-21,70
1524,2025-11-22,11
1524,2025-11-23,11
1524,2025-11-24,12
1524,2025-11-25,14
1524,2025-11-26,13
1524,2025-11-27,8
1524,2025-11-28,4
1524,2025-11-29,4
1524,2025-11-30,9
1524,2025-12-01,5
1524,2025-12-02,3
1524,2025-12-03,7
1524,2025-12-04,7
1524,2025-12-05,0
1524,2025-12-06,0
1524,2025-12-07,0
1524,2025-12-08,0
1524,2025-12-09,0
1524,2025-12-10,7
1524,2025-12-11,3
1524,2025-12-12,0
1524,2025-12-13,0
1524,2025-12-14,4
1524,2025-12-15,8
1524,2025-12-16,10
1524,2025-12-17,10
1524,2025-12-18,9
1524,2025-12-19,4
1524,2025-12-20,0
1524,2025-12-21,0
1553,2025-11-22,0
1553,2025-11-23,0
1553,2025-11-24,0
1553,2025-11-25,0
1553,2025-11-26,0
1553,2025-11-27,0
1553,2025-11-28,0
1553,2025-11-29,0
1553,2025-11-30,0
1553,2025-12-01,0
1553,2025-12-02,0
1553,2025-12-03,0
1553,2025-12-04,0
1553,2025-12-05,0
1553,2025-12-06,0
1553,2025-12-07,0
1553,2025-12-08,0
1553,2025-12-09,0
1553,2025-12-10,0
1553,2025-12-11,0
1553,2025-12-12,0
1553,2025-12-13,0
1553,2025-12-14,0
1553,2025-12-15,0
1553,2025-12-16,0
1553,2025-12-17,0
1553,2025-12-18,0
1553,2025-12-19,0
1553,2025-12-20,0
1553,2025-12-21,0
1572,2025-11-22,4
1572,2025-11-23,6
1572,2025-11-24,6
1572,2025-11-25,4
1572,2025-11-26,4
1572,2025-11-27,10
1572,2025-11-28,10
1572,2025-11-29,10
1572,2025-11-30,12
1572,2025-12-01,6
1572,2025-12-02,5
1572,2025-12-03,4
1572,2025-12-04,6
1572,2025-12-05,4
1572,2025-12-06,6
1572,2025-12-07,5
1572,2025-12-08,5
1572,2025-12-09,7
1572,2025-12-10,8
1572,2025-12-11,10
1572,2025-12-12,5
1572,2025-12-13,5
1572,2025-12-14,5
1572,2025-12-15,7
1572,2025-12-16,8
1572,2025-12-17,8
1572,2025-12-18,8
1572,2025-12-19,7
1572,2025-12-20,6
1572,2025-12-21,5
1629,2025-11-22,0
1629,2025-11-23,0
1629,2025-11-24,0
1629,2025-11-25,0
1629,2025-11-26,0
1629,2025-11-27,0
1629,2025-11-28,0
1629,2025-11-29,0
1629,2025-11-30,0
1629,2025-12-01,0
1629,2025-12-02,0
1629,2025-12-03,0
1629,2025-12-04,0
1629,2025-12-05,0
1629,2025-12-06,0
1629,2025-12-07,0
1629,2025-12-08,0
1629,2025-12-09,0
1629,2025-12-10,0
1629,2025-12-11,0
1629,2025-12-12,0
1629,2025-12-13,0
1629,2025-12-14,0
1629,2025-12-15,0
1629,2025-12-16,0
1629,2025-12-17,0
1629,2025-12-18,0
1629,2025-12-19,0
1629,2025-12-20,0
1629,2025-12-21,0
1638,2025-11-22,2924
1638,2025-11-23,2658
1638,2025-11-24,2140
1638,2025-11-25,2332
1638,2025-11-26,3529
1638,2025-11-27,4190
1638,2025-11-28,1437
1638,2025-11-29,1263
1638,2025-11-30,1405
1638,2025-12-01,1370
1638,2025-12-02,1345
1638,2025-12-03,2498
1638,2025-12-04,4868
1638,2025-12-05,1818
1638,2025-12-06,1412
1638,2025-12-07,1319
1638,2025-12-08,1325
1638,2025-12-09,1485
1638,2025-12-10,2100
1638,2025-12-11,3847
1638,2025-12-12,1580
1638,2025-12-13,1344
1638,2025-12-14,1211
1638,2025-12-15,1340
1638,2025-12-16,1566
1638,2025-12-17,2246
1638,2025-12-18,2904
1638,2025-12-19,1133
1638,2025-12-20,1231
1638,2025-12-21,995
1668,2025-11-22,0
1668,2025-11-23,0
1668,2025-11-24,0
1668,2025-11-25,0
1668,2025-11-26,1
1668,2025-11-27,1
1668,2025-11-28,0
1668,2025-11-29,0
1668,2025-11-30,0
1668,2025-12-01,0
1668,2025-12-02,0
1668,2025-12-03,1
1668,2025-12-04,3
1668,2025-12-05,1
1668,2025-12-06,1
1668,2025-12-07,1
1668,2025-12-08,1
1668,2025-12-09,1
1668,2025-12-10,1
1668,2025-12-11,2
1668,2025-12-12,1
1668,2025-12-13,1
1668,2025-12-14,1
1668,2025-12-15,1
1668,2025-12-16,1
1668,2025-12-17,1
1668,2025-12-18,2
1668,2025-12-19,1
1668,2025-12-20,1
1668,2025-12-21,0
1675,2025-11-22,0
1675,2025-11-23,1
1675,2025-11-24,2
1675,2025-11-25,0
1675,2025-11-26,1
1675,2025-11-27,2
1675,2025-11-28,0
1675,2025-11-29,0
1675,2025-11-30,0
1675,2025-12-01,0
1675,2025-12-02,0
1675,2025-12-03,0
1675,2025-12-04,0
1675,2025-12-05,0
1675,2025-12-06,0
1675,2025-12-07,0
1675,2025-12-08,0
1675,2025-12-09,0
1675,2025-12-10,0
1675,2025-12-11,0
1675,2025-12-12,0
1675,2025-12-13,0
1675,2025-12-14,0
1675,2025-12-15,0
1675,2025-12-16,0
1675,2025-12-17,0
1675,2025-12-18,0
1675,2025-12-19,0
1675,2025-12-20,0
1675,2025-12-21,0
1751,2025-11-22,0
1751,2025-11-23,0
1751,2025-11-24,0
1751,2025-11-25,0
1751,2025-11-26,0
1751,2025-11-27,0
1751,2025-11-28,0
1751,2025-11-29,0
1751,2025-11-30,0
1751,2025-12-01,0
1751,2025-12-02,0
1751,2025-12-03,0
1751,2025-12-04,0
1751,2025-12-05,0
1751,2025-12-06,0
1751,2025-12-07,0
1751,2025-12-08,0
1751,2025-12-09,0
1751,2025-12-10,0
1751,2025-12-11,0
1751,2025-12-12,0
1751,2025-12-13,0
1751,2025-12-14,0
1751,2025-12-15,0
1751,2025-12-16,0
1751,2025-12-17,0
1751,2025-12-18,0
1751,2025-12-19,0
1751,2025-12-20,0
1751,2025-12-21,0
1782,2025-11-22,18
1782,2025-11-23,9
1782,2025-11-24,17
1782,2025-11-25,18
1782,2025-11-26,39
1782,2025-11-27,42
1782,2025-11-28,9
1782,2025-11-29,3
1782,2025-11-30,4
1782,2025-12-01,4
1782,2025-12-02,4
1782,2025-12-03,5
1782,2025-12-04,10
1782,2025-12-05,5
1782,2025-12-06,7
1782,2025-12-07,7
1782,2025-12-08,6
1782,2025-12-09,6
1782,2025-12-10,11
1782,2025-12-11,24
1782,2025-12-12,7
1782,2025-12-13,7
1782,2025-12-14,8
1782,2025-12-15,10
1782,2025-12-16,9
1782,2025-12-17,14
1782,2025-12-18,24
1782,2025-12-19,9
1782,2025-12-20,9
1782,2025-12-21,7
1859,2025-11-22,13
1859,2025-11-23,15
1859,2025-11-24,15
1859,2025-11-25,17
1859,2025-11-26,15
1859,2025-11-27,18
1859,2025-11-28,9
1859,2025-11-29,11
1859,2025-11-30,13
1859,2025-12-01,13
1859,2025-12-02,13
1859,2025-12-03,18
1859,2025-12-04,23
1859,2025-12-05,13
1859,2025-12-06,16
1859,2025-12-07,16
1859,2025-12-08,14
1859,2025-12-09,14
1859,2025-12-10,15
1859,2025-12-11,23
1859,2025-12-12,13
1859,2025-12-13,14
1859,2025-12-14,13
1859,2025-12-15,16
1859,2025-12-16,15
1859,2025-12-17,17
1859,2025-12-18,20
1859,2025-12-19,14
1859,2025-12-20,15
1859,2025-12-21,9
1895,2025-11-22,25
1895,2025-11-23,28
1895,2025-11-24,15
1895,2025-11-25,18
1895,2025-11-26,29
1895,2025-11-27,68
1895,2025-11-28,17
1895,2025-11-29,15
1895,2025-11-30,19
1895,2025-12-01,22
1895,2025-12-02,21
1895,2025-12-03,32
1895,2025-12-04,97
1895,2025-12-05,23
1895,2025-12-06,24
1895,2025-12-07,21
1895,2025-12-08,23
1895,2025-12-09,25
1895,2025-12-10,36
1895,2025-12-11,97
1895,2025-12-12,30
1895,2025-12-13,24
1895,2025-12-14,20
1895,2025-12-15,28
1895,2025-12-16,32
1895,2025-12-17,42
1895,2025-12-18,96
1895,2025-12-19,38
1895,2025-12-20,33
1895,2025-12-21,18
1916,2025-11-22,8
1916,2025-11-23,7
1916,2025-11-24,6
1916,2025-11-25,6
1916,2025-11-26,11
1916,2025-11-27,20
1916,2025-11-28,6
1916,2025-11-29,5
1916,2025-11-30,6
1916,2025-12-01,6
1916,2025-12-02,8
1916,2025-12-03,12
1916,2025-12-04,25
1916,2025-12-05,8
1916,2025-12-06,10
1916,2025-12-07,10
1916,2025-12-08,12
1916,2025-12-09,9
1916,2025-12-10,10
1916,2025-12-11,24
1916,2025-12-12,7
1916,2025-12-13,9
1916,2025-12-14,9
1916,2025-12-15,11
1916,2025-12-16,12
1916,2025-12-17,15
1916,2025-12-18,23
1916,2025-12-19,9
1916,2025-12-20,7
1916,2025-12-21,4
1931,2025-11-22,0
1931,2025-11-23,0
1931,2025-11-24,0
1931,2025-11-25,0
1931,2025-11-26,0
1931,2025-11-27,0
1931,2025-11-28,0
1931,2025-11-29,0
1931,2025-11-30,0
1931,2025-12-01,0
1931,2025-12-02,0
1931,2025-12-03,0
1931,2025-12-04,0
1931,2025-12-05,0
1931,2025-12-06,0
1931,2025-12-07,0
1931,2025-12-08,0
1931,2025-12-09,0
1931,2025-12-10,0
1931,2025-12-11,0
1931,2025-12-12,0
1931,2025-12-13,0
1931,2025-12-14,0
1931,2025-12-15,0
1931,2025-12-16,0
1931,2025-12-17,0
1931,2025-12-18,0
1931,2025-12-19,0
1931,2025-12-20,0
1931,2025-12-21,0
1960,2025-11-22,6
1960,2025-11-23,12
1960,2025-11-24,7
1960,2025-11-25,8
1960,2025-11-26,13
1960,2025-11-27,22
1960,2025-11-28,5
1960,2025-11-29,8
1960,2025-11-30,8
1960,2025-12-01,8
1960,2025-12-02,8
1960,2025-12-03,12
1960,2025-12-04,22
1960,2025-12-05,9
1960,2025-12-06,9
1960,2025-12-07,7
1960,2025-12-08,7
1960,2025-12-09,8
1960,2025-12-10,10
1960,2025-12-11,18
1960,2025-12-12,8
1960,2025-12-13,7
1960,2025-12-14,7
1960,2025-12-15,8
1960,2025-12-16,8
1960,2025-12-17,15
1960,2025-12-18,17
1960,2025-12-19,9
1960,2025-12-20,8
1960,2025-12-21,6
1986,2025-11-22,6
1986,2025-11-23,20
1986,2025-11-24,13
1986,2025-11-25,10
1986,2025-11-26,13
1986,2025-11-27,14
1986,2025-11-28,4
1986,2025-11-29,5
1986,2025-11-30,5
1986,2025-12-01,6
1986,2025-12-02,8
1986,2025-12-03,8
1986,2025-12-04,13
1986,2025-12-05,6
1986,2025-12-06,9
1986,2025-12-07,8
1986,2025-12-08,8
1986,2025-12-09,8
1986,2025-12-10,12
1986,2025-12-11,17
1986,2025-12-12,7
1986,2025-12-13,8
1986,2025-12-14,8
1986,2025-12-15,10
1986,2025-12-16,11
1986,2025-12-17,16
1986,2025-12-18,17
1986,2025-12-19,9
1986,2025-12-20,9
1986,2025-12-21,6
1996,2025-11-22,1
1996,2025-11-23,2
1996,2025-11-24,3
1996,2025-11-25,1
1996,2025-11-26,2
1996,2025-11-27,3
1996,2025-11-28,2
1996,2025-11-29,1
1996,2025-11-30,1
1996,2025-12-01,1
1996,2025-12-02,2
1996,2025-12-03,3
1996,2025-12-04,6
1996,2025-12-05,2
1996,2025-12-06,2
1996,2025-12-07,2
1996,2025-12-08,2
1996,2025-12-09,2
1996,2025-12-10,2
1996,2025-12-11,3
1996,2025-12-12,2
1996,2025-12-13,2
1996,2025-12-14,2
1996,2025-12-15,2
1996,2025-12-16,2
1996,2025-12-17,2
1996,2025-12-18,3
1996,2025-12-19,3
1996,2025-12-20,2
1996,2025-12-21,2
2028,2025-11-22,33
2028,2025-11-23,53
2028,2025-11-24,42
2028,2025-11-25,66
2028,2025-11-26,92
2028,2025-11-27,81
2028,2025-11-28,26
2028,2025-11-29,25
2028,2025-11-30,25
2028,2025-12-01,24
2028,2025-12-02,25
2028,2025-12-03,53
2028,2025-12-04,96
2028,2025-12-05,27
2028,2025-12-06,30
2028,2025-12-07,24
2028,2025-12-08,23
2028,2025-12-09,24
2028,2025-12-10,33
2028,2025-12-11,101
2028,2025-12-12,24
2028,2025-12-13,22
2028,2025-12-14,20
2028,2025-12-15,26
2028,2025-12-16,35
2028,2025-12-17,35
2028,2025-12-18,71
2028,2025-12-19,32
2028,2025-12-20,25
2028,2025-12-21,18
2099,2025-11-22,25646
2099,2025-11-23,25144
2099,2025-11-24,25996
2099,2025-11-25,28009
2099,2025-11-26,28865
2099,2025-11-27,26636
2099,2025-11-28,15419
2099,2025-11-29,17867
2099,2025-11-30,17047
2099,2025-12-01,20265
2099,2025-12-02,26985
2099,2025-12-03,39460
2099,2025-12-04,40726
2099,2025-12-05,36544
2099,2025-12-06,27176
2099,2025-12-07,23396
2099,2025-12-08,22320
2099,2025-12-09,22312
2099,2025-12-10,23038
2099,2025-12-11,24331
2099,2025-12-12,19636
2099,2025-12-13,22530
2099,2025-12-14,20755
2099,2025-12-15,22592
2099,2025-12-16,25156
2099,2025-12-17,25425
2099,2025-12-18,26838
2099,2025-12-19,23750
2099,2025-12-20,20839
2099,2025-12-21,15441
2101,2025-11-22,1587
2101,2025-11-23,1429
2101,2025-11-24,1124
2101,2025-11-25,1154
2101,2025-11-26,1737
2101,2025-11-27,2219
2101,2025-11-28,700
2101,2025-11-29,693
2101,2025-11-30,821
2101,2025-12-01,666
2101,2025-12-02,641
2101,2025-12-03,1301
2101,2025-12-04,2176
2101,2025-12-05,897
2101,2025-12-06,982
2101,2025-12-07,836
2101,2025-12-08,741
2101,2025-12-09,815
2101,2025-12-10,1100
2101,2025-12-11,2158
2101,2025-12-12,792
2101,2025-12-13,833
2101,2025-12-14,527
2101,2025-12-15,660
2101,2025-12-16,953
2101,2025-12-17,1252
2101,2025-12-18,1765
2101,2025-12-19,866
2101,2025-12-20,749
2101,2025-12-21,514
2108,2025-11-22,0
2108,2025-11-23,0
2108,2025-11-24,0
2108,2025-11-25,0
2108,2025-11-26,0
2108,2025-11-27,0
2108,2025-11-28,0
2108,2025-11-29,0
2108,2025-11-30,0
2108,2025-12-01,0
2108,2025-12-02,0
2108,2025-12-03,0
2108,2025-12-04,0
2108,2025-12-05,0
2108,2025-12-06,0
2108,2025-12-07,0
2108,2025-12-08,0
2108,2025-12-09,0
2108,2025-12-10,0
2108,2025-12-11,0
2108,2025-12-12,0
2108,2025-12-13,0
2108,2025-12-14,0
2108,2025-12-15,0
2108,2025-12-16,0
2108,2025-12-17,0
2108,2025-12-18,0
2108,2025-12-19,0
2108,2025-12-20,0
2108,2025-12-21,0
2126,2025-11-22,0
2126,2025-11-23,0
2126,2025-11-24,0
2126,2025-11-25,0
2126,2025-11-26,0
2126,2025-11-27,0
2126,2025-11-28,0
2126,2025-11-29,0
2126,2025-11-30,0
2126,2025-12-01,0
2126,2025-12-02,0
2126,2025-12-03,0
2126,2025-12-04,0
2126,2025-12-05,0
2126,2025-12-06,0
2126,2025-12-07,0
2126,2025-12-08,0
2126,2025-12-09,0
2126,2025-12-10,0
2126,2025-12-11,0
2126,2025-12-12,0
2126,2025-12-13,0
2126,2025-12-14,0
2126,2025-12-15,0
2126,2025-12-16,0
2126,2025-12-17,0
2126,2025-12-18,0
2126,2025-12-19,0
2126,2025-12-20,0
2126,2025-12-21,0
2136,2025-11-22,0
2136,2025-11-23,0
2136,2025-11-24,0
2136,2025-11-25,0
2136,2025-11-26,0
2136,2025-11-27,0
2136,2025-11-28,0
2136,2025-11-29,0
2136,2025-11-30,0
2136,2025-12-01,0
2136,2025-12-02,0
2136,2025-12-03,0
2136,2025-12-04,0
2136,2025-12-05,0
2136,2025-12-06,0
2136,2025-12-07,0
2136,2025-12-08,0
2136,2025-12-09,0
2136,2025-12-10,0
2136,2025-12-11,0
2136,2025-12-12,0
2136,2025-12-13,0
2136,2025-12-14,0
2136,2025-12-15,0
2136,2025-12-16,0
2136,2025-12-17,0
2136,2025-12-18,0
2136,2025-12-19,0
2136,2025-12-20,0
2136,2025-12-21,0
2154,2025-11-22,2
2154,2025-11-23,3
2154,2025-11-24,6
2154,2025-11-25,4
2154,2025-11-26,8
2154,2025-11-27,5
2154,2025-11-28,2
2154,2025-11-29,2
2154,2025-11-30,1
2154,2025-12-01,1
2154,2025-12-02,3
2154,2025-12-03,2
2154,2025-12-04,5
2154,2025-12-05,1
2154,2025-12-06,2
2154,2025-12-07,4
2154,2025-12-08,2
2154,2025-12-09,2
2154,2025-12-10,3
2154,2025-12-11,5
2154,2025-12-12,2
2154,2025-12-13,2
2154,2025-12-14,2
2154,2025-12-15,3
2154,2025-12-16,3
2154,2025-12-17,3
2154,2025-12-18,5
2154,2025-12-19,3
2154,2025-12-20,3
2154,2025-12-21,1
2168,2025-11-22,3
2168,2025-11-23,6
2168,2025-11-24,3
2168,2025-11-25,3
2168,2025-11-26,4
2168,2025-11-27,2
2168,2025-11-28,0
2168,2025-11-29,1
2168,2025-11-30,1
2168,2025-12-01,2
2168,2025-12-02,0
2168,2025-12-03,1
2168,2025-12-04,1
2168,2025-12-05,0
2168,2025-12-06,2
2168,2025-12-07,1
2168,2025-12-08,1
2168,2025-12-09,1
2168,2025-12-10,2
2168,2025-12-11,2
2168,2025-12-12,1
2168,2025-12-13,1
2168,2025-12-14,1
2168,2025-12-15,3
2168,2025-12-16,2
2168,2025-12-17,2
2168,2025-12-18,2
2168,2025-12-19,2
2168,2025-12-20,2
2168,2025-12-21,1
2195,2025-11-22,736
2195,2025-11-23,762
2195,2025-11-24,661
2195,2025-11-25,679
2195,2025-11-26,1057
2195,2025-11-27,1393
2195,2025-11-28,481
2195,2025-11-29,484
2195,2025-11-30,496
2195,2025-12-01,454
2195,2025-12-02,522
2195,2025-12-03,780
2195,2025-12-04,1355
2195,2025-12-05,636
2195,2025-12-06,482
2195,2025-12-07,527
2195,2025-12-08,574
2195,2025-12-09,515
2195,2025-12-10,731
2195,2025-12-11,1305
2195,2025-12-12,552
2195,2025-12-13,476
2195,2025-12-14,383
2195,2025-12-15,446
2195,2025-12-16,491
2195,2025-12-17,679
2195,2025-12-18,988
2195,2025-12-19,561
2195,2025-12-20,426
2195,2025-12-21,321
2302,2025-11-22,0
2302,2025-11-23,0
2302,2025-11-24,0
2302,2025-11-25,0
2302,2025-11-26,0
2302,2025-11-27,0
2302,2025-11-28,0
2302,2025-11-29,0
2302,2025-11-30,0
2302,2025-12-01,0
2302,2025-12-02,0
2302,2025-12-03,0
2302,2025-12-04,0
2302,2025-12-05,0
2302,2025-12-06,0
2302,2025-12-07,0
2302,2025-12-08,0
2302,2025-12-09,0
2302,2025-12-10,0
2302,2025-12-11,0
2302,2025-12-12,0
2302,2025-12-13,0
2302,2025-12-14,0
2302,2025-12-15,0
2302,2025-12-16,0
2302,2025-12-17,0
2302,2025-12-18,0
2302,2025-12-19,0
2302,2025-12-20,0
2302,2025-12-21,0
2335,2025-11-22,0
2335,2025-11-23,0
2335,2025-11-24,0
2335,2025-11-25,0
2335,2025-11-26,0
2335,2025-11-27,0
2335,2025-11-28,0
2335,2025-11-29,0
2335,2025-11-30,0
2335,2025-12-01,0
2335,2025-12-02,0
2335,2025-12-03,0
2335,2025-12-04,0
2335,2025-12-05,0
2335,2025-12-06,0
2335,2025-12-07,0
2335,2025-12-08,0
2335,2025-12-09,0
2335,2025-12-10,0
2335,2025-12-11,0
2335,2025-12-12,0
2335,2025-12-13,0
2335,2025-12-14,0
2335,2025-12-15,0
2335,2025-12-16,0
2335,2025-12-17,0
2335,2025-12-18,0
2335,2025-12-19,0
2335,2025-12-20,0
2335,2025-12-21,0
2337,2025-11-22,94
2337,2025-11-23,97
2337,2025-11-24,101
2337,2025-11-25,93
2337,2025-11-26,104
2337,2025-11-27,93
2337,2025-11-28,32
2337,2025-11-29,28
2337,2025-11-30,19
2337,2025-12-01,19
2337,2025-12-02,27
2337,2025-12-03,25
2337,2025-12-04,33
2337,2025-12-05,23
2337,2025-12-06,21
2337,2025-12-07,27
2337,2025-12-08,20
2337,2025-12-09,35
2337,2025-12-10,66
2337,2025-12-11,65
2337,2025-12-12,38
2337,2025-12-13,68
2337,2025-12-14,80
2337,2025-12-15,79
2337,2025-12-16,68
2337,2025-12-17,45
2337,2025-12-18,65
2337,2025-12-19,48
2337,2025-12-20,47
2337,2025-12-21,24
2363,2025-11-22,7
2363,2025-11-23,14
2363,2025-11-24,7
2363,2025-11-25,14
2363,2025-11-26,13
2363,2025-11-27,26
2363,2025-11-28,6
2363,2025-11-29,10
2363,2025-11-30,10
2363,2025-12-01,10
2363,2025-12-02,12
2363,2025-12-03,18
2363,2025-12-04,59
2363,2025-12-05,9
2363,2025-12-06,10
2363,2025-12-07,7
2363,2025-12-08,6
2363,2025-12-09,6
2363,2025-12-10,9
2363,2025-12-11,35
2363,2025-12-12,6
2363,2025-12-13,5
2363,2025-12-14,5
2363,2025-12-15,6
2363,2025-12-16,8
2363,2025-12-17,12
2363,2025-12-18,35
2363,2025-12-19,8
2363,2025-12-20,6
2363,2025-12-21,4
2406,2025-11-22,5
2406,2025-11-23,4
2406,2025-11-24,4
2406,2025-11-25,5
2406,2025-11-26,5
2406,2025-11-27,5
2406,2025-11-28,5
2406,2025-11-29,5
2406,2025-11-30,6
2406,2025-12-01,4
2406,2025-12-02,5
2406,2025-12-03,5
2406,2025-12-04,6
2406,2025-12-05,6
2406,2025-12-06,4
2406,2025-12-07,4
2406,2025-12-08,4
2406,2025-12-09,4
2406,2025-12-10,5
2406,2025-12-11,5
2406,2025-12-12,5
2406,2025-12-13,5
2406,2025-12-14,4
2406,2025-12-15,5
2406,2025-12-16,5
2406,2025-12-17,5
2406,2025-12-18,5
2406,2025-12-19,5
2406,2025-12-20,5
2406,2025-12-21,4
2423,2025-11-22,24
2423,2025-11-23,23
2423,2025-11-24,16
2423,2025-11-25,13
2423,2025-11-26,18
2423,2025-11-27,19
2423,2025-11-28,13
2423,2025-11-29,14
2423,2025-11-30,16
2423,2025-12-01,15
2423,2025-12-02,16
2423,2025-12-03,17
2423,2025-12-04,23
2423,2025-12-05,19
2423,2025-12-06,19
2423,2025-12-07,18
2423,2025-12-08,20
2423,2025-12-09,19
2423,2025-12-10,19
2423,2025-12-11,19
2423,2025-12-12,17
2423,2025-12-13,18
2423,2025-12-14,18
2423,2025-12-15,20
2423,2025-12-16,20
2423,2025-12-17,23
2423,2025-12-18,24
2423,2025-12-19,17
2423,2025-12-20,19
2423,2025-12-21,19
2424,2025-11-22,0
2424,2025-11-23,0
2424,2025-11-24,0
2424,2025-11-25,0
2424,2025-11-26,0
2424,2025-11-27,0
2424,2025-11-28,0
2424,2025-11-29,0
2424,2025-11-30,0
2424,2025-12-01,0
2424,2025-12-02,0
2424,2025-12-03,0
2424,2025-12-04,0
2424,2025-12-05,0
2424,2025-12-06,0
2424,2025-12-07,0
2424,2025-12-08,0
2424,2025-12-09,0
2424,2025-12-10,0
2424,2025-12-11,0
2424,2025-12-12,0
2424,2025-12-13,0
2424,2025-12-14,0
2424,2025-12-15,0
2424,2025-12-16,0
2424,2025-12-17,0
2424,2025-12-18,0
2424,2025-12-19,0
2424,2025-12-20,0
2424,2025-12-21,0
2451,2025-11-22,0
2451,2025-11-23,0
2451,2025-11-24,0
2451,2025-11-25,0
2451,2025-11-26,0
2451,2025-11-27,0
2451,2025-11-28,0
2451,2025-11-29,0
2451,2025-11-30,0
2451,2025-12-01,0
2451,2025-12-02,0
2451,2025-12-03,0
2451,2025-12-04,0
2451,2025-12-05,0
2451,2025-12-06,0
2451,2025-12-07,0
2451,2025-12-08,0
2451,2025-12-09,0
2451,2025-12-10,0
2451,2025-12-11,0
2451,2025-12-12,0
2451,2025-12-13,0
2451,2025-12-14,0
2451,2025-12-15,0
2451,2025-12-16,0
2451,2025-12-17,0
2451,2025-12-18,0
2451,2025-12-19,0
2451,2025-12-20,0
2451,2025-12-21,0
2483,2025-11-22,1418
2483,2025-11-23,1418
2483,2025-11-24,1647
2483,2025-11-25,1757
2483,2025-11-26,1736
2483,2025-11-27,1400
2483,2025-11-28,598
2483,2025-11-29,792
2483,2025-11-30,865
2483,2025-12-01,916
2483,2025-12-02,955
2483,2025-12-03,1092
2483,2025-12-04,1126
2483,2025-12-05,815
2483,2025-12-06,908
2483,2025-12-07,878
2483,2025-12-08,911
2483,2025-12-09,1031
2483,2025-12-10,948
2483,2025-12-11,869
2483,2025-12-12,625
2483,2025-12-13,780
2483,2025-12-14,849
2483,2025-12-15,1041
2483,2025-12-16,1129
2483,2025-12-17,1123
2483,2025-12-18,964
2483,2025-12-19,741
2483,2025-12-20,801
2483,2025-12-21,469
2575,2025-11-22,0
2575,2025-11-23,0
2575,2025-11-24,0
2575,2025-11-25,0
2575,2025-11-26,0
2575,2025-11-27,0
2575,2025-11-28,0
2575,2025-11-29,0
2575,2025-11-30,0
2575,2025-12-01,0
2575,2025-12-02,0
2575,2025-12-03,0
2575,2025-12-04,0
2575,2025-12-05,0
2575,2025-12-06,0
2575,2025-12-07,0
2575,2025-12-08,0
2575,2025-12-09,0
2575,2025-12-10,0
2575,2025-12-11,0
2575,2025-12-12,0
2575,2025-12-13,0
2575,2025-12-14,0
2575,2025-12-15,0
2575,2025-12-16,0
2575,2025-12-17,0
2575,2025-12-18,0
2575,2025-12-19,0
2575,2025-12-20,0
2575,2025-12-21,0
2587,2025-11-22,503
2587,2025-11-23,422
2587,2025-11-24,341
2587,2025-11-25,319
2587,2025-11-26,456
2587,2025-11-27,531
2587,2025-11-28,191
2587,2025-11-29,204
2587,2025-11-30,218
2587,2025-12-01,238
2587,2025-12-02,284
2587,2025-12-03,380
2587,2025-12-04,851
2587,2025-12-05,318
2587,2025-12-06,264
2587,2025-12-07,225
2587,2025-12-08,220
2587,2025-12-09,271
2587,2025-12-10,315
2587,2025-12-11,714
2587,2025-12-12,283
2587,2025-12-13,218
2587,2025-12-14,219
2587,2025-12-15,228
2587,2025-12-16,284
2587,2025-12-17,350
2587,2025-12-18,506
2587,2025-12-19,311
2587,2025-12-20,194
2587,2025-12-21,144
2642,2025-11-22,622
2642,2025-11-23,623
2642,2025-11-24,889
2642,2025-11-25,1008
2642,2025-11-26,1087
2642,2025-11-27,891
2642,2025-11-28,277
2642,2025-11-29,330
2642,2025-11-30,372
2642,2025-12-01,391
2642,2025-12-02,449
2642,2025-12-03,543
2642,2025-12-04,588
2642,2025-12-05,278
2642,2025-12-06,369
2642,2025-12-07,318
2642,2025-12-08,307
2642,2025-12-09,352
2642,2025-12-10,426
2642,2025-12-11,582
2642,2025-12-12,340
2642,2025-12-13,309
2642,2025-12-14,299
2642,2025-12-15,376
2642,2025-12-16,476
2642,2025-12-17,442
2642,2025-12-18,417
2642,2025-12-19,307
2642,2025-12-20,363
2642,2025-12-21,128
2668,2025-11-22,0
2668,2025-11-23,0
2668,2025-11-24,0
2668,2025-11-25,0
2668,2025-11-26,0
2668,2025-11-27,0
2668,2025-11-28,0
2668,2025-11-29,0
2668,2025-11-30,2
2668,2025-12-01,0
2668,2025-12-02,0
2668,2025-12-03,0
2668,2025-12-04,0
2668,2025-12-05,0
2668,2025-12-06,0
2668,2025-12-07,0
2668,2025-12-08,0
2668,2025-12-09,0
2668,2025-12-10,0
2668,2025-12-11,0
2668,2025-12-12,0
2668,2025-12-13,0
2668,2025-12-14,0
2668,2025-12-15,0
2668,2025-12-16,0
2668,2025-12-17,0
2668,2025-12-18,0
2668,2025-12-19,0
2668,2025-12-20,0
2668,2025-12-21,0
2670,2025-11-22,13
2670,2025-11-23,12
2670,2025-11-24,4
2670,2025-11-25,3
2670,2025-11-26,12
2670,2025-11-27,37
2670,2025-11-28,7
2670,2025-11-29,4
2670,2025-11-30,16
2670,2025-12-01,18
2670,2025-12-02,23
2670,2025-12-03,20
2670,2025-12-04,79
2670,2025-12-05,9
2670,2025-12-06,7
2670,2025-12-07,8
2670,2025-12-08,7
2670,2025-12-09,6
2670,2025-12-10,11
2670,2025-12-11,49
2670,2025-12-12,9
2670,2025-12-13,7
2670,2025-12-14,7
2670,2025-12-15,8
2670,2025-12-16,9
2670,2025-12-17,14
2670,2025-12-18,39
2670,2025-12-19,11
2670,2025-12-20,8
2670,2025-12-21,6
2692,2025-11-22,577
2692,2025-11-23,601
2692,2025-11-24,575
2692,2025-11-25,486
2692,2025-11-26,950
2692,2025-11-27,1183
2692,2025-11-28,379
2692,2025-11-29,414
2692,2025-11-30,371
2692,2025-12-01,339
2692,2025-12-02,579
2692,2025-12-03,775
2692,2025-12-04,1649
2692,2025-12-05,398
2692,2025-12-06,276
2692,2025-12-07,244
2692,2025-12-08,240
2692,2025-12-09,263
2692,2025-12-10,448
2692,2025-12-11,1004
2692,2025-12-12,340
2692,2025-12-13,313
2692,2025-12-14,302
2692,2025-12-15,343
2692,2025-12-16,375
2692,2025-12-17,613
2692,2025-12-18,770
2692,2025-12-19,410
2692,2025-12-20,335
2692,2025-12-21,233
2728,2025-11-22,208
2728,2025-11-23,176
2728,2025-11-24,198
2728,2025-11-25,196
2728,2025-11-26,210
2728,2025-11-27,172
2728,2025-11-28,69
2728,2025-11-29,111
2728,2025-11-30,104
2728,2025-12-01,108
2728,2025-12-02,129
2728,2025-12-03,102
2728,2025-12-04,85
2728,2025-12-05,46
2728,2025-12-06,116
2728,2025-12-07,119
2728,2025-12-08,151
2728,2025-12-09,161
2728,2025-12-10,146
2728,2025-12-11,113
2728,2025-12-12,89
2728,2025-12-13,101
2728,2025-12-14,90
2728,2025-12-15,110
2728,2025-12-16,154
2728,2025-12-17,162
2728,2025-12-18,183
2728,2025-12-19,159
2728,2025-12-20,113
2728,2025-12-21,29
2730,2025-11-22,1
2730,2025-11-23,1
2730,2025-11-24,3
2730,2025-11-25,3
2730,2025-11-26,3
2730,2025-11-27,4
2730,2025-11-28,3
2730,2025-11-29,3
2730,2025-11-30,3
2730,2025-12-01,3
2730,2025-12-02,5
2730,2025-12-03,4
2730,2025-12-04,4
2730,2025-12-05,0
2730,2025-12-06,0
2730,2025-12-07,0
2730,2025-12-08,4
2730,2025-12-09,0
2730,2025-12-10,0
2730,2025-12-11,0
2730,2025-12-12,0
2730,2025-12-13,0
2730,2025-12-14,0
2730,2025-12-15,0
2730,2025-12-16,0
2730,2025-12-17,0
2730,2025-12-18,0
2730,2025-12-19,0
2730,2025-12-20,0
2730,2025-12-21,0
2751,2025-11-22,21
2751,2025-11-23,19
2751,2025-11-24,16
2751,2025-11-25,24
2751,2025-11-26,27
2751,2025-11-27,33
2751,2025-11-28,12
2751,2025-11-29,11
2751,2025-11-30,14
2751,2025-12-01,14
2751,2025-12-02,15
2751,2025-12-03,24
2751,2025-12-04,58
2751,2025-12-05,18
2751,2025-12-06,15
2751,2025-12-07,14
2751,2025-12-08,13
2751,2025-12-09,13
2751,2025-12-10,18
2751,2025-12-11,44
2751,2025-12-12,16
2751,2025-12-13,15
2751,2025-12-14,14
2751,2025-12-15,16
2751,2025-12-16,18
2751,2025-12-17,22
2751,2025-12-18,36
2751,2025-12-19,18
2751,2025-12-20,15
2751,2025-12-21,11
2778,2025-11-22,3988
2778,2025-11-23,3375
2778,2025-11-24,3357
2778,2025-11-25,3672
2778,2025-11-26,5078
2778,2025-11-27,4960
2778,2025-11-28,2079
2778,2025-11-29,2268
2778,2025-11-30,2377
2778,2025-12-01,2248
2778,2025-12-02,2523
2778,2025-12-03,3605
2778,2025-12-04,5950
2778,2025-12-05,2711
2778,2025-12-06,2058
2778,2025-12-07,2054
2778,2025-12-08,2066
2778,2025-12-09,2150
2778,2025-12-10,3426
2778,2025-12-11,5714
2778,2025-12-12,2360
2778,2025-12-13,1785
2778,2025-12-14,1530
2778,2025-12-15,1780
2778,2025-12-16,2252
2778,2025-12-17,3384
2778,2025-12-18,4348
2778,2025-12-19,2270
2778,2025-12-20,1572
2778,2025-12-21,1159
2852,2025-11-22,28
2852,2025-11-23,23
2852,2025-11-24,22
2852,2025-11-25,18
2852,2025-11-26,14
2852,2025-11-27,24
2852,2025-11-28,7
2852,2025-11-29,24
2852,2025-11-30,18
2852,2025-12-01,18
2852,2025-12-02,7
2852,2025-12-03,11
2852,2025-12-04,25
2852,2025-12-05,8
2852,2025-12-06,10
2852,2025-12-07,8
2852,2025-12-08,8
2852,2025-12-09,9
2852,2025-12-10,16
2852,2025-12-11,28
2852,2025-12-12,8
2852,2025-12-13,8
2852,2025-12-14,8
2852,2025-12-15,9
2852,2025-12-16,11
2852,2025-12-17,17
2852,2025-12-18,23
2852,2025-12-19,11
2852,2025-12-20,9
2852,2025-12-21,5
2854,2025-11-22,17
2854,2025-11-23,14
2854,2025-11-24,8
2854,2025-11-25,14
2854,2025-11-26,19
2854,2025-11-27,17
2854,2025-11-28,6
2854,2025-11-29,7
2854,2025-11-30,9
2854,2025-12-01,7
2854,2025-12-02,3
2854,2025-12-03,6
2854,2025-12-04,14
2854,2025-12-05,4
2854,2025-12-06,5
2854,2025-12-07,4
2854,2025-12-08,3
2854,2025-12-09,4
2854,2025-12-10,6
2854,2025-12-11,17
2854,2025-12-12,6
2854,2025-12-13,6
2854,2025-12-14,3
2854,2025-12-15,4
2854,2025-12-16,5
2854,2025-12-17,6
2854,2025-12-18,11
2854,2025-12-19,5
2854,2025-12-20,4
2854,2025-12-21,2
2894,2025-11-22,0
2894,2025-11-23,0
2894,2025-11-24,0
2894,2025-11-25,0
2894,2025-11-26,0
2894,2025-11-27,0
2894,2025-11-28,0
2894,2025-11-29,0
2894,2025-11-30,0
2894,2025-12-01,0
2894,2025-12-02,0
2894,2025-12-03,0
2894,2025-12-04,0
2894,2025-12-05,0
2894,2025-12-06,0
2894,2025-12-07,0
2894,2025-12-08,0
2894,2025-12-09,0
2894,2025-12-10,0
2894,2025-12-11,0
2894,2025-12-12,0
2894,2025-12-13,0
2894,2025-12-14,0
2894,2025-12-15,0
2894,2025-12-16,0
2894,2025-12-17,0
2894,2025-12-18,0
2894,2025-12-19,0
2894,2025-12-20,0
2894,2025-12-21,0
2908,2025-11-22,0
2908,2025-11-23,0
2908,2025-11-24,0
2908,2025-11-25,0
2908,2025-11-26,0
2908,2025-11-27,0
2908,2025-11-28,0
2908,2025-11-29,0
2908,2025-11-30,0
2908,2025-12-01,0
2908,2025-12-02,0
2908,2025-12-03,0
2908,2025-12-04,0
2908,2025-12-05,0
2908,2025-12-06,0
2908,2025-12-07,0
2908,2025-12-08,0
2908,2025-12-09,0
2908,2025-12-10,0
2908,2025-12-11,0
2908,2025-12-12,0
2908,2025-12-13,0
2908,2025-12-14,0
2908,2025-12-15,0
2908,2025-12-16,0
2908,2025-12-17,0
2908,2025-12-18,0
2908,2025-12-19,0
2908,2025-12-20,0
2908,2025-12-21,0
2949,2025-11-22,2440
2949,2025-11-23,3590
2949,2025-11-24,2862
2949,2025-11-25,2116
2949,2025-11-26,2785
2949,2025-11-27,9539
2949,2025-11-28,2599
2949,2025-11-29,1748
2949,2025-11-30,1585
2949,2025-12-01,2283
2949,2025-12-02,2521
2949,2025-12-03,2506
2949,2025-12-04,10671
2949,2025-12-05,4110
2949,2025-12-06,2390
2949,2025-12-07,1905
2949,2025-12-08,2345
2949,2025-12-09,2277
2949,2025-12-10,2600
2949,2025-12-11,10784
2949,2025-12-12,3296
2949,2025-12-13,2422
2949,2025-12-14,1889
2949,2025-12-15,2141
2949,2025-12-16,2566
2949,2025-12-17,3162
2949,2025-12-18,11852
2949,2025-12-19,3772
2949,2025-12-20,2665
2949,2025-12-21,4264
2951,2025-11-22,0
2951,2025-11-23,0
2951,2025-11-24,0
2951,2025-11-25,0
2951,2025-11-26,0
2951,2025-11-27,0
2951,2025-11-28,0
2951,2025-11-29,0
2951,2025-11-30,0
2951,2025-12-01,0
2951,2025-12-02,0
2951,2025-12-03,0
2951,2025-12-04,0
2951,2025-12-05,0
2951,2025-12-06,0
2951,2025-12-07,0
2951,2025-12-08,0
2951,2025-12-09,0
2951,2025-12-10,0
2951,2025-12-11,0
2951,2025-12-12,0
2951,2025-12-13,0
2951,2025-12-14,0
2951,2025-12-15,0
2951,2025-12-16,0
2951,2025-12-17,0
2951,2025-12-18,0
2951,2025-12-19,0
2951,2025-12-20,0
2951,2025-12-21,0
2969,2025-11-22,89
2969,2025-11-23,121
2969,2025-11-24,104
2969,2025-11-25,85
2969,2025-11-26,133
2969,2025-11-27,286
2969,2025-11-28,121
2969,2025-11-29,102
2969,2025-11-30,98
2969,2025-12-01,122
2969,2025-12-02,131
2969,2025-12-03,101
2969,2025-12-04,219
2969,2025-12-05,141
2969,2025-12-06,84
2969,2025-12-07,96
2969,2025-12-08,95
2969,2025-12-09,100
2969,2025-12-10,121
2969,2025-12-11,248
2969,2025-12-12,130
2969,2025-12-13,103
2969,2025-12-14,107
2969,2025-12-15,121
2969,2025-12-16,129
2969,2025-12-17,152
2969,2025-12-18,323
2969,2025-12-19,149
2969,2025-12-20,119
2969,2025-12-21,103
2992,2025-11-22,0
2992,2025-11-23,1
2992,2025-11-24,0
2992,2025-11-25,0
2992,2025-11-26,0
2992,2025-11-27,0
2992,2025-11-28,0
2992,2025-11-29,0
2992,2025-11-30,0
2992,2025-12-01,0
2992,2025-12-02,0
2992,2025-12-03,0
2992,2025-12-04,0
2992,2025-12-05,0
2992,2025-12-06,0
2992,2025-12-07,0
2992,2025-12-08,0
2992,2025-12-09,0
2992,2025-12-10,0
2992,2025-12-11,0
2992,2025-12-12,0
2992,2025-12-13,0
2992,2025-12-14,0
2992,2025-12-15,0
2992,2025-12-16,0
2992,2025-12-17,0
2992,2025-12-18,0
2992,2025-12-19,0
2992,2025-12-20,0
2992,2025-12-21,0
3042,2025-11-22,63
3042,2025-11-23,62
3042,2025-11-24,31
3042,2025-11-25,28
3042,2025-11-26,42
3042,2025-11-27,125
3042,2025-11-28,26
3042,2025-11-29,27
3042,2025-11-30,29
3042,2025-12-01,27
3042,2025-12-02,38
3042,2025-12-03,46
3042,2025-12-04,119
3042,2025-12-05,35
3042,2025-12-06,39
3042,2025-12-07,36
3042,2025-12-08,39
3042,2025-12-09,38
3042,2025-12-10,79
3042,2025-12-11,125
3042,2025-12-12,45
3042,2025-12-13,46
3042,2025-12-14,41
3042,2025-12-15,50
3042,2025-12-16,55
3042,2025-12-17,75
3042,2025-12-18,151
3042,2025-12-19,49
3042,2025-12-20,56
3042,2025-12-21,33
3109,2025-11-22,0
3109,2025-11-23,0
3109,2025-11-24,0
3109,2025-11-25,0
3109,2025-11-26,0
3109,2025-11-27,0
3109,2025-11-28,0
3109,2025-11-29,0
3109,2025-11-30,0
3109,2025-12-01,0
3109,2025-12-02,0
3109,2025-12-03,0
3109,2025-12-04,0
3109,2025-12-05,0
3109,2025-12-06,0
3109,2025-12-07,0
3109,2025-12-08,0
3109,2025-12-09,0
3109,2025-12-10,0
3109,2025-12-11,0
3109,2025-12-12,0
3109,2025-12-13,0
3109,2025-12-14,0
3109,2025-12-15,0
3109,2025-12-16,0
3109,2025-12-17,0
3109,2025-12-18,0
3109,2025-12-19,0
3109,2025-12-20,0
3109,2025-12-21,0
3124,2025-11-22,514
3124,2025-11-23,458
3124,2025-11-24,302
3124,2025-11-25,352
3124,2025-11-26,528
3124,2025-11-27,537
3124,2025-11-28,211
3124,2025-11-29,150
3124,2025-11-30,168
3124,2025-12-01,191
3124,2025-12-02,243
3124,2025-12-03,385
3124,2025-12-04,740
3124,2025-12-05,259
3124,2025-12-06,200
3124,2025-12-07,142
3124,2025-12-08,140
3124,2025-12-09,153
3124,2025-12-10,215
3124,2025-12-11,513
3124,2025-12-12,155
3124,2025-12-13,116
3124,2025-12-14,138
3124,2025-12-15,163
3124,2025-12-16,180
3124,2025-12-17,249
3124,2025-12-18,361
3124,2025-12-19,151
3124,2025-12-20,120
3124,2025-12-21,99
3127,2025-11-22,0
3127,2025-11-23,0
3127,2025-11-24,0
3127,2025-11-25,0
3127,2025-11-26,0
3127,2025-11-27,0
3127,2025-11-28,0
3127,2025-11-29,0
3127,2025-11-30,0
3127,2025-12-01,0
3127,2025-12-02,0
3127,2025-12-03,0
3127,2025-12-04,0
3127,2025-12-05,0
3127,2025-12-06,0
3127,2025-12-07,0
3127,2025-12-08,0
3127,2025-12-09,0
3127,2025-12-10,0
3127,2025-12-11,0
3127,2025-12-12,0
3127,2025-12-13,0
3127,2025-12-14,0
3127,2025-12-15,0
3127,2025-12-16,0
3127,2025-12-17,0
3127,2025-12-18,0
3127,2025-12-19,0
3127,2025-12-20,0
3127,2025-12-21,0
3140,2025-11-22,111
3140,2025-11-23,155
3140,2025-11-24,107
3140,2025-11-25,75
3140,2025-11-26,139
3140,2025-11-27,392
3140,2025-11-28,112
3140,2025-11-29,40
3140,2025-11-30,56
3140,2025-12-01,71
3140,2025-12-02,74
3140,2025-12-03,114
3140,2025-12-04,489
3140,2025-12-05,150
3140,2025-12-06,83
3140,2025-12-07,80
3140,2025-12-08,87
3140,2025-12-09,93
3140,2025-12-10,180
3140,2025-12-11,583
3140,2025-12-12,142
3140,2025-12-13,93
3140,2025-12-14,82
3140,2025-12-15,114
3140,2025-12-16,138
3140,2025-12-17,210
3140,2025-12-18,562
3140,2025-12-19,190
3140,2025-12-20,111
3140,2025-12-21,82
3217,2025-11-22,62
3217,2025-11-23,87
3217,2025-11-24,94
3217,2025-11-25,79
3217,2025-11-26,89
3217,2025-11-27,293
3217,2025-11-28,80
3217,2025-11-29,67
3217,2025-11-30,68
3217,2025-12-01,75
3217,2025-12-02,58
3217,2025-12-03,89
3217,2025-12-04,339
3217,2025-12-05,122
3217,2025-12-06,81
3217,2025-12-07,74
3217,2025-12-08,77
3217,2025-12-09,86
3217,2025-12-10,96
3217,2025-12-11,363
3217,2025-12-12,116
3217,2025-12-13,71
3217,2025-12-14,68
3217,2025-12-15,85
3217,2025-12-16,100
3217,2025-12-17,108
3217,2025-12-18,346
3217,2025-12-19,160
3217,2025-12-20,91
3217,2025-12-21,60
3312,2025-11-22,51
3312,2025-11-23,64
3312,2025-11-24,51
3312,2025-11-25,44
3312,2025-11-26,55
3312,2025-11-27,75
3312,2025-11-28,42
3312,2025-11-29,42
3312,2025-11-30,57
3312,2025-12-01,45
3312,2025-12-02,46
3312,2025-12-03,46
3312,2025-12-04,77
3312,2025-12-05,58
3312,2025-12-06,66
3312,2025-12-07,58
3312,2025-12-08,56
3312,2025-12-09,57
3312,2025-12-10,58
3312,2025-12-11,122
3312,2025-12-12,71
3312,2025-12-13,71
3312,2025-12-14,57
3312,2025-12-15,69
3312,2025-12-16,70
3312,2025-12-17,68
3312,2025-12-18,99
3312,2025-12-19,65
3312,2025-12-20,58
3312,2025-12-21,46
3333,2025-11-22,665
3333,2025-11-23,624
3333,2025-11-24,545
3333,2025-11-25,622
3333,2025-11-26,718
3333,2025-11-27,1115
3333,2025-11-28,372
3333,2025-11-29,318
3333,2025-11-30,293
3333,2025-12-01,339
3333,2025-12-02,408
3333,2025-12-03,560
3333,2025-12-04,1060
3333,2025-12-05,342
3333,2025-12-06,349
3333,2025-12-07,330
3333,2025-12-08,342
3333,2025-12-09,330
3333,2025-12-10,511
3333,2025-12-11,1150
3333,2025-12-12,338
3333,2025-12-13,318
3333,2025-12-14,279
3333,2025-12-15,344
3333,2025-12-16,402
3333,2025-12-17,492
3333,2025-12-18,814
3333,2025-12-19,374
3333,2025-12-20,308
3333,2025-12-21,230
3351,2025-11-22,0
3351,2025-11-23,1
3351,2025-11-24,1
3351,2025-11-25,0
3351,2025-11-26,0
3351,2025-11-27,0
3351,2025-11-28,0
3351,2025-11-29,0
3351,2025-11-30,0
3351,2025-12-01,0
3351,2025-12-02,0
3351,2025-12-03,0
3351,2025-12-04,6
3351,2025-12-05,0
3351,2025-12-06,0
3351,2025-12-07,0
3351,2025-12-08,0
3351,2025-12-09,0
3351,2025-12-10,0
3351,2025-12-11,0
3351,2025-12-12,0
3351,2025-12-13,0
3351,2025-12-14,0
3351,2025-12-15,0
3351,2025-12-16,0
3351,2025-12-17,0
3351,2025-12-18,0
3351,2025-12-19,0
3351,2025-12-20,0
3351,2025-12-21,4
3364,2025-11-22,7
3364,2025-11-23,7
3364,2025-11-24,8
3364,2025-11-25,8
3364,2025-11-26,7
3364,2025-11-27,10
3364,2025-11-28,4
3364,2025-11-29,4
3364,2025-11-30,4
3364,2025-12-01,5
3364,2025-12-02,5
3364,2025-12-03,11
3364,2025-12-04,29
3364,2025-12-05,6
3364,2025-12-06,6
3364,2025-12-07,6
3364,2025-12-08,6
3364,2025-12-09,5
3364,2025-12-10,9
3364,2025-12-11,23
3364,2025-12-12,6
3364,2025-12-13,6
3364,2025-12-14,5
3364,2025-12-15,6
3364,2025-12-16,6
3364,2025-12-17,10
3364,2025-12-18,33
3364,2025-12-19,7
3364,2025-12-20,5
3364,2025-12-21,4
3365,2025-11-22,503
3365,2025-11-23,983
3365,2025-11-24,732
3365,2025-11-25,739
3365,2025-11-26,981
3365,2025-11-27,2705
3365,2025-11-28,797
3365,2025-11-29,467
3365,2025-11-30,540
3365,2025-12-01,534
3365,2025-12-02,529
3365,2025-12-03,827
3365,2025-12-04,3342
3365,2025-12-05,1233
3365,2025-12-06,554
3365,2025-12-07,468
3365,2025-12-08,548
3365,2025-12-09,650
3365,2025-12-10,766
3365,2025-12-11,3556
3365,2025-12-12,1065
3365,2025-12-13,546
3365,2025-12-14,543
3365,2025-12-15,654
3365,2025-12-16,735
3365,2025-12-17,973
3365,2025-12-18,3444
3365,2025-12-19,1275
3365,2025-12-20,609
3365,2025-12-21,523
3382,2025-11-22,5
3382,2025-11-23,6
3382,2025-11-24,2
3382,2025-11-25,1
3382,2025-11-26,2
3382,2025-11-27,4
3382,2025-11-28,1
3382,2025-11-29,1
3382,2025-11-30,1
3382,2025-12-01,1
3382,2025-12-02,1
3382,2025-12-03,4
3382,2025-12-04,11
3382,2025-12-05,1
3382,2025-12-06,2
3382,2025-12-07,1
3382,2025-12-08,3
3382,2025-12-09,1
3382,2025-12-10,2
3382,2025-12-11,7
3382,2025-12-12,1
3382,2025-12-13,1
3382,2025-12-14,1
3382,2025-12-15,2
3382,2025-12-16,2
3382,2025-12-17,4
3382,2025-12-18,7
3382,2025-12-19,2
3382,2025-12-20,2
3382,2025-12-21,1
3396,2025-11-22,0
3396,2025-11-23,0
3396,2025-11-24,0
3396,2025-11-25,0
3396,2025-11-26,0
3396,2025-11-27,0
3396,2025-11-28,0
3396,2025-11-29,0
3396,2025-11-30,0
3396,2025-12-01,0
3396,2025-12-02,0
3396,2025-12-03,0
3396,2025-12-04,0
3396,2025-12-05,0
3396,2025-12-06,0
3396,2025-12-07,0
3396,2025-12-08,0
3396,2025-12-09,0
3396,2025-12-10,0
3396,2025-12-11,0
3396,2025-12-12,0
3396,2025-12-13,0
3396,2025-12-14,0
3396,2025-12-15,0
3396,2025-12-16,0
3396,2025-12-17,0
3396,2025-12-18,0
3396,2025-12-19,0
3396,2025-12-20,0
3396,2025-12-21,0
3456,2025-11-22,5
3456,2025-11-23,3
3456,2025-11-24,3
3456,2025-11-25,4
3456,2025-11-26,4
3456,2025-11-27,4
3456,2025-11-28,4
3456,2025-11-29,4
3456,2025-11-30,4
3456,2025-12-01,4
3456,2025-12-02,5
3456,2025-12-03,5
3456,2025-12-04,5
3456,2025-12-05,4
3456,2025-12-06,5
3456,2025-12-07,4
3456,2025-12-08,5
3456,2025-12-09,5
3456,2025-12-10,5
3456,2025-12-11,5
3456,2025-12-12,4
3456,2025-12-13,5
3456,2025-12-14,4
3456,2025-12-15,4
3456,2025-12-16,5
3456,2025-12-17,5
3456,2025-12-18,5
3456,2025-12-19,4
3456,2025-12-20,4
3456,2025-12-21,4
3478,2025-11-22,7
3478,2025-11-23,4
3478,2025-11-24,7
3478,2025-11-25,4
3478,2025-11-26,6
3478,2025-11-27,11
3478,2025-11-28,3
3478,2025-11-29,3
3478,2025-11-30,4
3478,2025-12-01,3
3478,2025-12-02,3
3478,2025-12-03,11
3478,2025-12-04,20
3478,2025-12-05,4
3478,2025-12-06,6
3478,2025-12-07,9
3478,2025-12-08,3
3478,2025-12-09,4
3478,2025-12-10,8
3478,2025-12-11,15
3478,2025-12-12,8
3478,2025-12-13,8
3478,2025-12-14,5
3478,2025-12-15,6
3478,2025-12-16,4
3478,2025-12-17,9
3478,2025-12-18,13
3478,2025-12-19,5
3478,2025-12-20,4
3478,2025-12-21,3
3523,2025-11-22,4499
3523,2025-11-23,3991
3523,2025-11-24,3327
3523,2025-11-25,3454
3523,2025-11-26,5473
3523,2025-11-27,5892
3523,2025-11-28,2289
3523,2025-11-29,1865
3523,2025-11-30,2173
3523,2025-12-01,1990
3523,2025-12-02,2278
3523,2025-12-03,3639
3523,2025-12-04,5358
3523,2025-12-05,2101
3523,2025-12-06,2133
3523,2025-12-07,1900
3523,2025-12-08,1936
3523,2025-12-09,1979
3523,2025-12-10,3536
3523,2025-12-11,5939
3523,2025-12-12,2437
3523,2025-12-13,1833
3523,2025-12-14,1566
3523,2025-12-15,1752
3523,2025-12-16,2091
3523,2025-12-17,3423
3523,2025-12-18,4175
3523,2025-12-19,2339
3523,2025-12-20,1739
3523,2025-12-21,1098
3578,2025-11-22,0
3578,2025-11-23,0
3578,2025-11-24,0
3578,2025-11-25,0
3578,2025-11-26,0
3578,2025-11-27,0
3578,2025-11-28,0
3578,2025-11-29,0
3578,2025-11-30,0
3578,2025-12-01,0
3578,2025-12-02,0
3578,2025-12-03,0
3578,2025-12-04,0
3578,2025-12-05,0
3578,2025-12-06,0
3578,2025-12-07,0
3578,2025-12-08,0
3578,2025-12-09,0
3578,2025-12-10,0
3578,2025-12-11,0
3578,2025-12-12,0
3578,2025-12-13,0
3578,2025-12-14,0
3578,2025-12-15,0
3578,2025-12-16,0
3578,2025-12-17,0
3578,2025-12-18,0
3578,2025-12-19,0
3578,2025-12-20,0
3578,2025-12-21,0
3617,2025-11-22,2
3617,2025-11-23,2
3617,2025-11-24,2
3617,2025-11-25,3
3617,2025-11-26,3
3617,2025-11-27,3
3617,2025-11-28,3
3617,2025-11-29,3
3617,2025-11-30,3
3617,2025-12-01,3
3617,2025-12-02,3
3617,2025-12-03,5
3617,2025-12-04,8
3617,2025-12-05,4
3617,2025-12-06,4
3617,2025-12-07,4
3617,2025-12-08,4
3617,2025-12-09,4
3617,2025-12-10,4
3617,2025-12-11,6
3617,2025-12-12,4
3617,2025-12-13,4
3617,2025-12-14,3
3617,2025-12-15,4
3617,2025-12-16,4
3617,2025-12-17,4
3617,2025-12-18,5
3617,2025-12-19,4
3617,2025-12-20,4
3617,2025-12-21,1
3723,2025-11-22,63
3723,2025-11-23,57
3723,2025-11-24,64
3723,2025-11-25,68
3723,2025-11-26,78
3723,2025-11-27,75
3723,2025-11-28,39
3723,2025-11-29,35
3723,2025-11-30,44
3723,2025-12-01,43
3723,2025-12-02,48
3723,2025-12-03,51
3723,2025-12-04,61
3723,2025-12-05,42
3723,2025-12-06,47
3723,2025-12-07,40
3723,2025-12-08,49
3723,2025-12-09,50
3723,2025-12-10,47
3723,2025-12-11,65
3723,2025-12-12,34
3723,2025-12-13,43
3723,2025-12-14,42
3723,2025-12-15,61
3723,2025-12-16,67
3723,2025-12-17,70
3723,2025-12-18,67
3723,2025-12-19,40
3723,2025-12-20,49
3723,2025-12-21,25
3752,2025-11-22,0
3752,2025-11-23,0
3752,2025-11-24,0
3752,2025-11-25,0
3752,2025-11-26,0
3752,2025-11-27,0
3752,2025-11-28,0
3752,2025-11-29,0
3752,2025-11-30,0
3752,2025-12-01,0
3752,2025-12-02,0
3752,2025-12-03,0
3752,2025-12-04,0
3752,2025-12-05,0
3752,2025-12-06,0
3752,2025-12-07,0
3752,2025-12-08,0
3752,2025-12-09,0
3752,2025-12-10,0
3752,2025-12-11,0
3752,2025-12-12,0
3752,2025-12-13,0
3752,2025-12-14,0
3752,2025-12-15,0
3752,2025-12-16,0
3752,2025-12-17,0
3752,2025-12-18,0
3752,2025-12-19,0
3752,2025-12-20,0
3752,2025-12-21,0
3771,2025-11-22,5
3771,2025-11-23,1
3771,2025-11-24,2
3771,2025-11-25,3
3771,2025-11-26,5
3771,2025-11-27,4
3771,2025-11-28,1
3771,2025-11-29,2
3771,2025-11-30,3
3771,2025-12-01,3
3771,2025-12-02,3
3771,2025-12-03,5
3771,2025-12-04,9
3771,2025-12-05,3
3771,2025-12-06,3
3771,2025-12-07,3
3771,2025-12-08,3
3771,2025-12-09,3
3771,2025-12-10,4
3771,2025-12-11,7
3771,2025-12-12,3
3771,2025-12-13,3
3771,2025-12-14,2
3771,2025-12-15,3
3771,2025-12-16,3
3771,2025-12-17,4
3771,2025-12-18,5
3771,2025-12-19,3
3771,2025-12-20,3
3771,2025-12-21,2
3832,2025-11-22,2
3832,2025-11-23,2
3832,2025-11-24,1
3832,2025-11-25,1
3832,2025-11-26,1
3832,2025-11-27,3
3832,2025-11-28,2
3832,2025-11-29,1
3832,2025-11-30,1
3832,2025-12-01,1
3832,2025-12-02,2
3832,2025-12-03,2
3832,2025-12-04,4
3832,2025-12-05,2
3832,2025-12-06,2
3832,2025-12-07,2
3832,2025-12-08,2
3832,2025-12-09,2
3832,2025-12-10,2
3832,2025-12-11,4
3832,2025-12-12,2
3832,2025-12-13,2
3832,2025-12-14,2
3832,2025-12-15,3
3832,2025-12-16,3
3832,2025-12-17,3
3832,2025-12-18,4
3832,2025-12-19,3
3832,2025-12-20,3
3832,2025-12-21,2
3837,2025-11-22,13
3837,2025-11-23,14
3837,2025-11-24,13
3837,2025-11-25,13
3837,2025-11-26,14
3837,2025-11-27,15
3837,2025-11-28,8
3837,2025-11-29,9
3837,2025-11-30,9
3837,2025-12-01,6
3837,2025-12-02,7
3837,2025-12-03,7
3837,2025-12-04,18
3837,2025-12-05,7
3837,2025-12-06,5
3837,2025-12-07,3
3837,2025-12-08,2
3837,2025-12-09,2
3837,2025-12-10,4
3837,2025-12-11,13
3837,2025-12-12,3
3837,2025-12-13,3
3837,2025-12-14,2
3837,2025-12-15,3
3837,2025-12-16,3
3837,2025-12-17,5
3837,2025-12-18,16
3837,2025-12-19,4
3837,2025-12-20,3
3837,2025-12-21,2
3870,2025-11-22,7
3870,2025-11-23,3
3870,2025-11-24,10
3870,2025-11-25,11
3870,2025-11-26,15
3870,2025-11-27,14
3870,2025-11-28,4
3870,2025-11-29,3
3870,2025-11-30,2
3870,2025-12-01,2
3870,2025-12-02,3
3870,2025-12-03,7
3870,2025-12-04,15
3870,2025-12-05,3
3870,2025-12-06,8
3870,2025-12-07,5
3870,2025-12-08,3
3870,2025-12-09,4
3870,2025-12-10,7
3870,2025-12-11,15
3870,2025-12-12,3
3870,2025-12-13,3
3870,2025-12-14,3
3870,2025-12-15,4
3870,2025-12-16,4
3870,2025-12-17,5
3870,2025-12-18,6
3870,2025-12-19,4
3870,2025-12-20,4
3870,2025-12-21,3
3892,2025-11-22,479
3892,2025-11-23,527
3892,2025-11-24,517
3892,2025-11-25,533
3892,2025-11-26,832
3892,2025-11-27,1016
3892,2025-11-28,558
3892,2025-11-29,427
3892,2025-11-30,475
3892,2025-12-01,363
3892,2025-12-02,390
3892,2025-12-03,791
3892,2025-12-04,1268
3892,2025-12-05,614
3892,2025-12-06,426
3892,2025-12-07,332
3892,2025-12-08,312
3892,2025-12-09,371
3892,2025-12-10,485
3892,2025-12-11,1053
3892,2025-12-12,465
3892,2025-12-13,353
3892,2025-12-14,314
3892,2025-12-15,340
3892,2025-12-16,393
3892,2025-12-17,491
3892,2025-12-18,711
3892,2025-12-19,441
3892,2025-12-20,309
3892,2025-12-21,225
3914,2025-11-22,84
3914,2025-11-23,112
3914,2025-11-24,62
3914,2025-11-25,59
3914,2025-11-26,72
3914,2025-11-27,225
3914,2025-11-28,104
3914,2025-11-29,77
3914,2025-11-30,64
3914,2025-12-01,79
3914,2025-12-02,80
3914,2025-12-03,141
3914,2025-12-04,413
3914,2025-12-05,163
3914,2025-12-06,114
3914,2025-12-07,130
3914,2025-12-08,129
3914,2025-12-09,131
3914,2025-12-10,187
3914,2025-12-11,692
3914,2025-12-12,226
3914,2025-12-13,121
3914,2025-12-14,109
3914,2025-12-15,142
3914,2025-12-16,143
3914,2025-12-17,192
3914,2025-12-18,443
3914,2025-12-19,226
3914,2025-12-20,132
3914,2025-12-21,64
3927,2025-11-22,2
3927,2025-11-23,1
3927,2025-11-24,1
3927,2025-11-25,1
3927,2025-11-26,2
3927,2025-11-27,5
3927,2025-11-28,2
3927,2025-11-29,2
3927,2025-11-30,2
3927,2025-12-01,2
3927,2025-12-02,2
3927,2025-12-03,3
3927,2025-12-04,8
3927,2025-12-05,5
3927,2025-12-06,3
3927,2025-12-07,3
3927,2025-12-08,2
3927,2025-12-09,3
3927,2025-12-10,3
3927,2025-12-11,5
3927,2025-12-12,2
3927,2025-12-13,6
3927,2025-12-14,6
3927,2025-12-15,9
3927,2025-12-16,7
3927,2025-12-17,7
3927,2025-12-18,9
3927,2025-12-19,3
3927,2025-12-20,4
3927,2025-12-21,2
3933,2025-11-22,56
3933,2025-11-23,52
3933,2025-11-24,25
3933,2025-11-25,26
3933,2025-11-26,40
3933,2025-11-27,93
3933,2025-11-28,10
3933,2025-11-29,11
3933,2025-11-30,18
3933,2025-12-01,18
3933,2025-12-02,18
3933,2025-12-03,53
3933,2025-12-04,155
3933,2025-12-05,26
3933,2025-12-06,26
3933,2025-12-07,23
3933,2025-12-08,20
3933,2025-12-09,23
3933,2025-12-10,39
3933,2025-12-11,140
3933,2025-12-12,23
3933,2025-12-13,19
3933,2025-12-14,17
3933,2025-12-15,19
3933,2025-12-16,23
3933,2025-12-17,54
3933,2025-12-18,106
3933,2025-12-19,27
3933,2025-12-20,19
3933,2025-12-21,12
3935,2025-11-22,0
3935,2025-11-23,0
3935,2025-11-24,0
3935,2025-11-25,0
3935,2025-11-26,0
3935,2025-11-27,0
3935,2025-11-28,0
3935,2025-11-29,0
3935,2025-11-30,0
3935,2025-12-01,0
3935,2025-12-02,0
3935,2025-12-03,0
3935,2025-12-04,0
3935,2025-12-05,0
3935,2025-12-06,0
3935,2025-12-07,0
3935,2025-12-08,0
3935,2025-12-09,0
3935,2025-12-10,0
3935,2025-12-11,0
3935,2025-12-12,0
3935,2025-12-13,0
3935,2025-12-14,0
3935,2025-12-15,0
3935,2025-12-16,0
3935,2025-12-17,0
3935,2025-12-18,0
3935,2025-12-19,0
3935,2025-12-20,0
3935,2025-12-21,0
4078,2025-11-22,0
4078,2025-11-23,0
4078,2025-11-24,0
4078,2025-11-25,0
4078,2025-11-26,0
4078,2025-11-27,0
4078,2025-11-28,0
4078,2025-11-29,0
4078,2025-11-30,0
4078,2025-12-01,0
4078,2025-12-02,0
4078,2025-12-03,0
4078,2025-12-04,0
4078,2025-12-05,0
4078,2025-12-06,0
4078,2025-12-07,0
4078,2025-12-08,0
4078,2025-12-09,0
4078,2025-12-10,0
4078,2025-12-11,0
4078,2025-12-12,0
4078,2025-12-13,0
4078,2025-12-14,0
4078,2025-12-15,0
4078,2025-12-16,0
4078,2025-12-17,0
4078,2025-12-18,0
4078,2025-12-19,0
4078,2025-12-20,0
4078,2025-12-21,0
4125,2025-11-22,3
4125,2025-11-23,1
4125,2025-11-24,0
4125,2025-11-25,0
4125,2025-11-26,1
4125,2025-11-27,2
4125,2025-11-28,1
4125,2025-11-29,1
4125,2025-11-30,1
4125,2025-12-01,1
4125,2025-12-02,1
4125,2025-12-03,1
4125,2025-12-04,8
4125,2025-12-05,2
4125,2025-12-06,2
4125,2025-12-07,2
4125,2025-12-08,2
4125,2025-12-09,2
4125,2025-12-10,2
4125,2025-12-11,16
4125,2025-12-12,1
4125,2025-12-13,1
4125,2025-12-14,1
4125,2025-12-15,2
4125,2025-12-16,2
4125,2025-12-17,2
4125,2025-12-18,4
4125,2025-12-19,2
4125,2025-12-20,2
4125,2025-12-21,1
4138,2025-11-22,7
4138,2025-11-23,7
4138,2025-11-24,9
4138,2025-11-25,6
4138,2025-11-26,8
4138,2025-11-27,15
4138,2025-11-28,4
4138,2025-11-29,5
4138,2025-11-30,5
4138,2025-12-01,5
4138,2025-12-02,6
4138,2025-12-03,7
4138,2025-12-04,21
4138,2025-12-05,9
4138,2025-12-06,8
4138,2025-12-07,7
4138,2025-12-08,8
4138,2025-12-09,6
4138,2025-12-10,7
4138,2025-12-11,14
4138,2025-12-12,7
4138,2025-12-13,8
4138,2025-12-14,8
4138,2025-12-15,9
4138,2025-12-16,8
4138,2025-12-17,8
4138,2025-12-18,12
4138,2025-12-19,6
4138,2025-12-20,7
4138,2025-12-21,11
4161,2025-11-22,146
4161,2025-11-23,108
4161,2025-11-24,111
4161,2025-11-25,151
4161,2025-11-26,280
4161,2025-11-27,291
4161,2025-11-28,72
4161,2025-11-29,66
4161,2025-11-30,79
4161,2025-12-01,80
4161,2025-12-02,82
4161,2025-12-03,109
4161,2025-12-04,166
4161,2025-12-05,96
4161,2025-12-06,86
4161,2025-12-07,79
4161,2025-12-08,74
4161,2025-12-09,74
4161,2025-12-10,118
4161,2025-12-11,276
4161,2025-12-12,103
4161,2025-12-13,85
4161,2025-12-14,66
4161,2025-12-15,84
4161,2025-12-16,118
4161,2025-12-17,140
4161,2025-12-18,180
4161,2025-12-19,99
4161,2025-12-20,75
4161,2025-12-21,57
4174,2025-11-22,0
4174,2025-11-23,0
4174,2025-11-24,0
4174,2025-11-25,0
4174,2025-11-26,0
4174,2025-11-27,0
4174,2025-11-28,0
4174,2025-11-29,0
4174,2025-11-30,0
4174,2025-12-01,0
4174,2025-12-02,0
4174,2025-12-03,0
4174,2025-12-04,0
4174,2025-12-05,0
4174,2025-12-06,0
4174,2025-12-07,0
4174,2025-12-08,0
4174,2025-12-09,0
4174,2025-12-10,0
4174,2025-12-11,2
4174,2025-12-12,0
4174,2025-12-13,0
4174,2025-12-14,0
4174,2025-12-15,0
4174,2025-12-16,0
4174,2025-12-17,0
4174,2025-12-18,0
4174,2025-12-19,0
4174,2025-12-20,0
4174,2025-12-21,0
4192,2025-11-22,13
4192,2025-11-23,21
4192,2025-11-24,21
4192,2025-11-25,41
4192,2025-11-26,60
4192,2025-11-27,60
4192,2025-11-28,8
4192,2025-11-29,8
4192,2025-11-30,9
4192,2025-12-01,11
4192,2025-12-02,11
4192,2025-12-03,29
4192,2025-12-04,62
4192,2025-12-05,25
4192,2025-12-06,13
4192,2025-12-07,10
4192,2025-12-08,13
4192,2025-12-09,13
4192,2025-12-10,21
4192,2025-12-11,38
4192,2025-12-12,9
4192,2025-12-13,9
4192,2025-12-14,10
4192,2025-12-15,10
4192,2025-12-16,18
4192,2025-12-17,23
4192,2025-12-18,32
4192,2025-12-19,11
4192,2025-12-20,9
4192,2025-12-21,6
4198,2025-11-22,38
4198,2025-11-23,30
4198,2025-11-24,9
4198,2025-11-25,14
4198,2025-11-26,9
4198,2025-11-27,19
4198,2025-11-28,4
4198,2025-11-29,4
4198,2025-11-30,6
4198,2025-12-01,7
4198,2025-12-02,8
4198,2025-12-03,16
4198,2025-12-04,36
4198,2025-12-05,5
4198,2025-12-06,7
4198,2025-12-07,7
4198,2025-12-08,6
4198,2025-12-09,6
4198,2025-12-10,10
4198,2025-12-11,39
4198,2025-12-12,6
4198,2025-12-13,6
4198,2025-12-14,5
4198,2025-12-15,9
4198,2025-12-16,7
4198,2025-12-17,11
4198,2025-12-18,21
4198,2025-12-19,9
4198,2025-12-20,6
4198,2025-12-21,4
4235,2025-11-22,561
4235,2025-11-23,500
4235,2025-11-24,405
4235,2025-11-25,393
4235,2025-11-26,645
4235,2025-11-27,724
4235,2025-11-28,315
4235,2025-11-29,315
4235,2025-11-30,321
4235,2025-12-01,318
4235,2025-12-02,320
4235,2025-12-03,512
4235,2025-12-04,926
4235,2025-12-05,384
4235,2025-12-06,344
4235,2025-12-07,309
4235,2025-12-08,292
4235,2025-12-09,283
4235,2025-12-10,388
4235,2025-12-11,818
4235,2025-12-12,328
4235,2025-12-13,262
4235,2025-12-14,220
4235,2025-12-15,263
4235,2025-12-16,327
4235,2025-12-17,390
4235,2025-12-18,517
4235,2025-12-19,293
4235,2025-12-20,259
4235,2025-12-21,155
4247,2025-11-22,11
4247,2025-11-23,10
4247,2025-11-24,7
4247,2025-11-25,8
4247,2025-11-26,10
4247,2025-11-27,20
4247,2025-11-28,6
4247,2025-11-29,3
4247,2025-11-30,4
4247,2025-12-01,4
4247,2025-12-02,5
4247,2025-12-03,7
4247,2025-12-04,16
4247,2025-12-05,7
4247,2025-12-06,6
4247,2025-12-07,5
4247,2025-12-08,7
4247,2025-12-09,8
4247,2025-12-10,9
4247,2025-12-11,19
4247,2025-12-12,6
4247,2025-12-13,5
4247,2025-12-14,5
4247,2025-12-15,7
4247,2025-12-16,8
4247,2025-12-17,9
4247,2025-12-18,15
4247,2025-12-19,7
4247,2025-12-20,6
4247,2025-12-21,3
4252,2025-11-22,334
4252,2025-11-23,274
4252,2025-11-24,275
4252,2025-11-25,309
4252,2025-11-26,392
4252,2025-11-27,388
4252,2025-11-28,140
4252,2025-11-29,139
4252,2025-11-30,137
4252,2025-12-01,123
4252,2025-12-02,126
4252,2025-12-03,239
4252,2025-12-04,417
4252,2025-12-05,191
4252,2025-12-06,156
4252,2025-12-07,163
4252,2025-12-08,141
4252,2025-12-09,142
4252,2025-12-10,205
4252,2025-12-11,405
4252,2025-12-12,143
4252,2025-12-13,121
4252,2025-12-14,106
4252,2025-12-15,127
4252,2025-12-16,142
4252,2025-12-17,194
4252,2025-12-18,229
4252,2025-12-19,133
4252,2025-12-20,104
4252,2025-12-21,74
4324,2025-11-22,4893
4324,2025-11-23,4744
4324,2025-11-24,3631
4324,2025-11-25,3684
4324,2025-11-26,6194
4324,2025-11-27,9613
4324,2025-11-28,2645
4324,2025-11-29,2259
4324,2025-11-30,1972
4324,2025-12-01,2041
4324,2025-12-02,2205
4324,2025-12-03,4595
4324,2025-12-04,9659
4324,2025-12-05,2326
4324,2025-12-06,1599
4324,2025-12-07,1495
4324,2025-12-08,1581
4324,2025-12-09,1840
4324,2025-12-10,3625
4324,2025-12-11,9108
4324,2025-12-12,2826
4324,2025-12-13,1556
4324,2025-12-14,1298
4324,2025-12-15,1473
4324,2025-12-16,2145
4324,2025-12-17,3705
4324,2025-12-18,5792
4324,2025-12-19,2702
4324,2025-12-20,1956
4324,2025-12-21,1319
4353,2025-11-22,5
4353,2025-11-23,7
4353,2025-11-24,10
4353,2025-11-25,12
4353,2025-11-26,12
4353,2025-11-27,8
4353,2025-11-28,4
4353,2025-11-29,7
4353,2025-11-30,10
4353,2025-12-01,8
4353,2025-12-02,9
4353,2025-12-03,11
4353,2025-12-04,9
4353,2025-12-05,7
4353,2025-12-06,10
4353,2025-12-07,12
4353,2025-12-08,12
4353,2025-12-09,14
4353,2025-12-10,10
4353,2025-12-11,8
4353,2025-12-12,6
4353,2025-12-13,10
4353,2025-12-14,7
4353,2025-12-15,12
4353,2025-12-16,11
4353,2025-12-17,11
4353,2025-12-18,9
4353,2025-12-19,7
4353,2025-12-20,10
4353,2025-12-21,6
4380,2025-11-22,3
4380,2025-11-23,1
4380,2025-11-24,1
4380,2025-11-25,1
4380,2025-11-26,2
4380,2025-11-27,6
4380,2025-11-28,4
4380,2025-11-29,2
4380,2025-11-30,2
4380,2025-12-01,2
4380,2025-12-02,3
4380,2025-12-03,4
4380,2025-12-04,11
4380,2025-12-05,3
4380,2025-12-06,2
4380,2025-12-07,2
4380,2025-12-08,2
4380,2025-12-09,3
4380,2025-12-10,7
4380,2025-12-11,10
4380,2025-12-12,3
4380,2025-12-13,2
4380,2025-12-14,2
4380,2025-12-15,3
4380,2025-12-16,3
4380,2025-12-17,5
4380,2025-12-18,12
4380,2025-12-19,8
4380,2025-12-20,3
4380,2025-12-21,2
4396,2025-11-22,0
4396,2025-11-23,0
4396,2025-11-24,0
4396,2025-11-25,0
4396,2025-11-26,0
4396,2025-11-27,0
4396,2025-11-28,0
4396,2025-11-29,0
4396,2025-11-30,0
4396,2025-12-01,0
4396,2025-12-02,0
4396,2025-12-03,0
4396,2025-12-04,0
4396,2025-12-05,0
4396,2025-12-06,0
4396,2025-12-07,0
4396,2025-12-08,0
4396,2025-12-09,0
4396,2025-12-10,0
4396,2025-12-11,0
4396,2025-12-12,0
4396,2025-12-13,0
4396,2025-12-14,0
4396,2025-12-15,0
4396,2025-12-16,0
4396,2025-12-17,0
4396,2025-12-18,0
4396,2025-12-19,0
4396,2025-12-20,0
4396,2025-12-21,0
4397,2025-11-22,6
4397,2025-11-23,8
4397,2025-11-24,3
4397,2025-11-25,3
4397,2025-11-26,9
4397,2025-11-27,23
4397,2025-11-28,8
4397,2025-11-29,4
4397,2025-11-30,5
4397,2025-12-01,6
4397,2025-12-02,6
4397,2025-12-03,11
4397,2025-12-04,33
4397,2025-12-05,13
4397,2025-12-06,8
4397,2025-12-07,7
4397,2025-12-08,7
4397,2025-12-09,7
4397,2025-12-10,23
4397,2025-12-11,38
4397,2025-12-12,10
4397,2025-12-13,8
4397,2025-12-14,7
4397,2025-12-15,10
4397,2025-12-16,10
4397,2025-12-17,18
4397,2025-12-18,43
4397,2025-12-19,12
4397,2025-12-20,9
4397,2025-12-21,6
4404,2025-11-22,0
4404,2025-11-23,0
4404,2025-11-24,0
4404,2025-11-25,0
4404,2025-11-26,0
4404,2025-11-27,0
4404,2025-11-28,0
4404,2025-11-29,0
4404,2025-11-30,0
4404,2025-12-01,0
4404,2025-12-02,0
4404,2025-12-03,0
4404,2025-12-04,0
4404,2025-12-05,0
4404,2025-12-06,0
4404,2025-12-07,0
4404,2025-12-08,0
4404,2025-12-09,0
4404,2025-12-10,0
4404,2025-12-11,0
4404,2025-12-12,0
4404,2025-12-13,0
4404,2025-12-14,0
4404,2025-12-15,0
4404,2025-12-16,0
4404,2025-12-17,0
4404,2025-12-18,0
4404,2025-12-19,0
4404,2025-12-20,0
4404,2025-12-21,0
4419,2025-11-22,321
4419,2025-11-23,222
4419,2025-11-24,227
4419,2025-11-25,158
4419,2025-11-26,146
4419,2025-11-27,276
4419,2025-11-28,118
4419,2025-11-29,144
4419,2025-11-30,124
4419,2025-12-01,175
4419,2025-12-02,184
4419,2025-12-03,283
4419,2025-12-04,501
4419,2025-12-05,150
4419,2025-12-06,135
4419,2025-12-07,113
4419,2025-12-08,129
4419,2025-12-09,136
4419,2025-12-10,210
4419,2025-12-11,441
4419,2025-12-12,168
4419,2025-12-13,131
4419,2025-12-14,144
4419,2025-12-15,156
4419,2025-12-16,172
4419,2025-12-17,220
4419,2025-12-18,400
4419,2025-12-19,252
4419,2025-12-20,153
4419,2025-12-21,118
4516,2025-11-22,15
4516,2025-11-23,14
4516,2025-11-24,12
4516,2025-11-25,7
4516,2025-11-26,10
4516,2025-11-27,8
4516,2025-11-28,8
4516,2025-11-29,5
4516,2025-11-30,9
4516,2025-12-01,13
4516,2025-12-02,12
4516,2025-12-03,13
4516,2025-12-04,15
4516,2025-12-05,9
4516,2025-12-06,10
4516,2025-12-07,10
4516,2025-12-08,9
4516,2025-12-09,13
4516,2025-12-10,13
4516,2025-12-11,13
4516,2025-12-12,7
4516,2025-12-13,7
4516,2025-12-14,7
4516,2025-12-15,11
4516,2025-12-16,12
4516,2025-12-17,12
4516,2025-12-18,11
4516,2025-12-19,9
4516,2025-12-20,8
4516,2025-12-21,5
4541,2025-11-22,0
4541,2025-11-23,0
4541,2025-11-24,2
4541,2025-11-25,3
4541,2025-11-26,2
4541,2025-11-27,3
4541,2025-11-28,0
4541,2025-11-29,0
4541,2025-11-30,0
4541,2025-12-01,0
4541,2025-12-02,2
4541,2025-12-03,1
4541,2025-12-04,2
4541,2025-12-05,0
4541,2025-12-06,1
4541,2025-12-07,0
4541,2025-12-08,0
4541,2025-12-09,3
4541,2025-12-10,1
4541,2025-12-11,2
4541,2025-12-12,0
4541,2025-12-13,0
4541,2025-12-14,0
4541,2025-12-15,0
4541,2025-12-16,0
4541,2025-12-17,1
4541,2025-12-18,1
4541,2025-12-19,1
4541,2025-12-20,0
4541,2025-12-21,0
4609,2025-11-22,269
4609,2025-11-23,445
4609,2025-11-24,410
4609,2025-11-25,320
4609,2025-11-26,377
4609,2025-11-27,881
4609,2025-11-28,497
4609,2025-11-29,238
4609,2025-11-30,278
4609,2025-12-01,292
4609,2025-12-02,366
4609,2025-12-03,357
4609,2025-12-04,1201
4609,2025-12-05,463
4609,2025-12-06,291
4609,2025-12-07,250
4609,2025-12-08,264
4609,2025-12-09,267
4609,2025-12-10,408
4609,2025-12-11,1027
4609,2025-12-12,415
4609,2025-12-13,309
4609,2025-12-14,259
4609,2025-12-15,297
4609,2025-12-16,312
4609,2025-12-17,373
4609,2025-12-18,1082
4609,2025-12-19,500
4609,2025-12-20,321
4609,2025-12-21,282
4611,2025-11-22,1
4611,2025-11-23,5
4611,2025-11-24,1
4611,2025-11-25,6
4611,2025-11-26,0
4611,2025-11-27,0
4611,2025-11-28,0
4611,2025-11-29,11
4611,2025-11-30,12
4611,2025-12-01,13
4611,2025-12-02,0
4611,2025-12-03,0
4611,2025-12-04,0
4611,2025-12-05,0
4611,2025-12-06,5
4611,2025-12-07,4
4611,2025-12-08,4
4611,2025-12-09,0
4611,2025-12-10,0
4611,2025-12-11,0
4611,2025-12-12,0
4611,2025-12-13,0
4611,2025-12-14,0
4611,2025-12-15,0
4611,2025-12-16,0
4611,2025-12-17,7
4611,2025-12-18,0
4611,2025-12-19,0
4611,2025-12-20,0
4611,2025-12-21,0
4655,2025-11-22,5411
4655,2025-11-23,4942
4655,2025-11-24,4405
4655,2025-11-25,4319
4655,2025-11-26,6164
4655,2025-11-27,6871
4655,2025-11-28,3194
4655,2025-11-29,2775
4655,2025-11-30,2911
4655,2025-12-01,2886
4655,2025-12-02,2874
4655,2025-12-03,4746
4655,2025-12-04,8567
4655,2025-12-05,3320
4655,2025-12-06,3348
4655,2025-12-07,3088
4655,2025-12-08,2990
4655,2025-12-09,3258
4655,2025-12-10,4951
4655,2025-12-11,8498
4655,2025-12-12,3086
4655,2025-12-13,3074
4655,2025-12-14,2799
4655,2025-12-15,2854
4655,2025-12-16,3336
4655,2025-12-17,4879
4655,2025-12-18,5674
4655,2025-12-19,3031
4655,2025-12-20,2992
4655,2025-12-21,1951
4684,2025-11-22,0
4684,2025-11-23,0
4684,2025-11-24,0
4684,2025-11-25,0
4684,2025-11-26,0
4684,2025-11-27,0
4684,2025-11-28,0
4684,2025-11-29,0
4684,2025-11-30,0
4684,2025-12-01,0
4684,2025-12-02,0
4684,2025-12-03,0
4684,2025-12-04,0
4684,2025-12-05,0
4684,2025-12-06,0
4684,2025-12-07,0
4684,2025-12-08,0
4684,2025-12-09,0
4684,2025-12-10,0
4684,2025-12-11,0
4684,2025-12-12,0
4684,2025-12-13,0
4684,2025-12-14,0
4684,2025-12-15,0
4684,2025-12-16,0
4684,2025-12-17,0
4684,2025-12-18,0
4684,2025-12-19,0
4684,2025-12-20,0
4684,2025-12-21,0
4729,2025-11-22,0
4729,2025-11-23,0
4729,2025-11-24,0
4729,2025-11-25,0
4729,2025-11-26,0
4729,2025-11-27,0
4729,2025-11-28,0
4729,2025-11-29,0
4729,2025-11-30,0
4729,2025-12-01,0
4729,2025-12-02,0
4729,2025-12-03,0
4729,2025-12-04,0
4729,2025-12-05,0
4729,2025-12-06,0
4729,2025-12-07,0
4729,2025-12-08,0
4729,2025-12-09,0
4729,2025-12-10,0
4729,2025-12-11,0
4729,2025-12-12,0
4729,2025-12-13,0
4729,2025-12-14,0
4729,2025-12-15,0
4729,2025-12-16,0
4729,2025-12-17,0
4729,2025-12-18,0
4729,2025-12-19,0
4729,2025-12-20,0
4729,2025-12-21,0
4756,2025-11-22,797
4756,2025-11-23,759
4756,2025-11-24,599
4756,2025-11-25,716
4756,2025-11-26,995
4756,2025-11-27,1201
4756,2025-11-28,519
4756,2025-11-29,449
4756,2025-11-30,478
4756,2025-12-01,439
4756,2025-12-02,459
4756,2025-12-03,793
4756,2025-12-04,1579
4756,2025-12-05,632
4756,2025-12-06,502
4756,2025-12-07,413
4756,2025-12-08,411
4756,2025-12-09,480
4756,2025-12-10,681
4756,2025-12-11,1316
4756,2025-12-12,542
4756,2025-12-13,363
4756,2025-12-14,344
4756,2025-12-15,407
4756,2025-12-16,531
4756,2025-12-17,667
4756,2025-12-18,864
4756,2025-12-19,517
4756,2025-12-20,352
4756,2025-12-21,269
4791,2025-11-22,2469
4791,2025-11-23,2119
4791,2025-11-24,2228
4791,2025-11-25,2369
4791,2025-11-26,3184
4791,2025-11-27,3292
4791,2025-11-28,943
4791,2025-11-29,1006
4791,2025-11-30,1177
4791,2025-12-01,1108
4791,2025-12-02,1422
4791,2025-12-03,2390
4791,2025-12-04,3520
4791,2025-12-05,936
4791,2025-12-06,1287
4791,2025-12-07,985
4791,2025-12-08,972
4791,2025-12-09,1235
4791,2025-12-10,2019
4791,2025-12-11,3994
4791,2025-12-12,1301
4791,2025-12-13,964
4791,2025-12-14,880
4791,2025-12-15,1033
4791,2025-12-16,1340
4791,2025-12-17,1996
4791,2025-12-18,2324
4791,2025-12-19,1212
4791,2025-12-20,867
4791,2025-12-21,547
4797,2025-11-22,0
4797,2025-11-23,0
4797,2025-11-24,0
4797,2025-11-25,0
4797,2025-11-26,0
4797,2025-11-27,0
4797,2025-11-28,0
4797,2025-11-29,0
4797,2025-11-30,0
4797,2025-12-01,0
4797,2025-12-02,0
4797,2025-12-03,0
4797,2025-12-04,0
4797,2025-12-05,0
4797,2025-12-06,0
4797,2025-12-07,0
4797,2025-12-08,0
4797,2025-12-09,0
4797,2025-12-10,0
4797,2025-12-11,0
4797,2025-12-12,0
4797,2025-12-13,0
4797,2025-12-14,0
4797,2025-12-15,0
4797,2025-12-16,0
4797,2025-12-17,0
4797,2025-12-18,0
4797,2025-12-19,0
4797,2025-12-20,0
4797,2025-12-21,0
4820,2025-11-22,15
4820,2025-11-23,8
4820,2025-11-24,7
4820,2025-11-25,6
4820,2025-11-26,13
4820,2025-11-27,12
4820,2025-11-28,7
4820,2025-11-29,12
4820,2025-11-30,8
4820,2025-12-01,11
4820,2025-12-02,12
4820,2025-12-03,17
4820,2025-12-04,21
4820,2025-12-05,8
4820,2025-12-06,8
4820,2025-12-07,8
4820,2025-12-08,8
4820,2025-12-09,9
4820,2025-12-10,11
4820,2025-12-11,21
4820,2025-12-12,8
4820,2025-12-13,10
4820,2025-12-14,9
4820,2025-12-15,11
4820,2025-12-16,16
4820,2025-12-17,17
4820,2025-12-18,26
4820,2025-12-19,11
4820,2025-12-20,12
4820,2025-12-21,7
4879,2025-11-22,38
4879,2025-11-23,39
4879,2025-11-24,14
4879,2025-11-25,12
4879,2025-11-26,20
4879,2025-11-27,30
4879,2025-11-28,0
4879,2025-11-29,0
4879,2025-11-30,0
4879,2025-12-01,0
4879,2025-12-02,0
4879,2025-12-03,0
4879,2025-12-04,2
4879,2025-12-05,0
4879,2025-12-06,0
4879,2025-12-07,0
4879,2025-12-08,0
4879,2025-12-09,0
4879,2025-12-10,1
4879,2025-12-11,3
4879,2025-12-12,0
4879,2025-12-13,0
4879,2025-12-14,0
4879,2025-12-15,0
4879,2025-12-16,0
4879,2025-12-17,1
4879,2025-12-18,2
4879,2025-12-19,0
4879,2025-12-20,0
4879,2025-12-21,0
4933,2025-11-22,10
4933,2025-11-23,12
4933,2025-11-24,11
4933,2025-11-25,11
4933,2025-11-26,19
4933,2025-11-27,20
4933,2025-11-28,10
4933,2025-11-29,5
4933,2025-11-30,5
4933,2025-12-01,7
4933,2025-12-02,7
4933,2025-12-03,10
4933,2025-12-04,18
4933,2025-12-05,11
4933,2025-12-06,11
4933,2025-12-07,10
4933,2025-12-08,8
4933,2025-12-09,11
4933,2025-12-10,15
4933,2025-12-11,21
4933,2025-12-12,6
4933,2025-12-13,5
4933,2025-12-14,3
4933,2025-12-15,4
4933,2025-12-16,5
4933,2025-12-17,8
4933,2025-12-18,11
4933,2025-12-19,5
4933,2025-12-20,4
4933,2025-12-21,3
4946,2025-11-22,2
4946,2025-11-23,5
4946,2025-11-24,3
4946,2025-11-25,3
4946,2025-11-26,1
4946,2025-11-27,2
4946,2025-11-28,1
4946,2025-11-29,1
4946,2025-11-30,4
4946,2025-12-01,2
4946,2025-12-02,2
4946,2025-12-03,3
4946,2025-12-04,6
4946,2025-12-05,2
4946,2025-12-06,3
4946,2025-12-07,3
4946,2025-12-08,3
4946,2025-12-09,4
4946,2025-12-10,4
4946,2025-12-11,5
4946,2025-12-12,3
4946,2025-12-13,3
4946,2025-12-14,3
4946,2025-12-15,4
4946,2025-12-16,4
4946,2025-12-17,4
4946,2025-12-18,5
4946,2025-12-19,4
4946,2025-12-20,4
4946,2025-12-21,3
4973,2025-11-22,28
4973,2025-11-23,22
4973,2025-11-24,18
4973,2025-11-25,13
4973,2025-11-26,22
4973,2025-11-27,28
4973,2025-11-28,20
4973,2025-11-29,17
4973,2025-11-30,20
4973,2025-12-01,20
4973,2025-12-02,25
4973,2025-12-03,31
4973,2025-12-04,90
4973,2025-12-05,30
4973,2025-12-06,24
4973,2025-12-07,24
4973,2025-12-08,26
4973,2025-12-09,32
4973,2025-12-10,42
4973,2025-12-11,71
4973,2025-12-12,37
4973,2025-12-13,26
4973,2025-12-14,24
4973,2025-12-15,29
4973,2025-12-16,34
4973,2025-12-17,46
4973,2025-12-18,81
4973,2025-12-19,39
4973,2025-12-20,31
4973,2025-12-21,21
4981,2025-11-22,187
4981,2025-11-23,332
4981,2025-11-24,270
4981,2025-11-25,231
4981,2025-11-26,398
4981,2025-11-27,890
4981,2025-11-28,269
4981,2025-11-29,215
4981,2025-11-30,201
4981,2025-12-01,244
4981,2025-12-02,253
4981,2025-12-03,310
4981,2025-12-04,1184
4981,2025-12-05,376
4981,2025-12-06,259
4981,2025-12-07,266
4981,2025-12-08,281
4981,2025-12-09,298
4981,2025-12-10,387
4981,2025-12-11,1763
4981,2025-12-12,412
4981,2025-12-13,273
4981,2025-12-14,230
4981,2025-12-15,321
4981,2025-12-16,302
4981,2025-12-17,446
4981,2025-12-18,1126
4981,2025-12-19,461
4981,2025-12-20,254
4981,2025-12-21,215
4994,2025-11-22,0
4994,2025-11-23,0
4994,2025-11-24,0
4994,2025-11-25,0
4994,2025-11-26,0
4994,2025-11-27,0
4994,2025-11-28,0
4994,2025-11-29,0
4994,2025-11-30,0
4994,2025-12-01,0
4994,2025-12-02,0
4994,2025-12-03,0
4994,2025-12-04,0
4994,2025-12-05,0
4994,2025-12-06,0
4994,2025-12-07,0
4994,2025-12-08,0
4994,2025-12-09,0
4994,2025-12-10,0
4994,2025-12-11,0
4994,2025-12-12,0
4994,2025-12-13,0
4994,2025-12-14,0
4994,2025-12-15,0
4994,2025-12-16,0
4994,2025-12-17,0
4994,2025-12-18,0
4994,2025-12-19,0
4994,2025-12-20,0
4994,2025-12-21,0
4995,2025-11-22,43166
4995,2025-11-23,43041
4995,2025-11-24,46771
4995,2025-11-25,50024
4995,2025-11-26,51245
4995,2025-11-27,44071
4995,2025-11-28,20810
4995,2025-11-29,25589
4995,2025-11-30,27174
4995,2025-12-01,29602
4995,2025-12-02,30850
4995,2025-12-03,34733
4995,2025-12-04,38555
4995,2025-12-05,26352
4995,2025-12-06,28122
4995,2025-12-07,27703
4995,2025-12-08,29170
4995,2025-12-09,32901
4995,2025-12-10,34659
4995,2025-12-11,37555
4995,2025-12-12,28185
4995,2025-12-13,29918
4995,2025-12-14,30903
4995,2025-12-15,33910
4995,2025-12-16,39969
4995,2025-12-17,40225
4995,2025-12-18,39235
4995,2025-12-19,28866
4995,2025-12-20,28744
4995,2025-12-21,22730
4998,2025-11-22,0
4998,2025-11-23,0
4998,2025-11-24,0
4998,2025-11-25,0
4998,2025-11-26,0
4998,2025-11-27,0
4998,2025-11-28,0
4998,2025-11-29,0
4998,2025-11-30,0
4998,2025-12-01,0
4998,2025-12-02,0
4998,2025-12-03,0
4998,2025-12-04,0
4998,2025-12-05,0
4998,2025-12-06,0
4998,2025-12-07,0
4998,2025-12-08,0
4998,2025-12-09,0
4998,2025-12-10,0
4998,2025-12-11,0
4998,2025-12-12,0
4998,2025-12-13,0
4998,2025-12-14,0
4998,2025-12-15,0
4998,2025-12-16,0
4998,2025-12-17,0
4998,2025-12-18,0
4998,2025-12-19,0
4998,2025-12-20,0
4998,2025-12-21,0
5163,2025-11-22,2
5163,2025-11-23,0
5163,2025-11-24,1
5163,2025-11-25,0
5163,2025-11-26,1
5163,2025-11-27,2
5163,2025-11-28,0
5163,2025-11-29,0
5163,2025-11-30,0
5163,2025-12-01,0
5163,2025-12-02,0
5163,2025-12-03,1
5163,2025-12-04,2
5163,2025-12-05,0
5163,2025-12-06,0
5163,2025-12-07,0
5163,2025-12-08,0
5163,2025-12-09,0
5163,2025-12-10,0
5163,2025-12-11,1
5163,2025-12-12,0
5163,2025-12-13,0
5163,2025-12-14,0
5163,2025-12-15,0
5163,2025-12-16,0
5163,2025-12-17,0
5163,2025-12-18,1
5163,2025-12-19,0
5163,2025-12-20,0
5163,2025-12-21,0
5171,2025-11-22,0
5171,2025-11-23,0
5171,2025-11-24,0
5171,2025-11-25,0
5171,2025-11-26,0
5171,2025-11-27,0
5171,2025-11-28,0
5171,2025-11-29,0
5171,2025-11-30,0
5171,2025-12-01,0
5171,2025-12-02,0
5171,2025-12-03,0
5171,2025-12-04,0
5171,2025-12-05,0
5171,2025-12-06,0
5171,2025-12-07,0
5171,2025-12-08,0
5171,2025-12-09,0
5171,2025-12-10,0
5171,2025-12-11,0
5171,2025-12-12,0
5171,2025-12-13,0
5171,2025-12-14,0
5171,2025-12-15,0
5171,2025-12-16,0
5171,2025-12-17,0
5171,2025-12-18,0
5171,2025-12-19,0
5171,2025-12-20,0
5171,2025-12-21,0
5241,2025-11-22,0
5241,2025-11-23,0
5241,2025-11-24,0
5241,2025-11-25,0
5241,2025-11-26,0
5241,2025-11-27,0
5241,2025-11-28,0
5241,2025-11-29,0
5241,2025-11-30,0
5241,2025-12-01,0
5241,2025-12-02,0
5241,2025-12-03,0
5241,2025-12-04,0
5241,2025-12-05,0
5241,2025-12-06,0
5241,2025-12-07,0
5241,2025-12-08,0
5241,2025-12-09,0
5241,2025-12-10,0
5241,2025-12-11,0
5241,2025-12-12,0
5241,2025-12-13,0
5241,2025-12-14,0
5241,2025-12-15,0
5241,2025-12-16,0
5241,2025-12-17,0
5241,2025-12-18,0
5241,2025-12-19,0
5241,2025-12-20,0
5241,2025-12-21,0
5244,2025-11-22,59
5244,2025-11-23,57
5244,2025-11-24,49
5244,2025-11-25,51
5244,2025-11-26,69
5244,2025-11-27,170
5244,2025-11-28,84
5244,2025-11-29,61
5244,2025-11-30,72
5244,2025-12-01,92
5244,2025-12-02,99
5244,2025-12-03,107
5244,2025-12-04,180
5244,2025-12-05,87
5244,2025-12-06,68
5244,2025-12-07,67
5244,2025-12-08,67
5244,2025-12-09,68
5244,2025-12-10,77
5244,2025-12-11,187
5244,2025-12-12,81
5244,2025-12-13,69
5244,2025-12-14,62
5244,2025-12-15,82
5244,2025-12-16,84
5244,2025-12-17,89
5244,2025-12-18,166
5244,2025-12-19,78
5244,2025-12-20,69
5244,2025-12-21,58
5262,2025-11-22,37
5262,2025-11-23,36
5262,2025-11-24,42
5262,2025-11-25,29
5262,2025-11-26,43
5262,2025-11-27,139
5262,2025-11-28,31
5262,2025-11-29,28
5262,2025-11-30,34
5262,2025-12-01,41
5262,2025-12-02,40
5262,2025-12-03,79
5262,2025-12-04,160
5262,2025-12-05,57
5262,2025-12-06,45
5262,2025-12-07,40
5262,2025-12-08,39
5262,2025-12-09,45
5262,2025-12-10,62
5262,2025-12-11,191
5262,2025-12-12,64
5262,2025-12-13,46
5262,2025-12-14,38
5262,2025-12-15,43
5262,2025-12-16,46
5262,2025-12-17,61
5262,2025-12-18,168
5262,2025-12-19,75
5262,2025-12-20,54
5262,2025-12-21,42
5265,2025-11-22,23
5265,2025-11-23,17
5265,2025-11-24,18
5265,2025-11-25,18
5265,2025-11-26,25
5265,2025-11-27,21
5265,2025-11-28,11
5265,2025-11-29,10
5265,2025-11-30,13
5265,2025-12-01,13
5265,2025-12-02,15
5265,2025-12-03,16
5265,2025-12-04,22
5265,2025-12-05,12
5265,2025-12-06,12
5265,2025-12-07,12
5265,2025-12-08,14
5265,2025-12-09,17
5265,2025-12-10,16
5265,2025-12-11,24
5265,2025-12-12,14
5265,2025-12-13,15
5265,2025-12-14,16
5265,2025-12-15,18
5265,2025-12-16,22
5265,2025-12-17,22
5265,2025-12-18,26
5265,2025-12-19,16
5265,2025-12-20,15
5265,2025-12-21,10
5270,2025-11-22,21
5270,2025-11-23,29
5270,2025-11-24,15
5270,2025-11-25,18
5270,2025-11-26,25
5270,2025-11-27,59
5270,2025-11-28,9
5270,2025-11-29,10
5270,2025-11-30,12
5270,2025-12-01,13
5270,2025-12-02,15
5270,2025-12-03,16
5270,2025-12-04,51
5270,2025-12-05,12
5270,2025-12-06,7
5270,2025-12-07,6
5270,2025-12-08,0
5270,2025-12-09,0
5270,2025-12-10,11
5270,2025-12-11,38
5270,2025-12-12,0
5270,2025-12-13,0
5270,2025-12-14,0
5270,2025-12-15,0
5270,2025-12-16,0
5270,2025-12-17,0
5270,2025-12-18,31
5270,2025-12-19,16
5270,2025-12-20,11
5270,2025-12-21,11
5297,2025-11-22,1496
5297,2025-11-23,1195
5297,2025-11-24,1109
5297,2025-11-25,1060
5297,2025-11-26,1225
5297,2025-11-27,1302
5297,2025-11-28,476
5297,2025-11-29,347
5297,2025-11-30,518
5297,2025-12-01,510
5297,2025-12-02,635
5297,2025-12-03,885
5297,2025-12-04,1800
5297,2025-12-05,531
5297,2025-12-06,505
5297,2025-12-07,531
5297,2025-12-08,475
5297,2025-12-09,544
5297,2025-12-10,743
5297,2025-12-11,1773
5297,2025-12-12,774
5297,2025-12-13,552
5297,2025-12-14,519
5297,2025-12-15,470
5297,2025-12-16,473
5297,2025-12-17,697
5297,2025-12-18,818
5297,2025-12-19,520
5297,2025-12-20,500
5297,2025-12-21,356
5303,2025-11-22,0
5303,2025-11-23,0
5303,2025-11-24,0
5303,2025-11-25,0
5303,2025-11-26,0
5303,2025-11-27,0
5303,2025-11-28,0
5303,2025-11-29,0
5303,2025-11-30,0
5303,2025-12-01,0
5303,2025-12-02,0
5303,2025-12-03,0
5303,2025-12-04,0
5303,2025-12-05,0
5303,2025-12-06,0
5303,2025-12-07,0
5303,2025-12-08,0
5303,2025-12-09,0
5303,2025-12-10,0
5303,2025-12-11,0
5303,2025-12-12,0
5303,2025-12-13,0
5303,2025-12-14,0
5303,2025-12-15,0
5303,2025-12-16,0
5303,2025-12-17,0
5303,2025-12-18,0
5303,2025-12-19,0
5303,2025-12-20,0
5303,2025-12-21,0
5309,2025-11-22,5
5309,2025-11-23,13
5309,2025-11-24,9
5309,2025-11-25,7
5309,2025-11-26,9
5309,2025-11-27,11
5309,2025-11-28,5
5309,2025-11-29,11
5309,2025-11-30,17
5309,2025-12-01,18
5309,2025-12-02,7
5309,2025-12-03,8
5309,2025-12-04,14
5309,2025-12-05,9
5309,2025-12-06,6
5309,2025-12-07,7
5309,2025-12-08,7
5309,2025-12-09,7
5309,2025-12-10,8
5309,2025-12-11,5
5309,2025-12-12,2
5309,2025-12-13,0
5309,2025-12-14,8
5309,2025-12-15,1
5309,2025-12-16,5
5309,2025-12-17,6
5309,2025-12-18,8
5309,2025-12-19,6
5309,2025-12-20,5
5309,2025-12-21,0
5383,2025-11-22,0
5383,2025-11-23,0
5383,2025-11-24,0
5383,2025-11-25,0
5383,2025-11-26,0
5383,2025-11-27,0
5383,2025-11-28,0
5383,2025-11-29,0
5383,2025-11-30,0
5383,2025-12-01,0
5383,2025-12-02,0
5383,2025-12-03,0
5383,2025-12-04,0
5383,2025-12-05,0
5383,2025-12-06,0
5383,2025-12-07,0
5383,2025-12-08,0
5383,2025-12-09,0
5383,2025-12-10,0
5383,2025-12-11,0
5383,2025-12-12,0
5383,2025-12-13,0
5383,2025-12-14,0
5383,2025-12-15,0
5383,2025-12-16,0
5383,2025-12-17,0
5383,2025-12-18,0
5383,2025-12-19,0
5383,2025-12-20,0
5383,2025-12-21,0
5410,2025-11-22,2
5410,2025-11-23,2
5410,2025-11-24,0
5410,2025-11-25,0
5410,2025-11-26,0
5410,2025-11-27,0
5410,2025-11-28,0
5410,2025-11-29,0
5410,2025-11-30,0
5410,2025-12-01,4
5410,2025-12-02,4
5410,2025-12-03,0
5410,2025-12-04,0
5410,2025-12-05,0
5410,2025-12-06,0
5410,2025-12-07,0
5410,2025-12-08,0
5410,2025-12-09,0
5410,2025-12-10,0
5410,2025-12-11,0
5410,2025-12-12,0
5410,2025-12-13,0
5410,2025-12-14,0
5410,2025-12-15,0
5410,2025-12-16,0
5410,2025-12-17,0
5410,2025-12-18,0
5410,2025-12-19,0
5410,2025-12-20,0
5410,2025-12-21,0
5413,2025-11-22,9557
5413,2025-11-23,8841
5413,2025-11-24,7602
5413,2025-11-25,7520
5413,2025-11-26,10793
5413,2025-11-27,11491
5413,2025-11-28,4090
5413,2025-11-29,4001
5413,2025-11-30,3546
5413,2025-12-01,3819
5413,2025-12-02,4794
5413,2025-12-03,6633
5413,2025-12-04,10265
5413,2025-12-05,4300
5413,2025-12-06,4829
5413,2025-12-07,4326
5413,2025-12-08,3506
5413,2025-12-09,3642
5413,2025-12-10,6038
5413,2025-12-11,11568
5413,2025-12-12,5617
5413,2025-12-13,4840
5413,2025-12-14,3559
5413,2025-12-15,3537
5413,2025-12-16,3786
5413,2025-12-17,6693
5413,2025-12-18,8161
5413,2025-12-19,4005
5413,2025-12-20,3143
5413,2025-12-21,2176
5414,2025-11-22,1043
5414,2025-11-23,1018
5414,2025-11-24,784
5414,2025-11-25,783
5414,2025-11-26,1395
5414,2025-11-27,2270
5414,2025-11-28,903
5414,2025-11-29,500
5414,2025-11-30,432
5414,2025-12-01,470
5414,2025-12-02,484
5414,2025-12-03,935
5414,2025-12-04,2000
5414,2025-12-05,623
5414,2025-12-06,531
5414,2025-12-07,540
5414,2025-12-08,572
5414,2025-12-09,718
5414,2025-12-10,842
5414,2025-12-11,2087
5414,2025-12-12,597
5414,2025-12-13,534
5414,2025-12-14,424
5414,2025-12-15,536
5414,2025-12-16,667
5414,2025-12-17,895
5414,2025-12-18,1715
5414,2025-12-19,680
5414,2025-12-20,557
5414,2025-12-21,385
5434,2025-11-22,74
5434,2025-11-23,78
5434,2025-11-24,55
5434,2025-11-25,58
5434,2025-11-26,122
5434,2025-11-27,149
5434,2025-11-28,43
5434,2025-11-29,55
5434,2025-11-30,59
5434,2025-12-01,61
5434,2025-12-02,71
5434,2025-12-03,82
5434,2025-12-04,107
5434,2025-12-05,53
5434,2025-12-06,65
5434,2025-12-07,65
5434,2025-12-08,70
5434,2025-12-09,72
5434,2025-12-10,75
5434,2025-12-11,105
5434,2025-12-12,61
5434,2025-12-13,68
5434,2025-12-14,64
5434,2025-12-15,75
5434,2025-12-16,85
5434,2025-12-17,80
5434,2025-12-18,105
5434,2025-12-19,72
5434,2025-12-20,71
5434,2025-12-21,63
5506,2025-11-22,32
5506,2025-11-23,17
5506,2025-11-24,18
5506,2025-11-25,17
5506,2025-11-26,13
5506,2025-11-27,24
5506,2025-11-28,9
5506,2025-11-29,4
5506,2025-11-30,4
5506,2025-12-01,6
5506,2025-12-02,9
5506,2025-12-03,14
5506,2025-12-04,61
5506,2025-12-05,12
5506,2025-12-06,7
5506,2025-12-07,6
5506,2025-12-08,8
5506,2025-12-09,10
5506,2025-12-10,8
5506,2025-12-11,32
5506,2025-12-12,6
5506,2025-12-13,7
5506,2025-12-14,8
5506,2025-12-15,11
5506,2025-12-16,12
5506,2025-12-17,13
5506,2025-12-18,23
5506,2025-12-19,10
5506,2025-12-20,7
5506,2025-12-21,6
5529,2025-11-22,0
5529,2025-11-23,0
5529,2025-11-24,0
5529,2025-11-25,0
5529,2025-11-26,0
5529,2025-11-27,1
5529,2025-11-28,0
5529,2025-11-29,0
5529,2025-11-30,0
5529,2025-12-01,0
5529,2025-12-02,0
5529,2025-12-03,0
5529,2025-12-04,0
5529,2025-12-05,0
5529,2025-12-06,0
5529,2025-12-07,1
5529,2025-12-08,1
5529,2025-12-09,0
5529,2025-12-10,0
5529,2025-12-11,2
5529,2025-12-12,0
5529,2025-12-13,0
5529,2025-12-14,0
5529,2025-12-15,0
5529,2025-12-16,0
5529,2025-12-17,0
5529,2025-12-18,0
5529,2025-12-19,0
5529,2025-12-20,0
5529,2025-12-21,0
5640,2025-11-22,1808
5640,2025-11-23,1782
5640,2025-11-24,1305
5640,2025-11-25,1259
5640,2025-11-26,1902
5640,2025-11-27,2706
5640,2025-11-28,1025
5640,2025-11-29,1030
5640,2025-11-30,1135
5640,2025-12-01,1125
5640,2025-12-02,1052
5640,2025-12-03,1749
5640,2025-12-04,3766
5640,2025-12-05,1394
5640,2025-12-06,1266
5640,2025-12-07,1218
5640,2025-12-08,1135
5640,2025-12-09,1219
5640,2025-12-10,1785
5640,2025-12-11,3879
5640,2025-12-12,1302
5640,2025-12-13,732
5640,2025-12-14,712
5640,2025-12-15,803
5640,2025-12-16,933
5640,2025-12-17,1763
5640,2025-12-18,2581
5640,2025-12-19,1039
5640,2025-12-20,768
5640,2025-12-21,583
5657,2025-11-22,51
5657,2025-11-23,46
5657,2025-11-24,57
5657,2025-11-25,35
5657,2025-11-26,58
5657,2025-11-27,172
5657,2025-11-28,149
5657,2025-11-29,38
5657,2025-11-30,56
5657,2025-12-01,57
5657,2025-12-02,48
5657,2025-12-03,59
5657,2025-12-04,202
5657,2025-12-05,64
5657,2025-12-06,44
5657,2025-12-07,43
5657,2025-12-08,52
5657,2025-12-09,56
5657,2025-12-10,66
5657,2025-12-11,198
5657,2025-12-12,67
5657,2025-12-13,57
5657,2025-12-14,45
5657,2025-12-15,50
5657,2025-12-16,57
5657,2025-12-17,67
5657,2025-12-18,165
5657,2025-12-19,86
5657,2025-12-20,46
5657,2025-12-21,35
5683,2025-11-22,4
5683,2025-11-23,4
5683,2025-11-24,4
5683,2025-11-25,4
5683,2025-11-26,5
5683,2025-11-27,5
5683,2025-11-28,0
5683,2025-11-29,0
5683,2025-11-30,0
5683,2025-12-01,1
5683,2025-12-02,1
5683,2025-12-03,1
5683,2025-12-04,2
5683,2025-12-05,1
5683,2025-12-06,2
5683,2025-12-07,2
5683,2025-12-08,2
5683,2025-12-09,2
5683,2025-12-10,2
5683,2025-12-11,3
5683,2025-12-12,1
5683,2025-12-13,1
5683,2025-12-14,1
5683,2025-12-15,1
5683,2025-12-16,2
5683,2025-12-17,2
5683,2025-12-18,2
5683,2025-12-19,1
5683,2025-12-20,2
5683,2025-12-21,1
5686,2025-11-22,0
5686,2025-11-23,0
5686,2025-11-24,0
5686,2025-11-25,0
5686,2025-11-26,0
5686,2025-11-27,0
5686,2025-11-28,0
5686,2025-11-29,0
5686,2025-11-30,0
5686,2025-12-01,0
5686,2025-12-02,0
5686,2025-12-03,0
5686,2025-12-04,0
5686,2025-12-05,0
5686,2025-12-06,0
5686,2025-12-07,0
5686,2025-12-08,0
5686,2025-12-09,0
5686,2025-12-10,0
5686,2025-12-11,0
5686,2025-12-12,0
5686,2025-12-13,0
5686,2025-12-14,0
5686,2025-12-15,0
5686,2025-12-16,0
5686,2025-12-17,0
5686,2025-12-18,0
5686,2025-12-19,0
5686,2025-12-20,0
5686,2025-12-21,0
5720,2025-11-22,78
5720,2025-11-23,93
5720,2025-11-24,84
5720,2025-11-25,72
5720,2025-11-26,123
5720,2025-11-27,208
5720,2025-11-28,29
5720,2025-11-29,25
5720,2025-11-30,51
5720,2025-12-01,58
5720,2025-12-02,62
5720,2025-12-03,117
5720,2025-12-04,209
5720,2025-12-05,91
5720,2025-12-06,65
5720,2025-12-07,62
5720,2025-12-08,60
5720,2025-12-09,65
5720,2025-12-10,84
5720,2025-12-11,266
5720,2025-12-12,47
5720,2025-12-13,62
5720,2025-12-14,60
5720,2025-12-15,91
5720,2025-12-16,80
5720,2025-12-17,86
5720,2025-12-18,219
5720,2025-12-19,94
5720,2025-12-20,48
5720,2025-12-21,43
5752,2025-11-22,0
5752,2025-11-23,0
5752,2025-11-24,0
5752,2025-11-25,0
5752,2025-11-26,0
5752,2025-11-27,0
5752,2025-11-28,0
5752,2025-11-29,0
5752,2025-11-30,0
5752,2025-12-01,0
5752,2025-12-02,0
5752,2025-12-03,0
5752,2025-12-04,0
5752,2025-12-05,0
5752,2025-12-06,0
5752,2025-12-07,0
5752,2025-12-08,0
5752,2025-12-09,0
5752,2025-12-10,0
5752,2025-12-11,0
5752,2025-12-12,0
5752,2025-12-13,0
5752,2025-12-14,0
5752,2025-12-15,0
5752,2025-12-16,0
5752,2025-12-17,0
5752,2025-12-18,0
5752,2025-12-19,0
5752,2025-12-20,0
5752,2025-12-21,0
5762,2025-11-22,0
5762,2025-11-23,0
5762,2025-11-24,0
5762,2025-11-25,0
5762,2025-11-26,0
5762,2025-11-27,0
5762,2025-11-28,0
5762,2025-11-29,0
5762,2025-11-30,0
5762,2025-12-01,0
5762,2025-12-02,0
5762,2025-12-03,0
5762,2025-12-04,0
5762,2025-12-05,0
5762,2025-12-06,0
5762,2025-12-07,0
5762,2025-12-08,0
5762,2025-12-09,0
5762,2025-12-10,0
5762,2025-12-11,0
5762,2025-12-12,0
5762,2025-12-13,0
5762,2025-12-14,0
5762,2025-12-15,0
5762,2025-12-16,0
5762,2025-12-17,0
5762,2025-12-18,0
5762,2025-12-19,0
5762,2025-12-20,0
5762,2025-12-21,0
5799,2025-11-22,0
5799,2025-11-23,0
5799,2025-11-24,0
5799,2025-11-25,0
5799,2025-11-26,0
5799,2025-11-27,0
5799,2025-11-28,0
5799,2025-11-29,0
5799,2025-11-30,0
5799,2025-12-01,0
5799,2025-12-02,0
5799,2025-12-03,0
5799,2025-12-04,0
5799,2025-12-05,0
5799,2025-12-06,0
5799,2025-12-07,0
5799,2025-12-08,0
5799,2025-12-09,0
5799,2025-12-10,0
5799,2025-12-11,0
5799,2025-12-12,0
5799,2025-12-13,0
5799,2025-12-14,0
5799,2025-12-15,0
5799,2025-12-16,0
5799,2025-12-17,0
5799,2025-12-18,0
5799,2025-12-19,0
5799,2025-12-20,0
5799,2025-12-21,0
5802,2025-11-22,112
5802,2025-11-23,82
5802,2025-11-24,56
5802,2025-11-25,43
5802,2025-11-26,114
5802,2025-11-27,170
5802,2025-11-28,53
5802,2025-11-29,55
5802,2025-11-30,54
5802,2025-12-01,55
5802,2025-12-02,51
5802,2025-12-03,67
5802,2025-12-04,140
5802,2025-12-05,63
5802,2025-12-06,55
5802,2025-12-07,51
5802,2025-12-08,58
5802,2025-12-09,56
5802,2025-12-10,78
5802,2025-12-11,165
5802,2025-12-12,59
5802,2025-12-13,51
5802,2025-12-14,49
5802,2025-12-15,56
5802,2025-12-16,61
5802,2025-12-17,87
5802,2025-12-18,118
5802,2025-12-19,62
5802,2025-12-20,48
5802,2025-12-21,42
5818,2025-11-22,21
5818,2025-11-23,28
5818,2025-11-24,15
5818,2025-11-25,24
5818,2025-11-26,31
5818,2025-11-27,53
5818,2025-11-28,11
5818,2025-11-29,8
5818,2025-11-30,9
5818,2025-12-01,17
5818,2025-12-02,21
5818,2025-12-03,29
5818,2025-12-04,78
5818,2025-12-05,16
5818,2025-12-06,16
5818,2025-12-07,15
5818,2025-12-08,17
5818,2025-12-09,19
5818,2025-12-10,23
5818,2025-12-11,66
5818,2025-12-12,18
5818,2025-12-13,18
5818,2025-12-14,16
5818,2025-12-15,19
5818,2025-12-16,20
5818,2025-12-17,25
5818,2025-12-18,69
5818,2025-12-19,20
5818,2025-12-20,17
5818,2025-12-21,12
5842,2025-11-22,14
5842,2025-11-23,15
5842,2025-11-24,14
5842,2025-11-25,15
5842,2025-11-26,17
5842,2025-11-27,21
5842,2025-11-28,14
5842,2025-11-29,18
5842,2025-11-30,18
5842,2025-12-01,21
5842,2025-12-02,18
5842,2025-12-03,19
5842,2025-12-04,39
5842,2025-12-05,20
5842,2025-12-06,24
5842,2025-12-07,23
5842,2025-12-08,27
5842,2025-12-09,27
5842,2025-12-10,26
5842,2025-12-11,38
5842,2025-12-12,28
5842,2025-12-13,25
5842,2025-12-14,23
5842,2025-12-15,29
5842,2025-12-16,30
5842,2025-12-17,28
5842,2025-12-18,31
5842,2025-12-19,20
5842,2025-12-20,26
5842,2025-12-21,22
5850,2025-11-22,0
5850,2025-11-23,0
5850,2025-11-24,0
5850,2025-11-25,0
5850,2025-11-26,0
5850,2025-11-27,0
5850,2025-11-28,0
5850,2025-11-29,0
5850,2025-11-30,0
5850,2025-12-01,0
5850,2025-12-02,0
5850,2025-12-03,0
5850,2025-12-04,0
5850,2025-12-05,0
5850,2025-12-06,0
5850,2025-12-07,0
5850,2025-12-08,0
5850,2025-12-09,0
5850,2025-12-10,0
5850,2025-12-11,0
5850,2025-12-12,0
5850,2025-12-13,0
5850,2025-12-14,0
5850,2025-12-15,0
5850,2025-12-16,0
5850,2025-12-17,0
5850,2025-12-18,0
5850,2025-12-19,0
5850,2025-12-20,0
5850,2025-12-21,0
5927,2025-11-22,1005
5927,2025-11-23,964
5927,2025-11-24,680
5927,2025-11-25,721
5927,2025-11-26,979
5927,2025-11-27,1278
5927,2025-11-28,455
5927,2025-11-29,356
5927,2025-11-30,340
5927,2025-12-01,280
5927,2025-12-02,368
5927,2025-12-03,666
5927,2025-12-04,1305
5927,2025-12-05,323
5927,2025-12-06,349
5927,2025-12-07,332
5927,2025-12-08,278
5927,2025-12-09,312
5927,2025-12-10,476
5927,2025-12-11,687
5927,2025-12-12,316
5927,2025-12-13,291
5927,2025-12-14,259
5927,2025-12-15,289
5927,2025-12-16,442
5927,2025-12-17,487
5927,2025-12-18,554
5927,2025-12-19,308
5927,2025-12-20,227
5927,2025-12-21,171
5933,2025-11-22,4
5933,2025-11-23,12
5933,2025-11-24,14
5933,2025-11-25,7
5933,2025-11-26,17
5933,2025-11-27,10
5933,2025-11-28,8
5933,2025-11-29,5
5933,2025-11-30,7
5933,2025-12-01,8
5933,2025-12-02,11
5933,2025-12-03,13
5933,2025-12-04,17
5933,2025-12-05,13
5933,2025-12-06,12
5933,2025-12-07,9
5933,2025-12-08,11
5933,2025-12-09,12
5933,2025-12-10,10
5933,2025-12-11,13
5933,2025-12-12,10
5933,2025-12-13,9
5933,2025-12-14,8
5933,2025-12-15,14
5933,2025-12-16,14
5933,2025-12-17,14
5933,2025-12-18,13
5933,2025-12-19,9
5933,2025-12-20,8
5933,2025-12-21,5
5936,2025-11-22,18
5936,2025-11-23,19
5936,2025-11-24,10
5936,2025-11-25,4
5936,2025-11-26,12
5936,2025-11-27,12
5936,2025-11-28,27
5936,2025-11-29,11
5936,2025-11-30,14
5936,2025-12-01,15
5936,2025-12-02,14
5936,2025-12-03,12
5936,2025-12-04,28
5936,2025-12-05,10
5936,2025-12-06,13
5936,2025-12-07,10
5936,2025-12-08,9
5936,2025-12-09,10
5936,2025-12-10,14
5936,2025-12-11,30
5936,2025-12-12,11
5936,2025-12-13,9
5936,2025-12-14,8
5936,2025-12-15,10
5936,2025-12-16,12
5936,2025-12-17,18
5936,2025-12-18,25
5936,2025-12-19,14
5936,2025-12-20,10
5936,2025-12-21,8
5947,2025-11-22,154
5947,2025-11-23,124
5947,2025-11-24,127
5947,2025-11-25,139
5947,2025-11-26,232
5947,2025-11-27,218
5947,2025-11-28,50
5947,2025-11-29,49
5947,2025-11-30,58
5947,2025-12-01,55
5947,2025-12-02,74
5947,2025-12-03,129
5947,2025-12-04,190
5947,2025-12-05,60
5947,2025-12-06,67
5947,2025-12-07,63
5947,2025-12-08,66
5947,2025-12-09,64
5947,2025-12-10,101
5947,2025-12-11,211
5947,2025-12-12,67
5947,2025-12-13,41
5947,2025-12-14,40
5947,2025-12-15,55
5947,2025-12-16,60
5947,2025-12-17,76
5947,2025-12-18,141
5947,2025-12-19,56
5947,2025-12-20,42
5947,2025-12-21,29
5951,2025-11-22,0
5951,2025-11-23,0
5951,2025-11-24,0
5951,2025-11-25,0
5951,2025-11-26,0
5951,2025-11-27,0
5951,2025-11-28,0
5951,2025-11-29,0
5951,2025-11-30,0
5951,2025-12-01,0
5951,2025-12-02,0
5951,2025-12-03,0
5951,2025-12-04,0
5951,2025-12-05,0
5951,2025-12-06,0
5951,2025-12-07,0
5951,2025-12-08,0
5951,2025-12-09,0
5951,2025-12-10,0
5951,2025-12-11,0
5951,2025-12-12,0
5951,2025-12-13,0
5951,2025-12-14,0
5951,2025-12-15,0
5951,2025-12-16,0
5951,2025-12-17,0
5951,2025-12-18,0
5951,2025-12-19,0
5951,2025-12-20,0
5951,2025-12-21,0
5986,2025-11-22,557
5986,2025-11-23,1215
5986,2025-11-24,793
5986,2025-11-25,592
5986,2025-11-26,826
5986,2025-11-27,2887
5986,2025-11-28,938
5986,2025-11-29,739
5986,2025-11-30,624
5986,2025-12-01,714
5986,2025-12-02,777
5986,2025-12-03,1200
5986,2025-12-04,5320
5986,2025-12-05,1020
5986,2025-12-06,850
5986,2025-12-07,717
5986,2025-12-08,741
5986,2025-12-09,859
5986,2025-12-10,1146
5986,2025-12-11,4420
5986,2025-12-12,1208
5986,2025-12-13,839
5986,2025-12-14,756
5986,2025-12-15,919
5986,2025-12-16,995
5986,2025-12-17,1491
5986,2025-12-18,4448
5986,2025-12-19,1363
5986,2025-12-20,991
5986,2025-12-21,642
6037,2025-11-22,91
6037,2025-11-23,84
6037,2025-11-24,80
6037,2025-11-25,90
6037,2025-11-26,96
6037,2025-11-27,109
6037,2025-11-28,60
6037,2025-11-29,69
6037,2025-11-30,77
6037,2025-12-01,75
6037,2025-12-02,62
6037,2025-12-03,55
6037,2025-12-04,102
6037,2025-12-05,57
6037,2025-12-06,72
6037,2025-12-07,71
6037,2025-12-08,84
6037,2025-12-09,73
6037,2025-12-10,88
6037,2025-12-11,127
6037,2025-12-12,78
6037,2025-12-13,82
6037,2025-12-14,80
6037,2025-12-15,91
6037,2025-12-16,92
6037,2025-12-17,104
6037,2025-12-18,133
6037,2025-12-19,95
6037,2025-12-20,97
6037,2025-12-21,68
6081,2025-11-22,1
6081,2025-11-23,0
6081,2025-11-24,4
6081,2025-11-25,1
6081,2025-11-26,2
6081,2025-11-27,2
6081,2025-11-28,1
6081,2025-11-29,1
6081,2025-11-30,2
6081,2025-12-01,4
6081,2025-12-02,2
6081,2025-12-03,3
6081,2025-12-04,4
6081,2025-12-05,3
6081,2025-12-06,4
6081,2025-12-07,4
6081,2025-12-08,4
6081,2025-12-09,4
6081,2025-12-10,5
6081,2025-12-11,6
6081,2025-12-12,5
6081,2025-12-13,5
6081,2025-12-14,4
6081,2025-12-15,4
6081,2025-12-16,4
6081,2025-12-17,4
6081,2025-12-18,4
6081,2025-12-19,4
6081,2025-12-20,4
6081,2025-12-21,3
6093,2025-11-22,466
6093,2025-11-23,471
6093,2025-11-24,437
6093,2025-11-25,415
6093,2025-11-26,521
6093,2025-11-27,1115
6093,2025-11-28,616
6093,2025-11-29,319
6093,2025-11-30,298
6093,2025-12-01,332
6093,2025-12-02,360
6093,2025-12-03,580
6093,2025-12-04,1138
6093,2025-12-05,748
6093,2025-12-06,402
6093,2025-12-07,356
6093,2025-12-08,383
6093,2025-12-09,401
6093,2025-12-10,456
6093,2025-12-11,1119
6093,2025-12-12,590
6093,2025-12-13,502
6093,2025-12-14,367
6093,2025-12-15,334
6093,2025-12-16,413
6093,2025-12-17,477
6093,2025-12-18,787
6093,2025-12-19,415
6093,2025-12-20,335
6093,2025-12-21,273
6095,2025-11-22,197
6095,2025-11-23,283
6095,2025-11-24,144
6095,2025-11-25,144
6095,2025-11-26,217
6095,2025-11-27,501
6095,2025-11-28,56
6095,2025-11-29,56
6095,2025-11-30,43
6095,2025-12-01,58
6095,2025-12-02,70
6095,2025-12-03,143
6095,2025-12-04,300
6095,2025-12-05,78
6095,2025-12-06,104
6095,2025-12-07,101
6095,2025-12-08,90
6095,2025-12-09,79
6095,2025-12-10,180
6095,2025-12-11,370
6095,2025-12-12,76
6095,2025-12-13,82
6095,2025-12-14,76
6095,2025-12-15,86
6095,2025-12-16,149
6095,2025-12-17,204
6095,2025-12-18,335
6095,2025-12-19,95
6095,2025-12-20,106
6095,2025-12-21,48
6126,2025-11-22,0
6126,2025-11-23,0
6126,2025-11-24,0
6126,2025-11-25,0
6126,2025-11-26,0
6126,2025-11-27,0
6126,2025-11-28,0
6126,2025-11-29,0
6126,2025-11-30,0
6126,2025-12-01,0
6126,2025-12-02,0
6126,2025-12-03,0
6126,2025-12-04,0
6126,2025-12-05,0
6126,2025-12-06,0
6126,2025-12-07,0
6126,2025-12-08,0
6126,2025-12-09,0
6126,2025-12-10,0
6126,2025-12-11,0
6126,2025-12-12,0
6126,2025-12-13,0
6126,2025-12-14,0
6126,2025-12-15,0
6126,2025-12-16,0
6126,2025-12-17,0
6126,2025-12-18,0
6126,2025-12-19,0
6126,2025-12-20,0
6126,2025-12-21,0
6179,2025-11-22,1
6179,2025-11-23,0
6179,2025-11-24,0
6179,2025-11-25,3
6179,2025-11-26,4
6179,2025-11-27,6
6179,2025-11-28,5
6179,2025-11-29,0
6179,2025-11-30,0
6179,2025-12-01,0
6179,2025-12-02,0
6179,2025-12-03,0
6179,2025-12-04,0
6179,2025-12-05,0
6179,2025-12-06,0
6179,2025-12-07,0
6179,2025-12-08,0
6179,2025-12-09,0
6179,2025-12-10,0
6179,2025-12-11,0
6179,2025-12-12,6
6179,2025-12-13,0
6179,2025-12-14,5
6179,2025-12-15,0
6179,2025-12-16,0
6179,2025-12-17,0
6179,2025-12-18,0
6179,2025-12-19,0
6179,2025-12-20,0
6179,2025-12-21,0
6197,2025-11-22,4
6197,2025-11-23,4
6197,2025-11-24,0
6197,2025-11-25,4
6197,2025-11-26,0
6197,2025-11-27,0
6197,2025-11-28,0
6197,2025-11-29,0
6197,2025-11-30,0
6197,2025-12-01,0
6197,2025-12-02,0
6197,2025-12-03,0
6197,2025-12-04,4
6197,2025-12-05,0
6197,2025-12-06,0
6197,2025-12-07,0
6197,2025-12-08,0
6197,2025-12-09,0
6197,2025-12-10,0
6197,2025-12-11,0
6197,2025-12-12,0
6197,2025-12-13,0
6197,2025-12-14,0
6197,2025-12-15,0
6197,2025-12-16,0
6197,2025-12-17,0
6197,2025-12-18,0
6197,2025-12-19,0
6197,2025-12-20,0
6197,2025-12-21,0
6235,2025-11-22,2
6235,2025-11-23,2
6235,2025-11-24,1
6235,2025-11-25,1
6235,2025-11-26,1
6235,2025-11-27,1
6235,2025-11-28,1
6235,2025-11-29,1
6235,2025-11-30,1
6235,2025-12-01,1
6235,2025-12-02,1
6235,2025-12-03,1
6235,2025-12-04,1
6235,2025-12-05,1
6235,2025-12-06,1
6235,2025-12-07,3
6235,2025-12-08,1
6235,2025-12-09,1
6235,2025-12-10,1
6235,2025-12-11,2
6235,2025-12-12,1
6235,2025-12-13,1
6235,2025-12-14,1
6235,2025-12-15,1
6235,2025-12-16,1
6235,2025-12-17,1
6235,2025-12-18,2
6235,2025-12-19,1
6235,2025-12-20,1
6235,2025-12-21,0
6248,2025-11-22,1555
6248,2025-11-23,1472
6248,2025-11-24,1273
6248,2025-11-25,1440
6248,2025-11-26,2398
6248,2025-11-27,3465
6248,2025-11-28,1038
6248,2025-11-29,763
6248,2025-11-30,868
6248,2025-12-01,782
6248,2025-12-02,911
6248,2025-12-03,1548
6248,2025-12-04,3438
6248,2025-12-05,1353
6248,2025-12-06,1173
6248,2025-12-07,984
6248,2025-12-08,911
6248,2025-12-09,1085
6248,2025-12-10,1543
6248,2025-12-11,3572
6248,2025-12-12,1066
6248,2025-12-13,937
6248,2025-12-14,919
6248,2025-12-15,1045
6248,2025-12-16,1070
6248,2025-12-17,1516
6248,2025-12-18,2280
6248,2025-12-19,1129
6248,2025-12-20,994
6248,2025-12-21,664
6249,2025-11-22,19
6249,2025-11-23,56
6249,2025-11-24,21
6249,2025-11-25,25
6249,2025-11-26,40
6249,2025-11-27,52
6249,2025-11-28,21
6249,2025-11-29,25
6249,2025-11-30,30
6249,2025-12-01,22
6249,2025-12-02,24
6249,2025-12-03,33
6249,2025-12-04,47
6249,2025-12-05,24
6249,2025-12-06,27
6249,2025-12-07,26
6249,2025-12-08,24
6249,2025-12-09,24
6249,2025-12-10,34
6249,2025-12-11,43
6249,2025-12-12,22
6249,2025-12-13,28
6249,2025-12-14,24
6249,2025-12-15,30
6249,2025-12-16,30
6249,2025-12-17,34
6249,2025-12-18,46
6249,2025-12-19,32
6249,2025-12-20,27
6249,2025-12-21,22
6261,2025-11-22,10
6261,2025-11-23,20
6261,2025-11-24,12
6261,2025-11-25,17
6261,2025-11-26,18
6261,2025-11-27,51
6261,2025-11-28,16
6261,2025-11-29,9
6261,2025-11-30,11
6261,2025-12-01,12
6261,2025-12-02,13
6261,2025-12-03,16
6261,2025-12-04,73
6261,2025-12-05,35
6261,2025-12-06,19
6261,2025-12-07,20
6261,2025-12-08,21
6261,2025-12-09,21
6261,2025-12-10,30
6261,2025-12-11,135
6261,2025-12-12,31
6261,2025-12-13,20
6261,2025-12-14,19
6261,2025-12-15,27
6261,2025-12-16,32
6261,2025-12-17,36
6261,2025-12-18,103
6261,2025-12-19,35
6261,2025-12-20,22
6261,2025-12-21,15
6268,2025-11-22,2477
6268,2025-11-23,2385
6268,2025-11-24,2205
6268,2025-11-25,2292
6268,2025-11-26,3601
6268,2025-11-27,4589
6268,2025-11-28,1701
6268,2025-11-29,1700
6268,2025-11-30,1604
6268,2025-12-01,1612
6268,2025-12-02,1449
6268,2025-12-03,2682
6268,2025-12-04,4347
6268,2025-12-05,1975
6268,2025-12-06,1466
6268,2025-12-07,1256
6268,2025-12-08,1366
6268,2025-12-09,1491
6268,2025-12-10,2464
6268,2025-12-11,4799
6268,2025-12-12,1722
6268,2025-12-13,1251
6268,2025-12-14,1048
6268,2025-12-15,1236
6268,2025-12-16,1408
6268,2025-12-17,2508
6268,2025-12-18,3509
6268,2025-12-19,1673
6268,2025-12-20,1300
6268,2025-12-21,883
6287,2025-11-22,62
6287,2025-11-23,76
6287,2025-11-24,62
6287,2025-11-25,57
6287,2025-11-26,74
6287,2025-11-27,106
6287,2025-11-28,57
6287,2025-11-29,49
6287,2025-11-30,60
6287,2025-12-01,49
6287,2025-12-02,62
6287,2025-12-03,66
6287,2025-12-04,112
6287,2025-12-05,65
6287,2025-12-06,65
6287,2025-12-07,63
6287,2025-12-08,60
6287,2025-12-09,63
6287,2025-12-10,67
6287,2025-12-11,123
6287,2025-12-12,62
6287,2025-12-13,66
6287,2025-12-14,60
6287,2025-12-15,69
6287,2025-12-16,77
6287,2025-12-17,78
6287,2025-12-18,119
6287,2025-12-19,75
6287,2025-12-20,70
6287,2025-12-21,49
6379,2025-11-22,0
6379,2025-11-23,0
6379,2025-11-24,0
6379,2025-11-25,0
6379,2025-11-26,0
6379,2025-11-27,0
6379,2025-11-28,0
6379,2025-11-29,0
6379,2025-11-30,0
6379,2025-12-01,0
6379,2025-12-02,0
6379,2025-12-03,0
6379,2025-12-04,0
6379,2025-12-05,0
6379,2025-12-06,0
6379,2025-12-07,0
6379,2025-12-08,0
6379,2025-12-09,0
6379,2025-12-10,0
6379,2025-12-11,0
6379,2025-12-12,0
6379,2025-12-13,0
6379,2025-12-14,0
6379,2025-12-15,0
6379,2025-12-16,0
6379,2025-12-17,0
6379,2025-12-18,0
6379,2025-12-19,0
6379,2025-12-20,0
6379,2025-12-21,0
6397,2025-11-22,0
6397,2025-11-23,0
6397,2025-11-24,0
6397,2025-11-25,0
6397,2025-11-26,0
6397,2025-11-27,0
6397,2025-11-28,0
6397,2025-11-29,0
6397,2025-11-30,0
6397,2025-12-01,0
6397,2025-12-02,0
6397,2025-12-03,0
6397,2025-12-04,0
6397,2025-12-05,0
6397,2025-12-06,1
6397,2025-12-07,1
6397,2025-12-08,1
6397,2025-12-09,1
6397,2025-12-10,1
6397,2025-12-11,1
6397,2025-12-12,1
6397,2025-12-13,1
6397,2025-12-14,0
6397,2025-12-15,1
6397,2025-12-16,1
6397,2025-12-17,1
6397,2025-12-18,1
6397,2025-12-19,1
6397,2025-12-20,1
6397,2025-12-21,0
6418,2025-11-22,48
6418,2025-11-23,63
6418,2025-11-24,49
6418,2025-11-25,36
6418,2025-11-26,51
6418,2025-11-27,121
6418,2025-11-28,40
6418,2025-11-29,20
6418,2025-11-30,26
6418,2025-12-01,27
6418,2025-12-02,32
6418,2025-12-03,40
6418,2025-12-04,126
6418,2025-12-05,27
6418,2025-12-06,50
6418,2025-12-07,54
6418,2025-12-08,54
6418,2025-12-09,63
6418,2025-12-10,86
6418,2025-12-11,288
6418,2025-12-12,71
6418,2025-12-13,47
6418,2025-12-14,48
6418,2025-12-15,61
6418,2025-12-16,73
6418,2025-12-17,98
6418,2025-12-18,214
6418,2025-12-19,75
6418,2025-12-20,64
6418,2025-12-21,40
6430,2025-11-22,2
6430,2025-11-23,3
6430,2025-11-24,3
6430,2025-11-25,3
6430,2025-11-26,3
6430,2025-11-27,13
6430,2025-11-28,3
6430,2025-11-29,4
6430,2025-11-30,3
6430,2025-12-01,5
6430,2025-12-02,3
6430,2025-12-03,6
6430,2025-12-04,16
6430,2025-12-05,4
6430,2025-12-06,5
6430,2025-12-07,5
6430,2025-12-08,5
6430,2025-12-09,5
6430,2025-12-10,5
6430,2025-12-11,14
6430,2025-12-12,4
6430,2025-12-13,4
6430,2025-12-14,4
6430,2025-12-15,5
6430,2025-12-16,6
6430,2025-12-17,6
6430,2025-12-18,12
6430,2025-12-19,5
6430,2025-12-20,4
6430,2025-12-21,3
6473,2025-11-22,0
6473,2025-11-23,0
6473,2025-11-24,0
6473,2025-11-25,0
6473,2025-11-26,0
6473,2025-11-27,0
6473,2025-11-28,0
6473,2025-11-29,0
6473,2025-11-30,0
6473,2025-12-01,0
6473,2025-12-02,0
6473,2025-12-03,0
6473,2025-12-04,0
6473,2025-12-05,0
6473,2025-12-06,0
6473,2025-12-07,0
6473,2025-12-08,0
6473,2025-12-09,0
6473,2025-12-10,0
6473,2025-12-11,0
6473,2025-12-12,0
6473,2025-12-13,0
6473,2025-12-14,0
6473,2025-12-15,0
6473,2025-12-16,0
6473,2025-12-17,0
6473,2025-12-18,0
6473,2025-12-19,0
6473,2025-12-20,0
6473,2025-12-21,0
6507,2025-11-22,6
6507,2025-11-23,6
6507,2025-11-24,3
6507,2025-11-25,3
6507,2025-11-26,7
6507,2025-11-27,8
6507,2025-11-28,3
6507,2025-11-29,0
6507,2025-11-30,2
6507,2025-12-01,2
6507,2025-12-02,2
6507,2025-12-03,6
6507,2025-12-04,5
6507,2025-12-05,1
6507,2025-12-06,6
6507,2025-12-07,5
6507,2025-12-08,3
6507,2025-12-09,5
6507,2025-12-10,2
6507,2025-12-11,4
6507,2025-12-12,1
6507,2025-12-13,2
6507,2025-12-14,1
6507,2025-12-15,2
6507,2025-12-16,2
6507,2025-12-17,3
6507,2025-12-18,4
6507,2025-12-19,2
6507,2025-12-20,2
6507,2025-12-21,1
6520,2025-11-22,4251
6520,2025-11-23,3728
6520,2025-11-24,3530
6520,2025-11-25,3852
6520,2025-11-26,3776
6520,2025-11-27,3415
6520,2025-11-28,1797
6520,2025-11-29,1882
6520,2025-11-30,1912
6520,2025-12-01,2645
6520,2025-12-02,2773
6520,2025-12-03,3181
6520,2025-12-04,4145
6520,2025-12-05,2511
6520,2025-12-06,2876
6520,2025-12-07,3056
6520,2025-12-08,3006
6520,2025-12-09,3474
6520,2025-12-10,3304
6520,2025-12-11,4280
6520,2025-12-12,2801
6520,2025-12-13,2658
6520,2025-12-14,2497
6520,2025-12-15,2984
6520,2025-12-16,3545
6520,2025-12-17,4669
6520,2025-12-18,4404
6520,2025-12-19,3025
6520,2025-12-20,3050
6520,2025-12-21,1872
6553,2025-11-22,2
6553,2025-11-23,2
6553,2025-11-24,0
6553,2025-11-25,1
6553,2025-11-26,1
6553,2025-11-27,2
6553,2025-11-28,1
6553,2025-11-29,2
6553,2025-11-30,2
6553,2025-12-01,3
6553,2025-12-02,1
6553,2025-12-03,2
6553,2025-12-04,6
6553,2025-12-05,2
6553,2025-12-06,2
6553,2025-12-07,2
6553,2025-12-08,2
6553,2025-12-09,2
6553,2025-12-10,2
6553,2025-12-11,6
6553,2025-12-12,2
6553,2025-12-13,1
6553,2025-12-14,1
6553,2025-12-15,2
6553,2025-12-16,3
6553,2025-12-17,4
6553,2025-12-18,6
6553,2025-12-19,3
6553,2025-12-20,3
6553,2025-12-21,1
6563,2025-11-22,8
6563,2025-11-23,7
6563,2025-11-24,7
6563,2025-11-25,3
6563,2025-11-26,7
6563,2025-11-27,8
6563,2025-11-28,3
6563,2025-11-29,3
6563,2025-11-30,4
6563,2025-12-01,4
6563,2025-12-02,4
6563,2025-12-03,5
6563,2025-12-04,9
6563,2025-12-05,7
6563,2025-12-06,4
6563,2025-12-07,5
6563,2025-12-08,4
6563,2025-12-09,5
6563,2025-12-10,5
6563,2025-12-11,11
6563,2025-12-12,5
6563,2025-12-13,4
6563,2025-12-14,4
6563,2025-12-15,5
6563,2025-12-16,5
6563,2025-12-17,5
6563,2025-12-18,8
6563,2025-12-19,5
6563,2025-12-20,5
6563,2025-12-21,2
6593,2025-11-22,0
6593,2025-11-23,0
6593,2025-11-24,0
6593,2025-11-25,0
6593,2025-11-26,0
6593,2025-11-27,1
6593,2025-11-28,0
6593,2025-11-29,0
6593,2025-11-30,0
6593,2025-12-01,0
6593,2025-12-02,0
6593,2025-12-03,0
6593,2025-12-04,0
6593,2025-12-05,0
6593,2025-12-06,0
6593,2025-12-07,0
6593,2025-12-08,0
6593,2025-12-09,0
6593,2025-12-10,0
6593,2025-12-11,0
6593,2025-12-12,0
6593,2025-12-13,0
6593,2025-12-14,1
6593,2025-12-15,0
6593,2025-12-16,0
6593,2025-12-17,0
6593,2025-12-18,0
6593,2025-12-19,0
6593,2025-12-20,0
6593,2025-12-21,0
6603,2025-11-22,0
6603,2025-11-23,0
6603,2025-11-24,0
6603,2025-11-25,0
6603,2025-11-26,0
6603,2025-11-27,0
6603,2025-11-28,0
6603,2025-11-29,0
6603,2025-11-30,0
6603,2025-12-01,0
6603,2025-12-02,0
6603,2025-12-03,0
6603,2025-12-04,0
6603,2025-12-05,0
6603,2025-12-06,0
6603,2025-12-07,0
6603,2025-12-08,0
6603,2025-12-09,0
6603,2025-12-10,0
6603,2025-12-11,0
6603,2025-12-12,0
6603,2025-12-13,0
6603,2025-12-14,0
6603,2025-12-15,0
6603,2025-12-16,0
6603,2025-12-17,0
6603,2025-12-18,0
6603,2025-12-19,0
6603,2025-12-20,0
6603,2025-12-21,0
6613,2025-11-22,5
6613,2025-11-23,4
6613,2025-11-24,2
6613,2025-11-25,3
6613,2025-11-26,6
6613,2025-11-27,7
6613,2025-11-28,2
6613,2025-11-29,2
6613,2025-11-30,2
6613,2025-12-01,2
6613,2025-12-02,3
6613,2025-12-03,13
6613,2025-12-04,22
6613,2025-12-05,13
6613,2025-12-06,4
6613,2025-12-07,3
6613,2025-12-08,3
6613,2025-12-09,4
6613,2025-12-10,5
6613,2025-12-11,10
6613,2025-12-12,3
6613,2025-12-13,3
6613,2025-12-14,2
6613,2025-12-15,3
6613,2025-12-16,3
6613,2025-12-17,4
6613,2025-12-18,10
6613,2025-12-19,4
6613,2025-12-20,3
6613,2025-12-21,2
6662,2025-11-22,77
6662,2025-11-23,67
6662,2025-11-24,87
6662,2025-11-25,89
6662,2025-11-26,89
6662,2025-11-27,227
6662,2025-11-28,85
6662,2025-11-29,64
6662,2025-11-30,70
6662,2025-12-01,76
6662,2025-12-02,88
6662,2025-12-03,90
6662,2025-12-04,312
6662,2025-12-05,108
6662,2025-12-06,93
6662,2025-12-07,82
6662,2025-12-08,93
6662,2025-12-09,88
6662,2025-12-10,101
6662,2025-12-11,259
6662,2025-12-12,96
6662,2025-12-13,85
6662,2025-12-14,85
6662,2025-12-15,101
6662,2025-12-16,95
6662,2025-12-17,100
6662,2025-12-18,258
6662,2025-12-19,98
6662,2025-12-20,90
6662,2025-12-21,63
6692,2025-11-22,0
6692,2025-11-23,0
6692,2025-11-24,0
6692,2025-11-25,0
6692,2025-11-26,0
6692,2025-11-27,0
6692,2025-11-28,0
6692,2025-11-29,0
6692,2025-11-30,0
6692,2025-12-01,0
6692,2025-12-02,0
6692,2025-12-03,0
6692,2025-12-04,0
6692,2025-12-05,0
6692,2025-12-06,0
6692,2025-12-07,0
6692,2025-12-08,0
6692,2025-12-09,0
6692,2025-12-10,0
6692,2025-12-11,0
6692,2025-12-12,0
6692,2025-12-13,0
6692,2025-12-14,0
6692,2025-12-15,0
6692,2025-12-16,0
6692,2025-12-17,0
6692,2025-12-18,0
6692,2025-12-19,0
6692,2025-12-20,0
6692,2025-12-21,0
6720,2025-11-22,17
6720,2025-11-23,44
6720,2025-11-24,24
6720,2025-11-25,14
6720,2025-11-26,37
6720,2025-11-27,145
6720,2025-11-28,23
6720,2025-11-29,13
6720,2025-11-30,14
6720,2025-12-01,17
6720,2025-12-02,21
6720,2025-12-03,30
6720,2025-12-04,120
6720,2025-12-05,17
6720,2025-12-06,23
6720,2025-12-07,19
6720,2025-12-08,22
6720,2025-12-09,19
6720,2025-12-10,35
6720,2025-12-11,102
6720,2025-12-12,16
6720,2025-12-13,18
6720,2025-12-14,17
6720,2025-12-15,22
6720,2025-12-16,23
6720,2025-12-17,39
6720,2025-12-18,80
6720,2025-12-19,22
6720,2025-12-20,20
6720,2025-12-21,13
6728,2025-11-22,0
6728,2025-11-23,0
6728,2025-11-24,0
6728,2025-11-25,0
6728,2025-11-26,1
6728,2025-11-27,1
6728,2025-11-28,1
6728,2025-11-29,1
6728,2025-11-30,1
6728,2025-12-01,1
6728,2025-12-02,1
6728,2025-12-03,0
6728,2025-12-04,0
6728,2025-12-05,0
6728,2025-12-06,0
6728,2025-12-07,0
6728,2025-12-08,0
6728,2025-12-09,0
6728,2025-12-10,0
6728,2025-12-11,0
6728,2025-12-12,0
6728,2025-12-13,0
6728,2025-12-14,0
6728,2025-12-15,0
6728,2025-12-16,0
6728,2025-12-17,0
6728,2025-12-18,0
6728,2025-12-19,0
6728,2025-12-20,0
6728,2025-12-21,0
6733,2025-11-22,99
6733,2025-11-23,85
6733,2025-11-24,94
6733,2025-11-25,91
6733,2025-11-26,127
6733,2025-11-27,141
6733,2025-11-28,66
6733,2025-11-29,64
6733,2025-11-30,62
6733,2025-12-01,66
6733,2025-12-02,66
6733,2025-12-03,114
6733,2025-12-04,220
6733,2025-12-05,75
6733,2025-12-06,62
6733,2025-12-07,57
6733,2025-12-08,53
6733,2025-12-09,58
6733,2025-12-10,82
6733,2025-12-11,160
6733,2025-12-12,61
6733,2025-12-13,50
6733,2025-12-14,54
6733,2025-12-15,60
6733,2025-12-16,71
6733,2025-12-17,95
6733,2025-12-18,148
6733,2025-12-19,69
6733,2025-12-20,49
6733,2025-12-21,37
6738,2025-11-22,0
6738,2025-11-23,0
6738,2025-11-24,0
6738,2025-11-25,0
6738,2025-11-26,0
6738,2025-11-27,0
6738,2025-11-28,0
6738,2025-11-29,0
6738,2025-11-30,0
6738,2025-12-01,0
6738,2025-12-02,0
6738,2025-12-03,0
6738,2025-12-04,0
6738,2025-12-05,0
6738,2025-12-06,0
6738,2025-12-07,0
6738,2025-12-08,0
6738,2025-12-09,0
6738,2025-12-10,0
6738,2025-12-11,0
6738,2025-12-12,0
6738,2025-12-13,0
6738,2025-12-14,0
6738,2025-12-15,0
6738,2025-12-16,0
6738,2025-12-17,0
6738,2025-12-18,0
6738,2025-12-19,0
6738,2025-12-20,0
6738,2025-12-21,0
6752,2025-11-22,162
6752,2025-11-23,141
6752,2025-11-24,158
6752,2025-11-25,197
6752,2025-11-26,288
6752,2025-11-27,396
6752,2025-11-28,151
6752,2025-11-29,77
6752,2025-11-30,81
6752,2025-12-01,96
6752,2025-12-02,93
6752,2025-12-03,161
6752,2025-12-04,403
6752,2025-12-05,114
6752,2025-12-06,87
6752,2025-12-07,93
6752,2025-12-08,94
6752,2025-12-09,97
6752,2025-12-10,140
6752,2025-12-11,335
6752,2025-12-12,126
6752,2025-12-13,91
6752,2025-12-14,75
6752,2025-12-15,91
6752,2025-12-16,103
6752,2025-12-17,151
6752,2025-12-18,265
6752,2025-12-19,142
6752,2025-12-20,83
6752,2025-12-21,64
6753,2025-11-22,18
6753,2025-11-23,48
6753,2025-11-24,19
6753,2025-11-25,28
6753,2025-11-26,39
6753,2025-11-27,58
6753,2025-11-28,20
6753,2025-11-29,22
6753,2025-11-30,26
6753,2025-12-01,35
6753,2025-12-02,35
6753,2025-12-03,38
6753,2025-12-04,44
6753,2025-12-05,25
6753,2025-12-06,32
6753,2025-12-07,32
6753,2025-12-08,35
6753,2025-12-09,37
6753,2025-12-10,41
6753,2025-12-11,59
6753,2025-12-12,33
6753,2025-12-13,36
6753,2025-12-14,33
6753,2025-12-15,41
6753,2025-12-16,41
6753,2025-12-17,43
6753,2025-12-18,56
6753,2025-12-19,35
6753,2025-12-20,35
6753,2025-12-21,30
6782,2025-11-22,104
6782,2025-11-23,117
6782,2025-11-24,112
6782,2025-11-25,63
6782,2025-11-26,85
6782,2025-11-27,157
6782,2025-11-28,41
6782,2025-11-29,40
6782,2025-11-30,39
6782,2025-12-01,40
6782,2025-12-02,47
6782,2025-12-03,91
6782,2025-12-04,273
6782,2025-12-05,56
6782,2025-12-06,45
6782,2025-12-07,33
6782,2025-12-08,31
6782,2025-12-09,32
6782,2025-12-10,73
6782,2025-12-11,212
6782,2025-12-12,64
6782,2025-12-13,40
6782,2025-12-14,30
6782,2025-12-15,40
6782,2025-12-16,42
6782,2025-12-17,64
6782,2025-12-18,173
6782,2025-12-19,54
6782,2025-12-20,33
6782,2025-12-21,22
6862,2025-11-22,60
6862,2025-11-23,49
6862,2025-11-24,24
6862,2025-11-25,26
6862,2025-11-26,58
6862,2025-11-27,121
6862,2025-11-28,22
6862,2025-11-29,25
6862,2025-11-30,28
6862,2025-12-01,13
6862,2025-12-02,20
6862,2025-12-03,53
6862,2025-12-04,175
6862,2025-12-05,28
6862,2025-12-06,23
6862,2025-12-07,19
6862,2025-12-08,22
6862,2025-12-09,24
6862,2025-12-10,34
6862,2025-12-11,109
6862,2025-12-12,26
6862,2025-12-13,18
6862,2025-12-14,18
6862,2025-12-15,20
6862,2025-12-16,22
6862,2025-12-17,40
6862,2025-12-18,86
6862,2025-12-19,28
6862,2025-12-20,19
6862,2025-12-21,13
6886,2025-11-22,3077
6886,2025-11-23,3002
6886,2025-11-24,2802
6886,2025-11-25,2465
6886,2025-11-26,3354
6886,2025-11-27,3858
6886,2025-11-28,1533
6886,2025-11-29,1495
6886,2025-11-30,1724
6886,2025-12-01,2006
6886,2025-12-02,1985
6886,2025-12-03,3066
6886,2025-12-04,4838
6886,2025-12-05,2123
6886,2025-12-06,1991
6886,2025-12-07,1725
6886,2025-12-08,1743
6886,2025-12-09,1821
6886,2025-12-10,2633
6886,2025-12-11,5148
6886,2025-12-12,1966
6886,2025-12-13,1643
6886,2025-12-14,1360
6886,2025-12-15,1644
6886,2025-12-16,2148
6886,2025-12-17,2718
6886,2025-12-18,3635
6886,2025-12-19,1837
6886,2025-12-20,1675
6886,2025-12-21,1197
6888,2025-11-22,0
6888,2025-11-23,0
6888,2025-11-24,0
6888,2025-11-25,0
6888,2025-11-26,0
6888,2025-11-27,0
6888,2025-11-28,0
6888,2025-11-29,0
6888,2025-11-30,0
6888,2025-12-01,0
6888,2025-12-02,0
6888,2025-12-03,0
6888,2025-12-04,0
6888,2025-12-05,0
6888,2025-12-06,0
6888,2025-12-07,0
6888,2025-12-08,0
6888,2025-12-09,0
6888,2025-12-10,0
6888,2025-12-11,0
6888,2025-12-12,0
6888,2025-12-13,0
6888,2025-12-14,0
6888,2025-12-15,0
6888,2025-12-16,0
6888,2025-12-17,0
6888,2025-12-18,0
6888,2025-12-19,0
6888,2025-12-20,0
6888,2025-12-21,0
6912,2025-11-22,0
6912,2025-11-23,0
6912,2025-11-24,0
6912,2025-11-25,0
6912,2025-11-26,0
6912,2025-11-27,0
6912,2025-11-28,0
6912,2025-11-29,0
6912,2025-11-30,0
6912,2025-12-01,0
6912,2025-12-02,0
6912,2025-12-03,0
6912,2025-12-04,0
6912,2025-12-05,0
6912,2025-12-06,0
6912,2025-12-07,0
6912,2025-12-08,0
6912,2025-12-09,0
6912,2025-12-10,0
6912,2025-12-11,0
6912,2025-12-12,0
6912,2025-12-13,0
6912,2025-12-14,0
6912,2025-12-15,0
6912,2025-12-16,0
6912,2025-12-17,0
6912,2025-12-18,0
6912,2025-12-19,0
6912,2025-12-20,0
6912,2025-12-21,0
6930,2025-11-22,7
6930,2025-11-23,5
6930,2025-11-24,7
6930,2025-11-25,7
6930,2025-11-26,13
6930,2025-11-27,37
6930,2025-11-28,10
6930,2025-11-29,7
6930,2025-11-30,9
6930,2025-12-01,10
6930,2025-12-02,10
6930,2025-12-03,13
6930,2025-12-04,24
6930,2025-12-05,10
6930,2025-12-06,10
6930,2025-12-07,13
6930,2025-12-08,10
6930,2025-12-09,11
6930,2025-12-10,12
6930,2025-12-11,23
6930,2025-12-12,11
6930,2025-12-13,11
6930,2025-12-14,10
6930,2025-12-15,12
6930,2025-12-16,14
6930,2025-12-17,15
6930,2025-12-18,24
6930,2025-12-19,13
6930,2025-12-20,11
6930,2025-12-21,8
6986,2025-11-22,8
6986,2025-11-23,42
6986,2025-11-24,17
6986,2025-11-25,9
6986,2025-11-26,37
6986,2025-11-27,97
6986,2025-11-28,6
6986,2025-11-29,4
6986,2025-11-30,3
6986,2025-12-01,3
6986,2025-12-02,4
6986,2025-12-03,11
6986,2025-12-04,68
6986,2025-12-05,5
6986,2025-12-06,9
6986,2025-12-07,8
6986,2025-12-08,19
6986,2025-12-09,9
6986,2025-12-10,42
6986,2025-12-11,205
6986,2025-12-12,26
6986,2025-12-13,10
6986,2025-12-14,9
6986,2025-12-15,11
6986,2025-12-16,13
6986,2025-12-17,31
6986,2025-12-18,139
6986,2025-12-19,17
6986,2025-12-20,11
6986,2025-12-21,7
7008,2025-11-22,80
7008,2025-11-23,59
7008,2025-11-24,53
7008,2025-11-25,55
7008,2025-11-26,77
7008,2025-11-27,81
7008,2025-11-28,22
7008,2025-11-29,25
7008,2025-11-30,28
7008,2025-12-01,29
7008,2025-12-02,30
7008,2025-12-03,56
7008,2025-12-04,93
7008,2025-12-05,30
7008,2025-12-06,31
7008,2025-12-07,33
7008,2025-12-08,33
7008,2025-12-09,35
7008,2025-12-10,45
7008,2025-12-11,111
7008,2025-12-12,31
7008,2025-12-13,30
7008,2025-12-14,28
7008,2025-12-15,34
7008,2025-12-16,36
7008,2025-12-17,52
7008,2025-12-18,83
7008,2025-12-19,39
7008,2025-12-20,34
7008,2025-12-21,26
7029,2025-11-22,0
7029,2025-11-23,0
7029,2025-11-24,0
7029,2025-11-25,0
7029,2025-11-26,0
7029,2025-11-27,0
7029,2025-11-28,0
7029,2025-11-29,0
7029,2025-11-30,0
7029,2025-12-01,0
7029,2025-12-02,0
7029,2025-12-03,0
7029,2025-12-04,0
7029,2025-12-05,0
7029,2025-12-06,0
7029,2025-12-07,0
7029,2025-12-08,0
7029,2025-12-09,0
7029,2025-12-10,0
7029,2025-12-11,0
7029,2025-12-12,0
7029,2025-12-13,0
7029,2025-12-14,0
7029,2025-12-15,0
7029,2025-12-16,0
7029,2025-12-17,0
7029,2025-12-18,0
7029,2025-12-19,0
7029,2025-12-20,0
7029,2025-12-21,0
7039,2025-11-22,28
7039,2025-11-23,20
7039,2025-11-24,32
7039,2025-11-25,17
7039,2025-11-26,22
7039,2025-11-27,23
7039,2025-11-28,17
7039,2025-11-29,19
7039,2025-11-30,22
7039,2025-12-01,22
7039,2025-12-02,23
7039,2025-12-03,26
7039,2025-12-04,40
7039,2025-12-05,22
7039,2025-12-06,25
7039,2025-12-07,24
7039,2025-12-08,23
7039,2025-12-09,25
7039,2025-12-10,29
7039,2025-12-11,45
7039,2025-12-12,23
7039,2025-12-13,25
7039,2025-12-14,24
7039,2025-12-15,29
7039,2025-12-16,29
7039,2025-12-17,34
7039,2025-12-18,43
7039,2025-12-19,28
7039,2025-12-20,29
7039,2025-12-21,26
7040,2025-11-22,4
7040,2025-11-23,4
7040,2025-11-24,0
7040,2025-11-25,0
7040,2025-11-26,1
7040,2025-11-27,1
7040,2025-11-28,0
7040,2025-11-29,0
7040,2025-11-30,2
7040,2025-12-01,0
7040,2025-12-02,0
7040,2025-12-03,5
7040,2025-12-04,2
7040,2025-12-05,0
7040,2025-12-06,0
7040,2025-12-07,0
7040,2025-12-08,2
7040,2025-12-09,0
7040,2025-12-10,6
7040,2025-12-11,2
7040,2025-12-12,0
7040,2025-12-13,0
7040,2025-12-14,0
7040,2025-12-15,0
7040,2025-12-16,0
7040,2025-12-17,1
7040,2025-12-18,2
7040,2025-12-19,1
7040,2025-12-20,1
7040,2025-12-21,0
7049,2025-11-22,129
7049,2025-11-23,140
7049,2025-11-24,120
7049,2025-11-25,188
7049,2025-11-26,288
7049,2025-11-27,253
7049,2025-11-28,79
7049,2025-11-29,74
7049,2025-11-30,75
7049,2025-12-01,76
7049,2025-12-02,88
7049,2025-12-03,124
7049,2025-12-04,290
7049,2025-12-05,60
7049,2025-12-06,61
7049,2025-12-07,56
7049,2025-12-08,67
7049,2025-12-09,98
7049,2025-12-10,143
7049,2025-12-11,264
7049,2025-12-12,62
7049,2025-12-13,57
7049,2025-12-14,53
7049,2025-12-15,63
7049,2025-12-16,75
7049,2025-12-17,97
7049,2025-12-18,151
7049,2025-12-19,74
7049,2025-12-20,62
7049,2025-12-21,46
7058,2025-11-22,103
7058,2025-11-23,76
7058,2025-11-24,77
7058,2025-11-25,79
7058,2025-11-26,146
7058,2025-11-27,169
7058,2025-11-28,95
7058,2025-11-29,77
7058,2025-11-30,58
7058,2025-12-01,45
7058,2025-12-02,39
7058,2025-12-03,98
7058,2025-12-04,179
7058,2025-12-05,45
7058,2025-12-06,64
7058,2025-12-07,47
7058,2025-12-08,43
7058,2025-12-09,50
7058,2025-12-10,87
7058,2025-12-11,150
7058,2025-12-12,53
7058,2025-12-13,41
7058,2025-12-14,39
7058,2025-12-15,46
7058,2025-12-16,65
7058,2025-12-17,101
7058,2025-12-18,146
7058,2025-12-19,51
7058,2025-12-20,43
7058,2025-12-21,33
7127,2025-11-22,3777
7127,2025-11-23,3521
7127,2025-11-24,2783
7127,2025-11-25,3144
7127,2025-11-26,4694
7127,2025-11-27,6268
7127,2025-11-28,2744
7127,2025-11-29,1904
7127,2025-11-30,1929
7127,2025-12-01,2174
7127,2025-12-02,2283
7127,2025-12-03,4085
7127,2025-12-04,6183
7127,2025-12-05,2815
7127,2025-12-06,1943
7127,2025-12-07,1777
7127,2025-12-08,1836
7127,2025-12-09,1988
7127,2025-12-10,3149
7127,2025-12-11,5690
7127,2025-12-12,2174
7127,2025-12-13,1795
7127,2025-12-14,1581
7127,2025-12-15,1939
7127,2025-12-16,2229
7127,2025-12-17,3324
7127,2025-12-18,4713
7127,2025-12-19,2361
7127,2025-12-20,1954
7127,2025-12-21,1359
7154,2025-11-22,0
7154,2025-11-23,0
7154,2025-11-24,0
7154,2025-11-25,0
7154,2025-11-26,0
7154,2025-11-27,0
7154,2025-11-28,0
7154,2025-11-29,0
7154,2025-11-30,0
7154,2025-12-01,0
7154,2025-12-02,0
7154,2025-12-03,0
7154,2025-12-04,0
7154,2025-12-05,0
7154,2025-12-06,0
7154,2025-12-07,0
7154,2025-12-08,0
7154,2025-12-09,0
7154,2025-12-10,0
7154,2025-12-11,0
7154,2025-12-12,0
7154,2025-12-13,0
7154,2025-12-14,0
7154,2025-12-15,0
7154,2025-12-16,0
7154,2025-12-17,0
7154,2025-12-18,0
7154,2025-12-19,0
7154,2025-12-20,0
7154,2025-12-21,0
7201,2025-11-22,395
7201,2025-11-23,298
7201,2025-11-24,365
7201,2025-11-25,425
7201,2025-11-26,738
7201,2025-11-27,833
7201,2025-11-28,360
7201,2025-11-29,258
7201,2025-11-30,205
7201,2025-12-01,225
7201,2025-12-02,263
7201,2025-12-03,491
7201,2025-12-04,770
7201,2025-12-05,314
7201,2025-12-06,256
7201,2025-12-07,259
7201,2025-12-08,256
7201,2025-12-09,251
7201,2025-12-10,347
7201,2025-12-11,693
7201,2025-12-12,330
7201,2025-12-13,249
7201,2025-12-14,218
7201,2025-12-15,264
7201,2025-12-16,290
7201,2025-12-17,412
7201,2025-12-18,660
7201,2025-12-19,314
7201,2025-12-20,231
7201,2025-12-21,149
7221,2025-11-22,793
7221,2025-11-23,700
7221,2025-11-24,605
7221,2025-11-25,703
7221,2025-11-26,951
7221,2025-11-27,1272
7221,2025-11-28,529
7221,2025-11-29,469
7221,2025-11-30,497
7221,2025-12-01,479
7221,2025-12-02,479
7221,2025-12-03,877
7221,2025-12-04,1531
7221,2025-12-05,606
7221,2025-12-06,506
7221,2025-12-07,538
7221,2025-12-08,521
7221,2025-12-09,575
7221,2025-12-10,834
7221,2025-12-11,1540
7221,2025-12-12,613
7221,2025-12-13,454
7221,2025-12-14,415
7221,2025-12-15,469
7221,2025-12-16,559
7221,2025-12-17,790
7221,2025-12-18,1280
7221,2025-12-19,620
7221,2025-12-20,484
7221,2025-12-21,346
7222,2025-11-22,230
7222,2025-11-23,170
7222,2025-11-24,233
7222,2025-11-25,173
7222,2025-11-26,270
7222,2025-11-27,612
7222,2025-11-28,266
7222,2025-11-29,137
7222,2025-11-30,174
7222,2025-12-01,233
7222,2025-12-02,234
7222,2025-12-03,243
7222,2025-12-04,1123
7222,2025-12-05,282
7222,2025-12-06,195
7222,2025-12-07,190
7222,2025-12-08,202
7222,2025-12-09,206
7222,2025-12-10,206
7222,2025-12-11,863
7222,2025-12-12,351
7222,2025-12-13,185
7222,2025-12-14,198
7222,2025-12-15,195
7222,2025-12-16,221
7222,2025-12-17,228
7222,2025-12-18,636
7222,2025-12-19,382
7222,2025-12-20,253
7222,2025-12-21,266
7228,2025-11-22,131
7228,2025-11-23,143
7228,2025-11-24,84
7228,2025-11-25,106
7228,2025-11-26,188
7228,2025-11-27,331
7228,2025-11-28,61
7228,2025-11-29,60
7228,2025-11-30,67
7228,2025-12-01,60
7228,2025-12-02,86
7228,2025-12-03,161
7228,2025-12-04,353
7228,2025-12-05,74
7228,2025-12-06,73
7228,2025-12-07,59
7228,2025-12-08,75
7228,2025-12-09,77
7228,2025-12-10,108
7228,2025-12-11,332
7228,2025-12-12,88
7228,2025-12-13,67
7228,2025-12-14,68
7228,2025-12-15,64
7228,2025-12-16,67
7228,2025-12-17,105
7228,2025-12-18,215
7228,2025-12-19,94
7228,2025-12-20,52
7228,2025-12-21,31
7252,2025-11-22,132
7252,2025-11-23,107
7252,2025-11-24,97
7252,2025-11-25,104
7252,2025-11-26,179
7252,2025-11-27,199
7252,2025-11-28,92
7252,2025-11-29,91
7252,2025-11-30,94
7252,2025-12-01,98
7252,2025-12-02,91
7252,2025-12-03,144
7252,2025-12-04,226
7252,2025-12-05,91
7252,2025-12-06,94
7252,2025-12-07,84
7252,2025-12-08,79
7252,2025-12-09,94
7252,2025-12-10,124
7252,2025-12-11,219
7252,2025-12-12,77
7252,2025-12-13,77
7252,2025-12-14,67
7252,2025-12-15,77
7252,2025-12-16,92
7252,2025-12-17,133
7252,2025-12-18,196
7252,2025-12-19,87
7252,2025-12-20,73
7252,2025-12-21,47
7256,2025-11-22,0
7256,2025-11-23,0
7256,2025-11-24,0
7256,2025-11-25,0
7256,2025-11-26,0
7256,2025-11-27,0
7256,2025-11-28,0
7256,2025-11-29,0
7256,2025-11-30,0
7256,2025-12-01,0
7256,2025-12-02,0
7256,2025-12-03,0
7256,2025-12-04,0
7256,2025-12-05,0
7256,2025-12-06,0
7256,2025-12-07,0
7256,2025-12-08,0
7256,2025-12-09,0
7256,2025-12-10,0
7256,2025-12-11,0
7256,2025-12-12,0
7256,2025-12-13,0
7256,2025-12-14,0
7256,2025-12-15,0
7256,2025-12-16,0
7256,2025-12-17,0
7256,2025-12-18,0
7256,2025-12-19,0
7256,2025-12-20,0
7256,2025-12-21,0
7274,2025-11-22,3961
7274,2025-11-23,3803
7274,2025-11-24,2962
7274,2025-11-25,2824
7274,2025-11-26,5505
7274,2025-11-27,8172
7274,2025-11-28,2007
7274,2025-11-29,1582
7274,2025-11-30,1473
7274,2025-12-01,1789
7274,2025-12-02,1622
7274,2025-12-03,3892
7274,2025-12-04,7293
7274,2025-12-05,2393
7274,2025-12-06,1558
7274,2025-12-07,1328
7274,2025-12-08,1506
7274,2025-12-09,1908
7274,2025-12-10,3086
7274,2025-12-11,6928
7274,2025-12-12,2867
7274,2025-12-13,1895
7274,2025-12-14,1491
7274,2025-12-15,1559
7274,2025-12-16,1931
7274,2025-12-17,3708
7274,2025-12-18,4841
7274,2025-12-19,1888
7274,2025-12-20,1954
7274,2025-12-21,872
7278,2025-11-22,44
7278,2025-11-23,50
7278,2025-11-24,35
7278,2025-11-25,26
7278,2025-11-26,39
7278,2025-11-27,91
7278,2025-11-28,26
7278,2025-11-29,22
7278,2025-11-30,25
7278,2025-12-01,22
7278,2025-12-02,18
7278,2025-12-03,38
7278,2025-12-04,86
7278,2025-12-05,23
7278,2025-12-06,26
7278,2025-12-07,24
7278,2025-12-08,25
7278,2025-12-09,27
7278,2025-12-10,31
7278,2025-12-11,84
7278,2025-12-12,20
7278,2025-12-13,20
7278,2025-12-14,18
7278,2025-12-15,22
7278,2025-12-16,26
7278,2025-12-17,39
7278,2025-12-18,69
7278,2025-12-19,25
7278,2025-12-20,23
7278,2025-12-21,17
7280,2025-11-22,0
7280,2025-11-23,4
7280,2025-11-24,0
7280,2025-11-25,1
7280,2025-11-26,2
7280,2025-11-27,5
7280,2025-11-28,2
7280,2025-11-29,1
7280,2025-11-30,1
7280,2025-12-01,1
7280,2025-12-02,1
7280,2025-12-03,3
7280,2025-12-04,31
7280,2025-12-05,2
7280,2025-12-06,2
7280,2025-12-07,2
7280,2025-12-08,2
7280,2025-12-09,2
7280,2025-12-10,3
7280,2025-12-11,13
7280,2025-12-12,2
7280,2025-12-13,2
7280,2025-12-14,1
7280,2025-12-15,2
7280,2025-12-16,2
7280,2025-12-17,3
7280,2025-12-18,10
7280,2025-12-19,2
7280,2025-12-20,2
7280,2025-12-21,1
7285,2025-11-22,3
7285,2025-11-23,12
7285,2025-11-24,8
7285,2025-11-25,2
7285,2025-11-26,7
7285,2025-11-27,12
7285,2025-11-28,2
7285,2025-11-29,2
7285,2025-11-30,2
7285,2025-12-01,2
7285,2025-12-02,2
7285,2025-12-03,21
7285,2025-12-04,49
7285,2025-12-05,4
7285,2025-12-06,5
7285,2025-12-07,4
7285,2025-12-08,4
7285,2025-12-09,4
7285,2025-12-10,7
7285,2025-12-11,20
7285,2025-12-12,4
7285,2025-12-13,4
7285,2025-12-14,4
7285,2025-12-15,5
7285,2025-12-16,5
7285,2025-12-17,8
7285,2025-12-18,27
7285,2025-12-19,5
7285,2025-12-20,5
7285,2025-12-21,3
7339,2025-11-22,31865
7339,2025-11-23,28086
7339,2025-11-24,25810
7339,2025-11-25,26468
7339,2025-11-26,42782
7339,2025-11-27,42563
7339,2025-11-28,15560
7339,2025-11-29,14523
7339,2025-11-30,13400
7339,2025-12-01,14215
7339,2025-12-02,17460
7339,2025-12-03,34418
7339,2025-12-04,40498
7339,2025-12-05,17249
7339,2025-12-06,15007
7339,2025-12-07,12578
7339,2025-12-08,12631
7339,2025-12-09,17251
7339,2025-12-10,27761
7339,2025-12-11,38319
7339,2025-12-12,14839
7339,2025-12-13,12828
7339,2025-12-14,11916
7339,2025-12-15,13998
7339,2025-12-16,16672
7339,2025-12-17,24515
7339,2025-12-18,29258
7339,2025-12-19,13899
7339,2025-12-20,11106
7339,2025-12-21,7587
7366,2025-11-22,4
7366,2025-11-23,3
7366,2025-11-24,3
7366,2025-11-25,9
7366,2025-11-26,9
7366,2025-11-27,10
7366,2025-11-28,4
7366,2025-11-29,4
7366,2025-11-30,2
7366,2025-12-01,2
7366,2025-12-02,3
7366,2025-12-03,5
7366,2025-12-04,10
7366,2025-12-05,3
7366,2025-12-06,4
7366,2025-12-07,3
7366,2025-12-08,3
7366,2025-12-09,3
7366,2025-12-10,4
7366,2025-12-11,9
7366,2025-12-12,2
7366,2025-12-13,3
7366,2025-12-14,8
7366,2025-12-15,8
7366,2025-12-16,9
7366,2025-12-17,10
7366,2025-12-18,6
7366,2025-12-19,3
7366,2025-12-20,3
7366,2025-12-21,1
7399,2025-11-22,1024
7399,2025-11-23,980
7399,2025-11-24,872
7399,2025-11-25,870
7399,2025-11-26,966
7399,2025-11-27,808
7399,2025-11-28,493
7399,2025-11-29,541
7399,2025-11-30,508
7399,2025-12-01,566
7399,2025-12-02,682
7399,2025-12-03,745
7399,2025-12-04,808
7399,2025-12-05,457
7399,2025-12-06,542
7399,2025-12-07,585
7399,2025-12-08,606
7399,2025-12-09,658
7399,2025-12-10,769
7399,2025-12-11,932
7399,2025-12-12,575
7399,2025-12-13,597
7399,2025-12-14,625
7399,2025-12-15,732
7399,2025-12-16,779
7399,2025-12-17,811
7399,2025-12-18,683
7399,2025-12-19,446
7399,2025-12-20,598
7399,2025-12-21,358
7401,2025-11-22,0
7401,2025-11-23,1
7401,2025-11-24,2
7401,2025-11-25,3
7401,2025-11-26,1
7401,2025-11-27,2
7401,2025-11-28,0
7401,2025-11-29,0
7401,2025-11-30,1
7401,2025-12-01,1
7401,2025-12-02,1
7401,2025-12-03,1
7401,2025-12-04,7
7401,2025-12-05,1
7401,2025-12-06,2
7401,2025-12-07,1
7401,2025-12-08,1
7401,2025-12-09,1
7401,2025-12-10,1
7401,2025-12-11,4
7401,2025-12-12,1
7401,2025-12-13,1
7401,2025-12-14,1
7401,2025-12-15,2
7401,2025-12-16,2
7401,2025-12-17,2
7401,2025-12-18,4
7401,2025-12-19,2
7401,2025-12-20,2
7401,2025-12-21,1
7412,2025-11-22,899
7412,2025-11-23,782
7412,2025-11-24,901
7412,2025-11-25,958
7412,2025-11-26,1010
7412,2025-11-27,877
7412,2025-11-28,518
7412,2025-11-29,594
7412,2025-11-30,572
7412,2025-12-01,649
7412,2025-12-02,612
7412,2025-12-03,797
7412,2025-12-04,1157
7412,2025-12-05,628
7412,2025-12-06,566
7412,2025-12-07,528
7412,2025-12-08,483
7412,2025-12-09,484
7412,2025-12-10,549
7412,2025-12-11,875
7412,2025-12-12,404
7412,2025-12-13,349
7412,2025-12-14,293
7412,2025-12-15,302
7412,2025-12-16,271
7412,2025-12-17,335
7412,2025-12-18,479
7412,2025-12-19,274
7412,2025-12-20,217
7412,2025-12-21,155
7416,2025-11-22,8
7416,2025-11-23,36
7416,2025-11-24,12
7416,2025-11-25,15
7416,2025-11-26,22
7416,2025-11-27,108
7416,2025-11-28,10
7416,2025-11-29,10
7416,2025-11-30,15
7416,2025-12-01,15
7416,2025-12-02,16
7416,2025-12-03,24
7416,2025-12-04,161
7416,2025-12-05,14
7416,2025-12-06,13
7416,2025-12-07,12
7416,2025-12-08,12
7416,2025-12-09,12
7416,2025-12-10,23
7416,2025-12-11,103
7416,2025-12-12,15
7416,2025-12-13,13
7416,2025-12-14,12
7416,2025-12-15,20
7416,2025-12-16,20
7416,2025-12-17,30
7416,2025-12-18,99
7416,2025-12-19,19
7416,2025-12-20,15
7416,2025-12-21,7
7432,2025-11-22,0
7432,2025-11-23,0
7432,2025-11-24,0
7432,2025-11-25,0
7432,2025-11-26,0
7432,2025-11-27,0
7432,2025-11-28,0
7432,2025-11-29,0
7432,2025-11-30,0
7432,2025-12-01,0
7432,2025-12-02,0
7432,2025-12-03,0
7432,2025-12-04,2
7432,2025-12-05,0
7432,2025-12-06,0
7432,2025-12-07,2
7432,2025-12-08,0
7432,2025-12-09,0
7432,2025-12-10,0
7432,2025-12-11,0
7432,2025-12-12,0
7432,2025-12-13,0
7432,2025-12-14,0
7432,2025-12-15,0
7432,2025-12-16,2
7432,2025-12-17,0
7432,2025-12-18,3
7432,2025-12-19,0
7432,2025-12-20,0
7432,2025-12-21,0
7458,2025-11-22,0
7458,2025-11-23,0
7458,2025-11-24,3
7458,2025-11-25,0
7458,2025-11-26,0
7458,2025-11-27,0
7458,2025-11-28,0
7458,2025-11-29,0
7458,2025-11-30,0
7458,2025-12-01,0
7458,2025-12-02,0
7458,2025-12-03,0
7458,2025-12-04,0
7458,2025-12-05,0
7458,2025-12-06,0
7458,2025-12-07,0
7458,2025-12-08,0
7458,2025-12-09,0
7458,2025-12-10,0
7458,2025-12-11,1
7458,2025-12-12,0
7458,2025-12-13,0
7458,2025-12-14,0
7458,2025-12-15,0
7458,2025-12-16,0
7458,2025-12-17,0
7458,2025-12-18,3
7458,2025-12-19,0
7458,2025-12-20,0
7458,2025-12-21,0
7515,2025-11-22,0
7515,2025-11-23,0
7515,2025-11-24,0
7515,2025-11-25,0
7515,2025-11-26,0
7515,2025-11-27,0
7515,2025-11-28,0
7515,2025-11-29,0
7515,2025-11-30,0
7515,2025-12-01,0
7515,2025-12-02,0
7515,2025-12-03,0
7515,2025-12-04,0
7515,2025-12-05,0
7515,2025-12-06,0
7515,2025-12-07,0
7515,2025-12-08,0
7515,2025-12-09,0
7515,2025-12-10,0
7515,2025-12-11,0
7515,2025-12-12,0
7515,2025-12-13,0
7515,2025-12-14,0
7515,2025-12-15,0
7515,2025-12-16,0
7515,2025-12-17,0
7515,2025-12-18,0
7515,2025-12-19,0
7515,2025-12-20,0
7515,2025-12-21,0
7562,2025-11-22,690
7562,2025-11-23,530
7562,2025-11-24,510
7562,2025-11-25,602
7562,2025-11-26,890
7562,2025-11-27,912
7562,2025-11-28,396
7562,2025-11-29,373
7562,2025-11-30,326
7562,2025-12-01,318
7562,2025-12-02,333
7562,2025-12-03,511
7562,2025-12-04,1116
7562,2025-12-05,411
7562,2025-12-06,352
7562,2025-12-07,276
7562,2025-12-08,339
7562,2025-12-09,294
7562,2025-12-10,447
7562,2025-12-11,946
7562,2025-12-12,313
7562,2025-12-13,239
7562,2025-12-14,214
7562,2025-12-15,263
7562,2025-12-16,287
7562,2025-12-17,374
7562,2025-12-18,679
7562,2025-12-19,331
7562,2025-12-20,228
7562,2025-12-21,165
7599,2025-11-22,1
7599,2025-11-23,1
7599,2025-11-24,1
7599,2025-11-25,0
7599,2025-11-26,0
7599,2025-11-27,0
7599,2025-11-28,0
7599,2025-11-29,0
7599,2025-11-30,0
7599,2025-12-01,0
7599,2025-12-02,0
7599,2025-12-03,0
7599,2025-12-04,0
7599,2025-12-05,0
7599,2025-12-06,0
7599,2025-12-07,0
7599,2025-12-08,0
7599,2025-12-09,0
7599,2025-12-10,0
7599,2025-12-11,0
7599,2025-12-12,0
7599,2025-12-13,0
7599,2025-12-14,0
7599,2025-12-15,0
7599,2025-12-16,0
7599,2025-12-17,0
7599,2025-12-18,0
7599,2025-12-19,0
7599,2025-12-20,0
7599,2025-12-21,0
7613,2025-11-22,12
7613,2025-11-23,4
7613,2025-11-24,5
7613,2025-11-25,8
7613,2025-11-26,12
7613,2025-11-27,8
7613,2025-11-28,3
7613,2025-11-29,6
7613,2025-11-30,6
7613,2025-12-01,3
7613,2025-12-02,4
7613,2025-12-03,9
7613,2025-12-04,20
7613,2025-12-05,4
7613,2025-12-06,6
7613,2025-12-07,5
7613,2025-12-08,4
7613,2025-12-09,6
7613,2025-12-10,8
7613,2025-12-11,13
7613,2025-12-12,5
7613,2025-12-13,5
7613,2025-12-14,4
7613,2025-12-15,5
7613,2025-12-16,7
7613,2025-12-17,9
7613,2025-12-18,12
7613,2025-12-19,6
7613,2025-12-20,5
7613,2025-12-21,3
7619,2025-11-22,9107
7619,2025-11-23,8265
7619,2025-11-24,7391
7619,2025-11-25,8039
7619,2025-11-26,10626
7619,2025-11-27,12627
7619,2025-11-28,5100
7619,2025-11-29,5251
7619,2025-11-30,5472
7619,2025-12-01,5509
7619,2025-12-02,5923
7619,2025-12-03,9074
7619,2025-12-04,14602
7619,2025-12-05,5186
7619,2025-12-06,5787
7619,2025-12-07,5618
7619,2025-12-08,5385
7619,2025-12-09,5956
7619,2025-12-10,8717
7619,2025-12-11,13399
7619,2025-12-12,6457
7619,2025-12-13,6606
7619,2025-12-14,6325
7619,2025-12-15,6684
7619,2025-12-16,8457
7619,2025-12-17,10707
7619,2025-12-18,12297
7619,2025-12-19,7229
7619,2025-12-20,7104
7619,2025-12-21,5827
7634,2025-11-22,0
7634,2025-11-23,0
7634,2025-11-24,0
7634,2025-11-25,0
7634,2025-11-26,0
7634,2025-11-27,0
7634,2025-11-28,0
7634,2025-11-29,0
7634,2025-11-30,0
7634,2025-12-01,0
7634,2025-12-02,0
7634,2025-12-03,0
7634,2025-12-04,0
7634,2025-12-05,0
7634,2025-12-06,0
7634,2025-12-07,0
7634,2025-12-08,0
7634,2025-12-09,0
7634,2025-12-10,0
7634,2025-12-11,0
7634,2025-12-12,0
7634,2025-12-13,0
7634,2025-12-14,0
7634,2025-12-15,0
7634,2025-12-16,0
7634,2025-12-17,0
7634,2025-12-18,0
7634,2025-12-19,0
7634,2025-12-20,0
7634,2025-12-21,0
7651,2025-11-22,396
7651,2025-11-23,282
7651,2025-11-24,359
7651,2025-11-25,382
7651,2025-11-26,399
7651,2025-11-27,356
7651,2025-11-28,217
7651,2025-11-29,207
7651,2025-11-30,156
7651,2025-12-01,140
7651,2025-12-02,150
7651,2025-12-03,195
7651,2025-12-04,409
7651,2025-12-05,119
7651,2025-12-06,118
7651,2025-12-07,118
7651,2025-12-08,110
7651,2025-12-09,121
7651,2025-12-10,155
7651,2025-12-11,327
7651,2025-12-12,116
7651,2025-12-13,84
7651,2025-12-14,91
7651,2025-12-15,143
7651,2025-12-16,148
7651,2025-12-17,220
7651,2025-12-18,281
7651,2025-12-19,108
7651,2025-12-20,76
7651,2025-12-21,53
7766,2025-11-22,162
7766,2025-11-23,143
7766,2025-11-24,135
7766,2025-11-25,178
7766,2025-11-26,180
7766,2025-11-27,255
7766,2025-11-28,127
7766,2025-11-29,135
7766,2025-11-30,125
7766,2025-12-01,123
7766,2025-12-02,140
7766,2025-12-03,119
7766,2025-12-04,241
7766,2025-12-05,118
7766,2025-12-06,93
7766,2025-12-07,89
7766,2025-12-08,90
7766,2025-12-09,92
7766,2025-12-10,107
7766,2025-12-11,195
7766,2025-12-12,98
7766,2025-12-13,77
7766,2025-12-14,72
7766,2025-12-15,87
7766,2025-12-16,107
7766,2025-12-17,114
7766,2025-12-18,289
7766,2025-12-19,181
7766,2025-12-20,104
7766,2025-12-21,87
7810,2025-11-22,7347
7810,2025-11-23,6540
7810,2025-11-24,5571
7810,2025-11-25,6461
7810,2025-11-26,10078
7810,2025-11-27,11960
7810,2025-11-28,4167
7810,2025-11-29,3604
7810,2025-11-30,4059
7810,2025-12-01,3895
7810,2025-12-02,4493
7810,2025-12-03,7546
7810,2025-12-04,11433
7810,2025-12-05,4572
7810,2025-12-06,4025
7810,2025-12-07,3759
7810,2025-12-08,3555
7810,2025-12-09,3844
7810,2025-12-10,6351
7810,2025-12-11,10969
7810,2025-12-12,4357
7810,2025-12-13,3586
7810,2025-12-14,3384
7810,2025-12-15,3460
7810,2025-12-16,4760
7810,2025-12-17,6703
7810,2025-12-18,9144
7810,2025-12-19,4297
7810,2025-12-20,3432
7810,2025-12-21,2309
7888,2025-11-22,0
7888,2025-11-23,0
7888,2025-11-24,0
7888,2025-11-25,0
7888,2025-11-26,0
7888,2025-11-27,0
7888,2025-11-28,0
7888,2025-11-29,0
7888,2025-11-30,0
7888,2025-12-01,0
7888,2025-12-02,0
7888,2025-12-03,0
7888,2025-12-04,0
7888,2025-12-05,0
7888,2025-12-06,0
7888,2025-12-07,0
7888,2025-12-08,0
7888,2025-12-09,0
7888,2025-12-10,0
7888,2025-12-11,0
7888,2025-12-12,0
7888,2025-12-13,0
7888,2025-12-14,0
7888,2025-12-15,0
7888,2025-12-16,0
7888,2025-12-17,0
7888,2025-12-18,0
7888,2025-12-19,0
7888,2025-12-20,0
7888,2025-12-21,0
7896,2025-11-22,17
7896,2025-11-23,24
7896,2025-11-24,22
7896,2025-11-25,34
7896,2025-11-26,31
7896,2025-11-27,118
7896,2025-11-28,21
7896,2025-11-29,18
7896,2025-11-30,21
7896,2025-12-01,21
7896,2025-12-02,22
7896,2025-12-03,27
7896,2025-12-04,127
7896,2025-12-05,26
7896,2025-12-06,31
7896,2025-12-07,30
7896,2025-12-08,23
7896,2025-12-09,23
7896,2025-12-10,28
7896,2025-12-11,108
7896,2025-12-12,33
7896,2025-12-13,24
7896,2025-12-14,23
7896,2025-12-15,29
7896,2025-12-16,29
7896,2025-12-17,32
7896,2025-12-18,104
7896,2025-12-19,32
7896,2025-12-20,23
7896,2025-12-21,21
7963,2025-11-22,7
7963,2025-11-23,4
7963,2025-11-24,5
7963,2025-11-25,3
7963,2025-11-26,5
7963,2025-11-27,7
7963,2025-11-28,4
7963,2025-11-29,5
7963,2025-11-30,5
7963,2025-12-01,5
7963,2025-12-02,5
7963,2025-12-03,6
7963,2025-12-04,10
7963,2025-12-05,6
7963,2025-12-06,6
7963,2025-12-07,5
7963,2025-12-08,7
7963,2025-12-09,6
7963,2025-12-10,4
7963,2025-12-11,4
7963,2025-12-12,3
7963,2025-12-13,3
7963,2025-12-14,3
7963,2025-12-15,4
7963,2025-12-16,5
7963,2025-12-17,5
7963,2025-12-18,5
7963,2025-12-19,5
7963,2025-12-20,5
7963,2025-12-21,5
7992,2025-11-22,1
7992,2025-11-23,1
7992,2025-11-24,1
7992,2025-11-25,2
7992,2025-11-26,2
7992,2025-11-27,2
7992,2025-11-28,1
7992,2025-11-29,2
7992,2025-11-30,2
7992,2025-12-01,3
7992,2025-12-02,2
7992,2025-12-03,2
7992,2025-12-04,3
7992,2025-12-05,2
7992,2025-12-06,2
7992,2025-12-07,2
7992,2025-12-08,2
7992,2025-12-09,2
7992,2025-12-10,2
7992,2025-12-11,4
7992,2025-12-12,2
7992,2025-12-13,2
7992,2025-12-14,2
7992,2025-12-15,3
7992,2025-12-16,3
7992,2025-12-17,3
7992,2025-12-18,3
7992,2025-12-19,3
7992,2025-12-20,3
7992,2025-12-21,2
8008,2025-11-22,0
8008,2025-11-23,0
8008,2025-11-24,0
8008,2025-11-25,0
8008,2025-11-26,0
8008,2025-11-27,0
8008,2025-11-28,0
8008,2025-11-29,0
8008,2025-11-30,0
8008,2025-12-01,0
8008,2025-12-02,0
8008,2025-12-03,0
8008,2025-12-04,0
8008,2025-12-05,0
8008,2025-12-06,0
8008,2025-12-07,0
8008,2025-12-08,0
8008,2025-12-09,0
8008,2025-12-10,0
8008,2025-12-11,0
8008,2025-12-12,0
8008,2025-12-13,0
8008,2025-12-14,0
8008,2025-12-15,0
8008,2025-12-16,0
8008,2025-12-17,0
8008,2025-12-18,0
8008,2025-12-19,0
8008,2025-12-20,0
8008,2025-12-21,0
8043,2025-11-22,397
8043,2025-11-23,348
8043,2025-11-24,286
8043,2025-11-25,276
8043,2025-11-26,449
8043,2025-11-27,511
8043,2025-11-28,221
8043,2025-11-29,197
8043,2025-11-30,230
8043,2025-12-01,236
8043,2025-12-02,220
8043,2025-12-03,369
8043,2025-12-04,617
8043,2025-12-05,226
8043,2025-12-06,215
8043,2025-12-07,207
8043,2025-12-08,208
8043,2025-12-09,217
8043,2025-12-10,314
8043,2025-12-11,606
8043,2025-12-12,252
8043,2025-12-13,212
8043,2025-12-14,189
8043,2025-12-15,223
8043,2025-12-16,236
8043,2025-12-17,322
8043,2025-12-18,408
8043,2025-12-19,246
8043,2025-12-20,187
8043,2025-12-21,133
8122,2025-11-22,5
8122,2025-11-23,7
8122,2025-11-24,7
8122,2025-11-25,7
8122,2025-11-26,5
8122,2025-11-27,5
8122,2025-11-28,1
8122,2025-11-29,1
8122,2025-11-30,2
8122,2025-12-01,3
8122,2025-12-02,4
8122,2025-12-03,5
8122,2025-12-04,10
8122,2025-12-05,3
8122,2025-12-06,3
8122,2025-12-07,3
8122,2025-12-08,3
8122,2025-12-09,3
8122,2025-12-10,4
8122,2025-12-11,8
8122,2025-12-12,3
8122,2025-12-13,3
8122,2025-12-14,2
8122,2025-12-15,6
8122,2025-12-16,3
8122,2025-12-17,5
8122,2025-12-18,6
8122,2025-12-19,4
8122,2025-12-20,3
8122,2025-12-21,2
8139,2025-11-22,47
8139,2025-11-23,19
8139,2025-11-24,34
8139,2025-11-25,40
8139,2025-11-26,33
8139,2025-11-27,37
8139,2025-11-28,14
8139,2025-11-29,11
8139,2025-11-30,13
8139,2025-12-01,13
8139,2025-12-02,16
8139,2025-12-03,26
8139,2025-12-04,42
8139,2025-12-05,10
8139,2025-12-06,12
8139,2025-12-07,11
8139,2025-12-08,10
8139,2025-12-09,13
8139,2025-12-10,20
8139,2025-12-11,36
8139,2025-12-12,14
8139,2025-12-13,10
8139,2025-12-14,11
8139,2025-12-15,13
8139,2025-12-16,15
8139,2025-12-17,22
8139,2025-12-18,29
8139,2025-12-19,17
8139,2025-12-20,12
8139,2025-12-21,9
8143,2025-11-22,0
8143,2025-11-23,0
8143,2025-11-24,0
8143,2025-11-25,0
8143,2025-11-26,0
8143,2025-11-27,0
8143,2025-11-28,0
8143,2025-11-29,0
8143,2025-11-30,0
8143,2025-12-01,0
8143,2025-12-02,0
8143,2025-12-03,0
8143,2025-12-04,0
8143,2025-12-05,0
8143,2025-12-06,0
8143,2025-12-07,0
8143,2025-12-08,0
8143,2025-12-09,0
8143,2025-12-10,0
8143,2025-12-11,0
8143,2025-12-12,0
8143,2025-12-13,0
8143,2025-12-14,0
8143,2025-12-15,0
8143,2025-12-16,0
8143,2025-12-17,0
8143,2025-12-18,0
8143,2025-12-19,0
8143,2025-12-20,0
8143,2025-12-21,0
8216,2025-11-22,8
8216,2025-11-23,14
8216,2025-11-24,23
8216,2025-11-25,17
8216,2025-11-26,17
8216,2025-11-27,27
8216,2025-11-28,18
8216,2025-11-29,17
8216,2025-11-30,11
8216,2025-12-01,10
8216,2025-12-02,12
8216,2025-12-03,17
8216,2025-12-04,46
8216,2025-12-05,13
8216,2025-12-06,15
8216,2025-12-07,11
8216,2025-12-08,11
8216,2025-12-09,13
8216,2025-12-10,19
8216,2025-12-11,38
8216,2025-12-12,12
8216,2025-12-13,12
8216,2025-12-14,10
8216,2025-12-15,12
8216,2025-12-16,13
8216,2025-12-17,22
8216,2025-12-18,30
8216,2025-12-19,13
8216,2025-12-20,10
8216,2025-12-21,12
8234,2025-11-22,0
8234,2025-11-23,0
8234,2025-11-24,1
8234,2025-11-25,0
8234,2025-11-26,0
8234,2025-11-27,0
8234,2025-11-28,0
8234,2025-11-29,0
8234,2025-11-30,0
8234,2025-12-01,0
8234,2025-12-02,0
8234,2025-12-03,0
8234,2025-12-04,0
8234,2025-12-05,0
8234,2025-12-06,0
8234,2025-12-07,0
8234,2025-12-08,0
8234,2025-12-09,0
8234,2025-12-10,0
8234,2025-12-11,0
8234,2025-12-12,0
8234,2025-12-13,0
8234,2025-12-14,0
8234,2025-12-15,0
8234,2025-12-16,0
8234,2025-12-17,0
8234,2025-12-18,0
8234,2025-12-19,0
8234,2025-12-20,0
8234,2025-12-21,0
8270,2025-11-22,3
8270,2025-11-23,13
8270,2025-11-24,11
8270,2025-11-25,6
8270,2025-11-26,9
8270,2025-11-27,36
8270,2025-11-28,14
8270,2025-11-29,8
8270,2025-11-30,8
8270,2025-12-01,10
8270,2025-12-02,11
8270,2025-12-03,12
8270,2025-12-04,27
8270,2025-12-05,17
8270,2025-12-06,14
8270,2025-12-07,14
8270,2025-12-08,13
8270,2025-12-09,13
8270,2025-12-10,17
8270,2025-12-11,50
8270,2025-12-12,22
8270,2025-12-13,13
8270,2025-12-14,11
8270,2025-12-15,16
8270,2025-12-16,16
8270,2025-12-17,18
8270,2025-12-18,49
8270,2025-12-19,22
8270,2025-12-20,18
8270,2025-12-21,11
8271,2025-11-22,133
8271,2025-11-23,122
8271,2025-11-24,140
8271,2025-11-25,160
8271,2025-11-26,223
8271,2025-11-27,255
8271,2025-11-28,78
8271,2025-11-29,79
8271,2025-11-30,67
8271,2025-12-01,61
8271,2025-12-02,80
8271,2025-12-03,135
8271,2025-12-04,225
8271,2025-12-05,91
8271,2025-12-06,84
8271,2025-12-07,66
8271,2025-12-08,70
8271,2025-12-09,95
8271,2025-12-10,146
8271,2025-12-11,297
8271,2025-12-12,82
8271,2025-12-13,59
8271,2025-12-14,49
8271,2025-12-15,72
8271,2025-12-16,85
8271,2025-12-17,130
8271,2025-12-18,171
8271,2025-12-19,92
8271,2025-12-20,57
8271,2025-12-21,39
8304,2025-11-22,199
8304,2025-11-23,356
8304,2025-11-24,198
8304,2025-11-25,178
8304,2025-11-26,254
8304,2025-11-27,607
8304,2025-11-28,233
8304,2025-11-29,103
8304,2025-11-30,109
8304,2025-12-01,124
8304,2025-12-02,141
8304,2025-12-03,243
8304,2025-12-04,680
8304,2025-12-05,268
8304,2025-12-06,131
8304,2025-12-07,141
8304,2025-12-08,130
8304,2025-12-09,155
8304,2025-12-10,305
8304,2025-12-11,1393
8304,2025-12-12,250
8304,2025-12-13,158
8304,2025-12-14,165
8304,2025-12-15,204
8304,2025-12-16,226
8304,2025-12-17,371
8304,2025-12-18,770
8304,2025-12-19,324
8304,2025-12-20,177
8304,2025-12-21,135
8375,2025-11-22,391
8375,2025-11-23,311
8375,2025-11-24,223
8375,2025-11-25,202
8375,2025-11-26,280
8375,2025-11-27,293
8375,2025-11-28,96
8375,2025-11-29,138
8375,2025-11-30,155
8375,2025-12-01,180
8375,2025-12-02,205
8375,2025-12-03,230
8375,2025-12-04,515
8375,2025-12-05,127
8375,2025-12-06,193
8375,2025-12-07,182
8375,2025-12-08,173
8375,2025-12-09,196
8375,2025-12-10,284
8375,2025-12-11,696
8375,2025-12-12,226
8375,2025-12-13,136
8375,2025-12-14,120
8375,2025-12-15,154
8375,2025-12-16,206
8375,2025-12-17,325
8375,2025-12-18,484
8375,2025-12-19,229
8375,2025-12-20,144
8375,2025-12-21,98
8377,2025-11-22,0
8377,2025-11-23,0
8377,2025-11-24,0
8377,2025-11-25,0
8377,2025-11-26,0
8377,2025-11-27,0
8377,2025-11-28,0
8377,2025-11-29,0
8377,2025-11-30,0
8377,2025-12-01,0
8377,2025-12-02,0
8377,2025-12-03,0
8377,2025-12-04,0
8377,2025-12-05,0
8377,2025-12-06,0
8377,2025-12-07,0
8377,2025-12-08,0
8377,2025-12-09,0
8377,2025-12-10,0
8377,2025-12-11,0
8377,2025-12-12,0
8377,2025-12-13,0
8377,2025-12-14,0
8377,2025-12-15,0
8377,2025-12-16,0
8377,2025-12-17,0
8377,2025-12-18,0
8377,2025-12-19,0
8377,2025-12-20,0
8377,2025-12-21,0
8428,2025-11-22,0
8428,2025-11-23,5
8428,2025-11-24,1
8428,2025-11-25,2
8428,2025-11-26,3
8428,2025-11-27,4
8428,2025-11-28,2
8428,2025-11-29,1
8428,2025-11-30,2
8428,2025-12-01,5
8428,2025-12-02,2
8428,2025-12-03,3
8428,2025-12-04,7
8428,2025-12-05,3
8428,2025-12-06,3
8428,2025-12-07,2
8428,2025-12-08,3
8428,2025-12-09,3
8428,2025-12-10,3
8428,2025-12-11,6
8428,2025-12-12,3
8428,2025-12-13,3
8428,2025-12-14,2
8428,2025-12-15,3
8428,2025-12-16,3
8428,2025-12-17,3
8428,2025-12-18,7
8428,2025-12-19,3
8428,2025-12-20,3
8428,2025-12-21,2
8445,2025-11-22,47
8445,2025-11-23,59
8445,2025-11-24,60
8445,2025-11-25,57
8445,2025-11-26,63
8445,2025-11-27,123
8445,2025-11-28,32
8445,2025-11-29,29
8445,2025-11-30,35
8445,2025-12-01,40
8445,2025-12-02,50
8445,2025-12-03,46
8445,2025-12-04,117
8445,2025-12-05,76
8445,2025-12-06,42
8445,2025-12-07,39
8445,2025-12-08,38
8445,2025-12-09,41
8445,2025-12-10,86
8445,2025-12-11,184
8445,2025-12-12,37
8445,2025-12-13,35
8445,2025-12-14,52
8445,2025-12-15,44
8445,2025-12-16,52
8445,2025-12-17,86
8445,2025-12-18,75
8445,2025-12-19,41
8445,2025-12-20,45
8445,2025-12-21,49
8503,2025-11-22,0
8503,2025-11-23,0
8503,2025-11-24,0
8503,2025-11-25,0
8503,2025-11-26,0
8503,2025-11-27,0
8503,2025-11-28,0
8503,2025-11-29,0
8503,2025-11-30,0
8503,2025-12-01,0
8503,2025-12-02,0
8503,2025-12-03,0
8503,2025-12-04,0
8503,2025-12-05,0
8503,2025-12-06,0
8503,2025-12-07,0
8503,2025-12-08,0
8503,2025-12-09,0
8503,2025-12-10,0
8503,2025-12-11,0
8503,2025-12-12,0
8503,2025-12-13,0
8503,2025-12-14,0
8503,2025-12-15,0
8503,2025-12-16,0
8503,2025-12-17,0
8503,2025-12-18,0
8503,2025-12-19,0
8503,2025-12-20,0
8503,2025-12-21,0
8504,2025-11-22,0
8504,2025-11-23,0
8504,2025-11-24,0
8504,2025-11-25,0
8504,2025-11-26,0
8504,2025-11-27,0
8504,2025-11-28,0
8504,2025-11-29,0
8504,2025-11-30,0
8504,2025-12-01,0
8504,2025-12-02,0
8504,2025-12-03,0
8504,2025-12-04,0
8504,2025-12-05,0
8504,2025-12-06,0
8504,2025-12-07,0
8504,2025-12-08,0
8504,2025-12-09,0
8504,2025-12-10,0
8504,2025-12-11,0
8504,2025-12-12,0
8504,2025-12-13,0
8504,2025-12-14,0
8504,2025-12-15,0
8504,2025-12-16,0
8504,2025-12-17,0
8504,2025-12-18,0
8504,2025-12-19,0
8504,2025-12-20,0
8504,2025-12-21,0
8545,2025-11-22,2962
8545,2025-11-23,2962
8545,2025-11-24,3103
8545,2025-11-25,3285
8545,2025-11-26,4967
8545,2025-11-27,5884
8545,2025-11-28,2542
8545,2025-11-29,2100
8545,2025-11-30,2091
8545,2025-12-01,2299
8545,2025-12-02,2489
8545,2025-12-03,3755
8545,2025-12-04,5535
8545,2025-12-05,2840
8545,2025-12-06,2279
8545,2025-12-07,1879
8545,2025-12-08,2185
8545,2025-12-09,2321
8545,2025-12-10,3146
8545,2025-12-11,6359
8545,2025-12-12,2682
8545,2025-12-13,2084
8545,2025-12-14,1597
8545,2025-12-15,1652
8545,2025-12-16,2055
8545,2025-12-17,2831
8545,2025-12-18,4092
8545,2025-12-19,2198
8545,2025-12-20,1688
8545,2025-12-21,1181
8592,2025-11-22,0
8592,2025-11-23,0
8592,2025-11-24,0
8592,2025-11-25,0
8592,2025-11-26,0
8592,2025-11-27,0
8592,2025-11-28,0
8592,2025-11-29,0
8592,2025-11-30,0
8592,2025-12-01,0
8592,2025-12-02,0
8592,2025-12-03,0
8592,2025-12-04,0
8592,2025-12-05,0
8592,2025-12-06,0
8592,2025-12-07,0
8592,2025-12-08,0
8592,2025-12-09,0
8592,2025-12-10,0
8592,2025-12-11,0
8592,2025-12-12,0
8592,2025-12-13,0
8592,2025-12-14,0
8592,2025-12-15,0
8592,2025-12-16,0
8592,2025-12-17,0
8592,2025-12-18,0
8592,2025-12-19,0
8592,2025-12-20,0
8592,2025-12-21,0
8593,2025-11-22,0
8593,2025-11-23,0
8593,2025-11-24,0
8593,2025-11-25,0
8593,2025-11-26,0
8593,2025-11-27,0
8593,2025-11-28,0
8593,2025-11-29,0
8593,2025-11-30,0
8593,2025-12-01,0
8593,2025-12-02,0
8593,2025-12-03,0
8593,2025-12-04,0
8593,2025-12-05,0
8593,2025-12-06,0
8593,2025-12-07,0
8593,2025-12-08,0
8593,2025-12-09,0
8593,2025-12-10,0
8593,2025-12-11,0
8593,2025-12-12,0
8593,2025-12-13,0
8593,2025-12-14,0
8593,2025-12-15,0
8593,2025-12-16,0
8593,2025-12-17,0
8593,2025-12-18,0
8593,2025-12-19,0
8593,2025-12-20,0
8593,2025-12-21,0
8619,2025-11-22,0
8619,2025-11-23,0
8619,2025-11-24,1
8619,2025-11-25,1
8619,2025-11-26,1
8619,2025-11-27,2
8619,2025-11-28,3
8619,2025-11-29,1
8619,2025-11-30,1
8619,2025-12-01,1
8619,2025-12-02,1
8619,2025-12-03,1
8619,2025-12-04,4
8619,2025-12-05,1
8619,2025-12-06,1
8619,2025-12-07,2
8619,2025-12-08,2
8619,2025-12-09,3
8619,2025-12-10,4
8619,2025-12-11,7
8619,2025-12-12,1
8619,2025-12-13,1
8619,2025-12-14,1
8619,2025-12-15,2
8619,2025-12-16,2
8619,2025-12-17,2
8619,2025-12-18,3
8619,2025-12-19,2
8619,2025-12-20,2
8619,2025-12-21,1
8628,2025-11-22,8
8628,2025-11-23,1
8628,2025-11-24,1
8628,2025-11-25,1
8628,2025-11-26,2
8628,2025-11-27,10
8628,2025-11-28,1
8628,2025-11-29,2
8628,2025-11-30,2
8628,2025-12-01,2
8628,2025-12-02,3
8628,2025-12-03,6
8628,2025-12-04,29
8628,2025-12-05,10
8628,2025-12-06,9
8628,2025-12-07,8
8628,2025-12-08,8
8628,2025-12-09,8
8628,2025-12-10,13
8628,2025-12-11,39
8628,2025-12-12,11
8628,2025-12-13,11
8628,2025-12-14,10
8628,2025-12-15,12
8628,2025-12-16,13
8628,2025-12-17,20
8628,2025-12-18,32
8628,2025-12-19,12
8628,2025-12-20,12
8628,2025-12-21,7
8656,2025-11-22,0
8656,2025-11-23,0
8656,2025-11-24,0
8656,2025-11-25,0
8656,2025-11-26,0
8656,2025-11-27,0
8656,2025-11-28,0
8656,2025-11-29,0
8656,2025-11-30,0
8656,2025-12-01,0
8656,2025-12-02,0
8656,2025-12-03,0
8656,2025-12-04,0
8656,2025-12-05,0
8656,2025-12-06,0
8656,2025-12-07,0
8656,2025-12-08,0
8656,2025-12-09,0
8656,2025-12-10,0
8656,2025-12-11,0
8656,2025-12-12,0
8656,2025-12-13,0
8656,2025-12-14,0
8656,2025-12-15,0
8656,2025-12-16,0
8656,2025-12-17,0
8656,2025-12-18,0
8656,2025-12-19,0
8656,2025-12-20,0
8656,2025-12-21,0
8682,2025-11-22,0
8682,2025-11-23,0
8682,2025-11-24,0
8682,2025-11-25,0
8682,2025-11-26,0
8682,2025-11-27,0
8682,2025-11-28,0
8682,2025-11-29,0
8682,2025-11-30,0
8682,2025-12-01,0
8682,2025-12-02,0
8682,2025-12-03,0
8682,2025-12-04,0
8682,2025-12-05,0
8682,2025-12-06,0
8682,2025-12-07,0
8682,2025-12-08,0
8682,2025-12-09,0
8682,2025-12-10,0
8682,2025-12-11,0
8682,2025-12-12,0
8682,2025-12-13,0
8682,2025-12-14,0
8682,2025-12-15,0
8682,2025-12-16,0
8682,2025-12-17,0
8682,2025-12-18,0
8682,2025-12-19,0
8682,2025-12-20,0
8682,2025-12-21,0
8695,2025-11-22,37
8695,2025-11-23,72
8695,2025-11-24,62
8695,2025-11-25,62
8695,2025-11-26,97
8695,2025-11-27,132
8695,2025-11-28,18
8695,2025-11-29,18
8695,2025-11-30,27
8695,2025-12-01,28
8695,2025-12-02,34
8695,2025-12-03,55
8695,2025-12-04,166
8695,2025-12-05,35
8695,2025-12-06,40
8695,2025-12-07,34
8695,2025-12-08,33
8695,2025-12-09,38
8695,2025-12-10,56
8695,2025-12-11,145
8695,2025-12-12,32
8695,2025-12-13,31
8695,2025-12-14,33
8695,2025-12-15,37
8695,2025-12-16,43
8695,2025-12-17,64
8695,2025-12-18,132
8695,2025-12-19,43
8695,2025-12-20,36
8695,2025-12-21,23
8699,2025-11-22,0
8699,2025-11-23,0
8699,2025-11-24,0
8699,2025-11-25,0
8699,2025-11-26,0
8699,2025-11-27,0
8699,2025-11-28,0
8699,2025-11-29,0
8699,2025-11-30,0
8699,2025-12-01,0
8699,2025-12-02,0
8699,2025-12-03,0
8699,2025-12-04,0
8699,2025-12-05,0
8699,2025-12-06,0
8699,2025-12-07,0
8699,2025-12-08,0
8699,2025-12-09,0
8699,2025-12-10,0
8699,2025-12-11,0
8699,2025-12-12,0
8699,2025-12-13,0
8699,2025-12-14,0
8699,2025-12-15,0
8699,2025-12-16,0
8699,2025-12-17,0
8699,2025-12-18,0
8699,2025-12-19,0
8699,2025-12-20,0
8699,2025-12-21,0
8715,2025-11-22,2776
8715,2025-11-23,2776
8715,2025-11-24,2633
8715,2025-11-25,2747
8715,2025-11-26,2979
8715,2025-11-27,2627
8715,2025-11-28,1452
8715,2025-11-29,1427
8715,2025-11-30,1597
8715,2025-12-01,1959
8715,2025-12-02,2018
8715,2025-12-03,2159
8715,2025-12-04,2423
8715,2025-12-05,1629
8715,2025-12-06,1707
8715,2025-12-07,1862
8715,2025-12-08,1859
8715,2025-12-09,2226
8715,2025-12-10,2475
8715,2025-12-11,3057
8715,2025-12-12,1909
8715,2025-12-13,2411
8715,2025-12-14,2075
8715,2025-12-15,2662
8715,2025-12-16,2935
8715,2025-12-17,3493
8715,2025-12-18,3013
8715,2025-12-19,2097
8715,2025-12-20,2251
8715,2025-12-21,1569
8728,2025-11-22,0
8728,2025-11-23,0
8728,2025-11-24,0
8728,2025-11-25,0
8728,2025-11-26,0
8728,2025-11-27,0
8728,2025-11-28,0
8728,2025-11-29,0
8728,2025-11-30,0
8728,2025-12-01,0
8728,2025-12-02,0
8728,2025-12-03,0
8728,2025-12-04,0
8728,2025-12-05,0
8728,2025-12-06,0
8728,2025-12-07,0
8728,2025-12-08,0
8728,2025-12-09,0
8728,2025-12-10,0
8728,2025-12-11,0
8728,2025-12-12,0
8728,2025-12-13,0
8728,2025-12-14,0
8728,2025-12-15,0
8728,2025-12-16,0
8728,2025-12-17,0
8728,2025-12-18,0
8728,2025-12-19,0
8728,2025-12-20,0
8728,2025-12-21,0
8738,2025-11-22,9
8738,2025-11-23,9
8738,2025-11-24,18
8738,2025-11-25,15
8738,2025-11-26,14
8738,2025-11-27,33
8738,2025-11-28,13
8738,2025-11-29,9
8738,2025-11-30,10
8738,2025-12-01,15
8738,2025-12-02,16
8738,2025-12-03,15
8738,2025-12-04,53
8738,2025-12-05,17
8738,2025-12-06,14
8738,2025-12-07,10
8738,2025-12-08,12
8738,2025-12-09,13
8738,2025-12-10,17
8738,2025-12-11,34
8738,2025-12-12,13
8738,2025-12-13,11
8738,2025-12-14,13
8738,2025-12-15,16
8738,2025-12-16,18
8738,2025-12-17,20
8738,2025-12-18,52
8738,2025-12-19,25
8738,2025-12-20,14
8738,2025-12-21,9
8789,2025-11-22,0
8789,2025-11-23,0
8789,2025-11-24,0
8789,2025-11-25,1
8789,2025-11-26,1
8789,2025-11-27,1
8789,2025-11-28,1
8789,2025-11-29,1
8789,2025-11-30,1
8789,2025-12-01,1
8789,2025-12-02,1
8789,2025-12-03,2
8789,2025-12-04,3
8789,2025-12-05,1
8789,2025-12-06,2
8789,2025-12-07,2
8789,2025-12-08,2
8789,2025-12-09,2
8789,2025-12-10,2
8789,2025-12-11,3
8789,2025-12-12,2
8789,2025-12-13,2
8789,2025-12-14,1
8789,2025-12-15,2
8789,2025-12-16,2
8789,2025-12-17,2
8789,2025-12-18,3
8789,2025-12-19,2
8789,2025-12-20,2
8789,2025-12-21,1
8837,2025-11-22,186
8837,2025-11-23,141
8837,2025-11-24,127
8837,2025-11-25,140
8837,2025-11-26,135
8837,2025-11-27,229
8837,2025-11-28,57
8837,2025-11-29,66
8837,2025-11-30,74
8837,2025-12-01,79
8837,2025-12-02,83
8837,2025-12-03,99
8837,2025-12-04,185
8837,2025-12-05,74
8837,2025-12-06,59
8837,2025-12-07,50
8837,2025-12-08,51
8837,2025-12-09,58
8837,2025-12-10,65
8837,2025-12-11,126
8837,2025-12-12,51
8837,2025-12-13,49
8837,2025-12-14,61
8837,2025-12-15,64
8837,2025-12-16,67
8837,2025-12-17,67
8837,2025-12-18,114
8837,2025-12-19,53
8837,2025-12-20,43
8837,2025-12-21,33
8838,2025-11-22,435
8838,2025-11-23,297
8838,2025-11-24,457
8838,2025-11-25,464
8838,2025-11-26,744
8838,2025-11-27,840
8838,2025-11-28,269
8838,2025-11-29,220
8838,2025-11-30,206
8838,2025-12-01,227
8838,2025-12-02,251
8838,2025-12-03,467
8838,2025-12-04,807
8838,2025-12-05,331
8838,2025-12-06,356
8838,2025-12-07,318
8838,2025-12-08,252
8838,2025-12-09,370
8838,2025-12-10,357
8838,2025-12-11,860
8838,2025-12-12,294
8838,2025-12-13,223
8838,2025-12-14,190
8838,2025-12-15,258
8838,2025-12-16,276
8838,2025-12-17,420
8838,2025-12-18,632
8838,2025-12-19,308
8838,2025-12-20,216
8838,2025-12-21,158
8840,2025-11-22,113
8840,2025-11-23,115
8840,2025-11-24,100
8840,2025-11-25,102
8840,2025-11-26,133
8840,2025-11-27,141
8840,2025-11-28,58
8840,2025-11-29,56
8840,2025-11-30,65
8840,2025-12-01,58
8840,2025-12-02,61
8840,2025-12-03,85
8840,2025-12-04,130
8840,2025-12-05,60
8840,2025-12-06,70
8840,2025-12-07,79
8840,2025-12-08,76
8840,2025-12-09,82
8840,2025-12-10,89
8840,2025-12-11,133
8840,2025-12-12,59
8840,2025-12-13,63
8840,2025-12-14,68
8840,2025-12-15,78
8840,2025-12-16,84
8840,2025-12-17,98
8840,2025-12-18,134
8840,2025-12-19,67
8840,2025-12-20,64
8840,2025-12-21,44
8856,2025-11-22,623
8856,2025-11-23,854
8856,2025-11-24,586
8856,2025-11-25,477
8856,2025-11-26,756
8856,2025-11-27,2141
8856,2025-11-28,719
8856,2025-11-29,517
8856,2025-11-30,468
8856,2025-12-01,598
8856,2025-12-02,649
8856,2025-12-03,801
8856,2025-12-04,2602
8856,2025-12-05,1020
8856,2025-12-06,639
8856,2025-12-07,635
8856,2025-12-08,696
8856,2025-12-09,721
8856,2025-12-10,1010
8856,2025-12-11,3524
8856,2025-12-12,1036
8856,2025-12-13,650
8856,2025-12-14,673
8856,2025-12-15,797
8856,2025-12-16,926
8856,2025-12-17,1290
8856,2025-12-18,2471
8856,2025-12-19,1263
8856,2025-12-20,726
8856,2025-12-21,674
8913,2025-11-22,89
8913,2025-11-23,102
8913,2025-11-24,44
8913,2025-11-25,52
8913,2025-11-26,95
8913,2025-11-27,210
8913,2025-11-28,48
8913,2025-11-29,29
8913,2025-11-30,33
8913,2025-12-01,40
8913,2025-12-02,46
8913,2025-12-03,80
8913,2025-12-04,275
8913,2025-12-05,73
8913,2025-12-06,35
8913,2025-12-07,41
8913,2025-12-08,39
8913,2025-12-09,48
8913,2025-12-10,62
8913,2025-12-11,194
8913,2025-12-12,48
8913,2025-12-13,38
8913,2025-12-14,36
8913,2025-12-15,42
8913,2025-12-16,50
8913,2025-12-17,66
8913,2025-12-18,143
8913,2025-12-19,45
8913,2025-12-20,30
8913,2025-12-21,24
8930,2025-11-22,0
8930,2025-11-23,0
8930,2025-11-24,0
8930,2025-11-25,0
8930,2025-11-26,0
8930,2025-11-27,0
8930,2025-11-28,0
8930,2025-11-29,0
8930,2025-11-30,0
8930,2025-12-01,0
8930,2025-12-02,0
8930,2025-12-03,0
8930,2025-12-04,0
8930,2025-12-05,0
8930,2025-12-06,0
8930,2025-12-07,0
8930,2025-12-08,0
8930,2025-12-09,0
8930,2025-12-10,0
8930,2025-12-11,0
8930,2025-12-12,0
8930,2025-12-13,0
8930,2025-12-14,0
8930,2025-12-15,0
8930,2025-12-16,0
8930,2025-12-17,0
8930,2025-12-18,0
8930,2025-12-19,0
8930,2025-12-20,0
8930,2025-12-21,0
8957,2025-11-22,0
8957,2025-11-23,0
8957,2025-11-24,0
8957,2025-11-25,0
8957,2025-11-26,0
8957,2025-11-27,0
8957,2025-11-28,0
8957,2025-11-29,0
8957,2025-11-30,0
8957,2025-12-01,0
8957,2025-12-02,0
8957,2025-12-03,0
8957,2025-12-04,0
8957,2025-12-05,0
8957,2025-12-06,0
8957,2025-12-07,0
8957,2025-12-08,0
8957,2025-12-09,0
8957,2025-12-10,0
8957,2025-12-11,0
8957,2025-12-12,0
8957,2025-12-13,0
8957,2025-12-14,0
8957,2025-12-15,0
8957,2025-12-16,0
8957,2025-12-17,0
8957,2025-12-18,0
8957,2025-12-19,0
8957,2025-12-20,0
8957,2025-12-21,0
8978,2025-11-22,30244
8978,2025-11-23,26478
8978,2025-11-24,25119
8978,2025-11-25,26012
8978,2025-11-26,36555
8978,2025-11-27,36320
8978,2025-11-28,14059
8978,2025-11-29,15026
8978,2025-11-30,14012
8978,2025-12-01,15007
8978,2025-12-02,14812
8978,2025-12-03,21443
8978,2025-12-04,29167
8978,2025-12-05,13106
8978,2025-12-06,13389
8978,2025-12-07,12975
8978,2025-12-08,12247
8978,2025-12-09,13232
8978,2025-12-10,21954
8978,2025-12-11,29261
8978,2025-12-12,13561
8978,2025-12-13,10456
8978,2025-12-14,9891
8978,2025-12-15,11648
8978,2025-12-16,14041
8978,2025-12-17,19880
8978,2025-12-18,24847
8978,2025-12-19,13130
8978,2025-12-20,10322
8978,2025-12-21,7924
8979,2025-11-22,513
8979,2025-11-23,455
8979,2025-11-24,322
8979,2025-11-25,322
8979,2025-11-26,740
8979,2025-11-27,1270
8979,2025-11-28,379
8979,2025-11-29,251
8979,2025-11-30,266
8979,2025-12-01,291
8979,2025-12-02,316
8979,2025-12-03,602
8979,2025-12-04,1189
8979,2025-12-05,340
8979,2025-12-06,268
8979,2025-12-07,255
8979,2025-12-08,246
8979,2025-12-09,304
8979,2025-12-10,395
8979,2025-12-11,824
8979,2025-12-12,308
8979,2025-12-13,264
8979,2025-12-14,254
8979,2025-12-15,242
8979,2025-12-16,342
8979,2025-12-17,589
8979,2025-12-18,752
8979,2025-12-19,423
8979,2025-12-20,236
8979,2025-12-21,185
8999,2025-11-22,1473
8999,2025-11-23,1743
8999,2025-11-24,1468
8999,2025-11-25,1371
8999,2025-11-26,2373
8999,2025-11-27,3793
8999,2025-11-28,1039
8999,2025-11-29,940
8999,2025-11-30,826
8999,2025-12-01,1133
8999,2025-12-02,1362
8999,2025-12-03,1876
8999,2025-12-04,4310
8999,2025-12-05,1582
8999,2025-12-06,1275
8999,2025-12-07,1041
8999,2025-12-08,1090
8999,2025-12-09,1178
8999,2025-12-10,2024
8999,2025-12-11,4208
8999,2025-12-12,1421
8999,2025-12-13,1164
8999,2025-12-14,1157
8999,2025-12-15,1410
8999,2025-12-16,1470
8999,2025-12-17,2791
8999,2025-12-18,4293
8999,2025-12-19,1518
8999,2025-12-20,1168
8999,2025-12-21,997
9059,2025-11-22,1641
9059,2025-11-23,2276
9059,2025-11-24,1858
9059,2025-11-25,1735
9059,2025-11-26,1965
9059,2025-11-27,3366
9059,2025-11-28,1837
9059,2025-11-29,1420
9059,2025-11-30,1659
9059,2025-12-01,1627
9059,2025-12-02,1814
9059,2025-12-03,2070
9059,2025-12-04,4348
9059,2025-12-05,2236
9059,2025-12-06,1964
9059,2025-12-07,1814
9059,2025-12-08,1899
9059,2025-12-09,1967
9059,2025-12-10,2153
9059,2025-12-11,4337
9059,2025-12-12,2094
9059,2025-12-13,1944
9059,2025-12-14,1964
9059,2025-12-15,2186
9059,2025-12-16,2556
9059,2025-12-17,2575
9059,2025-12-18,4247
9059,2025-12-19,2570
9059,2025-12-20,2003
9059,2025-12-21,1934
9062,2025-11-22,0
9062,2025-11-23,0
9062,2025-11-24,0
9062,2025-11-25,0
9062,2025-11-26,0
9062,2025-11-27,0
9062,2025-11-28,0
9062,2025-11-29,0
9062,2025-11-30,0
9062,2025-12-01,0
9062,2025-12-02,0
9062,2025-12-03,0
9062,2025-12-04,0
9062,2025-12-05,0
9062,2025-12-06,0
9062,2025-12-07,0
9062,2025-12-08,0
9062,2025-12-09,0
9062,2025-12-10,0
9062,2025-12-11,0
9062,2025-12-12,0
9062,2025-12-13,0
9062,2025-12-14,0
9062,2025-12-15,0
9062,2025-12-16,0
9062,2025-12-17,0
9062,2025-12-18,0
9062,2025-12-19,0
9062,2025-12-20,0
9062,2025-12-21,0
9063,2025-11-22,128
9063,2025-11-23,119
9063,2025-11-24,79
9063,2025-11-25,66
9063,2025-11-26,122
9063,2025-11-27,152
9063,2025-11-28,57
9063,2025-11-29,44
9063,2025-11-30,28
9063,2025-12-01,29
9063,2025-12-02,42
9063,2025-12-03,130
9063,2025-12-04,219
9063,2025-12-05,58
9063,2025-12-06,49
9063,2025-12-07,44
9063,2025-12-08,38
9063,2025-12-09,33
9063,2025-12-10,66
9063,2025-12-11,197
9063,2025-12-12,60
9063,2025-12-13,31
9063,2025-12-14,26
9063,2025-12-15,32
9063,2025-12-16,34
9063,2025-12-17,49
9063,2025-12-18,90
9063,2025-12-19,39
9063,2025-12-20,30
9063,2025-12-21,21
9076,2025-11-22,0
9076,2025-11-23,0
9076,2025-11-24,0
9076,2025-11-25,0
9076,2025-11-26,0
9076,2025-11-27,0
9076,2025-11-28,0
9076,2025-11-29,0
9076,2025-11-30,0
9076,2025-12-01,0
9076,2025-12-02,0
9076,2025-12-03,0
9076,2025-12-04,0
9076,2025-12-05,0
9076,2025-12-06,0
9076,2025-12-07,0
9076,2025-12-08,0
9076,2025-12-09,0
9076,2025-12-10,0
9076,2025-12-11,0
9076,2025-12-12,0
9076,2025-12-13,0
9076,2025-12-14,0
9076,2025-12-15,0
9076,2025-12-16,0
9076,2025-12-17,0
9076,2025-12-18,0
9076,2025-12-19,0
9076,2025-12-20,0
9076,2025-12-21,0
9077,2025-11-22,92
9077,2025-11-23,208
9077,2025-11-24,104
9077,2025-11-25,68
9077,2025-11-26,122
9077,2025-11-27,366
9077,2025-11-28,92
9077,2025-11-29,59
9077,2025-11-30,66
9077,2025-12-01,80
9077,2025-12-02,81
9077,2025-12-03,130
9077,2025-12-04,451
9077,2025-12-05,108
9077,2025-12-06,120
9077,2025-12-07,123
9077,2025-12-08,126
9077,2025-12-09,125
9077,2025-12-10,145
9077,2025-12-11,678
9077,2025-12-12,181
9077,2025-12-13,124
9077,2025-12-14,118
9077,2025-12-15,148
9077,2025-12-16,148
9077,2025-12-17,205
9077,2025-12-18,518
9077,2025-12-19,180
9077,2025-12-20,129
9077,2025-12-21,98
9091,2025-11-22,137
9091,2025-11-23,124
9091,2025-11-24,81
9091,2025-11-25,77
9091,2025-11-26,160
9091,2025-11-27,219
9091,2025-11-28,97
9091,2025-11-29,71
9091,2025-11-30,73
9091,2025-12-01,69
9091,2025-12-02,68
9091,2025-12-03,137
9091,2025-12-04,293
9091,2025-12-05,112
9091,2025-12-06,70
9091,2025-12-07,71
9091,2025-12-08,55
9091,2025-12-09,62
9091,2025-12-10,94
9091,2025-12-11,210
9091,2025-12-12,65
9091,2025-12-13,58
9091,2025-12-14,44
9091,2025-12-15,65
9091,2025-12-16,57
9091,2025-12-17,98
9091,2025-12-18,194
9091,2025-12-19,66
9091,2025-12-20,58
9091,2025-12-21,36
9150,2025-11-22,74
9150,2025-11-23,72
9150,2025-11-24,72
9150,2025-11-25,86
9150,2025-11-26,87
9150,2025-11-27,104
9150,2025-11-28,67
9150,2025-11-29,45
9150,2025-11-30,66
9150,2025-12-01,61
9150,2025-12-02,64
9150,2025-12-03,72
9150,2025-12-04,89
9150,2025-12-05,54
9150,2025-12-06,62
9150,2025-12-07,59
9150,2025-12-08,59
9150,2025-12-09,62
9150,2025-12-10,67
9150,2025-12-11,107
9150,2025-12-12,66
9150,2025-12-13,61
9150,2025-12-14,64
9150,2025-12-15,80
9150,2025-12-16,74
9150,2025-12-17,91
9150,2025-12-18,97
9150,2025-12-19,73
9150,2025-12-20,64
9150,2025-12-21,52
9220,2025-11-22,8
9220,2025-11-23,14
9220,2025-11-24,13
9220,2025-11-25,11
9220,2025-11-26,11
9220,2025-11-27,13
9220,2025-11-28,8
9220,2025-11-29,6
9220,2025-11-30,8
9220,2025-12-01,8
9220,2025-12-02,10
9220,2025-12-03,11
9220,2025-12-04,22
9220,2025-12-05,8
9220,2025-12-06,12
9220,2025-12-07,12
9220,2025-12-08,13
9220,2025-12-09,15
9220,2025-12-10,13
9220,2025-12-11,24
9220,2025-12-12,11
9220,2025-12-13,13
9220,2025-12-14,11
9220,2025-12-15,19
9220,2025-12-16,20
9220,2025-12-17,21
9220,2025-12-18,27
9220,2025-12-19,16
9220,2025-12-20,14
9220,2025-12-21,8
9221,2025-11-22,0
9221,2025-11-23,0
9221,2025-11-24,0
9221,2025-11-25,0
9221,2025-11-26,0
9221,2025-11-27,0
9221,2025-11-28,0
9221,2025-11-29,0
9221,2025-11-30,0
9221,2025-12-01,0
9221,2025-12-02,0
9221,2025-12-03,0
9221,2025-12-04,0
9221,2025-12-05,0
9221,2025-12-06,0
9221,2025-12-07,0
9221,2025-12-08,0
9221,2025-12-09,0
9221,2025-12-10,0
9221,2025-12-11,0
9221,2025-12-12,0
9221,2025-12-13,0
9221,2025-12-14,0
9221,2025-12-15,0
9221,2025-12-16,0
9221,2025-12-17,0
9221,2025-12-18,0
9221,2025-12-19,0
9221,2025-12-20,0
9221,2025-12-21,0
9308,2025-11-22,0
9308,2025-11-23,0
9308,2025-11-24,0
9308,2025-11-25,0
9308,2025-11-26,0
9308,2025-11-27,0
9308,2025-11-28,0
9308,2025-11-29,0
9308,2025-11-30,0
9308,2025-12-01,0
9308,2025-12-02,0
9308,2025-12-03,0
9308,2025-12-04,0
9308,2025-12-05,0
9308,2025-12-06,0
9308,2025-12-07,0
9308,2025-12-08,0
9308,2025-12-09,0
9308,2025-12-10,0
9308,2025-12-11,0
9308,2025-12-12,0
9308,2025-12-13,0
9308,2025-12-14,0
9308,2025-12-15,0
9308,2025-12-16,0
9308,2025-12-17,0
9308,2025-12-18,0
9308,2025-12-19,0
9308,2025-12-20,0
9308,2025-12-21,0
9356,2025-11-22,27863
9356,2025-11-23,27092
9356,2025-11-24,27293
9356,2025-11-25,27721
9356,2025-11-26,28602
9356,2025-11-27,24125
9356,2025-11-28,12520
9356,2025-11-29,13087
9356,2025-11-30,14801
9356,2025-12-01,16167
9356,2025-12-02,18124
9356,2025-12-03,24497
9356,2025-12-04,28114
9356,2025-12-05,17402
9356,2025-12-06,16015
9356,2025-12-07,13817
9356,2025-12-08,15135
9356,2025-12-09,17042
9356,2025-12-10,19830
9356,2025-12-11,23423
9356,2025-12-12,15818
9356,2025-12-13,15753
9356,2025-12-14,15308
9356,2025-12-15,16107
9356,2025-12-16,18519
9356,2025-12-17,21748
9356,2025-12-18,21823
9356,2025-12-19,16872
9356,2025-12-20,14407
9356,2025-12-21,11619
9508,2025-11-22,8
9508,2025-11-23,16
9508,2025-11-24,4
9508,2025-11-25,6
9508,2025-11-26,15
9508,2025-11-27,16
9508,2025-11-28,7
9508,2025-11-29,9
9508,2025-11-30,6
9508,2025-12-01,5
9508,2025-12-02,6
9508,2025-12-03,7
9508,2025-12-04,16
9508,2025-12-05,6
9508,2025-12-06,4
9508,2025-12-07,3
9508,2025-12-08,6
9508,2025-12-09,3
9508,2025-12-10,4
9508,2025-12-11,12
9508,2025-12-12,3
9508,2025-12-13,3
9508,2025-12-14,5
9508,2025-12-15,5
9508,2025-12-16,4
9508,2025-12-17,5
9508,2025-12-18,10
9508,2025-12-19,4
9508,2025-12-20,3
9508,2025-12-21,2
9547,2025-11-22,7667
9547,2025-11-23,12032
9547,2025-11-24,9335
9547,2025-11-25,6922
9547,2025-11-26,9657
9547,2025-11-27,32622
9547,2025-11-28,11348
9547,2025-11-29,6181
9547,2025-11-30,6786
9547,2025-12-01,6152
9547,2025-12-02,7266
9547,2025-12-03,10715
9547,2025-12-04,41338
9547,2025-12-05,14567
9547,2025-12-06,6984
9547,2025-12-07,6223
9547,2025-12-08,6366
9547,2025-12-09,7597
9547,2025-12-10,12214
9547,2025-12-11,40047
9547,2025-12-12,14662
9547,2025-12-13,7482
9547,2025-12-14,6975
9547,2025-12-15,8011
9547,2025-12-16,8162
9547,2025-12-17,13273
9547,2025-12-18,35995
9547,2025-12-19,13935
9547,2025-12-20,8520
9547,2025-12-21,9416
9581,2025-11-22,50
9581,2025-11-23,32
9581,2025-11-24,34
9581,2025-11-25,49
9581,2025-11-26,62
9581,2025-11-27,81
9581,2025-11-28,38
9581,2025-11-29,43
9581,2025-11-30,26
9581,2025-12-01,32
9581,2025-12-02,28
9581,2025-12-03,41
9581,2025-12-04,63
9581,2025-12-05,34
9581,2025-12-06,26
9581,2025-12-07,24
9581,2025-12-08,22
9581,2025-12-09,23
9581,2025-12-10,29
9581,2025-12-11,57
9581,2025-12-12,20
9581,2025-12-13,21
9581,2025-12-14,21
9581,2025-12-15,29
9581,2025-12-16,32
9581,2025-12-17,32
9581,2025-12-18,44
9581,2025-12-19,23
9581,2025-12-20,21
9581,2025-12-21,18
9600,2025-11-22,31
9600,2025-11-23,48
9600,2025-11-24,31
9600,2025-11-25,31
9600,2025-11-26,53
9600,2025-11-27,46
9600,2025-11-28,5
9600,2025-11-29,7
9600,2025-11-30,9
9600,2025-12-01,13
9600,2025-12-02,14
9600,2025-12-03,13
9600,2025-12-04,17
9600,2025-12-05,9
9600,2025-12-06,13
9600,2025-12-07,13
9600,2025-12-08,12
9600,2025-12-09,13
9600,2025-12-10,16
9600,2025-12-11,26
9600,2025-12-12,10
9600,2025-12-13,12
9600,2025-12-14,11
9600,2025-12-15,13
9600,2025-12-16,15
9600,2025-12-17,18
9600,2025-12-18,27
9600,2025-12-19,13
9600,2025-12-20,13
9600,2025-12-21,9
9647,2025-11-22,0
9647,2025-11-23,0
9647,2025-11-24,0
9647,2025-11-25,0
9647,2025-11-26,0
9647,2025-11-27,0
9647,2025-11-28,0
9647,2025-11-29,0
9647,2025-11-30,0
9647,2025-12-01,0
9647,2025-12-02,0
9647,2025-12-03,0
9647,2025-12-04,0
9647,2025-12-05,0
9647,2025-12-06,0
9647,2025-12-07,0
9647,2025-12-08,0
9647,2025-12-09,0
9647,2025-12-10,0
9647,2025-12-11,0
9647,2025-12-12,0
9647,2025-12-13,0
9647,2025-12-14,0
9647,2025-12-15,0
9647,2025-12-16,0
9647,2025-12-17,0
9647,2025-12-18,0
9647,2025-12-19,0
9647,2025-12-20,0
9647,2025-12-21,0
9681,2025-11-22,5
9681,2025-11-23,11
9681,2025-11-24,9
9681,2025-11-25,2
9681,2025-11-26,4
9681,2025-11-27,6
9681,2025-11-28,3
9681,2025-11-29,5
9681,2025-11-30,5
9681,2025-12-01,3
9681,2025-12-02,4
9681,2025-12-03,4
9681,2025-12-04,9
9681,2025-12-05,3
9681,2025-12-06,3
9681,2025-12-07,3
9681,2025-12-08,3
9681,2025-12-09,3
9681,2025-12-10,5
9681,2025-12-11,10
9681,2025-12-12,4
9681,2025-12-13,4
9681,2025-12-14,3
9681,2025-12-15,4
9681,2025-12-16,5
9681,2025-12-17,9
9681,2025-12-18,11
9681,2025-12-19,4
9681,2025-12-20,4
9681,2025-12-21,3
9704,2025-11-22,2
9704,2025-11-23,2
9704,2025-11-24,1
9704,2025-11-25,2
9704,2025-11-26,2
9704,2025-11-27,2
9704,2025-11-28,2
9704,2025-11-29,2
9704,2025-11-30,2
9704,2025-12-01,2
9704,2025-12-02,2
9704,2025-12-03,2
9704,2025-12-04,3
9704,2025-12-05,2
9704,2025-12-06,3
9704,2025-12-07,3
9704,2025-12-08,3
9704,2025-12-09,3
9704,2025-12-10,3
9704,2025-12-11,4
9704,2025-12-12,4
9704,2025-12-13,4
9704,2025-12-14,4
9704,2025-12-15,4
9704,2025-12-16,4
9704,2025-12-17,4
9704,2025-12-18,4
9704,2025-12-19,4
9704,2025-12-20,4
9704,2025-12-21,3
9749,2025-11-22,0
9749,2025-11-23,0
9749,2025-11-24,0
9749,2025-11-25,0
9749,2025-11-26,0
9749,2025-11-27,0
9749,2025-11-28,0
9749,2025-11-29,0
9749,2025-11-30,0
9749,2025-12-01,0
9749,2025-12-02,0
9749,2025-12-03,0
9749,2025-12-04,0
9749,2025-12-05,0
9749,2025-12-06,0
9749,2025-12-07,0
9749,2025-12-08,0
9749,2025-12-09,0
9749,2025-12-10,0
9749,2025-12-11,0
9749,2025-12-12,0
9749,2025-12-13,0
9749,2025-12-14,0
9749,2025-12-15,0
9749,2025-12-16,0
9749,2025-12-17,0
9749,2025-12-18,0
9749,2025-12-19,0
9749,2025-12-20,0
9749,2025-12-21,0
9767,2025-11-22,0
9767,2025-11-23,0
9767,2025-11-24,0
9767,2025-11-25,0
9767,2025-11-26,0
9767,2025-11-27,0
9767,2025-11-28,0
9767,2025-11-29,0
9767,2025-11-30,0
9767,2025-12-01,0
9767,2025-12-02,0
9767,2025-12-03,0
9767,2025-12-04,0
9767,2025-12-05,0
9767,2025-12-06,0
9767,2025-12-07,0
9767,2025-12-08,0
9767,2025-12-09,0
9767,2025-12-10,0
9767,2025-12-11,0
9767,2025-12-12,0
9767,2025-12-13,0
9767,2025-12-14,0
9767,2025-12-15,0
9767,2025-12-16,0
9767,2025-12-17,0
9767,2025-12-18,0
9767,2025-12-19,0
9767,2025-12-20,0
9767,2025-12-21,0
9770,2025-11-22,8033
9770,2025-11-23,8438
9770,2025-11-24,7097
9770,2025-11-25,6998
9770,2025-11-26,11949
9770,2025-11-27,16814
9770,2025-11-28,5407
9770,2025-11-29,4779
9770,2025-11-30,4891
9770,2025-12-01,4419
9770,2025-12-02,4568
9770,2025-12-03,8119
9770,2025-12-04,14959
9770,2025-12-05,5676
9770,2025-12-06,4523
9770,2025-12-07,4012
9770,2025-12-08,4253
9770,2025-12-09,4553
9770,2025-12-10,7780
9770,2025-12-11,15844
9770,2025-12-12,5561
9770,2025-12-13,4195
9770,2025-12-14,3706
9770,2025-12-15,4791
9770,2025-12-16,5530
9770,2025-12-17,8946
9770,2025-12-18,13246
9770,2025-12-19,6561
9770,2025-12-20,5315
9770,2025-12-21,2912
9806,2025-11-22,91
9806,2025-11-23,128
9806,2025-11-24,79
9806,2025-11-25,83
9806,2025-11-26,84
9806,2025-11-27,137
9806,2025-11-28,30
9806,2025-11-29,27
9806,2025-11-30,32
9806,2025-12-01,31
9806,2025-12-02,37
9806,2025-12-03,55
9806,2025-12-04,190
9806,2025-12-05,60
9806,2025-12-06,46
9806,2025-12-07,40
9806,2025-12-08,43
9806,2025-12-09,63
9806,2025-12-10,54
9806,2025-12-11,154
9806,2025-12-12,40
9806,2025-12-13,59
9806,2025-12-14,38
9806,2025-12-15,46
9806,2025-12-16,52
9806,2025-12-17,76
9806,2025-12-18,155
9806,2025-12-19,60
9806,2025-12-20,44
9806,2025-12-21,36
9814,2025-11-22,11577
9814,2025-11-23,10449
9814,2025-11-24,9684
9814,2025-11-25,10968
9814,2025-11-26,16539
9814,2025-11-27,18724
9814,2025-11-28,7733
9814,2025-11-29,5488
9814,2025-11-30,5732
9814,2025-12-01,5173
9814,2025-12-02,6241
9814,2025-12-03,9967
9814,2025-12-04,16247
9814,2025-12-05,7557
9814,2025-12-06,6488
9814,2025-12-07,4758
9814,2025-12-08,4486
9814,2025-12-09,5903
9814,2025-12-10,9668
9814,2025-12-11,16128
9814,2025-12-12,5322
9814,2025-12-13,4797
9814,2025-12-14,4347
9814,2025-12-15,5706
9814,2025-12-16,7185
9814,2025-12-17,11805
9814,2025-12-18,14051
9814,2025-12-19,6063
9814,2025-12-20,5179
9814,2025-12-21,3802
9879,2025-11-22,815
9879,2025-11-23,739
9879,2025-11-24,578
9879,2025-11-25,633
9879,2025-11-26,993
9879,2025-11-27,882
9879,2025-11-28,307
9879,2025-11-29,364
9879,2025-11-30,469
9879,2025-12-01,454
9879,2025-12-02,490
9879,2025-12-03,725
9879,2025-12-04,1300
9879,2025-12-05,326
9879,2025-12-06,367
9879,2025-12-07,391
9879,2025-12-08,375
9879,2025-12-09,413
9879,2025-12-10,566
9879,2025-12-11,808
9879,2025-12-12,411
9879,2025-12-13,339
9879,2025-12-14,338
9879,2025-12-15,380
9879,2025-12-16,405
9879,2025-12-17,582
9879,2025-12-18,923
9879,2025-12-19,461
9879,2025-12-20,320
9879,2025-12-21,252
9880,2025-11-22,55
9880,2025-11-23,160
9880,2025-11-24,86
9880,2025-11-25,46
9880,2025-11-26,108
9880,2025-11-27,323
9880,2025-11-28,38
9880,2025-11-29,34
9880,2025-11-30,49
9880,2025-12-01,32
9880,2025-12-02,36
9880,2025-12-03,84
9880,2025-12-04,247
9880,2025-12-05,37
9880,2025-12-06,49
9880,2025-12-07,44
9880,2025-12-08,43
9880,2025-12-09,47
9880,2025-12-10,69
9880,2025-12-11,274
9880,2025-12-12,51
9880,2025-12-13,47
9880,2025-12-14,40
9880,2025-12-15,51
9880,2025-12-16,54
9880,2025-12-17,111
9880,2025-12-18,284
9880,2025-12-19,79
9880,2025-12-20,50
9880,2025-12-21,35
9899,2025-11-22,16
9899,2025-11-23,19
9899,2025-11-24,15
9899,2025-11-25,21
9899,2025-11-26,21
9899,2025-11-27,74
9899,2025-11-28,21
9899,2025-11-29,16
9899,2025-11-30,18
9899,2025-12-01,22
9899,2025-12-02,20
9899,2025-12-03,39
9899,2025-12-04,162
9899,2025-12-05,27
9899,2025-12-06,22
9899,2025-12-07,23
9899,2025-12-08,21
9899,2025-12-09,22
9899,2025-12-10,36
9899,2025-12-11,160
9899,2025-12-12,31
9899,2025-12-13,21
9899,2025-12-14,22
9899,2025-12-15,27
9899,2025-12-16,28
9899,2025-12-17,48
9899,2025-12-18,126
9899,2025-12-19,36
9899,2025-12-20,23
9899,2025-12-21,20
9936,2025-11-22,0
9936,2025-11-23,0
9936,2025-11-24,0
9936,2025-11-25,0
9936,2025-11-26,0
9936,2025-11-27,0
9936,2025-11-28,0
9936,2025-11-29,0
9936,2025-11-30,0
9936,2025-12-01,0
9936,2025-12-02,0
9936,2025-12-03,0
9936,2025-12-04,0
9936,2025-12-05,0
9936,2025-12-06,0
9936,2025-12-07,0
9936,2025-12-08,0
9936,2025-12-09,0
9936,2025-12-10,0
9936,2025-12-11,0
9936,2025-12-12,0
9936,2025-12-13,0
9936,2025-12-14,0
9936,2025-12-15,0
9936,2025-12-16,0
9936,2025-12-17,0
9936,2025-12-18,0
9936,2025-12-19,0
9936,2025-12-20,0
9936,2025-12-21,0
9951,2025-11-22,386
9951,2025-11-23,411
9951,2025-11-24,384
9951,2025-11-25,419
9951,2025-11-26,599
9951,2025-11-27,830
9951,2025-11-28,221
9951,2025-11-29,221
9951,2025-11-30,215
9951,2025-12-01,162
9951,2025-12-02,231
9951,2025-12-03,361
9951,2025-12-04,835
9951,2025-12-05,310
9951,2025-12-06,246
9951,2025-12-07,189
9951,2025-12-08,171
9951,2025-12-09,187
9951,2025-12-10,296
9951,2025-12-11,857
9951,2025-12-12,310
9951,2025-12-13,193
9951,2025-12-14,152
9951,2025-12-15,189
9951,2025-12-16,236
9951,2025-12-17,338
9951,2025-12-18,643
9951,2025-12-19,281
9951,2025-12-20,173
9951,2025-12-21,118
