city_code,city,province,checkin,observed_so_far,predicted_demand,predicted_remaining
6261,abali,tehran,2025-11-22,8,10,2
6261,abali,tehran,2025-11-23,13,21,8
6261,abali,tehran,2025-11-24,5,13,8
6261,abali,tehran,2025-11-25,7,17,10
6261,abali,tehran,2025-11-26,4,18,14
6261,abali,tehran,2025-11-27,9,56,47
6261,abali,tehran,2025-11-28,2,16,14
6261,abali,tehran,2025-11-29,0,8,8
6261,abali,tehran,2025-11-30,0,10,10
6261,abali,tehran,2025-12-01,0,12,12
6261,abali,tehran,2025-12-02,0,13,13
6261,abali,tehran,2025-12-03,0,15,15
6261,abali,tehran,2025-12-04,2,61,59
6261,abali,tehran,2025-12-05,4,32,28
6261,abali,tehran,2025-12-06,1,16,15
6261,abali,tehran,2025-12-07,1,16,15
6261,abali,tehran,2025-12-08,1,18,17
6261,abali,tehran,2025-12-09,1,20,19
6261,abali,tehran,2025-12-10,1,32,31
6261,abali,tehran,2025-12-11,1,112,111
6261,abali,tehran,2025-12-12,1,33,32
6261,abali,tehran,2025-12-13,1,18,17
6261,abali,tehran,2025-12-14,1,18,17
6261,abali,tehran,2025-12-15,1,22,21
6261,abali,tehran,2025-12-16,2,24,22
6261,abali,tehran,2025-12-17,2,36,34
6261,abali,tehran,2025-12-18,1,110,109
6261,abali,tehran,2025-12-19,0,29,29
6261,abali,tehran,2025-12-20,0,18,18
6261,abali,tehran,2025-12-21,0,13,13
1053,abbasabad,mazandaran,2025-11-22,539,656,117
1053,abbasabad,mazandaran,2025-11-23,379,587,208
1053,abbasabad,mazandaran,2025-11-24,332,581,249
1053,abbasabad,mazandaran,2025-11-25,260,543,283
1053,abbasabad,mazandaran,2025-11-26,250,717,467
1053,abbasabad,mazandaran,2025-11-27,286,1032,746
1053,abbasabad,mazandaran,2025-11-28,134,458,324
1053,abbasabad,mazandaran,2025-11-29,80,348,268
1053,abbasabad,mazandaran,2025-11-30,55,347,292
1053,abbasabad,mazandaran,2025-12-01,37,355,318
1053,abbasabad,mazandaran,2025-12-02,43,394,351
1053,abbasabad,mazandaran,2025-12-03,102,658,556
1053,abbasabad,mazandaran,2025-12-04,80,788,708
1053,abbasabad,mazandaran,2025-12-05,8,256,248
1053,abbasabad,mazandaran,2025-12-06,14,252,238
1053,abbasabad,mazandaran,2025-12-07,15,271,256
1053,abbasabad,mazandaran,2025-12-08,39,347,308
1053,abbasabad,mazandaran,2025-12-09,19,309,290
1053,abbasabad,mazandaran,2025-12-10,19,422,403
1053,abbasabad,mazandaran,2025-12-11,19,808,789
1053,abbasabad,mazandaran,2025-12-12,13,353,340
1053,abbasabad,mazandaran,2025-12-13,16,303,287
1053,abbasabad,mazandaran,2025-12-14,9,275,266
1053,abbasabad,mazandaran,2025-12-15,11,303,292
1053,abbasabad,mazandaran,2025-12-16,19,347,328
1053,abbasabad,mazandaran,2025-12-17,20,536,516
1053,abbasabad,mazandaran,2025-12-18,12,706,694
1053,abbasabad,mazandaran,2025-12-19,4,341,337
1053,abbasabad,mazandaran,2025-12-20,4,292,288
1053,abbasabad,mazandaran,2025-12-21,0,262,262
6986,aboozeidabad,isfahan,2025-11-22,8,8,0
6986,aboozeidabad,isfahan,2025-11-23,38,42,4
6986,aboozeidabad,isfahan,2025-11-24,14,17,3
6986,aboozeidabad,isfahan,2025-11-25,6,9,3
6986,aboozeidabad,isfahan,2025-11-26,22,38,16
6986,aboozeidabad,isfahan,2025-11-27,36,100,64
6986,aboozeidabad,isfahan,2025-11-28,2,6,4
6986,aboozeidabad,isfahan,2025-11-29,1,4,3
6986,aboozeidabad,isfahan,2025-11-30,0,4,4
6986,aboozeidabad,isfahan,2025-12-01,0,4,4
6986,aboozeidabad,isfahan,2025-12-02,0,4,4
6986,aboozeidabad,isfahan,2025-12-03,2,9,7
6986,aboozeidabad,isfahan,2025-12-04,8,54,46
6986,aboozeidabad,isfahan,2025-12-05,0,4,4
6986,aboozeidabad,isfahan,2025-12-06,0,8,8
6986,aboozeidabad,isfahan,2025-12-07,0,9,9
6986,aboozeidabad,isfahan,2025-12-08,8,21,13
6986,aboozeidabad,isfahan,2025-12-09,0,9,9
6986,aboozeidabad,isfahan,2025-12-10,5,40,35
6986,aboozeidabad,isfahan,2025-12-11,17,149,132
6986,aboozeidabad,isfahan,2025-12-12,4,18,14
6986,aboozeidabad,isfahan,2025-12-13,0,9,9
6986,aboozeidabad,isfahan,2025-12-14,0,9,9
6986,aboozeidabad,isfahan,2025-12-15,0,8,8
6986,aboozeidabad,isfahan,2025-12-16,0,8,8
6986,aboozeidabad,isfahan,2025-12-17,0,23,23
6986,aboozeidabad,isfahan,2025-12-18,6,108,102
6986,aboozeidabad,isfahan,2025-12-19,0,9,9
6986,aboozeidabad,isfahan,2025-12-20,0,8,8
6986,aboozeidabad,isfahan,2025-12-21,0,7,7
2168,abrisham,isfahan,2025-11-22,3,3,0
2168,abrisham,isfahan,2025-11-23,6,6,0
2168,abrisham,isfahan,2025-11-24,3,3,0
2168,abrisham,isfahan,2025-11-25,3,3,0
2168,abrisham,isfahan,2025-11-26,3,3,0
2168,abrisham,isfahan,2025-11-27,1,1,0
2168,abrisham,isfahan,2025-11-28,0,0,0
2168,abrisham,isfahan,2025-11-29,1,1,0
2168,abrisham,isfahan,2025-11-30,1,1,0
2168,abrisham,isfahan,2025-12-01,1,1,0
2168,abrisham,isfahan,2025-12-02,0,0,0
2168,abrisham,isfahan,2025-12-03,0,0,0
2168,abrisham,isfahan,2025-12-04,0,1,1
2168,abrisham,isfahan,2025-12-05,0,0,0
2168,abrisham,isfahan,2025-12-06,0,1,1
2168,abrisham,isfahan,2025-12-07,0,1,1
2168,abrisham,isfahan,2025-12-08,0,1,1
2168,abrisham,isfahan,2025-12-09,0,1,1
2168,abrisham,isfahan,2025-12-10,0,1,1
2168,abrisham,isfahan,2025-12-11,0,2,2
2168,abrisham,isfahan,2025-12-12,0,1,1
2168,abrisham,isfahan,2025-12-13,0,2,2
2168,abrisham,isfahan,2025-12-14,0,2,2
2168,abrisham,isfahan,2025-12-15,1,3,2
2168,abrisham,isfahan,2025-12-16,0,2,2
2168,abrisham,isfahan,2025-12-17,0,2,2
2168,abrisham,isfahan,2025-12-18,0,2,2
2168,abrisham,isfahan,2025-12-19,0,2,2
2168,abrisham,isfahan,2025-12-20,0,2,2
2168,abrisham,isfahan,2025-12-21,0,1,1
9899,absard,tehran,2025-11-22,14,16,2
9899,absard,tehran,2025-11-23,13,18,5
9899,absard,tehran,2025-11-24,8,15,7
9899,absard,tehran,2025-11-25,10,20,10
9899,absard,tehran,2025-11-26,6,19,13
9899,absard,tehran,2025-11-27,19,72,53
9899,absard,tehran,2025-11-28,6,22,16
9899,absard,tehran,2025-11-29,6,16,10
9899,absard,tehran,2025-11-30,5,18,13
9899,absard,tehran,2025-12-01,7,21,14
9899,absard,tehran,2025-12-02,5,22,17
9899,absard,tehran,2025-12-03,10,38,28
9899,absard,tehran,2025-12-04,18,141,123
9899,absard,tehran,2025-12-05,2,21,19
9899,absard,tehran,2025-12-06,1,18,17
9899,absard,tehran,2025-12-07,1,17,16
9899,absard,tehran,2025-12-08,1,18,17
9899,absard,tehran,2025-12-09,2,22,20
9899,absard,tehran,2025-12-10,1,36,35
9899,absard,tehran,2025-12-11,8,160,152
9899,absard,tehran,2025-12-12,1,28,27
9899,absard,tehran,2025-12-13,1,17,16
9899,absard,tehran,2025-12-14,1,17,16
9899,absard,tehran,2025-12-15,1,20,19
9899,absard,tehran,2025-12-16,1,23,22
9899,absard,tehran,2025-12-17,2,36,34
9899,absard,tehran,2025-12-18,2,118,116
9899,absard,tehran,2025-12-19,1,29,28
9899,absard,tehran,2025-12-20,1,18,17
9899,absard,tehran,2025-12-21,4,20,16
1524,abu_musa,hormozgan,2025-11-22,11,11,0
1524,abu_musa,hormozgan,2025-11-23,11,11,0
1524,abu_musa,hormozgan,2025-11-24,11,12,1
1524,abu_musa,hormozgan,2025-11-25,13,14,1
1524,abu_musa,hormozgan,2025-11-26,11,13,2
1524,abu_musa,hormozgan,2025-11-27,7,9,2
1524,abu_musa,hormozgan,2025-11-28,3,4,1
1524,abu_musa,hormozgan,2025-11-29,2,3,1
1524,abu_musa,hormozgan,2025-11-30,7,9,2
1524,abu_musa,hormozgan,2025-12-01,3,6,3
1524,abu_musa,hormozgan,2025-12-02,1,3,2
1524,abu_musa,hormozgan,2025-12-03,4,7,3
1524,abu_musa,hormozgan,2025-12-04,3,6,3
1524,abu_musa,hormozgan,2025-12-05,0,0,0
1524,abu_musa,hormozgan,2025-12-06,0,0,0
1524,abu_musa,hormozgan,2025-12-07,0,0,0
1524,abu_musa,hormozgan,2025-12-08,0,0,0
1524,abu_musa,hormozgan,2025-12-09,0,0,0
1524,abu_musa,hormozgan,2025-12-10,3,6,3
1524,abu_musa,hormozgan,2025-12-11,1,3,2
1524,abu_musa,hormozgan,2025-12-12,0,0,0
1524,abu_musa,hormozgan,2025-12-13,0,0,0
1524,abu_musa,hormozgan,2025-12-14,1,4,3
1524,abu_musa,hormozgan,2025-12-15,2,7,5
1524,abu_musa,hormozgan,2025-12-16,3,11,8
1524,abu_musa,hormozgan,2025-12-17,3,11,8
1524,abu_musa,hormozgan,2025-12-18,2,7,5
1524,abu_musa,hormozgan,2025-12-19,1,4,3
1524,abu_musa,hormozgan,2025-12-20,0,0,0
1524,abu_musa,hormozgan,2025-12-21,0,0,0
8695,abyaneh,isfahan,2025-11-22,33,37,4
8695,abyaneh,isfahan,2025-11-23,58,73,15
8695,abyaneh,isfahan,2025-11-24,48,62,14
8695,abyaneh,isfahan,2025-11-25,45,62,17
8695,abyaneh,isfahan,2025-11-26,53,89,36
8695,abyaneh,isfahan,2025-11-27,51,135,84
8695,abyaneh,isfahan,2025-11-28,2,17,15
8695,abyaneh,isfahan,2025-11-29,2,16,14
8695,abyaneh,isfahan,2025-11-30,8,24,16
8695,abyaneh,isfahan,2025-12-01,4,30,26
8695,abyaneh,isfahan,2025-12-02,10,33,23
8695,abyaneh,isfahan,2025-12-03,14,48,34
8695,abyaneh,isfahan,2025-12-04,23,156,133
8695,abyaneh,isfahan,2025-12-05,8,29,21
8695,abyaneh,isfahan,2025-12-06,7,36,29
8695,abyaneh,isfahan,2025-12-07,5,31,26
8695,abyaneh,isfahan,2025-12-08,4,35,31
8695,abyaneh,isfahan,2025-12-09,5,38,33
8695,abyaneh,isfahan,2025-12-10,3,59,56
8695,abyaneh,isfahan,2025-12-11,3,165,162
8695,abyaneh,isfahan,2025-12-12,0,32,32
8695,abyaneh,isfahan,2025-12-13,1,38,37
8695,abyaneh,isfahan,2025-12-14,8,34,26
8695,abyaneh,isfahan,2025-12-15,0,38,38
8695,abyaneh,isfahan,2025-12-16,1,45,44
8695,abyaneh,isfahan,2025-12-17,0,59,59
8695,abyaneh,isfahan,2025-12-18,7,149,142
8695,abyaneh,isfahan,2025-12-19,1,36,35
8695,abyaneh,isfahan,2025-12-20,3,35,32
8695,abyaneh,isfahan,2025-12-21,0,28,28
7896,ahmadabade_mostowfi,tehran,2025-11-22,14,18,4
7896,ahmadabade_mostowfi,tehran,2025-11-23,17,26,9
7896,ahmadabade_mostowfi,tehran,2025-11-24,12,21,9
7896,ahmadabade_mostowfi,tehran,2025-11-25,21,35,14
7896,ahmadabade_mostowfi,tehran,2025-11-26,17,32,15
7896,ahmadabade_mostowfi,tehran,2025-11-27,64,117,53
7896,ahmadabade_mostowfi,tehran,2025-11-28,6,21,15
7896,ahmadabade_mostowfi,tehran,2025-11-29,5,17,12
7896,ahmadabade_mostowfi,tehran,2025-11-30,7,21,14
7896,ahmadabade_mostowfi,tehran,2025-12-01,5,22,17
7896,ahmadabade_mostowfi,tehran,2025-12-02,6,24,18
7896,ahmadabade_mostowfi,tehran,2025-12-03,6,26,20
7896,ahmadabade_mostowfi,tehran,2025-12-04,26,128,102
7896,ahmadabade_mostowfi,tehran,2025-12-05,3,25,22
7896,ahmadabade_mostowfi,tehran,2025-12-06,10,30,20
7896,ahmadabade_mostowfi,tehran,2025-12-07,9,27,18
7896,ahmadabade_mostowfi,tehran,2025-12-08,3,24,21
7896,ahmadabade_mostowfi,tehran,2025-12-09,3,25,22
7896,ahmadabade_mostowfi,tehran,2025-12-10,3,32,29
7896,ahmadabade_mostowfi,tehran,2025-12-11,13,110,97
7896,ahmadabade_mostowfi,tehran,2025-12-12,4,39,35
7896,ahmadabade_mostowfi,tehran,2025-12-13,3,22,19
7896,ahmadabade_mostowfi,tehran,2025-12-14,3,22,19
7896,ahmadabade_mostowfi,tehran,2025-12-15,3,26,23
7896,ahmadabade_mostowfi,tehran,2025-12-16,3,27,24
7896,ahmadabade_mostowfi,tehran,2025-12-17,3,32,29
7896,ahmadabade_mostowfi,tehran,2025-12-18,20,113,93
7896,ahmadabade_mostowfi,tehran,2025-12-19,1,35,34
7896,ahmadabade_mostowfi,tehran,2025-12-20,1,22,21
7896,ahmadabade_mostowfi,tehran,2025-12-21,3,22,19
4541,ahmadsargoorab,gilan,2025-11-22,0,0,0
4541,ahmadsargoorab,gilan,2025-11-23,0,0,0
4541,ahmadsargoorab,gilan,2025-11-24,2,2,0
4541,ahmadsargoorab,gilan,2025-11-25,3,3,0
4541,ahmadsargoorab,gilan,2025-11-26,1,2,1
4541,ahmadsargoorab,gilan,2025-11-27,1,3,2
4541,ahmadsargoorab,gilan,2025-11-28,0,0,0
4541,ahmadsargoorab,gilan,2025-11-29,0,0,0
4541,ahmadsargoorab,gilan,2025-11-30,0,0,0
4541,ahmadsargoorab,gilan,2025-12-01,0,0,0
4541,ahmadsargoorab,gilan,2025-12-02,2,3,1
4541,ahmadsargoorab,gilan,2025-12-03,0,1,1
4541,ahmadsargoorab,gilan,2025-12-04,0,3,3
4541,ahmadsargoorab,gilan,2025-12-05,0,0,0
4541,ahmadsargoorab,gilan,2025-12-06,0,0,0
4541,ahmadsargoorab,gilan,2025-12-07,0,0,0
4541,ahmadsargoorab,gilan,2025-12-08,0,0,0
4541,ahmadsargoorab,gilan,2025-12-09,2,3,1
4541,ahmadsargoorab,gilan,2025-12-10,0,1,1
4541,ahmadsargoorab,gilan,2025-12-11,0,2,2
4541,ahmadsargoorab,gilan,2025-12-12,0,0,0
4541,ahmadsargoorab,gilan,2025-12-13,0,0,0
4541,ahmadsargoorab,gilan,2025-12-14,0,0,0
4541,ahmadsargoorab,gilan,2025-12-15,0,0,0
4541,ahmadsargoorab,gilan,2025-12-16,0,0,0
4541,ahmadsargoorab,gilan,2025-12-17,0,1,1
4541,ahmadsargoorab,gilan,2025-12-18,0,1,1
4541,ahmadsargoorab,gilan,2025-12-19,0,1,1
4541,ahmadsargoorab,gilan,2025-12-20,0,0,0
4541,ahmadsargoorab,gilan,2025-12-21,0,0,0
3933,alasht,mazandaran,2025-11-22,52,56,4
3933,alasht,mazandaran,2025-11-23,43,52,9
3933,alasht,mazandaran,2025-11-24,17,24,7
3933,alasht,mazandaran,2025-11-25,16,27,11
3933,alasht,mazandaran,2025-11-26,19,40,21
3933,alasht,mazandaran,2025-11-27,26,84,58
3933,alasht,mazandaran,2025-11-28,0,11,11
3933,alasht,mazandaran,2025-11-29,1,13,12
3933,alasht,mazandaran,2025-11-30,3,16,13
3933,alasht,mazandaran,2025-12-01,5,17,12
3933,alasht,mazandaran,2025-12-02,2,20,18
3933,alasht,mazandaran,2025-12-03,16,53,37
3933,alasht,mazandaran,2025-12-04,17,154,137
3933,alasht,mazandaran,2025-12-05,3,19,16
3933,alasht,mazandaran,2025-12-06,7,28,21
3933,alasht,mazandaran,2025-12-07,6,23,17
3933,alasht,mazandaran,2025-12-08,2,20,18
3933,alasht,mazandaran,2025-12-09,3,22,19
3933,alasht,mazandaran,2025-12-10,6,43,37
3933,alasht,mazandaran,2025-12-11,10,140,130
3933,alasht,mazandaran,2025-12-12,2,25,23
3933,alasht,mazandaran,2025-12-13,1,19,18
3933,alasht,mazandaran,2025-12-14,1,16,15
3933,alasht,mazandaran,2025-12-15,1,17,16
3933,alasht,mazandaran,2025-12-16,2,19,17
3933,alasht,mazandaran,2025-12-17,8,43,35
3933,alasht,mazandaran,2025-12-18,8,83,75
3933,alasht,mazandaran,2025-12-19,1,22,21
3933,alasht,mazandaran,2025-12-20,1,18,17
3933,alasht,mazandaran,2025-12-21,0,12,12
1297,alavijeh,isfahan,2025-11-22,0,0,0
1297,alavijeh,isfahan,2025-11-23,0,0,0
1297,alavijeh,isfahan,2025-11-24,0,0,0
1297,alavijeh,isfahan,2025-11-25,0,0,0
1297,alavijeh,isfahan,2025-11-26,1,1,0
1297,alavijeh,isfahan,2025-11-27,1,1,0
1297,alavijeh,isfahan,2025-11-28,0,0,0
1297,alavijeh,isfahan,2025-11-29,0,0,0
1297,alavijeh,isfahan,2025-11-30,0,0,0
1297,alavijeh,isfahan,2025-12-01,0,0,0
1297,alavijeh,isfahan,2025-12-02,0,0,0
1297,alavijeh,isfahan,2025-12-03,0,0,0
1297,alavijeh,isfahan,2025-12-04,0,0,0
1297,alavijeh,isfahan,2025-12-05,0,0,0
1297,alavijeh,isfahan,2025-12-06,0,0,0
1297,alavijeh,isfahan,2025-12-07,0,0,0
1297,alavijeh,isfahan,2025-12-08,0,0,0
1297,alavijeh,isfahan,2025-12-09,0,0,0
1297,alavijeh,isfahan,2025-12-10,0,0,0
1297,alavijeh,isfahan,2025-12-11,0,1,1
1297,alavijeh,isfahan,2025-12-12,0,0,0
1297,alavijeh,isfahan,2025-12-13,0,0,0
1297,alavijeh,isfahan,2025-12-14,0,0,0
1297,alavijeh,isfahan,2025-12-15,0,1,1
1297,alavijeh,isfahan,2025-12-16,0,1,1
1297,alavijeh,isfahan,2025-12-17,0,0,0
1297,alavijeh,isfahan,2025-12-18,0,0,0
1297,alavijeh,isfahan,2025-12-19,0,0,0
1297,alavijeh,isfahan,2025-12-20,0,0,0
1297,alavijeh,isfahan,2025-12-21,0,0,0
2894,amirkola,mazandaran,2025-11-22,0,0,0
2894,amirkola,mazandaran,2025-11-23,0,0,0
2894,amirkola,mazandaran,2025-11-24,0,0,0
2894,amirkola,mazandaran,2025-11-25,0,0,0
2894,amirkola,mazandaran,2025-11-26,0,0,0
2894,amirkola,mazandaran,2025-11-27,0,0,0
2894,amirkola,mazandaran,2025-11-28,0,0,0
2894,amirkola,mazandaran,2025-11-29,0,0,0
2894,amirkola,mazandaran,2025-11-30,0,0,0
2894,amirkola,mazandaran,2025-12-01,0,0,0
2894,amirkola,mazandaran,2025-12-02,0,0,0
2894,amirkola,mazandaran,2025-12-03,0,0,0
2894,amirkola,mazandaran,2025-12-04,0,0,0
2894,amirkola,mazandaran,2025-12-05,0,0,0
2894,amirkola,mazandaran,2025-12-06,0,0,0
2894,amirkola,mazandaran,2025-12-07,0,0,0
2894,amirkola,mazandaran,2025-12-08,0,0,0
2894,amirkola,mazandaran,2025-12-09,0,0,0
2894,amirkola,mazandaran,2025-12-10,0,0,0
2894,amirkola,mazandaran,2025-12-11,0,0,0
2894,amirkola,mazandaran,2025-12-12,0,0,0
2894,amirkola,mazandaran,2025-12-13,0,0,0
2894,amirkola,mazandaran,2025-12-14,0,0,0
2894,amirkola,mazandaran,2025-12-15,0,0,0
2894,amirkola,mazandaran,2025-12-16,0,0,0
2894,amirkola,mazandaran,2025-12-17,0,0,0
2894,amirkola,mazandaran,2025-12-18,0,0,0
2894,amirkola,mazandaran,2025-12-19,0,0,0
2894,amirkola,mazandaran,2025-12-20,0,0,0
2894,amirkola,mazandaran,2025-12-21,0,0,0
5947,amlash,gilan,2025-11-22,137,149,12
5947,amlash,gilan,2025-11-23,97,125,28
5947,amlash,gilan,2025-11-24,91,131,40
5947,amlash,gilan,2025-11-25,89,138,49
5947,amlash,gilan,2025-11-26,133,241,108
5947,amlash,gilan,2025-11-27,91,220,129
5947,amlash,gilan,2025-11-28,20,55,35
5947,amlash,gilan,2025-11-29,17,52,35
5947,amlash,gilan,2025-11-30,17,53,36
5947,amlash,gilan,2025-12-01,16,76,60
5947,amlash,gilan,2025-12-02,21,85,64
5947,amlash,gilan,2025-12-03,31,128,97
5947,amlash,gilan,2025-12-04,17,185,168
5947,amlash,gilan,2025-12-05,10,68,58
5947,amlash,gilan,2025-12-06,12,82,70
5947,amlash,gilan,2025-12-07,12,78,66
5947,amlash,gilan,2025-12-08,14,74,60
5947,amlash,gilan,2025-12-09,10,68,58
5947,amlash,gilan,2025-12-10,14,101,87
5947,amlash,gilan,2025-12-11,17,205,188
5947,amlash,gilan,2025-12-12,8,75,67
5947,amlash,gilan,2025-12-13,0,49,49
5947,amlash,gilan,2025-12-14,1,54,53
5947,amlash,gilan,2025-12-15,6,83,77
5947,amlash,gilan,2025-12-16,3,67,64
5947,amlash,gilan,2025-12-17,0,81,81
5947,amlash,gilan,2025-12-18,4,125,121
5947,amlash,gilan,2025-12-19,0,56,56
5947,amlash,gilan,2025-12-20,0,50,50
5947,amlash,gilan,2025-12-21,0,45,45
2195,amol,mazandaran,2025-11-22,618,748,130
2195,amol,mazandaran,2025-11-23,540,761,221
2195,amol,mazandaran,2025-11-24,406,643,237
2195,amol,mazandaran,2025-11-25,339,627,288
2195,amol,mazandaran,2025-11-26,439,966,527
2195,amol,mazandaran,2025-11-27,489,1405,916
2195,amol,mazandaran,2025-11-28,130,460,330
2195,amol,mazandaran,2025-11-29,153,433,280
2195,amol,mazandaran,2025-11-30,119,414,295
2195,amol,mazandaran,2025-12-01,98,469,371
2195,amol,mazandaran,2025-12-02,103,533,430
2195,amol,mazandaran,2025-12-03,136,721,585
2195,amol,mazandaran,2025-12-04,143,1336,1193
2195,amol,mazandaran,2025-12-05,77,486,409
2195,amol,mazandaran,2025-12-06,96,514,418
2195,amol,mazandaran,2025-12-07,104,537,433
2195,amol,mazandaran,2025-12-08,122,537,415
2195,amol,mazandaran,2025-12-09,90,538,448
2195,amol,mazandaran,2025-12-10,96,711,615
2195,amol,mazandaran,2025-12-11,79,1240,1161
2195,amol,mazandaran,2025-12-12,61,580,519
2195,amol,mazandaran,2025-12-13,73,530,457
2195,amol,mazandaran,2025-12-14,41,373,332
2195,amol,mazandaran,2025-12-15,40,458,418
2195,amol,mazandaran,2025-12-16,39,561,522
2195,amol,mazandaran,2025-12-17,45,691,646
2195,amol,mazandaran,2025-12-18,41,1073,1032
2195,amol,mazandaran,2025-12-19,23,452,429
2195,amol,mazandaran,2025-12-20,20,383,363
2195,amol,mazandaran,2025-12-21,28,304,276
6197,anarak,isfahan,2025-11-22,4,4,0
6197,anarak,isfahan,2025-11-23,4,4,0
6197,anarak,isfahan,2025-11-24,0,0,0
6197,anarak,isfahan,2025-11-25,4,5,1
6197,anarak,isfahan,2025-11-26,0,0,0
6197,anarak,isfahan,2025-11-27,0,0,0
6197,anarak,isfahan,2025-11-28,0,0,0
6197,anarak,isfahan,2025-11-29,0,0,0
6197,anarak,isfahan,2025-11-30,0,0,0
6197,anarak,isfahan,2025-12-01,0,0,0
6197,anarak,isfahan,2025-12-02,0,0,0
6197,anarak,isfahan,2025-12-03,0,0,0
6197,anarak,isfahan,2025-12-04,1,3,2
6197,anarak,isfahan,2025-12-05,0,0,0
6197,anarak,isfahan,2025-12-06,0,0,0
6197,anarak,isfahan,2025-12-07,0,0,0
6197,anarak,isfahan,2025-12-08,0,0,0
6197,anarak,isfahan,2025-12-09,0,0,0
6197,anarak,isfahan,2025-12-10,0,0,0
6197,anarak,isfahan,2025-12-11,0,0,0
6197,anarak,isfahan,2025-12-12,0,0,0
6197,anarak,isfahan,2025-12-13,0,0,0
6197,anarak,isfahan,2025-12-14,0,0,0
6197,anarak,isfahan,2025-12-15,0,0,0
6197,anarak,isfahan,2025-12-16,0,0,0
6197,anarak,isfahan,2025-12-17,0,0,0
6197,anarak,isfahan,2025-12-18,0,0,0
6197,anarak,isfahan,2025-12-19,0,0,0
6197,anarak,isfahan,2025-12-20,0,0,0
6197,anarak,isfahan,2025-12-21,0,0,0
3312,andisheh,tehran,2025-11-22,41,51,10
3312,andisheh,tehran,2025-11-23,43,64,21
3312,andisheh,tehran,2025-11-24,28,55,27
3312,andisheh,tehran,2025-11-25,21,50,29
3312,andisheh,tehran,2025-11-26,23,62,39
3312,andisheh,tehran,2025-11-27,25,83,58
3312,andisheh,tehran,2025-11-28,14,53,39
3312,andisheh,tehran,2025-11-29,11,52,41
3312,andisheh,tehran,2025-11-30,17,61,44
3312,andisheh,tehran,2025-12-01,10,56,46
3312,andisheh,tehran,2025-12-02,8,58,50
3312,andisheh,tehran,2025-12-03,7,54,47
3312,andisheh,tehran,2025-12-04,8,92,84
3312,andisheh,tehran,2025-12-05,9,60,51
3312,andisheh,tehran,2025-12-06,12,74,62
3312,andisheh,tehran,2025-12-07,8,72,64
3312,andisheh,tehran,2025-12-08,8,76,68
3312,andisheh,tehran,2025-12-09,7,77,70
3312,andisheh,tehran,2025-12-10,6,79,73
3312,andisheh,tehran,2025-12-11,12,144,132
3312,andisheh,tehran,2025-12-12,12,79,67
3312,andisheh,tehran,2025-12-13,12,75,63
3312,andisheh,tehran,2025-12-14,4,68,64
3312,andisheh,tehran,2025-12-15,6,73,67
3312,andisheh,tehran,2025-12-16,6,73,67
3312,andisheh,tehran,2025-12-17,4,75,71
3312,andisheh,tehran,2025-12-18,6,111,105
3312,andisheh,tehran,2025-12-19,3,83,80
3312,andisheh,tehran,2025-12-20,2,73,71
3312,andisheh,tehran,2025-12-21,0,55,55
4397,aran_va_bidgol,isfahan,2025-11-22,6,6,0
4397,aran_va_bidgol,isfahan,2025-11-23,6,8,2
4397,aran_va_bidgol,isfahan,2025-11-24,1,3,2
4397,aran_va_bidgol,isfahan,2025-11-25,1,4,3
4397,aran_va_bidgol,isfahan,2025-11-26,3,10,7
4397,aran_va_bidgol,isfahan,2025-11-27,9,23,14
4397,aran_va_bidgol,isfahan,2025-11-28,4,7,3
4397,aran_va_bidgol,isfahan,2025-11-29,0,4,4
4397,aran_va_bidgol,isfahan,2025-11-30,0,5,5
4397,aran_va_bidgol,isfahan,2025-12-01,1,6,5
4397,aran_va_bidgol,isfahan,2025-12-02,0,6,6
4397,aran_va_bidgol,isfahan,2025-12-03,2,11,9
4397,aran_va_bidgol,isfahan,2025-12-04,4,28,24
4397,aran_va_bidgol,isfahan,2025-12-05,4,9,5
4397,aran_va_bidgol,isfahan,2025-12-06,0,9,9
4397,aran_va_bidgol,isfahan,2025-12-07,0,8,8
4397,aran_va_bidgol,isfahan,2025-12-08,0,8,8
4397,aran_va_bidgol,isfahan,2025-12-09,0,8,8
4397,aran_va_bidgol,isfahan,2025-12-10,5,23,18
4397,aran_va_bidgol,isfahan,2025-12-11,0,32,32
4397,aran_va_bidgol,isfahan,2025-12-12,0,7,7
4397,aran_va_bidgol,isfahan,2025-12-13,0,8,8
4397,aran_va_bidgol,isfahan,2025-12-14,0,8,8
4397,aran_va_bidgol,isfahan,2025-12-15,0,9,9
4397,aran_va_bidgol,isfahan,2025-12-16,0,9,9
4397,aran_va_bidgol,isfahan,2025-12-17,0,18,18
4397,aran_va_bidgol,isfahan,2025-12-18,2,34,32
4397,aran_va_bidgol,isfahan,2025-12-19,0,9,9
4397,aran_va_bidgol,isfahan,2025-12-20,0,9,9
4397,aran_va_bidgol,isfahan,2025-12-21,0,7,7
1986,ardestan,isfahan,2025-11-22,4,5,1
1986,ardestan,isfahan,2025-11-23,15,20,5
1986,ardestan,isfahan,2025-11-24,8,13,5
1986,ardestan,isfahan,2025-11-25,5,10,5
1986,ardestan,isfahan,2025-11-26,4,12,8
1986,ardestan,isfahan,2025-11-27,3,14,11
1986,ardestan,isfahan,2025-11-28,0,4,4
1986,ardestan,isfahan,2025-11-29,0,4,4
1986,ardestan,isfahan,2025-11-30,0,5,5
1986,ardestan,isfahan,2025-12-01,0,7,7
1986,ardestan,isfahan,2025-12-02,1,10,9
1986,ardestan,isfahan,2025-12-03,0,8,8
1986,ardestan,isfahan,2025-12-04,0,12,12
1986,ardestan,isfahan,2025-12-05,0,7,7
1986,ardestan,isfahan,2025-12-06,0,9,9
1986,ardestan,isfahan,2025-12-07,0,8,8
1986,ardestan,isfahan,2025-12-08,0,9,9
1986,ardestan,isfahan,2025-12-09,0,9,9
1986,ardestan,isfahan,2025-12-10,0,12,12
1986,ardestan,isfahan,2025-12-11,0,19,19
1986,ardestan,isfahan,2025-12-12,0,8,8
1986,ardestan,isfahan,2025-12-13,0,9,9
1986,ardestan,isfahan,2025-12-14,0,9,9
1986,ardestan,isfahan,2025-12-15,0,11,11
1986,ardestan,isfahan,2025-12-16,0,12,12
1986,ardestan,isfahan,2025-12-17,1,14,13
1986,ardestan,isfahan,2025-12-18,0,18,18
1986,ardestan,isfahan,2025-12-19,0,9,9
1986,ardestan,isfahan,2025-12-20,0,9,9
1986,ardestan,isfahan,2025-12-21,0,8,8
1173,arjomand,tehran,2025-11-22,0,0,0
1173,arjomand,tehran,2025-11-23,0,0,0
1173,arjomand,tehran,2025-11-24,7,8,1
1173,arjomand,tehran,2025-11-25,2,3,1
1173,arjomand,tehran,2025-11-26,0,1,1
1173,arjomand,tehran,2025-11-27,3,9,6
1173,arjomand,tehran,2025-11-28,0,0,0
1173,arjomand,tehran,2025-11-29,0,0,0
1173,arjomand,tehran,2025-11-30,0,0,0
1173,arjomand,tehran,2025-12-01,0,0,0
1173,arjomand,tehran,2025-12-02,0,1,1
1173,arjomand,tehran,2025-12-03,0,1,1
1173,arjomand,tehran,2025-12-04,0,6,6
1173,arjomand,tehran,2025-12-05,0,1,1
1173,arjomand,tehran,2025-12-06,0,1,1
1173,arjomand,tehran,2025-12-07,0,2,2
1173,arjomand,tehran,2025-12-08,0,1,1
1173,arjomand,tehran,2025-12-09,0,1,1
1173,arjomand,tehran,2025-12-10,0,3,3
1173,arjomand,tehran,2025-12-11,0,9,9
1173,arjomand,tehran,2025-12-12,0,2,2
1173,arjomand,tehran,2025-12-13,0,1,1
1173,arjomand,tehran,2025-12-14,0,1,1
1173,arjomand,tehran,2025-12-15,0,1,1
1173,arjomand,tehran,2025-12-16,0,1,1
1173,arjomand,tehran,2025-12-17,0,3,3
1173,arjomand,tehran,2025-12-18,0,7,7
1173,arjomand,tehran,2025-12-19,0,2,2
1173,arjomand,tehran,2025-12-20,0,1,1
1173,arjomand,tehran,2025-12-21,0,1,1
5927,asalem,gilan,2025-11-22,914,1022,108
5927,asalem,gilan,2025-11-23,763,978,215
5927,asalem,gilan,2025-11-24,481,701,220
5927,asalem,gilan,2025-11-25,438,699,261
5927,asalem,gilan,2025-11-26,478,948,470
5927,asalem,gilan,2025-11-27,547,1383,836
5927,asalem,gilan,2025-11-28,188,460,272
5927,asalem,gilan,2025-11-29,147,361,214
5927,asalem,gilan,2025-11-30,124,321,197
5927,asalem,gilan,2025-12-01,97,284,187
5927,asalem,gilan,2025-12-02,115,376,261
5927,asalem,gilan,2025-12-03,159,617,458
5927,asalem,gilan,2025-12-04,194,1303,1109
5927,asalem,gilan,2025-12-05,66,328,262
5927,asalem,gilan,2025-12-06,69,387,318
5927,asalem,gilan,2025-12-07,65,334,269
5927,asalem,gilan,2025-12-08,56,285,229
5927,asalem,gilan,2025-12-09,53,360,307
5927,asalem,gilan,2025-12-10,61,479,418
5927,asalem,gilan,2025-12-11,52,747,695
5927,asalem,gilan,2025-12-12,24,314,290
5927,asalem,gilan,2025-12-13,25,262,237
5927,asalem,gilan,2025-12-14,23,218,195
5927,asalem,gilan,2025-12-15,23,236,213
5927,asalem,gilan,2025-12-16,47,444,397
5927,asalem,gilan,2025-12-17,45,427,382
5927,asalem,gilan,2025-12-18,32,497,465
5927,asalem,gilan,2025-12-19,15,275,260
5927,asalem,gilan,2025-12-20,13,200,187
5927,asalem,gilan,2025-12-21,12,158,146
3364,asara,alborz,2025-11-22,7,8,1
3364,asara,alborz,2025-11-23,5,7,2
3364,asara,alborz,2025-11-24,6,9,3
3364,asara,alborz,2025-11-25,5,8,3
3364,asara,alborz,2025-11-26,2,8,6
3364,asara,alborz,2025-11-27,0,12,12
3364,asara,alborz,2025-11-28,0,5,5
3364,asara,alborz,2025-11-29,0,5,5
3364,asara,alborz,2025-11-30,0,6,6
3364,asara,alborz,2025-12-01,0,6,6
3364,asara,alborz,2025-12-02,0,7,7
3364,asara,alborz,2025-12-03,2,11,9
3364,asara,alborz,2025-12-04,1,27,26
3364,asara,alborz,2025-12-05,0,7,7
3364,asara,alborz,2025-12-06,0,6,6
3364,asara,alborz,2025-12-07,1,7,6
3364,asara,alborz,2025-12-08,1,7,6
3364,asara,alborz,2025-12-09,0,6,6
3364,asara,alborz,2025-12-10,0,10,10
3364,asara,alborz,2025-12-11,0,35,35
3364,asara,alborz,2025-12-12,0,6,6
3364,asara,alborz,2025-12-13,0,6,6
3364,asara,alborz,2025-12-14,0,5,5
3364,asara,alborz,2025-12-15,0,6,6
3364,asara,alborz,2025-12-16,0,6,6
3364,asara,alborz,2025-12-17,0,9,9
3364,asara,alborz,2025-12-18,2,30,28
3364,asara,alborz,2025-12-19,0,6,6
3364,asara,alborz,2025-12-20,0,5,5
3364,asara,alborz,2025-12-21,0,4,4
7049,astaneh_ye_ashrafiyeh,gilan,2025-11-22,109,130,21
7049,astaneh_ye_ashrafiyeh,gilan,2025-11-23,104,146,42
7049,astaneh_ye_ashrafiyeh,gilan,2025-11-24,76,125,49
7049,astaneh_ye_ashrafiyeh,gilan,2025-11-25,119,181,62
7049,astaneh_ye_ashrafiyeh,gilan,2025-11-26,147,275,128
7049,astaneh_ye_ashrafiyeh,gilan,2025-11-27,103,255,152
7049,astaneh_ye_ashrafiyeh,gilan,2025-11-28,27,82,55
7049,astaneh_ye_ashrafiyeh,gilan,2025-11-29,25,72,47
7049,astaneh_ye_ashrafiyeh,gilan,2025-11-30,23,74,51
7049,astaneh_ye_ashrafiyeh,gilan,2025-12-01,22,86,64
7049,astaneh_ye_ashrafiyeh,gilan,2025-12-02,23,95,72
7049,astaneh_ye_ashrafiyeh,gilan,2025-12-03,18,118,100
7049,astaneh_ye_ashrafiyeh,gilan,2025-12-04,40,254,214
7049,astaneh_ye_ashrafiyeh,gilan,2025-12-05,3,62,59
7049,astaneh_ye_ashrafiyeh,gilan,2025-12-06,3,65,62
7049,astaneh_ye_ashrafiyeh,gilan,2025-12-07,3,62,59
7049,astaneh_ye_ashrafiyeh,gilan,2025-12-08,10,77,67
7049,astaneh_ye_ashrafiyeh,gilan,2025-12-09,27,93,66
7049,astaneh_ye_ashrafiyeh,gilan,2025-12-10,31,120,89
7049,astaneh_ye_ashrafiyeh,gilan,2025-12-11,25,218,193
7049,astaneh_ye_ashrafiyeh,gilan,2025-12-12,2,72,70
7049,astaneh_ye_ashrafiyeh,gilan,2025-12-13,9,61,52
7049,astaneh_ye_ashrafiyeh,gilan,2025-12-14,9,57,48
7049,astaneh_ye_ashrafiyeh,gilan,2025-12-15,9,62,53
7049,astaneh_ye_ashrafiyeh,gilan,2025-12-16,9,70,61
7049,astaneh_ye_ashrafiyeh,gilan,2025-12-17,9,92,83
7049,astaneh_ye_ashrafiyeh,gilan,2025-12-18,9,113,104
7049,astaneh_ye_ashrafiyeh,gilan,2025-12-19,9,68,59
7049,astaneh_ye_ashrafiyeh,gilan,2025-12-20,9,60,51
7049,astaneh_ye_ashrafiyeh,gilan,2025-12-21,7,48,41
2692,astara,gilan,2025-11-22,445,585,140
2692,astara,gilan,2025-11-23,382,621,239
2692,astara,gilan,2025-11-24,298,567,269
2692,astara,gilan,2025-11-25,226,484,258
2692,astara,gilan,2025-11-26,331,840,509
2692,astara,gilan,2025-11-27,368,1153,785
2692,astara,gilan,2025-11-28,107,450,343
2692,astara,gilan,2025-11-29,131,354,223
2692,astara,gilan,2025-11-30,94,333,239
2692,astara,gilan,2025-12-01,94,323,229
2692,astara,gilan,2025-12-02,154,564,410
2692,astara,gilan,2025-12-03,153,631,478
2692,astara,gilan,2025-12-04,180,1415,1235
2692,astara,gilan,2025-12-05,39,387,348
2692,astara,gilan,2025-12-06,20,274,254
2692,astara,gilan,2025-12-07,14,223,209
2692,astara,gilan,2025-12-08,16,236,220
2692,astara,gilan,2025-12-09,17,251,234
2692,astara,gilan,2025-12-10,34,453,419
2692,astara,gilan,2025-12-11,52,1009,957
2692,astara,gilan,2025-12-12,8,300,292
2692,astara,gilan,2025-12-13,26,297,271
2692,astara,gilan,2025-12-14,32,305,273
2692,astara,gilan,2025-12-15,16,313,297
2692,astara,gilan,2025-12-16,31,323,292
2692,astara,gilan,2025-12-17,66,511,445
2692,astara,gilan,2025-12-18,45,703,658
2692,astara,gilan,2025-12-19,24,390,366
2692,astara,gilan,2025-12-20,30,286,256
2692,astara,gilan,2025-12-21,22,220,198
4933,ataghor,gilan,2025-11-22,10,10,0
4933,ataghor,gilan,2025-11-23,10,12,2
4933,ataghor,gilan,2025-11-24,9,13,4
4933,ataghor,gilan,2025-11-25,8,13,5
4933,ataghor,gilan,2025-11-26,11,19,8
4933,ataghor,gilan,2025-11-27,9,19,10
4933,ataghor,gilan,2025-11-28,8,12,4
4933,ataghor,gilan,2025-11-29,3,6,3
4933,ataghor,gilan,2025-11-30,3,7,4
4933,ataghor,gilan,2025-12-01,4,9,5
4933,ataghor,gilan,2025-12-02,4,9,5
4933,ataghor,gilan,2025-12-03,3,11,8
4933,ataghor,gilan,2025-12-04,2,17,15
4933,ataghor,gilan,2025-12-05,6,11,5
4933,ataghor,gilan,2025-12-06,5,12,7
4933,ataghor,gilan,2025-12-07,5,11,6
4933,ataghor,gilan,2025-12-08,3,8,5
4933,ataghor,gilan,2025-12-09,5,11,6
4933,ataghor,gilan,2025-12-10,6,15,9
4933,ataghor,gilan,2025-12-11,6,24,18
4933,ataghor,gilan,2025-12-12,2,7,5
4933,ataghor,gilan,2025-12-13,1,6,5
4933,ataghor,gilan,2025-12-14,0,5,5
4933,ataghor,gilan,2025-12-15,0,6,6
4933,ataghor,gilan,2025-12-16,0,6,6
4933,ataghor,gilan,2025-12-17,0,8,8
4933,ataghor,gilan,2025-12-18,0,11,11
4933,ataghor,gilan,2025-12-19,0,6,6
4933,ataghor,gilan,2025-12-20,0,5,5
4933,ataghor,gilan,2025-12-21,0,4,4
5414,babol,mazandaran,2025-11-22,913,1043,130
5414,babol,mazandaran,2025-11-23,790,1016,226
5414,babol,mazandaran,2025-11-24,508,784,276
5414,babol,mazandaran,2025-11-25,460,797,337
5414,babol,mazandaran,2025-11-26,678,1428,750
5414,babol,mazandaran,2025-11-27,851,2173,1322
5414,babol,mazandaran,2025-11-28,355,904,549
5414,babol,mazandaran,2025-11-29,168,482,314
5414,babol,mazandaran,2025-11-30,98,451,353
5414,babol,mazandaran,2025-12-01,99,534,435
5414,babol,mazandaran,2025-12-02,78,536,458
5414,babol,mazandaran,2025-12-03,197,987,790
5414,babol,mazandaran,2025-12-04,227,2111,1884
5414,babol,mazandaran,2025-12-05,68,637,569
5414,babol,mazandaran,2025-12-06,60,474,414
5414,babol,mazandaran,2025-12-07,75,439,364
5414,babol,mazandaran,2025-12-08,113,573,460
5414,babol,mazandaran,2025-12-09,131,661,530
5414,babol,mazandaran,2025-12-10,110,867,757
5414,babol,mazandaran,2025-12-11,126,1954,1828
5414,babol,mazandaran,2025-12-12,38,610,572
5414,babol,mazandaran,2025-12-13,41,514,473
5414,babol,mazandaran,2025-12-14,40,443,403
5414,babol,mazandaran,2025-12-15,34,515,481
5414,babol,mazandaran,2025-12-16,53,609,556
5414,babol,mazandaran,2025-12-17,57,817,760
5414,babol,mazandaran,2025-12-18,99,1563,1464
5414,babol,mazandaran,2025-12-19,38,573,535
5414,babol,mazandaran,2025-12-20,28,451,423
5414,babol,mazandaran,2025-12-21,17,339,322
7127,babolsar,mazandaran,2025-11-22,3255,3735,480
7127,babolsar,mazandaran,2025-11-23,2630,3515,885
7127,babolsar,mazandaran,2025-11-24,1803,2741,938
7127,babolsar,mazandaran,2025-11-25,1738,2906,1168
7127,babolsar,mazandaran,2025-11-26,2171,4489,2318
7127,babolsar,mazandaran,2025-11-27,2422,6332,3910
7127,babolsar,mazandaran,2025-11-28,971,2564,1593
7127,babolsar,mazandaran,2025-11-29,607,1798,1191
7127,babolsar,mazandaran,2025-11-30,503,1777,1274
7127,babolsar,mazandaran,2025-12-01,556,2104,1548
7127,babolsar,mazandaran,2025-12-02,569,2321,1752
7127,babolsar,mazandaran,2025-12-03,776,3434,2658
7127,babolsar,mazandaran,2025-12-04,806,5327,4521
7127,babolsar,mazandaran,2025-12-05,382,2236,1854
7127,babolsar,mazandaran,2025-12-06,311,1721,1410
7127,babolsar,mazandaran,2025-12-07,241,1575,1334
7127,babolsar,mazandaran,2025-12-08,228,1787,1559
7127,babolsar,mazandaran,2025-12-09,199,1750,1551
7127,babolsar,mazandaran,2025-12-10,255,2618,2363
7127,babolsar,mazandaran,2025-12-11,309,5112,4803
7127,babolsar,mazandaran,2025-12-12,132,1903,1771
7127,babolsar,mazandaran,2025-12-13,107,1539,1432
7127,babolsar,mazandaran,2025-12-14,160,1405,1245
7127,babolsar,mazandaran,2025-12-15,153,1631,1478
7127,babolsar,mazandaran,2025-12-16,161,1846,1685
7127,babolsar,mazandaran,2025-12-17,273,2765,2492
7127,babolsar,mazandaran,2025-12-18,265,4629,4364
7127,babolsar,mazandaran,2025-12-19,117,2032,1915
7127,babolsar,mazandaran,2025-12-20,109,1560,1451
7127,babolsar,mazandaran,2025-12-21,26,919,893
3837,badrood,isfahan,2025-11-22,13,13,0
3837,badrood,isfahan,2025-11-23,13,14,1
3837,badrood,isfahan,2025-11-24,11,13,2
3837,badrood,isfahan,2025-11-25,11,13,2
3837,badrood,isfahan,2025-11-26,11,15,4
3837,badrood,isfahan,2025-11-27,8,15,7
3837,badrood,isfahan,2025-11-28,7,10,3
3837,badrood,isfahan,2025-11-29,7,9,2
3837,badrood,isfahan,2025-11-30,7,10,3
3837,badrood,isfahan,2025-12-01,4,7,3
3837,badrood,isfahan,2025-12-02,4,7,3
3837,badrood,isfahan,2025-12-03,4,8,4
3837,badrood,isfahan,2025-12-04,4,15,11
3837,badrood,isfahan,2025-12-05,4,7,3
3837,badrood,isfahan,2025-12-06,3,6,3
3837,badrood,isfahan,2025-12-07,0,3,3
3837,badrood,isfahan,2025-12-08,0,3,3
3837,badrood,isfahan,2025-12-09,0,3,3
3837,badrood,isfahan,2025-12-10,0,4,4
3837,badrood,isfahan,2025-12-11,0,14,14
3837,badrood,isfahan,2025-12-12,0,3,3
3837,badrood,isfahan,2025-12-13,0,3,3
3837,badrood,isfahan,2025-12-14,0,3,3
3837,badrood,isfahan,2025-12-15,0,3,3
3837,badrood,isfahan,2025-12-16,0,3,3
3837,badrood,isfahan,2025-12-17,0,5,5
3837,badrood,isfahan,2025-12-18,3,13,10
3837,badrood,isfahan,2025-12-19,0,3,3
3837,badrood,isfahan,2025-12-20,0,3,3
3837,badrood,isfahan,2025-12-21,0,2,2
1299,bagh_bahadoran,isfahan,2025-11-22,139,161,22
1299,bagh_bahadoran,isfahan,2025-11-23,287,395,108
1299,bagh_bahadoran,isfahan,2025-11-24,90,155,65
1299,bagh_bahadoran,isfahan,2025-11-25,114,200,86
1299,bagh_bahadoran,isfahan,2025-11-26,152,316,164
1299,bagh_bahadoran,isfahan,2025-11-27,395,1379,984
1299,bagh_bahadoran,isfahan,2025-11-28,63,218,155
1299,bagh_bahadoran,isfahan,2025-11-29,69,204,135
1299,bagh_bahadoran,isfahan,2025-11-30,68,192,124
1299,bagh_bahadoran,isfahan,2025-12-01,61,209,148
1299,bagh_bahadoran,isfahan,2025-12-02,44,190,146
1299,bagh_bahadoran,isfahan,2025-12-03,75,331,256
1299,bagh_bahadoran,isfahan,2025-12-04,97,1003,906
1299,bagh_bahadoran,isfahan,2025-12-05,53,315,262
1299,bagh_bahadoran,isfahan,2025-12-06,45,194,149
1299,bagh_bahadoran,isfahan,2025-12-07,36,180,144
1299,bagh_bahadoran,isfahan,2025-12-08,60,275,215
1299,bagh_bahadoran,isfahan,2025-12-09,60,309,249
1299,bagh_bahadoran,isfahan,2025-12-10,42,302,260
1299,bagh_bahadoran,isfahan,2025-12-11,57,1055,998
1299,bagh_bahadoran,isfahan,2025-12-12,35,297,262
1299,bagh_bahadoran,isfahan,2025-12-13,39,215,176
1299,bagh_bahadoran,isfahan,2025-12-14,32,199,167
1299,bagh_bahadoran,isfahan,2025-12-15,9,199,190
1299,bagh_bahadoran,isfahan,2025-12-16,22,228,206
1299,bagh_bahadoran,isfahan,2025-12-17,34,387,353
1299,bagh_bahadoran,isfahan,2025-12-18,46,1179,1133
1299,bagh_bahadoran,isfahan,2025-12-19,18,273,255
1299,bagh_bahadoran,isfahan,2025-12-20,41,289,248
1299,bagh_bahadoran,isfahan,2025-12-21,17,191,174
7285,baghbahadoran,isfahan,2025-11-22,3,3,0
7285,baghbahadoran,isfahan,2025-11-23,10,12,2
7285,baghbahadoran,isfahan,2025-11-24,6,8,2
7285,baghbahadoran,isfahan,2025-11-25,1,2,1
7285,baghbahadoran,isfahan,2025-11-26,3,7,4
7285,baghbahadoran,isfahan,2025-11-27,4,15,11
7285,baghbahadoran,isfahan,2025-11-28,0,3,3
7285,baghbahadoran,isfahan,2025-11-29,0,2,2
7285,baghbahadoran,isfahan,2025-11-30,0,3,3
7285,baghbahadoran,isfahan,2025-12-01,0,3,3
7285,baghbahadoran,isfahan,2025-12-02,0,3,3
7285,baghbahadoran,isfahan,2025-12-03,8,21,13
7285,baghbahadoran,isfahan,2025-12-04,9,49,40
7285,baghbahadoran,isfahan,2025-12-05,0,4,4
7285,baghbahadoran,isfahan,2025-12-06,0,5,5
7285,baghbahadoran,isfahan,2025-12-07,0,4,4
7285,baghbahadoran,isfahan,2025-12-08,0,4,4
7285,baghbahadoran,isfahan,2025-12-09,0,4,4
7285,baghbahadoran,isfahan,2025-12-10,0,7,7
7285,baghbahadoran,isfahan,2025-12-11,0,24,24
7285,baghbahadoran,isfahan,2025-12-12,0,4,4
7285,baghbahadoran,isfahan,2025-12-13,0,4,4
7285,baghbahadoran,isfahan,2025-12-14,0,4,4
7285,baghbahadoran,isfahan,2025-12-15,0,5,5
7285,baghbahadoran,isfahan,2025-12-16,0,5,5
7285,baghbahadoran,isfahan,2025-12-17,0,9,9
7285,baghbahadoran,isfahan,2025-12-18,9,36,27
7285,baghbahadoran,isfahan,2025-12-19,0,6,6
7285,baghbahadoran,isfahan,2025-12-20,0,6,6
7285,baghbahadoran,isfahan,2025-12-21,0,5,5
4729,baghershahr,tehran,2025-11-22,0,0,0
4729,baghershahr,tehran,2025-11-23,0,0,0
4729,baghershahr,tehran,2025-11-24,0,0,0
4729,baghershahr,tehran,2025-11-25,0,0,0
4729,baghershahr,tehran,2025-11-26,0,0,0
4729,baghershahr,tehran,2025-11-27,0,0,0
4729,baghershahr,tehran,2025-11-28,0,0,0
4729,baghershahr,tehran,2025-11-29,0,0,0
4729,baghershahr,tehran,2025-11-30,0,0,0
4729,baghershahr,tehran,2025-12-01,0,0,0
4729,baghershahr,tehran,2025-12-02,0,0,0
4729,baghershahr,tehran,2025-12-03,0,0,0
4729,baghershahr,tehran,2025-12-04,0,0,0
4729,baghershahr,tehran,2025-12-05,0,0,0
4729,baghershahr,tehran,2025-12-06,0,0,0
4729,baghershahr,tehran,2025-12-07,0,0,0
4729,baghershahr,tehran,2025-12-08,0,0,0
4729,baghershahr,tehran,2025-12-09,0,0,0
4729,baghershahr,tehran,2025-12-10,0,0,0
4729,baghershahr,tehran,2025-12-11,0,0,0
4729,baghershahr,tehran,2025-12-12,0,0,0
4729,baghershahr,tehran,2025-12-13,0,0,0
4729,baghershahr,tehran,2025-12-14,0,0,0
4729,baghershahr,tehran,2025-12-15,0,0,0
4729,baghershahr,tehran,2025-12-16,0,0,0
4729,baghershahr,tehran,2025-12-17,0,0,0
4729,baghershahr,tehran,2025-12-18,0,0,0
4729,baghershahr,tehran,2025-12-19,0,0,0
4729,baghershahr,tehran,2025-12-20,0,0,0
4729,baghershahr,tehran,2025-12-21,0,0,0
8270,baghestan,tehran,2025-11-22,2,4,2
8270,baghestan,tehran,2025-11-23,8,14,6
8270,baghestan,tehran,2025-11-24,6,12,6
8270,baghestan,tehran,2025-11-25,1,7,6
8270,baghestan,tehran,2025-11-26,1,9,8
8270,baghestan,tehran,2025-11-27,13,42,29
8270,baghestan,tehran,2025-11-28,5,17,12
8270,baghestan,tehran,2025-11-29,0,8,8
8270,baghestan,tehran,2025-11-30,0,9,9
8270,baghestan,tehran,2025-12-01,0,12,12
8270,baghestan,tehran,2025-12-02,0,13,13
8270,baghestan,tehran,2025-12-03,1,13,12
8270,baghestan,tehran,2025-12-04,1,30,29
8270,baghestan,tehran,2025-12-05,1,14,13
8270,baghestan,tehran,2025-12-06,3,16,13
8270,baghestan,tehran,2025-12-07,3,14,11
8270,baghestan,tehran,2025-12-08,0,13,13
8270,baghestan,tehran,2025-12-09,0,13,13
8270,baghestan,tehran,2025-12-10,3,20,17
8270,baghestan,tehran,2025-12-11,6,69,63
8270,baghestan,tehran,2025-12-12,6,31,25
8270,baghestan,tehran,2025-12-13,1,11,10
8270,baghestan,tehran,2025-12-14,0,10,10
8270,baghestan,tehran,2025-12-15,0,16,16
8270,baghestan,tehran,2025-12-16,0,15,15
8270,baghestan,tehran,2025-12-17,0,17,17
8270,baghestan,tehran,2025-12-18,6,65,59
8270,baghestan,tehran,2025-12-19,1,26,25
8270,baghestan,tehran,2025-12-20,5,21,16
8270,baghestan,tehran,2025-12-21,0,12,12
5850,baharanshahr,isfahan,2025-11-22,0,0,0
5850,baharanshahr,isfahan,2025-11-23,0,0,0
5850,baharanshahr,isfahan,2025-11-24,0,0,0
5850,baharanshahr,isfahan,2025-11-25,0,0,0
5850,baharanshahr,isfahan,2025-11-26,0,0,0
5850,baharanshahr,isfahan,2025-11-27,0,0,0
5850,baharanshahr,isfahan,2025-11-28,0,0,0
5850,baharanshahr,isfahan,2025-11-29,0,0,0
5850,baharanshahr,isfahan,2025-11-30,0,0,0
5850,baharanshahr,isfahan,2025-12-01,0,0,0
5850,baharanshahr,isfahan,2025-12-02,0,0,0
5850,baharanshahr,isfahan,2025-12-03,0,0,0
5850,baharanshahr,isfahan,2025-12-04,0,0,0
5850,baharanshahr,isfahan,2025-12-05,0,0,0
5850,baharanshahr,isfahan,2025-12-06,0,0,0
5850,baharanshahr,isfahan,2025-12-07,0,0,0
5850,baharanshahr,isfahan,2025-12-08,0,0,0
5850,baharanshahr,isfahan,2025-12-09,0,0,0
5850,baharanshahr,isfahan,2025-12-10,0,0,0
5850,baharanshahr,isfahan,2025-12-11,0,0,0
5850,baharanshahr,isfahan,2025-12-12,0,0,0
5850,baharanshahr,isfahan,2025-12-13,0,0,0
5850,baharanshahr,isfahan,2025-12-14,0,0,0
5850,baharanshahr,isfahan,2025-12-15,0,0,0
5850,baharanshahr,isfahan,2025-12-16,0,0,0
5850,baharanshahr,isfahan,2025-12-17,0,0,0
5850,baharanshahr,isfahan,2025-12-18,0,0,0
5850,baharanshahr,isfahan,2025-12-19,0,0,0
5850,baharanshahr,isfahan,2025-12-20,0,0,0
5850,baharanshahr,isfahan,2025-12-21,0,0,0
1859,baharestan,isfahan,2025-11-22,11,12,1
1859,baharestan,isfahan,2025-11-23,11,15,4
1859,baharestan,isfahan,2025-11-24,10,14,4
1859,baharestan,isfahan,2025-11-25,11,17,6
1859,baharestan,isfahan,2025-11-26,7,15,8
1859,baharestan,isfahan,2025-11-27,7,19,12
1859,baharestan,isfahan,2025-11-28,4,10,6
1859,baharestan,isfahan,2025-11-29,4,10,6
1859,baharestan,isfahan,2025-11-30,4,11,7
1859,baharestan,isfahan,2025-12-01,4,11,7
1859,baharestan,isfahan,2025-12-02,4,12,8
1859,baharestan,isfahan,2025-12-03,7,16,9
1859,baharestan,isfahan,2025-12-04,6,21,15
1859,baharestan,isfahan,2025-12-05,4,11,7
1859,baharestan,isfahan,2025-12-06,7,18,11
1859,baharestan,isfahan,2025-12-07,7,16,9
1859,baharestan,isfahan,2025-12-08,4,12,8
1859,baharestan,isfahan,2025-12-09,4,12,8
1859,baharestan,isfahan,2025-12-10,5,14,9
1859,baharestan,isfahan,2025-12-11,7,32,25
1859,baharestan,isfahan,2025-12-12,4,12,8
1859,baharestan,isfahan,2025-12-13,4,13,9
1859,baharestan,isfahan,2025-12-14,4,12,8
1859,baharestan,isfahan,2025-12-15,6,15,9
1859,baharestan,isfahan,2025-12-16,5,14,9
1859,baharestan,isfahan,2025-12-17,5,15,10
1859,baharestan,isfahan,2025-12-18,4,24,20
1859,baharestan,isfahan,2025-12-19,4,12,8
1859,baharestan,isfahan,2025-12-20,4,13,9
1859,baharestan,isfahan,2025-12-21,2,9,7
3935,bakharz,khorasan_razavi,2025-11-22,0,0,0
3935,bakharz,khorasan_razavi,2025-11-23,0,0,0
3935,bakharz,khorasan_razavi,2025-11-24,0,0,0
3935,bakharz,khorasan_razavi,2025-11-25,0,0,0
3935,bakharz,khorasan_razavi,2025-11-26,0,0,0
3935,bakharz,khorasan_razavi,2025-11-27,0,0,0
3935,bakharz,khorasan_razavi,2025-11-28,0,0,0
3935,bakharz,khorasan_razavi,2025-11-29,0,0,0
3935,bakharz,khorasan_razavi,2025-11-30,0,0,0
3935,bakharz,khorasan_razavi,2025-12-01,0,0,0
3935,bakharz,khorasan_razavi,2025-12-02,0,0,0
3935,bakharz,khorasan_razavi,2025-12-03,0,0,0
3935,bakharz,khorasan_razavi,2025-12-04,0,0,0
3935,bakharz,khorasan_razavi,2025-12-05,0,0,0
3935,bakharz,khorasan_razavi,2025-12-06,0,0,0
3935,bakharz,khorasan_razavi,2025-12-07,0,0,0
3935,bakharz,khorasan_razavi,2025-12-08,0,0,0
3935,bakharz,khorasan_razavi,2025-12-09,0,0,0
3935,bakharz,khorasan_razavi,2025-12-10,0,0,0
3935,bakharz,khorasan_razavi,2025-12-11,0,0,0
3935,bakharz,khorasan_razavi,2025-12-12,0,0,0
3935,bakharz,khorasan_razavi,2025-12-13,0,0,0
3935,bakharz,khorasan_razavi,2025-12-14,0,0,0
3935,bakharz,khorasan_razavi,2025-12-15,0,0,0
3935,bakharz,khorasan_razavi,2025-12-16,0,0,0
3935,bakharz,khorasan_razavi,2025-12-17,0,0,0
3935,bakharz,khorasan_razavi,2025-12-18,0,0,0
3935,bakharz,khorasan_razavi,2025-12-19,0,0,0
3935,bakharz,khorasan_razavi,2025-12-20,0,0,0
3935,bakharz,khorasan_razavi,2025-12-21,0,0,0
4247,baladeh,mazandaran,2025-11-22,11,12,1
4247,baladeh,mazandaran,2025-11-23,9,11,2
4247,baladeh,mazandaran,2025-11-24,5,7,2
4247,baladeh,mazandaran,2025-11-25,5,7,2
4247,baladeh,mazandaran,2025-11-26,5,10,5
4247,baladeh,mazandaran,2025-11-27,10,21,11
4247,baladeh,mazandaran,2025-11-28,3,6,3
4247,baladeh,mazandaran,2025-11-29,1,3,2
4247,baladeh,mazandaran,2025-11-30,1,4,3
4247,baladeh,mazandaran,2025-12-01,1,5,4
4247,baladeh,mazandaran,2025-12-02,1,6,5
4247,baladeh,mazandaran,2025-12-03,1,9,8
4247,baladeh,mazandaran,2025-12-04,1,15,14
4247,baladeh,mazandaran,2025-12-05,1,5,4
4247,baladeh,mazandaran,2025-12-06,1,5,4
4247,baladeh,mazandaran,2025-12-07,1,5,4
4247,baladeh,mazandaran,2025-12-08,2,6,4
4247,baladeh,mazandaran,2025-12-09,3,9,6
4247,baladeh,mazandaran,2025-12-10,2,10,8
4247,baladeh,mazandaran,2025-12-11,2,21,19
4247,baladeh,mazandaran,2025-12-12,1,5,4
4247,baladeh,mazandaran,2025-12-13,1,5,4
4247,baladeh,mazandaran,2025-12-14,1,5,4
4247,baladeh,mazandaran,2025-12-15,1,5,4
4247,baladeh,mazandaran,2025-12-16,1,6,5
4247,baladeh,mazandaran,2025-12-17,1,8,7
4247,baladeh,mazandaran,2025-12-18,1,15,14
4247,baladeh,mazandaran,2025-12-19,1,6,5
4247,baladeh,mazandaran,2025-12-20,1,6,5
4247,baladeh,mazandaran,2025-12-21,0,3,3
8715,bandar_abbas,hormozgan,2025-11-22,2418,2812,394
8715,bandar_abbas,hormozgan,2025-11-23,2187,2830,643
8715,bandar_abbas,hormozgan,2025-11-24,1893,2778,885
8715,bandar_abbas,hormozgan,2025-11-25,1798,2867,1069
8715,bandar_abbas,hormozgan,2025-11-26,1674,2961,1287
8715,bandar_abbas,hormozgan,2025-11-27,1345,2757,1412
8715,bandar_abbas,hormozgan,2025-11-28,683,1527,844
8715,bandar_abbas,hormozgan,2025-11-29,627,1464,837
8715,bandar_abbas,hormozgan,2025-11-30,596,1653,1057
8715,bandar_abbas,hormozgan,2025-12-01,719,2119,1400
8715,bandar_abbas,hormozgan,2025-12-02,679,2190,1511
8715,bandar_abbas,hormozgan,2025-12-03,634,2090,1456
8715,bandar_abbas,hormozgan,2025-12-04,527,2433,1906
8715,bandar_abbas,hormozgan,2025-12-05,373,1579,1206
8715,bandar_abbas,hormozgan,2025-12-06,349,1974,1625
8715,bandar_abbas,hormozgan,2025-12-07,376,2029,1653
8715,bandar_abbas,hormozgan,2025-12-08,376,2003,1627
8715,bandar_abbas,hormozgan,2025-12-09,432,2312,1880
8715,bandar_abbas,hormozgan,2025-12-10,494,2666,2172
8715,bandar_abbas,hormozgan,2025-12-11,480,3142,2662
8715,bandar_abbas,hormozgan,2025-12-12,323,2058,1735
8715,bandar_abbas,hormozgan,2025-12-13,396,2337,1941
8715,bandar_abbas,hormozgan,2025-12-14,318,2070,1752
8715,bandar_abbas,hormozgan,2025-12-15,363,2524,2161
8715,bandar_abbas,hormozgan,2025-12-16,405,2784,2379
8715,bandar_abbas,hormozgan,2025-12-17,500,3369,2869
8715,bandar_abbas,hormozgan,2025-12-18,419,3419,3000
8715,bandar_abbas,hormozgan,2025-12-19,241,2072,1831
8715,bandar_abbas,hormozgan,2025-12-20,226,1820,1594
8715,bandar_abbas,hormozgan,2025-12-21,137,1401,1264
9814,bandar_anzali,gilan,2025-11-22,9989,11520,1531
9814,bandar_anzali,gilan,2025-11-23,7673,10600,2927
9814,bandar_anzali,gilan,2025-11-24,6188,9668,3480
9814,bandar_anzali,gilan,2025-11-25,6180,10605,4425
9814,bandar_anzali,gilan,2025-11-26,7506,16513,9007
9814,bandar_anzali,gilan,2025-11-27,7315,19373,12058
9814,bandar_anzali,gilan,2025-11-28,2613,7547,4934
9814,bandar_anzali,gilan,2025-11-29,1963,5470,3507
9814,bandar_anzali,gilan,2025-11-30,1760,5091,3331
9814,bandar_anzali,gilan,2025-12-01,1461,5107,3646
9814,bandar_anzali,gilan,2025-12-02,1518,6188,4670
9814,bandar_anzali,gilan,2025-12-03,1998,9827,7829
9814,bandar_anzali,gilan,2025-12-04,2396,15476,13080
9814,bandar_anzali,gilan,2025-12-05,1129,6793,5664
9814,bandar_anzali,gilan,2025-12-06,976,5513,4537
9814,bandar_anzali,gilan,2025-12-07,691,4288,3597
9814,bandar_anzali,gilan,2025-12-08,649,4117,3468
9814,bandar_anzali,gilan,2025-12-09,726,5502,4776
9814,bandar_anzali,gilan,2025-12-10,1008,9255,8247
9814,bandar_anzali,gilan,2025-12-11,971,14502,13531
9814,bandar_anzali,gilan,2025-12-12,413,5005,4592
9814,bandar_anzali,gilan,2025-12-13,435,4585,4150
9814,bandar_anzali,gilan,2025-12-14,401,4058,3657
9814,bandar_anzali,gilan,2025-12-15,515,5289,4774
9814,bandar_anzali,gilan,2025-12-16,573,6438,5865
9814,bandar_anzali,gilan,2025-12-17,1035,10288,9253
9814,bandar_anzali,gilan,2025-12-18,1113,13207,12094
9814,bandar_anzali,gilan,2025-12-19,406,5839,5433
9814,bandar_anzali,gilan,2025-12-20,340,5149,4809
9814,bandar_anzali,gilan,2025-12-21,211,3657,3446
4516,bandar_charak,hormozgan,2025-11-22,13,15,2
4516,bandar_charak,hormozgan,2025-11-23,11,15,4
4516,bandar_charak,hormozgan,2025-11-24,8,13,5
4516,bandar_charak,hormozgan,2025-11-25,3,8,5
4516,bandar_charak,hormozgan,2025-11-26,3,10,7
4516,bandar_charak,hormozgan,2025-11-27,2,9,7
4516,bandar_charak,hormozgan,2025-11-28,6,8,2
4516,bandar_charak,hormozgan,2025-11-29,2,5,3
4516,bandar_charak,hormozgan,2025-11-30,4,9,5
4516,bandar_charak,hormozgan,2025-12-01,8,15,7
4516,bandar_charak,hormozgan,2025-12-02,5,17,12
4516,bandar_charak,hormozgan,2025-12-03,4,21,17
4516,bandar_charak,hormozgan,2025-12-04,2,24,22
4516,bandar_charak,hormozgan,2025-12-05,1,9,8
4516,bandar_charak,hormozgan,2025-12-06,1,11,10
4516,bandar_charak,hormozgan,2025-12-07,1,10,9
4516,bandar_charak,hormozgan,2025-12-08,1,10,9
4516,bandar_charak,hormozgan,2025-12-09,3,13,10
4516,bandar_charak,hormozgan,2025-12-10,3,13,10
4516,bandar_charak,hormozgan,2025-12-11,1,15,14
4516,bandar_charak,hormozgan,2025-12-12,0,7,7
4516,bandar_charak,hormozgan,2025-12-13,0,7,7
4516,bandar_charak,hormozgan,2025-12-14,0,7,7
4516,bandar_charak,hormozgan,2025-12-15,0,9,9
4516,bandar_charak,hormozgan,2025-12-16,0,13,13
4516,bandar_charak,hormozgan,2025-12-17,0,13,13
4516,bandar_charak,hormozgan,2025-12-18,0,14,14
4516,bandar_charak,hormozgan,2025-12-19,0,9,9
4516,bandar_charak,hormozgan,2025-12-20,0,8,8
4516,bandar_charak,hormozgan,2025-12-21,0,5,5
3723,bandar_lengeh,hormozgan,2025-11-22,54,63,9
3723,bandar_lengeh,hormozgan,2025-11-23,42,56,14
3723,bandar_lengeh,hormozgan,2025-11-24,42,61,19
3723,bandar_lengeh,hormozgan,2025-11-25,42,67,25
3723,bandar_lengeh,hormozgan,2025-11-26,40,72,32
3723,bandar_lengeh,hormozgan,2025-11-27,35,73,38
3723,bandar_lengeh,hormozgan,2025-11-28,20,41,21
3723,bandar_lengeh,hormozgan,2025-11-29,14,32,18
3723,bandar_lengeh,hormozgan,2025-11-30,17,40,23
3723,bandar_lengeh,hormozgan,2025-12-01,15,47,32
3723,bandar_lengeh,hormozgan,2025-12-02,16,55,39
3723,bandar_lengeh,hormozgan,2025-12-03,14,53,39
3723,bandar_lengeh,hormozgan,2025-12-04,10,62,52
3723,bandar_lengeh,hormozgan,2025-12-05,6,35,29
3723,bandar_lengeh,hormozgan,2025-12-06,6,50,44
3723,bandar_lengeh,hormozgan,2025-12-07,3,40,37
3723,bandar_lengeh,hormozgan,2025-12-08,6,45,39
3723,bandar_lengeh,hormozgan,2025-12-09,6,47,41
3723,bandar_lengeh,hormozgan,2025-12-10,4,45,41
3723,bandar_lengeh,hormozgan,2025-12-11,3,71,68
3723,bandar_lengeh,hormozgan,2025-12-12,3,37,34
3723,bandar_lengeh,hormozgan,2025-12-13,5,41,36
3723,bandar_lengeh,hormozgan,2025-12-14,6,46,40
3723,bandar_lengeh,hormozgan,2025-12-15,6,55,49
3723,bandar_lengeh,hormozgan,2025-12-16,7,67,60
3723,bandar_lengeh,hormozgan,2025-12-17,6,69,63
3723,bandar_lengeh,hormozgan,2025-12-18,4,78,74
3723,bandar_lengeh,hormozgan,2025-12-19,1,44,43
3723,bandar_lengeh,hormozgan,2025-12-20,3,55,52
3723,bandar_lengeh,hormozgan,2025-12-21,0,30,30
9221,bandarjask,hormozgan,2025-11-22,0,0,0
9221,bandarjask,hormozgan,2025-11-23,0,0,0
9221,bandarjask,hormozgan,2025-11-24,0,0,0
9221,bandarjask,hormozgan,2025-11-25,0,0,0
9221,bandarjask,hormozgan,2025-11-26,0,0,0
9221,bandarjask,hormozgan,2025-11-27,0,0,0
9221,bandarjask,hormozgan,2025-11-28,0,0,0
9221,bandarjask,hormozgan,2025-11-29,0,0,0
9221,bandarjask,hormozgan,2025-11-30,0,0,0
9221,bandarjask,hormozgan,2025-12-01,0,0,0
9221,bandarjask,hormozgan,2025-12-02,0,0,0
9221,bandarjask,hormozgan,2025-12-03,0,0,0
9221,bandarjask,hormozgan,2025-12-04,0,0,0
9221,bandarjask,hormozgan,2025-12-05,0,0,0
9221,bandarjask,hormozgan,2025-12-06,0,0,0
9221,bandarjask,hormozgan,2025-12-07,0,0,0
9221,bandarjask,hormozgan,2025-12-08,0,0,0
9221,bandarjask,hormozgan,2025-12-09,0,0,0
9221,bandarjask,hormozgan,2025-12-10,0,0,0
9221,bandarjask,hormozgan,2025-12-11,0,0,0
9221,bandarjask,hormozgan,2025-12-12,0,0,0
9221,bandarjask,hormozgan,2025-12-13,0,0,0
9221,bandarjask,hormozgan,2025-12-14,0,0,0
9221,bandarjask,hormozgan,2025-12-15,0,0,0
9221,bandarjask,hormozgan,2025-12-16,0,0,0
9221,bandarjask,hormozgan,2025-12-17,0,0,0
9221,bandarjask,hormozgan,2025-12-18,0,0,0
9221,bandarjask,hormozgan,2025-12-19,0,0,0
9221,bandarjask,hormozgan,2025-12-20,0,0,0
9221,bandarjask,hormozgan,2025-12-21,0,0,0
3456,bardeskan,khorasan_razavi,2025-11-22,5,5,0
3456,bardeskan,khorasan_razavi,2025-11-23,3,3,0
3456,bardeskan,khorasan_razavi,2025-11-24,3,3,0
3456,bardeskan,khorasan_razavi,2025-11-25,3,3,0
3456,bardeskan,khorasan_razavi,2025-11-26,3,4,1
3456,bardeskan,khorasan_razavi,2025-11-27,3,4,1
3456,bardeskan,khorasan_razavi,2025-11-28,3,4,1
3456,bardeskan,khorasan_razavi,2025-11-29,3,3,0
3456,bardeskan,khorasan_razavi,2025-11-30,3,4,1
3456,bardeskan,khorasan_razavi,2025-12-01,3,4,1
3456,bardeskan,khorasan_razavi,2025-12-02,3,4,1
3456,bardeskan,khorasan_razavi,2025-12-03,3,4,1
3456,bardeskan,khorasan_razavi,2025-12-04,3,4,1
3456,bardeskan,khorasan_razavi,2025-12-05,3,4,1
3456,bardeskan,khorasan_razavi,2025-12-06,3,5,2
3456,bardeskan,khorasan_razavi,2025-12-07,3,5,2
3456,bardeskan,khorasan_razavi,2025-12-08,3,5,2
3456,bardeskan,khorasan_razavi,2025-12-09,3,5,2
3456,bardeskan,khorasan_razavi,2025-12-10,3,5,2
3456,bardeskan,khorasan_razavi,2025-12-11,3,5,2
3456,bardeskan,khorasan_razavi,2025-12-12,3,5,2
3456,bardeskan,khorasan_razavi,2025-12-13,3,5,2
3456,bardeskan,khorasan_razavi,2025-12-14,3,5,2
3456,bardeskan,khorasan_razavi,2025-12-15,3,5,2
3456,bardeskan,khorasan_razavi,2025-12-16,3,5,2
3456,bardeskan,khorasan_razavi,2025-12-17,3,5,2
3456,bardeskan,khorasan_razavi,2025-12-18,3,5,2
3456,bardeskan,khorasan_razavi,2025-12-19,3,5,2
3456,bardeskan,khorasan_razavi,2025-12-20,3,5,2
3456,bardeskan,khorasan_razavi,2025-12-21,3,4,1
4198,barehsar,gilan,2025-11-22,36,38,2
4198,barehsar,gilan,2025-11-23,26,30,4
4198,barehsar,gilan,2025-11-24,5,8,3
4198,barehsar,gilan,2025-11-25,8,13,5
4198,barehsar,gilan,2025-11-26,2,8,6
4198,barehsar,gilan,2025-11-27,5,21,16
4198,barehsar,gilan,2025-11-28,0,4,4
4198,barehsar,gilan,2025-11-29,0,3,3
4198,barehsar,gilan,2025-11-30,2,5,3
4198,barehsar,gilan,2025-12-01,2,6,4
4198,barehsar,gilan,2025-12-02,3,9,6
4198,barehsar,gilan,2025-12-03,3,15,12
4198,barehsar,gilan,2025-12-04,3,33,30
4198,barehsar,gilan,2025-12-05,0,5,5
4198,barehsar,gilan,2025-12-06,0,7,7
4198,barehsar,gilan,2025-12-07,0,5,5
4198,barehsar,gilan,2025-12-08,0,4,4
4198,barehsar,gilan,2025-12-09,0,5,5
4198,barehsar,gilan,2025-12-10,0,11,11
4198,barehsar,gilan,2025-12-11,3,41,38
4198,barehsar,gilan,2025-12-12,0,7,7
4198,barehsar,gilan,2025-12-13,0,4,4
4198,barehsar,gilan,2025-12-14,0,4,4
4198,barehsar,gilan,2025-12-15,2,8,6
4198,barehsar,gilan,2025-12-16,0,5,5
4198,barehsar,gilan,2025-12-17,0,8,8
4198,barehsar,gilan,2025-12-18,0,22,22
4198,barehsar,gilan,2025-12-19,0,8,8
4198,barehsar,gilan,2025-12-20,0,5,5
4198,barehsar,gilan,2025-12-21,0,4,4
7280,barzok,isfahan,2025-11-22,0,0,0
7280,barzok,isfahan,2025-11-23,4,4,0
7280,barzok,isfahan,2025-11-24,0,0,0
7280,barzok,isfahan,2025-11-25,0,0,0
7280,barzok,isfahan,2025-11-26,0,1,1
7280,barzok,isfahan,2025-11-27,0,3,3
7280,barzok,isfahan,2025-11-28,1,2,1
7280,barzok,isfahan,2025-11-29,0,1,1
7280,barzok,isfahan,2025-11-30,0,1,1
7280,barzok,isfahan,2025-12-01,0,1,1
7280,barzok,isfahan,2025-12-02,0,1,1
7280,barzok,isfahan,2025-12-03,0,2,2
7280,barzok,isfahan,2025-12-04,11,33,22
7280,barzok,isfahan,2025-12-05,0,2,2
7280,barzok,isfahan,2025-12-06,0,2,2
7280,barzok,isfahan,2025-12-07,0,2,2
7280,barzok,isfahan,2025-12-08,0,1,1
7280,barzok,isfahan,2025-12-09,0,2,2
7280,barzok,isfahan,2025-12-10,0,3,3
7280,barzok,isfahan,2025-12-11,1,13,12
7280,barzok,isfahan,2025-12-12,0,2,2
7280,barzok,isfahan,2025-12-13,0,2,2
7280,barzok,isfahan,2025-12-14,0,2,2
7280,barzok,isfahan,2025-12-15,0,2,2
7280,barzok,isfahan,2025-12-16,0,2,2
7280,barzok,isfahan,2025-12-17,0,3,3
7280,barzok,isfahan,2025-12-18,0,10,10
7280,barzok,isfahan,2025-12-19,0,2,2
7280,barzok,isfahan,2025-12-20,0,2,2
7280,barzok,isfahan,2025-12-21,0,1,1
7458,bazarjome,gilan,2025-11-22,0,0,0
7458,bazarjome,gilan,2025-11-23,0,0,0
7458,bazarjome,gilan,2025-11-24,3,3,0
7458,bazarjome,gilan,2025-11-25,0,0,0
7458,bazarjome,gilan,2025-11-26,0,0,0
7458,bazarjome,gilan,2025-11-27,0,0,0
7458,bazarjome,gilan,2025-11-28,0,0,0
7458,bazarjome,gilan,2025-11-29,0,0,0
7458,bazarjome,gilan,2025-11-30,0,0,0
7458,bazarjome,gilan,2025-12-01,0,0,0
7458,bazarjome,gilan,2025-12-02,0,0,0
7458,bazarjome,gilan,2025-12-03,0,0,0
7458,bazarjome,gilan,2025-12-04,0,1,1
7458,bazarjome,gilan,2025-12-05,0,0,0
7458,bazarjome,gilan,2025-12-06,0,0,0
7458,bazarjome,gilan,2025-12-07,0,0,0
7458,bazarjome,gilan,2025-12-08,0,0,0
7458,bazarjome,gilan,2025-12-09,0,0,0
7458,bazarjome,gilan,2025-12-10,0,0,0
7458,bazarjome,gilan,2025-12-11,0,1,1
7458,bazarjome,gilan,2025-12-12,0,0,0
7458,bazarjome,gilan,2025-12-13,0,0,0
7458,bazarjome,gilan,2025-12-14,0,0,0
7458,bazarjome,gilan,2025-12-15,0,0,0
7458,bazarjome,gilan,2025-12-16,0,0,0
7458,bazarjome,gilan,2025-12-17,0,0,0
7458,bazarjome,gilan,2025-12-18,2,3,1
7458,bazarjome,gilan,2025-12-19,0,0,0
7458,bazarjome,gilan,2025-12-20,0,0,0
7458,bazarjome,gilan,2025-12-21,0,0,0
3478,behnamir,mazandaran,2025-11-22,6,7,1
3478,behnamir,mazandaran,2025-11-23,2,4,2
3478,behnamir,mazandaran,2025-11-24,4,7,3
3478,behnamir,mazandaran,2025-11-25,1,5,4
3478,behnamir,mazandaran,2025-11-26,0,5,5
3478,behnamir,mazandaran,2025-11-27,2,12,10
3478,behnamir,mazandaran,2025-11-28,0,3,3
3478,behnamir,mazandaran,2025-11-29,0,3,3
3478,behnamir,mazandaran,2025-11-30,0,3,3
3478,behnamir,mazandaran,2025-12-01,0,3,3
3478,behnamir,mazandaran,2025-12-02,0,5,5
3478,behnamir,mazandaran,2025-12-03,2,11,9
3478,behnamir,mazandaran,2025-12-04,2,18,16
3478,behnamir,mazandaran,2025-12-05,0,3,3
3478,behnamir,mazandaran,2025-12-06,2,7,5
3478,behnamir,mazandaran,2025-12-07,5,12,7
3478,behnamir,mazandaran,2025-12-08,0,3,3
3478,behnamir,mazandaran,2025-12-09,0,4,4
3478,behnamir,mazandaran,2025-12-10,2,9,7
3478,behnamir,mazandaran,2025-12-11,2,22,20
3478,behnamir,mazandaran,2025-12-12,3,8,5
3478,behnamir,mazandaran,2025-12-13,3,8,5
3478,behnamir,mazandaran,2025-12-14,2,5,3
3478,behnamir,mazandaran,2025-12-15,2,5,3
3478,behnamir,mazandaran,2025-12-16,0,5,5
3478,behnamir,mazandaran,2025-12-17,0,6,6
3478,behnamir,mazandaran,2025-12-18,1,13,12
3478,behnamir,mazandaran,2025-12-19,0,4,4
3478,behnamir,mazandaran,2025-12-20,0,3,3
3478,behnamir,mazandaran,2025-12-21,0,3,3
3333,behshahr,mazandaran,2025-11-22,582,673,91
3333,behshahr,mazandaran,2025-11-23,485,637,152
3333,behshahr,mazandaran,2025-11-24,359,546,187
3333,behshahr,mazandaran,2025-11-25,407,619,212
3333,behshahr,mazandaran,2025-11-26,334,742,408
3333,behshahr,mazandaran,2025-11-27,438,1168,730
3333,behshahr,mazandaran,2025-11-28,135,385,250
3333,behshahr,mazandaran,2025-11-29,112,321,209
3333,behshahr,mazandaran,2025-11-30,71,272,201
3333,behshahr,mazandaran,2025-12-01,99,385,286
3333,behshahr,mazandaran,2025-12-02,127,467,340
3333,behshahr,mazandaran,2025-12-03,114,585,471
3333,behshahr,mazandaran,2025-12-04,138,1095,957
3333,behshahr,mazandaran,2025-12-05,44,311,267
3333,behshahr,mazandaran,2025-12-06,54,360,306
3333,behshahr,mazandaran,2025-12-07,47,331,284
3333,behshahr,mazandaran,2025-12-08,61,360,299
3333,behshahr,mazandaran,2025-12-09,40,347,307
3333,behshahr,mazandaran,2025-12-10,86,525,439
3333,behshahr,mazandaran,2025-12-11,105,1321,1216
3333,behshahr,mazandaran,2025-12-12,37,357,320
3333,behshahr,mazandaran,2025-12-13,44,334,290
3333,behshahr,mazandaran,2025-12-14,31,326,295
3333,behshahr,mazandaran,2025-12-15,31,388,357
3333,behshahr,mazandaran,2025-12-16,42,358,316
3333,behshahr,mazandaran,2025-12-17,28,545,517
3333,behshahr,mazandaran,2025-12-18,51,904,853
3333,behshahr,mazandaran,2025-12-19,20,337,317
3333,behshahr,mazandaran,2025-12-20,19,313,294
3333,behshahr,mazandaran,2025-12-21,9,237,228
6379,bejestan,khorasan_razavi,2025-11-22,0,0,0
6379,bejestan,khorasan_razavi,2025-11-23,0,0,0
6379,bejestan,khorasan_razavi,2025-11-24,0,0,0
6379,bejestan,khorasan_razavi,2025-11-25,0,0,0
6379,bejestan,khorasan_razavi,2025-11-26,0,0,0
6379,bejestan,khorasan_razavi,2025-11-27,0,0,0
6379,bejestan,khorasan_razavi,2025-11-28,0,0,0
6379,bejestan,khorasan_razavi,2025-11-29,0,0,0
6379,bejestan,khorasan_razavi,2025-11-30,0,0,0
6379,bejestan,khorasan_razavi,2025-12-01,0,0,0
6379,bejestan,khorasan_razavi,2025-12-02,0,0,0
6379,bejestan,khorasan_razavi,2025-12-03,0,0,0
6379,bejestan,khorasan_razavi,2025-12-04,0,0,0
6379,bejestan,khorasan_razavi,2025-12-05,0,0,0
6379,bejestan,khorasan_razavi,2025-12-06,0,0,0
6379,bejestan,khorasan_razavi,2025-12-07,0,0,0
6379,bejestan,khorasan_razavi,2025-12-08,0,0,0
6379,bejestan,khorasan_razavi,2025-12-09,0,0,0
6379,bejestan,khorasan_razavi,2025-12-10,0,0,0
6379,bejestan,khorasan_razavi,2025-12-11,0,0,0
6379,bejestan,khorasan_razavi,2025-12-12,0,0,0
6379,bejestan,khorasan_razavi,2025-12-13,0,0,0
6379,bejestan,khorasan_razavi,2025-12-14,0,0,0
6379,bejestan,khorasan_razavi,2025-12-15,0,0,0
6379,bejestan,khorasan_razavi,2025-12-16,0,0,0
6379,bejestan,khorasan_razavi,2025-12-17,0,0,0
6379,bejestan,khorasan_razavi,2025-12-18,0,0,0
6379,bejestan,khorasan_razavi,2025-12-19,0,0,0
6379,bejestan,khorasan_razavi,2025-12-20,0,0,0
6379,bejestan,khorasan_razavi,2025-12-21,0,0,0
3752,bika,hormozgan,2025-11-22,0,0,0
3752,bika,hormozgan,2025-11-23,0,0,0
3752,bika,hormozgan,2025-11-24,0,0,0
3752,bika,hormozgan,2025-11-25,0,0,0
3752,bika,hormozgan,2025-11-26,0,0,0
3752,bika,hormozgan,2025-11-27,0,0,0
3752,bika,hormozgan,2025-11-28,0,0,0
3752,bika,hormozgan,2025-11-29,0,0,0
3752,bika,hormozgan,2025-11-30,0,0,0
3752,bika,hormozgan,2025-12-01,0,0,0
3752,bika,hormozgan,2025-12-02,0,0,0
3752,bika,hormozgan,2025-12-03,0,0,0
3752,bika,hormozgan,2025-12-04,0,0,0
3752,bika,hormozgan,2025-12-05,0,0,0
3752,bika,hormozgan,2025-12-06,0,0,0
3752,bika,hormozgan,2025-12-07,0,0,0
3752,bika,hormozgan,2025-12-08,0,0,0
3752,bika,hormozgan,2025-12-09,0,0,0
3752,bika,hormozgan,2025-12-10,0,0,0
3752,bika,hormozgan,2025-12-11,0,0,0
3752,bika,hormozgan,2025-12-12,0,0,0
3752,bika,hormozgan,2025-12-13,0,0,0
3752,bika,hormozgan,2025-12-14,0,0,0
3752,bika,hormozgan,2025-12-15,0,0,0
3752,bika,hormozgan,2025-12-16,0,0,0
3752,bika,hormozgan,2025-12-17,0,0,0
3752,bika,hormozgan,2025-12-18,0,0,0
3752,bika,hormozgan,2025-12-19,0,0,0
3752,bika,hormozgan,2025-12-20,0,0,0
3752,bika,hormozgan,2025-12-21,0,0,0
7599,binalood,khorasan_razavi,2025-11-22,1,1,0
7599,binalood,khorasan_razavi,2025-11-23,1,1,0
7599,binalood,khorasan_razavi,2025-11-24,1,1,0
7599,binalood,khorasan_razavi,2025-11-25,0,0,0
7599,binalood,khorasan_razavi,2025-11-26,0,0,0
7599,binalood,khorasan_razavi,2025-11-27,0,0,0
7599,binalood,khorasan_razavi,2025-11-28,0,0,0
7599,binalood,khorasan_razavi,2025-11-29,0,0,0
7599,binalood,khorasan_razavi,2025-11-30,0,0,0
7599,binalood,khorasan_razavi,2025-12-01,0,0,0
7599,binalood,khorasan_razavi,2025-12-02,0,0,0
7599,binalood,khorasan_razavi,2025-12-03,0,0,0
7599,binalood,khorasan_razavi,2025-12-04,0,0,0
7599,binalood,khorasan_razavi,2025-12-05,0,0,0
7599,binalood,khorasan_razavi,2025-12-06,0,0,0
7599,binalood,khorasan_razavi,2025-12-07,0,0,0
7599,binalood,khorasan_razavi,2025-12-08,0,0,0
7599,binalood,khorasan_razavi,2025-12-09,0,0,0
7599,binalood,khorasan_razavi,2025-12-10,0,0,0
7599,binalood,khorasan_razavi,2025-12-11,0,0,0
7599,binalood,khorasan_razavi,2025-12-12,0,0,0
7599,binalood,khorasan_razavi,2025-12-13,0,0,0
7599,binalood,khorasan_razavi,2025-12-14,0,0,0
7599,binalood,khorasan_razavi,2025-12-15,0,0,0
7599,binalood,khorasan_razavi,2025-12-16,0,0,0
7599,binalood,khorasan_razavi,2025-12-17,0,0,0
7599,binalood,khorasan_razavi,2025-12-18,0,0,0
7599,binalood,khorasan_razavi,2025-12-19,0,0,0
7599,binalood,khorasan_razavi,2025-12-20,0,0,0
7599,binalood,khorasan_razavi,2025-12-21,0,0,0
9647,buin_va_miandasht,isfahan,2025-11-22,0,0,0
9647,buin_va_miandasht,isfahan,2025-11-23,0,0,0
9647,buin_va_miandasht,isfahan,2025-11-24,0,0,0
9647,buin_va_miandasht,isfahan,2025-11-25,0,0,0
9647,buin_va_miandasht,isfahan,2025-11-26,0,0,0
9647,buin_va_miandasht,isfahan,2025-11-27,0,0,0
9647,buin_va_miandasht,isfahan,2025-11-28,0,0,0
9647,buin_va_miandasht,isfahan,2025-11-29,0,0,0
9647,buin_va_miandasht,isfahan,2025-11-30,0,0,0
9647,buin_va_miandasht,isfahan,2025-12-01,0,0,0
9647,buin_va_miandasht,isfahan,2025-12-02,0,0,0
9647,buin_va_miandasht,isfahan,2025-12-03,0,0,0
9647,buin_va_miandasht,isfahan,2025-12-04,0,0,0
9647,buin_va_miandasht,isfahan,2025-12-05,0,0,0
9647,buin_va_miandasht,isfahan,2025-12-06,0,0,0
9647,buin_va_miandasht,isfahan,2025-12-07,0,0,0
9647,buin_va_miandasht,isfahan,2025-12-08,0,0,0
9647,buin_va_miandasht,isfahan,2025-12-09,0,0,0
9647,buin_va_miandasht,isfahan,2025-12-10,0,0,0
9647,buin_va_miandasht,isfahan,2025-12-11,0,0,0
9647,buin_va_miandasht,isfahan,2025-12-12,0,0,0
9647,buin_va_miandasht,isfahan,2025-12-13,0,0,0
9647,buin_va_miandasht,isfahan,2025-12-14,0,0,0
9647,buin_va_miandasht,isfahan,2025-12-15,0,0,0
9647,buin_va_miandasht,isfahan,2025-12-16,0,0,0
9647,buin_va_miandasht,isfahan,2025-12-17,0,0,0
9647,buin_va_miandasht,isfahan,2025-12-18,0,0,0
9647,buin_va_miandasht,isfahan,2025-12-19,0,0,0
9647,buin_va_miandasht,isfahan,2025-12-20,0,0,0
9647,buin_va_miandasht,isfahan,2025-12-21,0,0,0
3217,bumehen,tehran,2025-11-22,49,61,12
3217,bumehen,tehran,2025-11-23,59,89,30
3217,bumehen,tehran,2025-11-24,57,98,41
3217,bumehen,tehran,2025-11-25,38,77,39
3217,bumehen,tehran,2025-11-26,29,82,53
3217,bumehen,tehran,2025-11-27,108,290,182
3217,bumehen,tehran,2025-11-28,16,83,67
3217,bumehen,tehran,2025-11-29,18,69,51
3217,bumehen,tehran,2025-11-30,11,61,50
3217,bumehen,tehran,2025-12-01,16,87,71
3217,bumehen,tehran,2025-12-02,4,64,60
3217,bumehen,tehran,2025-12-03,12,106,94
3217,bumehen,tehran,2025-12-04,38,311,273
3217,bumehen,tehran,2025-12-05,17,119,102
3217,bumehen,tehran,2025-12-06,8,76,68
3217,bumehen,tehran,2025-12-07,5,66,61
3217,bumehen,tehran,2025-12-08,10,76,66
3217,bumehen,tehran,2025-12-09,7,81,74
3217,bumehen,tehran,2025-12-10,8,115,107
3217,bumehen,tehran,2025-12-11,21,390,369
3217,bumehen,tehran,2025-12-12,1,105,104
3217,bumehen,tehran,2025-12-13,1,66,65
3217,bumehen,tehran,2025-12-14,1,67,66
3217,bumehen,tehran,2025-12-15,1,73,72
3217,bumehen,tehran,2025-12-16,4,85,81
3217,bumehen,tehran,2025-12-17,1,112,111
3217,bumehen,tehran,2025-12-18,16,328,312
3217,bumehen,tehran,2025-12-19,4,144,140
3217,bumehen,tehran,2025-12-20,5,91,86
3217,bumehen,tehran,2025-12-21,7,75,68
9879,chaboksar,gilan,2025-11-22,736,810,74
9879,chaboksar,gilan,2025-11-23,582,727,145
9879,chaboksar,gilan,2025-11-24,398,588,190
9879,chaboksar,gilan,2025-11-25,389,626,237
9879,chaboksar,gilan,2025-11-26,494,925,431
9879,chaboksar,gilan,2025-11-27,355,921,566
9879,chaboksar,gilan,2025-11-28,107,347,240
9879,chaboksar,gilan,2025-11-29,134,335,201
9879,chaboksar,gilan,2025-11-30,188,429,241
9879,chaboksar,gilan,2025-12-01,171,462,291
9879,chaboksar,gilan,2025-12-02,158,525,367
9879,chaboksar,gilan,2025-12-03,157,597,440
9879,chaboksar,gilan,2025-12-04,183,1154,971
9879,chaboksar,gilan,2025-12-05,46,308,262
9879,chaboksar,gilan,2025-12-06,52,339,287
9879,chaboksar,gilan,2025-12-07,77,358,281
9879,chaboksar,gilan,2025-12-08,76,381,305
9879,chaboksar,gilan,2025-12-09,59,379,320
9879,chaboksar,gilan,2025-12-10,61,485,424
9879,chaboksar,gilan,2025-12-11,44,680,636
9879,chaboksar,gilan,2025-12-12,36,386,350
9879,chaboksar,gilan,2025-12-13,44,351,307
9879,chaboksar,gilan,2025-12-14,50,373,323
9879,chaboksar,gilan,2025-12-15,40,355,315
9879,chaboksar,gilan,2025-12-16,40,394,354
9879,chaboksar,gilan,2025-12-17,60,527,467
9879,chaboksar,gilan,2025-12-18,66,810,744
9879,chaboksar,gilan,2025-12-19,51,474,423
9879,chaboksar,gilan,2025-12-20,33,313,280
9879,chaboksar,gilan,2025-12-21,26,218,192
9880,chadegan,isfahan,2025-11-22,50,56,6
9880,chadegan,isfahan,2025-11-23,131,161,30
9880,chadegan,isfahan,2025-11-24,65,84,19
9880,chadegan,isfahan,2025-11-25,30,50,20
9880,chadegan,isfahan,2025-11-26,59,114,55
9880,chadegan,isfahan,2025-11-27,122,357,235
9880,chadegan,isfahan,2025-11-28,14,47,33
9880,chadegan,isfahan,2025-11-29,14,39,25
9880,chadegan,isfahan,2025-11-30,19,50,31
9880,chadegan,isfahan,2025-12-01,8,39,31
9880,chadegan,isfahan,2025-12-02,3,41,38
9880,chadegan,isfahan,2025-12-03,19,107,88
9880,chadegan,isfahan,2025-12-04,28,311,283
9880,chadegan,isfahan,2025-12-05,4,47,43
9880,chadegan,isfahan,2025-12-06,4,59,55
9880,chadegan,isfahan,2025-12-07,2,43,41
9880,chadegan,isfahan,2025-12-08,5,52,47
9880,chadegan,isfahan,2025-12-09,3,57,54
9880,chadegan,isfahan,2025-12-10,0,91,91
9880,chadegan,isfahan,2025-12-11,10,306,296
9880,chadegan,isfahan,2025-12-12,2,57,55
9880,chadegan,isfahan,2025-12-13,2,53,51
9880,chadegan,isfahan,2025-12-14,0,41,41
9880,chadegan,isfahan,2025-12-15,0,52,52
9880,chadegan,isfahan,2025-12-16,0,63,63
9880,chadegan,isfahan,2025-12-17,6,132,126
9880,chadegan,isfahan,2025-12-18,19,374,355
9880,chadegan,isfahan,2025-12-19,5,74,69
9880,chadegan,isfahan,2025-12-20,1,56,55
9880,chadegan,isfahan,2025-12-21,2,45,43
4609,chaharbagh,alborz,2025-11-22,222,271,49
4609,chaharbagh,alborz,2025-11-23,318,459,141
4609,chaharbagh,alborz,2025-11-24,256,420,164
4609,chaharbagh,alborz,2025-11-25,158,311,153
4609,chaharbagh,alborz,2025-11-26,140,392,252
4609,chaharbagh,alborz,2025-11-27,295,991,696
4609,chaharbagh,alborz,2025-11-28,187,549,362
4609,chaharbagh,alborz,2025-11-29,56,251,195
4609,chaharbagh,alborz,2025-11-30,74,296,222
4609,chaharbagh,alborz,2025-12-01,65,281,216
4609,chaharbagh,alborz,2025-12-02,97,375,278
4609,chaharbagh,alborz,2025-12-03,50,333,283
4609,chaharbagh,alborz,2025-12-04,151,1275,1124
4609,chaharbagh,alborz,2025-12-05,49,404,355
4609,chaharbagh,alborz,2025-12-06,24,294,270
4609,chaharbagh,alborz,2025-12-07,35,281,246
4609,chaharbagh,alborz,2025-12-08,37,273,236
4609,chaharbagh,alborz,2025-12-09,30,275,245
4609,chaharbagh,alborz,2025-12-10,54,387,333
4609,chaharbagh,alborz,2025-12-11,102,1137,1035
4609,chaharbagh,alborz,2025-12-12,21,417,396
4609,chaharbagh,alborz,2025-12-13,13,329,316
4609,chaharbagh,alborz,2025-12-14,13,297,284
4609,chaharbagh,alborz,2025-12-15,17,318,301
4609,chaharbagh,alborz,2025-12-16,20,311,291
4609,chaharbagh,alborz,2025-12-17,42,384,342
4609,chaharbagh,alborz,2025-12-18,108,1105,997
4609,chaharbagh,alborz,2025-12-19,58,453,395
4609,chaharbagh,alborz,2025-12-20,12,314,302
4609,chaharbagh,alborz,2025-12-21,5,284,279
4797,chahardangeh,tehran,2025-11-22,0,0,0
4797,chahardangeh,tehran,2025-11-23,0,0,0
4797,chahardangeh,tehran,2025-11-24,0,0,0
4797,chahardangeh,tehran,2025-11-25,0,0,0
4797,chahardangeh,tehran,2025-11-26,0,0,0
4797,chahardangeh,tehran,2025-11-27,0,0,0
4797,chahardangeh,tehran,2025-11-28,0,0,0
4797,chahardangeh,tehran,2025-11-29,0,0,0
4797,chahardangeh,tehran,2025-11-30,0,0,0
4797,chahardangeh,tehran,2025-12-01,0,0,0
4797,chahardangeh,tehran,2025-12-02,0,0,0
4797,chahardangeh,tehran,2025-12-03,0,0,0
4797,chahardangeh,tehran,2025-12-04,0,0,0
4797,chahardangeh,tehran,2025-12-05,0,0,0
4797,chahardangeh,tehran,2025-12-06,0,0,0
4797,chahardangeh,tehran,2025-12-07,0,0,0
4797,chahardangeh,tehran,2025-12-08,0,0,0
4797,chahardangeh,tehran,2025-12-09,0,0,0
4797,chahardangeh,tehran,2025-12-10,0,0,0
4797,chahardangeh,tehran,2025-12-11,0,0,0
4797,chahardangeh,tehran,2025-12-12,0,0,0
4797,chahardangeh,tehran,2025-12-13,0,0,0
4797,chahardangeh,tehran,2025-12-14,0,0,0
4797,chahardangeh,tehran,2025-12-15,0,0,0
4797,chahardangeh,tehran,2025-12-16,0,0,0
4797,chahardangeh,tehran,2025-12-17,0,0,0
4797,chahardangeh,tehran,2025-12-18,0,0,0
4797,chahardangeh,tehran,2025-12-19,0,0,0
4797,chahardangeh,tehran,2025-12-20,0,0,0
4797,chahardangeh,tehran,2025-12-21,0,0,0
8139,chalandar,mazandaran,2025-11-22,44,47,3
8139,chalandar,mazandaran,2025-11-23,15,19,4
8139,chalandar,mazandaran,2025-11-24,27,33,6
8139,chalandar,mazandaran,2025-11-25,31,43,12
8139,chalandar,mazandaran,2025-11-26,15,36,21
8139,chalandar,mazandaran,2025-11-27,15,43,28
8139,chalandar,mazandaran,2025-11-28,7,14,7
8139,chalandar,mazandaran,2025-11-29,4,9,5
8139,chalandar,mazandaran,2025-11-30,5,13,8
8139,chalandar,mazandaran,2025-12-01,5,15,10
8139,chalandar,mazandaran,2025-12-02,6,22,16
8139,chalandar,mazandaran,2025-12-03,10,32,22
8139,chalandar,mazandaran,2025-12-04,6,39,33
8139,chalandar,mazandaran,2025-12-05,1,9,8
8139,chalandar,mazandaran,2025-12-06,1,12,11
8139,chalandar,mazandaran,2025-12-07,1,11,10
8139,chalandar,mazandaran,2025-12-08,1,11,10
8139,chalandar,mazandaran,2025-12-09,2,17,15
8139,chalandar,mazandaran,2025-12-10,2,23,21
8139,chalandar,mazandaran,2025-12-11,2,41,39
8139,chalandar,mazandaran,2025-12-12,3,14,11
8139,chalandar,mazandaran,2025-12-13,1,10,9
8139,chalandar,mazandaran,2025-12-14,2,11,9
8139,chalandar,mazandaran,2025-12-15,2,14,12
8139,chalandar,mazandaran,2025-12-16,2,17,15
8139,chalandar,mazandaran,2025-12-17,2,20,18
8139,chalandar,mazandaran,2025-12-18,3,33,30
8139,chalandar,mazandaran,2025-12-19,4,18,14
8139,chalandar,mazandaran,2025-12-20,1,12,11
8139,chalandar,mazandaran,2025-12-21,1,10,9
8728,chali,mazandaran,2025-11-22,0,0,0
8728,chali,mazandaran,2025-11-23,0,0,0
8728,chali,mazandaran,2025-11-24,0,0,0
8728,chali,mazandaran,2025-11-25,0,0,0
8728,chali,mazandaran,2025-11-26,0,0,0
8728,chali,mazandaran,2025-11-27,0,0,0
8728,chali,mazandaran,2025-11-28,0,0,0
8728,chali,mazandaran,2025-11-29,0,0,0
8728,chali,mazandaran,2025-11-30,0,0,0
8728,chali,mazandaran,2025-12-01,0,0,0
8728,chali,mazandaran,2025-12-02,0,0,0
8728,chali,mazandaran,2025-12-03,0,0,0
8728,chali,mazandaran,2025-12-04,0,0,0
8728,chali,mazandaran,2025-12-05,0,0,0
8728,chali,mazandaran,2025-12-06,0,0,0
8728,chali,mazandaran,2025-12-07,0,0,0
8728,chali,mazandaran,2025-12-08,0,0,0
8728,chali,mazandaran,2025-12-09,0,0,0
8728,chali,mazandaran,2025-12-10,0,0,0
8728,chali,mazandaran,2025-12-11,0,0,0
8728,chali,mazandaran,2025-12-12,0,0,0
8728,chali,mazandaran,2025-12-13,0,0,0
8728,chali,mazandaran,2025-12-14,0,0,0
8728,chali,mazandaran,2025-12-15,0,0,0
8728,chali,mazandaran,2025-12-16,0,0,0
8728,chali,mazandaran,2025-12-17,0,0,0
8728,chali,mazandaran,2025-12-18,0,0,0
8728,chali,mazandaran,2025-12-19,0,0,0
8728,chali,mazandaran,2025-12-20,0,0,0
8728,chali,mazandaran,2025-12-21,0,0,0
9770,chalus,mazandaran,2025-11-22,6994,8172,1178
9770,chalus,mazandaran,2025-11-23,6066,8518,2452
9770,chalus,mazandaran,2025-11-24,4539,7147,2608
9770,chalus,mazandaran,2025-11-25,3683,6761,3078
9770,chalus,mazandaran,2025-11-26,4922,11612,6690
9770,chalus,mazandaran,2025-11-27,5493,16783,11290
9770,chalus,mazandaran,2025-11-28,1804,5613,3809
9770,chalus,mazandaran,2025-11-29,1588,4540,2952
9770,chalus,mazandaran,2025-11-30,1425,4647,3222
9770,chalus,mazandaran,2025-12-01,1159,4303,3144
9770,chalus,mazandaran,2025-12-02,1023,4356,3333
9770,chalus,mazandaran,2025-12-03,1386,7495,6109
9770,chalus,mazandaran,2025-12-04,1704,13770,12066
9770,chalus,mazandaran,2025-12-05,757,4975,4218
9770,chalus,mazandaran,2025-12-06,709,4039,3330
9770,chalus,mazandaran,2025-12-07,592,3691,3099
9770,chalus,mazandaran,2025-12-08,617,4293,3676
9770,chalus,mazandaran,2025-12-09,590,4455,3865
9770,chalus,mazandaran,2025-12-10,691,7631,6940
9770,chalus,mazandaran,2025-12-11,884,14803,13919
9770,chalus,mazandaran,2025-12-12,451,5743,5292
9770,chalus,mazandaran,2025-12-13,357,3760,3403
9770,chalus,mazandaran,2025-12-14,323,3358,3035
9770,chalus,mazandaran,2025-12-15,370,4204,3834
9770,chalus,mazandaran,2025-12-16,413,4778,4365
9770,chalus,mazandaran,2025-12-17,578,8655,8077
9770,chalus,mazandaran,2025-12-18,773,13160,12387
9770,chalus,mazandaran,2025-12-19,472,6663,6191
9770,chalus,mazandaran,2025-12-20,387,4570,4183
9770,chalus,mazandaran,2025-12-21,100,2155,2055
8979,chamestan,mazandaran,2025-11-22,443,516,73
8979,chamestan,mazandaran,2025-11-23,327,457,130
8979,chamestan,mazandaran,2025-11-24,183,330,147
8979,chamestan,mazandaran,2025-11-25,138,311,173
8979,chamestan,mazandaran,2025-11-26,290,710,420
8979,chamestan,mazandaran,2025-11-27,414,1312,898
8979,chamestan,mazandaran,2025-11-28,116,377,261
8979,chamestan,mazandaran,2025-11-29,56,232,176
8979,chamestan,mazandaran,2025-11-30,48,248,200
8979,chamestan,mazandaran,2025-12-01,67,335,268
8979,chamestan,mazandaran,2025-12-02,59,336,277
8979,chamestan,mazandaran,2025-12-03,122,609,487
8979,chamestan,mazandaran,2025-12-04,129,1195,1066
8979,chamestan,mazandaran,2025-12-05,46,311,265
8979,chamestan,mazandaran,2025-12-06,43,301,258
8979,chamestan,mazandaran,2025-12-07,46,284,238
8979,chamestan,mazandaran,2025-12-08,36,272,236
8979,chamestan,mazandaran,2025-12-09,26,266,240
8979,chamestan,mazandaran,2025-12-10,16,368,352
8979,chamestan,mazandaran,2025-12-11,20,790,770
8979,chamestan,mazandaran,2025-12-12,11,296,285
8979,chamestan,mazandaran,2025-12-13,19,261,242
8979,chamestan,mazandaran,2025-12-14,13,215,202
8979,chamestan,mazandaran,2025-12-15,23,253,230
8979,chamestan,mazandaran,2025-12-16,46,308,262
8979,chamestan,mazandaran,2025-12-17,60,599,539
8979,chamestan,mazandaran,2025-12-18,51,865,814
8979,chamestan,mazandaran,2025-12-19,38,335,297
8979,chamestan,mazandaran,2025-12-20,14,260,246
8979,chamestan,mazandaran,2025-12-21,0,188,188
1751,chamgordan,isfahan,2025-11-22,0,0,0
1751,chamgordan,isfahan,2025-11-23,0,0,0
1751,chamgordan,isfahan,2025-11-24,0,0,0
1751,chamgordan,isfahan,2025-11-25,0,0,0
1751,chamgordan,isfahan,2025-11-26,0,0,0
1751,chamgordan,isfahan,2025-11-27,0,0,0
1751,chamgordan,isfahan,2025-11-28,0,0,0
1751,chamgordan,isfahan,2025-11-29,0,0,0
1751,chamgordan,isfahan,2025-11-30,0,0,0
1751,chamgordan,isfahan,2025-12-01,0,0,0
1751,chamgordan,isfahan,2025-12-02,0,0,0
1751,chamgordan,isfahan,2025-12-03,0,0,0
1751,chamgordan,isfahan,2025-12-04,0,0,0
1751,chamgordan,isfahan,2025-12-05,0,0,0
1751,chamgordan,isfahan,2025-12-06,0,0,0
1751,chamgordan,isfahan,2025-12-07,0,0,0
1751,chamgordan,isfahan,2025-12-08,0,0,0
1751,chamgordan,isfahan,2025-12-09,0,0,0
1751,chamgordan,isfahan,2025-12-10,0,0,0
1751,chamgordan,isfahan,2025-12-11,0,0,0
1751,chamgordan,isfahan,2025-12-12,0,0,0
1751,chamgordan,isfahan,2025-12-13,0,0,0
1751,chamgordan,isfahan,2025-12-14,0,0,0
1751,chamgordan,isfahan,2025-12-15,0,0,0
1751,chamgordan,isfahan,2025-12-16,0,0,0
1751,chamgordan,isfahan,2025-12-17,0,0,0
1751,chamgordan,isfahan,2025-12-18,0,0,0
1751,chamgordan,isfahan,2025-12-19,0,0,0
1751,chamgordan,isfahan,2025-12-20,0,0,0
1751,chamgordan,isfahan,2025-12-21,0,0,0
7201,chamkhaleh,gilan,2025-11-22,346,392,46
7201,chamkhaleh,gilan,2025-11-23,229,305,76
7201,chamkhaleh,gilan,2025-11-24,244,369,125
7201,chamkhaleh,gilan,2025-11-25,248,430,182
7201,chamkhaleh,gilan,2025-11-26,347,677,330
7201,chamkhaleh,gilan,2025-11-27,322,780,458
7201,chamkhaleh,gilan,2025-11-28,148,367,219
7201,chamkhaleh,gilan,2025-11-29,94,255,161
7201,chamkhaleh,gilan,2025-11-30,43,185,142
7201,chamkhaleh,gilan,2025-12-01,49,210,161
7201,chamkhaleh,gilan,2025-12-02,49,258,209
7201,chamkhaleh,gilan,2025-12-03,69,414,345
7201,chamkhaleh,gilan,2025-12-04,92,634,542
7201,chamkhaleh,gilan,2025-12-05,51,247,196
7201,chamkhaleh,gilan,2025-12-06,32,217,185
7201,chamkhaleh,gilan,2025-12-07,40,218,178
7201,chamkhaleh,gilan,2025-12-08,44,228,184
7201,chamkhaleh,gilan,2025-12-09,47,264,217
7201,chamkhaleh,gilan,2025-12-10,41,308,267
7201,chamkhaleh,gilan,2025-12-11,38,584,546
7201,chamkhaleh,gilan,2025-12-12,36,294,258
7201,chamkhaleh,gilan,2025-12-13,28,205,177
7201,chamkhaleh,gilan,2025-12-14,24,193,169
7201,chamkhaleh,gilan,2025-12-15,21,221,200
7201,chamkhaleh,gilan,2025-12-16,22,234,212
7201,chamkhaleh,gilan,2025-12-17,22,318,296
7201,chamkhaleh,gilan,2025-12-18,51,605,554
7201,chamkhaleh,gilan,2025-12-19,24,238,214
7201,chamkhaleh,gilan,2025-12-20,31,215,184
7201,chamkhaleh,gilan,2025-12-21,3,134,131
5933,charak,hormozgan,2025-11-22,2,4,2
5933,charak,hormozgan,2025-11-23,7,12,5
5933,charak,hormozgan,2025-11-24,7,13,6
5933,charak,hormozgan,2025-11-25,2,7,5
5933,charak,hormozgan,2025-11-26,6,16,10
5933,charak,hormozgan,2025-11-27,2,9,7
5933,charak,hormozgan,2025-11-28,4,7,3
5933,charak,hormozgan,2025-11-29,1,4,3
5933,charak,hormozgan,2025-11-30,1,6,5
5933,charak,hormozgan,2025-12-01,2,10,8
5933,charak,hormozgan,2025-12-02,2,12,10
5933,charak,hormozgan,2025-12-03,3,15,12
5933,charak,hormozgan,2025-12-04,2,16,14
5933,charak,hormozgan,2025-12-05,2,9,7
5933,charak,hormozgan,2025-12-06,2,11,9
5933,charak,hormozgan,2025-12-07,1,9,8
5933,charak,hormozgan,2025-12-08,2,11,9
5933,charak,hormozgan,2025-12-09,2,11,9
5933,charak,hormozgan,2025-12-10,1,10,9
5933,charak,hormozgan,2025-12-11,1,13,12
5933,charak,hormozgan,2025-12-12,2,9,7
5933,charak,hormozgan,2025-12-13,1,9,8
5933,charak,hormozgan,2025-12-14,1,8,7
5933,charak,hormozgan,2025-12-15,1,10,9
5933,charak,hormozgan,2025-12-16,1,13,12
5933,charak,hormozgan,2025-12-17,1,13,12
5933,charak,hormozgan,2025-12-18,1,12,11
5933,charak,hormozgan,2025-12-19,1,9,8
5933,charak,hormozgan,2025-12-20,0,8,8
5933,charak,hormozgan,2025-12-21,0,5,5
6430,chenaran,khorasan_razavi,2025-11-22,2,3,1
6430,chenaran,khorasan_razavi,2025-11-23,2,3,1
6430,chenaran,khorasan_razavi,2025-11-24,1,3,2
6430,chenaran,khorasan_razavi,2025-11-25,1,3,2
6430,chenaran,khorasan_razavi,2025-11-26,0,3,3
6430,chenaran,khorasan_razavi,2025-11-27,5,16,11
6430,chenaran,khorasan_razavi,2025-11-28,0,3,3
6430,chenaran,khorasan_razavi,2025-11-29,1,4,3
6430,chenaran,khorasan_razavi,2025-11-30,0,3,3
6430,chenaran,khorasan_razavi,2025-12-01,2,7,5
6430,chenaran,khorasan_razavi,2025-12-02,0,5,5
6430,chenaran,khorasan_razavi,2025-12-03,2,7,5
6430,chenaran,khorasan_razavi,2025-12-04,1,15,14
6430,chenaran,khorasan_razavi,2025-12-05,0,5,5
6430,chenaran,khorasan_razavi,2025-12-06,0,5,5
6430,chenaran,khorasan_razavi,2025-12-07,0,5,5
6430,chenaran,khorasan_razavi,2025-12-08,0,5,5
6430,chenaran,khorasan_razavi,2025-12-09,0,5,5
6430,chenaran,khorasan_razavi,2025-12-10,0,5,5
6430,chenaran,khorasan_razavi,2025-12-11,0,17,17
6430,chenaran,khorasan_razavi,2025-12-12,0,5,5
6430,chenaran,khorasan_razavi,2025-12-13,0,5,5
6430,chenaran,khorasan_razavi,2025-12-14,0,5,5
6430,chenaran,khorasan_razavi,2025-12-15,0,6,6
6430,chenaran,khorasan_razavi,2025-12-16,0,6,6
6430,chenaran,khorasan_razavi,2025-12-17,0,6,6
6430,chenaran,khorasan_razavi,2025-12-18,0,14,14
6430,chenaran,khorasan_razavi,2025-12-19,0,5,5
6430,chenaran,khorasan_razavi,2025-12-20,0,5,5
6430,chenaran,khorasan_razavi,2025-12-21,0,4,4
2854,choobar,gilan,2025-11-22,15,17,2
2854,choobar,gilan,2025-11-23,11,15,4
2854,choobar,gilan,2025-11-24,5,8,3
2854,choobar,gilan,2025-11-25,8,13,5
2854,choobar,gilan,2025-11-26,10,18,8
2854,choobar,gilan,2025-11-27,7,17,10
2854,choobar,gilan,2025-11-28,3,5,2
2854,choobar,gilan,2025-11-29,4,6,2
2854,choobar,gilan,2025-11-30,5,8,3
2854,choobar,gilan,2025-12-01,3,7,4
2854,choobar,gilan,2025-12-02,0,3,3
2854,choobar,gilan,2025-12-03,0,5,5
2854,choobar,gilan,2025-12-04,0,10,10
2854,choobar,gilan,2025-12-05,0,2,2
2854,choobar,gilan,2025-12-06,0,3,3
2854,choobar,gilan,2025-12-07,0,3,3
2854,choobar,gilan,2025-12-08,0,2,2
2854,choobar,gilan,2025-12-09,0,2,2
2854,choobar,gilan,2025-12-10,0,4,4
2854,choobar,gilan,2025-12-11,2,18,16
2854,choobar,gilan,2025-12-12,2,5,3
2854,choobar,gilan,2025-12-13,2,5,3
2854,choobar,gilan,2025-12-14,0,2,2
2854,choobar,gilan,2025-12-15,0,3,3
2854,choobar,gilan,2025-12-16,0,3,3
2854,choobar,gilan,2025-12-17,0,3,3
2854,choobar,gilan,2025-12-18,0,8,8
2854,choobar,gilan,2025-12-19,0,3,3
2854,choobar,gilan,2025-12-20,0,3,3
2854,choobar,gilan,2025-12-21,0,2,2
5986,damavand,tehran,2025-11-22,488,563,75
5986,damavand,tehran,2025-11-23,885,1229,344
5986,damavand,tehran,2025-11-24,517,802,285
5986,damavand,tehran,2025-11-25,333,619,286
5986,damavand,tehran,2025-11-26,367,822,455
5986,damavand,tehran,2025-11-27,970,2887,1917
5986,damavand,tehran,2025-11-28,267,929,662
5986,damavand,tehran,2025-11-29,270,756,486
5986,damavand,tehran,2025-11-30,192,602,410
5986,damavand,tehran,2025-12-01,186,713,527
5986,damavand,tehran,2025-12-02,183,798,615
5986,damavand,tehran,2025-12-03,266,1200,934
5986,damavand,tehran,2025-12-04,611,4655,4044
5986,damavand,tehran,2025-12-05,154,993,839
5986,damavand,tehran,2025-12-06,143,780,637
5986,damavand,tehran,2025-12-07,100,642,542
5986,damavand,tehran,2025-12-08,113,685,572
5986,damavand,tehran,2025-12-09,115,769,654
5986,damavand,tehran,2025-12-10,130,1193,1063
5986,damavand,tehran,2025-12-11,266,4418,4152
5986,damavand,tehran,2025-12-12,104,1217,1113
5986,damavand,tehran,2025-12-13,83,796,713
5986,damavand,tehran,2025-12-14,65,737,672
5986,damavand,tehran,2025-12-15,68,787,719
5986,damavand,tehran,2025-12-16,67,830,763
5986,damavand,tehran,2025-12-17,100,1570,1470
5986,damavand,tehran,2025-12-18,317,5025,4708
5986,damavand,tehran,2025-12-19,73,1233,1160
5986,damavand,tehran,2025-12-20,82,973,891
5986,damavand,tehran,2025-12-21,30,650,620
6553,daran,isfahan,2025-11-22,2,2,0
6553,daran,isfahan,2025-11-23,2,2,0
6553,daran,isfahan,2025-11-24,0,0,0
6553,daran,isfahan,2025-11-25,0,0,0
6553,daran,isfahan,2025-11-26,0,1,1
6553,daran,isfahan,2025-11-27,0,2,2
6553,daran,isfahan,2025-11-28,0,1,1
6553,daran,isfahan,2025-11-29,1,2,1
6553,daran,isfahan,2025-11-30,1,2,1
6553,daran,isfahan,2025-12-01,1,2,1
6553,daran,isfahan,2025-12-02,0,1,1
6553,daran,isfahan,2025-12-03,0,2,2
6553,daran,isfahan,2025-12-04,0,6,6
6553,daran,isfahan,2025-12-05,0,2,2
6553,daran,isfahan,2025-12-06,0,2,2
6553,daran,isfahan,2025-12-07,0,2,2
6553,daran,isfahan,2025-12-08,0,2,2
6553,daran,isfahan,2025-12-09,0,2,2
6553,daran,isfahan,2025-12-10,0,2,2
6553,daran,isfahan,2025-12-11,0,7,7
6553,daran,isfahan,2025-12-12,0,2,2
6553,daran,isfahan,2025-12-13,0,2,2
6553,daran,isfahan,2025-12-14,0,2,2
6553,daran,isfahan,2025-12-15,0,2,2
6553,daran,isfahan,2025-12-16,1,3,2
6553,daran,isfahan,2025-12-17,1,4,3
6553,daran,isfahan,2025-12-18,1,8,7
6553,daran,isfahan,2025-12-19,1,3,2
6553,daran,isfahan,2025-12-20,1,3,2
6553,daran,isfahan,2025-12-21,0,1,1
1054,daregaz,khorasan_razavi,2025-11-22,19,20,1
1054,daregaz,khorasan_razavi,2025-11-23,20,23,3
1054,daregaz,khorasan_razavi,2025-11-24,4,6,2
1054,daregaz,khorasan_razavi,2025-11-25,5,9,4
1054,daregaz,khorasan_razavi,2025-11-26,2,7,5
1054,daregaz,khorasan_razavi,2025-11-27,2,11,9
1054,daregaz,khorasan_razavi,2025-11-28,0,3,3
1054,daregaz,khorasan_razavi,2025-11-29,0,2,2
1054,daregaz,khorasan_razavi,2025-11-30,0,2,2
1054,daregaz,khorasan_razavi,2025-12-01,0,4,4
1054,daregaz,khorasan_razavi,2025-12-02,0,5,5
1054,daregaz,khorasan_razavi,2025-12-03,2,10,8
1054,daregaz,khorasan_razavi,2025-12-04,0,13,13
1054,daregaz,khorasan_razavi,2025-12-05,0,3,3
1054,daregaz,khorasan_razavi,2025-12-06,0,4,4
1054,daregaz,khorasan_razavi,2025-12-07,0,3,3
1054,daregaz,khorasan_razavi,2025-12-08,0,4,4
1054,daregaz,khorasan_razavi,2025-12-09,1,6,5
1054,daregaz,khorasan_razavi,2025-12-10,1,8,7
1054,daregaz,khorasan_razavi,2025-12-11,1,27,26
1054,daregaz,khorasan_razavi,2025-12-12,0,4,4
1054,daregaz,khorasan_razavi,2025-12-13,0,3,3
1054,daregaz,khorasan_razavi,2025-12-14,0,3,3
1054,daregaz,khorasan_razavi,2025-12-15,0,4,4
1054,daregaz,khorasan_razavi,2025-12-16,0,4,4
1054,daregaz,khorasan_razavi,2025-12-17,0,6,6
1054,daregaz,khorasan_razavi,2025-12-18,0,15,15
1054,daregaz,khorasan_razavi,2025-12-19,0,6,6
1054,daregaz,khorasan_razavi,2025-12-20,0,3,3
1054,daregaz,khorasan_razavi,2025-12-21,0,2,2
2483,dargahan,hormozgan,2025-11-22,1289,1433,144
2483,dargahan,hormozgan,2025-11-23,1161,1390,229
2483,dargahan,hormozgan,2025-11-24,1262,1615,353
2483,dargahan,hormozgan,2025-11-25,1258,1736,478
2483,dargahan,hormozgan,2025-11-26,1142,1753,611
2483,dargahan,hormozgan,2025-11-27,819,1415,596
2483,dargahan,hormozgan,2025-11-28,319,629,310
2483,dargahan,hormozgan,2025-11-29,387,732,345
2483,dargahan,hormozgan,2025-11-30,385,803,418
2483,dargahan,hormozgan,2025-12-01,399,921,522
2483,dargahan,hormozgan,2025-12-02,388,965,577
2483,dargahan,hormozgan,2025-12-03,376,1004,628
2483,dargahan,hormozgan,2025-12-04,277,1113,836
2483,dargahan,hormozgan,2025-12-05,206,729,523
2483,dargahan,hormozgan,2025-12-06,202,942,740
2483,dargahan,hormozgan,2025-12-07,184,860,676
2483,dargahan,hormozgan,2025-12-08,223,916,693
2483,dargahan,hormozgan,2025-12-09,258,1023,765
2483,dargahan,hormozgan,2025-12-10,222,1025,803
2483,dargahan,hormozgan,2025-12-11,130,906,776
2483,dargahan,hormozgan,2025-12-12,103,702,599
2483,dargahan,hormozgan,2025-12-13,138,768,630
2483,dargahan,hormozgan,2025-12-14,195,810,615
2483,dargahan,hormozgan,2025-12-15,215,967,752
2483,dargahan,hormozgan,2025-12-16,190,997,807
2483,dargahan,hormozgan,2025-12-17,189,1166,977
2483,dargahan,hormozgan,2025-12-18,135,979,844
2483,dargahan,hormozgan,2025-12-19,76,657,581
2483,dargahan,hormozgan,2025-12-20,69,690,621
2483,dargahan,hormozgan,2025-12-21,51,502,451
7029,darrood,khorasan_razavi,2025-11-22,0,0,0
7029,darrood,khorasan_razavi,2025-11-23,0,0,0
7029,darrood,khorasan_razavi,2025-11-24,0,0,0
7029,darrood,khorasan_razavi,2025-11-25,0,0,0
7029,darrood,khorasan_razavi,2025-11-26,0,0,0
7029,darrood,khorasan_razavi,2025-11-27,0,0,0
7029,darrood,khorasan_razavi,2025-11-28,0,0,0
7029,darrood,khorasan_razavi,2025-11-29,0,0,0
7029,darrood,khorasan_razavi,2025-11-30,0,0,0
7029,darrood,khorasan_razavi,2025-12-01,0,0,0
7029,darrood,khorasan_razavi,2025-12-02,0,0,0
7029,darrood,khorasan_razavi,2025-12-03,0,0,0
7029,darrood,khorasan_razavi,2025-12-04,0,0,0
7029,darrood,khorasan_razavi,2025-12-05,0,0,0
7029,darrood,khorasan_razavi,2025-12-06,0,0,0
7029,darrood,khorasan_razavi,2025-12-07,0,0,0
7029,darrood,khorasan_razavi,2025-12-08,0,0,0
7029,darrood,khorasan_razavi,2025-12-09,0,0,0
7029,darrood,khorasan_razavi,2025-12-10,0,0,0
7029,darrood,khorasan_razavi,2025-12-11,0,0,0
7029,darrood,khorasan_razavi,2025-12-12,0,0,0
7029,darrood,khorasan_razavi,2025-12-13,0,0,0
7029,darrood,khorasan_razavi,2025-12-14,0,0,0
7029,darrood,khorasan_razavi,2025-12-15,0,0,0
7029,darrood,khorasan_razavi,2025-12-16,0,0,0
7029,darrood,khorasan_razavi,2025-12-17,0,0,0
7029,darrood,khorasan_razavi,2025-12-18,0,0,0
7029,darrood,khorasan_razavi,2025-12-19,0,0,0
7029,darrood,khorasan_razavi,2025-12-20,0,0,0
7029,darrood,khorasan_razavi,2025-12-21,0,0,0
8503,dastjerd,isfahan,2025-11-22,0,0,0
8503,dastjerd,isfahan,2025-11-23,0,0,0
8503,dastjerd,isfahan,2025-11-24,0,0,0
8503,dastjerd,isfahan,2025-11-25,0,0,0
8503,dastjerd,isfahan,2025-11-26,0,0,0
8503,dastjerd,isfahan,2025-11-27,0,0,0
8503,dastjerd,isfahan,2025-11-28,0,0,0
8503,dastjerd,isfahan,2025-11-29,0,0,0
8503,dastjerd,isfahan,2025-11-30,0,0,0
8503,dastjerd,isfahan,2025-12-01,0,0,0
8503,dastjerd,isfahan,2025-12-02,0,0,0
8503,dastjerd,isfahan,2025-12-03,0,0,0
8503,dastjerd,isfahan,2025-12-04,0,0,0
8503,dastjerd,isfahan,2025-12-05,0,0,0
8503,dastjerd,isfahan,2025-12-06,0,0,0
8503,dastjerd,isfahan,2025-12-07,0,0,0
8503,dastjerd,isfahan,2025-12-08,0,0,0
8503,dastjerd,isfahan,2025-12-09,0,0,0
8503,dastjerd,isfahan,2025-12-10,0,0,0
8503,dastjerd,isfahan,2025-12-11,0,0,0
8503,dastjerd,isfahan,2025-12-12,0,0,0
8503,dastjerd,isfahan,2025-12-13,0,0,0
8503,dastjerd,isfahan,2025-12-14,0,0,0
8503,dastjerd,isfahan,2025-12-15,0,0,0
8503,dastjerd,isfahan,2025-12-16,0,0,0
8503,dastjerd,isfahan,2025-12-17,0,0,0
8503,dastjerd,isfahan,2025-12-18,0,0,0
8503,dastjerd,isfahan,2025-12-19,0,0,0
8503,dastjerd,isfahan,2025-12-20,0,0,0
8503,dastjerd,isfahan,2025-12-21,0,0,0
2575,davarzan,khorasan_razavi,2025-11-22,0,0,0
2575,davarzan,khorasan_razavi,2025-11-23,0,0,0
2575,davarzan,khorasan_razavi,2025-11-24,0,0,0
2575,davarzan,khorasan_razavi,2025-11-25,0,0,0
2575,davarzan,khorasan_razavi,2025-11-26,0,0,0
2575,davarzan,khorasan_razavi,2025-11-27,0,0,0
2575,davarzan,khorasan_razavi,2025-11-28,0,0,0
2575,davarzan,khorasan_razavi,2025-11-29,0,0,0
2575,davarzan,khorasan_razavi,2025-11-30,0,0,0
2575,davarzan,khorasan_razavi,2025-12-01,0,0,0
2575,davarzan,khorasan_razavi,2025-12-02,0,0,0
2575,davarzan,khorasan_razavi,2025-12-03,0,0,0
2575,davarzan,khorasan_razavi,2025-12-04,0,0,0
2575,davarzan,khorasan_razavi,2025-12-05,0,0,0
2575,davarzan,khorasan_razavi,2025-12-06,0,0,0
2575,davarzan,khorasan_razavi,2025-12-07,0,0,0
2575,davarzan,khorasan_razavi,2025-12-08,0,0,0
2575,davarzan,khorasan_razavi,2025-12-09,0,0,0
2575,davarzan,khorasan_razavi,2025-12-10,0,0,0
2575,davarzan,khorasan_razavi,2025-12-11,0,0,0
2575,davarzan,khorasan_razavi,2025-12-12,0,0,0
2575,davarzan,khorasan_razavi,2025-12-13,0,0,0
2575,davarzan,khorasan_razavi,2025-12-14,0,0,0
2575,davarzan,khorasan_razavi,2025-12-15,0,0,0
2575,davarzan,khorasan_razavi,2025-12-16,0,0,0
2575,davarzan,khorasan_razavi,2025-12-17,0,0,0
2575,davarzan,khorasan_razavi,2025-12-18,0,0,0
2575,davarzan,khorasan_razavi,2025-12-19,0,0,0
2575,davarzan,khorasan_razavi,2025-12-20,0,0,0
2575,davarzan,khorasan_razavi,2025-12-21,0,0,0
1668,dehaqan,isfahan,2025-11-22,0,0,0
1668,dehaqan,isfahan,2025-11-23,0,0,0
1668,dehaqan,isfahan,2025-11-24,0,0,0
1668,dehaqan,isfahan,2025-11-25,0,0,0
1668,dehaqan,isfahan,2025-11-26,0,0,0
1668,dehaqan,isfahan,2025-11-27,0,1,1
1668,dehaqan,isfahan,2025-11-28,0,0,0
1668,dehaqan,isfahan,2025-11-29,0,0,0
1668,dehaqan,isfahan,2025-11-30,0,0,0
1668,dehaqan,isfahan,2025-12-01,0,0,0
1668,dehaqan,isfahan,2025-12-02,0,0,0
1668,dehaqan,isfahan,2025-12-03,0,1,1
1668,dehaqan,isfahan,2025-12-04,0,3,3
1668,dehaqan,isfahan,2025-12-05,0,0,0
1668,dehaqan,isfahan,2025-12-06,0,1,1
1668,dehaqan,isfahan,2025-12-07,0,1,1
1668,dehaqan,isfahan,2025-12-08,0,1,1
1668,dehaqan,isfahan,2025-12-09,0,1,1
1668,dehaqan,isfahan,2025-12-10,0,1,1
1668,dehaqan,isfahan,2025-12-11,0,3,3
1668,dehaqan,isfahan,2025-12-12,0,1,1
1668,dehaqan,isfahan,2025-12-13,0,1,1
1668,dehaqan,isfahan,2025-12-14,0,1,1
1668,dehaqan,isfahan,2025-12-15,0,1,1
1668,dehaqan,isfahan,2025-12-16,0,1,1
1668,dehaqan,isfahan,2025-12-17,0,1,1
1668,dehaqan,isfahan,2025-12-18,0,2,2
1668,dehaqan,isfahan,2025-12-19,0,1,1
1668,dehaqan,isfahan,2025-12-20,0,1,1
1668,dehaqan,isfahan,2025-12-21,0,1,1
9091,deylaman,gilan,2025-11-22,122,135,13
9091,deylaman,gilan,2025-11-23,92,116,24
9091,deylaman,gilan,2025-11-24,56,87,31
9091,deylaman,gilan,2025-11-25,47,84,37
9091,deylaman,gilan,2025-11-26,78,153,75
9091,deylaman,gilan,2025-11-27,92,235,143
9091,deylaman,gilan,2025-11-28,44,108,64
9091,deylaman,gilan,2025-11-29,31,77,46
9091,deylaman,gilan,2025-11-30,24,63,39
9091,deylaman,gilan,2025-12-01,22,70,48
9091,deylaman,gilan,2025-12-02,19,76,57
9091,deylaman,gilan,2025-12-03,31,133,102
9091,deylaman,gilan,2025-12-04,36,266,230
9091,deylaman,gilan,2025-12-05,29,123,94
9091,deylaman,gilan,2025-12-06,18,72,54
9091,deylaman,gilan,2025-12-07,19,71,52
9091,deylaman,gilan,2025-12-08,10,59,49
9091,deylaman,gilan,2025-12-09,11,62,51
9091,deylaman,gilan,2025-12-10,16,86,70
9091,deylaman,gilan,2025-12-11,15,210,195
9091,deylaman,gilan,2025-12-12,5,54,49
9091,deylaman,gilan,2025-12-13,8,52,44
9091,deylaman,gilan,2025-12-14,4,43,39
9091,deylaman,gilan,2025-12-15,8,54,46
9091,deylaman,gilan,2025-12-16,4,55,51
9091,deylaman,gilan,2025-12-17,7,82,75
9091,deylaman,gilan,2025-12-18,12,129,117
9091,deylaman,gilan,2025-12-19,2,48,46
9091,deylaman,gilan,2025-12-20,8,52,44
9091,deylaman,gilan,2025-12-21,5,36,31
6418,dizin,tehran,2025-11-22,42,48,6
6418,dizin,tehran,2025-11-23,49,64,15
6418,dizin,tehran,2025-11-24,33,49,16
6418,dizin,tehran,2025-11-25,22,39,17
6418,dizin,tehran,2025-11-26,25,49,24
6418,dizin,tehran,2025-11-27,34,112,78
6418,dizin,tehran,2025-11-28,13,41,28
6418,dizin,tehran,2025-11-29,2,24,22
6418,dizin,tehran,2025-11-30,3,32,29
6418,dizin,tehran,2025-12-01,5,38,33
6418,dizin,tehran,2025-12-02,3,35,32
6418,dizin,tehran,2025-12-03,5,37,32
6418,dizin,tehran,2025-12-04,8,110,102
6418,dizin,tehran,2025-12-05,0,25,25
6418,dizin,tehran,2025-12-06,5,46,41
6418,dizin,tehran,2025-12-07,6,54,48
6418,dizin,tehran,2025-12-08,7,52,45
6418,dizin,tehran,2025-12-09,7,57,50
6418,dizin,tehran,2025-12-10,7,93,86
6418,dizin,tehran,2025-12-11,13,263,250
6418,dizin,tehran,2025-12-12,2,67,65
6418,dizin,tehran,2025-12-13,0,46,46
6418,dizin,tehran,2025-12-14,1,49,48
6418,dizin,tehran,2025-12-15,2,51,49
6418,dizin,tehran,2025-12-16,5,64,59
6418,dizin,tehran,2025-12-17,4,89,85
6418,dizin,tehran,2025-12-18,7,204,197
6418,dizin,tehran,2025-12-19,0,60,60
6418,dizin,tehran,2025-12-20,3,60,57
6418,dizin,tehran,2025-12-21,0,46,46
3396,dolatabad,khorasan_razavi,2025-11-22,0,0,0
3396,dolatabad,khorasan_razavi,2025-11-23,0,0,0
3396,dolatabad,khorasan_razavi,2025-11-24,0,0,0
3396,dolatabad,khorasan_razavi,2025-11-25,0,0,0
3396,dolatabad,khorasan_razavi,2025-11-26,0,0,0
3396,dolatabad,khorasan_razavi,2025-11-27,0,0,0
3396,dolatabad,khorasan_razavi,2025-11-28,0,0,0
3396,dolatabad,khorasan_razavi,2025-11-29,0,0,0
3396,dolatabad,khorasan_razavi,2025-11-30,0,0,0
3396,dolatabad,khorasan_razavi,2025-12-01,0,0,0
3396,dolatabad,khorasan_razavi,2025-12-02,0,0,0
3396,dolatabad,khorasan_razavi,2025-12-03,0,0,0
3396,dolatabad,khorasan_razavi,2025-12-04,0,0,0
3396,dolatabad,khorasan_razavi,2025-12-05,0,0,0
3396,dolatabad,khorasan_razavi,2025-12-06,0,0,0
3396,dolatabad,khorasan_razavi,2025-12-07,0,0,0
3396,dolatabad,khorasan_razavi,2025-12-08,0,0,0
3396,dolatabad,khorasan_razavi,2025-12-09,0,0,0
3396,dolatabad,khorasan_razavi,2025-12-10,0,0,0
3396,dolatabad,khorasan_razavi,2025-12-11,0,0,0
3396,dolatabad,khorasan_razavi,2025-12-12,0,0,0
3396,dolatabad,khorasan_razavi,2025-12-13,0,0,0
3396,dolatabad,khorasan_razavi,2025-12-14,0,0,0
3396,dolatabad,khorasan_razavi,2025-12-15,0,0,0
3396,dolatabad,khorasan_razavi,2025-12-16,0,0,0
3396,dolatabad,khorasan_razavi,2025-12-17,0,0,0
3396,dolatabad,khorasan_razavi,2025-12-18,0,0,0
3396,dolatabad,khorasan_razavi,2025-12-19,0,0,0
3396,dolatabad,khorasan_razavi,2025-12-20,0,0,0
3396,dolatabad,khorasan_razavi,2025-12-21,0,0,0
7992,dolatabad_isfahan,isfahan,2025-11-22,1,1,0
7992,dolatabad_isfahan,isfahan,2025-11-23,1,1,0
7992,dolatabad_isfahan,isfahan,2025-11-24,1,1,0
7992,dolatabad_isfahan,isfahan,2025-11-25,1,2,1
7992,dolatabad_isfahan,isfahan,2025-11-26,1,2,1
7992,dolatabad_isfahan,isfahan,2025-11-27,1,2,1
7992,dolatabad_isfahan,isfahan,2025-11-28,1,2,1
7992,dolatabad_isfahan,isfahan,2025-11-29,1,2,1
7992,dolatabad_isfahan,isfahan,2025-11-30,1,2,1
7992,dolatabad_isfahan,isfahan,2025-12-01,2,4,2
7992,dolatabad_isfahan,isfahan,2025-12-02,1,3,2
7992,dolatabad_isfahan,isfahan,2025-12-03,1,3,2
7992,dolatabad_isfahan,isfahan,2025-12-04,1,3,2
7992,dolatabad_isfahan,isfahan,2025-12-05,1,2,1
7992,dolatabad_isfahan,isfahan,2025-12-06,1,3,2
7992,dolatabad_isfahan,isfahan,2025-12-07,1,3,2
7992,dolatabad_isfahan,isfahan,2025-12-08,1,3,2
7992,dolatabad_isfahan,isfahan,2025-12-09,1,3,2
7992,dolatabad_isfahan,isfahan,2025-12-10,1,3,2
7992,dolatabad_isfahan,isfahan,2025-12-11,2,4,2
7992,dolatabad_isfahan,isfahan,2025-12-12,1,3,2
7992,dolatabad_isfahan,isfahan,2025-12-13,1,3,2
7992,dolatabad_isfahan,isfahan,2025-12-14,1,3,2
7992,dolatabad_isfahan,isfahan,2025-12-15,1,3,2
7992,dolatabad_isfahan,isfahan,2025-12-16,1,3,2
7992,dolatabad_isfahan,isfahan,2025-12-17,1,3,2
7992,dolatabad_isfahan,isfahan,2025-12-18,1,3,2
7992,dolatabad_isfahan,isfahan,2025-12-19,1,3,2
7992,dolatabad_isfahan,isfahan,2025-12-20,1,3,2
7992,dolatabad_isfahan,isfahan,2025-12-21,0,2,2
5683,dorche,isfahan,2025-11-22,4,4,0
5683,dorche,isfahan,2025-11-23,4,4,0
5683,dorche,isfahan,2025-11-24,4,4,0
5683,dorche,isfahan,2025-11-25,4,4,0
5683,dorche,isfahan,2025-11-26,4,5,1
5683,dorche,isfahan,2025-11-27,4,5,1
5683,dorche,isfahan,2025-11-28,0,0,0
5683,dorche,isfahan,2025-11-29,0,0,0
5683,dorche,isfahan,2025-11-30,0,0,0
5683,dorche,isfahan,2025-12-01,0,1,1
5683,dorche,isfahan,2025-12-02,0,1,1
5683,dorche,isfahan,2025-12-03,0,1,1
5683,dorche,isfahan,2025-12-04,0,2,2
5683,dorche,isfahan,2025-12-05,0,1,1
5683,dorche,isfahan,2025-12-06,0,2,2
5683,dorche,isfahan,2025-12-07,0,1,1
5683,dorche,isfahan,2025-12-08,0,1,1
5683,dorche,isfahan,2025-12-09,0,1,1
5683,dorche,isfahan,2025-12-10,0,2,2
5683,dorche,isfahan,2025-12-11,0,3,3
5683,dorche,isfahan,2025-12-12,0,1,1
5683,dorche,isfahan,2025-12-13,0,2,2
5683,dorche,isfahan,2025-12-14,0,2,2
5683,dorche,isfahan,2025-12-15,0,2,2
5683,dorche,isfahan,2025-12-16,0,2,2
5683,dorche,isfahan,2025-12-17,0,2,2
5683,dorche,isfahan,2025-12-18,0,3,3
5683,dorche,isfahan,2025-12-19,0,1,1
5683,dorche,isfahan,2025-12-20,0,2,2
5683,dorche,isfahan,2025-12-21,0,1,1
2730,eshtehard,alborz,2025-11-22,1,1,0
2730,eshtehard,alborz,2025-11-23,1,1,0
2730,eshtehard,alborz,2025-11-24,2,3,1
2730,eshtehard,alborz,2025-11-25,1,2,1
2730,eshtehard,alborz,2025-11-26,1,3,2
2730,eshtehard,alborz,2025-11-27,2,5,3
2730,eshtehard,alborz,2025-11-28,1,3,2
2730,eshtehard,alborz,2025-11-29,1,3,2
2730,eshtehard,alborz,2025-11-30,1,3,2
2730,eshtehard,alborz,2025-12-01,1,3,2
2730,eshtehard,alborz,2025-12-02,2,4,2
2730,eshtehard,alborz,2025-12-03,1,3,2
2730,eshtehard,alborz,2025-12-04,1,5,4
2730,eshtehard,alborz,2025-12-05,0,0,0
2730,eshtehard,alborz,2025-12-06,0,0,0
2730,eshtehard,alborz,2025-12-07,0,0,0
2730,eshtehard,alborz,2025-12-08,1,4,3
2730,eshtehard,alborz,2025-12-09,0,0,0
2730,eshtehard,alborz,2025-12-10,0,0,0
2730,eshtehard,alborz,2025-12-11,0,0,0
2730,eshtehard,alborz,2025-12-12,0,0,0
2730,eshtehard,alborz,2025-12-13,0,0,0
2730,eshtehard,alborz,2025-12-14,0,0,0
2730,eshtehard,alborz,2025-12-15,0,0,0
2730,eshtehard,alborz,2025-12-16,0,0,0
2730,eshtehard,alborz,2025-12-17,0,0,0
2730,eshtehard,alborz,2025-12-18,0,0,0
2730,eshtehard,alborz,2025-12-19,0,0,0
2730,eshtehard,alborz,2025-12-20,0,0,0
2730,eshtehard,alborz,2025-12-21,0,0,0
6037,eslamshahr,tehran,2025-11-22,75,91,16
6037,eslamshahr,tehran,2025-11-23,59,87,28
6037,eslamshahr,tehran,2025-11-24,49,83,34
6037,eslamshahr,tehran,2025-11-25,51,92,41
6037,eslamshahr,tehran,2025-11-26,48,100,52
6037,eslamshahr,tehran,2025-11-27,45,111,66
6037,eslamshahr,tehran,2025-11-28,22,61,39
6037,eslamshahr,tehran,2025-11-29,24,68,44
6037,eslamshahr,tehran,2025-11-30,24,71,47
6037,eslamshahr,tehran,2025-12-01,20,82,62
6037,eslamshahr,tehran,2025-12-02,14,70,56
6037,eslamshahr,tehran,2025-12-03,8,61,53
6037,eslamshahr,tehran,2025-12-04,15,92,77
6037,eslamshahr,tehran,2025-12-05,6,55,49
6037,eslamshahr,tehran,2025-12-06,10,76,66
6037,eslamshahr,tehran,2025-12-07,8,74,66
6037,eslamshahr,tehran,2025-12-08,10,79,69
6037,eslamshahr,tehran,2025-12-09,8,80,72
6037,eslamshahr,tehran,2025-12-10,11,86,75
6037,eslamshahr,tehran,2025-12-11,9,137,128
6037,eslamshahr,tehran,2025-12-12,9,84,75
6037,eslamshahr,tehran,2025-12-13,8,85,77
6037,eslamshahr,tehran,2025-12-14,8,84,76
6037,eslamshahr,tehran,2025-12-15,8,91,83
6037,eslamshahr,tehran,2025-12-16,8,90,82
6037,eslamshahr,tehran,2025-12-17,11,101,90
6037,eslamshahr,tehran,2025-12-18,13,153,140
6037,eslamshahr,tehran,2025-12-19,7,82,75
6037,eslamshahr,tehran,2025-12-20,9,99,90
6037,eslamshahr,tehran,2025-12-21,4,79,75
3927,falavarjan,isfahan,2025-11-22,2,2,0
3927,falavarjan,isfahan,2025-11-23,1,1,0
3927,falavarjan,isfahan,2025-11-24,0,1,1
3927,falavarjan,isfahan,2025-11-25,0,1,1
3927,falavarjan,isfahan,2025-11-26,0,2,2
3927,falavarjan,isfahan,2025-11-27,2,5,3
3927,falavarjan,isfahan,2025-11-28,1,3,2
3927,falavarjan,isfahan,2025-11-29,1,3,2
3927,falavarjan,isfahan,2025-11-30,0,2,2
3927,falavarjan,isfahan,2025-12-01,0,3,3
3927,falavarjan,isfahan,2025-12-02,0,3,3
3927,falavarjan,isfahan,2025-12-03,0,3,3
3927,falavarjan,isfahan,2025-12-04,2,7,5
3927,falavarjan,isfahan,2025-12-05,2,4,2
3927,falavarjan,isfahan,2025-12-06,0,3,3
3927,falavarjan,isfahan,2025-12-07,0,3,3
3927,falavarjan,isfahan,2025-12-08,0,2,2
3927,falavarjan,isfahan,2025-12-09,0,3,3
3927,falavarjan,isfahan,2025-12-10,0,3,3
3927,falavarjan,isfahan,2025-12-11,0,5,5
3927,falavarjan,isfahan,2025-12-12,0,2,2
3927,falavarjan,isfahan,2025-12-13,3,7,4
3927,falavarjan,isfahan,2025-12-14,3,6,3
3927,falavarjan,isfahan,2025-12-15,5,8,3
3927,falavarjan,isfahan,2025-12-16,3,7,4
3927,falavarjan,isfahan,2025-12-17,3,8,5
3927,falavarjan,isfahan,2025-12-18,3,8,5
3927,falavarjan,isfahan,2025-12-19,0,3,3
3927,falavarjan,isfahan,2025-12-20,0,3,3
3927,falavarjan,isfahan,2025-12-21,0,2,2
7766,fardis,alborz,2025-11-22,138,160,22
7766,fardis,alborz,2025-11-23,104,143,39
7766,fardis,alborz,2025-11-24,90,146,56
7766,fardis,alborz,2025-11-25,110,175,65
7766,fardis,alborz,2025-11-26,96,179,83
7766,fardis,alborz,2025-11-27,118,257,139
7766,fardis,alborz,2025-11-28,57,130,73
7766,fardis,alborz,2025-11-29,58,138,80
7766,fardis,alborz,2025-11-30,46,117,71
7766,fardis,alborz,2025-12-01,45,143,98
7766,fardis,alborz,2025-12-02,45,143,98
7766,fardis,alborz,2025-12-03,32,119,87
7766,fardis,alborz,2025-12-04,63,256,193
7766,fardis,alborz,2025-12-05,24,119,95
7766,fardis,alborz,2025-12-06,17,94,77
7766,fardis,alborz,2025-12-07,13,88,75
7766,fardis,alborz,2025-12-08,12,91,79
7766,fardis,alborz,2025-12-09,9,90,81
7766,fardis,alborz,2025-12-10,15,110,95
7766,fardis,alborz,2025-12-11,18,189,171
7766,fardis,alborz,2025-12-12,7,95,88
7766,fardis,alborz,2025-12-13,2,78,76
7766,fardis,alborz,2025-12-14,2,70,68
7766,fardis,alborz,2025-12-15,5,93,88
7766,fardis,alborz,2025-12-16,10,104,94
7766,fardis,alborz,2025-12-17,8,105,97
7766,fardis,alborz,2025-12-18,56,274,218
7766,fardis,alborz,2025-12-19,48,187,139
7766,fardis,alborz,2025-12-20,4,99,95
7766,fardis,alborz,2025-12-21,7,92,85
3382,farim,mazandaran,2025-11-22,5,5,0
3382,farim,mazandaran,2025-11-23,6,6,0
3382,farim,mazandaran,2025-11-24,1,2,1
3382,farim,mazandaran,2025-11-25,0,1,1
3382,farim,mazandaran,2025-11-26,0,2,2
3382,farim,mazandaran,2025-11-27,0,4,4
3382,farim,mazandaran,2025-11-28,0,1,1
3382,farim,mazandaran,2025-11-29,0,1,1
3382,farim,mazandaran,2025-11-30,0,1,1
3382,farim,mazandaran,2025-12-01,0,2,2
3382,farim,mazandaran,2025-12-02,0,2,2
3382,farim,mazandaran,2025-12-03,1,5,4
3382,farim,mazandaran,2025-12-04,1,12,11
3382,farim,mazandaran,2025-12-05,0,1,1
3382,farim,mazandaran,2025-12-06,0,2,2
3382,farim,mazandaran,2025-12-07,0,2,2
3382,farim,mazandaran,2025-12-08,2,4,2
3382,farim,mazandaran,2025-12-09,0,2,2
3382,farim,mazandaran,2025-12-10,0,3,3
3382,farim,mazandaran,2025-12-11,0,7,7
3382,farim,mazandaran,2025-12-12,0,2,2
3382,farim,mazandaran,2025-12-13,0,2,2
3382,farim,mazandaran,2025-12-14,0,2,2
3382,farim,mazandaran,2025-12-15,0,2,2
3382,farim,mazandaran,2025-12-16,0,3,3
3382,farim,mazandaran,2025-12-17,0,3,3
3382,farim,mazandaran,2025-12-18,0,6,6
3382,farim,mazandaran,2025-12-19,0,3,3
3382,farim,mazandaran,2025-12-20,0,2,2
3382,farim,mazandaran,2025-12-21,0,2,2
7963,fariman,khorasan_razavi,2025-11-22,7,7,0
7963,fariman,khorasan_razavi,2025-11-23,4,5,1
7963,fariman,khorasan_razavi,2025-11-24,4,5,1
7963,fariman,khorasan_razavi,2025-11-25,2,3,1
7963,fariman,khorasan_razavi,2025-11-26,3,5,2
7963,fariman,khorasan_razavi,2025-11-27,3,7,4
7963,fariman,khorasan_razavi,2025-11-28,2,4,2
7963,fariman,khorasan_razavi,2025-11-29,2,4,2
7963,fariman,khorasan_razavi,2025-11-30,2,4,2
7963,fariman,khorasan_razavi,2025-12-01,2,4,2
7963,fariman,khorasan_razavi,2025-12-02,2,5,3
7963,fariman,khorasan_razavi,2025-12-03,2,5,3
7963,fariman,khorasan_razavi,2025-12-04,2,8,6
7963,fariman,khorasan_razavi,2025-12-05,2,4,2
7963,fariman,khorasan_razavi,2025-12-06,2,4,2
7963,fariman,khorasan_razavi,2025-12-07,2,5,3
7963,fariman,khorasan_razavi,2025-12-08,3,6,3
7963,fariman,khorasan_razavi,2025-12-09,2,5,3
7963,fariman,khorasan_razavi,2025-12-10,1,4,3
7963,fariman,khorasan_razavi,2025-12-11,1,6,5
7963,fariman,khorasan_razavi,2025-12-12,1,3,2
7963,fariman,khorasan_razavi,2025-12-13,1,4,3
7963,fariman,khorasan_razavi,2025-12-14,1,3,2
7963,fariman,khorasan_razavi,2025-12-15,1,4,3
7963,fariman,khorasan_razavi,2025-12-16,1,5,4
7963,fariman,khorasan_razavi,2025-12-17,1,5,4
7963,fariman,khorasan_razavi,2025-12-18,1,7,6
7963,fariman,khorasan_razavi,2025-12-19,1,4,3
7963,fariman,khorasan_razavi,2025-12-20,1,4,3
7963,fariman,khorasan_razavi,2025-12-21,1,4,3
4981,fasham,tehran,2025-11-22,156,188,32
4981,fasham,tehran,2025-11-23,225,333,108
4981,fasham,tehran,2025-11-24,148,251,103
4981,fasham,tehran,2025-11-25,108,234,126
4981,fasham,tehran,2025-11-26,158,362,204
4981,fasham,tehran,2025-11-27,257,924,667
4981,fasham,tehran,2025-11-28,60,282,222
4981,fasham,tehran,2025-11-29,62,213,151
4981,fasham,tehran,2025-11-30,36,188,152
4981,fasham,tehran,2025-12-01,39,255,216
4981,fasham,tehran,2025-12-02,42,288,246
4981,fasham,tehran,2025-12-03,51,371,320
4981,fasham,tehran,2025-12-04,98,1057,959
4981,fasham,tehran,2025-12-05,38,359,321
4981,fasham,tehran,2025-12-06,26,273,247
4981,fasham,tehran,2025-12-07,37,275,238
4981,fasham,tehran,2025-12-08,44,313,269
4981,fasham,tehran,2025-12-09,43,318,275
4981,fasham,tehran,2025-12-10,42,396,354
4981,fasham,tehran,2025-12-11,91,1526,1435
4981,fasham,tehran,2025-12-12,34,456,422
4981,fasham,tehran,2025-12-13,24,272,248
4981,fasham,tehran,2025-12-14,12,279,267
4981,fasham,tehran,2025-12-15,23,308,285
4981,fasham,tehran,2025-12-16,20,355,335
4981,fasham,tehran,2025-12-17,18,455,437
4981,fasham,tehran,2025-12-18,44,1255,1211
4981,fasham,tehran,2025-12-19,18,459,441
4981,fasham,tehran,2025-12-20,12,275,263
4981,fasham,tehran,2025-12-21,9,232,223
6179,ferdosieh,tehran,2025-11-22,1,1,0
6179,ferdosieh,tehran,2025-11-23,0,0,0
6179,ferdosieh,tehran,2025-11-24,0,0,0
6179,ferdosieh,tehran,2025-11-25,1,3,2
6179,ferdosieh,tehran,2025-11-26,1,4,3
6179,ferdosieh,tehran,2025-11-27,1,5,4
6179,ferdosieh,tehran,2025-11-28,1,4,3
6179,ferdosieh,tehran,2025-11-29,0,0,0
6179,ferdosieh,tehran,2025-11-30,0,0,0
6179,ferdosieh,tehran,2025-12-01,0,0,0
6179,ferdosieh,tehran,2025-12-02,0,0,0
6179,ferdosieh,tehran,2025-12-03,0,0,0
6179,ferdosieh,tehran,2025-12-04,0,0,0
6179,ferdosieh,tehran,2025-12-05,0,0,0
6179,ferdosieh,tehran,2025-12-06,0,0,0
6179,ferdosieh,tehran,2025-12-07,0,0,0
6179,ferdosieh,tehran,2025-12-08,0,0,0
6179,ferdosieh,tehran,2025-12-09,0,0,0
6179,ferdosieh,tehran,2025-12-10,0,0,0
6179,ferdosieh,tehran,2025-12-11,0,0,0
6179,ferdosieh,tehran,2025-12-12,3,6,3
6179,ferdosieh,tehran,2025-12-13,0,0,0
6179,ferdosieh,tehran,2025-12-14,1,5,4
6179,ferdosieh,tehran,2025-12-15,0,0,0
6179,ferdosieh,tehran,2025-12-16,0,0,0
6179,ferdosieh,tehran,2025-12-17,0,0,0
6179,ferdosieh,tehran,2025-12-18,0,0,0
6179,ferdosieh,tehran,2025-12-19,0,0,0
6179,ferdosieh,tehran,2025-12-20,0,0,0
6179,ferdosieh,tehran,2025-12-21,0,0,0
8628,fereydoon_shahr,isfahan,2025-11-22,8,8,0
8628,fereydoon_shahr,isfahan,2025-11-23,1,1,0
8628,fereydoon_shahr,isfahan,2025-11-24,0,1,1
8628,fereydoon_shahr,isfahan,2025-11-25,0,1,1
8628,fereydoon_shahr,isfahan,2025-11-26,0,2,2
8628,fereydoon_shahr,isfahan,2025-11-27,3,11,8
8628,fereydoon_shahr,isfahan,2025-11-28,0,1,1
8628,fereydoon_shahr,isfahan,2025-11-29,0,1,1
8628,fereydoon_shahr,isfahan,2025-11-30,0,2,2
8628,fereydoon_shahr,isfahan,2025-12-01,0,3,3
8628,fereydoon_shahr,isfahan,2025-12-02,0,3,3
8628,fereydoon_shahr,isfahan,2025-12-03,1,6,5
8628,fereydoon_shahr,isfahan,2025-12-04,4,30,26
8628,fereydoon_shahr,isfahan,2025-12-05,3,10,7
8628,fereydoon_shahr,isfahan,2025-12-06,3,8,5
8628,fereydoon_shahr,isfahan,2025-12-07,3,8,5
8628,fereydoon_shahr,isfahan,2025-12-08,3,8,5
8628,fereydoon_shahr,isfahan,2025-12-09,3,9,6
8628,fereydoon_shahr,isfahan,2025-12-10,3,11,8
8628,fereydoon_shahr,isfahan,2025-12-11,7,40,33
8628,fereydoon_shahr,isfahan,2025-12-12,5,11,6
8628,fereydoon_shahr,isfahan,2025-12-13,5,12,7
8628,fereydoon_shahr,isfahan,2025-12-14,5,11,6
8628,fereydoon_shahr,isfahan,2025-12-15,5,12,7
8628,fereydoon_shahr,isfahan,2025-12-16,5,14,9
8628,fereydoon_shahr,isfahan,2025-12-17,5,17,12
8628,fereydoon_shahr,isfahan,2025-12-18,5,32,27
8628,fereydoon_shahr,isfahan,2025-12-19,5,12,7
8628,fereydoon_shahr,isfahan,2025-12-20,5,12,7
8628,fereydoon_shahr,isfahan,2025-12-21,2,6,4
7221,fereydunkenar,mazandaran,2025-11-22,674,792,118
7221,fereydunkenar,mazandaran,2025-11-23,475,683,208
7221,fereydunkenar,mazandaran,2025-11-24,337,602,265
7221,fereydunkenar,mazandaran,2025-11-25,370,687,317
7221,fereydunkenar,mazandaran,2025-11-26,391,930,539
7221,fereydunkenar,mazandaran,2025-11-27,398,1343,945
7221,fereydunkenar,mazandaran,2025-11-28,135,536,401
7221,fereydunkenar,mazandaran,2025-11-29,111,455,344
7221,fereydunkenar,mazandaran,2025-11-30,107,466,359
7221,fereydunkenar,mazandaran,2025-12-01,113,555,442
7221,fereydunkenar,mazandaran,2025-12-02,90,586,496
7221,fereydunkenar,mazandaran,2025-12-03,161,850,689
7221,fereydunkenar,mazandaran,2025-12-04,143,1378,1235
7221,fereydunkenar,mazandaran,2025-12-05,84,526,442
7221,fereydunkenar,mazandaran,2025-12-06,74,521,447
7221,fereydunkenar,mazandaran,2025-12-07,82,449,367
7221,fereydunkenar,mazandaran,2025-12-08,88,496,408
7221,fereydunkenar,mazandaran,2025-12-09,84,553,469
7221,fereydunkenar,mazandaran,2025-12-10,98,768,670
7221,fereydunkenar,mazandaran,2025-12-11,110,1610,1500
7221,fereydunkenar,mazandaran,2025-12-12,57,584,527
7221,fereydunkenar,mazandaran,2025-12-13,58,438,380
7221,fereydunkenar,mazandaran,2025-12-14,50,406,356
7221,fereydunkenar,mazandaran,2025-12-15,53,417,364
7221,fereydunkenar,mazandaran,2025-12-16,54,596,542
7221,fereydunkenar,mazandaran,2025-12-17,63,782,719
7221,fereydunkenar,mazandaran,2025-12-18,121,1615,1494
7221,fereydunkenar,mazandaran,2025-12-19,62,670,608
7221,fereydunkenar,mazandaran,2025-12-20,51,524,473
7221,fereydunkenar,mazandaran,2025-12-21,38,399,361
8304,firuzkuh,tehran,2025-11-22,174,201,27
8304,firuzkuh,tehran,2025-11-23,257,343,86
8304,firuzkuh,tehran,2025-11-24,127,213,86
8304,firuzkuh,tehran,2025-11-25,94,168,74
8304,firuzkuh,tehran,2025-11-26,91,221,130
8304,firuzkuh,tehran,2025-11-27,149,650,501
8304,firuzkuh,tehran,2025-11-28,61,224,163
8304,firuzkuh,tehran,2025-11-29,26,99,73
8304,firuzkuh,tehran,2025-11-30,19,98,79
8304,firuzkuh,tehran,2025-12-01,14,112,98
8304,firuzkuh,tehran,2025-12-02,19,146,127
8304,firuzkuh,tehran,2025-12-03,33,244,211
8304,firuzkuh,tehran,2025-12-04,49,595,546
8304,firuzkuh,tehran,2025-12-05,18,203,185
8304,firuzkuh,tehran,2025-12-06,11,139,128
8304,firuzkuh,tehran,2025-12-07,6,124,118
8304,firuzkuh,tehran,2025-12-08,4,129,125
8304,firuzkuh,tehran,2025-12-09,10,147,137
8304,firuzkuh,tehran,2025-12-10,26,336,310
8304,firuzkuh,tehran,2025-12-11,66,1318,1252
8304,firuzkuh,tehran,2025-12-12,10,223,213
8304,firuzkuh,tehran,2025-12-13,10,140,130
8304,firuzkuh,tehran,2025-12-14,11,153,142
8304,firuzkuh,tehran,2025-12-15,5,174,169
8304,firuzkuh,tehran,2025-12-16,5,187,182
8304,firuzkuh,tehran,2025-12-17,8,326,318
8304,firuzkuh,tehran,2025-12-18,20,839,819
8304,firuzkuh,tehran,2025-12-19,14,301,287
8304,firuzkuh,tehran,2025-12-20,8,190,182
8304,firuzkuh,tehran,2025-12-21,5,140,135
2423,fooladshahr,isfahan,2025-11-22,21,23,2
2423,fooladshahr,isfahan,2025-11-23,18,24,6
2423,fooladshahr,isfahan,2025-11-24,10,15,5
2423,fooladshahr,isfahan,2025-11-25,7,13,6
2423,fooladshahr,isfahan,2025-11-26,9,19,10
2423,fooladshahr,isfahan,2025-11-27,8,18,10
2423,fooladshahr,isfahan,2025-11-28,5,12,7
2423,fooladshahr,isfahan,2025-11-29,5,13,8
2423,fooladshahr,isfahan,2025-11-30,6,16,10
2423,fooladshahr,isfahan,2025-12-01,5,15,10
2423,fooladshahr,isfahan,2025-12-02,5,16,11
2423,fooladshahr,isfahan,2025-12-03,5,16,11
2423,fooladshahr,isfahan,2025-12-04,7,22,15
2423,fooladshahr,isfahan,2025-12-05,7,17,10
2423,fooladshahr,isfahan,2025-12-06,6,19,13
2423,fooladshahr,isfahan,2025-12-07,5,16,11
2423,fooladshahr,isfahan,2025-12-08,6,19,13
2423,fooladshahr,isfahan,2025-12-09,5,17,12
2423,fooladshahr,isfahan,2025-12-10,5,20,15
2423,fooladshahr,isfahan,2025-12-11,5,22,17
2423,fooladshahr,isfahan,2025-12-12,5,17,12
2423,fooladshahr,isfahan,2025-12-13,6,19,13
2423,fooladshahr,isfahan,2025-12-14,6,19,13
2423,fooladshahr,isfahan,2025-12-15,6,19,13
2423,fooladshahr,isfahan,2025-12-16,6,20,14
2423,fooladshahr,isfahan,2025-12-17,6,22,16
2423,fooladshahr,isfahan,2025-12-18,6,22,16
2423,fooladshahr,isfahan,2025-12-19,4,16,12
2423,fooladshahr,isfahan,2025-12-20,4,17,13
2423,fooladshahr,isfahan,2025-12-21,4,16,12
4791,fuman,gilan,2025-11-22,2162,2479,317
4791,fuman,gilan,2025-11-23,1553,2118,565
4791,fuman,gilan,2025-11-24,1443,2234,791
4791,fuman,gilan,2025-11-25,1332,2326,994
4791,fuman,gilan,2025-11-26,1508,3124,1616
4791,fuman,gilan,2025-11-27,1222,3306,2084
4791,fuman,gilan,2025-11-28,302,952,650
4791,fuman,gilan,2025-11-29,346,950,604
4791,fuman,gilan,2025-11-30,340,1063,723
4791,fuman,gilan,2025-12-01,310,1120,810
4791,fuman,gilan,2025-12-02,360,1471,1111
4791,fuman,gilan,2025-12-03,460,2149,1689
4791,fuman,gilan,2025-12-04,401,3072,2671
4791,fuman,gilan,2025-12-05,116,899,783
4791,fuman,gilan,2025-12-06,195,1206,1011
4791,fuman,gilan,2025-12-07,168,1030,862
4791,fuman,gilan,2025-12-08,155,971,816
4791,fuman,gilan,2025-12-09,183,1139,956
4791,fuman,gilan,2025-12-10,249,1995,1746
4791,fuman,gilan,2025-12-11,272,3302,3030
4791,fuman,gilan,2025-12-12,119,1331,1212
4791,fuman,gilan,2025-12-13,106,1022,916
4791,fuman,gilan,2025-12-14,76,802,726
4791,fuman,gilan,2025-12-15,74,859,785
4791,fuman,gilan,2025-12-16,106,1115,1009
4791,fuman,gilan,2025-12-17,106,1610,1504
4791,fuman,gilan,2025-12-18,108,2009,1901
4791,fuman,gilan,2025-12-19,63,1080,1017
4791,fuman,gilan,2025-12-20,36,582,546
4791,fuman,gilan,2025-12-21,10,401,391
7278,galugah,mazandaran,2025-11-22,37,44,7
7278,galugah,mazandaran,2025-11-23,36,47,11
7278,galugah,mazandaran,2025-11-24,21,36,15
7278,galugah,mazandaran,2025-11-25,12,29,17
7278,galugah,mazandaran,2025-11-26,11,41,30
7278,galugah,mazandaran,2025-11-27,27,83,56
7278,galugah,mazandaran,2025-11-28,10,27,17
7278,galugah,mazandaran,2025-11-29,9,23,14
7278,galugah,mazandaran,2025-11-30,8,25,17
7278,galugah,mazandaran,2025-12-01,0,25,25
7278,galugah,mazandaran,2025-12-02,1,28,27
7278,galugah,mazandaran,2025-12-03,7,43,36
7278,galugah,mazandaran,2025-12-04,6,86,80
7278,galugah,mazandaran,2025-12-05,3,26,23
7278,galugah,mazandaran,2025-12-06,3,28,25
7278,galugah,mazandaran,2025-12-07,1,23,22
7278,galugah,mazandaran,2025-12-08,5,28,23
7278,galugah,mazandaran,2025-12-09,7,30,23
7278,galugah,mazandaran,2025-12-10,0,36,36
7278,galugah,mazandaran,2025-12-11,0,85,85
7278,galugah,mazandaran,2025-12-12,2,26,24
7278,galugah,mazandaran,2025-12-13,0,21,21
7278,galugah,mazandaran,2025-12-14,0,19,19
7278,galugah,mazandaran,2025-12-15,1,22,21
7278,galugah,mazandaran,2025-12-16,0,22,22
7278,galugah,mazandaran,2025-12-17,2,33,31
7278,galugah,mazandaran,2025-12-18,0,63,63
7278,galugah,mazandaran,2025-12-19,0,24,24
7278,galugah,mazandaran,2025-12-20,0,22,22
7278,galugah,mazandaran,2025-12-21,1,18,17
4973,garmdarreh,alborz,2025-11-22,25,29,4
4973,garmdarreh,alborz,2025-11-23,16,25,9
4973,garmdarreh,alborz,2025-11-24,10,21,11
4973,garmdarreh,alborz,2025-11-25,5,16,11
4973,garmdarreh,alborz,2025-11-26,7,23,16
4973,garmdarreh,alborz,2025-11-27,9,36,27
4973,garmdarreh,alborz,2025-11-28,6,23,17
4973,garmdarreh,alborz,2025-11-29,2,19,17
4973,garmdarreh,alborz,2025-11-30,2,20,18
4973,garmdarreh,alborz,2025-12-01,2,25,23
4973,garmdarreh,alborz,2025-12-02,6,30,24
4973,garmdarreh,alborz,2025-12-03,7,37,30
4973,garmdarreh,alborz,2025-12-04,24,92,68
4973,garmdarreh,alborz,2025-12-05,4,29,25
4973,garmdarreh,alborz,2025-12-06,3,25,22
4973,garmdarreh,alborz,2025-12-07,3,24,21
4973,garmdarreh,alborz,2025-12-08,5,28,23
4973,garmdarreh,alborz,2025-12-09,8,35,27
4973,garmdarreh,alborz,2025-12-10,12,47,35
4973,garmdarreh,alborz,2025-12-11,11,91,80
4973,garmdarreh,alborz,2025-12-12,8,39,31
4973,garmdarreh,alborz,2025-12-13,2,27,25
4973,garmdarreh,alborz,2025-12-14,2,26,24
4973,garmdarreh,alborz,2025-12-15,2,28,26
4973,garmdarreh,alborz,2025-12-16,4,36,32
4973,garmdarreh,alborz,2025-12-17,10,50,40
4973,garmdarreh,alborz,2025-12-18,15,89,74
4973,garmdarreh,alborz,2025-12-19,5,39,34
4973,garmdarreh,alborz,2025-12-20,3,32,29
4973,garmdarreh,alborz,2025-12-21,1,27,26
4174,gatab,mazandaran,2025-11-22,0,0,0
4174,gatab,mazandaran,2025-11-23,0,0,0
4174,gatab,mazandaran,2025-11-24,0,0,0
4174,gatab,mazandaran,2025-11-25,0,0,0
4174,gatab,mazandaran,2025-11-26,0,0,0
4174,gatab,mazandaran,2025-11-27,0,0,0
4174,gatab,mazandaran,2025-11-28,0,0,0
4174,gatab,mazandaran,2025-11-29,0,0,0
4174,gatab,mazandaran,2025-11-30,0,0,0
4174,gatab,mazandaran,2025-12-01,0,0,0
4174,gatab,mazandaran,2025-12-02,0,0,0
4174,gatab,mazandaran,2025-12-03,0,0,0
4174,gatab,mazandaran,2025-12-04,0,0,0
4174,gatab,mazandaran,2025-12-05,0,0,0
4174,gatab,mazandaran,2025-12-06,0,0,0
4174,gatab,mazandaran,2025-12-07,0,0,0
4174,gatab,mazandaran,2025-12-08,0,0,0
4174,gatab,mazandaran,2025-12-09,0,0,0
4174,gatab,mazandaran,2025-12-10,0,0,0
4174,gatab,mazandaran,2025-12-11,1,1,0
4174,gatab,mazandaran,2025-12-12,0,0,0
4174,gatab,mazandaran,2025-12-13,0,0,0
4174,gatab,mazandaran,2025-12-14,0,0,0
4174,gatab,mazandaran,2025-12-15,0,0,0
4174,gatab,mazandaran,2025-12-16,0,0,0
4174,gatab,mazandaran,2025-12-17,0,0,0
4174,gatab,mazandaran,2025-12-18,0,0,0
4174,gatab,mazandaran,2025-12-19,0,0,0
4174,gatab,mazandaran,2025-12-20,0,0,0
4174,gatab,mazandaran,2025-12-21,0,0,0
5686,gazanak,mazandaran,2025-11-22,0,0,0
5686,gazanak,mazandaran,2025-11-23,0,0,0
5686,gazanak,mazandaran,2025-11-24,0,0,0
5686,gazanak,mazandaran,2025-11-25,0,0,0
5686,gazanak,mazandaran,2025-11-26,0,0,0
5686,gazanak,mazandaran,2025-11-27,0,0,0
5686,gazanak,mazandaran,2025-11-28,0,0,0
5686,gazanak,mazandaran,2025-11-29,0,0,0
5686,gazanak,mazandaran,2025-11-30,0,0,0
5686,gazanak,mazandaran,2025-12-01,0,0,0
5686,gazanak,mazandaran,2025-12-02,0,0,0
5686,gazanak,mazandaran,2025-12-03,0,0,0
5686,gazanak,mazandaran,2025-12-04,0,0,0
5686,gazanak,mazandaran,2025-12-05,0,0,0
5686,gazanak,mazandaran,2025-12-06,0,0,0
5686,gazanak,mazandaran,2025-12-07,0,0,0
5686,gazanak,mazandaran,2025-12-08,0,0,0
5686,gazanak,mazandaran,2025-12-09,0,0,0
5686,gazanak,mazandaran,2025-12-10,0,0,0
5686,gazanak,mazandaran,2025-12-11,0,0,0
5686,gazanak,mazandaran,2025-12-12,0,0,0
5686,gazanak,mazandaran,2025-12-13,0,0,0
5686,gazanak,mazandaran,2025-12-14,0,0,0
5686,gazanak,mazandaran,2025-12-15,0,0,0
5686,gazanak,mazandaran,2025-12-16,0,0,0
5686,gazanak,mazandaran,2025-12-17,0,0,0
5686,gazanak,mazandaran,2025-12-18,0,0,0
5686,gazanak,mazandaran,2025-12-19,0,0,0
5686,gazanak,mazandaran,2025-12-20,0,0,0
5686,gazanak,mazandaran,2025-12-21,0,0,0
2126,gazbarkhar,isfahan,2025-11-22,0,0,0
2126,gazbarkhar,isfahan,2025-11-23,0,0,0
2126,gazbarkhar,isfahan,2025-11-24,0,0,0
2126,gazbarkhar,isfahan,2025-11-25,0,0,0
2126,gazbarkhar,isfahan,2025-11-26,0,0,0
2126,gazbarkhar,isfahan,2025-11-27,0,0,0
2126,gazbarkhar,isfahan,2025-11-28,0,0,0
2126,gazbarkhar,isfahan,2025-11-29,0,0,0
2126,gazbarkhar,isfahan,2025-11-30,0,0,0
2126,gazbarkhar,isfahan,2025-12-01,0,0,0
2126,gazbarkhar,isfahan,2025-12-02,0,0,0
2126,gazbarkhar,isfahan,2025-12-03,0,0,0
2126,gazbarkhar,isfahan,2025-12-04,0,0,0
2126,gazbarkhar,isfahan,2025-12-05,0,0,0
2126,gazbarkhar,isfahan,2025-12-06,0,0,0
2126,gazbarkhar,isfahan,2025-12-07,0,0,0
2126,gazbarkhar,isfahan,2025-12-08,0,0,0
2126,gazbarkhar,isfahan,2025-12-09,0,0,0
2126,gazbarkhar,isfahan,2025-12-10,0,0,0
2126,gazbarkhar,isfahan,2025-12-11,0,0,0
2126,gazbarkhar,isfahan,2025-12-12,0,0,0
2126,gazbarkhar,isfahan,2025-12-13,0,0,0
2126,gazbarkhar,isfahan,2025-12-14,0,0,0
2126,gazbarkhar,isfahan,2025-12-15,0,0,0
2126,gazbarkhar,isfahan,2025-12-16,0,0,0
2126,gazbarkhar,isfahan,2025-12-17,0,0,0
2126,gazbarkhar,isfahan,2025-12-18,0,0,0
2126,gazbarkhar,isfahan,2025-12-19,0,0,0
2126,gazbarkhar,isfahan,2025-12-20,0,0,0
2126,gazbarkhar,isfahan,2025-12-21,0,0,0
6692,ghadamgah,khorasan_razavi,2025-11-22,0,0,0
6692,ghadamgah,khorasan_razavi,2025-11-23,0,0,0
6692,ghadamgah,khorasan_razavi,2025-11-24,0,0,0
6692,ghadamgah,khorasan_razavi,2025-11-25,0,0,0
6692,ghadamgah,khorasan_razavi,2025-11-26,0,0,0
6692,ghadamgah,khorasan_razavi,2025-11-27,0,0,0
6692,ghadamgah,khorasan_razavi,2025-11-28,0,0,0
6692,ghadamgah,khorasan_razavi,2025-11-29,0,0,0
6692,ghadamgah,khorasan_razavi,2025-11-30,0,0,0
6692,ghadamgah,khorasan_razavi,2025-12-01,0,0,0
6692,ghadamgah,khorasan_razavi,2025-12-02,0,0,0
6692,ghadamgah,khorasan_razavi,2025-12-03,0,0,0
6692,ghadamgah,khorasan_razavi,2025-12-04,0,0,0
6692,ghadamgah,khorasan_razavi,2025-12-05,0,0,0
6692,ghadamgah,khorasan_razavi,2025-12-06,0,0,0
6692,ghadamgah,khorasan_razavi,2025-12-07,0,0,0
6692,ghadamgah,khorasan_razavi,2025-12-08,0,0,0
6692,ghadamgah,khorasan_razavi,2025-12-09,0,0,0
6692,ghadamgah,khorasan_razavi,2025-12-10,0,0,0
6692,ghadamgah,khorasan_razavi,2025-12-11,0,0,0
6692,ghadamgah,khorasan_razavi,2025-12-12,0,0,0
6692,ghadamgah,khorasan_razavi,2025-12-13,0,0,0
6692,ghadamgah,khorasan_razavi,2025-12-14,0,0,0
6692,ghadamgah,khorasan_razavi,2025-12-15,0,0,0
6692,ghadamgah,khorasan_razavi,2025-12-16,0,0,0
6692,ghadamgah,khorasan_razavi,2025-12-17,0,0,0
6692,ghadamgah,khorasan_razavi,2025-12-18,0,0,0
6692,ghadamgah,khorasan_razavi,2025-12-19,0,0,0
6692,ghadamgah,khorasan_razavi,2025-12-20,0,0,0
6692,ghadamgah,khorasan_razavi,2025-12-21,0,0,0
8143,ghahderijan,isfahan,2025-11-22,0,0,0
8143,ghahderijan,isfahan,2025-11-23,0,0,0
8143,ghahderijan,isfahan,2025-11-24,0,0,0
8143,ghahderijan,isfahan,2025-11-25,0,0,0
8143,ghahderijan,isfahan,2025-11-26,0,0,0
8143,ghahderijan,isfahan,2025-11-27,0,0,0
8143,ghahderijan,isfahan,2025-11-28,0,0,0
8143,ghahderijan,isfahan,2025-11-29,0,0,0
8143,ghahderijan,isfahan,2025-11-30,0,0,0
8143,ghahderijan,isfahan,2025-12-01,0,0,0
8143,ghahderijan,isfahan,2025-12-02,0,0,0
8143,ghahderijan,isfahan,2025-12-03,0,0,0
8143,ghahderijan,isfahan,2025-12-04,0,0,0
8143,ghahderijan,isfahan,2025-12-05,0,0,0
8143,ghahderijan,isfahan,2025-12-06,0,0,0
8143,ghahderijan,isfahan,2025-12-07,0,0,0
8143,ghahderijan,isfahan,2025-12-08,0,0,0
8143,ghahderijan,isfahan,2025-12-09,0,0,0
8143,ghahderijan,isfahan,2025-12-10,0,0,0
8143,ghahderijan,isfahan,2025-12-11,0,0,0
8143,ghahderijan,isfahan,2025-12-12,0,0,0
8143,ghahderijan,isfahan,2025-12-13,0,0,0
8143,ghahderijan,isfahan,2025-12-14,0,0,0
8143,ghahderijan,isfahan,2025-12-15,0,0,0
8143,ghahderijan,isfahan,2025-12-16,0,0,0
8143,ghahderijan,isfahan,2025-12-17,0,0,0
8143,ghahderijan,isfahan,2025-12-18,0,0,0
8143,ghahderijan,isfahan,2025-12-19,0,0,0
8143,ghahderijan,isfahan,2025-12-20,0,0,0
8143,ghahderijan,isfahan,2025-12-21,0,0,0
5818,ghamsar_isfahan,isfahan,2025-11-22,19,21,2
5818,ghamsar_isfahan,isfahan,2025-11-23,22,27,5
5818,ghamsar_isfahan,isfahan,2025-11-24,10,15,5
5818,ghamsar_isfahan,isfahan,2025-11-25,17,24,7
5818,ghamsar_isfahan,isfahan,2025-11-26,17,32,15
5818,ghamsar_isfahan,isfahan,2025-11-27,15,57,42
5818,ghamsar_isfahan,isfahan,2025-11-28,4,12,8
5818,ghamsar_isfahan,isfahan,2025-11-29,3,8,5
5818,ghamsar_isfahan,isfahan,2025-11-30,3,9,6
5818,ghamsar_isfahan,isfahan,2025-12-01,9,18,9
5818,ghamsar_isfahan,isfahan,2025-12-02,11,24,13
5818,ghamsar_isfahan,isfahan,2025-12-03,10,34,24
5818,ghamsar_isfahan,isfahan,2025-12-04,8,70,62
5818,ghamsar_isfahan,isfahan,2025-12-05,4,16,12
5818,ghamsar_isfahan,isfahan,2025-12-06,4,15,11
5818,ghamsar_isfahan,isfahan,2025-12-07,4,16,12
5818,ghamsar_isfahan,isfahan,2025-12-08,5,16,11
5818,ghamsar_isfahan,isfahan,2025-12-09,6,17,11
5818,ghamsar_isfahan,isfahan,2025-12-10,5,22,17
5818,ghamsar_isfahan,isfahan,2025-12-11,4,65,61
5818,ghamsar_isfahan,isfahan,2025-12-12,4,18,14
5818,ghamsar_isfahan,isfahan,2025-12-13,5,17,12
5818,ghamsar_isfahan,isfahan,2025-12-14,4,16,12
5818,ghamsar_isfahan,isfahan,2025-12-15,4,17,13
5818,ghamsar_isfahan,isfahan,2025-12-16,4,18,14
5818,ghamsar_isfahan,isfahan,2025-12-17,4,24,20
5818,ghamsar_isfahan,isfahan,2025-12-18,7,73,66
5818,ghamsar_isfahan,isfahan,2025-12-19,4,20,16
5818,ghamsar_isfahan,isfahan,2025-12-20,4,17,13
5818,ghamsar_isfahan,isfahan,2025-12-21,3,13,10
2908,gharchak,tehran,2025-11-22,0,0,0
2908,gharchak,tehran,2025-11-23,0,0,0
2908,gharchak,tehran,2025-11-24,0,0,0
2908,gharchak,tehran,2025-11-25,0,0,0
2908,gharchak,tehran,2025-11-26,0,0,0
2908,gharchak,tehran,2025-11-27,0,0,0
2908,gharchak,tehran,2025-11-28,0,0,0
2908,gharchak,tehran,2025-11-29,0,0,0
2908,gharchak,tehran,2025-11-30,0,0,0
2908,gharchak,tehran,2025-12-01,0,0,0
2908,gharchak,tehran,2025-12-02,0,0,0
2908,gharchak,tehran,2025-12-03,0,0,0
2908,gharchak,tehran,2025-12-04,0,0,0
2908,gharchak,tehran,2025-12-05,0,0,0
2908,gharchak,tehran,2025-12-06,0,0,0
2908,gharchak,tehran,2025-12-07,0,0,0
2908,gharchak,tehran,2025-12-08,0,0,0
2908,gharchak,tehran,2025-12-09,0,0,0
2908,gharchak,tehran,2025-12-10,0,0,0
2908,gharchak,tehran,2025-12-11,0,0,0
2908,gharchak,tehran,2025-12-12,0,0,0
2908,gharchak,tehran,2025-12-13,0,0,0
2908,gharchak,tehran,2025-12-14,0,0,0
2908,gharchak,tehran,2025-12-15,0,0,0
2908,gharchak,tehran,2025-12-16,0,0,0
2908,gharchak,tehran,2025-12-17,0,0,0
2908,gharchak,tehran,2025-12-18,0,0,0
2908,gharchak,tehran,2025-12-19,0,0,0
2908,gharchak,tehran,2025-12-20,0,0,0
2908,gharchak,tehran,2025-12-21,0,0,0
8377,ghasemabad,khorasan_razavi,2025-11-22,0,0,0
8377,ghasemabad,khorasan_razavi,2025-11-23,0,0,0
8377,ghasemabad,khorasan_razavi,2025-11-24,0,0,0
8377,ghasemabad,khorasan_razavi,2025-11-25,0,0,0
8377,ghasemabad,khorasan_razavi,2025-11-26,0,0,0
8377,ghasemabad,khorasan_razavi,2025-11-27,0,0,0
8377,ghasemabad,khorasan_razavi,2025-11-28,0,0,0
8377,ghasemabad,khorasan_razavi,2025-11-29,0,0,0
8377,ghasemabad,khorasan_razavi,2025-11-30,0,0,0
8377,ghasemabad,khorasan_razavi,2025-12-01,0,0,0
8377,ghasemabad,khorasan_razavi,2025-12-02,0,0,0
8377,ghasemabad,khorasan_razavi,2025-12-03,0,0,0
8377,ghasemabad,khorasan_razavi,2025-12-04,0,0,0
8377,ghasemabad,khorasan_razavi,2025-12-05,0,0,0
8377,ghasemabad,khorasan_razavi,2025-12-06,0,0,0
8377,ghasemabad,khorasan_razavi,2025-12-07,0,0,0
8377,ghasemabad,khorasan_razavi,2025-12-08,0,0,0
8377,ghasemabad,khorasan_razavi,2025-12-09,0,0,0
8377,ghasemabad,khorasan_razavi,2025-12-10,0,0,0
8377,ghasemabad,khorasan_razavi,2025-12-11,0,0,0
8377,ghasemabad,khorasan_razavi,2025-12-12,0,0,0
8377,ghasemabad,khorasan_razavi,2025-12-13,0,0,0
8377,ghasemabad,khorasan_razavi,2025-12-14,0,0,0
8377,ghasemabad,khorasan_razavi,2025-12-15,0,0,0
8377,ghasemabad,khorasan_razavi,2025-12-16,0,0,0
8377,ghasemabad,khorasan_razavi,2025-12-17,0,0,0
8377,ghasemabad,khorasan_razavi,2025-12-18,0,0,0
8377,ghasemabad,khorasan_razavi,2025-12-19,0,0,0
8377,ghasemabad,khorasan_razavi,2025-12-20,0,0,0
8377,ghasemabad,khorasan_razavi,2025-12-21,0,0,0
5842,ghods,tehran,2025-11-22,11,14,3
5842,ghods,tehran,2025-11-23,10,16,6
5842,ghods,tehran,2025-11-24,7,14,7
5842,ghods,tehran,2025-11-25,7,15,8
5842,ghods,tehran,2025-11-26,7,17,10
5842,ghods,tehran,2025-11-27,8,23,15
5842,ghods,tehran,2025-11-28,5,14,9
5842,ghods,tehran,2025-11-29,6,17,11
5842,ghods,tehran,2025-11-30,5,19,14
5842,ghods,tehran,2025-12-01,6,25,19
5842,ghods,tehran,2025-12-02,3,22,19
5842,ghods,tehran,2025-12-03,3,21,18
5842,ghods,tehran,2025-12-04,8,37,29
5842,ghods,tehran,2025-12-05,3,21,18
5842,ghods,tehran,2025-12-06,3,27,24
5842,ghods,tehran,2025-12-07,3,27,24
5842,ghods,tehran,2025-12-08,5,29,24
5842,ghods,tehran,2025-12-09,5,29,24
5842,ghods,tehran,2025-12-10,3,28,25
5842,ghods,tehran,2025-12-11,3,38,35
5842,ghods,tehran,2025-12-12,7,33,26
5842,ghods,tehran,2025-12-13,3,31,28
5842,ghods,tehran,2025-12-14,3,31,28
5842,ghods,tehran,2025-12-15,3,32,29
5842,ghods,tehran,2025-12-16,2,31,29
5842,ghods,tehran,2025-12-17,1,31,30
5842,ghods,tehran,2025-12-18,0,30,30
5842,ghods,tehran,2025-12-19,0,25,25
5842,ghods,tehran,2025-12-20,1,30,29
5842,ghods,tehran,2025-12-21,2,32,30
5309,golbahar,khorasan_razavi,2025-11-22,5,5,0
5309,golbahar,khorasan_razavi,2025-11-23,11,12,1
5309,golbahar,khorasan_razavi,2025-11-24,7,9,2
5309,golbahar,khorasan_razavi,2025-11-25,5,7,2
5309,golbahar,khorasan_razavi,2025-11-26,5,9,4
5309,golbahar,khorasan_razavi,2025-11-27,6,12,6
5309,golbahar,khorasan_razavi,2025-11-28,3,5,2
5309,golbahar,khorasan_razavi,2025-11-29,6,10,4
5309,golbahar,khorasan_razavi,2025-11-30,10,17,7
5309,golbahar,khorasan_razavi,2025-12-01,11,20,9
5309,golbahar,khorasan_razavi,2025-12-02,3,9,6
5309,golbahar,khorasan_razavi,2025-12-03,3,9,6
5309,golbahar,khorasan_razavi,2025-12-04,3,15,12
5309,golbahar,khorasan_razavi,2025-12-05,3,9,6
5309,golbahar,khorasan_razavi,2025-12-06,3,8,5
5309,golbahar,khorasan_razavi,2025-12-07,3,7,4
5309,golbahar,khorasan_razavi,2025-12-08,3,7,4
5309,golbahar,khorasan_razavi,2025-12-09,3,7,4
5309,golbahar,khorasan_razavi,2025-12-10,3,8,5
5309,golbahar,khorasan_razavi,2025-12-11,1,8,7
5309,golbahar,khorasan_razavi,2025-12-12,1,4,3
5309,golbahar,khorasan_razavi,2025-12-13,0,1,1
5309,golbahar,khorasan_razavi,2025-12-14,5,9,4
5309,golbahar,khorasan_razavi,2025-12-15,0,1,1
5309,golbahar,khorasan_razavi,2025-12-16,2,6,4
5309,golbahar,khorasan_razavi,2025-12-17,2,7,5
5309,golbahar,khorasan_razavi,2025-12-18,2,13,11
5309,golbahar,khorasan_razavi,2025-12-19,2,7,5
5309,golbahar,khorasan_razavi,2025-12-20,2,7,5
5309,golbahar,khorasan_razavi,2025-12-21,0,1,1
8619,goldasht,isfahan,2025-11-22,0,0,0
8619,goldasht,isfahan,2025-11-23,0,0,0
8619,goldasht,isfahan,2025-11-24,1,1,0
8619,goldasht,isfahan,2025-11-25,0,1,1
8619,goldasht,isfahan,2025-11-26,0,1,1
8619,goldasht,isfahan,2025-11-27,0,2,2
8619,goldasht,isfahan,2025-11-28,2,3,1
8619,goldasht,isfahan,2025-11-29,0,1,1
8619,goldasht,isfahan,2025-11-30,0,1,1
8619,goldasht,isfahan,2025-12-01,0,1,1
8619,goldasht,isfahan,2025-12-02,0,1,1
8619,goldasht,isfahan,2025-12-03,0,2,2
8619,goldasht,isfahan,2025-12-04,0,6,6
8619,goldasht,isfahan,2025-12-05,0,2,2
8619,goldasht,isfahan,2025-12-06,0,2,2
8619,goldasht,isfahan,2025-12-07,0,2,2
8619,goldasht,isfahan,2025-12-08,0,2,2
8619,goldasht,isfahan,2025-12-09,1,3,2
8619,goldasht,isfahan,2025-12-10,1,4,3
8619,goldasht,isfahan,2025-12-11,1,7,6
8619,goldasht,isfahan,2025-12-12,0,2,2
8619,goldasht,isfahan,2025-12-13,0,2,2
8619,goldasht,isfahan,2025-12-14,0,2,2
8619,goldasht,isfahan,2025-12-15,0,2,2
8619,goldasht,isfahan,2025-12-16,0,3,3
8619,goldasht,isfahan,2025-12-17,0,3,3
8619,goldasht,isfahan,2025-12-18,0,5,5
8619,goldasht,isfahan,2025-12-19,0,2,2
8619,goldasht,isfahan,2025-12-20,0,2,2
8619,goldasht,isfahan,2025-12-21,0,2,2
4879,golestan,tehran,2025-11-22,37,38,1
4879,golestan,tehran,2025-11-23,37,39,2
4879,golestan,tehran,2025-11-24,13,14,1
4879,golestan,tehran,2025-11-25,11,12,1
4879,golestan,tehran,2025-11-26,17,21,4
4879,golestan,tehran,2025-11-27,23,34,11
4879,golestan,tehran,2025-11-28,0,0,0
4879,golestan,tehran,2025-11-29,0,0,0
4879,golestan,tehran,2025-11-30,0,0,0
4879,golestan,tehran,2025-12-01,0,0,0
4879,golestan,tehran,2025-12-02,0,0,0
4879,golestan,tehran,2025-12-03,0,1,1
4879,golestan,tehran,2025-12-04,0,4,4
4879,golestan,tehran,2025-12-05,0,0,0
4879,golestan,tehran,2025-12-06,0,1,1
4879,golestan,tehran,2025-12-07,0,0,0
4879,golestan,tehran,2025-12-08,0,0,0
4879,golestan,tehran,2025-12-09,0,0,0
4879,golestan,tehran,2025-12-10,0,1,1
4879,golestan,tehran,2025-12-11,0,4,4
4879,golestan,tehran,2025-12-12,0,0,0
4879,golestan,tehran,2025-12-13,0,0,0
4879,golestan,tehran,2025-12-14,0,0,0
4879,golestan,tehran,2025-12-15,0,0,0
4879,golestan,tehran,2025-12-16,0,0,0
4879,golestan,tehran,2025-12-17,0,1,1
4879,golestan,tehran,2025-12-18,0,4,4
4879,golestan,tehran,2025-12-19,0,1,1
4879,golestan,tehran,2025-12-20,0,0,0
4879,golestan,tehran,2025-12-21,0,0,0
1209,golmakan,khorasan_razavi,2025-11-22,0,0,0
1209,golmakan,khorasan_razavi,2025-11-23,1,1,0
1209,golmakan,khorasan_razavi,2025-11-24,0,0,0
1209,golmakan,khorasan_razavi,2025-11-25,0,0,0
1209,golmakan,khorasan_razavi,2025-11-26,0,0,0
1209,golmakan,khorasan_razavi,2025-11-27,2,5,3
1209,golmakan,khorasan_razavi,2025-11-28,0,0,0
1209,golmakan,khorasan_razavi,2025-11-29,0,0,0
1209,golmakan,khorasan_razavi,2025-11-30,0,0,0
1209,golmakan,khorasan_razavi,2025-12-01,1,2,1
1209,golmakan,khorasan_razavi,2025-12-02,1,3,2
1209,golmakan,khorasan_razavi,2025-12-03,0,0,0
1209,golmakan,khorasan_razavi,2025-12-04,0,0,0
1209,golmakan,khorasan_razavi,2025-12-05,0,0,0
1209,golmakan,khorasan_razavi,2025-12-06,3,5,2
1209,golmakan,khorasan_razavi,2025-12-07,3,5,2
1209,golmakan,khorasan_razavi,2025-12-08,3,5,2
1209,golmakan,khorasan_razavi,2025-12-09,2,5,3
1209,golmakan,khorasan_razavi,2025-12-10,2,6,4
1209,golmakan,khorasan_razavi,2025-12-11,2,8,6
1209,golmakan,khorasan_razavi,2025-12-12,2,4,2
1209,golmakan,khorasan_razavi,2025-12-13,2,4,2
1209,golmakan,khorasan_razavi,2025-12-14,2,4,2
1209,golmakan,khorasan_razavi,2025-12-15,2,4,2
1209,golmakan,khorasan_razavi,2025-12-16,2,6,4
1209,golmakan,khorasan_razavi,2025-12-17,2,5,3
1209,golmakan,khorasan_razavi,2025-12-18,2,8,6
1209,golmakan,khorasan_razavi,2025-12-19,0,0,0
1209,golmakan,khorasan_razavi,2025-12-20,0,0,0
1209,golmakan,khorasan_razavi,2025-12-21,0,0,0
3042,golpayegan,isfahan,2025-11-22,56,64,8
3042,golpayegan,isfahan,2025-11-23,51,64,13
3042,golpayegan,isfahan,2025-11-24,20,31,11
3042,golpayegan,isfahan,2025-11-25,15,28,13
3042,golpayegan,isfahan,2025-11-26,16,43,27
3042,golpayegan,isfahan,2025-11-27,52,132,80
3042,golpayegan,isfahan,2025-11-28,10,28,18
3042,golpayegan,isfahan,2025-11-29,10,25,15
3042,golpayegan,isfahan,2025-11-30,9,25,16
3042,golpayegan,isfahan,2025-12-01,5,29,24
3042,golpayegan,isfahan,2025-12-02,13,44,31
3042,golpayegan,isfahan,2025-12-03,11,46,35
3042,golpayegan,isfahan,2025-12-04,11,99,88
3042,golpayegan,isfahan,2025-12-05,8,34,26
3042,golpayegan,isfahan,2025-12-06,6,40,34
3042,golpayegan,isfahan,2025-12-07,6,35,29
3042,golpayegan,isfahan,2025-12-08,7,37,30
3042,golpayegan,isfahan,2025-12-09,5,37,32
3042,golpayegan,isfahan,2025-12-10,17,72,55
3042,golpayegan,isfahan,2025-12-11,9,124,115
3042,golpayegan,isfahan,2025-12-12,7,37,30
3042,golpayegan,isfahan,2025-12-13,7,38,31
3042,golpayegan,isfahan,2025-12-14,5,36,31
3042,golpayegan,isfahan,2025-12-15,5,40,35
3042,golpayegan,isfahan,2025-12-16,5,44,39
3042,golpayegan,isfahan,2025-12-17,8,61,53
3042,golpayegan,isfahan,2025-12-18,12,106,94
3042,golpayegan,isfahan,2025-12-19,5,33,28
3042,golpayegan,isfahan,2025-12-20,9,40,31
3042,golpayegan,isfahan,2025-12-21,3,27,24
9681,golsar,alborz,2025-11-22,5,5,0
9681,golsar,alborz,2025-11-23,10,11,1
9681,golsar,alborz,2025-11-24,7,9,2
9681,golsar,alborz,2025-11-25,1,2,1
9681,golsar,alborz,2025-11-26,1,4,3
9681,golsar,alborz,2025-11-27,1,5,4
9681,golsar,alborz,2025-11-28,1,4,3
9681,golsar,alborz,2025-11-29,3,6,3
9681,golsar,alborz,2025-11-30,3,6,3
9681,golsar,alborz,2025-12-01,1,5,4
9681,golsar,alborz,2025-12-02,1,5,4
9681,golsar,alborz,2025-12-03,0,5,5
9681,golsar,alborz,2025-12-04,0,8,8
9681,golsar,alborz,2025-12-05,0,4,4
9681,golsar,alborz,2025-12-06,0,4,4
9681,golsar,alborz,2025-12-07,0,4,4
9681,golsar,alborz,2025-12-08,0,4,4
9681,golsar,alborz,2025-12-09,0,5,5
9681,golsar,alborz,2025-12-10,0,6,6
9681,golsar,alborz,2025-12-11,0,12,12
9681,golsar,alborz,2025-12-12,0,4,4
9681,golsar,alborz,2025-12-13,0,4,4
9681,golsar,alborz,2025-12-14,0,4,4
9681,golsar,alborz,2025-12-15,0,5,5
9681,golsar,alborz,2025-12-16,0,6,6
9681,golsar,alborz,2025-12-17,1,9,8
9681,golsar,alborz,2025-12-18,1,13,12
9681,golsar,alborz,2025-12-19,0,5,5
9681,golsar,alborz,2025-12-20,0,5,5
9681,golsar,alborz,2025-12-21,0,4,4
9600,gonabad,khorasan_razavi,2025-11-22,28,30,2
9600,gonabad,khorasan_razavi,2025-11-23,42,48,6
9600,gonabad,khorasan_razavi,2025-11-24,25,30,5
9600,gonabad,khorasan_razavi,2025-11-25,23,31,8
9600,gonabad,khorasan_razavi,2025-11-26,35,49,14
9600,gonabad,khorasan_razavi,2025-11-27,26,44,18
9600,gonabad,khorasan_razavi,2025-11-28,0,5,5
9600,gonabad,khorasan_razavi,2025-11-29,1,8,7
9600,gonabad,khorasan_razavi,2025-11-30,2,11,9
9600,gonabad,khorasan_razavi,2025-12-01,4,16,12
9600,gonabad,khorasan_razavi,2025-12-02,4,18,14
9600,gonabad,khorasan_razavi,2025-12-03,1,12,11
9600,gonabad,khorasan_razavi,2025-12-04,0,11,11
9600,gonabad,khorasan_razavi,2025-12-05,0,8,8
9600,gonabad,khorasan_razavi,2025-12-06,1,13,12
9600,gonabad,khorasan_razavi,2025-12-07,2,14,12
9600,gonabad,khorasan_razavi,2025-12-08,1,12,11
9600,gonabad,khorasan_razavi,2025-12-09,2,15,13
9600,gonabad,khorasan_razavi,2025-12-10,2,16,14
9600,gonabad,khorasan_razavi,2025-12-11,0,25,25
9600,gonabad,khorasan_razavi,2025-12-12,0,11,11
9600,gonabad,khorasan_razavi,2025-12-13,0,13,13
9600,gonabad,khorasan_razavi,2025-12-14,0,13,13
9600,gonabad,khorasan_razavi,2025-12-15,1,13,12
9600,gonabad,khorasan_razavi,2025-12-16,1,15,14
9600,gonabad,khorasan_razavi,2025-12-17,0,17,17
9600,gonabad,khorasan_razavi,2025-12-18,0,23,23
9600,gonabad,khorasan_razavi,2025-12-19,0,13,13
9600,gonabad,khorasan_razavi,2025-12-20,0,14,14
9600,gonabad,khorasan_razavi,2025-12-21,0,13,13
3771,gorabzarmikh,gilan,2025-11-22,5,5,0
3771,gorabzarmikh,gilan,2025-11-23,1,1,0
3771,gorabzarmikh,gilan,2025-11-24,1,2,1
3771,gorabzarmikh,gilan,2025-11-25,1,2,1
3771,gorabzarmikh,gilan,2025-11-26,1,5,4
3771,gorabzarmikh,gilan,2025-11-27,0,5,5
3771,gorabzarmikh,gilan,2025-11-28,0,2,2
3771,gorabzarmikh,gilan,2025-11-29,1,2,1
3771,gorabzarmikh,gilan,2025-11-30,1,3,2
3771,gorabzarmikh,gilan,2025-12-01,1,3,2
3771,gorabzarmikh,gilan,2025-12-02,1,4,3
3771,gorabzarmikh,gilan,2025-12-03,1,4,3
3771,gorabzarmikh,gilan,2025-12-04,0,10,10
3771,gorabzarmikh,gilan,2025-12-05,0,3,3
3771,gorabzarmikh,gilan,2025-12-06,0,4,4
3771,gorabzarmikh,gilan,2025-12-07,0,3,3
3771,gorabzarmikh,gilan,2025-12-08,0,3,3
3771,gorabzarmikh,gilan,2025-12-09,0,3,3
3771,gorabzarmikh,gilan,2025-12-10,0,4,4
3771,gorabzarmikh,gilan,2025-12-11,0,8,8
3771,gorabzarmikh,gilan,2025-12-12,0,3,3
3771,gorabzarmikh,gilan,2025-12-13,0,3,3
3771,gorabzarmikh,gilan,2025-12-14,0,3,3
3771,gorabzarmikh,gilan,2025-12-15,0,4,4
3771,gorabzarmikh,gilan,2025-12-16,0,4,4
3771,gorabzarmikh,gilan,2025-12-17,0,5,5
3771,gorabzarmikh,gilan,2025-12-18,0,5,5
3771,gorabzarmikh,gilan,2025-12-19,0,4,4
3771,gorabzarmikh,gilan,2025-12-20,0,3,3
3771,gorabzarmikh,gilan,2025-12-21,0,3,3
6126,habibabad,isfahan,2025-11-22,0,0,0
6126,habibabad,isfahan,2025-11-23,0,0,0
6126,habibabad,isfahan,2025-11-24,0,0,0
6126,habibabad,isfahan,2025-11-25,0,0,0
6126,habibabad,isfahan,2025-11-26,0,0,0
6126,habibabad,isfahan,2025-11-27,0,0,0
6126,habibabad,isfahan,2025-11-28,0,0,0
6126,habibabad,isfahan,2025-11-29,0,0,0
6126,habibabad,isfahan,2025-11-30,0,0,0
6126,habibabad,isfahan,2025-12-01,0,0,0
6126,habibabad,isfahan,2025-12-02,0,0,0
6126,habibabad,isfahan,2025-12-03,0,0,0
6126,habibabad,isfahan,2025-12-04,0,0,0
6126,habibabad,isfahan,2025-12-05,0,0,0
6126,habibabad,isfahan,2025-12-06,0,0,0
6126,habibabad,isfahan,2025-12-07,0,0,0
6126,habibabad,isfahan,2025-12-08,0,0,0
6126,habibabad,isfahan,2025-12-09,0,0,0
6126,habibabad,isfahan,2025-12-10,0,0,0
6126,habibabad,isfahan,2025-12-11,0,0,0
6126,habibabad,isfahan,2025-12-12,0,0,0
6126,habibabad,isfahan,2025-12-13,0,0,0
6126,habibabad,isfahan,2025-12-14,0,0,0
6126,habibabad,isfahan,2025-12-15,0,0,0
6126,habibabad,isfahan,2025-12-16,0,0,0
6126,habibabad,isfahan,2025-12-17,0,0,0
6126,habibabad,isfahan,2025-12-18,0,0,0
6126,habibabad,isfahan,2025-12-19,0,0,0
6126,habibabad,isfahan,2025-12-20,0,0,0
6126,habibabad,isfahan,2025-12-21,0,0,0
5802,hachirood,mazandaran,2025-11-22,95,113,18
5802,hachirood,mazandaran,2025-11-23,58,85,27
5802,hachirood,mazandaran,2025-11-24,29,59,30
5802,hachirood,mazandaran,2025-11-25,16,50,34
5802,hachirood,mazandaran,2025-11-26,34,107,73
5802,hachirood,mazandaran,2025-11-27,47,186,139
5802,hachirood,mazandaran,2025-11-28,15,56,41
5802,hachirood,mazandaran,2025-11-29,17,54,37
5802,hachirood,mazandaran,2025-11-30,7,50,43
5802,hachirood,mazandaran,2025-12-01,9,71,62
5802,hachirood,mazandaran,2025-12-02,5,64,59
5802,hachirood,mazandaran,2025-12-03,3,73,70
5802,hachirood,mazandaran,2025-12-04,9,143,134
5802,hachirood,mazandaran,2025-12-05,9,55,46
5802,hachirood,mazandaran,2025-12-06,3,59,56
5802,hachirood,mazandaran,2025-12-07,3,58,55
5802,hachirood,mazandaran,2025-12-08,5,66,61
5802,hachirood,mazandaran,2025-12-09,3,57,54
5802,hachirood,mazandaran,2025-12-10,3,87,84
5802,hachirood,mazandaran,2025-12-11,3,219,216
5802,hachirood,mazandaran,2025-12-12,3,58,55
5802,hachirood,mazandaran,2025-12-13,3,55,52
5802,hachirood,mazandaran,2025-12-14,2,48,46
5802,hachirood,mazandaran,2025-12-15,1,52,51
5802,hachirood,mazandaran,2025-12-16,1,53,52
5802,hachirood,mazandaran,2025-12-17,1,71,70
5802,hachirood,mazandaran,2025-12-18,1,108,107
5802,hachirood,mazandaran,2025-12-19,1,51,50
5802,hachirood,mazandaran,2025-12-20,1,51,50
5802,hachirood,mazandaran,2025-12-21,0,42,42
2136,hajjiabad_hormozgan,hormozgan,2025-11-22,0,0,0
2136,hajjiabad_hormozgan,hormozgan,2025-11-23,0,0,0
2136,hajjiabad_hormozgan,hormozgan,2025-11-24,0,0,0
2136,hajjiabad_hormozgan,hormozgan,2025-11-25,0,0,0
2136,hajjiabad_hormozgan,hormozgan,2025-11-26,0,0,0
2136,hajjiabad_hormozgan,hormozgan,2025-11-27,0,0,0
2136,hajjiabad_hormozgan,hormozgan,2025-11-28,0,0,0
2136,hajjiabad_hormozgan,hormozgan,2025-11-29,0,0,0
2136,hajjiabad_hormozgan,hormozgan,2025-11-30,0,0,0
2136,hajjiabad_hormozgan,hormozgan,2025-12-01,0,0,0
2136,hajjiabad_hormozgan,hormozgan,2025-12-02,0,0,0
2136,hajjiabad_hormozgan,hormozgan,2025-12-03,0,0,0
2136,hajjiabad_hormozgan,hormozgan,2025-12-04,0,0,0
2136,hajjiabad_hormozgan,hormozgan,2025-12-05,0,0,0
2136,hajjiabad_hormozgan,hormozgan,2025-12-06,0,0,0
2136,hajjiabad_hormozgan,hormozgan,2025-12-07,0,0,0
2136,hajjiabad_hormozgan,hormozgan,2025-12-08,0,0,0
2136,hajjiabad_hormozgan,hormozgan,2025-12-09,0,0,0
2136,hajjiabad_hormozgan,hormozgan,2025-12-10,0,0,0
2136,hajjiabad_hormozgan,hormozgan,2025-12-11,0,0,0
2136,hajjiabad_hormozgan,hormozgan,2025-12-12,0,0,0
2136,hajjiabad_hormozgan,hormozgan,2025-12-13,0,0,0
2136,hajjiabad_hormozgan,hormozgan,2025-12-14,0,0,0
2136,hajjiabad_hormozgan,hormozgan,2025-12-15,0,0,0
2136,hajjiabad_hormozgan,hormozgan,2025-12-16,0,0,0
2136,hajjiabad_hormozgan,hormozgan,2025-12-17,0,0,0
2136,hajjiabad_hormozgan,hormozgan,2025-12-18,0,0,0
2136,hajjiabad_hormozgan,hormozgan,2025-12-19,0,0,0
2136,hajjiabad_hormozgan,hormozgan,2025-12-20,0,0,0
2136,hajjiabad_hormozgan,hormozgan,2025-12-21,0,0,0
6235,hasanabad_esf,isfahan,2025-11-22,2,2,0
6235,hasanabad_esf,isfahan,2025-11-23,2,2,0
6235,hasanabad_esf,isfahan,2025-11-24,1,1,0
6235,hasanabad_esf,isfahan,2025-11-25,1,1,0
6235,hasanabad_esf,isfahan,2025-11-26,1,1,0
6235,hasanabad_esf,isfahan,2025-11-27,1,1,0
6235,hasanabad_esf,isfahan,2025-11-28,1,1,0
6235,hasanabad_esf,isfahan,2025-11-29,1,1,0
6235,hasanabad_esf,isfahan,2025-11-30,1,1,0
6235,hasanabad_esf,isfahan,2025-12-01,1,1,0
6235,hasanabad_esf,isfahan,2025-12-02,1,1,0
6235,hasanabad_esf,isfahan,2025-12-03,1,1,0
6235,hasanabad_esf,isfahan,2025-12-04,1,1,0
6235,hasanabad_esf,isfahan,2025-12-05,1,1,0
6235,hasanabad_esf,isfahan,2025-12-06,1,1,0
6235,hasanabad_esf,isfahan,2025-12-07,3,3,0
6235,hasanabad_esf,isfahan,2025-12-08,1,1,0
6235,hasanabad_esf,isfahan,2025-12-09,1,1,0
6235,hasanabad_esf,isfahan,2025-12-10,1,1,0
6235,hasanabad_esf,isfahan,2025-12-11,1,1,0
6235,hasanabad_esf,isfahan,2025-12-12,1,1,0
6235,hasanabad_esf,isfahan,2025-12-13,1,1,0
6235,hasanabad_esf,isfahan,2025-12-14,1,1,0
6235,hasanabad_esf,isfahan,2025-12-15,1,1,0
6235,hasanabad_esf,isfahan,2025-12-16,1,1,0
6235,hasanabad_esf,isfahan,2025-12-17,1,1,0
6235,hasanabad_esf,isfahan,2025-12-18,1,1,0
6235,hasanabad_esf,isfahan,2025-12-19,1,1,0
6235,hasanabad_esf,isfahan,2025-12-20,1,1,0
6235,hasanabad_esf,isfahan,2025-12-21,0,0,0
9704,hasanabad_teh,tehran,2025-11-22,2,2,0
9704,hasanabad_teh,tehran,2025-11-23,2,2,0
9704,hasanabad_teh,tehran,2025-11-24,1,2,1
9704,hasanabad_teh,tehran,2025-11-25,1,2,1
9704,hasanabad_teh,tehran,2025-11-26,1,2,1
9704,hasanabad_teh,tehran,2025-11-27,1,2,1
9704,hasanabad_teh,tehran,2025-11-28,1,2,1
9704,hasanabad_teh,tehran,2025-11-29,1,2,1
9704,hasanabad_teh,tehran,2025-11-30,1,2,1
9704,hasanabad_teh,tehran,2025-12-01,1,3,2
9704,hasanabad_teh,tehran,2025-12-02,1,3,2
9704,hasanabad_teh,tehran,2025-12-03,1,3,2
9704,hasanabad_teh,tehran,2025-12-04,1,4,3
9704,hasanabad_teh,tehran,2025-12-05,1,3,2
9704,hasanabad_teh,tehran,2025-12-06,1,3,2
9704,hasanabad_teh,tehran,2025-12-07,1,3,2
9704,hasanabad_teh,tehran,2025-12-08,1,3,2
9704,hasanabad_teh,tehran,2025-12-09,1,3,2
9704,hasanabad_teh,tehran,2025-12-10,1,3,2
9704,hasanabad_teh,tehran,2025-12-11,1,3,2
9704,hasanabad_teh,tehran,2025-12-12,1,3,2
9704,hasanabad_teh,tehran,2025-12-13,1,4,3
9704,hasanabad_teh,tehran,2025-12-14,1,4,3
9704,hasanabad_teh,tehran,2025-12-15,1,3,2
9704,hasanabad_teh,tehran,2025-12-16,1,3,2
9704,hasanabad_teh,tehran,2025-12-17,1,3,2
9704,hasanabad_teh,tehran,2025-12-18,1,3,2
9704,hasanabad_teh,tehran,2025-12-19,1,3,2
9704,hasanabad_teh,tehran,2025-12-20,1,4,3
9704,hasanabad_teh,tehran,2025-12-21,1,4,3
5244,hashtgerd,alborz,2025-11-22,47,59,12
5244,hashtgerd,alborz,2025-11-23,31,55,24
5244,hashtgerd,alborz,2025-11-24,21,50,29
5244,hashtgerd,alborz,2025-11-25,21,49,28
5244,hashtgerd,alborz,2025-11-26,24,62,38
5244,hashtgerd,alborz,2025-11-27,64,163,99
5244,hashtgerd,alborz,2025-11-28,33,78,45
5244,hashtgerd,alborz,2025-11-29,14,51,37
5244,hashtgerd,alborz,2025-11-30,18,69,51
5244,hashtgerd,alborz,2025-12-01,44,91,47
5244,hashtgerd,alborz,2025-12-02,40,96,56
5244,hashtgerd,alborz,2025-12-03,40,107,67
5244,hashtgerd,alborz,2025-12-04,23,162,139
5244,hashtgerd,alborz,2025-12-05,13,75,62
5244,hashtgerd,alborz,2025-12-06,12,74,62
5244,hashtgerd,alborz,2025-12-07,12,70,58
5244,hashtgerd,alborz,2025-12-08,10,69,59
5244,hashtgerd,alborz,2025-12-09,10,72,62
5244,hashtgerd,alborz,2025-12-10,5,85,80
5244,hashtgerd,alborz,2025-12-11,17,209,192
5244,hashtgerd,alborz,2025-12-12,6,71,65
5244,hashtgerd,alborz,2025-12-13,2,66,64
5244,hashtgerd,alborz,2025-12-14,2,62,60
5244,hashtgerd,alborz,2025-12-15,4,70,66
5244,hashtgerd,alborz,2025-12-16,5,75,70
5244,hashtgerd,alborz,2025-12-17,4,83,79
5244,hashtgerd,alborz,2025-12-18,5,162,157
5244,hashtgerd,alborz,2025-12-19,2,65,63
5244,hashtgerd,alborz,2025-12-20,2,73,71
5244,hashtgerd,alborz,2025-12-21,1,57,56
7366,havigh,gilan,2025-11-22,4,4,0
7366,havigh,gilan,2025-11-23,2,3,1
7366,havigh,gilan,2025-11-24,1,3,2
7366,havigh,gilan,2025-11-25,6,10,4
7366,havigh,gilan,2025-11-26,4,10,6
7366,havigh,gilan,2025-11-27,4,11,7
7366,havigh,gilan,2025-11-28,2,4,2
7366,havigh,gilan,2025-11-29,2,4,2
7366,havigh,gilan,2025-11-30,0,2,2
7366,havigh,gilan,2025-12-01,0,2,2
7366,havigh,gilan,2025-12-02,0,3,3
7366,havigh,gilan,2025-12-03,0,6,6
7366,havigh,gilan,2025-12-04,0,10,10
7366,havigh,gilan,2025-12-05,0,3,3
7366,havigh,gilan,2025-12-06,0,4,4
7366,havigh,gilan,2025-12-07,0,3,3
7366,havigh,gilan,2025-12-08,0,3,3
7366,havigh,gilan,2025-12-09,0,3,3
7366,havigh,gilan,2025-12-10,0,4,4
7366,havigh,gilan,2025-12-11,0,12,12
7366,havigh,gilan,2025-12-12,0,3,3
7366,havigh,gilan,2025-12-13,0,3,3
7366,havigh,gilan,2025-12-14,4,8,4
7366,havigh,gilan,2025-12-15,4,9,5
7366,havigh,gilan,2025-12-16,4,9,5
7366,havigh,gilan,2025-12-17,4,11,7
7366,havigh,gilan,2025-12-18,0,7,7
7366,havigh,gilan,2025-12-19,0,4,4
7366,havigh,gilan,2025-12-20,0,3,3
7366,havigh,gilan,2025-12-21,0,2,2
5752,hemmatabad,khorasan_razavi,2025-11-22,0,0,0
5752,hemmatabad,khorasan_razavi,2025-11-23,0,0,0
5752,hemmatabad,khorasan_razavi,2025-11-24,0,0,0
5752,hemmatabad,khorasan_razavi,2025-11-25,0,0,0
5752,hemmatabad,khorasan_razavi,2025-11-26,0,0,0
5752,hemmatabad,khorasan_razavi,2025-11-27,0,0,0
5752,hemmatabad,khorasan_razavi,2025-11-28,0,0,0
5752,hemmatabad,khorasan_razavi,2025-11-29,0,0,0
5752,hemmatabad,khorasan_razavi,2025-11-30,0,0,0
5752,hemmatabad,khorasan_razavi,2025-12-01,0,0,0
5752,hemmatabad,khorasan_razavi,2025-12-02,0,0,0
5752,hemmatabad,khorasan_razavi,2025-12-03,0,0,0
5752,hemmatabad,khorasan_razavi,2025-12-04,0,0,0
5752,hemmatabad,khorasan_razavi,2025-12-05,0,0,0
5752,hemmatabad,khorasan_razavi,2025-12-06,0,0,0
5752,hemmatabad,khorasan_razavi,2025-12-07,0,0,0
5752,hemmatabad,khorasan_razavi,2025-12-08,0,0,0
5752,hemmatabad,khorasan_razavi,2025-12-09,0,0,0
5752,hemmatabad,khorasan_razavi,2025-12-10,0,0,0
5752,hemmatabad,khorasan_razavi,2025-12-11,0,0,0
5752,hemmatabad,khorasan_razavi,2025-12-12,0,0,0
5752,hemmatabad,khorasan_razavi,2025-12-13,0,0,0
5752,hemmatabad,khorasan_razavi,2025-12-14,0,0,0
5752,hemmatabad,khorasan_razavi,2025-12-15,0,0,0
5752,hemmatabad,khorasan_razavi,2025-12-16,0,0,0
5752,hemmatabad,khorasan_razavi,2025-12-17,0,0,0
5752,hemmatabad,khorasan_razavi,2025-12-18,0,0,0
5752,hemmatabad,khorasan_razavi,2025-12-19,0,0,0
5752,hemmatabad,khorasan_razavi,2025-12-20,0,0,0
5752,hemmatabad,khorasan_razavi,2025-12-21,0,0,0
7399,hengam,hormozgan,2025-11-22,981,1023,42
7399,hengam,hormozgan,2025-11-23,884,983,99
7399,hengam,hormozgan,2025-11-24,750,862,112
7399,hengam,hormozgan,2025-11-25,711,866,155
7399,hengam,hormozgan,2025-11-26,732,951,219
7399,hengam,hormozgan,2025-11-27,564,807,243
7399,hengam,hormozgan,2025-11-28,312,491,179
7399,hengam,hormozgan,2025-11-29,337,523,186
7399,hengam,hormozgan,2025-11-30,278,483,205
7399,hengam,hormozgan,2025-12-01,322,638,316
7399,hengam,hormozgan,2025-12-02,361,715,354
7399,hengam,hormozgan,2025-12-03,347,730,383
7399,hengam,hormozgan,2025-12-04,291,806,515
7399,hengam,hormozgan,2025-12-05,135,466,331
7399,hengam,hormozgan,2025-12-06,176,513,337
7399,hengam,hormozgan,2025-12-07,224,628,404
7399,hengam,hormozgan,2025-12-08,232,655,423
7399,hengam,hormozgan,2025-12-09,251,668,417
7399,hengam,hormozgan,2025-12-10,277,769,492
7399,hengam,hormozgan,2025-12-11,253,981,728
7399,hengam,hormozgan,2025-12-12,163,616,453
7399,hengam,hormozgan,2025-12-13,185,589,404
7399,hengam,hormozgan,2025-12-14,212,631,419
7399,hengam,hormozgan,2025-12-15,236,778,542
7399,hengam,hormozgan,2025-12-16,230,827,597
7399,hengam,hormozgan,2025-12-17,231,827,596
7399,hengam,hormozgan,2025-12-18,104,672,568
7399,hengam,hormozgan,2025-12-19,54,431,377
7399,hengam,hormozgan,2025-12-20,82,482,400
7399,hengam,hormozgan,2025-12-21,38,326,288
6520,hormuz_islan,hormozgan,2025-11-22,4052,4251,199
6520,hormuz_islan,hormozgan,2025-11-23,3374,3724,350
6520,hormuz_islan,hormozgan,2025-11-24,3016,3499,483
6520,hormuz_islan,hormozgan,2025-11-25,3074,3731,657
6520,hormuz_islan,hormozgan,2025-11-26,2844,3735,891
6520,hormuz_islan,hormozgan,2025-11-27,2364,3380,1016
6520,hormuz_islan,hormozgan,2025-11-28,1159,1804,645
6520,hormuz_islan,hormozgan,2025-11-29,1163,1880,717
6520,hormuz_islan,hormozgan,2025-11-30,1061,1907,846
6520,hormuz_islan,hormozgan,2025-12-01,1426,2781,1355
6520,hormuz_islan,hormozgan,2025-12-02,1449,2848,1399
6520,hormuz_islan,hormozgan,2025-12-03,1535,3274,1739
6520,hormuz_islan,hormozgan,2025-12-04,1630,4121,2491
6520,hormuz_islan,hormozgan,2025-12-05,832,2423,1591
6520,hormuz_islan,hormozgan,2025-12-06,950,2993,2043
6520,hormuz_islan,hormozgan,2025-12-07,968,2956,1988
6520,hormuz_islan,hormozgan,2025-12-08,1012,3183,2171
6520,hormuz_islan,hormozgan,2025-12-09,1148,3874,2726
6520,hormuz_islan,hormozgan,2025-12-10,928,3595,2667
6520,hormuz_islan,hormozgan,2025-12-11,1038,4513,3475
6520,hormuz_islan,hormozgan,2025-12-12,631,2747,2116
6520,hormuz_islan,hormozgan,2025-12-13,636,2716,2080
6520,hormuz_islan,hormozgan,2025-12-14,570,2680,2110
6520,hormuz_islan,hormozgan,2025-12-15,648,3328,2680
6520,hormuz_islan,hormozgan,2025-12-16,789,3850,3061
6520,hormuz_islan,hormozgan,2025-12-17,1185,4790,3605
6520,hormuz_islan,hormozgan,2025-12-18,1052,4431,3379
6520,hormuz_islan,hormozgan,2025-12-19,492,3152,2660
6520,hormuz_islan,hormozgan,2025-12-20,444,3013,2569
6520,hormuz_islan,hormozgan,2025-12-21,203,1852,1649
9749,imanshahr,isfahan,2025-11-22,0,0,0
9749,imanshahr,isfahan,2025-11-23,0,0,0
9749,imanshahr,isfahan,2025-11-24,0,0,0
9749,imanshahr,isfahan,2025-11-25,0,0,0
9749,imanshahr,isfahan,2025-11-26,0,0,0
9749,imanshahr,isfahan,2025-11-27,0,0,0
9749,imanshahr,isfahan,2025-11-28,0,0,0
9749,imanshahr,isfahan,2025-11-29,0,0,0
9749,imanshahr,isfahan,2025-11-30,0,0,0
9749,imanshahr,isfahan,2025-12-01,0,0,0
9749,imanshahr,isfahan,2025-12-02,0,0,0
9749,imanshahr,isfahan,2025-12-03,0,0,0
9749,imanshahr,isfahan,2025-12-04,0,0,0
9749,imanshahr,isfahan,2025-12-05,0,0,0
9749,imanshahr,isfahan,2025-12-06,0,0,0
9749,imanshahr,isfahan,2025-12-07,0,0,0
9749,imanshahr,isfahan,2025-12-08,0,0,0
9749,imanshahr,isfahan,2025-12-09,0,0,0
9749,imanshahr,isfahan,2025-12-10,0,0,0
9749,imanshahr,isfahan,2025-12-11,0,0,0
9749,imanshahr,isfahan,2025-12-12,0,0,0
9749,imanshahr,isfahan,2025-12-13,0,0,0
9749,imanshahr,isfahan,2025-12-14,0,0,0
9749,imanshahr,isfahan,2025-12-15,0,0,0
9749,imanshahr,isfahan,2025-12-16,0,0,0
9749,imanshahr,isfahan,2025-12-17,0,0,0
9749,imanshahr,isfahan,2025-12-18,0,0,0
9749,imanshahr,isfahan,2025-12-19,0,0,0
9749,imanshahr,isfahan,2025-12-20,0,0,0
9749,imanshahr,isfahan,2025-12-21,0,0,0
7619,isfahan,isfahan,2025-11-22,7978,9103,1125
7619,isfahan,isfahan,2025-11-23,6264,8277,2013
7619,isfahan,isfahan,2025-11-24,5012,7478,2466
7619,isfahan,isfahan,2025-11-25,4910,8159,3249
7619,isfahan,isfahan,2025-11-26,5363,10354,4991
7619,isfahan,isfahan,2025-11-27,5225,12474,7249
7619,isfahan,isfahan,2025-11-28,2039,5406,3367
7619,isfahan,isfahan,2025-11-29,1973,5115,3142
7619,isfahan,isfahan,2025-11-30,1854,5408,3554
7619,isfahan,isfahan,2025-12-01,1769,5549,3780
7619,isfahan,isfahan,2025-12-02,1710,6093,4383
7619,isfahan,isfahan,2025-12-03,2162,8504,6342
7619,isfahan,isfahan,2025-12-04,2417,13054,10637
7619,isfahan,isfahan,2025-12-05,951,4685,3734
7619,isfahan,isfahan,2025-12-06,1111,5259,4148
7619,isfahan,isfahan,2025-12-07,980,5120,4140
7619,isfahan,isfahan,2025-12-08,922,5030,4108
7619,isfahan,isfahan,2025-12-09,850,5158,4308
7619,isfahan,isfahan,2025-12-10,1045,8334,7289
7619,isfahan,isfahan,2025-12-11,1163,11537,10374
7619,isfahan,isfahan,2025-12-12,716,6028,5312
7619,isfahan,isfahan,2025-12-13,852,6380,5528
7619,isfahan,isfahan,2025-12-14,828,6092,5264
7619,isfahan,isfahan,2025-12-15,831,6172,5341
7619,isfahan,isfahan,2025-12-16,931,7544,6613
7619,isfahan,isfahan,2025-12-17,1012,10386,9374
7619,isfahan,isfahan,2025-12-18,982,12492,11510
7619,isfahan,isfahan,2025-12-19,672,7715,7043
7619,isfahan,isfahan,2025-12-20,713,7148,6435
7619,isfahan,isfahan,2025-12-21,403,5438,5035
3892,izadshahr,mazandaran,2025-11-22,421,476,55
3892,izadshahr,mazandaran,2025-11-23,411,529,118
3892,izadshahr,mazandaran,2025-11-24,353,527,174
3892,izadshahr,mazandaran,2025-11-25,333,531,198
3892,izadshahr,mazandaran,2025-11-26,401,785,384
3892,izadshahr,mazandaran,2025-11-27,393,1021,628
3892,izadshahr,mazandaran,2025-11-28,235,544,309
3892,izadshahr,mazandaran,2025-11-29,186,418,232
3892,izadshahr,mazandaran,2025-11-30,178,430,252
3892,izadshahr,mazandaran,2025-12-01,106,369,263
3892,izadshahr,mazandaran,2025-12-02,90,388,298
3892,izadshahr,mazandaran,2025-12-03,192,698,506
3892,izadshahr,mazandaran,2025-12-04,166,1059,893
3892,izadshahr,mazandaran,2025-12-05,121,563,442
3892,izadshahr,mazandaran,2025-12-06,97,370,273
3892,izadshahr,mazandaran,2025-12-07,54,281,227
3892,izadshahr,mazandaran,2025-12-08,58,311,253
3892,izadshahr,mazandaran,2025-12-09,39,333,294
3892,izadshahr,mazandaran,2025-12-10,26,463,437
3892,izadshahr,mazandaran,2025-12-11,42,983,941
3892,izadshahr,mazandaran,2025-12-12,24,392,368
3892,izadshahr,mazandaran,2025-12-13,23,292,269
3892,izadshahr,mazandaran,2025-12-14,24,292,268
3892,izadshahr,mazandaran,2025-12-15,13,286,273
3892,izadshahr,mazandaran,2025-12-16,14,327,313
3892,izadshahr,mazandaran,2025-12-17,25,448,423
3892,izadshahr,mazandaran,2025-12-18,30,773,743
3892,izadshahr,mazandaran,2025-12-19,37,327,290
3892,izadshahr,mazandaran,2025-12-20,47,269,222
3892,izadshahr,mazandaran,2025-12-21,6,201,195
6888,jandagh,isfahan,2025-11-22,0,0,0
6888,jandagh,isfahan,2025-11-23,0,0,0
6888,jandagh,isfahan,2025-11-24,0,0,0
6888,jandagh,isfahan,2025-11-25,0,0,0
6888,jandagh,isfahan,2025-11-26,0,0,0
6888,jandagh,isfahan,2025-11-27,0,0,0
6888,jandagh,isfahan,2025-11-28,0,0,0
6888,jandagh,isfahan,2025-11-29,0,0,0
6888,jandagh,isfahan,2025-11-30,0,0,0
6888,jandagh,isfahan,2025-12-01,0,0,0
6888,jandagh,isfahan,2025-12-02,0,0,0
6888,jandagh,isfahan,2025-12-03,0,0,0
6888,jandagh,isfahan,2025-12-04,0,0,0
6888,jandagh,isfahan,2025-12-05,0,0,0
6888,jandagh,isfahan,2025-12-06,0,0,0
6888,jandagh,isfahan,2025-12-07,0,0,0
6888,jandagh,isfahan,2025-12-08,0,0,0
6888,jandagh,isfahan,2025-12-09,0,0,0
6888,jandagh,isfahan,2025-12-10,0,0,0
6888,jandagh,isfahan,2025-12-11,0,0,0
6888,jandagh,isfahan,2025-12-12,0,0,0
6888,jandagh,isfahan,2025-12-13,0,0,0
6888,jandagh,isfahan,2025-12-14,0,0,0
6888,jandagh,isfahan,2025-12-15,0,0,0
6888,jandagh,isfahan,2025-12-16,0,0,0
6888,jandagh,isfahan,2025-12-17,0,0,0
6888,jandagh,isfahan,2025-12-18,0,0,0
6888,jandagh,isfahan,2025-12-19,0,0,0
6888,jandagh,isfahan,2025-12-20,0,0,0
6888,jandagh,isfahan,2025-12-21,0,0,0
4353,jask,hormozgan,2025-11-22,4,5,1
4353,jask,hormozgan,2025-11-23,5,7,2
4353,jask,hormozgan,2025-11-24,7,10,3
4353,jask,hormozgan,2025-11-25,8,12,4
4353,jask,hormozgan,2025-11-26,7,13,6
4353,jask,hormozgan,2025-11-27,4,9,5
4353,jask,hormozgan,2025-11-28,2,5,3
4353,jask,hormozgan,2025-11-29,4,8,4
4353,jask,hormozgan,2025-11-30,5,10,5
4353,jask,hormozgan,2025-12-01,3,10,7
4353,jask,hormozgan,2025-12-02,3,10,7
4353,jask,hormozgan,2025-12-03,4,14,10
4353,jask,hormozgan,2025-12-04,1,11,10
4353,jask,hormozgan,2025-12-05,1,7,6
4353,jask,hormozgan,2025-12-06,2,10,8
4353,jask,hormozgan,2025-12-07,3,12,9
4353,jask,hormozgan,2025-12-08,4,13,9
4353,jask,hormozgan,2025-12-09,5,14,9
4353,jask,hormozgan,2025-12-10,2,10,8
4353,jask,hormozgan,2025-12-11,1,10,9
4353,jask,hormozgan,2025-12-12,1,6,5
4353,jask,hormozgan,2025-12-13,2,9,7
4353,jask,hormozgan,2025-12-14,1,7,6
4353,jask,hormozgan,2025-12-15,2,9,7
4353,jask,hormozgan,2025-12-16,1,12,11
4353,jask,hormozgan,2025-12-17,1,12,11
4353,jask,hormozgan,2025-12-18,1,12,11
4353,jask,hormozgan,2025-12-19,1,7,6
4353,jask,hormozgan,2025-12-20,1,9,8
4353,jask,hormozgan,2025-12-21,0,5,5
2451,javadabad,tehran,2025-11-22,0,0,0
2451,javadabad,tehran,2025-11-23,0,0,0
2451,javadabad,tehran,2025-11-24,0,0,0
2451,javadabad,tehran,2025-11-25,0,0,0
2451,javadabad,tehran,2025-11-26,0,0,0
2451,javadabad,tehran,2025-11-27,0,0,0
2451,javadabad,tehran,2025-11-28,0,0,0
2451,javadabad,tehran,2025-11-29,0,0,0
2451,javadabad,tehran,2025-11-30,0,0,0
2451,javadabad,tehran,2025-12-01,0,0,0
2451,javadabad,tehran,2025-12-02,0,0,0
2451,javadabad,tehran,2025-12-03,0,0,0
2451,javadabad,tehran,2025-12-04,0,0,0
2451,javadabad,tehran,2025-12-05,0,0,0
2451,javadabad,tehran,2025-12-06,0,0,0
2451,javadabad,tehran,2025-12-07,0,0,0
2451,javadabad,tehran,2025-12-08,0,0,0
2451,javadabad,tehran,2025-12-09,0,0,0
2451,javadabad,tehran,2025-12-10,0,0,0
2451,javadabad,tehran,2025-12-11,0,0,0
2451,javadabad,tehran,2025-12-12,0,0,0
2451,javadabad,tehran,2025-12-13,0,0,0
2451,javadabad,tehran,2025-12-14,0,0,0
2451,javadabad,tehran,2025-12-15,0,0,0
2451,javadabad,tehran,2025-12-16,0,0,0
2451,javadabad,tehran,2025-12-17,0,0,0
2451,javadabad,tehran,2025-12-18,0,0,0
2451,javadabad,tehran,2025-12-19,0,0,0
2451,javadabad,tehran,2025-12-20,0,0,0
2451,javadabad,tehran,2025-12-21,0,0,0
7412,javaherdeh,mazandaran,2025-11-22,817,904,87
7412,javaherdeh,mazandaran,2025-11-23,631,780,149
7412,javaherdeh,mazandaran,2025-11-24,652,907,255
7412,javaherdeh,mazandaran,2025-11-25,638,939,301
7412,javaherdeh,mazandaran,2025-11-26,597,989,392
7412,javaherdeh,mazandaran,2025-11-27,467,906,439
7412,javaherdeh,mazandaran,2025-11-28,264,515,251
7412,javaherdeh,mazandaran,2025-11-29,303,575,272
7412,javaherdeh,mazandaran,2025-11-30,273,565,292
7412,javaherdeh,mazandaran,2025-12-01,286,653,367
7412,javaherdeh,mazandaran,2025-12-02,247,644,397
7412,javaherdeh,mazandaran,2025-12-03,268,749,481
7412,javaherdeh,mazandaran,2025-12-04,293,1200,907
7412,javaherdeh,mazandaran,2025-12-05,206,582,376
7412,javaherdeh,mazandaran,2025-12-06,212,592,380
7412,javaherdeh,mazandaran,2025-12-07,196,533,337
7412,javaherdeh,mazandaran,2025-12-08,172,490,318
7412,javaherdeh,mazandaran,2025-12-09,164,496,332
7412,javaherdeh,mazandaran,2025-12-10,157,613,456
7412,javaherdeh,mazandaran,2025-12-11,136,928,792
7412,javaherdeh,mazandaran,2025-12-12,96,425,329
7412,javaherdeh,mazandaran,2025-12-13,86,360,274
7412,javaherdeh,mazandaran,2025-12-14,72,308,236
7412,javaherdeh,mazandaran,2025-12-15,61,284,223
7412,javaherdeh,mazandaran,2025-12-16,31,266,235
7412,javaherdeh,mazandaran,2025-12-17,38,352,314
7412,javaherdeh,mazandaran,2025-12-18,44,498,454
7412,javaherdeh,mazandaran,2025-12-19,26,215,189
7412,javaherdeh,mazandaran,2025-12-20,15,195,180
7412,javaherdeh,mazandaran,2025-12-21,10,156,146
5951,jenah,hormozgan,2025-11-22,0,0,0
5951,jenah,hormozgan,2025-11-23,0,0,0
5951,jenah,hormozgan,2025-11-24,0,0,0
5951,jenah,hormozgan,2025-11-25,0,0,0
5951,jenah,hormozgan,2025-11-26,0,0,0
5951,jenah,hormozgan,2025-11-27,0,0,0
5951,jenah,hormozgan,2025-11-28,0,0,0
5951,jenah,hormozgan,2025-11-29,0,0,0
5951,jenah,hormozgan,2025-11-30,0,0,0
5951,jenah,hormozgan,2025-12-01,0,0,0
5951,jenah,hormozgan,2025-12-02,0,0,0
5951,jenah,hormozgan,2025-12-03,0,0,0
5951,jenah,hormozgan,2025-12-04,0,0,0
5951,jenah,hormozgan,2025-12-05,0,0,0
5951,jenah,hormozgan,2025-12-06,0,0,0
5951,jenah,hormozgan,2025-12-07,0,0,0
5951,jenah,hormozgan,2025-12-08,0,0,0
5951,jenah,hormozgan,2025-12-09,0,0,0
5951,jenah,hormozgan,2025-12-10,0,0,0
5951,jenah,hormozgan,2025-12-11,0,0,0
5951,jenah,hormozgan,2025-12-12,0,0,0
5951,jenah,hormozgan,2025-12-13,0,0,0
5951,jenah,hormozgan,2025-12-14,0,0,0
5951,jenah,hormozgan,2025-12-15,0,0,0
5951,jenah,hormozgan,2025-12-16,0,0,0
5951,jenah,hormozgan,2025-12-17,0,0,0
5951,jenah,hormozgan,2025-12-18,0,0,0
5951,jenah,hormozgan,2025-12-19,0,0,0
5951,jenah,hormozgan,2025-12-20,0,0,0
5951,jenah,hormozgan,2025-12-21,0,0,0
9062,jirandeh,gilan,2025-11-22,0,0,0
9062,jirandeh,gilan,2025-11-23,0,0,0
9062,jirandeh,gilan,2025-11-24,0,0,0
9062,jirandeh,gilan,2025-11-25,0,0,0
9062,jirandeh,gilan,2025-11-26,0,0,0
9062,jirandeh,gilan,2025-11-27,0,0,0
9062,jirandeh,gilan,2025-11-28,0,0,0
9062,jirandeh,gilan,2025-11-29,0,0,0
9062,jirandeh,gilan,2025-11-30,0,0,0
9062,jirandeh,gilan,2025-12-01,0,0,0
9062,jirandeh,gilan,2025-12-02,0,0,0
9062,jirandeh,gilan,2025-12-03,0,0,0
9062,jirandeh,gilan,2025-12-04,0,0,0
9062,jirandeh,gilan,2025-12-05,0,0,0
9062,jirandeh,gilan,2025-12-06,0,0,0
9062,jirandeh,gilan,2025-12-07,0,0,0
9062,jirandeh,gilan,2025-12-08,0,0,0
9062,jirandeh,gilan,2025-12-09,0,0,0
9062,jirandeh,gilan,2025-12-10,0,0,0
9062,jirandeh,gilan,2025-12-11,0,0,0
9062,jirandeh,gilan,2025-12-12,0,0,0
9062,jirandeh,gilan,2025-12-13,0,0,0
9062,jirandeh,gilan,2025-12-14,0,0,0
9062,jirandeh,gilan,2025-12-15,0,0,0
9062,jirandeh,gilan,2025-12-16,0,0,0
9062,jirandeh,gilan,2025-12-17,0,0,0
9062,jirandeh,gilan,2025-12-18,0,0,0
9062,jirandeh,gilan,2025-12-19,0,0,0
9062,jirandeh,gilan,2025-12-20,0,0,0
9062,jirandeh,gilan,2025-12-21,0,0,0
8593,josheghankamo,isfahan,2025-11-22,0,0,0
8593,josheghankamo,isfahan,2025-11-23,0,0,0
8593,josheghankamo,isfahan,2025-11-24,0,0,0
8593,josheghankamo,isfahan,2025-11-25,0,0,0
8593,josheghankamo,isfahan,2025-11-26,0,0,0
8593,josheghankamo,isfahan,2025-11-27,0,0,0
8593,josheghankamo,isfahan,2025-11-28,0,0,0
8593,josheghankamo,isfahan,2025-11-29,0,0,0
8593,josheghankamo,isfahan,2025-11-30,0,0,0
8593,josheghankamo,isfahan,2025-12-01,0,0,0
8593,josheghankamo,isfahan,2025-12-02,0,0,0
8593,josheghankamo,isfahan,2025-12-03,0,0,0
8593,josheghankamo,isfahan,2025-12-04,0,0,0
8593,josheghankamo,isfahan,2025-12-05,0,0,0
8593,josheghankamo,isfahan,2025-12-06,0,0,0
8593,josheghankamo,isfahan,2025-12-07,0,0,0
8593,josheghankamo,isfahan,2025-12-08,0,0,0
8593,josheghankamo,isfahan,2025-12-09,0,0,0
8593,josheghankamo,isfahan,2025-12-10,0,0,0
8593,josheghankamo,isfahan,2025-12-11,0,0,0
8593,josheghankamo,isfahan,2025-12-12,0,0,0
8593,josheghankamo,isfahan,2025-12-13,0,0,0
8593,josheghankamo,isfahan,2025-12-14,0,0,0
8593,josheghankamo,isfahan,2025-12-15,0,0,0
8593,josheghankamo,isfahan,2025-12-16,0,0,0
8593,josheghankamo,isfahan,2025-12-17,0,0,0
8593,josheghankamo,isfahan,2025-12-18,0,0,0
8593,josheghankamo,isfahan,2025-12-19,0,0,0
8593,josheghankamo,isfahan,2025-12-20,0,0,0
8593,josheghankamo,isfahan,2025-12-21,0,0,0
5529,jowzdan,isfahan,2025-11-22,0,0,0
5529,jowzdan,isfahan,2025-11-23,0,0,0
5529,jowzdan,isfahan,2025-11-24,0,0,0
5529,jowzdan,isfahan,2025-11-25,0,0,0
5529,jowzdan,isfahan,2025-11-26,0,0,0
5529,jowzdan,isfahan,2025-11-27,1,1,0
5529,jowzdan,isfahan,2025-11-28,0,0,0
5529,jowzdan,isfahan,2025-11-29,0,0,0
5529,jowzdan,isfahan,2025-11-30,0,0,0
5529,jowzdan,isfahan,2025-12-01,0,0,0
5529,jowzdan,isfahan,2025-12-02,0,0,0
5529,jowzdan,isfahan,2025-12-03,0,0,0
5529,jowzdan,isfahan,2025-12-04,0,0,0
5529,jowzdan,isfahan,2025-12-05,0,0,0
5529,jowzdan,isfahan,2025-12-06,0,0,0
5529,jowzdan,isfahan,2025-12-07,1,1,0
5529,jowzdan,isfahan,2025-12-08,1,1,0
5529,jowzdan,isfahan,2025-12-09,0,0,0
5529,jowzdan,isfahan,2025-12-10,0,0,0
5529,jowzdan,isfahan,2025-12-11,1,2,1
5529,jowzdan,isfahan,2025-12-12,0,0,0
5529,jowzdan,isfahan,2025-12-13,0,0,0
5529,jowzdan,isfahan,2025-12-14,0,0,0
5529,jowzdan,isfahan,2025-12-15,0,0,0
5529,jowzdan,isfahan,2025-12-16,0,0,0
5529,jowzdan,isfahan,2025-12-17,0,0,0
5529,jowzdan,isfahan,2025-12-18,0,0,0
5529,jowzdan,isfahan,2025-12-19,0,0,0
5529,jowzdan,isfahan,2025-12-20,0,0,0
5529,jowzdan,isfahan,2025-12-21,0,0,0
6930,juybar,mazandaran,2025-11-22,5,7,2
6930,juybar,mazandaran,2025-11-23,2,6,4
6930,juybar,mazandaran,2025-11-24,2,7,5
6930,juybar,mazandaran,2025-11-25,2,7,5
6930,juybar,mazandaran,2025-11-26,3,12,9
6930,juybar,mazandaran,2025-11-27,13,36,23
6930,juybar,mazandaran,2025-11-28,4,10,6
6930,juybar,mazandaran,2025-11-29,0,8,8
6930,juybar,mazandaran,2025-11-30,0,9,9
6930,juybar,mazandaran,2025-12-01,0,10,10
6930,juybar,mazandaran,2025-12-02,0,9,9
6930,juybar,mazandaran,2025-12-03,0,14,14
6930,juybar,mazandaran,2025-12-04,0,20,20
6930,juybar,mazandaran,2025-12-05,0,9,9
6930,juybar,mazandaran,2025-12-06,0,10,10
6930,juybar,mazandaran,2025-12-07,3,13,10
6930,juybar,mazandaran,2025-12-08,0,9,9
6930,juybar,mazandaran,2025-12-09,1,10,9
6930,juybar,mazandaran,2025-12-10,1,18,17
6930,juybar,mazandaran,2025-12-11,0,30,30
6930,juybar,mazandaran,2025-12-12,0,9,9
6930,juybar,mazandaran,2025-12-13,0,9,9
6930,juybar,mazandaran,2025-12-14,0,9,9
6930,juybar,mazandaran,2025-12-15,0,10,10
6930,juybar,mazandaran,2025-12-16,0,11,11
6930,juybar,mazandaran,2025-12-17,0,18,18
6930,juybar,mazandaran,2025-12-18,0,24,24
6930,juybar,mazandaran,2025-12-19,0,11,11
6930,juybar,mazandaran,2025-12-20,0,9,9
6930,juybar,mazandaran,2025-12-21,0,7,7
8699,kahrizak,tehran,2025-11-22,0,0,0
8699,kahrizak,tehran,2025-11-23,0,0,0
8699,kahrizak,tehran,2025-11-24,0,0,0
8699,kahrizak,tehran,2025-11-25,0,0,0
8699,kahrizak,tehran,2025-11-26,0,0,0
8699,kahrizak,tehran,2025-11-27,0,0,0
8699,kahrizak,tehran,2025-11-28,0,0,0
8699,kahrizak,tehran,2025-11-29,0,0,0
8699,kahrizak,tehran,2025-11-30,0,0,0
8699,kahrizak,tehran,2025-12-01,0,0,0
8699,kahrizak,tehran,2025-12-02,0,0,0
8699,kahrizak,tehran,2025-12-03,0,0,0
8699,kahrizak,tehran,2025-12-04,0,0,0
8699,kahrizak,tehran,2025-12-05,0,0,0
8699,kahrizak,tehran,2025-12-06,0,0,0
8699,kahrizak,tehran,2025-12-07,0,0,0
8699,kahrizak,tehran,2025-12-08,0,0,0
8699,kahrizak,tehran,2025-12-09,0,0,0
8699,kahrizak,tehran,2025-12-10,0,0,0
8699,kahrizak,tehran,2025-12-11,0,0,0
8699,kahrizak,tehran,2025-12-12,0,0,0
8699,kahrizak,tehran,2025-12-13,0,0,0
8699,kahrizak,tehran,2025-12-14,0,0,0
8699,kahrizak,tehran,2025-12-15,0,0,0
8699,kahrizak,tehran,2025-12-16,0,0,0
8699,kahrizak,tehran,2025-12-17,0,0,0
8699,kahrizak,tehran,2025-12-18,0,0,0
8699,kahrizak,tehran,2025-12-19,0,0,0
8699,kahrizak,tehran,2025-12-20,0,0,0
8699,kahrizak,tehran,2025-12-21,0,0,0
2335,kahrizsang,isfahan,2025-11-22,0,0,0
2335,kahrizsang,isfahan,2025-11-23,0,0,0
2335,kahrizsang,isfahan,2025-11-24,0,0,0
2335,kahrizsang,isfahan,2025-11-25,0,0,0
2335,kahrizsang,isfahan,2025-11-26,0,0,0
2335,kahrizsang,isfahan,2025-11-27,0,0,0
2335,kahrizsang,isfahan,2025-11-28,0,0,0
2335,kahrizsang,isfahan,2025-11-29,0,0,0
2335,kahrizsang,isfahan,2025-11-30,0,0,0
2335,kahrizsang,isfahan,2025-12-01,0,0,0
2335,kahrizsang,isfahan,2025-12-02,0,0,0
2335,kahrizsang,isfahan,2025-12-03,0,0,0
2335,kahrizsang,isfahan,2025-12-04,0,0,0
2335,kahrizsang,isfahan,2025-12-05,0,0,0
2335,kahrizsang,isfahan,2025-12-06,0,0,0
2335,kahrizsang,isfahan,2025-12-07,0,0,0
2335,kahrizsang,isfahan,2025-12-08,0,0,0
2335,kahrizsang,isfahan,2025-12-09,0,0,0
2335,kahrizsang,isfahan,2025-12-10,0,0,0
2335,kahrizsang,isfahan,2025-12-11,0,0,0
2335,kahrizsang,isfahan,2025-12-12,0,0,0
2335,kahrizsang,isfahan,2025-12-13,0,0,0
2335,kahrizsang,isfahan,2025-12-14,0,0,0
2335,kahrizsang,isfahan,2025-12-15,0,0,0
2335,kahrizsang,isfahan,2025-12-16,0,0,0
2335,kahrizsang,isfahan,2025-12-17,0,0,0
2335,kahrizsang,isfahan,2025-12-18,0,0,0
2335,kahrizsang,isfahan,2025-12-19,0,0,0
2335,kahrizsang,isfahan,2025-12-20,0,0,0
2335,kahrizsang,isfahan,2025-12-21,0,0,0
7058,kalachay,gilan,2025-11-22,91,102,11
7058,kalachay,gilan,2025-11-23,59,79,20
7058,kalachay,gilan,2025-11-24,56,78,22
7058,kalachay,gilan,2025-11-25,51,80,29
7058,kalachay,gilan,2025-11-26,75,137,62
7058,kalachay,gilan,2025-11-27,62,147,85
7058,kalachay,gilan,2025-11-28,48,88,40
7058,kalachay,gilan,2025-11-29,39,78,39
7058,kalachay,gilan,2025-11-30,21,51,30
7058,kalachay,gilan,2025-12-01,11,46,35
7058,kalachay,gilan,2025-12-02,4,38,34
7058,kalachay,gilan,2025-12-03,19,86,67
7058,kalachay,gilan,2025-12-04,21,155,134
7058,kalachay,gilan,2025-12-05,6,40,34
7058,kalachay,gilan,2025-12-06,15,57,42
7058,kalachay,gilan,2025-12-07,11,47,36
7058,kalachay,gilan,2025-12-08,4,49,45
7058,kalachay,gilan,2025-12-09,6,51,45
7058,kalachay,gilan,2025-12-10,16,93,77
7058,kalachay,gilan,2025-12-11,10,137,127
7058,kalachay,gilan,2025-12-12,4,57,53
7058,kalachay,gilan,2025-12-13,2,44,42
7058,kalachay,gilan,2025-12-14,2,44,42
7058,kalachay,gilan,2025-12-15,2,50,48
7058,kalachay,gilan,2025-12-16,6,66,60
7058,kalachay,gilan,2025-12-17,14,92,78
7058,kalachay,gilan,2025-12-18,12,117,105
7058,kalachay,gilan,2025-12-19,0,50,50
7058,kalachay,gilan,2025-12-20,1,45,44
7058,kalachay,gilan,2025-12-21,0,40,40
5506,kalat,khorasan_razavi,2025-11-22,31,32,1
5506,kalat,khorasan_razavi,2025-11-23,14,17,3
5506,kalat,khorasan_razavi,2025-11-24,14,18,4
5506,kalat,khorasan_razavi,2025-11-25,12,17,5
5506,kalat,khorasan_razavi,2025-11-26,6,13,7
5506,kalat,khorasan_razavi,2025-11-27,7,21,14
5506,kalat,khorasan_razavi,2025-11-28,5,9,4
5506,kalat,khorasan_razavi,2025-11-29,0,2,2
5506,kalat,khorasan_razavi,2025-11-30,0,2,2
5506,kalat,khorasan_razavi,2025-12-01,2,7,5
5506,kalat,khorasan_razavi,2025-12-02,4,10,6
5506,kalat,khorasan_razavi,2025-12-03,5,16,11
5506,kalat,khorasan_razavi,2025-12-04,6,58,52
5506,kalat,khorasan_razavi,2025-12-05,1,10,9
5506,kalat,khorasan_razavi,2025-12-06,0,8,8
5506,kalat,khorasan_razavi,2025-12-07,0,6,6
5506,kalat,khorasan_razavi,2025-12-08,1,8,7
5506,kalat,khorasan_razavi,2025-12-09,3,11,8
5506,kalat,khorasan_razavi,2025-12-10,0,10,10
5506,kalat,khorasan_razavi,2025-12-11,1,46,45
5506,kalat,khorasan_razavi,2025-12-12,0,7,7
5506,kalat,khorasan_razavi,2025-12-13,0,7,7
5506,kalat,khorasan_razavi,2025-12-14,1,9,8
5506,kalat,khorasan_razavi,2025-12-15,1,9,8
5506,kalat,khorasan_razavi,2025-12-16,1,10,9
5506,kalat,khorasan_razavi,2025-12-17,1,13,12
5506,kalat,khorasan_razavi,2025-12-18,0,27,27
5506,kalat,khorasan_razavi,2025-12-19,0,9,9
5506,kalat,khorasan_razavi,2025-12-20,0,7,7
5506,kalat,khorasan_razavi,2025-12-21,0,6,6
2992,kalebast,mazandaran,2025-11-22,0,0,0
2992,kalebast,mazandaran,2025-11-23,1,1,0
2992,kalebast,mazandaran,2025-11-24,0,0,0
2992,kalebast,mazandaran,2025-11-25,0,0,0
2992,kalebast,mazandaran,2025-11-26,0,0,0
2992,kalebast,mazandaran,2025-11-27,0,0,0
2992,kalebast,mazandaran,2025-11-28,0,0,0
2992,kalebast,mazandaran,2025-11-29,0,0,0
2992,kalebast,mazandaran,2025-11-30,0,0,0
2992,kalebast,mazandaran,2025-12-01,0,0,0
2992,kalebast,mazandaran,2025-12-02,0,0,0
2992,kalebast,mazandaran,2025-12-03,0,0,0
2992,kalebast,mazandaran,2025-12-04,0,0,0
2992,kalebast,mazandaran,2025-12-05,0,0,0
2992,kalebast,mazandaran,2025-12-06,0,0,0
2992,kalebast,mazandaran,2025-12-07,0,0,0
2992,kalebast,mazandaran,2025-12-08,0,0,0
2992,kalebast,mazandaran,2025-12-09,0,0,0
2992,kalebast,mazandaran,2025-12-10,0,0,0
2992,kalebast,mazandaran,2025-12-11,0,0,0
2992,kalebast,mazandaran,2025-12-12,0,0,0
2992,kalebast,mazandaran,2025-12-13,0,0,0
2992,kalebast,mazandaran,2025-12-14,0,0,0
2992,kalebast,mazandaran,2025-12-15,0,0,0
2992,kalebast,mazandaran,2025-12-16,0,0,0
2992,kalebast,mazandaran,2025-12-17,0,0,0
2992,kalebast,mazandaran,2025-12-18,0,0,0
2992,kalebast,mazandaran,2025-12-19,0,0,0
2992,kalebast,mazandaran,2025-12-20,0,0,0
2992,kalebast,mazandaran,2025-12-21,0,0,0
8428,kamalshahr,alborz,2025-11-22,0,0,0
8428,kamalshahr,alborz,2025-11-23,4,5,1
8428,kamalshahr,alborz,2025-11-24,0,1,1
8428,kamalshahr,alborz,2025-11-25,1,2,1
8428,kamalshahr,alborz,2025-11-26,1,3,2
8428,kamalshahr,alborz,2025-11-27,1,4,3
8428,kamalshahr,alborz,2025-11-28,1,3,2
8428,kamalshahr,alborz,2025-11-29,0,1,1
8428,kamalshahr,alborz,2025-11-30,0,2,2
8428,kamalshahr,alborz,2025-12-01,3,6,3
8428,kamalshahr,alborz,2025-12-02,0,3,3
8428,kamalshahr,alborz,2025-12-03,0,3,3
8428,kamalshahr,alborz,2025-12-04,0,5,5
8428,kamalshahr,alborz,2025-12-05,0,3,3
8428,kamalshahr,alborz,2025-12-06,0,3,3
8428,kamalshahr,alborz,2025-12-07,0,2,2
8428,kamalshahr,alborz,2025-12-08,0,2,2
8428,kamalshahr,alborz,2025-12-09,0,3,3
8428,kamalshahr,alborz,2025-12-10,0,3,3
8428,kamalshahr,alborz,2025-12-11,0,6,6
8428,kamalshahr,alborz,2025-12-12,0,3,3
8428,kamalshahr,alborz,2025-12-13,0,3,3
8428,kamalshahr,alborz,2025-12-14,0,2,2
8428,kamalshahr,alborz,2025-12-15,0,3,3
8428,kamalshahr,alborz,2025-12-16,0,3,3
8428,kamalshahr,alborz,2025-12-17,0,4,4
8428,kamalshahr,alborz,2025-12-18,0,6,6
8428,kamalshahr,alborz,2025-12-19,0,4,4
8428,kamalshahr,alborz,2025-12-20,0,3,3
8428,kamalshahr,alborz,2025-12-21,0,2,2
2302,kameh,isfahan,2025-11-22,0,0,0
2302,kameh,isfahan,2025-11-23,0,0,0
2302,kameh,isfahan,2025-11-24,0,0,0
2302,kameh,isfahan,2025-11-25,0,0,0
2302,kameh,isfahan,2025-11-26,0,0,0
2302,kameh,isfahan,2025-11-27,0,0,0
2302,kameh,isfahan,2025-11-28,0,0,0
2302,kameh,isfahan,2025-11-29,0,0,0
2302,kameh,isfahan,2025-11-30,0,0,0
2302,kameh,isfahan,2025-12-01,0,0,0
2302,kameh,isfahan,2025-12-02,0,0,0
2302,kameh,isfahan,2025-12-03,0,0,0
2302,kameh,isfahan,2025-12-04,0,0,0
2302,kameh,isfahan,2025-12-05,0,0,0
2302,kameh,isfahan,2025-12-06,0,0,0
2302,kameh,isfahan,2025-12-07,0,0,0
2302,kameh,isfahan,2025-12-08,0,0,0
2302,kameh,isfahan,2025-12-09,0,0,0
2302,kameh,isfahan,2025-12-10,0,0,0
2302,kameh,isfahan,2025-12-11,0,0,0
2302,kameh,isfahan,2025-12-12,0,0,0
2302,kameh,isfahan,2025-12-13,0,0,0
2302,kameh,isfahan,2025-12-14,0,0,0
2302,kameh,isfahan,2025-12-15,0,0,0
2302,kameh,isfahan,2025-12-16,0,0,0
2302,kameh,isfahan,2025-12-17,0,0,0
2302,kameh,isfahan,2025-12-18,0,0,0
2302,kameh,isfahan,2025-12-19,0,0,0
2302,kameh,isfahan,2025-12-20,0,0,0
2302,kameh,isfahan,2025-12-21,0,0,0
9059,karaj,alborz,2025-11-22,1312,1637,325
9059,karaj,alborz,2025-11-23,1512,2276,764
9059,karaj,alborz,2025-11-24,1084,1827,743
9059,karaj,alborz,2025-11-25,883,1734,851
9059,karaj,alborz,2025-11-26,842,1935,1093
9059,karaj,alborz,2025-11-27,1209,3463,2254
9059,karaj,alborz,2025-11-28,599,1976,1377
9059,karaj,alborz,2025-11-29,440,1461,1021
9059,karaj,alborz,2025-11-30,446,1498,1052
9059,karaj,alborz,2025-12-01,407,1567,1160
9059,karaj,alborz,2025-12-02,432,1742,1310
9059,karaj,alborz,2025-12-03,439,1842,1403
9059,karaj,alborz,2025-12-04,631,4079,3448
9059,karaj,alborz,2025-12-05,341,2138,1797
9059,karaj,alborz,2025-12-06,314,1781,1467
9059,karaj,alborz,2025-12-07,319,1712,1393
9059,karaj,alborz,2025-12-08,300,1777,1477
9059,karaj,alborz,2025-12-09,303,1966,1663
9059,karaj,alborz,2025-12-10,300,2046,1746
9059,karaj,alborz,2025-12-11,384,4253,3869
9059,karaj,alborz,2025-12-12,253,2192,1939
9059,karaj,alborz,2025-12-13,239,1901,1662
9059,karaj,alborz,2025-12-14,235,1856,1621
9059,karaj,alborz,2025-12-15,240,1978,1738
9059,karaj,alborz,2025-12-16,250,2154,1904
9059,karaj,alborz,2025-12-17,264,2300,2036
9059,karaj,alborz,2025-12-18,336,4418,4082
9059,karaj,alborz,2025-12-19,254,2549,2295
9059,karaj,alborz,2025-12-20,219,1942,1723
9059,karaj,alborz,2025-12-21,120,1806,1686
8999,kashan,isfahan,2025-11-22,1168,1490,322
8999,kashan,isfahan,2025-11-23,1181,1751,570
8999,kashan,isfahan,2025-11-24,860,1457,597
8999,kashan,isfahan,2025-11-25,702,1357,655
8999,kashan,isfahan,2025-11-26,1036,2320,1284
8999,kashan,isfahan,2025-11-27,1326,3738,2412
8999,kashan,isfahan,2025-11-28,337,1105,768
8999,kashan,isfahan,2025-11-29,290,948,658
8999,kashan,isfahan,2025-11-30,214,860,646
8999,kashan,isfahan,2025-12-01,305,1261,956
8999,kashan,isfahan,2025-12-02,361,1479,1118
8999,kashan,isfahan,2025-12-03,338,1628,1290
8999,kashan,isfahan,2025-12-04,538,3604,3066
8999,kashan,isfahan,2025-12-05,232,1306,1074
8999,kashan,isfahan,2025-12-06,267,1376,1109
8999,kashan,isfahan,2025-12-07,135,937,802
8999,kashan,isfahan,2025-12-08,122,890,768
8999,kashan,isfahan,2025-12-09,143,1100,957
8999,kashan,isfahan,2025-12-10,203,1695,1492
8999,kashan,isfahan,2025-12-11,291,3868,3577
8999,kashan,isfahan,2025-12-12,123,1341,1218
8999,kashan,isfahan,2025-12-13,112,1087,975
8999,kashan,isfahan,2025-12-14,137,1142,1005
8999,kashan,isfahan,2025-12-15,163,1269,1106
8999,kashan,isfahan,2025-12-16,143,1172,1029
8999,kashan,isfahan,2025-12-17,239,2546,2307
8999,kashan,isfahan,2025-12-18,231,3888,3657
8999,kashan,isfahan,2025-12-19,89,1209,1120
8999,kashan,isfahan,2025-12-20,86,978,892
8999,kashan,isfahan,2025-12-21,50,778,728
4820,kashmar,khorasan_razavi,2025-11-22,14,16,2
4820,kashmar,khorasan_razavi,2025-11-23,5,8,3
4820,kashmar,khorasan_razavi,2025-11-24,3,7,4
4820,kashmar,khorasan_razavi,2025-11-25,2,6,4
4820,kashmar,khorasan_razavi,2025-11-26,6,13,7
4820,kashmar,khorasan_razavi,2025-11-27,4,13,9
4820,kashmar,khorasan_razavi,2025-11-28,2,6,4
4820,kashmar,khorasan_razavi,2025-11-29,6,12,6
4820,kashmar,khorasan_razavi,2025-11-30,2,8,6
4820,kashmar,khorasan_razavi,2025-12-01,4,13,9
4820,kashmar,khorasan_razavi,2025-12-02,4,16,12
4820,kashmar,khorasan_razavi,2025-12-03,4,15,11
4820,kashmar,khorasan_razavi,2025-12-04,2,19,17
4820,kashmar,khorasan_razavi,2025-12-05,0,6,6
4820,kashmar,khorasan_razavi,2025-12-06,0,7,7
4820,kashmar,khorasan_razavi,2025-12-07,0,6,6
4820,kashmar,khorasan_razavi,2025-12-08,0,7,7
4820,kashmar,khorasan_razavi,2025-12-09,0,8,8
4820,kashmar,khorasan_razavi,2025-12-10,0,10,10
4820,kashmar,khorasan_razavi,2025-12-11,0,20,20
4820,kashmar,khorasan_razavi,2025-12-12,0,5,5
4820,kashmar,khorasan_razavi,2025-12-13,1,9,8
4820,kashmar,khorasan_razavi,2025-12-14,1,8,7
4820,kashmar,khorasan_razavi,2025-12-15,1,9,8
4820,kashmar,khorasan_razavi,2025-12-16,2,12,10
4820,kashmar,khorasan_razavi,2025-12-17,2,13,11
4820,kashmar,khorasan_razavi,2025-12-18,4,25,21
4820,kashmar,khorasan_razavi,2025-12-19,1,8,7
4820,kashmar,khorasan_razavi,2025-12-20,2,12,10
4820,kashmar,khorasan_razavi,2025-12-21,0,6,6
1307,kelachay,mazandaran,2025-11-22,1,1,0
1307,kelachay,mazandaran,2025-11-23,0,0,0
1307,kelachay,mazandaran,2025-11-24,0,0,0
1307,kelachay,mazandaran,2025-11-25,0,0,0
1307,kelachay,mazandaran,2025-11-26,0,0,0
1307,kelachay,mazandaran,2025-11-27,0,0,0
1307,kelachay,mazandaran,2025-11-28,0,0,0
1307,kelachay,mazandaran,2025-11-29,0,0,0
1307,kelachay,mazandaran,2025-11-30,0,0,0
1307,kelachay,mazandaran,2025-12-01,0,0,0
1307,kelachay,mazandaran,2025-12-02,0,0,0
1307,kelachay,mazandaran,2025-12-03,0,0,0
1307,kelachay,mazandaran,2025-12-04,0,0,0
1307,kelachay,mazandaran,2025-12-05,0,0,0
1307,kelachay,mazandaran,2025-12-06,0,0,0
1307,kelachay,mazandaran,2025-12-07,0,0,0
1307,kelachay,mazandaran,2025-12-08,0,0,0
1307,kelachay,mazandaran,2025-12-09,0,0,0
1307,kelachay,mazandaran,2025-12-10,0,0,0
1307,kelachay,mazandaran,2025-12-11,0,1,1
1307,kelachay,mazandaran,2025-12-12,0,0,0
1307,kelachay,mazandaran,2025-12-13,0,0,0
1307,kelachay,mazandaran,2025-12-14,0,0,0
1307,kelachay,mazandaran,2025-12-15,0,0,0
1307,kelachay,mazandaran,2025-12-16,0,0,0
1307,kelachay,mazandaran,2025-12-17,0,0,0
1307,kelachay,mazandaran,2025-12-18,0,1,1
1307,kelachay,mazandaran,2025-12-19,0,0,0
1307,kelachay,mazandaran,2025-12-20,0,0,0
1307,kelachay,mazandaran,2025-12-21,0,0,0
1496,kelarabad,mazandaran,2025-11-22,138,165,27
1496,kelarabad,mazandaran,2025-11-23,71,113,42
1496,kelarabad,mazandaran,2025-11-24,88,140,52
1496,kelarabad,mazandaran,2025-11-25,89,159,70
1496,kelarabad,mazandaran,2025-11-26,101,231,130
1496,kelarabad,mazandaran,2025-11-27,83,265,182
1496,kelarabad,mazandaran,2025-11-28,43,118,75
1496,kelarabad,mazandaran,2025-11-29,75,146,71
1496,kelarabad,mazandaran,2025-11-30,67,151,84
1496,kelarabad,mazandaran,2025-12-01,44,145,101
1496,kelarabad,mazandaran,2025-12-02,30,123,93
1496,kelarabad,mazandaran,2025-12-03,35,176,141
1496,kelarabad,mazandaran,2025-12-04,24,305,281
1496,kelarabad,mazandaran,2025-12-05,8,94,86
1496,kelarabad,mazandaran,2025-12-06,3,86,83
1496,kelarabad,mazandaran,2025-12-07,15,84,69
1496,kelarabad,mazandaran,2025-12-08,12,88,76
1496,kelarabad,mazandaran,2025-12-09,7,100,93
1496,kelarabad,mazandaran,2025-12-10,6,128,122
1496,kelarabad,mazandaran,2025-12-11,9,281,272
1496,kelarabad,mazandaran,2025-12-12,3,86,83
1496,kelarabad,mazandaran,2025-12-13,6,82,76
1496,kelarabad,mazandaran,2025-12-14,7,73,66
1496,kelarabad,mazandaran,2025-12-15,4,90,86
1496,kelarabad,mazandaran,2025-12-16,6,103,97
1496,kelarabad,mazandaran,2025-12-17,5,132,127
1496,kelarabad,mazandaran,2025-12-18,5,167,162
1496,kelarabad,mazandaran,2025-12-19,3,89,86
1496,kelarabad,mazandaran,2025-12-20,3,75,72
1496,kelarabad,mazandaran,2025-12-21,1,58,57
5640,kelardasht,mazandaran,2025-11-22,1605,1811,206
5640,kelardasht,mazandaran,2025-11-23,1395,1775,380
5640,kelardasht,mazandaran,2025-11-24,891,1281,390
5640,kelardasht,mazandaran,2025-11-25,763,1236,473
5640,kelardasht,mazandaran,2025-11-26,828,1889,1061
5640,kelardasht,mazandaran,2025-11-27,977,2988,2011
5640,kelardasht,mazandaran,2025-11-28,353,1048,695
5640,kelardasht,mazandaran,2025-11-29,401,991,590
5640,kelardasht,mazandaran,2025-11-30,362,1082,720
5640,kelardasht,mazandaran,2025-12-01,339,1281,942
5640,kelardasht,mazandaran,2025-12-02,286,1139,853
5640,kelardasht,mazandaran,2025-12-03,401,1658,1257
5640,kelardasht,mazandaran,2025-12-04,452,3627,3175
5640,kelardasht,mazandaran,2025-12-05,197,1263,1066
5640,kelardasht,mazandaran,2025-12-06,237,1149,912
5640,kelardasht,mazandaran,2025-12-07,214,1097,883
5640,kelardasht,mazandaran,2025-12-08,204,1108,904
5640,kelardasht,mazandaran,2025-12-09,205,1162,957
5640,kelardasht,mazandaran,2025-12-10,205,1650,1445
5640,kelardasht,mazandaran,2025-12-11,224,3353,3129
5640,kelardasht,mazandaran,2025-12-12,120,1283,1163
5640,kelardasht,mazandaran,2025-12-13,81,840,759
5640,kelardasht,mazandaran,2025-12-14,73,815,742
5640,kelardasht,mazandaran,2025-12-15,76,782,706
5640,kelardasht,mazandaran,2025-12-16,82,837,755
5640,kelardasht,mazandaran,2025-12-17,119,1509,1390
5640,kelardasht,mazandaran,2025-12-18,121,2497,2376
5640,kelardasht,mazandaran,2025-12-19,38,945,907
5640,kelardasht,mazandaran,2025-12-20,31,650,619
5640,kelardasht,mazandaran,2025-12-21,35,546,511
9581,ketalem,mazandaran,2025-11-22,45,50,5
9581,ketalem,mazandaran,2025-11-23,23,31,8
9581,ketalem,mazandaran,2025-11-24,22,32,10
9581,ketalem,mazandaran,2025-11-25,32,50,18
9581,ketalem,mazandaran,2025-11-26,30,56,26
9581,ketalem,mazandaran,2025-11-27,38,77,39
9581,ketalem,mazandaran,2025-11-28,23,42,19
9581,ketalem,mazandaran,2025-11-29,26,45,19
9581,ketalem,mazandaran,2025-11-30,11,25,14
9581,ketalem,mazandaran,2025-12-01,14,34,20
9581,ketalem,mazandaran,2025-12-02,11,30,19
9581,ketalem,mazandaran,2025-12-03,12,37,25
9581,ketalem,mazandaran,2025-12-04,10,51,41
9581,ketalem,mazandaran,2025-12-05,14,34,20
9581,ketalem,mazandaran,2025-12-06,2,23,21
9581,ketalem,mazandaran,2025-12-07,0,21,21
9581,ketalem,mazandaran,2025-12-08,0,22,22
9581,ketalem,mazandaran,2025-12-09,0,23,23
9581,ketalem,mazandaran,2025-12-10,1,30,29
9581,ketalem,mazandaran,2025-12-11,3,49,46
9581,ketalem,mazandaran,2025-12-12,3,20,17
9581,ketalem,mazandaran,2025-12-13,2,21,19
9581,ketalem,mazandaran,2025-12-14,2,21,19
9581,ketalem,mazandaran,2025-12-15,7,27,20
9581,ketalem,mazandaran,2025-12-16,6,28,22
9581,ketalem,mazandaran,2025-12-17,0,26,26
9581,ketalem,mazandaran,2025-12-18,0,31,31
9581,ketalem,mazandaran,2025-12-19,0,20,20
9581,ketalem,mazandaran,2025-12-20,0,20,20
9581,ketalem,mazandaran,2025-12-21,0,18,18
6081,khaf,khorasan_razavi,2025-11-22,1,1,0
6081,khaf,khorasan_razavi,2025-11-23,0,0,0
6081,khaf,khorasan_razavi,2025-11-24,4,4,0
6081,khaf,khorasan_razavi,2025-11-25,1,1,0
6081,khaf,khorasan_razavi,2025-11-26,1,2,1
6081,khaf,khorasan_razavi,2025-11-27,1,2,1
6081,khaf,khorasan_razavi,2025-11-28,0,1,1
6081,khaf,khorasan_razavi,2025-11-29,0,1,1
6081,khaf,khorasan_razavi,2025-11-30,0,2,2
6081,khaf,khorasan_razavi,2025-12-01,2,5,3
6081,khaf,khorasan_razavi,2025-12-02,0,3,3
6081,khaf,khorasan_razavi,2025-12-03,0,3,3
6081,khaf,khorasan_razavi,2025-12-04,0,4,4
6081,khaf,khorasan_razavi,2025-12-05,0,2,2
6081,khaf,khorasan_razavi,2025-12-06,0,4,4
6081,khaf,khorasan_razavi,2025-12-07,0,3,3
6081,khaf,khorasan_razavi,2025-12-08,0,3,3
6081,khaf,khorasan_razavi,2025-12-09,0,4,4
6081,khaf,khorasan_razavi,2025-12-10,1,5,4
6081,khaf,khorasan_razavi,2025-12-11,1,7,6
6081,khaf,khorasan_razavi,2025-12-12,1,4,3
6081,khaf,khorasan_razavi,2025-12-13,1,5,4
6081,khaf,khorasan_razavi,2025-12-14,0,3,3
6081,khaf,khorasan_razavi,2025-12-15,0,4,4
6081,khaf,khorasan_razavi,2025-12-16,0,4,4
6081,khaf,khorasan_razavi,2025-12-17,0,4,4
6081,khaf,khorasan_razavi,2025-12-18,0,4,4
6081,khaf,khorasan_razavi,2025-12-19,0,4,4
6081,khaf,khorasan_razavi,2025-12-20,0,4,4
6081,khaf,khorasan_razavi,2025-12-21,0,3,3
8957,khaledabad,isfahan,2025-11-22,0,0,0
8957,khaledabad,isfahan,2025-11-23,0,0,0
8957,khaledabad,isfahan,2025-11-24,0,0,0
8957,khaledabad,isfahan,2025-11-25,0,0,0
8957,khaledabad,isfahan,2025-11-26,0,0,0
8957,khaledabad,isfahan,2025-11-27,0,0,0
8957,khaledabad,isfahan,2025-11-28,0,0,0
8957,khaledabad,isfahan,2025-11-29,0,0,0
8957,khaledabad,isfahan,2025-11-30,0,0,0
8957,khaledabad,isfahan,2025-12-01,0,0,0
8957,khaledabad,isfahan,2025-12-02,0,0,0
8957,khaledabad,isfahan,2025-12-03,0,0,0
8957,khaledabad,isfahan,2025-12-04,0,0,0
8957,khaledabad,isfahan,2025-12-05,0,0,0
8957,khaledabad,isfahan,2025-12-06,0,0,0
8957,khaledabad,isfahan,2025-12-07,0,0,0
8957,khaledabad,isfahan,2025-12-08,0,0,0
8957,khaledabad,isfahan,2025-12-09,0,0,0
8957,khaledabad,isfahan,2025-12-10,0,0,0
8957,khaledabad,isfahan,2025-12-11,0,0,0
8957,khaledabad,isfahan,2025-12-12,0,0,0
8957,khaledabad,isfahan,2025-12-13,0,0,0
8957,khaledabad,isfahan,2025-12-14,0,0,0
8957,khaledabad,isfahan,2025-12-15,0,0,0
8957,khaledabad,isfahan,2025-12-16,0,0,0
8957,khaledabad,isfahan,2025-12-17,0,0,0
8957,khaledabad,isfahan,2025-12-18,0,0,0
8957,khaledabad,isfahan,2025-12-19,0,0,0
8957,khaledabad,isfahan,2025-12-20,0,0,0
8957,khaledabad,isfahan,2025-12-21,0,0,0
2363,khalilshahr,mazandaran,2025-11-22,6,7,1
2363,khalilshahr,mazandaran,2025-11-23,11,14,3
2363,khalilshahr,mazandaran,2025-11-24,4,8,4
2363,khalilshahr,mazandaran,2025-11-25,9,14,5
2363,khalilshahr,mazandaran,2025-11-26,5,12,7
2363,khalilshahr,mazandaran,2025-11-27,8,32,24
2363,khalilshahr,mazandaran,2025-11-28,2,6,4
2363,khalilshahr,mazandaran,2025-11-29,7,11,4
2363,khalilshahr,mazandaran,2025-11-30,7,12,5
2363,khalilshahr,mazandaran,2025-12-01,7,13,6
2363,khalilshahr,mazandaran,2025-12-02,8,16,8
2363,khalilshahr,mazandaran,2025-12-03,8,21,13
2363,khalilshahr,mazandaran,2025-12-04,15,59,44
2363,khalilshahr,mazandaran,2025-12-05,2,8,6
2363,khalilshahr,mazandaran,2025-12-06,2,10,8
2363,khalilshahr,mazandaran,2025-12-07,0,6,6
2363,khalilshahr,mazandaran,2025-12-08,0,6,6
2363,khalilshahr,mazandaran,2025-12-09,0,6,6
2363,khalilshahr,mazandaran,2025-12-10,0,9,9
2363,khalilshahr,mazandaran,2025-12-11,5,51,46
2363,khalilshahr,mazandaran,2025-12-12,0,6,6
2363,khalilshahr,mazandaran,2025-12-13,0,5,5
2363,khalilshahr,mazandaran,2025-12-14,0,5,5
2363,khalilshahr,mazandaran,2025-12-15,0,5,5
2363,khalilshahr,mazandaran,2025-12-16,0,6,6
2363,khalilshahr,mazandaran,2025-12-17,0,9,9
2363,khalilshahr,mazandaran,2025-12-18,6,34,28
2363,khalilshahr,mazandaran,2025-12-19,0,7,7
2363,khalilshahr,mazandaran,2025-12-20,0,5,5
2363,khalilshahr,mazandaran,2025-12-21,0,4,4
9220,khamir,hormozgan,2025-11-22,6,8,2
9220,khamir,hormozgan,2025-11-23,9,14,5
9220,khamir,hormozgan,2025-11-24,6,13,7
9220,khamir,hormozgan,2025-11-25,4,11,7
9220,khamir,hormozgan,2025-11-26,2,9,7
9220,khamir,hormozgan,2025-11-27,2,13,11
9220,khamir,hormozgan,2025-11-28,3,7,4
9220,khamir,hormozgan,2025-11-29,1,4,3
9220,khamir,hormozgan,2025-11-30,1,6,5
9220,khamir,hormozgan,2025-12-01,1,10,9
9220,khamir,hormozgan,2025-12-02,1,12,11
9220,khamir,hormozgan,2025-12-03,1,14,13
9220,khamir,hormozgan,2025-12-04,1,26,25
9220,khamir,hormozgan,2025-12-05,0,10,10
9220,khamir,hormozgan,2025-12-06,0,12,12
9220,khamir,hormozgan,2025-12-07,1,14,13
9220,khamir,hormozgan,2025-12-08,1,14,13
9220,khamir,hormozgan,2025-12-09,2,15,13
9220,khamir,hormozgan,2025-12-10,1,16,15
9220,khamir,hormozgan,2025-12-11,0,24,24
9220,khamir,hormozgan,2025-12-12,0,10,10
9220,khamir,hormozgan,2025-12-13,0,10,10
9220,khamir,hormozgan,2025-12-14,0,10,10
9220,khamir,hormozgan,2025-12-15,0,16,16
9220,khamir,hormozgan,2025-12-16,0,22,22
9220,khamir,hormozgan,2025-12-17,0,20,20
9220,khamir,hormozgan,2025-12-18,0,25,25
9220,khamir,hormozgan,2025-12-19,0,10,10
9220,khamir,hormozgan,2025-12-20,0,10,10
9220,khamir,hormozgan,2025-12-21,0,6,6
4078,kharv,khorasan_razavi,2025-11-22,0,0,0
4078,kharv,khorasan_razavi,2025-11-23,0,0,0
4078,kharv,khorasan_razavi,2025-11-24,0,0,0
4078,kharv,khorasan_razavi,2025-11-25,0,0,0
4078,kharv,khorasan_razavi,2025-11-26,0,0,0
4078,kharv,khorasan_razavi,2025-11-27,0,0,0
4078,kharv,khorasan_razavi,2025-11-28,0,0,0
4078,kharv,khorasan_razavi,2025-11-29,0,0,0
4078,kharv,khorasan_razavi,2025-11-30,0,0,0
4078,kharv,khorasan_razavi,2025-12-01,0,0,0
4078,kharv,khorasan_razavi,2025-12-02,0,0,0
4078,kharv,khorasan_razavi,2025-12-03,0,0,0
4078,kharv,khorasan_razavi,2025-12-04,0,0,0
4078,kharv,khorasan_razavi,2025-12-05,0,0,0
4078,kharv,khorasan_razavi,2025-12-06,0,0,0
4078,kharv,khorasan_razavi,2025-12-07,0,0,0
4078,kharv,khorasan_razavi,2025-12-08,0,0,0
4078,kharv,khorasan_razavi,2025-12-09,0,0,0
4078,kharv,khorasan_razavi,2025-12-10,0,0,0
4078,kharv,khorasan_razavi,2025-12-11,0,0,0
4078,kharv,khorasan_razavi,2025-12-12,0,0,0
4078,kharv,khorasan_razavi,2025-12-13,0,0,0
4078,kharv,khorasan_razavi,2025-12-14,0,0,0
4078,kharv,khorasan_razavi,2025-12-15,0,0,0
4078,kharv,khorasan_razavi,2025-12-16,0,0,0
4078,kharv,khorasan_razavi,2025-12-17,0,0,0
4078,kharv,khorasan_razavi,2025-12-18,0,0,0
4078,kharv,khorasan_razavi,2025-12-19,0,0,0
4078,kharv,khorasan_razavi,2025-12-20,0,0,0
4078,kharv,khorasan_razavi,2025-12-21,0,0,0
8840,khezer_shahr,mazandaran,2025-11-22,105,113,8
8840,khezer_shahr,mazandaran,2025-11-23,99,118,19
8840,khezer_shahr,mazandaran,2025-11-24,78,100,22
8840,khezer_shahr,mazandaran,2025-11-25,74,102,28
8840,khezer_shahr,mazandaran,2025-11-26,76,125,49
8840,khezer_shahr,mazandaran,2025-11-27,63,130,67
8840,khezer_shahr,mazandaran,2025-11-28,30,62,32
8840,khezer_shahr,mazandaran,2025-11-29,24,58,34
8840,khezer_shahr,mazandaran,2025-11-30,23,60,37
8840,khezer_shahr,mazandaran,2025-12-01,15,73,58
8840,khezer_shahr,mazandaran,2025-12-02,15,73,58
8840,khezer_shahr,mazandaran,2025-12-03,18,89,71
8840,khezer_shahr,mazandaran,2025-12-04,19,131,112
8840,khezer_shahr,mazandaran,2025-12-05,10,51,41
8840,khezer_shahr,mazandaran,2025-12-06,13,66,53
8840,khezer_shahr,mazandaran,2025-12-07,17,68,51
8840,khezer_shahr,mazandaran,2025-12-08,18,69,51
8840,khezer_shahr,mazandaran,2025-12-09,20,70,50
8840,khezer_shahr,mazandaran,2025-12-10,16,86,70
8840,khezer_shahr,mazandaran,2025-12-11,11,134,123
8840,khezer_shahr,mazandaran,2025-12-12,5,58,53
8840,khezer_shahr,mazandaran,2025-12-13,9,66,57
8840,khezer_shahr,mazandaran,2025-12-14,10,60,50
8840,khezer_shahr,mazandaran,2025-12-15,10,63,53
8840,khezer_shahr,mazandaran,2025-12-16,10,69,59
8840,khezer_shahr,mazandaran,2025-12-17,6,89,83
8840,khezer_shahr,mazandaran,2025-12-18,12,115,103
8840,khezer_shahr,mazandaran,2025-12-19,4,60,56
8840,khezer_shahr,mazandaran,2025-12-20,5,64,59
8840,khezer_shahr,mazandaran,2025-12-21,0,47,47
3124,khomam,gilan,2025-11-22,465,521,56
3124,khomam,gilan,2025-11-23,366,462,96
3124,khomam,gilan,2025-11-24,206,319,113
3124,khomam,gilan,2025-11-25,219,355,136
3124,khomam,gilan,2025-11-26,252,477,225
3124,khomam,gilan,2025-11-27,210,524,314
3124,khomam,gilan,2025-11-28,84,221,137
3124,khomam,gilan,2025-11-29,61,160,99
3124,khomam,gilan,2025-11-30,58,161,103
3124,khomam,gilan,2025-12-01,71,211,140
3124,khomam,gilan,2025-12-02,94,266,172
3124,khomam,gilan,2025-12-03,102,347,245
3124,khomam,gilan,2025-12-04,112,608,496
3124,khomam,gilan,2025-12-05,50,231,181
3124,khomam,gilan,2025-12-06,43,209,166
3124,khomam,gilan,2025-12-07,23,150,127
3124,khomam,gilan,2025-12-08,24,163,139
3124,khomam,gilan,2025-12-09,24,179,155
3124,khomam,gilan,2025-12-10,22,244,222
3124,khomam,gilan,2025-12-11,27,498,471
3124,khomam,gilan,2025-12-12,10,167,157
3124,khomam,gilan,2025-12-13,10,143,133
3124,khomam,gilan,2025-12-14,20,134,114
3124,khomam,gilan,2025-12-15,20,150,130
3124,khomam,gilan,2025-12-16,21,180,159
3124,khomam,gilan,2025-12-17,28,243,215
3124,khomam,gilan,2025-12-18,35,391,356
3124,khomam,gilan,2025-12-19,5,167,162
3124,khomam,gilan,2025-12-20,10,149,139
3124,khomam,gilan,2025-12-21,13,88,75
5265,khomeinishahr,isfahan,2025-11-22,21,23,2
5265,khomeinishahr,isfahan,2025-11-23,14,18,4
5265,khomeinishahr,isfahan,2025-11-24,13,18,5
5265,khomeinishahr,isfahan,2025-11-25,12,19,7
5265,khomeinishahr,isfahan,2025-11-26,16,24,8
5265,khomeinishahr,isfahan,2025-11-27,11,20,9
5265,khomeinishahr,isfahan,2025-11-28,5,12,7
5265,khomeinishahr,isfahan,2025-11-29,4,12,8
5265,khomeinishahr,isfahan,2025-11-30,5,14,9
5265,khomeinishahr,isfahan,2025-12-01,5,17,12
5265,khomeinishahr,isfahan,2025-12-02,6,17,11
5265,khomeinishahr,isfahan,2025-12-03,4,17,13
5265,khomeinishahr,isfahan,2025-12-04,2,20,18
5265,khomeinishahr,isfahan,2025-12-05,2,13,11
5265,khomeinishahr,isfahan,2025-12-06,2,15,13
5265,khomeinishahr,isfahan,2025-12-07,2,14,12
5265,khomeinishahr,isfahan,2025-12-08,3,15,12
5265,khomeinishahr,isfahan,2025-12-09,4,18,14
5265,khomeinishahr,isfahan,2025-12-10,2,16,14
5265,khomeinishahr,isfahan,2025-12-11,3,24,21
5265,khomeinishahr,isfahan,2025-12-12,3,13,10
5265,khomeinishahr,isfahan,2025-12-13,3,16,13
5265,khomeinishahr,isfahan,2025-12-14,4,18,14
5265,khomeinishahr,isfahan,2025-12-15,4,19,15
5265,khomeinishahr,isfahan,2025-12-16,4,21,17
5265,khomeinishahr,isfahan,2025-12-17,3,21,18
5265,khomeinishahr,isfahan,2025-12-18,4,25,21
5265,khomeinishahr,isfahan,2025-12-19,3,15,12
5265,khomeinishahr,isfahan,2025-12-20,3,18,15
5265,khomeinishahr,isfahan,2025-12-21,1,13,12
8930,khoorasgan,isfahan,2025-11-22,0,0,0
8930,khoorasgan,isfahan,2025-11-23,0,0,0
8930,khoorasgan,isfahan,2025-11-24,0,0,0
8930,khoorasgan,isfahan,2025-11-25,0,0,0
8930,khoorasgan,isfahan,2025-11-26,0,0,0
8930,khoorasgan,isfahan,2025-11-27,0,0,0
8930,khoorasgan,isfahan,2025-11-28,0,0,0
8930,khoorasgan,isfahan,2025-11-29,0,0,0
8930,khoorasgan,isfahan,2025-11-30,0,0,0
8930,khoorasgan,isfahan,2025-12-01,0,0,0
8930,khoorasgan,isfahan,2025-12-02,0,0,0
8930,khoorasgan,isfahan,2025-12-03,0,0,0
8930,khoorasgan,isfahan,2025-12-04,0,0,0
8930,khoorasgan,isfahan,2025-12-05,0,0,0
8930,khoorasgan,isfahan,2025-12-06,0,0,0
8930,khoorasgan,isfahan,2025-12-07,0,0,0
8930,khoorasgan,isfahan,2025-12-08,0,0,0
8930,khoorasgan,isfahan,2025-12-09,0,0,0
8930,khoorasgan,isfahan,2025-12-10,0,0,0
8930,khoorasgan,isfahan,2025-12-11,0,0,0
8930,khoorasgan,isfahan,2025-12-12,0,0,0
8930,khoorasgan,isfahan,2025-12-13,0,0,0
8930,khoorasgan,isfahan,2025-12-14,0,0,0
8930,khoorasgan,isfahan,2025-12-15,0,0,0
8930,khoorasgan,isfahan,2025-12-16,0,0,0
8930,khoorasgan,isfahan,2025-12-17,0,0,0
8930,khoorasgan,isfahan,2025-12-18,0,0,0
8930,khoorasgan,isfahan,2025-12-19,0,0,0
8930,khoorasgan,isfahan,2025-12-20,0,0,0
8930,khoorasgan,isfahan,2025-12-21,0,0,0
5936,khoramabad,mazandaran,2025-11-22,15,18,3
5936,khoramabad,mazandaran,2025-11-23,14,20,6
5936,khoramabad,mazandaran,2025-11-24,5,10,5
5936,khoramabad,mazandaran,2025-11-25,0,4,4
5936,khoramabad,mazandaran,2025-11-26,2,13,11
5936,khoramabad,mazandaran,2025-11-27,1,12,11
5936,khoramabad,mazandaran,2025-11-28,15,32,17
5936,khoramabad,mazandaran,2025-11-29,4,14,10
5936,khoramabad,mazandaran,2025-11-30,4,16,12
5936,khoramabad,mazandaran,2025-12-01,4,20,16
5936,khoramabad,mazandaran,2025-12-02,4,21,17
5936,khoramabad,mazandaran,2025-12-03,0,13,13
5936,khoramabad,mazandaran,2025-12-04,1,27,26
5936,khoramabad,mazandaran,2025-12-05,0,11,11
5936,khoramabad,mazandaran,2025-12-06,2,16,14
5936,khoramabad,mazandaran,2025-12-07,0,13,13
5936,khoramabad,mazandaran,2025-12-08,0,13,13
5936,khoramabad,mazandaran,2025-12-09,0,15,15
5936,khoramabad,mazandaran,2025-12-10,0,23,23
5936,khoramabad,mazandaran,2025-12-11,0,49,49
5936,khoramabad,mazandaran,2025-12-12,0,14,14
5936,khoramabad,mazandaran,2025-12-13,0,11,11
5936,khoramabad,mazandaran,2025-12-14,0,10,10
5936,khoramabad,mazandaran,2025-12-15,0,12,12
5936,khoramabad,mazandaran,2025-12-16,0,14,14
5936,khoramabad,mazandaran,2025-12-17,0,23,23
5936,khoramabad,mazandaran,2025-12-18,0,38,38
5936,khoramabad,mazandaran,2025-12-19,0,17,17
5936,khoramabad,mazandaran,2025-12-20,0,12,12
5936,khoramabad,mazandaran,2025-12-21,0,10,10
7888,khorzough,isfahan,2025-11-22,0,0,0
7888,khorzough,isfahan,2025-11-23,0,0,0
7888,khorzough,isfahan,2025-11-24,0,0,0
7888,khorzough,isfahan,2025-11-25,0,0,0
7888,khorzough,isfahan,2025-11-26,0,0,0
7888,khorzough,isfahan,2025-11-27,0,0,0
7888,khorzough,isfahan,2025-11-28,0,0,0
7888,khorzough,isfahan,2025-11-29,0,0,0
7888,khorzough,isfahan,2025-11-30,0,0,0
7888,khorzough,isfahan,2025-12-01,0,0,0
7888,khorzough,isfahan,2025-12-02,0,0,0
7888,khorzough,isfahan,2025-12-03,0,0,0
7888,khorzough,isfahan,2025-12-04,0,0,0
7888,khorzough,isfahan,2025-12-05,0,0,0
7888,khorzough,isfahan,2025-12-06,0,0,0
7888,khorzough,isfahan,2025-12-07,0,0,0
7888,khorzough,isfahan,2025-12-08,0,0,0
7888,khorzough,isfahan,2025-12-09,0,0,0
7888,khorzough,isfahan,2025-12-10,0,0,0
7888,khorzough,isfahan,2025-12-11,0,0,0
7888,khorzough,isfahan,2025-12-12,0,0,0
7888,khorzough,isfahan,2025-12-13,0,0,0
7888,khorzough,isfahan,2025-12-14,0,0,0
7888,khorzough,isfahan,2025-12-15,0,0,0
7888,khorzough,isfahan,2025-12-16,0,0,0
7888,khorzough,isfahan,2025-12-17,0,0,0
7888,khorzough,isfahan,2025-12-18,0,0,0
7888,khorzough,isfahan,2025-12-19,0,0,0
7888,khorzough,isfahan,2025-12-20,0,0,0
7888,khorzough,isfahan,2025-12-21,0,0,0
8216,khoshke_bijar,gilan,2025-11-22,7,9,2
8216,khoshke_bijar,gilan,2025-11-23,10,14,4
8216,khoshke_bijar,gilan,2025-11-24,17,23,6
8216,khoshke_bijar,gilan,2025-11-25,8,17,9
8216,khoshke_bijar,gilan,2025-11-26,4,17,13
8216,khoshke_bijar,gilan,2025-11-27,7,28,21
8216,khoshke_bijar,gilan,2025-11-28,11,18,7
8216,khoshke_bijar,gilan,2025-11-29,11,17,6
8216,khoshke_bijar,gilan,2025-11-30,5,10,5
8216,khoshke_bijar,gilan,2025-12-01,3,14,11
8216,khoshke_bijar,gilan,2025-12-02,2,17,15
8216,khoshke_bijar,gilan,2025-12-03,1,21,20
8216,khoshke_bijar,gilan,2025-12-04,3,35,32
8216,khoshke_bijar,gilan,2025-12-05,3,12,9
8216,khoshke_bijar,gilan,2025-12-06,3,13,10
8216,khoshke_bijar,gilan,2025-12-07,1,10,9
8216,khoshke_bijar,gilan,2025-12-08,1,11,10
8216,khoshke_bijar,gilan,2025-12-09,1,13,12
8216,khoshke_bijar,gilan,2025-12-10,1,23,22
8216,khoshke_bijar,gilan,2025-12-11,3,49,46
8216,khoshke_bijar,gilan,2025-12-12,1,13,12
8216,khoshke_bijar,gilan,2025-12-13,1,12,11
8216,khoshke_bijar,gilan,2025-12-14,1,11,10
8216,khoshke_bijar,gilan,2025-12-15,1,13,12
8216,khoshke_bijar,gilan,2025-12-16,0,14,14
8216,khoshke_bijar,gilan,2025-12-17,0,20,20
8216,khoshke_bijar,gilan,2025-12-18,1,31,30
8216,khoshke_bijar,gilan,2025-12-19,0,13,13
8216,khoshke_bijar,gilan,2025-12-20,0,11,11
8216,khoshke_bijar,gilan,2025-12-21,5,12,7
6728,khoshrodpey,mazandaran,2025-11-22,0,0,0
6728,khoshrodpey,mazandaran,2025-11-23,0,0,0
6728,khoshrodpey,mazandaran,2025-11-24,0,0,0
6728,khoshrodpey,mazandaran,2025-11-25,0,0,0
6728,khoshrodpey,mazandaran,2025-11-26,1,1,0
6728,khoshrodpey,mazandaran,2025-11-27,1,1,0
6728,khoshrodpey,mazandaran,2025-11-28,1,1,0
6728,khoshrodpey,mazandaran,2025-11-29,1,1,0
6728,khoshrodpey,mazandaran,2025-11-30,1,1,0
6728,khoshrodpey,mazandaran,2025-12-01,1,1,0
6728,khoshrodpey,mazandaran,2025-12-02,1,1,0
6728,khoshrodpey,mazandaran,2025-12-03,0,0,0
6728,khoshrodpey,mazandaran,2025-12-04,0,0,0
6728,khoshrodpey,mazandaran,2025-12-05,0,0,0
6728,khoshrodpey,mazandaran,2025-12-06,0,0,0
6728,khoshrodpey,mazandaran,2025-12-07,0,0,0
6728,khoshrodpey,mazandaran,2025-12-08,0,0,0
6728,khoshrodpey,mazandaran,2025-12-09,0,0,0
6728,khoshrodpey,mazandaran,2025-12-10,0,0,0
6728,khoshrodpey,mazandaran,2025-12-11,0,0,0
6728,khoshrodpey,mazandaran,2025-12-12,0,0,0
6728,khoshrodpey,mazandaran,2025-12-13,0,0,0
6728,khoshrodpey,mazandaran,2025-12-14,0,0,0
6728,khoshrodpey,mazandaran,2025-12-15,0,0,0
6728,khoshrodpey,mazandaran,2025-12-16,0,0,0
6728,khoshrodpey,mazandaran,2025-12-17,0,0,0
6728,khoshrodpey,mazandaran,2025-12-18,0,0,0
6728,khoshrodpey,mazandaran,2025-12-19,0,0,0
6728,khoshrodpey,mazandaran,2025-12-20,0,0,0
6728,khoshrodpey,mazandaran,2025-12-21,0,0,0
1782,khur_and_biabanak,isfahan,2025-11-22,17,18,1
1782,khur_and_biabanak,isfahan,2025-11-23,8,9,1
1782,khur_and_biabanak,isfahan,2025-11-24,15,17,2
1782,khur_and_biabanak,isfahan,2025-11-25,15,18,3
1782,khur_and_biabanak,isfahan,2025-11-26,30,39,9
1782,khur_and_biabanak,isfahan,2025-11-27,27,41,14
1782,khur_and_biabanak,isfahan,2025-11-28,6,9,3
1782,khur_and_biabanak,isfahan,2025-11-29,0,2,2
1782,khur_and_biabanak,isfahan,2025-11-30,0,3,3
1782,khur_and_biabanak,isfahan,2025-12-01,0,3,3
1782,khur_and_biabanak,isfahan,2025-12-02,0,3,3
1782,khur_and_biabanak,isfahan,2025-12-03,0,4,4
1782,khur_and_biabanak,isfahan,2025-12-04,0,8,8
1782,khur_and_biabanak,isfahan,2025-12-05,0,3,3
1782,khur_and_biabanak,isfahan,2025-12-06,0,6,6
1782,khur_and_biabanak,isfahan,2025-12-07,0,6,6
1782,khur_and_biabanak,isfahan,2025-12-08,0,6,6
1782,khur_and_biabanak,isfahan,2025-12-09,0,6,6
1782,khur_and_biabanak,isfahan,2025-12-10,0,10,10
1782,khur_and_biabanak,isfahan,2025-12-11,0,21,21
1782,khur_and_biabanak,isfahan,2025-12-12,0,5,5
1782,khur_and_biabanak,isfahan,2025-12-13,0,6,6
1782,khur_and_biabanak,isfahan,2025-12-14,1,8,7
1782,khur_and_biabanak,isfahan,2025-12-15,1,8,7
1782,khur_and_biabanak,isfahan,2025-12-16,0,7,7
1782,khur_and_biabanak,isfahan,2025-12-17,0,12,12
1782,khur_and_biabanak,isfahan,2025-12-18,0,18,18
1782,khur_and_biabanak,isfahan,2025-12-19,0,6,6
1782,khur_and_biabanak,isfahan,2025-12-20,0,6,6
1782,khur_and_biabanak,isfahan,2025-12-21,0,6,6
6095,khvansar,isfahan,2025-11-22,186,196,10
6095,khvansar,isfahan,2025-11-23,235,274,39
6095,khvansar,isfahan,2025-11-24,111,137,26
6095,khvansar,isfahan,2025-11-25,98,134,36
6095,khvansar,isfahan,2025-11-26,122,206,84
6095,khvansar,isfahan,2025-11-27,210,515,305
6095,khvansar,isfahan,2025-11-28,26,58,32
6095,khvansar,isfahan,2025-11-29,24,54,30
6095,khvansar,isfahan,2025-11-30,17,46,29
6095,khvansar,isfahan,2025-12-01,20,59,39
6095,khvansar,isfahan,2025-12-02,24,72,48
6095,khvansar,isfahan,2025-12-03,37,122,85
6095,khvansar,isfahan,2025-12-04,33,278,245
6095,khvansar,isfahan,2025-12-05,14,66,52
6095,khvansar,isfahan,2025-12-06,25,105,80
6095,khvansar,isfahan,2025-12-07,23,104,81
6095,khvansar,isfahan,2025-12-08,19,89,70
6095,khvansar,isfahan,2025-12-09,16,88,72
6095,khvansar,isfahan,2025-12-10,28,160,132
6095,khvansar,isfahan,2025-12-11,24,370,346
6095,khvansar,isfahan,2025-12-12,8,76,68
6095,khvansar,isfahan,2025-12-13,9,77,68
6095,khvansar,isfahan,2025-12-14,8,74,66
6095,khvansar,isfahan,2025-12-15,9,81,72
6095,khvansar,isfahan,2025-12-16,24,124,100
6095,khvansar,isfahan,2025-12-17,23,175,152
6095,khvansar,isfahan,2025-12-18,24,346,322
6095,khvansar,isfahan,2025-12-19,8,69,61
6095,khvansar,isfahan,2025-12-20,16,103,87
6095,khvansar,isfahan,2025-12-21,4,53,49
1553,kiakala,mazandaran,2025-11-22,0,0,0
1553,kiakala,mazandaran,2025-11-23,0,0,0
1553,kiakala,mazandaran,2025-11-24,0,0,0
1553,kiakala,mazandaran,2025-11-25,0,0,0
1553,kiakala,mazandaran,2025-11-26,0,0,0
1553,kiakala,mazandaran,2025-11-27,0,0,0
1553,kiakala,mazandaran,2025-11-28,0,0,0
1553,kiakala,mazandaran,2025-11-29,0,0,0
1553,kiakala,mazandaran,2025-11-30,0,0,0
1553,kiakala,mazandaran,2025-12-01,0,0,0
1553,kiakala,mazandaran,2025-12-02,0,0,0
1553,kiakala,mazandaran,2025-12-03,0,0,0
1553,kiakala,mazandaran,2025-12-04,0,0,0
1553,kiakala,mazandaran,2025-12-05,0,0,0
1553,kiakala,mazandaran,2025-12-06,0,0,0
1553,kiakala,mazandaran,2025-12-07,0,0,0
1553,kiakala,mazandaran,2025-12-08,0,0,0
1553,kiakala,mazandaran,2025-12-09,0,0,0
1553,kiakala,mazandaran,2025-12-10,0,0,0
1553,kiakala,mazandaran,2025-12-11,0,0,0
1553,kiakala,mazandaran,2025-12-12,0,0,0
1553,kiakala,mazandaran,2025-12-13,0,0,0
1553,kiakala,mazandaran,2025-12-14,0,0,0
1553,kiakala,mazandaran,2025-12-15,0,0,0
1553,kiakala,mazandaran,2025-12-16,0,0,0
1553,kiakala,mazandaran,2025-12-17,0,0,0
1553,kiakala,mazandaran,2025-12-18,0,0,0
1553,kiakala,mazandaran,2025-12-19,0,0,0
1553,kiakala,mazandaran,2025-12-20,0,0,0
1553,kiakala,mazandaran,2025-12-21,0,0,0
1177,kiasar,mazandaran,2025-11-22,36,42,6
1177,kiasar,mazandaran,2025-11-23,44,60,16
1177,kiasar,mazandaran,2025-11-24,31,47,16
1177,kiasar,mazandaran,2025-11-25,27,46,19
1177,kiasar,mazandaran,2025-11-26,40,82,42
1177,kiasar,mazandaran,2025-11-27,38,135,97
1177,kiasar,mazandaran,2025-11-28,4,23,19
1177,kiasar,mazandaran,2025-11-29,1,10,9
1177,kiasar,mazandaran,2025-11-30,4,21,17
1177,kiasar,mazandaran,2025-12-01,6,23,17
1177,kiasar,mazandaran,2025-12-02,8,28,20
1177,kiasar,mazandaran,2025-12-03,7,45,38
1177,kiasar,mazandaran,2025-12-04,14,126,112
1177,kiasar,mazandaran,2025-12-05,2,24,22
1177,kiasar,mazandaran,2025-12-06,1,26,25
1177,kiasar,mazandaran,2025-12-07,1,22,21
1177,kiasar,mazandaran,2025-12-08,1,24,23
1177,kiasar,mazandaran,2025-12-09,2,28,26
1177,kiasar,mazandaran,2025-12-10,1,40,39
1177,kiasar,mazandaran,2025-12-11,1,103,102
1177,kiasar,mazandaran,2025-12-12,0,28,28
1177,kiasar,mazandaran,2025-12-13,0,23,23
1177,kiasar,mazandaran,2025-12-14,2,22,20
1177,kiasar,mazandaran,2025-12-15,2,24,22
1177,kiasar,mazandaran,2025-12-16,0,22,22
1177,kiasar,mazandaran,2025-12-17,3,43,40
1177,kiasar,mazandaran,2025-12-18,6,90,84
1177,kiasar,mazandaran,2025-12-19,2,35,33
1177,kiasar,mazandaran,2025-12-20,1,24,23
1177,kiasar,mazandaran,2025-12-21,1,19,18
8271,kiashahr,gilan,2025-11-22,110,133,23
8271,kiashahr,gilan,2025-11-23,87,126,39
8271,kiashahr,gilan,2025-11-24,87,139,52
8271,kiashahr,gilan,2025-11-25,98,160,62
8271,kiashahr,gilan,2025-11-26,111,244,133
8271,kiashahr,gilan,2025-11-27,95,274,179
8271,kiashahr,gilan,2025-11-28,24,75,51
8271,kiashahr,gilan,2025-11-29,28,69,41
8271,kiashahr,gilan,2025-11-30,17,58,41
8271,kiashahr,gilan,2025-12-01,16,78,62
8271,kiashahr,gilan,2025-12-02,21,113,92
8271,kiashahr,gilan,2025-12-03,16,153,137
8271,kiashahr,gilan,2025-12-04,17,230,213
8271,kiashahr,gilan,2025-12-05,10,86,76
8271,kiashahr,gilan,2025-12-06,17,82,65
8271,kiashahr,gilan,2025-12-07,13,68,55
8271,kiashahr,gilan,2025-12-08,11,73,62
8271,kiashahr,gilan,2025-12-09,22,101,79
8271,kiashahr,gilan,2025-12-10,24,139,115
8271,kiashahr,gilan,2025-12-11,17,261,244
8271,kiashahr,gilan,2025-12-12,5,77,72
8271,kiashahr,gilan,2025-12-13,5,72,67
8271,kiashahr,gilan,2025-12-14,5,63,58
8271,kiashahr,gilan,2025-12-15,11,75,64
8271,kiashahr,gilan,2025-12-16,6,99,93
8271,kiashahr,gilan,2025-12-17,5,116,111
8271,kiashahr,gilan,2025-12-18,6,175,169
8271,kiashahr,gilan,2025-12-19,2,80,78
8271,kiashahr,gilan,2025-12-20,3,74,71
8271,kiashahr,gilan,2025-12-21,1,54,53
1916,kilan,tehran,2025-11-22,8,8,0
1916,kilan,tehran,2025-11-23,5,7,2
1916,kilan,tehran,2025-11-24,4,6,2
1916,kilan,tehran,2025-11-25,4,7,3
1916,kilan,tehran,2025-11-26,5,10,5
1916,kilan,tehran,2025-11-27,9,23,14
1916,kilan,tehran,2025-11-28,3,6,3
1916,kilan,tehran,2025-11-29,2,5,3
1916,kilan,tehran,2025-11-30,2,6,4
1916,kilan,tehran,2025-12-01,2,7,5
1916,kilan,tehran,2025-12-02,2,8,6
1916,kilan,tehran,2025-12-03,4,13,9
1916,kilan,tehran,2025-12-04,3,24,21
1916,kilan,tehran,2025-12-05,1,7,6
1916,kilan,tehran,2025-12-06,3,10,7
1916,kilan,tehran,2025-12-07,3,10,7
1916,kilan,tehran,2025-12-08,5,14,9
1916,kilan,tehran,2025-12-09,2,9,7
1916,kilan,tehran,2025-12-10,1,10,9
1916,kilan,tehran,2025-12-11,1,24,23
1916,kilan,tehran,2025-12-12,1,8,7
1916,kilan,tehran,2025-12-13,2,8,6
1916,kilan,tehran,2025-12-14,2,8,6
1916,kilan,tehran,2025-12-15,2,9,7
1916,kilan,tehran,2025-12-16,2,9,7
1916,kilan,tehran,2025-12-17,2,11,9
1916,kilan,tehran,2025-12-18,2,22,20
1916,kilan,tehran,2025-12-19,1,9,8
1916,kilan,tehran,2025-12-20,1,8,7
1916,kilan,tehran,2025-12-21,0,4,4
2099,kish,hormozgan,2025-11-22,24987,25674,687
2099,kish,hormozgan,2025-11-23,23351,25041,1690
2099,kish,hormozgan,2025-11-24,22964,26181,3217
2099,kish,hormozgan,2025-11-25,22870,27218,4348
2099,kish,hormozgan,2025-11-26,21881,28335,6454
2099,kish,hormozgan,2025-11-27,18818,25683,6865
2099,kish,hormozgan,2025-11-28,9528,15224,5696
2099,kish,hormozgan,2025-11-29,9844,16703,6859
2099,kish,hormozgan,2025-11-30,9113,17600,8487
2099,kish,hormozgan,2025-12-01,10417,20617,10200
2099,kish,hormozgan,2025-12-02,14516,26846,12330
2099,kish,hormozgan,2025-12-03,20461,37229,16768
2099,kish,hormozgan,2025-12-04,21906,42864,20958
2099,kish,hormozgan,2025-12-05,17063,33366,16303
2099,kish,hormozgan,2025-12-06,10828,27627,16799
2099,kish,hormozgan,2025-12-07,7511,23401,15890
2099,kish,hormozgan,2025-12-08,7095,21990,14895
2099,kish,hormozgan,2025-12-09,6814,22258,15444
2099,kish,hormozgan,2025-12-10,6931,22481,15550
2099,kish,hormozgan,2025-12-11,6681,23031,16350
2099,kish,hormozgan,2025-12-12,4722,19341,14619
2099,kish,hormozgan,2025-12-13,4749,21651,16902
2099,kish,hormozgan,2025-12-14,4340,19184,14844
2099,kish,hormozgan,2025-12-15,4495,21797,17302
2099,kish,hormozgan,2025-12-16,5479,23321,17842
2099,kish,hormozgan,2025-12-17,5870,25139,19269
2099,kish,hormozgan,2025-12-18,6146,28525,22379
2099,kish,hormozgan,2025-12-19,4466,23101,18635
2099,kish,hormozgan,2025-12-20,3317,20258,16941
2099,kish,hormozgan,2025-12-21,1496,14417,12921
3109,kodkan,khorasan_razavi,2025-11-22,0,0,0
3109,kodkan,khorasan_razavi,2025-11-23,0,0,0
3109,kodkan,khorasan_razavi,2025-11-24,0,0,0
3109,kodkan,khorasan_razavi,2025-11-25,0,0,0
3109,kodkan,khorasan_razavi,2025-11-26,0,0,0
3109,kodkan,khorasan_razavi,2025-11-27,0,0,0
3109,kodkan,khorasan_razavi,2025-11-28,0,0,0
3109,kodkan,khorasan_razavi,2025-11-29,0,0,0
3109,kodkan,khorasan_razavi,2025-11-30,0,0,0
3109,kodkan,khorasan_razavi,2025-12-01,0,0,0
3109,kodkan,khorasan_razavi,2025-12-02,0,0,0
3109,kodkan,khorasan_razavi,2025-12-03,0,0,0
3109,kodkan,khorasan_razavi,2025-12-04,0,0,0
3109,kodkan,khorasan_razavi,2025-12-05,0,0,0
3109,kodkan,khorasan_razavi,2025-12-06,0,0,0
3109,kodkan,khorasan_razavi,2025-12-07,0,0,0
3109,kodkan,khorasan_razavi,2025-12-08,0,0,0
3109,kodkan,khorasan_razavi,2025-12-09,0,0,0
3109,kodkan,khorasan_razavi,2025-12-10,0,0,0
3109,kodkan,khorasan_razavi,2025-12-11,0,0,0
3109,kodkan,khorasan_razavi,2025-12-12,0,0,0
3109,kodkan,khorasan_razavi,2025-12-13,0,0,0
3109,kodkan,khorasan_razavi,2025-12-14,0,0,0
3109,kodkan,khorasan_razavi,2025-12-15,0,0,0
3109,kodkan,khorasan_razavi,2025-12-16,0,0,0
3109,kodkan,khorasan_razavi,2025-12-17,0,0,0
3109,kodkan,khorasan_razavi,2025-12-18,0,0,0
3109,kodkan,khorasan_razavi,2025-12-19,0,0,0
3109,kodkan,khorasan_razavi,2025-12-20,0,0,0
3109,kodkan,khorasan_razavi,2025-12-21,0,0,0
3578,kohikheyl,mazandaran,2025-11-22,0,0,0
3578,kohikheyl,mazandaran,2025-11-23,0,0,0
3578,kohikheyl,mazandaran,2025-11-24,0,0,0
3578,kohikheyl,mazandaran,2025-11-25,0,0,0
3578,kohikheyl,mazandaran,2025-11-26,0,0,0
3578,kohikheyl,mazandaran,2025-11-27,0,0,0
3578,kohikheyl,mazandaran,2025-11-28,0,0,0
3578,kohikheyl,mazandaran,2025-11-29,0,0,0
3578,kohikheyl,mazandaran,2025-11-30,0,0,0
3578,kohikheyl,mazandaran,2025-12-01,0,0,0
3578,kohikheyl,mazandaran,2025-12-02,0,0,0
3578,kohikheyl,mazandaran,2025-12-03,0,0,0
3578,kohikheyl,mazandaran,2025-12-04,0,0,0
3578,kohikheyl,mazandaran,2025-12-05,0,0,0
3578,kohikheyl,mazandaran,2025-12-06,0,0,0
3578,kohikheyl,mazandaran,2025-12-07,0,0,0
3578,kohikheyl,mazandaran,2025-12-08,0,0,0
3578,kohikheyl,mazandaran,2025-12-09,0,0,0
3578,kohikheyl,mazandaran,2025-12-10,0,0,0
3578,kohikheyl,mazandaran,2025-12-11,0,0,0
3578,kohikheyl,mazandaran,2025-12-12,0,0,0
3578,kohikheyl,mazandaran,2025-12-13,0,0,0
3578,kohikheyl,mazandaran,2025-12-14,0,0,0
3578,kohikheyl,mazandaran,2025-12-15,0,0,0
3578,kohikheyl,mazandaran,2025-12-16,0,0,0
3578,kohikheyl,mazandaran,2025-12-17,0,0,0
3578,kohikheyl,mazandaran,2025-12-18,0,0,0
3578,kohikheyl,mazandaran,2025-12-19,0,0,0
3578,kohikheyl,mazandaran,2025-12-20,0,0,0
3578,kohikheyl,mazandaran,2025-12-21,0,0,0
4684,komeshcheh,isfahan,2025-11-22,0,0,0
4684,komeshcheh,isfahan,2025-11-23,0,0,0
4684,komeshcheh,isfahan,2025-11-24,0,0,0
4684,komeshcheh,isfahan,2025-11-25,0,0,0
4684,komeshcheh,isfahan,2025-11-26,0,0,0
4684,komeshcheh,isfahan,2025-11-27,0,0,0
4684,komeshcheh,isfahan,2025-11-28,0,0,0
4684,komeshcheh,isfahan,2025-11-29,0,0,0
4684,komeshcheh,isfahan,2025-11-30,0,0,0
4684,komeshcheh,isfahan,2025-12-01,0,0,0
4684,komeshcheh,isfahan,2025-12-02,0,0,0
4684,komeshcheh,isfahan,2025-12-03,0,0,0
4684,komeshcheh,isfahan,2025-12-04,0,0,0
4684,komeshcheh,isfahan,2025-12-05,0,0,0
4684,komeshcheh,isfahan,2025-12-06,0,0,0
4684,komeshcheh,isfahan,2025-12-07,0,0,0
4684,komeshcheh,isfahan,2025-12-08,0,0,0
4684,komeshcheh,isfahan,2025-12-09,0,0,0
4684,komeshcheh,isfahan,2025-12-10,0,0,0
4684,komeshcheh,isfahan,2025-12-11,0,0,0
4684,komeshcheh,isfahan,2025-12-12,0,0,0
4684,komeshcheh,isfahan,2025-12-13,0,0,0
4684,komeshcheh,isfahan,2025-12-14,0,0,0
4684,komeshcheh,isfahan,2025-12-15,0,0,0
4684,komeshcheh,isfahan,2025-12-16,0,0,0
4684,komeshcheh,isfahan,2025-12-17,0,0,0
4684,komeshcheh,isfahan,2025-12-18,0,0,0
4684,komeshcheh,isfahan,2025-12-19,0,0,0
4684,komeshcheh,isfahan,2025-12-20,0,0,0
4684,komeshcheh,isfahan,2025-12-21,0,0,0
9767,kong,hormozgan,2025-11-22,0,0,0
9767,kong,hormozgan,2025-11-23,0,0,0
9767,kong,hormozgan,2025-11-24,0,0,0
9767,kong,hormozgan,2025-11-25,0,0,0
9767,kong,hormozgan,2025-11-26,0,0,0
9767,kong,hormozgan,2025-11-27,0,0,0
9767,kong,hormozgan,2025-11-28,0,0,0
9767,kong,hormozgan,2025-11-29,0,0,0
9767,kong,hormozgan,2025-11-30,0,0,0
9767,kong,hormozgan,2025-12-01,0,0,0
9767,kong,hormozgan,2025-12-02,0,0,0
9767,kong,hormozgan,2025-12-03,0,0,0
9767,kong,hormozgan,2025-12-04,0,0,0
9767,kong,hormozgan,2025-12-05,0,0,0
9767,kong,hormozgan,2025-12-06,0,0,0
9767,kong,hormozgan,2025-12-07,0,0,0
9767,kong,hormozgan,2025-12-08,0,0,0
9767,kong,hormozgan,2025-12-09,0,0,0
9767,kong,hormozgan,2025-12-10,0,0,0
9767,kong,hormozgan,2025-12-11,0,0,0
9767,kong,hormozgan,2025-12-12,0,0,0
9767,kong,hormozgan,2025-12-13,0,0,0
9767,kong,hormozgan,2025-12-14,0,0,0
9767,kong,hormozgan,2025-12-15,0,0,0
9767,kong,hormozgan,2025-12-16,0,0,0
9767,kong,hormozgan,2025-12-17,0,0,0
9767,kong,hormozgan,2025-12-18,0,0,0
9767,kong,hormozgan,2025-12-19,0,0,0
9767,kong,hormozgan,2025-12-20,0,0,0
9767,kong,hormozgan,2025-12-21,0,0,0
6733,koochesfehan,gilan,2025-11-22,86,99,13
6733,koochesfehan,gilan,2025-11-23,63,89,26
6733,koochesfehan,gilan,2025-11-24,61,93,32
6733,koochesfehan,gilan,2025-11-25,50,92,42
6733,koochesfehan,gilan,2025-11-26,49,128,79
6733,koochesfehan,gilan,2025-11-27,41,154,113
6733,koochesfehan,gilan,2025-11-28,22,61,39
6733,koochesfehan,gilan,2025-11-29,26,65,39
6733,koochesfehan,gilan,2025-11-30,23,61,38
6733,koochesfehan,gilan,2025-12-01,27,74,47
6733,koochesfehan,gilan,2025-12-02,18,78,60
6733,koochesfehan,gilan,2025-12-03,15,107,92
6733,koochesfehan,gilan,2025-12-04,18,189,171
6733,koochesfehan,gilan,2025-12-05,14,77,63
6733,koochesfehan,gilan,2025-12-06,5,57,52
6733,koochesfehan,gilan,2025-12-07,3,49,46
6733,koochesfehan,gilan,2025-12-08,6,52,46
6733,koochesfehan,gilan,2025-12-09,6,56,50
6733,koochesfehan,gilan,2025-12-10,6,90,84
6733,koochesfehan,gilan,2025-12-11,5,169,164
6733,koochesfehan,gilan,2025-12-12,5,71,66
6733,koochesfehan,gilan,2025-12-13,5,60,55
6733,koochesfehan,gilan,2025-12-14,5,56,51
6733,koochesfehan,gilan,2025-12-15,10,56,46
6733,koochesfehan,gilan,2025-12-16,9,65,56
6733,koochesfehan,gilan,2025-12-17,9,91,82
6733,koochesfehan,gilan,2025-12-18,7,138,131
6733,koochesfehan,gilan,2025-12-19,3,74,71
6733,koochesfehan,gilan,2025-12-20,3,59,56
6733,koochesfehan,gilan,2025-12-21,0,41,41
3832,koohpayeh,isfahan,2025-11-22,2,2,0
3832,koohpayeh,isfahan,2025-11-23,2,2,0
3832,koohpayeh,isfahan,2025-11-24,1,2,1
3832,koohpayeh,isfahan,2025-11-25,0,1,1
3832,koohpayeh,isfahan,2025-11-26,0,1,1
3832,koohpayeh,isfahan,2025-11-27,1,3,2
3832,koohpayeh,isfahan,2025-11-28,1,2,1
3832,koohpayeh,isfahan,2025-11-29,0,1,1
3832,koohpayeh,isfahan,2025-11-30,0,1,1
3832,koohpayeh,isfahan,2025-12-01,0,2,2
3832,koohpayeh,isfahan,2025-12-02,0,2,2
3832,koohpayeh,isfahan,2025-12-03,0,2,2
3832,koohpayeh,isfahan,2025-12-04,0,5,5
3832,koohpayeh,isfahan,2025-12-05,0,2,2
3832,koohpayeh,isfahan,2025-12-06,0,2,2
3832,koohpayeh,isfahan,2025-12-07,0,2,2
3832,koohpayeh,isfahan,2025-12-08,0,2,2
3832,koohpayeh,isfahan,2025-12-09,0,2,2
3832,koohpayeh,isfahan,2025-12-10,0,2,2
3832,koohpayeh,isfahan,2025-12-11,0,5,5
3832,koohpayeh,isfahan,2025-12-12,0,2,2
3832,koohpayeh,isfahan,2025-12-13,0,3,3
3832,koohpayeh,isfahan,2025-12-14,0,3,3
3832,koohpayeh,isfahan,2025-12-15,0,3,3
3832,koohpayeh,isfahan,2025-12-16,0,3,3
3832,koohpayeh,isfahan,2025-12-17,0,3,3
3832,koohpayeh,isfahan,2025-12-18,0,5,5
3832,koohpayeh,isfahan,2025-12-19,0,3,3
3832,koohpayeh,isfahan,2025-12-20,0,3,3
3832,koohpayeh,isfahan,2025-12-21,0,2,2
5262,koohsar,alborz,2025-11-22,29,36,7
5262,koohsar,alborz,2025-11-23,20,33,13
5262,koohsar,alborz,2025-11-24,24,44,20
5262,koohsar,alborz,2025-11-25,8,27,19
5262,koohsar,alborz,2025-11-26,13,39,26
5262,koohsar,alborz,2025-11-27,40,130,90
5262,koohsar,alborz,2025-11-28,0,28,28
5262,koohsar,alborz,2025-11-29,0,26,26
5262,koohsar,alborz,2025-11-30,1,30,29
5262,koohsar,alborz,2025-12-01,3,41,38
5262,koohsar,alborz,2025-12-02,6,38,32
5262,koohsar,alborz,2025-12-03,29,73,44
5262,koohsar,alborz,2025-12-04,10,157,147
5262,koohsar,alborz,2025-12-05,3,44,41
5262,koohsar,alborz,2025-12-06,8,41,33
5262,koohsar,alborz,2025-12-07,0,33,33
5262,koohsar,alborz,2025-12-08,0,33,33
5262,koohsar,alborz,2025-12-09,6,43,37
5262,koohsar,alborz,2025-12-10,6,65,59
5262,koohsar,alborz,2025-12-11,12,185,173
5262,koohsar,alborz,2025-12-12,4,55,51
5262,koohsar,alborz,2025-12-13,4,39,35
5262,koohsar,alborz,2025-12-14,1,39,38
5262,koohsar,alborz,2025-12-15,1,38,37
5262,koohsar,alborz,2025-12-16,1,44,43
5262,koohsar,alborz,2025-12-17,1,54,53
5262,koohsar,alborz,2025-12-18,4,146,142
5262,koohsar,alborz,2025-12-19,7,58,51
5262,koohsar,alborz,2025-12-20,9,45,36
5262,koohsar,alborz,2025-12-21,7,35,28
3870,koomleh,gilan,2025-11-22,7,7,0
3870,koomleh,gilan,2025-11-23,2,3,1
3870,koomleh,gilan,2025-11-24,8,10,2
3870,koomleh,gilan,2025-11-25,8,10,2
3870,koomleh,gilan,2025-11-26,10,15,5
3870,koomleh,gilan,2025-11-27,9,15,6
3870,koomleh,gilan,2025-11-28,2,4,2
3870,koomleh,gilan,2025-11-29,1,3,2
3870,koomleh,gilan,2025-11-30,0,2,2
3870,koomleh,gilan,2025-12-01,0,2,2
3870,koomleh,gilan,2025-12-02,0,3,3
3870,koomleh,gilan,2025-12-03,1,6,5
3870,koomleh,gilan,2025-12-04,1,11,10
3870,koomleh,gilan,2025-12-05,0,2,2
3870,koomleh,gilan,2025-12-06,3,7,4
3870,koomleh,gilan,2025-12-07,2,5,3
3870,koomleh,gilan,2025-12-08,0,3,3
3870,koomleh,gilan,2025-12-09,0,3,3
3870,koomleh,gilan,2025-12-10,2,7,5
3870,koomleh,gilan,2025-12-11,5,14,9
3870,koomleh,gilan,2025-12-12,0,3,3
3870,koomleh,gilan,2025-12-13,0,3,3
3870,koomleh,gilan,2025-12-14,0,3,3
3870,koomleh,gilan,2025-12-15,0,3,3
3870,koomleh,gilan,2025-12-16,0,4,4
3870,koomleh,gilan,2025-12-17,0,4,4
3870,koomleh,gilan,2025-12-18,0,5,5
3870,koomleh,gilan,2025-12-19,0,3,3
3870,koomleh,gilan,2025-12-20,0,3,3
3870,koomleh,gilan,2025-12-21,0,2,2
1629,kooshk,isfahan,2025-11-22,0,0,0
1629,kooshk,isfahan,2025-11-23,0,0,0
1629,kooshk,isfahan,2025-11-24,0,0,0
1629,kooshk,isfahan,2025-11-25,0,0,0
1629,kooshk,isfahan,2025-11-26,0,0,0
1629,kooshk,isfahan,2025-11-27,0,0,0
1629,kooshk,isfahan,2025-11-28,0,0,0
1629,kooshk,isfahan,2025-11-29,0,0,0
1629,kooshk,isfahan,2025-11-30,0,0,0
1629,kooshk,isfahan,2025-12-01,0,0,0
1629,kooshk,isfahan,2025-12-02,0,0,0
1629,kooshk,isfahan,2025-12-03,0,0,0
1629,kooshk,isfahan,2025-12-04,0,0,0
1629,kooshk,isfahan,2025-12-05,0,0,0
1629,kooshk,isfahan,2025-12-06,0,0,0
1629,kooshk,isfahan,2025-12-07,0,0,0
1629,kooshk,isfahan,2025-12-08,0,0,0
1629,kooshk,isfahan,2025-12-09,0,0,0
1629,kooshk,isfahan,2025-12-10,0,0,0
1629,kooshk,isfahan,2025-12-11,0,0,0
1629,kooshk,isfahan,2025-12-12,0,0,0
1629,kooshk,isfahan,2025-12-13,0,0,0
1629,kooshk,isfahan,2025-12-14,0,0,0
1629,kooshk,isfahan,2025-12-15,0,0,0
1629,kooshk,isfahan,2025-12-16,0,0,0
1629,kooshk,isfahan,2025-12-17,0,0,0
1629,kooshk,isfahan,2025-12-18,0,0,0
1629,kooshk,isfahan,2025-12-19,0,0,0
1629,kooshk,isfahan,2025-12-20,0,0,0
1629,kooshk,isfahan,2025-12-21,0,0,0
9547,kordan,alborz,2025-11-22,6418,7568,1150
9547,kordan,alborz,2025-11-23,8302,12068,3766
9547,kordan,alborz,2025-11-24,5361,9317,3956
9547,kordan,alborz,2025-11-25,3364,7065,3701
9547,kordan,alborz,2025-11-26,3871,9821,5950
9547,kordan,alborz,2025-11-27,10718,33662,22944
9547,kordan,alborz,2025-11-28,3314,11570,8256
9547,kordan,alborz,2025-11-29,1645,5701,4056
9547,kordan,alborz,2025-11-30,1616,6050,4434
9547,kordan,alborz,2025-12-01,1363,5521,4158
9547,kordan,alborz,2025-12-02,1463,6901,5438
9547,kordan,alborz,2025-12-03,1900,10109,8209
9547,kordan,alborz,2025-12-04,5808,40371,34563
9547,kordan,alborz,2025-12-05,1755,12711,10956
9547,kordan,alborz,2025-12-06,842,5909,5067
9547,kordan,alborz,2025-12-07,637,5257,4620
9547,kordan,alborz,2025-12-08,766,5747,4981
9547,kordan,alborz,2025-12-09,783,6759,5976
9547,kordan,alborz,2025-12-10,1249,11061,9812
9547,kordan,alborz,2025-12-11,3638,37201,33563
9547,kordan,alborz,2025-12-12,1350,15222,13872
9547,kordan,alborz,2025-12-13,650,7373,6723
9547,kordan,alborz,2025-12-14,480,6088,5608
9547,kordan,alborz,2025-12-15,480,6368,5888
9547,kordan,alborz,2025-12-16,537,6801,6264
9547,kordan,alborz,2025-12-17,839,12082,11243
9547,kordan,alborz,2025-12-18,2771,34529,31758
9547,kordan,alborz,2025-12-19,796,13528,12732
9547,kordan,alborz,2025-12-20,545,8261,7716
9547,kordan,alborz,2025-12-21,593,9702,9109
7256,kushkenar,hormozgan,2025-11-22,0,0,0
7256,kushkenar,hormozgan,2025-11-23,0,0,0
7256,kushkenar,hormozgan,2025-11-24,0,0,0
7256,kushkenar,hormozgan,2025-11-25,0,0,0
7256,kushkenar,hormozgan,2025-11-26,0,0,0
7256,kushkenar,hormozgan,2025-11-27,0,0,0
7256,kushkenar,hormozgan,2025-11-28,0,0,0
7256,kushkenar,hormozgan,2025-11-29,0,0,0
7256,kushkenar,hormozgan,2025-11-30,0,0,0
7256,kushkenar,hormozgan,2025-12-01,0,0,0
7256,kushkenar,hormozgan,2025-12-02,0,0,0
7256,kushkenar,hormozgan,2025-12-03,0,0,0
7256,kushkenar,hormozgan,2025-12-04,0,0,0
7256,kushkenar,hormozgan,2025-12-05,0,0,0
7256,kushkenar,hormozgan,2025-12-06,0,0,0
7256,kushkenar,hormozgan,2025-12-07,0,0,0
7256,kushkenar,hormozgan,2025-12-08,0,0,0
7256,kushkenar,hormozgan,2025-12-09,0,0,0
7256,kushkenar,hormozgan,2025-12-10,0,0,0
7256,kushkenar,hormozgan,2025-12-11,0,0,0
7256,kushkenar,hormozgan,2025-12-12,0,0,0
7256,kushkenar,hormozgan,2025-12-13,0,0,0
7256,kushkenar,hormozgan,2025-12-14,0,0,0
7256,kushkenar,hormozgan,2025-12-15,0,0,0
7256,kushkenar,hormozgan,2025-12-16,0,0,0
7256,kushkenar,hormozgan,2025-12-17,0,0,0
7256,kushkenar,hormozgan,2025-12-18,0,0,0
7256,kushkenar,hormozgan,2025-12-19,0,0,0
7256,kushkenar,hormozgan,2025-12-20,0,0,0
7256,kushkenar,hormozgan,2025-12-21,0,0,0
2778,lahijan,gilan,2025-11-22,3448,4013,565
2778,lahijan,gilan,2025-11-23,2507,3373,866
2778,lahijan,gilan,2025-11-24,2199,3358,1159
2778,lahijan,gilan,2025-11-25,2145,3606,1461
2778,lahijan,gilan,2025-11-26,2401,4795,2394
2778,lahijan,gilan,2025-11-27,2022,5415,3393
2778,lahijan,gilan,2025-11-28,758,2184,1426
2778,lahijan,gilan,2025-11-29,830,2165,1335
2778,lahijan,gilan,2025-11-30,747,2152,1405
2778,lahijan,gilan,2025-12-01,672,2219,1547
2778,lahijan,gilan,2025-12-02,677,2506,1829
2778,lahijan,gilan,2025-12-03,698,3052,2354
2778,lahijan,gilan,2025-12-04,802,5332,4530
2778,lahijan,gilan,2025-12-05,426,2245,1819
2778,lahijan,gilan,2025-12-06,382,1969,1587
2778,lahijan,gilan,2025-12-07,380,1866,1486
2778,lahijan,gilan,2025-12-08,379,1797,1418
2778,lahijan,gilan,2025-12-09,340,1968,1628
2778,lahijan,gilan,2025-12-10,395,2999,2604
2778,lahijan,gilan,2025-12-11,414,5318,4904
2778,lahijan,gilan,2025-12-12,259,2050,1791
2778,lahijan,gilan,2025-12-13,194,1493,1299
2778,lahijan,gilan,2025-12-14,134,1470,1336
2778,lahijan,gilan,2025-12-15,147,1519,1372
2778,lahijan,gilan,2025-12-16,187,1725,1538
2778,lahijan,gilan,2025-12-17,217,2933,2716
2778,lahijan,gilan,2025-12-18,277,4274,3997
2778,lahijan,gilan,2025-12-19,172,1859,1687
2778,lahijan,gilan,2025-12-20,134,1301,1167
2778,lahijan,gilan,2025-12-21,72,859,787
2587,langarud,gilan,2025-11-22,439,500,61
2587,langarud,gilan,2025-11-23,318,417,99
2587,langarud,gilan,2025-11-24,211,334,123
2587,langarud,gilan,2025-11-25,162,304,142
2587,langarud,gilan,2025-11-26,174,500,326
2587,langarud,gilan,2025-11-27,179,583,404
2587,langarud,gilan,2025-11-28,48,203,155
2587,langarud,gilan,2025-11-29,56,219,163
2587,langarud,gilan,2025-11-30,49,223,174
2587,langarud,gilan,2025-12-01,68,274,206
2587,langarud,gilan,2025-12-02,78,288,210
2587,langarud,gilan,2025-12-03,74,418,344
2587,langarud,gilan,2025-12-04,129,781,652
2587,langarud,gilan,2025-12-05,69,271,202
2587,langarud,gilan,2025-12-06,55,275,220
2587,langarud,gilan,2025-12-07,46,227,181
2587,langarud,gilan,2025-12-08,40,208,168
2587,langarud,gilan,2025-12-09,34,247,213
2587,langarud,gilan,2025-12-10,37,301,264
2587,langarud,gilan,2025-12-11,45,669,624
2587,langarud,gilan,2025-12-12,30,274,244
2587,langarud,gilan,2025-12-13,16,187,171
2587,langarud,gilan,2025-12-14,23,211,188
2587,langarud,gilan,2025-12-15,26,224,198
2587,langarud,gilan,2025-12-16,20,252,232
2587,langarud,gilan,2025-12-17,34,309,275
2587,langarud,gilan,2025-12-18,39,463,424
2587,langarud,gilan,2025-12-19,17,238,221
2587,langarud,gilan,2025-12-20,5,160,155
2587,langarud,gilan,2025-12-21,4,133,129
5270,larijan,gilan,2025-11-22,19,20,1
5270,larijan,gilan,2025-11-23,24,28,4
5270,larijan,gilan,2025-11-24,10,14,4
5270,larijan,gilan,2025-11-25,11,17,6
5270,larijan,gilan,2025-11-26,11,25,14
5270,larijan,gilan,2025-11-27,25,55,30
5270,larijan,gilan,2025-11-28,3,10,7
5270,larijan,gilan,2025-11-29,3,9,6
5270,larijan,gilan,2025-11-30,4,12,8
5270,larijan,gilan,2025-12-01,4,12,8
5270,larijan,gilan,2025-12-02,4,13,9
5270,larijan,gilan,2025-12-03,2,12,10
5270,larijan,gilan,2025-12-04,8,51,43
5270,larijan,gilan,2025-12-05,1,9,8
5270,larijan,gilan,2025-12-06,1,12,11
5270,larijan,gilan,2025-12-07,1,11,10
5270,larijan,gilan,2025-12-08,0,0,0
5270,larijan,gilan,2025-12-09,0,0,0
5270,larijan,gilan,2025-12-10,1,10,9
5270,larijan,gilan,2025-12-11,2,35,33
5270,larijan,gilan,2025-12-12,0,0,0
5270,larijan,gilan,2025-12-13,0,0,0
5270,larijan,gilan,2025-12-14,0,0,0
5270,larijan,gilan,2025-12-15,0,0,0
5270,larijan,gilan,2025-12-16,0,0,0
5270,larijan,gilan,2025-12-17,0,0,0
5270,larijan,gilan,2025-12-18,1,23,22
5270,larijan,gilan,2025-12-19,2,14,12
5270,larijan,gilan,2025-12-20,1,11,10
5270,larijan,gilan,2025-12-21,1,10,9
4192,lashtnesha,gilan,2025-11-22,11,13,2
4192,lashtnesha,gilan,2025-11-23,16,21,5
4192,lashtnesha,gilan,2025-11-24,15,21,6
4192,lashtnesha,gilan,2025-11-25,31,42,11
4192,lashtnesha,gilan,2025-11-26,39,60,21
4192,lashtnesha,gilan,2025-11-27,32,64,32
4192,lashtnesha,gilan,2025-11-28,1,8,7
4192,lashtnesha,gilan,2025-11-29,1,8,7
4192,lashtnesha,gilan,2025-11-30,2,11,9
4192,lashtnesha,gilan,2025-12-01,3,13,10
4192,lashtnesha,gilan,2025-12-02,2,15,13
4192,lashtnesha,gilan,2025-12-03,7,28,21
4192,lashtnesha,gilan,2025-12-04,15,57,42
4192,lashtnesha,gilan,2025-12-05,10,24,14
4192,lashtnesha,gilan,2025-12-06,1,13,12
4192,lashtnesha,gilan,2025-12-07,1,11,10
4192,lashtnesha,gilan,2025-12-08,2,13,11
4192,lashtnesha,gilan,2025-12-09,1,12,11
4192,lashtnesha,gilan,2025-12-10,2,24,22
4192,lashtnesha,gilan,2025-12-11,1,42,41
4192,lashtnesha,gilan,2025-12-12,0,10,10
4192,lashtnesha,gilan,2025-12-13,0,9,9
4192,lashtnesha,gilan,2025-12-14,2,10,8
4192,lashtnesha,gilan,2025-12-15,0,10,10
4192,lashtnesha,gilan,2025-12-16,3,15,12
4192,lashtnesha,gilan,2025-12-17,3,21,18
4192,lashtnesha,gilan,2025-12-18,1,27,26
4192,lashtnesha,gilan,2025-12-19,0,10,10
4192,lashtnesha,gilan,2025-12-20,0,9,9
4192,lashtnesha,gilan,2025-12-21,0,7,7
2728,lavan,hormozgan,2025-11-22,203,207,4
2728,lavan,hormozgan,2025-11-23,166,176,10
2728,lavan,hormozgan,2025-11-24,173,194,21
2728,lavan,hormozgan,2025-11-25,167,192,25
2728,lavan,hormozgan,2025-11-26,169,206,37
2728,lavan,hormozgan,2025-11-27,134,176,42
2728,lavan,hormozgan,2025-11-28,52,72,20
2728,lavan,hormozgan,2025-11-29,81,108,27
2728,lavan,hormozgan,2025-11-30,70,108,38
2728,lavan,hormozgan,2025-12-01,68,110,42
2728,lavan,hormozgan,2025-12-02,67,121,54
2728,lavan,hormozgan,2025-12-03,54,101,47
2728,lavan,hormozgan,2025-12-04,36,86,50
2728,lavan,hormozgan,2025-12-05,18,48,30
2728,lavan,hormozgan,2025-12-06,31,95,64
2728,lavan,hormozgan,2025-12-07,33,98,65
2728,lavan,hormozgan,2025-12-08,45,109,64
2728,lavan,hormozgan,2025-12-09,48,110,62
2728,lavan,hormozgan,2025-12-10,40,104,64
2728,lavan,hormozgan,2025-12-11,23,94,71
2728,lavan,hormozgan,2025-12-12,20,78,58
2728,lavan,hormozgan,2025-12-13,24,86,62
2728,lavan,hormozgan,2025-12-14,20,79,59
2728,lavan,hormozgan,2025-12-15,23,86,63
2728,lavan,hormozgan,2025-12-16,33,121,88
2728,lavan,hormozgan,2025-12-17,34,126,92
2728,lavan,hormozgan,2025-12-18,38,132,94
2728,lavan,hormozgan,2025-12-19,35,131,96
2728,lavan,hormozgan,2025-12-20,21,113,92
2728,lavan,hormozgan,2025-12-21,4,29,25
1960,lavandevil,gilan,2025-11-22,5,6,1
1960,lavandevil,gilan,2025-11-23,9,12,3
1960,lavandevil,gilan,2025-11-24,4,7,3
1960,lavandevil,gilan,2025-11-25,4,9,5
1960,lavandevil,gilan,2025-11-26,5,12,7
1960,lavandevil,gilan,2025-11-27,10,23,13
1960,lavandevil,gilan,2025-11-28,3,6,3
1960,lavandevil,gilan,2025-11-29,5,8,3
1960,lavandevil,gilan,2025-11-30,5,8,3
1960,lavandevil,gilan,2025-12-01,4,8,4
1960,lavandevil,gilan,2025-12-02,4,9,5
1960,lavandevil,gilan,2025-12-03,4,13,9
1960,lavandevil,gilan,2025-12-04,3,21,18
1960,lavandevil,gilan,2025-12-05,3,9,6
1960,lavandevil,gilan,2025-12-06,3,9,6
1960,lavandevil,gilan,2025-12-07,3,8,5
1960,lavandevil,gilan,2025-12-08,3,8,5
1960,lavandevil,gilan,2025-12-09,3,8,5
1960,lavandevil,gilan,2025-12-10,3,13,10
1960,lavandevil,gilan,2025-12-11,3,27,24
1960,lavandevil,gilan,2025-12-12,3,8,5
1960,lavandevil,gilan,2025-12-13,3,8,5
1960,lavandevil,gilan,2025-12-14,3,8,5
1960,lavandevil,gilan,2025-12-15,3,9,6
1960,lavandevil,gilan,2025-12-16,3,8,5
1960,lavandevil,gilan,2025-12-17,8,18,10
1960,lavandevil,gilan,2025-12-18,6,21,15
1960,lavandevil,gilan,2025-12-19,3,10,7
1960,lavandevil,gilan,2025-12-20,3,9,6
1960,lavandevil,gilan,2025-12-21,3,8,5
8856,lavasan,tehran,2025-11-22,531,618,87
8856,lavasan,tehran,2025-11-23,614,852,238
8856,lavasan,tehran,2025-11-24,370,607,237
8856,lavasan,tehran,2025-11-25,247,485,238
8856,lavasan,tehran,2025-11-26,325,747,422
8856,lavasan,tehran,2025-11-27,759,2063,1304
8856,lavasan,tehran,2025-11-28,197,740,543
8856,lavasan,tehran,2025-11-29,171,541,370
8856,lavasan,tehran,2025-11-30,100,449,349
8856,lavasan,tehran,2025-12-01,153,643,490
8856,lavasan,tehran,2025-12-02,142,667,525
8856,lavasan,tehran,2025-12-03,133,717,584
8856,lavasan,tehran,2025-12-04,325,2320,1995
8856,lavasan,tehran,2025-12-05,135,1016,881
8856,lavasan,tehran,2025-12-06,97,672,575
8856,lavasan,tehran,2025-12-07,87,633,546
8856,lavasan,tehran,2025-12-08,110,709,599
8856,lavasan,tehran,2025-12-09,93,685,592
8856,lavasan,tehran,2025-12-10,130,1022,892
8856,lavasan,tehran,2025-12-11,259,3366,3107
8856,lavasan,tehran,2025-12-12,98,1084,986
8856,lavasan,tehran,2025-12-13,49,640,591
8856,lavasan,tehran,2025-12-14,51,657,606
8856,lavasan,tehran,2025-12-15,65,726,661
8856,lavasan,tehran,2025-12-16,76,787,711
8856,lavasan,tehran,2025-12-17,120,1332,1212
8856,lavasan,tehran,2025-12-18,159,2675,2516
8856,lavasan,tehran,2025-12-19,83,1128,1045
8856,lavasan,tehran,2025-12-20,67,774,707
8856,lavasan,tehran,2025-12-21,71,749,678
2852,lisar,gilan,2025-11-22,26,28,2
2852,lisar,gilan,2025-11-23,19,23,4
2852,lisar,gilan,2025-11-24,17,22,5
2852,lisar,gilan,2025-11-25,11,17,6
2852,lisar,gilan,2025-11-26,3,11,8
2852,lisar,gilan,2025-11-27,9,24,15
2852,lisar,gilan,2025-11-28,3,8,5
2852,lisar,gilan,2025-11-29,19,26,7
2852,lisar,gilan,2025-11-30,13,19,6
2852,lisar,gilan,2025-12-01,13,21,8
2852,lisar,gilan,2025-12-02,1,10,9
2852,lisar,gilan,2025-12-03,1,16,15
2852,lisar,gilan,2025-12-04,1,25,24
2852,lisar,gilan,2025-12-05,1,7,6
2852,lisar,gilan,2025-12-06,1,9,8
2852,lisar,gilan,2025-12-07,1,8,7
2852,lisar,gilan,2025-12-08,1,8,7
2852,lisar,gilan,2025-12-09,1,8,7
2852,lisar,gilan,2025-12-10,5,17,12
2852,lisar,gilan,2025-12-11,5,31,26
2852,lisar,gilan,2025-12-12,1,8,7
2852,lisar,gilan,2025-12-13,1,8,7
2852,lisar,gilan,2025-12-14,1,8,7
2852,lisar,gilan,2025-12-15,1,9,8
2852,lisar,gilan,2025-12-16,1,11,10
2852,lisar,gilan,2025-12-17,5,17,12
2852,lisar,gilan,2025-12-18,5,23,18
2852,lisar,gilan,2025-12-19,1,10,9
2852,lisar,gilan,2025-12-20,1,9,8
2852,lisar,gilan,2025-12-21,0,6,6
8122,looleman,gilan,2025-11-22,5,5,0
8122,looleman,gilan,2025-11-23,6,7,1
8122,looleman,gilan,2025-11-24,5,7,2
8122,looleman,gilan,2025-11-25,4,6,2
8122,looleman,gilan,2025-11-26,0,3,3
8122,looleman,gilan,2025-11-27,0,5,5
8122,looleman,gilan,2025-11-28,0,2,2
8122,looleman,gilan,2025-11-29,0,2,2
8122,looleman,gilan,2025-11-30,0,2,2
8122,looleman,gilan,2025-12-01,1,4,3
8122,looleman,gilan,2025-12-02,1,4,3
8122,looleman,gilan,2025-12-03,0,4,4
8122,looleman,gilan,2025-12-04,0,9,9
8122,looleman,gilan,2025-12-05,0,2,2
8122,looleman,gilan,2025-12-06,0,3,3
8122,looleman,gilan,2025-12-07,0,3,3
8122,looleman,gilan,2025-12-08,0,2,2
8122,looleman,gilan,2025-12-09,0,2,2
8122,looleman,gilan,2025-12-10,0,4,4
8122,looleman,gilan,2025-12-11,0,9,9
8122,looleman,gilan,2025-12-12,0,3,3
8122,looleman,gilan,2025-12-13,0,3,3
8122,looleman,gilan,2025-12-14,0,3,3
8122,looleman,gilan,2025-12-15,2,5,3
8122,looleman,gilan,2025-12-16,0,3,3
8122,looleman,gilan,2025-12-17,0,4,4
8122,looleman,gilan,2025-12-18,0,6,6
8122,looleman,gilan,2025-12-19,0,4,4
8122,looleman,gilan,2025-12-20,0,3,3
8122,looleman,gilan,2025-12-21,0,2,2
3127,loshan,gilan,2025-11-22,0,0,0
3127,loshan,gilan,2025-11-23,0,0,0
3127,loshan,gilan,2025-11-24,0,0,0
3127,loshan,gilan,2025-11-25,0,0,0
3127,loshan,gilan,2025-11-26,0,0,0
3127,loshan,gilan,2025-11-27,0,0,0
3127,loshan,gilan,2025-11-28,0,0,0
3127,loshan,gilan,2025-11-29,0,0,0
3127,loshan,gilan,2025-11-30,0,0,0
3127,loshan,gilan,2025-12-01,0,0,0
3127,loshan,gilan,2025-12-02,0,0,0
3127,loshan,gilan,2025-12-03,0,0,0
3127,loshan,gilan,2025-12-04,0,0,0
3127,loshan,gilan,2025-12-05,0,0,0
3127,loshan,gilan,2025-12-06,0,0,0
3127,loshan,gilan,2025-12-07,0,0,0
3127,loshan,gilan,2025-12-08,0,0,0
3127,loshan,gilan,2025-12-09,0,0,0
3127,loshan,gilan,2025-12-10,0,0,0
3127,loshan,gilan,2025-12-11,0,0,0
3127,loshan,gilan,2025-12-12,0,0,0
3127,loshan,gilan,2025-12-13,0,0,0
3127,loshan,gilan,2025-12-14,0,0,0
3127,loshan,gilan,2025-12-15,0,0,0
3127,loshan,gilan,2025-12-16,0,0,0
3127,loshan,gilan,2025-12-17,0,0,0
3127,loshan,gilan,2025-12-18,0,0,0
3127,loshan,gilan,2025-12-19,0,0,0
3127,loshan,gilan,2025-12-20,0,0,0
3127,loshan,gilan,2025-12-21,0,0,0
1460,mahabad_esf,isfahan,2025-11-22,0,0,0
1460,mahabad_esf,isfahan,2025-11-23,0,0,0
1460,mahabad_esf,isfahan,2025-11-24,0,0,0
1460,mahabad_esf,isfahan,2025-11-25,0,0,0
1460,mahabad_esf,isfahan,2025-11-26,0,1,1
1460,mahabad_esf,isfahan,2025-11-27,0,0,0
1460,mahabad_esf,isfahan,2025-11-28,0,1,1
1460,mahabad_esf,isfahan,2025-11-29,0,1,1
1460,mahabad_esf,isfahan,2025-11-30,0,1,1
1460,mahabad_esf,isfahan,2025-12-01,0,1,1
1460,mahabad_esf,isfahan,2025-12-02,0,1,1
1460,mahabad_esf,isfahan,2025-12-03,0,1,1
1460,mahabad_esf,isfahan,2025-12-04,0,2,2
1460,mahabad_esf,isfahan,2025-12-05,0,2,2
1460,mahabad_esf,isfahan,2025-12-06,0,5,5
1460,mahabad_esf,isfahan,2025-12-07,0,7,7
1460,mahabad_esf,isfahan,2025-12-08,0,7,7
1460,mahabad_esf,isfahan,2025-12-09,0,6,6
1460,mahabad_esf,isfahan,2025-12-10,0,7,7
1460,mahabad_esf,isfahan,2025-12-11,0,7,7
1460,mahabad_esf,isfahan,2025-12-12,0,7,7
1460,mahabad_esf,isfahan,2025-12-13,0,8,8
1460,mahabad_esf,isfahan,2025-12-14,0,8,8
1460,mahabad_esf,isfahan,2025-12-15,0,10,10
1460,mahabad_esf,isfahan,2025-12-16,0,9,9
1460,mahabad_esf,isfahan,2025-12-17,0,11,11
1460,mahabad_esf,isfahan,2025-12-18,0,11,11
1460,mahabad_esf,isfahan,2025-12-19,0,9,9
1460,mahabad_esf,isfahan,2025-12-20,0,10,10
1460,mahabad_esf,isfahan,2025-12-21,0,9,9
5657,mahdasht_albrz,alborz,2025-11-22,41,54,13
5657,mahdasht_albrz,alborz,2025-11-23,28,50,22
5657,mahdasht_albrz,alborz,2025-11-24,33,60,27
5657,mahdasht_albrz,alborz,2025-11-25,14,39,25
5657,mahdasht_albrz,alborz,2025-11-26,21,55,34
5657,mahdasht_albrz,alborz,2025-11-27,57,166,109
5657,mahdasht_albrz,alborz,2025-11-28,78,140,62
5657,mahdasht_albrz,alborz,2025-11-29,11,47,36
5657,mahdasht_albrz,alborz,2025-11-30,20,52,32
5657,mahdasht_albrz,alborz,2025-12-01,17,63,46
5657,mahdasht_albrz,alborz,2025-12-02,8,52,44
5657,mahdasht_albrz,alborz,2025-12-03,7,53,46
5657,mahdasht_albrz,alborz,2025-12-04,33,196,163
5657,mahdasht_albrz,alborz,2025-12-05,5,64,59
5657,mahdasht_albrz,alborz,2025-12-06,6,52,46
5657,mahdasht_albrz,alborz,2025-12-07,6,48,42
5657,mahdasht_albrz,alborz,2025-12-08,9,54,45
5657,mahdasht_albrz,alborz,2025-12-09,12,62,50
5657,mahdasht_albrz,alborz,2025-12-10,5,64,59
5657,mahdasht_albrz,alborz,2025-12-11,22,247,225
5657,mahdasht_albrz,alborz,2025-12-12,3,73,70
5657,mahdasht_albrz,alborz,2025-12-13,20,70,50
5657,mahdasht_albrz,alborz,2025-12-14,4,51,47
5657,mahdasht_albrz,alborz,2025-12-15,2,52,50
5657,mahdasht_albrz,alborz,2025-12-16,5,59,54
5657,mahdasht_albrz,alborz,2025-12-17,2,65,63
5657,mahdasht_albrz,alborz,2025-12-18,15,197,182
5657,mahdasht_albrz,alborz,2025-12-19,6,81,75
5657,mahdasht_albrz,alborz,2025-12-20,2,53,51
5657,mahdasht_albrz,alborz,2025-12-21,0,42,42
8545,mahmudabad,mazandaran,2025-11-22,2543,2975,432
8545,mahmudabad,mazandaran,2025-11-23,2132,2917,785
8545,mahmudabad,mazandaran,2025-11-24,1939,3056,1117
8545,mahmudabad,mazandaran,2025-11-25,1772,3063,1291
8545,mahmudabad,mazandaran,2025-11-26,2134,4732,2598
8545,mahmudabad,mazandaran,2025-11-27,2078,5914,3836
8545,mahmudabad,mazandaran,2025-11-28,820,2405,1585
8545,mahmudabad,mazandaran,2025-11-29,715,1899,1184
8545,mahmudabad,mazandaran,2025-11-30,589,1914,1325
8545,mahmudabad,mazandaran,2025-12-01,650,2396,1746
8545,mahmudabad,mazandaran,2025-12-02,592,2400,1808
8545,mahmudabad,mazandaran,2025-12-03,650,3239,2589
8545,mahmudabad,mazandaran,2025-12-04,616,5103,4487
8545,mahmudabad,mazandaran,2025-12-05,360,2332,1972
8545,mahmudabad,mazandaran,2025-12-06,370,2013,1643
8545,mahmudabad,mazandaran,2025-12-07,279,1656,1377
8545,mahmudabad,mazandaran,2025-12-08,329,1934,1605
8545,mahmudabad,mazandaran,2025-12-09,327,2201,1874
8545,mahmudabad,mazandaran,2025-12-10,284,2868,2584
8545,mahmudabad,mazandaran,2025-12-11,386,5223,4837
8545,mahmudabad,mazandaran,2025-12-12,207,2225,2018
8545,mahmudabad,mazandaran,2025-12-13,225,1807,1582
8545,mahmudabad,mazandaran,2025-12-14,159,1600,1441
8545,mahmudabad,mazandaran,2025-12-15,138,1542,1404
8545,mahmudabad,mazandaran,2025-12-16,144,1908,1764
8545,mahmudabad,mazandaran,2025-12-17,131,2919,2788
8545,mahmudabad,mazandaran,2025-12-18,147,3819,3672
8545,mahmudabad,mazandaran,2025-12-19,74,1699,1625
8545,mahmudabad,mazandaran,2025-12-20,85,1330,1245
8545,mahmudabad,mazandaran,2025-12-21,47,1083,1036
6593,majlesi,isfahan,2025-11-22,0,0,0
6593,majlesi,isfahan,2025-11-23,0,0,0
6593,majlesi,isfahan,2025-11-24,0,0,0
6593,majlesi,isfahan,2025-11-25,0,0,0
6593,majlesi,isfahan,2025-11-26,0,0,0
6593,majlesi,isfahan,2025-11-27,1,1,0
6593,majlesi,isfahan,2025-11-28,0,0,0
6593,majlesi,isfahan,2025-11-29,0,0,0
6593,majlesi,isfahan,2025-11-30,0,0,0
6593,majlesi,isfahan,2025-12-01,0,0,0
6593,majlesi,isfahan,2025-12-02,0,0,0
6593,majlesi,isfahan,2025-12-03,0,0,0
6593,majlesi,isfahan,2025-12-04,0,0,0
6593,majlesi,isfahan,2025-12-05,0,0,0
6593,majlesi,isfahan,2025-12-06,0,0,0
6593,majlesi,isfahan,2025-12-07,0,0,0
6593,majlesi,isfahan,2025-12-08,0,0,0
6593,majlesi,isfahan,2025-12-09,0,0,0
6593,majlesi,isfahan,2025-12-10,0,0,0
6593,majlesi,isfahan,2025-12-11,0,0,0
6593,majlesi,isfahan,2025-12-12,0,0,0
6593,majlesi,isfahan,2025-12-13,0,0,0
6593,majlesi,isfahan,2025-12-14,1,1,0
6593,majlesi,isfahan,2025-12-15,0,0,0
6593,majlesi,isfahan,2025-12-16,0,0,0
6593,majlesi,isfahan,2025-12-17,0,0,0
6593,majlesi,isfahan,2025-12-18,0,0,0
6593,majlesi,isfahan,2025-12-19,0,0,0
6593,majlesi,isfahan,2025-12-20,0,0,0
6593,majlesi,isfahan,2025-12-21,0,0,0
7222,malard,tehran,2025-11-22,182,230,48
7222,malard,tehran,2025-11-23,103,173,70
7222,malard,tehran,2025-11-24,123,237,114
7222,malard,tehran,2025-11-25,78,185,107
7222,malard,tehran,2025-11-26,98,262,164
7222,malard,tehran,2025-11-27,207,677,470
7222,malard,tehran,2025-11-28,85,289,204
7222,malard,tehran,2025-11-29,34,168,134
7222,malard,tehran,2025-11-30,35,183,148
7222,malard,tehran,2025-12-01,56,252,196
7222,malard,tehran,2025-12-02,51,257,206
7222,malard,tehran,2025-12-03,37,276,239
7222,malard,tehran,2025-12-04,189,1004,815
7222,malard,tehran,2025-12-05,30,302,272
7222,malard,tehran,2025-12-06,26,218,192
7222,malard,tehran,2025-12-07,23,206,183
7222,malard,tehran,2025-12-08,29,250,221
7222,malard,tehran,2025-12-09,24,249,225
7222,malard,tehran,2025-12-10,14,242,228
7222,malard,tehran,2025-12-11,75,933,858
7222,malard,tehran,2025-12-12,45,378,333
7222,malard,tehran,2025-12-13,20,221,201
7222,malard,tehran,2025-12-14,22,207,185
7222,malard,tehran,2025-12-15,14,228,214
7222,malard,tehran,2025-12-16,16,252,236
7222,malard,tehran,2025-12-17,15,290,275
7222,malard,tehran,2025-12-18,28,769,741
7222,malard,tehran,2025-12-19,25,395,370
7222,malard,tehran,2025-12-20,29,228,199
7222,malard,tehran,2025-12-21,56,255,199
2751,manjil,gilan,2025-11-22,15,21,6
2751,manjil,gilan,2025-11-23,9,19,10
2751,manjil,gilan,2025-11-24,6,16,10
2751,manjil,gilan,2025-11-25,9,21,12
2751,manjil,gilan,2025-11-26,8,28,20
2751,manjil,gilan,2025-11-27,6,35,29
2751,manjil,gilan,2025-11-28,1,12,11
2751,manjil,gilan,2025-11-29,0,11,11
2751,manjil,gilan,2025-11-30,0,12,12
2751,manjil,gilan,2025-12-01,1,14,13
2751,manjil,gilan,2025-12-02,2,18,16
2751,manjil,gilan,2025-12-03,5,29,24
2751,manjil,gilan,2025-12-04,5,57,52
2751,manjil,gilan,2025-12-05,1,13,12
2751,manjil,gilan,2025-12-06,1,15,14
2751,manjil,gilan,2025-12-07,1,13,12
2751,manjil,gilan,2025-12-08,0,11,11
2751,manjil,gilan,2025-12-09,0,12,12
2751,manjil,gilan,2025-12-10,0,19,19
2751,manjil,gilan,2025-12-11,0,41,41
2751,manjil,gilan,2025-12-12,0,13,13
2751,manjil,gilan,2025-12-13,0,12,12
2751,manjil,gilan,2025-12-14,0,11,11
2751,manjil,gilan,2025-12-15,0,12,12
2751,manjil,gilan,2025-12-16,0,13,13
2751,manjil,gilan,2025-12-17,0,18,18
2751,manjil,gilan,2025-12-18,3,33,30
2751,manjil,gilan,2025-12-19,0,13,13
2751,manjil,gilan,2025-12-20,0,11,11
2751,manjil,gilan,2025-12-21,0,9,9
8008,marjaghal,gilan,2025-11-22,0,0,0
8008,marjaghal,gilan,2025-11-23,0,0,0
8008,marjaghal,gilan,2025-11-24,0,0,0
8008,marjaghal,gilan,2025-11-25,0,0,0
8008,marjaghal,gilan,2025-11-26,0,0,0
8008,marjaghal,gilan,2025-11-27,0,0,0
8008,marjaghal,gilan,2025-11-28,0,0,0
8008,marjaghal,gilan,2025-11-29,0,0,0
8008,marjaghal,gilan,2025-11-30,0,0,0
8008,marjaghal,gilan,2025-12-01,0,0,0
8008,marjaghal,gilan,2025-12-02,0,0,0
8008,marjaghal,gilan,2025-12-03,0,0,0
8008,marjaghal,gilan,2025-12-04,0,0,0
8008,marjaghal,gilan,2025-12-05,0,0,0
8008,marjaghal,gilan,2025-12-06,0,0,0
8008,marjaghal,gilan,2025-12-07,0,0,0
8008,marjaghal,gilan,2025-12-08,0,0,0
8008,marjaghal,gilan,2025-12-09,0,0,0
8008,marjaghal,gilan,2025-12-10,0,0,0
8008,marjaghal,gilan,2025-12-11,0,0,0
8008,marjaghal,gilan,2025-12-12,0,0,0
8008,marjaghal,gilan,2025-12-13,0,0,0
8008,marjaghal,gilan,2025-12-14,0,0,0
8008,marjaghal,gilan,2025-12-15,0,0,0
8008,marjaghal,gilan,2025-12-16,0,0,0
8008,marjaghal,gilan,2025-12-17,0,0,0
8008,marjaghal,gilan,2025-12-18,0,0,0
8008,marjaghal,gilan,2025-12-19,0,0,0
8008,marjaghal,gilan,2025-12-20,0,0,0
8008,marjaghal,gilan,2025-12-21,0,0,0
6752,marzanabad,mazandaran,2025-11-22,125,159,34
6752,marzanabad,mazandaran,2025-11-23,92,136,44
6752,marzanabad,mazandaran,2025-11-24,94,154,60
6752,marzanabad,mazandaran,2025-11-25,111,182,71
6752,marzanabad,mazandaran,2025-11-26,126,271,145
6752,marzanabad,mazandaran,2025-11-27,131,445,314
6752,marzanabad,mazandaran,2025-11-28,47,159,112
6752,marzanabad,mazandaran,2025-11-29,23,82,59
6752,marzanabad,mazandaran,2025-11-30,16,97,81
6752,marzanabad,mazandaran,2025-12-01,29,121,92
6752,marzanabad,mazandaran,2025-12-02,18,116,98
6752,marzanabad,mazandaran,2025-12-03,26,195,169
6752,marzanabad,mazandaran,2025-12-04,46,430,384
6752,marzanabad,mazandaran,2025-12-05,6,117,111
6752,marzanabad,mazandaran,2025-12-06,15,102,87
6752,marzanabad,mazandaran,2025-12-07,20,92,72
6752,marzanabad,mazandaran,2025-12-08,18,89,71
6752,marzanabad,mazandaran,2025-12-09,17,96,79
6752,marzanabad,mazandaran,2025-12-10,12,144,132
6752,marzanabad,mazandaran,2025-12-11,16,351,335
6752,marzanabad,mazandaran,2025-12-12,6,104,98
6752,marzanabad,mazandaran,2025-12-13,6,85,79
6752,marzanabad,mazandaran,2025-12-14,6,77,71
6752,marzanabad,mazandaran,2025-12-15,10,84,74
6752,marzanabad,mazandaran,2025-12-16,11,95,84
6752,marzanabad,mazandaran,2025-12-17,19,152,133
6752,marzanabad,mazandaran,2025-12-18,17,332,315
6752,marzanabad,mazandaran,2025-12-19,10,114,104
6752,marzanabad,mazandaran,2025-12-20,11,80,69
6752,marzanabad,mazandaran,2025-12-21,4,66,62
2028,marzikola,mazandaran,2025-11-22,29,33,4
2028,marzikola,mazandaran,2025-11-23,43,54,11
2028,marzikola,mazandaran,2025-11-24,29,43,14
2028,marzikola,mazandaran,2025-11-25,45,67,22
2028,marzikola,mazandaran,2025-11-26,52,94,42
2028,marzikola,mazandaran,2025-11-27,21,91,70
2028,marzikola,mazandaran,2025-11-28,7,29,22
2028,marzikola,mazandaran,2025-11-29,10,26,16
2028,marzikola,mazandaran,2025-11-30,7,27,20
2028,marzikola,mazandaran,2025-12-01,10,31,21
2028,marzikola,mazandaran,2025-12-02,10,30,20
2028,marzikola,mazandaran,2025-12-03,23,65,42
2028,marzikola,mazandaran,2025-12-04,6,83,77
2028,marzikola,mazandaran,2025-12-05,6,27,21
2028,marzikola,mazandaran,2025-12-06,6,32,26
2028,marzikola,mazandaran,2025-12-07,0,25,25
2028,marzikola,mazandaran,2025-12-08,1,28,27
2028,marzikola,mazandaran,2025-12-09,1,28,27
2028,marzikola,mazandaran,2025-12-10,1,39,38
2028,marzikola,mazandaran,2025-12-11,4,93,89
2028,marzikola,mazandaran,2025-12-12,0,27,27
2028,marzikola,mazandaran,2025-12-13,0,25,25
2028,marzikola,mazandaran,2025-12-14,0,24,24
2028,marzikola,mazandaran,2025-12-15,0,28,28
2028,marzikola,mazandaran,2025-12-16,10,34,24
2028,marzikola,mazandaran,2025-12-17,0,34,34
2028,marzikola,mazandaran,2025-12-18,0,63,63
2028,marzikola,mazandaran,2025-12-19,0,26,26
2028,marzikola,mazandaran,2025-12-20,0,24,24
2028,marzikola,mazandaran,2025-12-21,1,20,19
5413,masal,gilan,2025-11-22,8594,9569,975
5413,masal,gilan,2025-11-23,6999,8794,1795
5413,masal,gilan,2025-11-24,4937,7486,2549
5413,masal,gilan,2025-11-25,4646,7706,3060
5413,masal,gilan,2025-11-26,5216,10532,5316
5413,masal,gilan,2025-11-27,4538,11506,6968
5413,masal,gilan,2025-11-28,1409,3916,2507
5413,masal,gilan,2025-11-29,1357,3608,2251
5413,masal,gilan,2025-11-30,1030,3019,1989
5413,masal,gilan,2025-12-01,1096,3482,2386
5413,masal,gilan,2025-12-02,1261,4414,3153
5413,masal,gilan,2025-12-03,1371,5677,4306
5413,masal,gilan,2025-12-04,1447,8707,7260
5413,masal,gilan,2025-12-05,671,3759,3088
5413,masal,gilan,2025-12-06,783,4146,3363
5413,masal,gilan,2025-12-07,640,3387,2747
5413,masal,gilan,2025-12-08,538,3231,2693
5413,masal,gilan,2025-12-09,478,3188,2710
5413,masal,gilan,2025-12-10,659,5329,4670
5413,masal,gilan,2025-12-11,860,10369,9509
5413,masal,gilan,2025-12-12,510,4811,4301
5413,masal,gilan,2025-12-13,504,4199,3695
5413,masal,gilan,2025-12-14,354,3093,2739
5413,masal,gilan,2025-12-15,335,3159,2824
5413,masal,gilan,2025-12-16,316,3087,2771
5413,masal,gilan,2025-12-17,483,5742,5259
5413,masal,gilan,2025-12-18,560,8201,7641
5413,masal,gilan,2025-12-19,277,3583,3306
5413,masal,gilan,2025-12-20,161,2358,2197
5413,masal,gilan,2025-12-21,65,2059,1994
9356,mashhad,khorasan_razavi,2025-11-22,26486,27774,1288
9356,mashhad,khorasan_razavi,2025-11-23,24152,27260,3108
9356,mashhad,khorasan_razavi,2025-11-24,21997,27407,5410
9356,mashhad,khorasan_razavi,2025-11-25,20661,28070,7409
9356,mashhad,khorasan_razavi,2025-11-26,19169,29299,10130
9356,mashhad,khorasan_razavi,2025-11-27,14421,26359,11938
9356,mashhad,khorasan_razavi,2025-11-28,6680,13049,6369
9356,mashhad,khorasan_razavi,2025-11-29,6346,13149,6803
9356,mashhad,khorasan_razavi,2025-11-30,6191,14238,8047
9356,mashhad,khorasan_razavi,2025-12-01,6521,16269,9748
9356,mashhad,khorasan_razavi,2025-12-02,7227,17969,10742
9356,mashhad,khorasan_razavi,2025-12-03,8049,23030,14981
9356,mashhad,khorasan_razavi,2025-12-04,7780,27315,19535
9356,mashhad,khorasan_razavi,2025-12-05,4533,15312,10779
9356,mashhad,khorasan_razavi,2025-12-06,4092,15357,11265
9356,mashhad,khorasan_razavi,2025-12-07,3499,13177,9678
9356,mashhad,khorasan_razavi,2025-12-08,3616,13971,10355
9356,mashhad,khorasan_razavi,2025-12-09,3987,17025,13038
9356,mashhad,khorasan_razavi,2025-12-10,4591,20378,15787
9356,mashhad,khorasan_razavi,2025-12-11,4650,25061,20411
9356,mashhad,khorasan_razavi,2025-12-12,2932,15852,12920
9356,mashhad,khorasan_razavi,2025-12-13,2971,14656,11685
9356,mashhad,khorasan_razavi,2025-12-14,2600,14187,11587
9356,mashhad,khorasan_razavi,2025-12-15,2546,14290,11744
9356,mashhad,khorasan_razavi,2025-12-16,2781,15376,12595
9356,mashhad,khorasan_razavi,2025-12-17,3350,19511,16161
9356,mashhad,khorasan_razavi,2025-12-18,3243,21795,18552
9356,mashhad,khorasan_razavi,2025-12-19,2188,16414,14226
9356,mashhad,khorasan_razavi,2025-12-20,1633,13536,11903
9356,mashhad,khorasan_razavi,2025-12-21,854,10968,10114
7432,mashhad_ardahal,isfahan,2025-11-22,0,0,0
7432,mashhad_ardahal,isfahan,2025-11-23,0,0,0
7432,mashhad_ardahal,isfahan,2025-11-24,0,0,0
7432,mashhad_ardahal,isfahan,2025-11-25,0,0,0
7432,mashhad_ardahal,isfahan,2025-11-26,0,0,0
7432,mashhad_ardahal,isfahan,2025-11-27,0,0,0
7432,mashhad_ardahal,isfahan,2025-11-28,0,0,0
7432,mashhad_ardahal,isfahan,2025-11-29,0,0,0
7432,mashhad_ardahal,isfahan,2025-11-30,0,0,0
7432,mashhad_ardahal,isfahan,2025-12-01,0,0,0
7432,mashhad_ardahal,isfahan,2025-12-02,0,0,0
7432,mashhad_ardahal,isfahan,2025-12-03,0,0,0
7432,mashhad_ardahal,isfahan,2025-12-04,1,3,2
7432,mashhad_ardahal,isfahan,2025-12-05,0,0,0
7432,mashhad_ardahal,isfahan,2025-12-06,0,0,0
7432,mashhad_ardahal,isfahan,2025-12-07,1,2,1
7432,mashhad_ardahal,isfahan,2025-12-08,0,0,0
7432,mashhad_ardahal,isfahan,2025-12-09,0,0,0
7432,mashhad_ardahal,isfahan,2025-12-10,0,0,0
7432,mashhad_ardahal,isfahan,2025-12-11,0,0,0
7432,mashhad_ardahal,isfahan,2025-12-12,0,0,0
7432,mashhad_ardahal,isfahan,2025-12-13,0,0,0
7432,mashhad_ardahal,isfahan,2025-12-14,0,0,0
7432,mashhad_ardahal,isfahan,2025-12-15,0,0,0
7432,mashhad_ardahal,isfahan,2025-12-16,1,2,1
7432,mashhad_ardahal,isfahan,2025-12-17,0,0,0
7432,mashhad_ardahal,isfahan,2025-12-18,1,2,1
7432,mashhad_ardahal,isfahan,2025-12-19,0,0,0
7432,mashhad_ardahal,isfahan,2025-12-20,0,0,0
7432,mashhad_ardahal,isfahan,2025-12-21,0,0,0
9936,mashhadrize,khorasan_razavi,2025-11-22,0,0,0
9936,mashhadrize,khorasan_razavi,2025-11-23,0,0,0
9936,mashhadrize,khorasan_razavi,2025-11-24,0,0,0
9936,mashhadrize,khorasan_razavi,2025-11-25,0,0,0
9936,mashhadrize,khorasan_razavi,2025-11-26,0,0,0
9936,mashhadrize,khorasan_razavi,2025-11-27,0,0,0
9936,mashhadrize,khorasan_razavi,2025-11-28,0,0,0
9936,mashhadrize,khorasan_razavi,2025-11-29,0,0,0
9936,mashhadrize,khorasan_razavi,2025-11-30,0,0,0
9936,mashhadrize,khorasan_razavi,2025-12-01,0,0,0
9936,mashhadrize,khorasan_razavi,2025-12-02,0,0,0
9936,mashhadrize,khorasan_razavi,2025-12-03,0,0,0
9936,mashhadrize,khorasan_razavi,2025-12-04,0,0,0
9936,mashhadrize,khorasan_razavi,2025-12-05,0,0,0
9936,mashhadrize,khorasan_razavi,2025-12-06,0,0,0
9936,mashhadrize,khorasan_razavi,2025-12-07,0,0,0
9936,mashhadrize,khorasan_razavi,2025-12-08,0,0,0
9936,mashhadrize,khorasan_razavi,2025-12-09,0,0,0
9936,mashhadrize,khorasan_razavi,2025-12-10,0,0,0
9936,mashhadrize,khorasan_razavi,2025-12-11,0,0,0
9936,mashhadrize,khorasan_razavi,2025-12-12,0,0,0
9936,mashhadrize,khorasan_razavi,2025-12-13,0,0,0
9936,mashhadrize,khorasan_razavi,2025-12-14,0,0,0
9936,mashhadrize,khorasan_razavi,2025-12-15,0,0,0
9936,mashhadrize,khorasan_razavi,2025-12-16,0,0,0
9936,mashhadrize,khorasan_razavi,2025-12-17,0,0,0
9936,mashhadrize,khorasan_razavi,2025-12-18,0,0,0
9936,mashhadrize,khorasan_razavi,2025-12-19,0,0,0
9936,mashhadrize,khorasan_razavi,2025-12-20,0,0,0
9936,mashhadrize,khorasan_razavi,2025-12-21,0,0,0
1572,mashhadsamen,khorasan_razavi,2025-11-22,4,4,0
1572,mashhadsamen,khorasan_razavi,2025-11-23,6,6,0
1572,mashhadsamen,khorasan_razavi,2025-11-24,6,6,0
1572,mashhadsamen,khorasan_razavi,2025-11-25,4,4,0
1572,mashhadsamen,khorasan_razavi,2025-11-26,3,4,1
1572,mashhadsamen,khorasan_razavi,2025-11-27,8,10,2
1572,mashhadsamen,khorasan_razavi,2025-11-28,8,11,3
1572,mashhadsamen,khorasan_razavi,2025-11-29,8,10,2
1572,mashhadsamen,khorasan_razavi,2025-11-30,9,13,4
1572,mashhadsamen,khorasan_razavi,2025-12-01,3,6,3
1572,mashhadsamen,khorasan_razavi,2025-12-02,2,5,3
1572,mashhadsamen,khorasan_razavi,2025-12-03,1,3,2
1572,mashhadsamen,khorasan_razavi,2025-12-04,1,5,4
1572,mashhadsamen,khorasan_razavi,2025-12-05,1,3,2
1572,mashhadsamen,khorasan_razavi,2025-12-06,0,4,4
1572,mashhadsamen,khorasan_razavi,2025-12-07,0,4,4
1572,mashhadsamen,khorasan_razavi,2025-12-08,0,4,4
1572,mashhadsamen,khorasan_razavi,2025-12-09,1,5,4
1572,mashhadsamen,khorasan_razavi,2025-12-10,1,6,5
1572,mashhadsamen,khorasan_razavi,2025-12-11,1,9,8
1572,mashhadsamen,khorasan_razavi,2025-12-12,0,5,5
1572,mashhadsamen,khorasan_razavi,2025-12-13,0,4,4
1572,mashhadsamen,khorasan_razavi,2025-12-14,0,4,4
1572,mashhadsamen,khorasan_razavi,2025-12-15,0,5,5
1572,mashhadsamen,khorasan_razavi,2025-12-16,0,5,5
1572,mashhadsamen,khorasan_razavi,2025-12-17,0,6,6
1572,mashhadsamen,khorasan_razavi,2025-12-18,0,7,7
1572,mashhadsamen,khorasan_razavi,2025-12-19,0,6,6
1572,mashhadsamen,khorasan_razavi,2025-12-20,0,5,5
1572,mashhadsamen,khorasan_razavi,2025-12-21,0,5,5
2101,masuleh,gilan,2025-11-22,1350,1606,256
2101,masuleh,gilan,2025-11-23,1013,1410,397
2101,masuleh,gilan,2025-11-24,686,1109,423
2101,masuleh,gilan,2025-11-25,635,1144,509
2101,masuleh,gilan,2025-11-26,770,1584,814
2101,masuleh,gilan,2025-11-27,809,2139,1330
2101,masuleh,gilan,2025-11-28,215,741,526
2101,masuleh,gilan,2025-11-29,216,693,477
2101,masuleh,gilan,2025-11-30,234,785,551
2101,masuleh,gilan,2025-12-01,155,640,485
2101,masuleh,gilan,2025-12-02,134,645,511
2101,masuleh,gilan,2025-12-03,221,1137,916
2101,masuleh,gilan,2025-12-04,244,1993,1749
2101,masuleh,gilan,2025-12-05,119,772,653
2101,masuleh,gilan,2025-12-06,170,962,792
2101,masuleh,gilan,2025-12-07,127,697,570
2101,masuleh,gilan,2025-12-08,129,757,628
2101,masuleh,gilan,2025-12-09,113,816,703
2101,masuleh,gilan,2025-12-10,124,1076,952
2101,masuleh,gilan,2025-12-11,129,1936,1807
2101,masuleh,gilan,2025-12-12,59,733,674
2101,masuleh,gilan,2025-12-13,111,735,624
2101,masuleh,gilan,2025-12-14,29,446,417
2101,masuleh,gilan,2025-12-15,43,583,540
2101,masuleh,gilan,2025-12-16,67,851,784
2101,masuleh,gilan,2025-12-17,91,1141,1050
2101,masuleh,gilan,2025-12-18,103,1534,1431
2101,masuleh,gilan,2025-12-19,48,766,718
2101,masuleh,gilan,2025-12-20,52,738,686
2101,masuleh,gilan,2025-12-21,25,460,435
4380,meshkindasht,alborz,2025-11-22,3,3,0
4380,meshkindasht,alborz,2025-11-23,0,1,1
4380,meshkindasht,alborz,2025-11-24,0,1,1
4380,meshkindasht,alborz,2025-11-25,0,1,1
4380,meshkindasht,alborz,2025-11-26,0,3,3
4380,meshkindasht,alborz,2025-11-27,2,6,4
4380,meshkindasht,alborz,2025-11-28,2,4,2
4380,meshkindasht,alborz,2025-11-29,0,2,2
4380,meshkindasht,alborz,2025-11-30,0,3,3
4380,meshkindasht,alborz,2025-12-01,0,3,3
4380,meshkindasht,alborz,2025-12-02,0,3,3
4380,meshkindasht,alborz,2025-12-03,0,3,3
4380,meshkindasht,alborz,2025-12-04,2,12,10
4380,meshkindasht,alborz,2025-12-05,0,3,3
4380,meshkindasht,alborz,2025-12-06,0,3,3
4380,meshkindasht,alborz,2025-12-07,0,2,2
4380,meshkindasht,alborz,2025-12-08,0,2,2
4380,meshkindasht,alborz,2025-12-09,0,2,2
4380,meshkindasht,alborz,2025-12-10,2,6,4
4380,meshkindasht,alborz,2025-12-11,2,10,8
4380,meshkindasht,alborz,2025-12-12,0,3,3
4380,meshkindasht,alborz,2025-12-13,0,2,2
4380,meshkindasht,alborz,2025-12-14,0,2,2
4380,meshkindasht,alborz,2025-12-15,0,3,3
4380,meshkindasht,alborz,2025-12-16,0,3,3
4380,meshkindasht,alborz,2025-12-17,0,4,4
4380,meshkindasht,alborz,2025-12-18,3,9,6
4380,meshkindasht,alborz,2025-12-19,3,7,4
4380,meshkindasht,alborz,2025-12-20,0,3,3
4380,meshkindasht,alborz,2025-12-21,0,3,3
3914,meygoon,tehran,2025-11-22,72,85,13
3914,meygoon,tehran,2025-11-23,77,109,32
3914,meygoon,tehran,2025-11-24,32,64,32
3914,meygoon,tehran,2025-11-25,26,57,31
3914,meygoon,tehran,2025-11-26,24,71,47
3914,meygoon,tehran,2025-11-27,50,226,176
3914,meygoon,tehran,2025-11-28,24,113,89
3914,meygoon,tehran,2025-11-29,21,73,52
3914,meygoon,tehran,2025-11-30,15,65,50
3914,meygoon,tehran,2025-12-01,17,86,69
3914,meygoon,tehran,2025-12-02,15,86,71
3914,meygoon,tehran,2025-12-03,21,124,103
3914,meygoon,tehran,2025-12-04,30,378,348
3914,meygoon,tehran,2025-12-05,20,131,111
3914,meygoon,tehran,2025-12-06,14,94,80
3914,meygoon,tehran,2025-12-07,21,129,108
3914,meygoon,tehran,2025-12-08,22,133,111
3914,meygoon,tehran,2025-12-09,20,138,118
3914,meygoon,tehran,2025-12-10,22,179,157
3914,meygoon,tehran,2025-12-11,38,624,586
3914,meygoon,tehran,2025-12-12,22,203,181
3914,meygoon,tehran,2025-12-13,15,119,104
3914,meygoon,tehran,2025-12-14,13,116,103
3914,meygoon,tehran,2025-12-15,15,119,104
3914,meygoon,tehran,2025-12-16,13,126,113
3914,meygoon,tehran,2025-12-17,13,154,141
3914,meygoon,tehran,2025-12-18,16,452,436
3914,meygoon,tehran,2025-12-19,13,193,180
3914,meygoon,tehran,2025-12-20,13,132,119
3914,meygoon,tehran,2025-12-21,0,65,65
7634,meymeh,isfahan,2025-11-22,0,0,0
7634,meymeh,isfahan,2025-11-23,0,0,0
7634,meymeh,isfahan,2025-11-24,0,0,0
7634,meymeh,isfahan,2025-11-25,0,0,0
7634,meymeh,isfahan,2025-11-26,0,0,0
7634,meymeh,isfahan,2025-11-27,0,0,0
7634,meymeh,isfahan,2025-11-28,0,0,0
7634,meymeh,isfahan,2025-11-29,0,0,0
7634,meymeh,isfahan,2025-11-30,0,0,0
7634,meymeh,isfahan,2025-12-01,0,0,0
7634,meymeh,isfahan,2025-12-02,0,0,0
7634,meymeh,isfahan,2025-12-03,0,0,0
7634,meymeh,isfahan,2025-12-04,0,1,1
7634,meymeh,isfahan,2025-12-05,0,0,0
7634,meymeh,isfahan,2025-12-06,0,0,0
7634,meymeh,isfahan,2025-12-07,0,0,0
7634,meymeh,isfahan,2025-12-08,0,0,0
7634,meymeh,isfahan,2025-12-09,0,0,0
7634,meymeh,isfahan,2025-12-10,0,0,0
7634,meymeh,isfahan,2025-12-11,0,0,0
7634,meymeh,isfahan,2025-12-12,0,0,0
7634,meymeh,isfahan,2025-12-13,0,0,0
7634,meymeh,isfahan,2025-12-14,0,0,0
7634,meymeh,isfahan,2025-12-15,0,0,0
7634,meymeh,isfahan,2025-12-16,0,0,0
7634,meymeh,isfahan,2025-12-17,0,0,0
7634,meymeh,isfahan,2025-12-18,0,0,0
7634,meymeh,isfahan,2025-12-19,0,0,0
7634,meymeh,isfahan,2025-12-20,0,0,0
7634,meymeh,isfahan,2025-12-21,0,0,0
1675,miandoroud,mazandaran,2025-11-22,0,0,0
1675,miandoroud,mazandaran,2025-11-23,1,1,0
1675,miandoroud,mazandaran,2025-11-24,2,2,0
1675,miandoroud,mazandaran,2025-11-25,0,0,0
1675,miandoroud,mazandaran,2025-11-26,1,1,0
1675,miandoroud,mazandaran,2025-11-27,1,1,0
1675,miandoroud,mazandaran,2025-11-28,0,0,0
1675,miandoroud,mazandaran,2025-11-29,0,0,0
1675,miandoroud,mazandaran,2025-11-30,0,0,0
1675,miandoroud,mazandaran,2025-12-01,0,0,0
1675,miandoroud,mazandaran,2025-12-02,0,0,0
1675,miandoroud,mazandaran,2025-12-03,0,0,0
1675,miandoroud,mazandaran,2025-12-04,0,0,0
1675,miandoroud,mazandaran,2025-12-05,0,0,0
1675,miandoroud,mazandaran,2025-12-06,0,0,0
1675,miandoroud,mazandaran,2025-12-07,0,0,0
1675,miandoroud,mazandaran,2025-12-08,0,0,0
1675,miandoroud,mazandaran,2025-12-09,0,0,0
1675,miandoroud,mazandaran,2025-12-10,0,0,0
1675,miandoroud,mazandaran,2025-12-11,0,1,1
1675,miandoroud,mazandaran,2025-12-12,0,0,0
1675,miandoroud,mazandaran,2025-12-13,0,0,0
1675,miandoroud,mazandaran,2025-12-14,0,0,0
1675,miandoroud,mazandaran,2025-12-15,0,0,0
1675,miandoroud,mazandaran,2025-12-16,0,0,0
1675,miandoroud,mazandaran,2025-12-17,0,0,0
1675,miandoroud,mazandaran,2025-12-18,0,0,0
1675,miandoroud,mazandaran,2025-12-19,0,0,0
1675,miandoroud,mazandaran,2025-12-20,0,0,0
1675,miandoroud,mazandaran,2025-12-21,0,0,0
5799,minab,hormozgan,2025-11-22,0,0,0
5799,minab,hormozgan,2025-11-23,0,0,0
5799,minab,hormozgan,2025-11-24,0,0,0
5799,minab,hormozgan,2025-11-25,0,0,0
5799,minab,hormozgan,2025-11-26,0,0,0
5799,minab,hormozgan,2025-11-27,0,0,0
5799,minab,hormozgan,2025-11-28,0,0,0
5799,minab,hormozgan,2025-11-29,0,0,0
5799,minab,hormozgan,2025-11-30,0,0,0
5799,minab,hormozgan,2025-12-01,0,0,0
5799,minab,hormozgan,2025-12-02,0,0,0
5799,minab,hormozgan,2025-12-03,0,0,0
5799,minab,hormozgan,2025-12-04,0,0,0
5799,minab,hormozgan,2025-12-05,0,0,0
5799,minab,hormozgan,2025-12-06,0,0,0
5799,minab,hormozgan,2025-12-07,0,0,0
5799,minab,hormozgan,2025-12-08,0,0,0
5799,minab,hormozgan,2025-12-09,0,0,0
5799,minab,hormozgan,2025-12-10,0,0,0
5799,minab,hormozgan,2025-12-11,0,0,0
5799,minab,hormozgan,2025-12-12,0,0,0
5799,minab,hormozgan,2025-12-13,0,0,0
5799,minab,hormozgan,2025-12-14,0,0,0
5799,minab,hormozgan,2025-12-15,0,0,0
5799,minab,hormozgan,2025-12-16,0,0,0
5799,minab,hormozgan,2025-12-17,0,0,0
5799,minab,hormozgan,2025-12-18,0,0,0
5799,minab,hormozgan,2025-12-19,0,0,0
5799,minab,hormozgan,2025-12-20,0,0,0
5799,minab,hormozgan,2025-12-21,0,0,0
5241,mobarakeh,isfahan,2025-11-22,0,0,0
5241,mobarakeh,isfahan,2025-11-23,0,0,0
5241,mobarakeh,isfahan,2025-11-24,0,0,0
5241,mobarakeh,isfahan,2025-11-25,0,0,0
5241,mobarakeh,isfahan,2025-11-26,0,0,0
5241,mobarakeh,isfahan,2025-11-27,0,0,0
5241,mobarakeh,isfahan,2025-11-28,0,0,0
5241,mobarakeh,isfahan,2025-11-29,0,0,0
5241,mobarakeh,isfahan,2025-11-30,0,0,0
5241,mobarakeh,isfahan,2025-12-01,0,0,0
5241,mobarakeh,isfahan,2025-12-02,0,0,0
5241,mobarakeh,isfahan,2025-12-03,0,0,0
5241,mobarakeh,isfahan,2025-12-04,0,0,0
5241,mobarakeh,isfahan,2025-12-05,0,0,0
5241,mobarakeh,isfahan,2025-12-06,0,0,0
5241,mobarakeh,isfahan,2025-12-07,0,0,0
5241,mobarakeh,isfahan,2025-12-08,0,0,0
5241,mobarakeh,isfahan,2025-12-09,0,0,0
5241,mobarakeh,isfahan,2025-12-10,0,0,0
5241,mobarakeh,isfahan,2025-12-11,0,0,0
5241,mobarakeh,isfahan,2025-12-12,0,0,0
5241,mobarakeh,isfahan,2025-12-13,0,0,0
5241,mobarakeh,isfahan,2025-12-14,0,0,0
5241,mobarakeh,isfahan,2025-12-15,0,0,0
5241,mobarakeh,isfahan,2025-12-16,0,0,0
5241,mobarakeh,isfahan,2025-12-17,0,0,0
5241,mobarakeh,isfahan,2025-12-18,0,0,0
5241,mobarakeh,isfahan,2025-12-19,0,0,0
5241,mobarakeh,isfahan,2025-12-20,0,0,0
5241,mobarakeh,isfahan,2025-12-21,0,0,0
8656,mohammadabad_esf,isfahan,2025-11-22,0,0,0
8656,mohammadabad_esf,isfahan,2025-11-23,0,0,0
8656,mohammadabad_esf,isfahan,2025-11-24,0,0,0
8656,mohammadabad_esf,isfahan,2025-11-25,0,0,0
8656,mohammadabad_esf,isfahan,2025-11-26,0,0,0
8656,mohammadabad_esf,isfahan,2025-11-27,0,0,0
8656,mohammadabad_esf,isfahan,2025-11-28,0,0,0
8656,mohammadabad_esf,isfahan,2025-11-29,0,0,0
8656,mohammadabad_esf,isfahan,2025-11-30,0,0,0
8656,mohammadabad_esf,isfahan,2025-12-01,0,0,0
8656,mohammadabad_esf,isfahan,2025-12-02,0,0,0
8656,mohammadabad_esf,isfahan,2025-12-03,0,0,0
8656,mohammadabad_esf,isfahan,2025-12-04,0,0,0
8656,mohammadabad_esf,isfahan,2025-12-05,0,0,0
8656,mohammadabad_esf,isfahan,2025-12-06,0,0,0
8656,mohammadabad_esf,isfahan,2025-12-07,0,0,0
8656,mohammadabad_esf,isfahan,2025-12-08,0,0,0
8656,mohammadabad_esf,isfahan,2025-12-09,0,0,0
8656,mohammadabad_esf,isfahan,2025-12-10,0,0,0
8656,mohammadabad_esf,isfahan,2025-12-11,0,0,0
8656,mohammadabad_esf,isfahan,2025-12-12,0,0,0
8656,mohammadabad_esf,isfahan,2025-12-13,0,0,0
8656,mohammadabad_esf,isfahan,2025-12-14,0,0,0
8656,mohammadabad_esf,isfahan,2025-12-15,0,0,0
8656,mohammadabad_esf,isfahan,2025-12-16,0,0,0
8656,mohammadabad_esf,isfahan,2025-12-17,0,0,0
8656,mohammadabad_esf,isfahan,2025-12-18,0,0,0
8656,mohammadabad_esf,isfahan,2025-12-19,0,0,0
8656,mohammadabad_esf,isfahan,2025-12-20,0,0,0
8656,mohammadabad_esf,isfahan,2025-12-21,0,0,0
8738,mohammadshahr_albrz,alborz,2025-11-22,8,10,2
8738,mohammadshahr_albrz,alborz,2025-11-23,5,10,5
8738,mohammadshahr_albrz,alborz,2025-11-24,12,19,7
8738,mohammadshahr_albrz,alborz,2025-11-25,8,16,8
8738,mohammadshahr_albrz,alborz,2025-11-26,6,14,8
8738,mohammadshahr_albrz,alborz,2025-11-27,12,40,28
8738,mohammadshahr_albrz,alborz,2025-11-28,5,17,12
8738,mohammadshahr_albrz,alborz,2025-11-29,2,10,8
8738,mohammadshahr_albrz,alborz,2025-11-30,3,13,10
8738,mohammadshahr_albrz,alborz,2025-12-01,5,18,13
8738,mohammadshahr_albrz,alborz,2025-12-02,6,21,15
8738,mohammadshahr_albrz,alborz,2025-12-03,3,18,15
8738,mohammadshahr_albrz,alborz,2025-12-04,10,52,42
8738,mohammadshahr_albrz,alborz,2025-12-05,2,17,15
8738,mohammadshahr_albrz,alborz,2025-12-06,3,15,12
8738,mohammadshahr_albrz,alborz,2025-12-07,0,11,11
8738,mohammadshahr_albrz,alborz,2025-12-08,1,13,12
8738,mohammadshahr_albrz,alborz,2025-12-09,1,14,13
8738,mohammadshahr_albrz,alborz,2025-12-10,2,17,15
8738,mohammadshahr_albrz,alborz,2025-12-11,0,48,48
8738,mohammadshahr_albrz,alborz,2025-12-12,0,15,15
8738,mohammadshahr_albrz,alborz,2025-12-13,0,13,13
8738,mohammadshahr_albrz,alborz,2025-12-14,2,16,14
8738,mohammadshahr_albrz,alborz,2025-12-15,2,17,15
8738,mohammadshahr_albrz,alborz,2025-12-16,3,18,15
8738,mohammadshahr_albrz,alborz,2025-12-17,4,20,16
8738,mohammadshahr_albrz,alborz,2025-12-18,8,46,38
8738,mohammadshahr_albrz,alborz,2025-12-19,7,26,19
8738,mohammadshahr_albrz,alborz,2025-12-20,2,16,14
8738,mohammadshahr_albrz,alborz,2025-12-21,1,12,11
5303,molkabad,khorasan_razavi,2025-11-22,0,0,0
5303,molkabad,khorasan_razavi,2025-11-23,0,0,0
5303,molkabad,khorasan_razavi,2025-11-24,0,0,0
5303,molkabad,khorasan_razavi,2025-11-25,0,0,0
5303,molkabad,khorasan_razavi,2025-11-26,0,0,0
5303,molkabad,khorasan_razavi,2025-11-27,0,0,0
5303,molkabad,khorasan_razavi,2025-11-28,0,0,0
5303,molkabad,khorasan_razavi,2025-11-29,0,0,0
5303,molkabad,khorasan_razavi,2025-11-30,0,0,0
5303,molkabad,khorasan_razavi,2025-12-01,0,0,0
5303,molkabad,khorasan_razavi,2025-12-02,0,0,0
5303,molkabad,khorasan_razavi,2025-12-03,0,0,0
5303,molkabad,khorasan_razavi,2025-12-04,0,0,0
5303,molkabad,khorasan_razavi,2025-12-05,0,0,0
5303,molkabad,khorasan_razavi,2025-12-06,0,0,0
5303,molkabad,khorasan_razavi,2025-12-07,0,0,0
5303,molkabad,khorasan_razavi,2025-12-08,0,0,0
5303,molkabad,khorasan_razavi,2025-12-09,0,0,0
5303,molkabad,khorasan_razavi,2025-12-10,0,0,0
5303,molkabad,khorasan_razavi,2025-12-11,0,0,0
5303,molkabad,khorasan_razavi,2025-12-12,0,0,0
5303,molkabad,khorasan_razavi,2025-12-13,0,0,0
5303,molkabad,khorasan_razavi,2025-12-14,0,0,0
5303,molkabad,khorasan_razavi,2025-12-15,0,0,0
5303,molkabad,khorasan_razavi,2025-12-16,0,0,0
5303,molkabad,khorasan_razavi,2025-12-17,0,0,0
5303,molkabad,khorasan_razavi,2025-12-18,0,0,0
5303,molkabad,khorasan_razavi,2025-12-19,0,0,0
5303,molkabad,khorasan_razavi,2025-12-20,0,0,0
5303,molkabad,khorasan_razavi,2025-12-21,0,0,0
4655,motelghoo,mazandaran,2025-11-22,4648,5378,730
4655,motelghoo,mazandaran,2025-11-23,3614,5007,1393
4655,motelghoo,mazandaran,2025-11-24,2672,4251,1579
4655,motelghoo,mazandaran,2025-11-25,2447,4282,1835
4655,motelghoo,mazandaran,2025-11-26,2787,5956,3169
4655,motelghoo,mazandaran,2025-11-27,2559,7425,4866
4655,motelghoo,mazandaran,2025-11-28,1089,3220,2131
4655,motelghoo,mazandaran,2025-11-29,886,2554,1668
4655,motelghoo,mazandaran,2025-11-30,799,2682,1883
4655,motelghoo,mazandaran,2025-12-01,739,2776,2037
4655,motelghoo,mazandaran,2025-12-02,659,2746,2087
4655,motelghoo,mazandaran,2025-12-03,907,4337,3430
4655,motelghoo,mazandaran,2025-12-04,1033,7255,6222
4655,motelghoo,mazandaran,2025-12-05,409,2957,2548
4655,motelghoo,mazandaran,2025-12-06,450,2770,2320
4655,motelghoo,mazandaran,2025-12-07,416,2577,2161
4655,motelghoo,mazandaran,2025-12-08,401,2651,2250
4655,motelghoo,mazandaran,2025-12-09,384,2765,2381
4655,motelghoo,mazandaran,2025-12-10,414,4194,3780
4655,motelghoo,mazandaran,2025-12-11,402,7058,6656
4655,motelghoo,mazandaran,2025-12-12,173,2802,2629
4655,motelghoo,mazandaran,2025-12-13,180,2430,2250
4655,motelghoo,mazandaran,2025-12-14,170,2293,2123
4655,motelghoo,mazandaran,2025-12-15,196,2289,2093
4655,motelghoo,mazandaran,2025-12-16,201,2675,2474
4655,motelghoo,mazandaran,2025-12-17,226,3705,3479
4655,motelghoo,mazandaran,2025-12-18,243,4914,4671
4655,motelghoo,mazandaran,2025-12-19,138,2844,2706
4655,motelghoo,mazandaran,2025-12-20,139,2260,2121
4655,motelghoo,mazandaran,2025-12-21,59,1641,1582
6753,nain,isfahan,2025-11-22,8,18,10
6753,nain,isfahan,2025-11-23,31,46,15
6753,nain,isfahan,2025-11-24,3,18,15
6753,nain,isfahan,2025-11-25,5,25,20
6753,nain,isfahan,2025-11-26,9,31,22
6753,nain,isfahan,2025-11-27,18,54,36
6753,nain,isfahan,2025-11-28,0,15,15
6753,nain,isfahan,2025-11-29,0,16,16
6753,nain,isfahan,2025-11-30,0,20,20
6753,nain,isfahan,2025-12-01,6,31,25
6753,nain,isfahan,2025-12-02,6,31,25
6753,nain,isfahan,2025-12-03,2,34,32
6753,nain,isfahan,2025-12-04,0,38,38
6753,nain,isfahan,2025-12-05,0,20,20
6753,nain,isfahan,2025-12-06,0,25,25
6753,nain,isfahan,2025-12-07,0,23,23
6753,nain,isfahan,2025-12-08,0,25,25
6753,nain,isfahan,2025-12-09,4,36,32
6753,nain,isfahan,2025-12-10,3,39,36
6753,nain,isfahan,2025-12-11,6,57,51
6753,nain,isfahan,2025-12-12,3,26,23
6753,nain,isfahan,2025-12-13,3,29,26
6753,nain,isfahan,2025-12-14,0,25,25
6753,nain,isfahan,2025-12-15,2,29,27
6753,nain,isfahan,2025-12-16,0,34,34
6753,nain,isfahan,2025-12-17,0,37,37
6753,nain,isfahan,2025-12-18,0,46,46
6753,nain,isfahan,2025-12-19,0,23,23
6753,nain,isfahan,2025-12-20,0,26,26
6753,nain,isfahan,2025-12-21,0,22,22
7039,najafabad,isfahan,2025-11-22,24,28,4
7039,najafabad,isfahan,2025-11-23,13,20,7
7039,najafabad,isfahan,2025-11-24,20,30,10
7039,najafabad,isfahan,2025-11-25,7,17,10
7039,najafabad,isfahan,2025-11-26,5,27,22
7039,najafabad,isfahan,2025-11-27,5,29,24
7039,najafabad,isfahan,2025-11-28,4,19,15
7039,najafabad,isfahan,2025-11-29,4,22,18
7039,najafabad,isfahan,2025-11-30,7,23,16
7039,najafabad,isfahan,2025-12-01,7,26,19
7039,najafabad,isfahan,2025-12-02,7,29,22
7039,najafabad,isfahan,2025-12-03,7,35,28
7039,najafabad,isfahan,2025-12-04,5,47,42
7039,najafabad,isfahan,2025-12-05,4,21,17
7039,najafabad,isfahan,2025-12-06,4,26,22
7039,najafabad,isfahan,2025-12-07,4,24,20
7039,najafabad,isfahan,2025-12-08,4,25,21
7039,najafabad,isfahan,2025-12-09,7,28,21
7039,najafabad,isfahan,2025-12-10,2,31,29
7039,najafabad,isfahan,2025-12-11,2,49,47
7039,najafabad,isfahan,2025-12-12,2,21,19
7039,najafabad,isfahan,2025-12-13,2,25,23
7039,najafabad,isfahan,2025-12-14,2,25,23
7039,najafabad,isfahan,2025-12-15,0,29,29
7039,najafabad,isfahan,2025-12-16,0,32,32
7039,najafabad,isfahan,2025-12-17,1,35,34
7039,najafabad,isfahan,2025-12-18,3,50,47
7039,najafabad,isfahan,2025-12-19,1,26,25
7039,najafabad,isfahan,2025-12-20,1,30,29
7039,najafabad,isfahan,2025-12-21,0,27,27
6268,namak_abrud,mazandaran,2025-11-22,2134,2502,368
6268,namak_abrud,mazandaran,2025-11-23,1694,2385,691
6268,namak_abrud,mazandaran,2025-11-24,1347,2169,822
6268,namak_abrud,mazandaran,2025-11-25,1199,2291,1092
6268,namak_abrud,mazandaran,2025-11-26,1530,3361,1831
6268,namak_abrud,mazandaran,2025-11-27,1701,4557,2856
6268,namak_abrud,mazandaran,2025-11-28,582,1758,1176
6268,namak_abrud,mazandaran,2025-11-29,594,1633,1039
6268,namak_abrud,mazandaran,2025-11-30,432,1452,1020
6268,namak_abrud,mazandaran,2025-12-01,418,1592,1174
6268,namak_abrud,mazandaran,2025-12-02,307,1450,1143
6268,namak_abrud,mazandaran,2025-12-03,443,2252,1809
6268,namak_abrud,mazandaran,2025-12-04,500,3854,3354
6268,namak_abrud,mazandaran,2025-12-05,260,1530,1270
6268,namak_abrud,mazandaran,2025-12-06,173,1313,1140
6268,namak_abrud,mazandaran,2025-12-07,153,1202,1049
6268,namak_abrud,mazandaran,2025-12-08,158,1254,1096
6268,namak_abrud,mazandaran,2025-12-09,157,1280,1123
6268,namak_abrud,mazandaran,2025-12-10,241,2131,1890
6268,namak_abrud,mazandaran,2025-12-11,249,3723,3474
6268,namak_abrud,mazandaran,2025-12-12,117,1650,1533
6268,namak_abrud,mazandaran,2025-12-13,79,1091,1012
6268,namak_abrud,mazandaran,2025-12-14,61,1004,943
6268,namak_abrud,mazandaran,2025-12-15,60,1018,958
6268,namak_abrud,mazandaran,2025-12-16,85,1228,1143
6268,namak_abrud,mazandaran,2025-12-17,147,1951,1804
6268,namak_abrud,mazandaran,2025-12-18,170,3064,2894
6268,namak_abrud,mazandaran,2025-12-19,85,1558,1473
6268,namak_abrud,mazandaran,2025-12-20,54,1066,1012
6268,namak_abrud,mazandaran,2025-12-21,20,709,689
8043,nashtarud,mazandaran,2025-11-22,346,399,53
8043,nashtarud,mazandaran,2025-11-23,252,336,84
8043,nashtarud,mazandaran,2025-11-24,167,274,107
8043,nashtarud,mazandaran,2025-11-25,133,259,126
8043,nashtarud,mazandaran,2025-11-26,171,463,292
8043,nashtarud,mazandaran,2025-11-27,170,554,384
8043,nashtarud,mazandaran,2025-11-28,67,211,144
8043,nashtarud,mazandaran,2025-11-29,70,189,119
8043,nashtarud,mazandaran,2025-11-30,73,207,134
8043,nashtarud,mazandaran,2025-12-01,63,254,191
8043,nashtarud,mazandaran,2025-12-02,52,260,208
8043,nashtarud,mazandaran,2025-12-03,66,364,298
8043,nashtarud,mazandaran,2025-12-04,48,591,543
8043,nashtarud,mazandaran,2025-12-05,22,215,193
8043,nashtarud,mazandaran,2025-12-06,33,206,173
8043,nashtarud,mazandaran,2025-12-07,27,200,173
8043,nashtarud,mazandaran,2025-12-08,31,209,178
8043,nashtarud,mazandaran,2025-12-09,30,215,185
8043,nashtarud,mazandaran,2025-12-10,33,287,254
8043,nashtarud,mazandaran,2025-12-11,33,558,525
8043,nashtarud,mazandaran,2025-12-12,21,253,232
8043,nashtarud,mazandaran,2025-12-13,14,168,154
8043,nashtarud,mazandaran,2025-12-14,11,177,166
8043,nashtarud,mazandaran,2025-12-15,11,189,178
8043,nashtarud,mazandaran,2025-12-16,18,204,186
8043,nashtarud,mazandaran,2025-12-17,29,290,261
8043,nashtarud,mazandaran,2025-12-18,28,433,405
8043,nashtarud,mazandaran,2025-12-19,22,217,195
8043,nashtarud,mazandaran,2025-12-20,18,177,159
8043,nashtarud,mazandaran,2025-12-21,8,136,128
7515,nasimshahr,tehran,2025-11-22,0,0,0
7515,nasimshahr,tehran,2025-11-23,0,0,0
7515,nasimshahr,tehran,2025-11-24,0,0,0
7515,nasimshahr,tehran,2025-11-25,0,0,0
7515,nasimshahr,tehran,2025-11-26,0,0,0
7515,nasimshahr,tehran,2025-11-27,0,0,0
7515,nasimshahr,tehran,2025-11-28,0,0,0
7515,nasimshahr,tehran,2025-11-29,0,0,0
7515,nasimshahr,tehran,2025-11-30,0,0,0
7515,nasimshahr,tehran,2025-12-01,0,0,0
7515,nasimshahr,tehran,2025-12-02,0,0,0
7515,nasimshahr,tehran,2025-12-03,0,0,0
7515,nasimshahr,tehran,2025-12-04,0,0,0
7515,nasimshahr,tehran,2025-12-05,0,0,0
7515,nasimshahr,tehran,2025-12-06,0,0,0
7515,nasimshahr,tehran,2025-12-07,0,0,0
7515,nasimshahr,tehran,2025-12-08,0,0,0
7515,nasimshahr,tehran,2025-12-09,0,0,0
7515,nasimshahr,tehran,2025-12-10,0,0,0
7515,nasimshahr,tehran,2025-12-11,0,0,0
7515,nasimshahr,tehran,2025-12-12,0,0,0
7515,nasimshahr,tehran,2025-12-13,0,0,0
7515,nasimshahr,tehran,2025-12-14,0,0,0
7515,nasimshahr,tehran,2025-12-15,0,0,0
7515,nasimshahr,tehran,2025-12-16,0,0,0
7515,nasimshahr,tehran,2025-12-17,0,0,0
7515,nasimshahr,tehran,2025-12-18,0,0,0
7515,nasimshahr,tehran,2025-12-19,0,0,0
7515,nasimshahr,tehran,2025-12-20,0,0,0
7515,nasimshahr,tehran,2025-12-21,0,0,0
2406,nasirabad,tehran,2025-11-22,5,5,0
2406,nasirabad,tehran,2025-11-23,4,4,0
2406,nasirabad,tehran,2025-11-24,4,4,0
2406,nasirabad,tehran,2025-11-25,5,5,0
2406,nasirabad,tehran,2025-11-26,5,5,0
2406,nasirabad,tehran,2025-11-27,5,5,0
2406,nasirabad,tehran,2025-11-28,5,5,0
2406,nasirabad,tehran,2025-11-29,5,6,1
2406,nasirabad,tehran,2025-11-30,5,6,1
2406,nasirabad,tehran,2025-12-01,4,5,1
2406,nasirabad,tehran,2025-12-02,4,5,1
2406,nasirabad,tehran,2025-12-03,4,5,1
2406,nasirabad,tehran,2025-12-04,4,5,1
2406,nasirabad,tehran,2025-12-05,4,5,1
2406,nasirabad,tehran,2025-12-06,4,4,0
2406,nasirabad,tehran,2025-12-07,4,4,0
2406,nasirabad,tehran,2025-12-08,4,4,0
2406,nasirabad,tehran,2025-12-09,4,4,0
2406,nasirabad,tehran,2025-12-10,4,5,1
2406,nasirabad,tehran,2025-12-11,4,5,1
2406,nasirabad,tehran,2025-12-12,4,5,1
2406,nasirabad,tehran,2025-12-13,4,5,1
2406,nasirabad,tehran,2025-12-14,4,5,1
2406,nasirabad,tehran,2025-12-15,4,5,1
2406,nasirabad,tehran,2025-12-16,4,5,1
2406,nasirabad,tehran,2025-12-17,4,5,1
2406,nasirabad,tehran,2025-12-18,4,5,1
2406,nasirabad,tehran,2025-12-19,4,5,1
2406,nasirabad,tehran,2025-12-20,4,5,1
2406,nasirabad,tehran,2025-12-21,4,5,1
1895,natanz,isfahan,2025-11-22,21,25,4
1895,natanz,isfahan,2025-11-23,20,27,7
1895,natanz,isfahan,2025-11-24,7,16,9
1895,natanz,isfahan,2025-11-25,8,18,10
1895,natanz,isfahan,2025-11-26,9,26,17
1895,natanz,isfahan,2025-11-27,17,67,50
1895,natanz,isfahan,2025-11-28,4,18,14
1895,natanz,isfahan,2025-11-29,1,13,12
1895,natanz,isfahan,2025-11-30,4,18,14
1895,natanz,isfahan,2025-12-01,4,25,21
1895,natanz,isfahan,2025-12-02,1,21,20
1895,natanz,isfahan,2025-12-03,4,29,25
1895,natanz,isfahan,2025-12-04,6,75,69
1895,natanz,isfahan,2025-12-05,1,16,15
1895,natanz,isfahan,2025-12-06,1,20,19
1895,natanz,isfahan,2025-12-07,1,18,17
1895,natanz,isfahan,2025-12-08,1,22,21
1895,natanz,isfahan,2025-12-09,3,25,22
1895,natanz,isfahan,2025-12-10,3,38,35
1895,natanz,isfahan,2025-12-11,3,83,80
1895,natanz,isfahan,2025-12-12,8,27,19
1895,natanz,isfahan,2025-12-13,3,23,20
1895,natanz,isfahan,2025-12-14,1,19,18
1895,natanz,isfahan,2025-12-15,1,25,24
1895,natanz,isfahan,2025-12-16,4,29,25
1895,natanz,isfahan,2025-12-17,3,42,39
1895,natanz,isfahan,2025-12-18,16,93,77
1895,natanz,isfahan,2025-12-19,8,27,19
1895,natanz,isfahan,2025-12-20,8,27,19
1895,natanz,isfahan,2025-12-21,0,16,16
1239,nazar_abad,alborz,2025-11-22,5,6,1
1239,nazar_abad,alborz,2025-11-23,5,7,2
1239,nazar_abad,alborz,2025-11-24,7,10,3
1239,nazar_abad,alborz,2025-11-25,7,11,4
1239,nazar_abad,alborz,2025-11-26,8,14,6
1239,nazar_abad,alborz,2025-11-27,8,17,9
1239,nazar_abad,alborz,2025-11-28,5,9,4
1239,nazar_abad,alborz,2025-11-29,5,10,5
1239,nazar_abad,alborz,2025-11-30,5,10,5
1239,nazar_abad,alborz,2025-12-01,5,11,6
1239,nazar_abad,alborz,2025-12-02,2,9,7
1239,nazar_abad,alborz,2025-12-03,2,10,8
1239,nazar_abad,alborz,2025-12-04,2,17,15
1239,nazar_abad,alborz,2025-12-05,2,7,5
1239,nazar_abad,alborz,2025-12-06,2,9,7
1239,nazar_abad,alborz,2025-12-07,2,9,7
1239,nazar_abad,alborz,2025-12-08,2,9,7
1239,nazar_abad,alborz,2025-12-09,2,10,8
1239,nazar_abad,alborz,2025-12-10,4,12,8
1239,nazar_abad,alborz,2025-12-11,4,22,18
1239,nazar_abad,alborz,2025-12-12,2,9,7
1239,nazar_abad,alborz,2025-12-13,2,10,8
1239,nazar_abad,alborz,2025-12-14,2,10,8
1239,nazar_abad,alborz,2025-12-15,2,9,7
1239,nazar_abad,alborz,2025-12-16,2,10,8
1239,nazar_abad,alborz,2025-12-17,2,10,8
1239,nazar_abad,alborz,2025-12-18,2,16,14
1239,nazar_abad,alborz,2025-12-19,2,9,7
1239,nazar_abad,alborz,2025-12-20,2,9,7
1239,nazar_abad,alborz,2025-12-21,2,8,6
2108,neghab,khorasan_razavi,2025-11-22,0,0,0
2108,neghab,khorasan_razavi,2025-11-23,0,0,0
2108,neghab,khorasan_razavi,2025-11-24,0,0,0
2108,neghab,khorasan_razavi,2025-11-25,0,0,0
2108,neghab,khorasan_razavi,2025-11-26,0,0,0
2108,neghab,khorasan_razavi,2025-11-27,0,0,0
2108,neghab,khorasan_razavi,2025-11-28,0,0,0
2108,neghab,khorasan_razavi,2025-11-29,0,0,0
2108,neghab,khorasan_razavi,2025-11-30,0,0,0
2108,neghab,khorasan_razavi,2025-12-01,0,0,0
2108,neghab,khorasan_razavi,2025-12-02,0,0,0
2108,neghab,khorasan_razavi,2025-12-03,0,0,0
2108,neghab,khorasan_razavi,2025-12-04,0,0,0
2108,neghab,khorasan_razavi,2025-12-05,0,0,0
2108,neghab,khorasan_razavi,2025-12-06,0,0,0
2108,neghab,khorasan_razavi,2025-12-07,0,0,0
2108,neghab,khorasan_razavi,2025-12-08,0,0,0
2108,neghab,khorasan_razavi,2025-12-09,0,0,0
2108,neghab,khorasan_razavi,2025-12-10,0,0,0
2108,neghab,khorasan_razavi,2025-12-11,0,0,0
2108,neghab,khorasan_razavi,2025-12-12,0,0,0
2108,neghab,khorasan_razavi,2025-12-13,0,0,0
2108,neghab,khorasan_razavi,2025-12-14,0,0,0
2108,neghab,khorasan_razavi,2025-12-15,0,0,0
2108,neghab,khorasan_razavi,2025-12-16,0,0,0
2108,neghab,khorasan_razavi,2025-12-17,0,0,0
2108,neghab,khorasan_razavi,2025-12-18,0,0,0
2108,neghab,khorasan_razavi,2025-12-19,0,0,0
2108,neghab,khorasan_razavi,2025-12-20,0,0,0
2108,neghab,khorasan_razavi,2025-12-21,0,0,0
7008,neka,mazandaran,2025-11-22,68,79,11
7008,neka,mazandaran,2025-11-23,43,62,19
7008,neka,mazandaran,2025-11-24,34,55,21
7008,neka,mazandaran,2025-11-25,33,58,25
7008,neka,mazandaran,2025-11-26,34,74,40
7008,neka,mazandaran,2025-11-27,24,73,49
7008,neka,mazandaran,2025-11-28,0,20,20
7008,neka,mazandaran,2025-11-29,5,23,18
7008,neka,mazandaran,2025-11-30,2,26,24
7008,neka,mazandaran,2025-12-01,2,42,40
7008,neka,mazandaran,2025-12-02,3,37,34
7008,neka,mazandaran,2025-12-03,4,46,42
7008,neka,mazandaran,2025-12-04,5,89,84
7008,neka,mazandaran,2025-12-05,0,21,21
7008,neka,mazandaran,2025-12-06,0,28,28
7008,neka,mazandaran,2025-12-07,3,26,23
7008,neka,mazandaran,2025-12-08,5,30,25
7008,neka,mazandaran,2025-12-09,7,31,24
7008,neka,mazandaran,2025-12-10,3,40,37
7008,neka,mazandaran,2025-12-11,4,80,76
7008,neka,mazandaran,2025-12-12,0,23,23
7008,neka,mazandaran,2025-12-13,0,22,22
7008,neka,mazandaran,2025-12-14,0,22,22
7008,neka,mazandaran,2025-12-15,0,23,23
7008,neka,mazandaran,2025-12-16,0,24,24
7008,neka,mazandaran,2025-12-17,0,34,34
7008,neka,mazandaran,2025-12-18,0,54,54
7008,neka,mazandaran,2025-12-19,0,25,25
7008,neka,mazandaran,2025-12-20,2,27,25
7008,neka,mazandaran,2025-12-21,0,19,19
2670,niasar,isfahan,2025-11-22,11,13,2
2670,niasar,isfahan,2025-11-23,9,12,3
2670,niasar,isfahan,2025-11-24,1,3,2
2670,niasar,isfahan,2025-11-25,0,3,3
2670,niasar,isfahan,2025-11-26,5,11,6
2670,niasar,isfahan,2025-11-27,7,36,29
2670,niasar,isfahan,2025-11-28,2,7,5
2670,niasar,isfahan,2025-11-29,0,6,6
2670,niasar,isfahan,2025-11-30,9,15,6
2670,niasar,isfahan,2025-12-01,9,17,8
2670,niasar,isfahan,2025-12-02,11,19,8
2670,niasar,isfahan,2025-12-03,6,17,11
2670,niasar,isfahan,2025-12-04,8,67,59
2670,niasar,isfahan,2025-12-05,0,8,8
2670,niasar,isfahan,2025-12-06,0,7,7
2670,niasar,isfahan,2025-12-07,1,7,6
2670,niasar,isfahan,2025-12-08,1,7,6
2670,niasar,isfahan,2025-12-09,0,6,6
2670,niasar,isfahan,2025-12-10,0,12,12
2670,niasar,isfahan,2025-12-11,1,53,52
2670,niasar,isfahan,2025-12-12,0,7,7
2670,niasar,isfahan,2025-12-13,0,7,7
2670,niasar,isfahan,2025-12-14,0,7,7
2670,niasar,isfahan,2025-12-15,0,7,7
2670,niasar,isfahan,2025-12-16,0,8,8
2670,niasar,isfahan,2025-12-17,0,14,14
2670,niasar,isfahan,2025-12-18,2,53,51
2670,niasar,isfahan,2025-12-19,0,8,8
2670,niasar,isfahan,2025-12-20,0,7,7
2670,niasar,isfahan,2025-12-21,0,6,6
1931,nikabad,isfahan,2025-11-22,0,0,0
1931,nikabad,isfahan,2025-11-23,0,0,0
1931,nikabad,isfahan,2025-11-24,0,0,0
1931,nikabad,isfahan,2025-11-25,0,0,0
1931,nikabad,isfahan,2025-11-26,0,0,0
1931,nikabad,isfahan,2025-11-27,0,0,0
1931,nikabad,isfahan,2025-11-28,0,0,0
1931,nikabad,isfahan,2025-11-29,0,0,0
1931,nikabad,isfahan,2025-11-30,0,0,0
1931,nikabad,isfahan,2025-12-01,0,0,0
1931,nikabad,isfahan,2025-12-02,0,0,0
1931,nikabad,isfahan,2025-12-03,0,0,0
1931,nikabad,isfahan,2025-12-04,0,0,0
1931,nikabad,isfahan,2025-12-05,0,0,0
1931,nikabad,isfahan,2025-12-06,0,0,0
1931,nikabad,isfahan,2025-12-07,0,0,0
1931,nikabad,isfahan,2025-12-08,0,0,0
1931,nikabad,isfahan,2025-12-09,0,0,0
1931,nikabad,isfahan,2025-12-10,0,0,0
1931,nikabad,isfahan,2025-12-11,0,0,0
1931,nikabad,isfahan,2025-12-12,0,0,0
1931,nikabad,isfahan,2025-12-13,0,0,0
1931,nikabad,isfahan,2025-12-14,0,0,0
1931,nikabad,isfahan,2025-12-15,0,0,0
1931,nikabad,isfahan,2025-12-16,0,0,0
1931,nikabad,isfahan,2025-12-17,0,0,0
1931,nikabad,isfahan,2025-12-18,0,0,0
1931,nikabad,isfahan,2025-12-19,0,0,0
1931,nikabad,isfahan,2025-12-20,0,0,0
1931,nikabad,isfahan,2025-12-21,0,0,0
4419,nishapur,khorasan_razavi,2025-11-22,276,323,47
4419,nishapur,khorasan_razavi,2025-11-23,153,219,66
4419,nishapur,khorasan_razavi,2025-11-24,142,230,88
4419,nishapur,khorasan_razavi,2025-11-25,79,158,79
4419,nishapur,khorasan_razavi,2025-11-26,54,159,105
4419,nishapur,khorasan_razavi,2025-11-27,70,280,210
4419,nishapur,khorasan_razavi,2025-11-28,41,132,91
4419,nishapur,khorasan_razavi,2025-11-29,64,145,81
4419,nishapur,khorasan_razavi,2025-11-30,42,147,105
4419,nishapur,khorasan_razavi,2025-12-01,67,194,127
4419,nishapur,khorasan_razavi,2025-12-02,56,196,140
4419,nishapur,khorasan_razavi,2025-12-03,73,250,177
4419,nishapur,khorasan_razavi,2025-12-04,45,450,405
4419,nishapur,khorasan_razavi,2025-12-05,22,154,132
4419,nishapur,khorasan_razavi,2025-12-06,22,131,109
4419,nishapur,khorasan_razavi,2025-12-07,16,116,100
4419,nishapur,khorasan_razavi,2025-12-08,17,121,104
4419,nishapur,khorasan_razavi,2025-12-09,15,134,119
4419,nishapur,khorasan_razavi,2025-12-10,35,184,149
4419,nishapur,khorasan_razavi,2025-12-11,25,378,353
4419,nishapur,khorasan_razavi,2025-12-12,25,184,159
4419,nishapur,khorasan_razavi,2025-12-13,17,126,109
4419,nishapur,khorasan_razavi,2025-12-14,17,132,115
4419,nishapur,khorasan_razavi,2025-12-15,14,130,116
4419,nishapur,khorasan_razavi,2025-12-16,11,153,142
4419,nishapur,khorasan_razavi,2025-12-17,16,209,193
4419,nishapur,khorasan_razavi,2025-12-18,28,432,404
4419,nishapur,khorasan_razavi,2025-12-19,50,254,204
4419,nishapur,khorasan_razavi,2025-12-20,30,180,150
4419,nishapur,khorasan_razavi,2025-12-21,18,122,104
1638,noor,mazandaran,2025-11-22,2487,2931,444
1638,noor,mazandaran,2025-11-23,1871,2648,777
1638,noor,mazandaran,2025-11-24,1328,2167,839
1638,noor,mazandaran,2025-11-25,1245,2324,1079
1638,noor,mazandaran,2025-11-26,1327,3185,1858
1638,noor,mazandaran,2025-11-27,1280,4215,2935
1638,noor,mazandaran,2025-11-28,448,1471,1023
1638,noor,mazandaran,2025-11-29,385,1192,807
1638,noor,mazandaran,2025-11-30,350,1201,851
1638,noor,mazandaran,2025-12-01,319,1398,1079
1638,noor,mazandaran,2025-12-02,236,1436,1200
1638,noor,mazandaran,2025-12-03,364,2208,1844
1638,noor,mazandaran,2025-12-04,544,4199,3655
1638,noor,mazandaran,2025-12-05,237,1515,1278
1638,noor,mazandaran,2025-12-06,166,1416,1250
1638,noor,mazandaran,2025-12-07,90,1068,978
1638,noor,mazandaran,2025-12-08,104,1148,1044
1638,noor,mazandaran,2025-12-09,94,1252,1158
1638,noor,mazandaran,2025-12-10,148,1989,1841
1638,noor,mazandaran,2025-12-11,166,3444,3278
1638,noor,mazandaran,2025-12-12,106,1593,1487
1638,noor,mazandaran,2025-12-13,89,1223,1134
1638,noor,mazandaran,2025-12-14,62,1155,1093
1638,noor,mazandaran,2025-12-15,57,1224,1167
1638,noor,mazandaran,2025-12-16,50,1235,1185
1638,noor,mazandaran,2025-12-17,110,1855,1745
1638,noor,mazandaran,2025-12-18,91,2659,2568
1638,noor,mazandaran,2025-12-19,15,735,720
1638,noor,mazandaran,2025-12-20,27,907,880
1638,noor,mazandaran,2025-12-21,14,683,669
7040,nooshabad,isfahan,2025-11-22,4,4,0
7040,nooshabad,isfahan,2025-11-23,4,4,0
7040,nooshabad,isfahan,2025-11-24,0,0,0
7040,nooshabad,isfahan,2025-11-25,0,0,0
7040,nooshabad,isfahan,2025-11-26,0,0,0
7040,nooshabad,isfahan,2025-11-27,0,1,1
7040,nooshabad,isfahan,2025-11-28,0,0,0
7040,nooshabad,isfahan,2025-11-29,0,0,0
7040,nooshabad,isfahan,2025-11-30,2,2,0
7040,nooshabad,isfahan,2025-12-01,0,0,0
7040,nooshabad,isfahan,2025-12-02,0,0,0
7040,nooshabad,isfahan,2025-12-03,4,5,1
7040,nooshabad,isfahan,2025-12-04,0,1,1
7040,nooshabad,isfahan,2025-12-05,0,0,0
7040,nooshabad,isfahan,2025-12-06,0,0,0
7040,nooshabad,isfahan,2025-12-07,0,0,0
7040,nooshabad,isfahan,2025-12-08,2,2,0
7040,nooshabad,isfahan,2025-12-09,0,0,0
7040,nooshabad,isfahan,2025-12-10,5,5,0
7040,nooshabad,isfahan,2025-12-11,0,1,1
7040,nooshabad,isfahan,2025-12-12,0,0,0
7040,nooshabad,isfahan,2025-12-13,0,0,0
7040,nooshabad,isfahan,2025-12-14,0,0,0
7040,nooshabad,isfahan,2025-12-15,0,0,0
7040,nooshabad,isfahan,2025-12-16,0,0,0
7040,nooshabad,isfahan,2025-12-17,0,1,1
7040,nooshabad,isfahan,2025-12-18,0,1,1
7040,nooshabad,isfahan,2025-12-19,0,0,0
7040,nooshabad,isfahan,2025-12-20,0,0,0
7040,nooshabad,isfahan,2025-12-21,0,0,0
7810,nowshahr,mazandaran,2025-11-22,6584,7317,733
7810,nowshahr,mazandaran,2025-11-23,4990,6530,1540
7810,nowshahr,mazandaran,2025-11-24,3694,5430,1736
7810,nowshahr,mazandaran,2025-11-25,3723,6392,2669
7810,nowshahr,mazandaran,2025-11-26,4533,9615,5082
7810,nowshahr,mazandaran,2025-11-27,4382,11995,7613
7810,nowshahr,mazandaran,2025-11-28,1513,4218,2705
7810,nowshahr,mazandaran,2025-11-29,1261,3451,2190
7810,nowshahr,mazandaran,2025-11-30,1233,3787,2554
7810,nowshahr,mazandaran,2025-12-01,1087,3844,2757
7810,nowshahr,mazandaran,2025-12-02,1118,4402,3284
7810,nowshahr,mazandaran,2025-12-03,1455,6695,5240
7810,nowshahr,mazandaran,2025-12-04,1497,10682,9185
7810,nowshahr,mazandaran,2025-12-05,636,4044,3408
7810,nowshahr,mazandaran,2025-12-06,576,3555,2979
7810,nowshahr,mazandaran,2025-12-07,508,3206,2698
7810,nowshahr,mazandaran,2025-12-08,482,3299,2817
7810,nowshahr,mazandaran,2025-12-09,473,3725,3252
7810,nowshahr,mazandaran,2025-12-10,587,5324,4737
7810,nowshahr,mazandaran,2025-12-11,654,10376,9722
7810,nowshahr,mazandaran,2025-12-12,345,4036,3691
7810,nowshahr,mazandaran,2025-12-13,377,3420,3043
7810,nowshahr,mazandaran,2025-12-14,352,3169,2817
7810,nowshahr,mazandaran,2025-12-15,352,3241,2889
7810,nowshahr,mazandaran,2025-12-16,424,4344,3920
7810,nowshahr,mazandaran,2025-12-17,477,6003,5526
7810,nowshahr,mazandaran,2025-12-18,666,9695,9029
7810,nowshahr,mazandaran,2025-12-19,357,4356,3999
7810,nowshahr,mazandaran,2025-12-20,250,3058,2808
7810,nowshahr,mazandaran,2025-12-21,94,1753,1659
1494,paein_hular,mazandaran,2025-11-22,0,0,0
1494,paein_hular,mazandaran,2025-11-23,0,0,0
1494,paein_hular,mazandaran,2025-11-24,0,0,0
1494,paein_hular,mazandaran,2025-11-25,0,0,0
1494,paein_hular,mazandaran,2025-11-26,0,0,0
1494,paein_hular,mazandaran,2025-11-27,0,0,0
1494,paein_hular,mazandaran,2025-11-28,0,0,0
1494,paein_hular,mazandaran,2025-11-29,0,0,0
1494,paein_hular,mazandaran,2025-11-30,0,0,0
1494,paein_hular,mazandaran,2025-12-01,0,0,0
1494,paein_hular,mazandaran,2025-12-02,0,0,0
1494,paein_hular,mazandaran,2025-12-03,0,0,0
1494,paein_hular,mazandaran,2025-12-04,0,0,0
1494,paein_hular,mazandaran,2025-12-05,0,0,0
1494,paein_hular,mazandaran,2025-12-06,0,0,0
1494,paein_hular,mazandaran,2025-12-07,0,0,0
1494,paein_hular,mazandaran,2025-12-08,0,0,0
1494,paein_hular,mazandaran,2025-12-09,0,0,0
1494,paein_hular,mazandaran,2025-12-10,0,0,0
1494,paein_hular,mazandaran,2025-12-11,0,0,0
1494,paein_hular,mazandaran,2025-12-12,0,0,0
1494,paein_hular,mazandaran,2025-12-13,0,0,0
1494,paein_hular,mazandaran,2025-12-14,0,0,0
1494,paein_hular,mazandaran,2025-12-15,0,0,0
1494,paein_hular,mazandaran,2025-12-16,0,0,0
1494,paein_hular,mazandaran,2025-12-17,0,0,0
1494,paein_hular,mazandaran,2025-12-18,0,0,0
1494,paein_hular,mazandaran,2025-12-19,0,0,0
1494,paein_hular,mazandaran,2025-12-20,0,0,0
1494,paein_hular,mazandaran,2025-12-21,0,0,0
8445,pakdasht,tehran,2025-11-22,40,48,8
8445,pakdasht,tehran,2025-11-23,43,60,17
8445,pakdasht,tehran,2025-11-24,39,61,22
8445,pakdasht,tehran,2025-11-25,32,61,29
8445,pakdasht,tehran,2025-11-26,32,65,33
8445,pakdasht,tehran,2025-11-27,53,130,77
8445,pakdasht,tehran,2025-11-28,14,43,29
8445,pakdasht,tehran,2025-11-29,9,39,30
8445,pakdasht,tehran,2025-11-30,12,48,36
8445,pakdasht,tehran,2025-12-01,13,61,48
8445,pakdasht,tehran,2025-12-02,15,67,52
8445,pakdasht,tehran,2025-12-03,12,66,54
8445,pakdasht,tehran,2025-12-04,19,153,134
8445,pakdasht,tehran,2025-12-05,21,74,53
8445,pakdasht,tehran,2025-12-06,8,61,53
8445,pakdasht,tehran,2025-12-07,3,51,48
8445,pakdasht,tehran,2025-12-08,3,54,51
8445,pakdasht,tehran,2025-12-09,6,60,54
8445,pakdasht,tehran,2025-12-10,17,81,64
8445,pakdasht,tehran,2025-12-11,25,206,181
8445,pakdasht,tehran,2025-12-12,3,62,59
8445,pakdasht,tehran,2025-12-13,1,54,53
8445,pakdasht,tehran,2025-12-14,9,62,53
8445,pakdasht,tehran,2025-12-15,4,65,61
8445,pakdasht,tehran,2025-12-16,5,69,64
8445,pakdasht,tehran,2025-12-17,14,88,74
8445,pakdasht,tehran,2025-12-18,3,112,109
8445,pakdasht,tehran,2025-12-19,1,67,66
8445,pakdasht,tehran,2025-12-20,3,69,66
8445,pakdasht,tehran,2025-12-21,6,67,61
6287,parand,tehran,2025-11-22,48,62,14
6287,parand,tehran,2025-11-23,50,79,29
6287,parand,tehran,2025-11-24,34,69,35
6287,parand,tehran,2025-11-25,27,64,37
6287,parand,tehran,2025-11-26,29,72,43
6287,parand,tehran,2025-11-27,35,104,69
6287,parand,tehran,2025-11-28,21,64,43
6287,parand,tehran,2025-11-29,12,56,44
6287,parand,tehran,2025-11-30,16,66,50
6287,parand,tehran,2025-12-01,8,71,63
6287,parand,tehran,2025-12-02,11,73,62
6287,parand,tehran,2025-12-03,10,72,62
6287,parand,tehran,2025-12-04,14,118,104
6287,parand,tehran,2025-12-05,14,70,56
6287,parand,tehran,2025-12-06,8,65,57
6287,parand,tehran,2025-12-07,8,71,63
6287,parand,tehran,2025-12-08,7,75,68
6287,parand,tehran,2025-12-09,7,73,66
6287,parand,tehran,2025-12-10,7,95,88
6287,parand,tehran,2025-12-11,9,139,130
6287,parand,tehran,2025-12-12,8,75,67
6287,parand,tehran,2025-12-13,7,74,67
6287,parand,tehran,2025-12-14,7,72,65
6287,parand,tehran,2025-12-15,8,78,70
6287,parand,tehran,2025-12-16,6,78,72
6287,parand,tehran,2025-12-17,6,96,90
6287,parand,tehran,2025-12-18,8,131,123
6287,parand,tehran,2025-12-19,6,77,71
6287,parand,tehran,2025-12-20,7,81,74
6287,parand,tehran,2025-12-21,2,67,65
2969,pardis,tehran,2025-11-22,72,89,17
2969,pardis,tehran,2025-11-23,84,123,39
2969,pardis,tehran,2025-11-24,64,109,45
2969,pardis,tehran,2025-11-25,44,97,53
2969,pardis,tehran,2025-11-26,63,133,70
2969,pardis,tehran,2025-11-27,115,313,198
2969,pardis,tehran,2025-11-28,48,133,85
2969,pardis,tehran,2025-11-29,37,103,66
2969,pardis,tehran,2025-11-30,30,101,71
2969,pardis,tehran,2025-12-01,40,140,100
2969,pardis,tehran,2025-12-02,36,130,94
2969,pardis,tehran,2025-12-03,18,119,101
2969,pardis,tehran,2025-12-04,25,226,201
2969,pardis,tehran,2025-12-05,29,134,105
2969,pardis,tehran,2025-12-06,8,101,93
2969,pardis,tehran,2025-12-07,12,103,91
2969,pardis,tehran,2025-12-08,10,109,99
2969,pardis,tehran,2025-12-09,9,117,108
2969,pardis,tehran,2025-12-10,16,143,127
2969,pardis,tehran,2025-12-11,12,270,258
2969,pardis,tehran,2025-12-12,12,135,123
2969,pardis,tehran,2025-12-13,10,116,106
2969,pardis,tehran,2025-12-14,11,117,106
2969,pardis,tehran,2025-12-15,10,126,116
2969,pardis,tehran,2025-12-16,10,144,134
2969,pardis,tehran,2025-12-17,18,163,145
2969,pardis,tehran,2025-12-18,32,329,297
2969,pardis,tehran,2025-12-19,9,144,135
2969,pardis,tehran,2025-12-20,16,129,113
2969,pardis,tehran,2025-12-21,13,109,96
9063,parehsar,gilan,2025-11-22,113,128,15
9063,parehsar,gilan,2025-11-23,92,118,26
9063,parehsar,gilan,2025-11-24,50,77,27
9063,parehsar,gilan,2025-11-25,33,63,30
9063,parehsar,gilan,2025-11-26,52,121,69
9063,parehsar,gilan,2025-11-27,57,164,107
9063,parehsar,gilan,2025-11-28,23,59,36
9063,parehsar,gilan,2025-11-29,12,39,27
9063,parehsar,gilan,2025-11-30,5,22,17
9063,parehsar,gilan,2025-12-01,5,27,22
9063,parehsar,gilan,2025-12-02,7,44,37
9063,parehsar,gilan,2025-12-03,30,120,90
9063,parehsar,gilan,2025-12-04,30,186,156
9063,parehsar,gilan,2025-12-05,9,53,44
9063,parehsar,gilan,2025-12-06,6,50,44
9063,parehsar,gilan,2025-12-07,6,45,39
9063,parehsar,gilan,2025-12-08,4,45,41
9063,parehsar,gilan,2025-12-09,2,39,37
9063,parehsar,gilan,2025-12-10,10,73,63
9063,parehsar,gilan,2025-12-11,23,169,146
9063,parehsar,gilan,2025-12-12,15,61,46
9063,parehsar,gilan,2025-12-13,2,31,29
9063,parehsar,gilan,2025-12-14,0,27,27
9063,parehsar,gilan,2025-12-15,0,33,33
9063,parehsar,gilan,2025-12-16,0,34,34
9063,parehsar,gilan,2025-12-17,0,42,42
9063,parehsar,gilan,2025-12-18,7,86,79
9063,parehsar,gilan,2025-12-19,0,33,33
9063,parehsar,gilan,2025-12-20,0,29,29
9063,parehsar,gilan,2025-12-21,0,26,26
2642,parsian,hormozgan,2025-11-22,583,622,39
2642,parsian,hormozgan,2025-11-23,540,618,78
2642,parsian,hormozgan,2025-11-24,726,892,166
2642,parsian,hormozgan,2025-11-25,761,1006,245
2642,parsian,hormozgan,2025-11-26,741,1078,337
2642,parsian,hormozgan,2025-11-27,564,877,313
2642,parsian,hormozgan,2025-11-28,166,279,113
2642,parsian,hormozgan,2025-11-29,198,343,145
2642,parsian,hormozgan,2025-11-30,187,374,187
2642,parsian,hormozgan,2025-12-01,217,430,213
2642,parsian,hormozgan,2025-12-02,216,498,282
2642,parsian,hormozgan,2025-12-03,214,520,306
2642,parsian,hormozgan,2025-12-04,152,563,411
2642,parsian,hormozgan,2025-12-05,79,282,203
2642,parsian,hormozgan,2025-12-06,112,404,292
2642,parsian,hormozgan,2025-12-07,72,272,200
2642,parsian,hormozgan,2025-12-08,78,332,254
2642,parsian,hormozgan,2025-12-09,94,412,318
2642,parsian,hormozgan,2025-12-10,108,485,377
2642,parsian,hormozgan,2025-12-11,105,601,496
2642,parsian,hormozgan,2025-12-12,62,335,273
2642,parsian,hormozgan,2025-12-13,65,319,254
2642,parsian,hormozgan,2025-12-14,68,326,258
2642,parsian,hormozgan,2025-12-15,70,390,320
2642,parsian,hormozgan,2025-12-16,77,538,461
2642,parsian,hormozgan,2025-12-17,65,527,462
2642,parsian,hormozgan,2025-12-18,54,395,341
2642,parsian,hormozgan,2025-12-19,41,217,176
2642,parsian,hormozgan,2025-12-20,50,289,239
2642,parsian,hormozgan,2025-12-21,13,175,162
7154,pirbakran,isfahan,2025-11-22,0,0,0
7154,pirbakran,isfahan,2025-11-23,0,0,0
7154,pirbakran,isfahan,2025-11-24,0,0,0
7154,pirbakran,isfahan,2025-11-25,0,0,0
7154,pirbakran,isfahan,2025-11-26,0,0,0
7154,pirbakran,isfahan,2025-11-27,0,0,0
7154,pirbakran,isfahan,2025-11-28,0,0,0
7154,pirbakran,isfahan,2025-11-29,0,0,0
7154,pirbakran,isfahan,2025-11-30,0,0,0
7154,pirbakran,isfahan,2025-12-01,0,0,0
7154,pirbakran,isfahan,2025-12-02,0,0,0
7154,pirbakran,isfahan,2025-12-03,0,0,0
7154,pirbakran,isfahan,2025-12-04,0,0,0
7154,pirbakran,isfahan,2025-12-05,0,0,0
7154,pirbakran,isfahan,2025-12-06,0,0,0
7154,pirbakran,isfahan,2025-12-07,0,0,0
7154,pirbakran,isfahan,2025-12-08,0,0,0
7154,pirbakran,isfahan,2025-12-09,0,0,0
7154,pirbakran,isfahan,2025-12-10,0,0,0
7154,pirbakran,isfahan,2025-12-11,0,0,0
7154,pirbakran,isfahan,2025-12-12,0,0,0
7154,pirbakran,isfahan,2025-12-13,0,0,0
7154,pirbakran,isfahan,2025-12-14,0,0,0
7154,pirbakran,isfahan,2025-12-15,0,0,0
7154,pirbakran,isfahan,2025-12-16,0,0,0
7154,pirbakran,isfahan,2025-12-17,0,0,0
7154,pirbakran,isfahan,2025-12-18,0,0,0
7154,pirbakran,isfahan,2025-12-19,0,0,0
7154,pirbakran,isfahan,2025-12-20,0,0,0
7154,pirbakran,isfahan,2025-12-21,0,0,0
8504,pishva,tehran,2025-11-22,0,0,0
8504,pishva,tehran,2025-11-23,0,0,0
8504,pishva,tehran,2025-11-24,0,0,0
8504,pishva,tehran,2025-11-25,0,0,0
8504,pishva,tehran,2025-11-26,0,0,0
8504,pishva,tehran,2025-11-27,0,0,0
8504,pishva,tehran,2025-11-28,0,0,0
8504,pishva,tehran,2025-11-29,0,0,0
8504,pishva,tehran,2025-11-30,0,0,0
8504,pishva,tehran,2025-12-01,0,0,0
8504,pishva,tehran,2025-12-02,0,0,0
8504,pishva,tehran,2025-12-03,0,0,0
8504,pishva,tehran,2025-12-04,0,0,0
8504,pishva,tehran,2025-12-05,0,0,0
8504,pishva,tehran,2025-12-06,0,0,0
8504,pishva,tehran,2025-12-07,0,0,0
8504,pishva,tehran,2025-12-08,0,0,0
8504,pishva,tehran,2025-12-09,0,0,0
8504,pishva,tehran,2025-12-10,0,0,0
8504,pishva,tehran,2025-12-11,0,0,0
8504,pishva,tehran,2025-12-12,0,0,0
8504,pishva,tehran,2025-12-13,0,0,0
8504,pishva,tehran,2025-12-14,0,0,0
8504,pishva,tehran,2025-12-15,0,0,0
8504,pishva,tehran,2025-12-16,0,0,0
8504,pishva,tehran,2025-12-17,0,0,0
8504,pishva,tehran,2025-12-18,0,0,0
8504,pishva,tehran,2025-12-19,0,0,0
8504,pishva,tehran,2025-12-20,0,0,0
8504,pishva,tehran,2025-12-21,0,0,0
8913,polsefid,mazandaran,2025-11-22,79,89,10
8913,polsefid,mazandaran,2025-11-23,82,106,24
8913,polsefid,mazandaran,2025-11-24,25,42,17
8913,polsefid,mazandaran,2025-11-25,27,47,20
8913,polsefid,mazandaran,2025-11-26,35,84,49
8913,polsefid,mazandaran,2025-11-27,65,198,133
8913,polsefid,mazandaran,2025-11-28,15,50,35
8913,polsefid,mazandaran,2025-11-29,4,28,24
8913,polsefid,mazandaran,2025-11-30,11,30,19
8913,polsefid,mazandaran,2025-12-01,12,39,27
8913,polsefid,mazandaran,2025-12-02,17,49,32
8913,polsefid,mazandaran,2025-12-03,16,89,73
8913,polsefid,mazandaran,2025-12-04,32,274,242
8913,polsefid,mazandaran,2025-12-05,16,67,51
8913,polsefid,mazandaran,2025-12-06,4,40,36
8913,polsefid,mazandaran,2025-12-07,7,39,32
8913,polsefid,mazandaran,2025-12-08,6,40,34
8913,polsefid,mazandaran,2025-12-09,10,53,43
8913,polsefid,mazandaran,2025-12-10,6,77,71
8913,polsefid,mazandaran,2025-12-11,4,224,220
8913,polsefid,mazandaran,2025-12-12,3,47,44
8913,polsefid,mazandaran,2025-12-13,5,38,33
8913,polsefid,mazandaran,2025-12-14,3,34,31
8913,polsefid,mazandaran,2025-12-15,5,38,33
8913,polsefid,mazandaran,2025-12-16,6,51,45
8913,polsefid,mazandaran,2025-12-17,9,67,58
8913,polsefid,mazandaran,2025-12-18,6,125,119
8913,polsefid,mazandaran,2025-12-19,0,39,39
8913,polsefid,mazandaran,2025-12-20,0,30,30
8913,polsefid,mazandaran,2025-12-21,0,24,24
5410,pul,mazandaran,2025-11-22,2,2,0
5410,pul,mazandaran,2025-11-23,2,2,0
5410,pul,mazandaran,2025-11-24,0,0,0
5410,pul,mazandaran,2025-11-25,0,0,0
5410,pul,mazandaran,2025-11-26,0,0,0
5410,pul,mazandaran,2025-11-27,0,0,0
5410,pul,mazandaran,2025-11-28,0,0,0
5410,pul,mazandaran,2025-11-29,0,0,0
5410,pul,mazandaran,2025-11-30,0,0,0
5410,pul,mazandaran,2025-12-01,4,4,0
5410,pul,mazandaran,2025-12-02,4,4,0
5410,pul,mazandaran,2025-12-03,0,0,0
5410,pul,mazandaran,2025-12-04,0,0,0
5410,pul,mazandaran,2025-12-05,0,0,0
5410,pul,mazandaran,2025-12-06,0,0,0
5410,pul,mazandaran,2025-12-07,0,0,0
5410,pul,mazandaran,2025-12-08,0,0,0
5410,pul,mazandaran,2025-12-09,0,0,0
5410,pul,mazandaran,2025-12-10,0,0,0
5410,pul,mazandaran,2025-12-11,0,0,0
5410,pul,mazandaran,2025-12-12,0,0,0
5410,pul,mazandaran,2025-12-13,0,0,0
5410,pul,mazandaran,2025-12-14,0,0,0
5410,pul,mazandaran,2025-12-15,0,0,0
5410,pul,mazandaran,2025-12-16,0,0,0
5410,pul,mazandaran,2025-12-17,0,0,0
5410,pul,mazandaran,2025-12-18,0,0,0
5410,pul,mazandaran,2025-12-19,0,0,0
5410,pul,mazandaran,2025-12-20,0,0,0
5410,pul,mazandaran,2025-12-21,0,0,0
6093,qaemshahr,mazandaran,2025-11-22,382,476,94
6093,qaemshahr,mazandaran,2025-11-23,328,491,163
6093,qaemshahr,mazandaran,2025-11-24,261,458,197
6093,qaemshahr,mazandaran,2025-11-25,203,414,211
6093,qaemshahr,mazandaran,2025-11-26,197,483,286
6093,qaemshahr,mazandaran,2025-11-27,427,1166,739
6093,qaemshahr,mazandaran,2025-11-28,221,582,361
6093,qaemshahr,mazandaran,2025-11-29,92,312,220
6093,qaemshahr,mazandaran,2025-11-30,69,279,210
6093,qaemshahr,mazandaran,2025-12-01,100,340,240
6093,qaemshahr,mazandaran,2025-12-02,110,367,257
6093,qaemshahr,mazandaran,2025-12-03,139,590,451
6093,qaemshahr,mazandaran,2025-12-04,155,1070,915
6093,qaemshahr,mazandaran,2025-12-05,130,586,456
6093,qaemshahr,mazandaran,2025-12-06,81,390,309
6093,qaemshahr,mazandaran,2025-12-07,53,358,305
6093,qaemshahr,mazandaran,2025-12-08,65,373,308
6093,qaemshahr,mazandaran,2025-12-09,62,378,316
6093,qaemshahr,mazandaran,2025-12-10,52,531,479
6093,qaemshahr,mazandaran,2025-12-11,103,1231,1128
6093,qaemshahr,mazandaran,2025-12-12,82,623,541
6093,qaemshahr,mazandaran,2025-12-13,82,459,377
6093,qaemshahr,mazandaran,2025-12-14,49,317,268
6093,qaemshahr,mazandaran,2025-12-15,37,308,271
6093,qaemshahr,mazandaran,2025-12-16,37,324,287
6093,qaemshahr,mazandaran,2025-12-17,45,457,412
6093,qaemshahr,mazandaran,2025-12-18,52,847,795
6093,qaemshahr,mazandaran,2025-12-19,29,360,331
6093,qaemshahr,mazandaran,2025-12-20,26,318,292
6093,qaemshahr,mazandaran,2025-12-21,17,253,236
4995,qeshm,hormozgan,2025-11-22,41607,42942,1335
4995,qeshm,hormozgan,2025-11-23,39677,43041,3364
4995,qeshm,hormozgan,2025-11-24,40442,45716,5274
4995,qeshm,hormozgan,2025-11-25,40703,50178,9475
4995,qeshm,hormozgan,2025-11-26,38327,50673,12346
4995,qeshm,hormozgan,2025-11-27,29621,42652,13031
4995,qeshm,hormozgan,2025-11-28,12542,20357,7815
4995,qeshm,hormozgan,2025-11-29,14788,24526,9738
4995,qeshm,hormozgan,2025-11-30,13862,26466,12604
4995,qeshm,hormozgan,2025-12-01,14694,29619,14925
4995,qeshm,hormozgan,2025-12-02,15305,30588,15283
4995,qeshm,hormozgan,2025-12-03,14768,32790,18022
4995,qeshm,hormozgan,2025-12-04,14192,36769,22577
4995,qeshm,hormozgan,2025-12-05,8469,23526,15057
4995,qeshm,hormozgan,2025-12-06,8784,30055,21271
4995,qeshm,hormozgan,2025-12-07,8495,29628,21133
4995,qeshm,hormozgan,2025-12-08,8909,29620,20711
4995,qeshm,hormozgan,2025-12-09,9720,32292,22572
4995,qeshm,hormozgan,2025-12-10,9681,32046,22365
4995,qeshm,hormozgan,2025-12-11,9118,35444,26326
4995,qeshm,hormozgan,2025-12-12,5644,26985,21341
4995,qeshm,hormozgan,2025-12-13,6563,28826,22263
4995,qeshm,hormozgan,2025-12-14,6417,27316,20899
4995,qeshm,hormozgan,2025-12-15,6709,29352,22643
4995,qeshm,hormozgan,2025-12-16,7774,33492,25718
4995,qeshm,hormozgan,2025-12-17,7811,35256,27445
4995,qeshm,hormozgan,2025-12-18,7193,34796,27603
4995,qeshm,hormozgan,2025-12-19,4070,26495,22425
4995,qeshm,hormozgan,2025-12-20,3768,25276,21508
4995,qeshm,hormozgan,2025-12-21,2136,18749,16613
1013,quchan,khorasan_razavi,2025-11-22,0,0,0
1013,quchan,khorasan_razavi,2025-11-23,0,0,0
1013,quchan,khorasan_razavi,2025-11-24,0,0,0
1013,quchan,khorasan_razavi,2025-11-25,0,0,0
1013,quchan,khorasan_razavi,2025-11-26,0,0,0
1013,quchan,khorasan_razavi,2025-11-27,0,0,0
1013,quchan,khorasan_razavi,2025-11-28,0,0,0
1013,quchan,khorasan_razavi,2025-11-29,0,0,0
1013,quchan,khorasan_razavi,2025-11-30,0,0,0
1013,quchan,khorasan_razavi,2025-12-01,0,0,0
1013,quchan,khorasan_razavi,2025-12-02,0,0,0
1013,quchan,khorasan_razavi,2025-12-03,0,0,0
1013,quchan,khorasan_razavi,2025-12-04,0,0,0
1013,quchan,khorasan_razavi,2025-12-05,0,0,0
1013,quchan,khorasan_razavi,2025-12-06,0,0,0
1013,quchan,khorasan_razavi,2025-12-07,0,0,0
1013,quchan,khorasan_razavi,2025-12-08,0,0,0
1013,quchan,khorasan_razavi,2025-12-09,0,0,0
1013,quchan,khorasan_razavi,2025-12-10,0,0,0
1013,quchan,khorasan_razavi,2025-12-11,0,0,0
1013,quchan,khorasan_razavi,2025-12-12,0,0,0
1013,quchan,khorasan_razavi,2025-12-13,0,0,0
1013,quchan,khorasan_razavi,2025-12-14,0,0,0
1013,quchan,khorasan_razavi,2025-12-15,0,0,0
1013,quchan,khorasan_razavi,2025-12-16,0,0,0
1013,quchan,khorasan_razavi,2025-12-17,0,0,0
1013,quchan,khorasan_razavi,2025-12-18,0,0,0
1013,quchan,khorasan_razavi,2025-12-19,0,0,0
1013,quchan,khorasan_razavi,2025-12-20,0,0,0
1013,quchan,khorasan_razavi,2025-12-21,0,0,0
1317,rahimabad,gilan,2025-11-22,29,31,2
1317,rahimabad,gilan,2025-11-23,18,22,4
1317,rahimabad,gilan,2025-11-24,22,28,6
1317,rahimabad,gilan,2025-11-25,14,21,7
1317,rahimabad,gilan,2025-11-26,12,23,11
1317,rahimabad,gilan,2025-11-27,6,20,14
1317,rahimabad,gilan,2025-11-28,0,7,7
1317,rahimabad,gilan,2025-11-29,0,6,6
1317,rahimabad,gilan,2025-11-30,0,8,8
1317,rahimabad,gilan,2025-12-01,0,10,10
1317,rahimabad,gilan,2025-12-02,4,13,9
1317,rahimabad,gilan,2025-12-03,7,28,21
1317,rahimabad,gilan,2025-12-04,5,43,38
1317,rahimabad,gilan,2025-12-05,0,8,8
1317,rahimabad,gilan,2025-12-06,0,8,8
1317,rahimabad,gilan,2025-12-07,0,8,8
1317,rahimabad,gilan,2025-12-08,1,9,8
1317,rahimabad,gilan,2025-12-09,2,11,9
1317,rahimabad,gilan,2025-12-10,1,18,17
1317,rahimabad,gilan,2025-12-11,1,39,38
1317,rahimabad,gilan,2025-12-12,0,9,9
1317,rahimabad,gilan,2025-12-13,0,7,7
1317,rahimabad,gilan,2025-12-14,0,6,6
1317,rahimabad,gilan,2025-12-15,2,11,9
1317,rahimabad,gilan,2025-12-16,1,11,10
1317,rahimabad,gilan,2025-12-17,0,15,15
1317,rahimabad,gilan,2025-12-18,2,30,28
1317,rahimabad,gilan,2025-12-19,0,11,11
1317,rahimabad,gilan,2025-12-20,0,8,8
1317,rahimabad,gilan,2025-12-21,0,7,7
8978,ramsar,mazandaran,2025-11-22,27620,30307,2687
8978,ramsar,mazandaran,2025-11-23,21358,26177,4819
8978,ramsar,mazandaran,2025-11-24,17625,24564,6939
8978,ramsar,mazandaran,2025-11-25,16311,25439,9128
8978,ramsar,mazandaran,2025-11-26,18292,33344,15052
8978,ramsar,mazandaran,2025-11-27,15982,37168,21186
8978,ramsar,mazandaran,2025-11-28,5878,14527,8649
8978,ramsar,mazandaran,2025-11-29,5734,13630,7896
8978,ramsar,mazandaran,2025-11-30,4756,13413,8657
8978,ramsar,mazandaran,2025-12-01,4478,14155,9677
8978,ramsar,mazandaran,2025-12-02,4208,14366,10158
8978,ramsar,mazandaran,2025-12-03,5132,19987,14855
8978,ramsar,mazandaran,2025-12-04,5297,26631,21334
8978,ramsar,mazandaran,2025-12-05,2274,12025,9751
8978,ramsar,mazandaran,2025-12-06,2385,11969,9584
8978,ramsar,mazandaran,2025-12-07,2173,12104,9931
8978,ramsar,mazandaran,2025-12-08,2044,11261,9217
8978,ramsar,mazandaran,2025-12-09,2089,13047,10958
8978,ramsar,mazandaran,2025-12-10,2606,19731,17125
8978,ramsar,mazandaran,2025-12-11,2681,27584,24903
8978,ramsar,mazandaran,2025-12-12,1361,12509,11148
8978,ramsar,mazandaran,2025-12-13,1170,10353,9183
8978,ramsar,mazandaran,2025-12-14,1142,10432,9290
8978,ramsar,mazandaran,2025-12-15,1146,9673,8527
8978,ramsar,mazandaran,2025-12-16,1265,11727,10462
8978,ramsar,mazandaran,2025-12-17,1582,16688,15106
8978,ramsar,mazandaran,2025-12-18,1868,22986,21118
8978,ramsar,mazandaran,2025-12-19,1076,13042,11966
8978,ramsar,mazandaran,2025-12-20,815,9657,8842
8978,ramsar,mazandaran,2025-12-21,414,7560,7146
6507,rankoh,gilan,2025-11-22,6,6,0
6507,rankoh,gilan,2025-11-23,6,6,0
6507,rankoh,gilan,2025-11-24,3,4,1
6507,rankoh,gilan,2025-11-25,2,3,1
6507,rankoh,gilan,2025-11-26,4,7,3
6507,rankoh,gilan,2025-11-27,4,8,4
6507,rankoh,gilan,2025-11-28,2,3,1
6507,rankoh,gilan,2025-11-29,0,0,0
6507,rankoh,gilan,2025-11-30,1,2,1
6507,rankoh,gilan,2025-12-01,1,2,1
6507,rankoh,gilan,2025-12-02,1,3,2
6507,rankoh,gilan,2025-12-03,3,7,4
6507,rankoh,gilan,2025-12-04,0,5,5
6507,rankoh,gilan,2025-12-05,0,1,1
6507,rankoh,gilan,2025-12-06,3,6,3
6507,rankoh,gilan,2025-12-07,3,6,3
6507,rankoh,gilan,2025-12-08,1,3,2
6507,rankoh,gilan,2025-12-09,2,5,3
6507,rankoh,gilan,2025-12-10,0,3,3
6507,rankoh,gilan,2025-12-11,0,5,5
6507,rankoh,gilan,2025-12-12,0,2,2
6507,rankoh,gilan,2025-12-13,0,2,2
6507,rankoh,gilan,2025-12-14,0,2,2
6507,rankoh,gilan,2025-12-15,0,2,2
6507,rankoh,gilan,2025-12-16,0,2,2
6507,rankoh,gilan,2025-12-17,0,3,3
6507,rankoh,gilan,2025-12-18,0,3,3
6507,rankoh,gilan,2025-12-19,0,2,2
6507,rankoh,gilan,2025-12-20,0,2,2
6507,rankoh,gilan,2025-12-21,0,1,1
7339,rasht,gilan,2025-11-22,28695,31945,3250
7339,rasht,gilan,2025-11-23,22209,28658,6449
7339,rasht,gilan,2025-11-24,17605,26415,8810
7339,rasht,gilan,2025-11-25,16710,26361,9651
7339,rasht,gilan,2025-11-26,21281,42042,20761
7339,rasht,gilan,2025-11-27,19216,45013,25797
7339,rasht,gilan,2025-11-28,6653,15995,9342
7339,rasht,gilan,2025-11-29,5877,13795,7918
7339,rasht,gilan,2025-11-30,5160,13281,8121
7339,rasht,gilan,2025-12-01,4649,13083,8434
7339,rasht,gilan,2025-12-02,5182,17447,12265
7339,rasht,gilan,2025-12-03,8064,30188,22124
7339,rasht,gilan,2025-12-04,8577,36594,28017
7339,rasht,gilan,2025-12-05,3469,14650,11181
7339,rasht,gilan,2025-12-06,2668,13949,11281
7339,rasht,gilan,2025-12-07,2186,12030,9844
7339,rasht,gilan,2025-12-08,2180,11820,9640
7339,rasht,gilan,2025-12-09,2605,15094,12489
7339,rasht,gilan,2025-12-10,3768,23140,19372
7339,rasht,gilan,2025-12-11,3995,41379,37384
7339,rasht,gilan,2025-12-12,1583,15370,13787
7339,rasht,gilan,2025-12-13,1551,13680,12129
7339,rasht,gilan,2025-12-14,1542,13172,11630
7339,rasht,gilan,2025-12-15,1460,13051,11591
7339,rasht,gilan,2025-12-16,1666,14711,13045
7339,rasht,gilan,2025-12-17,2261,20402,18141
7339,rasht,gilan,2025-12-18,2446,27997,25551
7339,rasht,gilan,2025-12-19,1119,14769,13650
7339,rasht,gilan,2025-12-20,876,10939,10063
7339,rasht,gilan,2025-12-21,456,8103,7647
4404,rashtkhar,khorasan_razavi,2025-11-22,0,0,0
4404,rashtkhar,khorasan_razavi,2025-11-23,0,0,0
4404,rashtkhar,khorasan_razavi,2025-11-24,0,0,0
4404,rashtkhar,khorasan_razavi,2025-11-25,0,0,0
4404,rashtkhar,khorasan_razavi,2025-11-26,0,0,0
4404,rashtkhar,khorasan_razavi,2025-11-27,0,0,0
4404,rashtkhar,khorasan_razavi,2025-11-28,0,0,0
4404,rashtkhar,khorasan_razavi,2025-11-29,0,0,0
4404,rashtkhar,khorasan_razavi,2025-11-30,0,0,0
4404,rashtkhar,khorasan_razavi,2025-12-01,0,0,0
4404,rashtkhar,khorasan_razavi,2025-12-02,0,0,0
4404,rashtkhar,khorasan_razavi,2025-12-03,0,0,0
4404,rashtkhar,khorasan_razavi,2025-12-04,0,0,0
4404,rashtkhar,khorasan_razavi,2025-12-05,0,0,0
4404,rashtkhar,khorasan_razavi,2025-12-06,0,0,0
4404,rashtkhar,khorasan_razavi,2025-12-07,0,0,0
4404,rashtkhar,khorasan_razavi,2025-12-08,0,0,0
4404,rashtkhar,khorasan_razavi,2025-12-09,0,0,0
4404,rashtkhar,khorasan_razavi,2025-12-10,0,0,0
4404,rashtkhar,khorasan_razavi,2025-12-11,0,0,0
4404,rashtkhar,khorasan_razavi,2025-12-12,0,0,0
4404,rashtkhar,khorasan_razavi,2025-12-13,0,0,0
4404,rashtkhar,khorasan_razavi,2025-12-14,0,0,0
4404,rashtkhar,khorasan_razavi,2025-12-15,0,0,0
4404,rashtkhar,khorasan_razavi,2025-12-16,0,0,0
4404,rashtkhar,khorasan_razavi,2025-12-17,0,0,0
4404,rashtkhar,khorasan_razavi,2025-12-18,0,0,0
4404,rashtkhar,khorasan_razavi,2025-12-19,0,0,0
4404,rashtkhar,khorasan_razavi,2025-12-20,0,0,0
4404,rashtkhar,khorasan_razavi,2025-12-21,0,0,0
1265,rey,tehran,2025-11-22,35,43,8
1265,rey,tehran,2025-11-23,29,43,14
1265,rey,tehran,2025-11-24,23,41,18
1265,rey,tehran,2025-11-25,23,50,27
1265,rey,tehran,2025-11-26,17,48,31
1265,rey,tehran,2025-11-27,23,57,34
1265,rey,tehran,2025-11-28,5,23,18
1265,rey,tehran,2025-11-29,7,29,22
1265,rey,tehran,2025-11-30,14,42,28
1265,rey,tehran,2025-12-01,17,47,30
1265,rey,tehran,2025-12-02,26,52,26
1265,rey,tehran,2025-12-03,27,55,28
1265,rey,tehran,2025-12-04,28,77,49
1265,rey,tehran,2025-12-05,23,49,26
1265,rey,tehran,2025-12-06,11,48,37
1265,rey,tehran,2025-12-07,8,42,34
1265,rey,tehran,2025-12-08,11,48,37
1265,rey,tehran,2025-12-09,19,55,36
1265,rey,tehran,2025-12-10,20,58,38
1265,rey,tehran,2025-12-11,16,79,63
1265,rey,tehran,2025-12-12,14,52,38
1265,rey,tehran,2025-12-13,14,51,37
1265,rey,tehran,2025-12-14,14,49,35
1265,rey,tehran,2025-12-15,9,46,37
1265,rey,tehran,2025-12-16,9,48,39
1265,rey,tehran,2025-12-17,9,49,40
1265,rey,tehran,2025-12-18,9,57,48
1265,rey,tehran,2025-12-19,9,48,39
1265,rey,tehran,2025-12-20,9,45,36
1265,rey,tehran,2025-12-21,9,44,35
1011,reyneh,mazandaran,2025-11-22,121,137,16
1011,reyneh,mazandaran,2025-11-23,129,176,47
1011,reyneh,mazandaran,2025-11-24,77,133,56
1011,reyneh,mazandaran,2025-11-25,61,125,64
1011,reyneh,mazandaran,2025-11-26,51,147,96
1011,reyneh,mazandaran,2025-11-27,120,457,337
1011,reyneh,mazandaran,2025-11-28,32,140,108
1011,reyneh,mazandaran,2025-11-29,23,97,74
1011,reyneh,mazandaran,2025-11-30,19,97,78
1011,reyneh,mazandaran,2025-12-01,28,138,110
1011,reyneh,mazandaran,2025-12-02,12,101,89
1011,reyneh,mazandaran,2025-12-03,29,185,156
1011,reyneh,mazandaran,2025-12-04,38,551,513
1011,reyneh,mazandaran,2025-12-05,6,129,123
1011,reyneh,mazandaran,2025-12-06,0,102,102
1011,reyneh,mazandaran,2025-12-07,0,95,95
1011,reyneh,mazandaran,2025-12-08,6,118,112
1011,reyneh,mazandaran,2025-12-09,4,111,107
1011,reyneh,mazandaran,2025-12-10,4,179,175
1011,reyneh,mazandaran,2025-12-11,12,475,463
1011,reyneh,mazandaran,2025-12-12,11,207,196
1011,reyneh,mazandaran,2025-12-13,3,115,112
1011,reyneh,mazandaran,2025-12-14,1,101,100
1011,reyneh,mazandaran,2025-12-15,3,112,109
1011,reyneh,mazandaran,2025-12-16,2,120,118
1011,reyneh,mazandaran,2025-12-17,5,199,194
1011,reyneh,mazandaran,2025-12-18,13,547,534
1011,reyneh,mazandaran,2025-12-19,0,112,112
1011,reyneh,mazandaran,2025-12-20,3,116,113
1011,reyneh,mazandaran,2025-12-21,0,86,86
8789,rezvan_shahr,isfahan,2025-11-22,0,0,0
8789,rezvan_shahr,isfahan,2025-11-23,0,0,0
8789,rezvan_shahr,isfahan,2025-11-24,0,0,0
8789,rezvan_shahr,isfahan,2025-11-25,0,0,0
8789,rezvan_shahr,isfahan,2025-11-26,0,0,0
8789,rezvan_shahr,isfahan,2025-11-27,0,1,1
8789,rezvan_shahr,isfahan,2025-11-28,0,0,0
8789,rezvan_shahr,isfahan,2025-11-29,0,0,0
8789,rezvan_shahr,isfahan,2025-11-30,0,0,0
8789,rezvan_shahr,isfahan,2025-12-01,0,0,0
8789,rezvan_shahr,isfahan,2025-12-02,0,0,0
8789,rezvan_shahr,isfahan,2025-12-03,0,0,0
8789,rezvan_shahr,isfahan,2025-12-04,0,1,1
8789,rezvan_shahr,isfahan,2025-12-05,0,1,1
8789,rezvan_shahr,isfahan,2025-12-06,0,1,1
8789,rezvan_shahr,isfahan,2025-12-07,0,1,1
8789,rezvan_shahr,isfahan,2025-12-08,0,1,1
8789,rezvan_shahr,isfahan,2025-12-09,0,1,1
8789,rezvan_shahr,isfahan,2025-12-10,0,1,1
8789,rezvan_shahr,isfahan,2025-12-11,0,3,3
8789,rezvan_shahr,isfahan,2025-12-12,0,1,1
8789,rezvan_shahr,isfahan,2025-12-13,0,1,1
8789,rezvan_shahr,isfahan,2025-12-14,0,1,1
8789,rezvan_shahr,isfahan,2025-12-15,0,1,1
8789,rezvan_shahr,isfahan,2025-12-16,0,2,2
8789,rezvan_shahr,isfahan,2025-12-17,0,2,2
8789,rezvan_shahr,isfahan,2025-12-18,0,2,2
8789,rezvan_shahr,isfahan,2025-12-19,0,1,1
8789,rezvan_shahr,isfahan,2025-12-20,0,1,1
8789,rezvan_shahr,isfahan,2025-12-21,0,1,1
7651,rezvanshahr,gilan,2025-11-22,349,403,54
7651,rezvanshahr,gilan,2025-11-23,215,287,72
7651,rezvanshahr,gilan,2025-11-24,258,368,110
7651,rezvanshahr,gilan,2025-11-25,234,370,136
7651,rezvanshahr,gilan,2025-11-26,180,385,205
7651,rezvanshahr,gilan,2025-11-27,116,351,235
7651,rezvanshahr,gilan,2025-11-28,97,233,136
7651,rezvanshahr,gilan,2025-11-29,101,209,108
7651,rezvanshahr,gilan,2025-11-30,70,163,93
7651,rezvanshahr,gilan,2025-12-01,58,145,87
7651,rezvanshahr,gilan,2025-12-02,47,154,107
7651,rezvanshahr,gilan,2025-12-03,32,165,133
7651,rezvanshahr,gilan,2025-12-04,40,386,346
7651,rezvanshahr,gilan,2025-12-05,21,126,105
7651,rezvanshahr,gilan,2025-12-06,21,137,116
7651,rezvanshahr,gilan,2025-12-07,17,96,79
7651,rezvanshahr,gilan,2025-12-08,27,117,90
7651,rezvanshahr,gilan,2025-12-09,8,97,89
7651,rezvanshahr,gilan,2025-12-10,11,138,127
7651,rezvanshahr,gilan,2025-12-11,18,272,254
7651,rezvanshahr,gilan,2025-12-12,11,117,106
7651,rezvanshahr,gilan,2025-12-13,3,73,70
7651,rezvanshahr,gilan,2025-12-14,13,86,73
7651,rezvanshahr,gilan,2025-12-15,23,124,101
7651,rezvanshahr,gilan,2025-12-16,29,125,96
7651,rezvanshahr,gilan,2025-12-17,24,212,188
7651,rezvanshahr,gilan,2025-12-18,15,223,208
7651,rezvanshahr,gilan,2025-12-19,6,105,99
7651,rezvanshahr,gilan,2025-12-20,1,74,73
7651,rezvanshahr,gilan,2025-12-21,1,60,59
1402,rivash,khorasan_razavi,2025-11-22,0,0,0
1402,rivash,khorasan_razavi,2025-11-23,0,0,0
1402,rivash,khorasan_razavi,2025-11-24,0,0,0
1402,rivash,khorasan_razavi,2025-11-25,0,0,0
1402,rivash,khorasan_razavi,2025-11-26,0,0,0
1402,rivash,khorasan_razavi,2025-11-27,1,1,0
1402,rivash,khorasan_razavi,2025-11-28,0,0,0
1402,rivash,khorasan_razavi,2025-11-29,0,0,0
1402,rivash,khorasan_razavi,2025-11-30,0,0,0
1402,rivash,khorasan_razavi,2025-12-01,0,0,0
1402,rivash,khorasan_razavi,2025-12-02,0,0,0
1402,rivash,khorasan_razavi,2025-12-03,0,0,0
1402,rivash,khorasan_razavi,2025-12-04,0,1,1
1402,rivash,khorasan_razavi,2025-12-05,0,0,0
1402,rivash,khorasan_razavi,2025-12-06,0,0,0
1402,rivash,khorasan_razavi,2025-12-07,0,0,0
1402,rivash,khorasan_razavi,2025-12-08,0,0,0
1402,rivash,khorasan_razavi,2025-12-09,0,0,0
1402,rivash,khorasan_razavi,2025-12-10,0,0,0
1402,rivash,khorasan_razavi,2025-12-11,0,0,0
1402,rivash,khorasan_razavi,2025-12-12,0,0,0
1402,rivash,khorasan_razavi,2025-12-13,0,0,0
1402,rivash,khorasan_razavi,2025-12-14,0,0,0
1402,rivash,khorasan_razavi,2025-12-15,0,0,0
1402,rivash,khorasan_razavi,2025-12-16,0,0,0
1402,rivash,khorasan_razavi,2025-12-17,0,0,0
1402,rivash,khorasan_razavi,2025-12-18,0,0,0
1402,rivash,khorasan_razavi,2025-12-19,0,0,0
1402,rivash,khorasan_razavi,2025-12-20,0,0,0
1402,rivash,khorasan_razavi,2025-12-21,0,0,0
1224,robatkarim,tehran,2025-11-22,17,21,4
1224,robatkarim,tehran,2025-11-23,11,20,9
1224,robatkarim,tehran,2025-11-24,8,20,12
1224,robatkarim,tehran,2025-11-25,2,13,11
1224,robatkarim,tehran,2025-11-26,11,29,18
1224,robatkarim,tehran,2025-11-27,15,47,32
1224,robatkarim,tehran,2025-11-28,5,22,17
1224,robatkarim,tehran,2025-11-29,2,18,16
1224,robatkarim,tehran,2025-11-30,2,20,18
1224,robatkarim,tehran,2025-12-01,4,26,22
1224,robatkarim,tehran,2025-12-02,9,31,22
1224,robatkarim,tehran,2025-12-03,12,32,20
1224,robatkarim,tehran,2025-12-04,9,46,37
1224,robatkarim,tehran,2025-12-05,8,28,20
1224,robatkarim,tehran,2025-12-06,2,29,27
1224,robatkarim,tehran,2025-12-07,4,30,26
1224,robatkarim,tehran,2025-12-08,2,29,27
1224,robatkarim,tehran,2025-12-09,3,29,26
1224,robatkarim,tehran,2025-12-10,2,32,30
1224,robatkarim,tehran,2025-12-11,8,63,55
1224,robatkarim,tehran,2025-12-12,3,32,29
1224,robatkarim,tehran,2025-12-13,3,31,28
1224,robatkarim,tehran,2025-12-14,4,31,27
1224,robatkarim,tehran,2025-12-15,5,33,28
1224,robatkarim,tehran,2025-12-16,2,32,30
1224,robatkarim,tehran,2025-12-17,2,35,33
1224,robatkarim,tehran,2025-12-18,5,53,48
1224,robatkarim,tehran,2025-12-19,2,32,30
1224,robatkarim,tehran,2025-12-20,2,31,29
1224,robatkarim,tehran,2025-12-21,2,28,26
6473,robatsang,khorasan_razavi,2025-11-22,0,0,0
6473,robatsang,khorasan_razavi,2025-11-23,0,0,0
6473,robatsang,khorasan_razavi,2025-11-24,0,0,0
6473,robatsang,khorasan_razavi,2025-11-25,0,0,0
6473,robatsang,khorasan_razavi,2025-11-26,0,0,0
6473,robatsang,khorasan_razavi,2025-11-27,0,0,0
6473,robatsang,khorasan_razavi,2025-11-28,0,0,0
6473,robatsang,khorasan_razavi,2025-11-29,0,0,0
6473,robatsang,khorasan_razavi,2025-11-30,0,0,0
6473,robatsang,khorasan_razavi,2025-12-01,0,0,0
6473,robatsang,khorasan_razavi,2025-12-02,0,0,0
6473,robatsang,khorasan_razavi,2025-12-03,0,0,0
6473,robatsang,khorasan_razavi,2025-12-04,0,0,0
6473,robatsang,khorasan_razavi,2025-12-05,0,0,0
6473,robatsang,khorasan_razavi,2025-12-06,0,0,0
6473,robatsang,khorasan_razavi,2025-12-07,0,0,0
6473,robatsang,khorasan_razavi,2025-12-08,0,0,0
6473,robatsang,khorasan_razavi,2025-12-09,0,0,0
6473,robatsang,khorasan_razavi,2025-12-10,0,0,0
6473,robatsang,khorasan_razavi,2025-12-11,0,0,0
6473,robatsang,khorasan_razavi,2025-12-12,0,0,0
6473,robatsang,khorasan_razavi,2025-12-13,0,0,0
6473,robatsang,khorasan_razavi,2025-12-14,0,0,0
6473,robatsang,khorasan_razavi,2025-12-15,0,0,0
6473,robatsang,khorasan_razavi,2025-12-16,0,0,0
6473,robatsang,khorasan_razavi,2025-12-17,0,0,0
6473,robatsang,khorasan_razavi,2025-12-18,0,0,0
6473,robatsang,khorasan_razavi,2025-12-19,0,0,0
6473,robatsang,khorasan_razavi,2025-12-20,0,0,0
6473,robatsang,khorasan_razavi,2025-12-21,0,0,0
6613,rodboneh,gilan,2025-11-22,5,5,0
6613,rodboneh,gilan,2025-11-23,3,4,1
6613,rodboneh,gilan,2025-11-24,1,3,2
6613,rodboneh,gilan,2025-11-25,1,3,2
6613,rodboneh,gilan,2025-11-26,1,5,4
6613,rodboneh,gilan,2025-11-27,1,8,7
6613,rodboneh,gilan,2025-11-28,0,2,2
6613,rodboneh,gilan,2025-11-29,0,2,2
6613,rodboneh,gilan,2025-11-30,0,2,2
6613,rodboneh,gilan,2025-12-01,0,3,3
6613,rodboneh,gilan,2025-12-02,0,3,3
6613,rodboneh,gilan,2025-12-03,8,15,7
6613,rodboneh,gilan,2025-12-04,10,25,15
6613,rodboneh,gilan,2025-12-05,8,15,7
6613,rodboneh,gilan,2025-12-06,0,4,4
6613,rodboneh,gilan,2025-12-07,0,3,3
6613,rodboneh,gilan,2025-12-08,0,3,3
6613,rodboneh,gilan,2025-12-09,1,4,3
6613,rodboneh,gilan,2025-12-10,0,5,5
6613,rodboneh,gilan,2025-12-11,0,12,12
6613,rodboneh,gilan,2025-12-12,0,3,3
6613,rodboneh,gilan,2025-12-13,0,3,3
6613,rodboneh,gilan,2025-12-14,0,3,3
6613,rodboneh,gilan,2025-12-15,0,3,3
6613,rodboneh,gilan,2025-12-16,0,3,3
6613,rodboneh,gilan,2025-12-17,0,5,5
6613,rodboneh,gilan,2025-12-18,1,12,11
6613,rodboneh,gilan,2025-12-19,0,4,4
6613,rodboneh,gilan,2025-12-20,0,3,3
6613,rodboneh,gilan,2025-12-21,0,3,3
6782,rostamabad,gilan,2025-11-22,91,105,14
6782,rostamabad,gilan,2025-11-23,91,118,27
6782,rostamabad,gilan,2025-11-24,82,114,32
6782,rostamabad,gilan,2025-11-25,36,66,30
6782,rostamabad,gilan,2025-11-26,29,85,56
6782,rostamabad,gilan,2025-11-27,42,170,128
6782,rostamabad,gilan,2025-11-28,11,50,39
6782,rostamabad,gilan,2025-11-29,14,41,27
6782,rostamabad,gilan,2025-11-30,13,38,25
6782,rostamabad,gilan,2025-12-01,11,46,35
6782,rostamabad,gilan,2025-12-02,11,60,49
6782,rostamabad,gilan,2025-12-03,17,98,81
6782,rostamabad,gilan,2025-12-04,26,250,224
6782,rostamabad,gilan,2025-12-05,4,59,55
6782,rostamabad,gilan,2025-12-06,7,52,45
6782,rostamabad,gilan,2025-12-07,1,31,30
6782,rostamabad,gilan,2025-12-08,1,33,32
6782,rostamabad,gilan,2025-12-09,1,36,35
6782,rostamabad,gilan,2025-12-10,5,79,74
6782,rostamabad,gilan,2025-12-11,7,202,195
6782,rostamabad,gilan,2025-12-12,4,66,62
6782,rostamabad,gilan,2025-12-13,4,44,40
6782,rostamabad,gilan,2025-12-14,1,29,28
6782,rostamabad,gilan,2025-12-15,4,40,36
6782,rostamabad,gilan,2025-12-16,4,40,36
6782,rostamabad,gilan,2025-12-17,1,53,52
6782,rostamabad,gilan,2025-12-18,10,153,143
6782,rostamabad,gilan,2025-12-19,1,44,43
6782,rostamabad,gilan,2025-12-20,1,29,28
6782,rostamabad,gilan,2025-12-21,0,21,21
9508,rostamkola,mazandaran,2025-11-22,8,8,0
9508,rostamkola,mazandaran,2025-11-23,14,15,1
9508,rostamkola,mazandaran,2025-11-24,3,4,1
9508,rostamkola,mazandaran,2025-11-25,4,6,2
9508,rostamkola,mazandaran,2025-11-26,11,16,5
9508,rostamkola,mazandaran,2025-11-27,7,16,9
9508,rostamkola,mazandaran,2025-11-28,5,8,3
9508,rostamkola,mazandaran,2025-11-29,7,10,3
9508,rostamkola,mazandaran,2025-11-30,4,7,3
9508,rostamkola,mazandaran,2025-12-01,3,7,4
9508,rostamkola,mazandaran,2025-12-02,3,7,4
9508,rostamkola,mazandaran,2025-12-03,3,9,6
9508,rostamkola,mazandaran,2025-12-04,7,21,14
9508,rostamkola,mazandaran,2025-12-05,3,8,5
9508,rostamkola,mazandaran,2025-12-06,0,4,4
9508,rostamkola,mazandaran,2025-12-07,0,4,4
9508,rostamkola,mazandaran,2025-12-08,2,6,4
9508,rostamkola,mazandaran,2025-12-09,0,4,4
9508,rostamkola,mazandaran,2025-12-10,0,5,5
9508,rostamkola,mazandaran,2025-12-11,0,15,15
9508,rostamkola,mazandaran,2025-12-12,0,4,4
9508,rostamkola,mazandaran,2025-12-13,0,4,4
9508,rostamkola,mazandaran,2025-12-14,1,5,4
9508,rostamkola,mazandaran,2025-12-15,1,5,4
9508,rostamkola,mazandaran,2025-12-16,0,4,4
9508,rostamkola,mazandaran,2025-12-17,0,6,6
9508,rostamkola,mazandaran,2025-12-18,0,11,11
9508,rostamkola,mazandaran,2025-12-19,0,4,4
9508,rostamkola,mazandaran,2025-12-20,0,3,3
9508,rostamkola,mazandaran,2025-12-21,0,3,3
4756,royan,mazandaran,2025-11-22,690,792,102
4756,royan,mazandaran,2025-11-23,537,731,194
4756,royan,mazandaran,2025-11-24,377,592,215
4756,royan,mazandaran,2025-11-25,385,711,326
4756,royan,mazandaran,2025-11-26,419,935,516
4756,royan,mazandaran,2025-11-27,425,1203,778
4756,royan,mazandaran,2025-11-28,172,514,342
4756,royan,mazandaran,2025-11-29,162,417,255
4756,royan,mazandaran,2025-11-30,140,399,259
4756,royan,mazandaran,2025-12-01,106,469,363
4756,royan,mazandaran,2025-12-02,100,523,423
4756,royan,mazandaran,2025-12-03,144,762,618
4756,royan,mazandaran,2025-12-04,187,1466,1279
4756,royan,mazandaran,2025-12-05,105,577,472
4756,royan,mazandaran,2025-12-06,103,470,367
4756,royan,mazandaran,2025-12-07,69,383,314
4756,royan,mazandaran,2025-12-08,63,387,324
4756,royan,mazandaran,2025-12-09,49,450,401
4756,royan,mazandaran,2025-12-10,46,633,587
4756,royan,mazandaran,2025-12-11,54,1242,1188
4756,royan,mazandaran,2025-12-12,23,495,472
4756,royan,mazandaran,2025-12-13,14,337,323
4756,royan,mazandaran,2025-12-14,17,347,330
4756,royan,mazandaran,2025-12-15,13,367,354
4756,royan,mazandaran,2025-12-16,18,487,469
4756,royan,mazandaran,2025-12-17,46,583,537
4756,royan,mazandaran,2025-12-18,23,961,938
4756,royan,mazandaran,2025-12-19,15,491,476
4756,royan,mazandaran,2025-12-20,17,346,329
4756,royan,mazandaran,2025-12-21,8,250,242
9951,rudbar,gilan,2025-11-22,314,393,79
9951,rudbar,gilan,2025-11-23,283,435,152
9951,rudbar,gilan,2025-11-24,231,394,163
9951,rudbar,gilan,2025-11-25,212,394,182
9951,rudbar,gilan,2025-11-26,216,572,356
9951,rudbar,gilan,2025-11-27,231,858,627
9951,rudbar,gilan,2025-11-28,47,244,197
9951,rudbar,gilan,2025-11-29,68,229,161
9951,rudbar,gilan,2025-11-30,56,203,147
9951,rudbar,gilan,2025-12-01,29,160,131
9951,rudbar,gilan,2025-12-02,42,239,197
9951,rudbar,gilan,2025-12-03,38,366,328
9951,rudbar,gilan,2025-12-04,53,758,705
9951,rudbar,gilan,2025-12-05,22,255,233
9951,rudbar,gilan,2025-12-06,39,231,192
9951,rudbar,gilan,2025-12-07,11,160,149
9951,rudbar,gilan,2025-12-08,7,154,147
9951,rudbar,gilan,2025-12-09,8,157,149
9951,rudbar,gilan,2025-12-10,11,285,274
9951,rudbar,gilan,2025-12-11,29,817,788
9951,rudbar,gilan,2025-12-12,20,269,249
9951,rudbar,gilan,2025-12-13,8,169,161
9951,rudbar,gilan,2025-12-14,3,130,127
9951,rudbar,gilan,2025-12-15,3,166,163
9951,rudbar,gilan,2025-12-16,7,194,187
9951,rudbar,gilan,2025-12-17,7,291,284
9951,rudbar,gilan,2025-12-18,21,650,629
9951,rudbar,gilan,2025-12-19,5,202,197
9951,rudbar,gilan,2025-12-20,3,142,139
9951,rudbar,gilan,2025-12-21,1,119,118
3365,rudehen,tehran,2025-11-22,413,491,78
3365,rudehen,tehran,2025-11-23,681,949,268
3365,rudehen,tehran,2025-11-24,434,719,285
3365,rudehen,tehran,2025-11-25,354,692,338
3365,rudehen,tehran,2025-11-26,433,893,460
3365,rudehen,tehran,2025-11-27,1043,2750,1707
3365,rudehen,tehran,2025-11-28,224,866,642
3365,rudehen,tehran,2025-11-29,111,441,330
3365,rudehen,tehran,2025-11-30,119,488,369
3365,rudehen,tehran,2025-12-01,122,555,433
3365,rudehen,tehran,2025-12-02,101,570,469
3365,rudehen,tehran,2025-12-03,139,740,601
3365,rudehen,tehran,2025-12-04,498,3360,2862
3365,rudehen,tehran,2025-12-05,207,1198,991
3365,rudehen,tehran,2025-12-06,75,575,500
3365,rudehen,tehran,2025-12-07,38,493,455
3365,rudehen,tehran,2025-12-08,51,618,567
3365,rudehen,tehran,2025-12-09,75,634,559
3365,rudehen,tehran,2025-12-10,58,851,793
3365,rudehen,tehran,2025-12-11,263,3555,3292
3365,rudehen,tehran,2025-12-12,78,1071,993
3365,rudehen,tehran,2025-12-13,43,591,548
3365,rudehen,tehran,2025-12-14,30,612,582
3365,rudehen,tehran,2025-12-15,40,604,564
3365,rudehen,tehran,2025-12-16,55,702,647
3365,rudehen,tehran,2025-12-17,77,905,828
3365,rudehen,tehran,2025-12-18,295,3273,2978
3365,rudehen,tehran,2025-12-19,68,1066,998
3365,rudehen,tehran,2025-12-20,45,624,579
3365,rudehen,tehran,2025-12-21,50,499,449
8838,rudsar,gilan,2025-11-22,372,439,67
8838,rudsar,gilan,2025-11-23,206,308,102
8838,rudsar,gilan,2025-11-24,278,463,185
8838,rudsar,gilan,2025-11-25,248,463,215
8838,rudsar,gilan,2025-11-26,293,672,379
8838,rudsar,gilan,2025-11-27,287,822,535
8838,rudsar,gilan,2025-11-28,78,268,190
8838,rudsar,gilan,2025-11-29,55,202,147
8838,rudsar,gilan,2025-11-30,54,197,143
8838,rudsar,gilan,2025-12-01,42,202,160
8838,rudsar,gilan,2025-12-02,39,235,196
8838,rudsar,gilan,2025-12-03,54,420,366
8838,rudsar,gilan,2025-12-04,73,764,691
8838,rudsar,gilan,2025-12-05,49,288,239
8838,rudsar,gilan,2025-12-06,96,341,245
8838,rudsar,gilan,2025-12-07,95,278,183
8838,rudsar,gilan,2025-12-08,68,261,193
8838,rudsar,gilan,2025-12-09,95,352,257
8838,rudsar,gilan,2025-12-10,37,381,344
8838,rudsar,gilan,2025-12-11,69,814,745
8838,rudsar,gilan,2025-12-12,22,276,254
8838,rudsar,gilan,2025-12-13,18,199,181
8838,rudsar,gilan,2025-12-14,17,170,153
8838,rudsar,gilan,2025-12-15,27,202,175
8838,rudsar,gilan,2025-12-16,12,219,207
8838,rudsar,gilan,2025-12-17,17,358,341
8838,rudsar,gilan,2025-12-18,42,545,503
8838,rudsar,gilan,2025-12-19,16,244,228
8838,rudsar,gilan,2025-12-20,16,176,160
8838,rudsar,gilan,2025-12-21,12,134,122
6563,sabashahr,tehran,2025-11-22,8,8,0
6563,sabashahr,tehran,2025-11-23,6,7,1
6563,sabashahr,tehran,2025-11-24,6,8,2
6563,sabashahr,tehran,2025-11-25,2,4,2
6563,sabashahr,tehran,2025-11-26,4,7,3
6563,sabashahr,tehran,2025-11-27,4,11,7
6563,sabashahr,tehran,2025-11-28,2,4,2
6563,sabashahr,tehran,2025-11-29,2,4,2
6563,sabashahr,tehran,2025-11-30,2,4,2
6563,sabashahr,tehran,2025-12-01,2,4,2
6563,sabashahr,tehran,2025-12-02,2,5,3
6563,sabashahr,tehran,2025-12-03,2,5,3
6563,sabashahr,tehran,2025-12-04,3,12,9
6563,sabashahr,tehran,2025-12-05,4,8,4
6563,sabashahr,tehran,2025-12-06,2,4,2
6563,sabashahr,tehran,2025-12-07,2,4,2
6563,sabashahr,tehran,2025-12-08,2,4,2
6563,sabashahr,tehran,2025-12-09,2,5,3
6563,sabashahr,tehran,2025-12-10,2,5,3
6563,sabashahr,tehran,2025-12-11,3,12,9
6563,sabashahr,tehran,2025-12-12,2,5,3
6563,sabashahr,tehran,2025-12-13,2,5,3
6563,sabashahr,tehran,2025-12-14,2,4,2
6563,sabashahr,tehran,2025-12-15,2,4,2
6563,sabashahr,tehran,2025-12-16,2,5,3
6563,sabashahr,tehran,2025-12-17,2,5,3
6563,sabashahr,tehran,2025-12-18,2,9,7
6563,sabashahr,tehran,2025-12-19,2,5,3
6563,sabashahr,tehran,2025-12-20,2,5,3
6563,sabashahr,tehran,2025-12-21,0,2,2
9150,sabzevar,khorasan_razavi,2025-11-22,56,75,19
9150,sabzevar,khorasan_razavi,2025-11-23,44,74,30
9150,sabzevar,khorasan_razavi,2025-11-24,41,78,37
9150,sabzevar,khorasan_razavi,2025-11-25,45,87,42
9150,sabzevar,khorasan_razavi,2025-11-26,33,83,50
9150,sabzevar,khorasan_razavi,2025-11-27,42,98,56
9150,sabzevar,khorasan_razavi,2025-11-28,34,67,33
9150,sabzevar,khorasan_razavi,2025-11-29,9,54,45
9150,sabzevar,khorasan_razavi,2025-11-30,21,66,45
9150,sabzevar,khorasan_razavi,2025-12-01,15,77,62
9150,sabzevar,khorasan_razavi,2025-12-02,13,81,68
9150,sabzevar,khorasan_razavi,2025-12-03,12,72,60
9150,sabzevar,khorasan_razavi,2025-12-04,10,75,65
9150,sabzevar,khorasan_razavi,2025-12-05,6,54,48
9150,sabzevar,khorasan_razavi,2025-12-06,5,56,51
9150,sabzevar,khorasan_razavi,2025-12-07,5,56,51
9150,sabzevar,khorasan_razavi,2025-12-08,5,64,59
9150,sabzevar,khorasan_razavi,2025-12-09,7,72,65
9150,sabzevar,khorasan_razavi,2025-12-10,7,78,71
9150,sabzevar,khorasan_razavi,2025-12-11,12,99,87
9150,sabzevar,khorasan_razavi,2025-12-12,8,72,64
9150,sabzevar,khorasan_razavi,2025-12-13,5,58,53
9150,sabzevar,khorasan_razavi,2025-12-14,5,56,51
9150,sabzevar,khorasan_razavi,2025-12-15,6,80,74
9150,sabzevar,khorasan_razavi,2025-12-16,4,84,80
9150,sabzevar,khorasan_razavi,2025-12-17,4,90,86
9150,sabzevar,khorasan_razavi,2025-12-18,5,94,89
9150,sabzevar,khorasan_razavi,2025-12-19,2,73,71
9150,sabzevar,khorasan_razavi,2025-12-20,2,66,64
9150,sabzevar,khorasan_razavi,2025-12-21,1,57,56
1120,safadasht,tehran,2025-11-22,16,19,3
1120,safadasht,tehran,2025-11-23,16,23,7
1120,safadasht,tehran,2025-11-24,8,17,9
1120,safadasht,tehran,2025-11-25,5,14,9
1120,safadasht,tehran,2025-11-26,8,20,12
1120,safadasht,tehran,2025-11-27,32,78,46
1120,safadasht,tehran,2025-11-28,7,21,14
1120,safadasht,tehran,2025-11-29,0,15,15
1120,safadasht,tehran,2025-11-30,4,15,11
1120,safadasht,tehran,2025-12-01,2,23,21
1120,safadasht,tehran,2025-12-02,8,24,16
1120,safadasht,tehran,2025-12-03,0,23,23
1120,safadasht,tehran,2025-12-04,6,61,55
1120,safadasht,tehran,2025-12-05,5,26,21
1120,safadasht,tehran,2025-12-06,0,17,17
1120,safadasht,tehran,2025-12-07,0,16,16
1120,safadasht,tehran,2025-12-08,0,17,17
1120,safadasht,tehran,2025-12-09,1,18,17
1120,safadasht,tehran,2025-12-10,0,21,21
1120,safadasht,tehran,2025-12-11,0,65,65
1120,safadasht,tehran,2025-12-12,0,21,21
1120,safadasht,tehran,2025-12-13,0,17,17
1120,safadasht,tehran,2025-12-14,0,15,15
1120,safadasht,tehran,2025-12-15,0,18,18
1120,safadasht,tehran,2025-12-16,0,18,18
1120,safadasht,tehran,2025-12-17,0,22,22
1120,safadasht,tehran,2025-12-18,0,54,54
1120,safadasht,tehran,2025-12-19,2,25,23
1120,safadasht,tehran,2025-12-20,0,19,19
1120,safadasht,tehran,2025-12-21,1,15,14
9308,salehabad_khzr,khorasan_razavi,2025-11-22,0,0,0
9308,salehabad_khzr,khorasan_razavi,2025-11-23,0,0,0
9308,salehabad_khzr,khorasan_razavi,2025-11-24,0,0,0
9308,salehabad_khzr,khorasan_razavi,2025-11-25,0,0,0
9308,salehabad_khzr,khorasan_razavi,2025-11-26,0,0,0
9308,salehabad_khzr,khorasan_razavi,2025-11-27,0,0,0
9308,salehabad_khzr,khorasan_razavi,2025-11-28,0,0,0
9308,salehabad_khzr,khorasan_razavi,2025-11-29,0,0,0
9308,salehabad_khzr,khorasan_razavi,2025-11-30,0,0,0
9308,salehabad_khzr,khorasan_razavi,2025-12-01,0,0,0
9308,salehabad_khzr,khorasan_razavi,2025-12-02,0,0,0
9308,salehabad_khzr,khorasan_razavi,2025-12-03,0,0,0
9308,salehabad_khzr,khorasan_razavi,2025-12-04,0,0,0
9308,salehabad_khzr,khorasan_razavi,2025-12-05,0,0,0
9308,salehabad_khzr,khorasan_razavi,2025-12-06,0,0,0
9308,salehabad_khzr,khorasan_razavi,2025-12-07,0,0,0
9308,salehabad_khzr,khorasan_razavi,2025-12-08,0,0,0
9308,salehabad_khzr,khorasan_razavi,2025-12-09,0,0,0
9308,salehabad_khzr,khorasan_razavi,2025-12-10,0,0,0
9308,salehabad_khzr,khorasan_razavi,2025-12-11,0,0,0
9308,salehabad_khzr,khorasan_razavi,2025-12-12,0,0,0
9308,salehabad_khzr,khorasan_razavi,2025-12-13,0,0,0
9308,salehabad_khzr,khorasan_razavi,2025-12-14,0,0,0
9308,salehabad_khzr,khorasan_razavi,2025-12-15,0,0,0
9308,salehabad_khzr,khorasan_razavi,2025-12-16,0,0,0
9308,salehabad_khzr,khorasan_razavi,2025-12-17,0,0,0
9308,salehabad_khzr,khorasan_razavi,2025-12-18,0,0,0
9308,salehabad_khzr,khorasan_razavi,2025-12-19,0,0,0
9308,salehabad_khzr,khorasan_razavi,2025-12-20,0,0,0
9308,salehabad_khzr,khorasan_razavi,2025-12-21,0,0,0
8234,salehabad_teh,tehran,2025-11-22,0,0,0
8234,salehabad_teh,tehran,2025-11-23,0,0,0
8234,salehabad_teh,tehran,2025-11-24,1,1,0
8234,salehabad_teh,tehran,2025-11-25,0,0,0
8234,salehabad_teh,tehran,2025-11-26,0,0,0
8234,salehabad_teh,tehran,2025-11-27,0,0,0
8234,salehabad_teh,tehran,2025-11-28,0,0,0
8234,salehabad_teh,tehran,2025-11-29,0,0,0
8234,salehabad_teh,tehran,2025-11-30,0,0,0
8234,salehabad_teh,tehran,2025-12-01,0,0,0
8234,salehabad_teh,tehran,2025-12-02,0,0,0
8234,salehabad_teh,tehran,2025-12-03,0,0,0
8234,salehabad_teh,tehran,2025-12-04,0,0,0
8234,salehabad_teh,tehran,2025-12-05,0,0,0
8234,salehabad_teh,tehran,2025-12-06,0,0,0
8234,salehabad_teh,tehran,2025-12-07,0,0,0
8234,salehabad_teh,tehran,2025-12-08,0,0,0
8234,salehabad_teh,tehran,2025-12-09,0,0,0
8234,salehabad_teh,tehran,2025-12-10,0,0,0
8234,salehabad_teh,tehran,2025-12-11,0,0,0
8234,salehabad_teh,tehran,2025-12-12,0,0,0
8234,salehabad_teh,tehran,2025-12-13,0,0,0
8234,salehabad_teh,tehran,2025-12-14,0,0,0
8234,salehabad_teh,tehran,2025-12-15,0,0,0
8234,salehabad_teh,tehran,2025-12-16,0,0,0
8234,salehabad_teh,tehran,2025-12-17,0,0,0
8234,salehabad_teh,tehran,2025-12-18,0,0,0
8234,salehabad_teh,tehran,2025-12-19,0,0,0
8234,salehabad_teh,tehran,2025-12-20,0,0,0
8234,salehabad_teh,tehran,2025-12-21,0,0,0
4161,sangar,gilan,2025-11-22,123,147,24
4161,sangar,gilan,2025-11-23,70,109,39
4161,sangar,gilan,2025-11-24,61,108,47
4161,sangar,gilan,2025-11-25,80,146,66
4161,sangar,gilan,2025-11-26,131,273,142
4161,sangar,gilan,2025-11-27,113,299,186
4161,sangar,gilan,2025-11-28,17,73,56
4161,sangar,gilan,2025-11-29,16,61,45
4161,sangar,gilan,2025-11-30,34,74,40
4161,sangar,gilan,2025-12-01,29,89,60
4161,sangar,gilan,2025-12-02,25,98,73
4161,sangar,gilan,2025-12-03,6,115,109
4161,sangar,gilan,2025-12-04,3,140,137
4161,sangar,gilan,2025-12-05,4,91,87
4161,sangar,gilan,2025-12-06,11,81,70
4161,sangar,gilan,2025-12-07,11,72,61
4161,sangar,gilan,2025-12-08,11,71,60
4161,sangar,gilan,2025-12-09,0,70,70
4161,sangar,gilan,2025-12-10,4,118,114
4161,sangar,gilan,2025-12-11,14,244,230
4161,sangar,gilan,2025-12-12,12,91,79
4161,sangar,gilan,2025-12-13,11,71,60
4161,sangar,gilan,2025-12-14,1,63,62
4161,sangar,gilan,2025-12-15,3,72,69
4161,sangar,gilan,2025-12-16,18,95,77
4161,sangar,gilan,2025-12-17,5,123,118
4161,sangar,gilan,2025-12-18,3,169,166
4161,sangar,gilan,2025-12-19,2,82,80
4161,sangar,gilan,2025-12-20,7,71,64
4161,sangar,gilan,2025-12-21,6,62,56
2424,sarakhs,khorasan_razavi,2025-11-22,0,0,0
2424,sarakhs,khorasan_razavi,2025-11-23,0,0,0
2424,sarakhs,khorasan_razavi,2025-11-24,0,0,0
2424,sarakhs,khorasan_razavi,2025-11-25,0,0,0
2424,sarakhs,khorasan_razavi,2025-11-26,0,0,0
2424,sarakhs,khorasan_razavi,2025-11-27,0,0,0
2424,sarakhs,khorasan_razavi,2025-11-28,0,0,0
2424,sarakhs,khorasan_razavi,2025-11-29,0,0,0
2424,sarakhs,khorasan_razavi,2025-11-30,0,0,0
2424,sarakhs,khorasan_razavi,2025-12-01,0,0,0
2424,sarakhs,khorasan_razavi,2025-12-02,0,0,0
2424,sarakhs,khorasan_razavi,2025-12-03,0,0,0
2424,sarakhs,khorasan_razavi,2025-12-04,0,0,0
2424,sarakhs,khorasan_razavi,2025-12-05,0,0,0
2424,sarakhs,khorasan_razavi,2025-12-06,0,0,0
2424,sarakhs,khorasan_razavi,2025-12-07,0,0,0
2424,sarakhs,khorasan_razavi,2025-12-08,0,0,0
2424,sarakhs,khorasan_razavi,2025-12-09,0,0,0
2424,sarakhs,khorasan_razavi,2025-12-10,0,0,0
2424,sarakhs,khorasan_razavi,2025-12-11,0,0,0
2424,sarakhs,khorasan_razavi,2025-12-12,0,0,0
2424,sarakhs,khorasan_razavi,2025-12-13,0,0,0
2424,sarakhs,khorasan_razavi,2025-12-14,0,0,0
2424,sarakhs,khorasan_razavi,2025-12-15,0,0,0
2424,sarakhs,khorasan_razavi,2025-12-16,0,0,0
2424,sarakhs,khorasan_razavi,2025-12-17,0,0,0
2424,sarakhs,khorasan_razavi,2025-12-18,0,0,0
2424,sarakhs,khorasan_razavi,2025-12-19,0,0,0
2424,sarakhs,khorasan_razavi,2025-12-20,0,0,0
2424,sarakhs,khorasan_razavi,2025-12-21,0,0,0
6397,sardasht_hormozgan,hormozgan,2025-11-22,0,0,0
6397,sardasht_hormozgan,hormozgan,2025-11-23,0,0,0
6397,sardasht_hormozgan,hormozgan,2025-11-24,0,0,0
6397,sardasht_hormozgan,hormozgan,2025-11-25,0,0,0
6397,sardasht_hormozgan,hormozgan,2025-11-26,0,0,0
6397,sardasht_hormozgan,hormozgan,2025-11-27,0,0,0
6397,sardasht_hormozgan,hormozgan,2025-11-28,0,0,0
6397,sardasht_hormozgan,hormozgan,2025-11-29,0,0,0
6397,sardasht_hormozgan,hormozgan,2025-11-30,0,0,0
6397,sardasht_hormozgan,hormozgan,2025-12-01,0,0,0
6397,sardasht_hormozgan,hormozgan,2025-12-02,0,0,0
6397,sardasht_hormozgan,hormozgan,2025-12-03,0,0,0
6397,sardasht_hormozgan,hormozgan,2025-12-04,0,0,0
6397,sardasht_hormozgan,hormozgan,2025-12-05,0,0,0
6397,sardasht_hormozgan,hormozgan,2025-12-06,0,0,0
6397,sardasht_hormozgan,hormozgan,2025-12-07,0,0,0
6397,sardasht_hormozgan,hormozgan,2025-12-08,0,0,0
6397,sardasht_hormozgan,hormozgan,2025-12-09,0,0,0
6397,sardasht_hormozgan,hormozgan,2025-12-10,0,0,0
6397,sardasht_hormozgan,hormozgan,2025-12-11,0,1,1
6397,sardasht_hormozgan,hormozgan,2025-12-12,0,0,0
6397,sardasht_hormozgan,hormozgan,2025-12-13,0,0,0
6397,sardasht_hormozgan,hormozgan,2025-12-14,0,0,0
6397,sardasht_hormozgan,hormozgan,2025-12-15,0,0,0
6397,sardasht_hormozgan,hormozgan,2025-12-16,0,0,0
6397,sardasht_hormozgan,hormozgan,2025-12-17,0,0,0
6397,sardasht_hormozgan,hormozgan,2025-12-18,0,0,0
6397,sardasht_hormozgan,hormozgan,2025-12-19,0,0,0
6397,sardasht_hormozgan,hormozgan,2025-12-20,0,0,0
6397,sardasht_hormozgan,hormozgan,2025-12-21,0,0,0
6738,sargaz,hormozgan,2025-11-22,0,0,0
6738,sargaz,hormozgan,2025-11-23,0,0,0
6738,sargaz,hormozgan,2025-11-24,0,0,0
6738,sargaz,hormozgan,2025-11-25,0,0,0
6738,sargaz,hormozgan,2025-11-26,0,0,0
6738,sargaz,hormozgan,2025-11-27,0,0,0
6738,sargaz,hormozgan,2025-11-28,0,0,0
6738,sargaz,hormozgan,2025-11-29,0,0,0
6738,sargaz,hormozgan,2025-11-30,0,0,0
6738,sargaz,hormozgan,2025-12-01,0,0,0
6738,sargaz,hormozgan,2025-12-02,0,0,0
6738,sargaz,hormozgan,2025-12-03,0,0,0
6738,sargaz,hormozgan,2025-12-04,0,0,0
6738,sargaz,hormozgan,2025-12-05,0,0,0
6738,sargaz,hormozgan,2025-12-06,0,0,0
6738,sargaz,hormozgan,2025-12-07,0,0,0
6738,sargaz,hormozgan,2025-12-08,0,0,0
6738,sargaz,hormozgan,2025-12-09,0,0,0
6738,sargaz,hormozgan,2025-12-10,0,0,0
6738,sargaz,hormozgan,2025-12-11,0,0,0
6738,sargaz,hormozgan,2025-12-12,0,0,0
6738,sargaz,hormozgan,2025-12-13,0,0,0
6738,sargaz,hormozgan,2025-12-14,0,0,0
6738,sargaz,hormozgan,2025-12-15,0,0,0
6738,sargaz,hormozgan,2025-12-16,0,0,0
6738,sargaz,hormozgan,2025-12-17,0,0,0
6738,sargaz,hormozgan,2025-12-18,0,0,0
6738,sargaz,hormozgan,2025-12-19,0,0,0
6738,sargaz,hormozgan,2025-12-20,0,0,0
6738,sargaz,hormozgan,2025-12-21,0,0,0
6886,sari,mazandaran,2025-11-22,2620,3110,490
6886,sari,mazandaran,2025-11-23,2158,2974,816
6886,sari,mazandaran,2025-11-24,1829,2871,1042
6886,sari,mazandaran,2025-11-25,1397,2553,1156
6886,sari,mazandaran,2025-11-26,1510,3303,1793
6886,sari,mazandaran,2025-11-27,1482,4096,2614
6886,sari,mazandaran,2025-11-28,532,1582,1050
6886,sari,mazandaran,2025-11-29,497,1477,980
6886,sari,mazandaran,2025-11-30,512,1698,1186
6886,sari,mazandaran,2025-12-01,605,2039,1434
6886,sari,mazandaran,2025-12-02,545,2041,1496
6886,sari,mazandaran,2025-12-03,714,2817,2103
6886,sari,mazandaran,2025-12-04,759,4633,3874
6886,sari,mazandaran,2025-12-05,340,2071,1731
6886,sari,mazandaran,2025-12-06,360,1879,1519
6886,sari,mazandaran,2025-12-07,267,1550,1283
6886,sari,mazandaran,2025-12-08,295,1746,1451
6886,sari,mazandaran,2025-12-09,273,1804,1531
6886,sari,mazandaran,2025-12-10,388,2685,2297
6886,sari,mazandaran,2025-12-11,517,4965,4448
6886,sari,mazandaran,2025-12-12,200,1827,1627
6886,sari,mazandaran,2025-12-13,184,1614,1430
6886,sari,mazandaran,2025-12-14,136,1429,1293
6886,sari,mazandaran,2025-12-15,129,1448,1319
6886,sari,mazandaran,2025-12-16,189,1876,1687
6886,sari,mazandaran,2025-12-17,175,2282,2107
6886,sari,mazandaran,2025-12-18,199,3595,3396
6886,sari,mazandaran,2025-12-19,91,1606,1515
6886,sari,mazandaran,2025-12-20,98,1484,1386
6886,sari,mazandaran,2025-12-21,48,1097,1049
4324,savadkuh,mazandaran,2025-11-22,4618,4951,333
4324,savadkuh,mazandaran,2025-11-23,4002,4724,722
4324,savadkuh,mazandaran,2025-11-24,2712,3651,939
4324,savadkuh,mazandaran,2025-11-25,2438,3735,1297
4324,savadkuh,mazandaran,2025-11-26,3023,6071,3048
4324,savadkuh,mazandaran,2025-11-27,3553,9874,6321
4324,savadkuh,mazandaran,2025-11-28,982,2714,1732
4324,savadkuh,mazandaran,2025-11-29,923,2288,1365
4324,savadkuh,mazandaran,2025-11-30,702,1875,1173
4324,savadkuh,mazandaran,2025-12-01,633,2189,1556
4324,savadkuh,mazandaran,2025-12-02,636,2616,1980
4324,savadkuh,mazandaran,2025-12-03,882,4112,3230
4324,savadkuh,mazandaran,2025-12-04,1137,8331,7194
4324,savadkuh,mazandaran,2025-12-05,299,2069,1770
4324,savadkuh,mazandaran,2025-12-06,233,1616,1383
4324,savadkuh,mazandaran,2025-12-07,207,1492,1285
4324,savadkuh,mazandaran,2025-12-08,239,1609,1370
4324,savadkuh,mazandaran,2025-12-09,239,1828,1589
4324,savadkuh,mazandaran,2025-12-10,361,3381,3020
4324,savadkuh,mazandaran,2025-12-11,477,8146,7669
4324,savadkuh,mazandaran,2025-12-12,176,2812,2636
4324,savadkuh,mazandaran,2025-12-13,136,1671,1535
4324,savadkuh,mazandaran,2025-12-14,110,1445,1335
4324,savadkuh,mazandaran,2025-12-15,93,1510,1417
4324,savadkuh,mazandaran,2025-12-16,144,1979,1835
4324,savadkuh,mazandaran,2025-12-17,185,3249,3064
4324,savadkuh,mazandaran,2025-12-18,231,5632,5401
4324,savadkuh,mazandaran,2025-12-19,110,2607,2497
4324,savadkuh,mazandaran,2025-12-20,155,1997,1842
4324,savadkuh,mazandaran,2025-12-21,97,1404,1307
5383,sedehlenjan,isfahan,2025-11-22,0,0,0
5383,sedehlenjan,isfahan,2025-11-23,0,0,0
5383,sedehlenjan,isfahan,2025-11-24,0,0,0
5383,sedehlenjan,isfahan,2025-11-25,0,0,0
5383,sedehlenjan,isfahan,2025-11-26,0,0,0
5383,sedehlenjan,isfahan,2025-11-27,0,0,0
5383,sedehlenjan,isfahan,2025-11-28,0,0,0
5383,sedehlenjan,isfahan,2025-11-29,0,0,0
5383,sedehlenjan,isfahan,2025-11-30,0,0,0
5383,sedehlenjan,isfahan,2025-12-01,0,0,0
5383,sedehlenjan,isfahan,2025-12-02,0,0,0
5383,sedehlenjan,isfahan,2025-12-03,0,0,0
5383,sedehlenjan,isfahan,2025-12-04,0,0,0
5383,sedehlenjan,isfahan,2025-12-05,0,0,0
5383,sedehlenjan,isfahan,2025-12-06,0,0,0
5383,sedehlenjan,isfahan,2025-12-07,0,0,0
5383,sedehlenjan,isfahan,2025-12-08,0,0,0
5383,sedehlenjan,isfahan,2025-12-09,0,0,0
5383,sedehlenjan,isfahan,2025-12-10,0,0,0
5383,sedehlenjan,isfahan,2025-12-11,0,0,0
5383,sedehlenjan,isfahan,2025-12-12,0,0,0
5383,sedehlenjan,isfahan,2025-12-13,0,0,0
5383,sedehlenjan,isfahan,2025-12-14,0,0,0
5383,sedehlenjan,isfahan,2025-12-15,0,0,0
5383,sedehlenjan,isfahan,2025-12-16,0,0,0
5383,sedehlenjan,isfahan,2025-12-17,0,0,0
5383,sedehlenjan,isfahan,2025-12-18,0,0,0
5383,sedehlenjan,isfahan,2025-12-19,0,0,0
5383,sedehlenjan,isfahan,2025-12-20,0,0,0
5383,sedehlenjan,isfahan,2025-12-21,0,0,0
8592,segzi,isfahan,2025-11-22,0,0,0
8592,segzi,isfahan,2025-11-23,0,0,0
8592,segzi,isfahan,2025-11-24,0,0,0
8592,segzi,isfahan,2025-11-25,0,0,0
8592,segzi,isfahan,2025-11-26,0,0,0
8592,segzi,isfahan,2025-11-27,0,0,0
8592,segzi,isfahan,2025-11-28,0,0,0
8592,segzi,isfahan,2025-11-29,0,0,0
8592,segzi,isfahan,2025-11-30,0,0,0
8592,segzi,isfahan,2025-12-01,0,0,0
8592,segzi,isfahan,2025-12-02,0,0,0
8592,segzi,isfahan,2025-12-03,0,0,0
8592,segzi,isfahan,2025-12-04,0,0,0
8592,segzi,isfahan,2025-12-05,0,0,0
8592,segzi,isfahan,2025-12-06,0,0,0
8592,segzi,isfahan,2025-12-07,0,0,0
8592,segzi,isfahan,2025-12-08,0,0,0
8592,segzi,isfahan,2025-12-09,0,0,0
8592,segzi,isfahan,2025-12-10,0,0,0
8592,segzi,isfahan,2025-12-11,0,0,0
8592,segzi,isfahan,2025-12-12,0,0,0
8592,segzi,isfahan,2025-12-13,0,0,0
8592,segzi,isfahan,2025-12-14,0,0,0
8592,segzi,isfahan,2025-12-15,0,0,0
8592,segzi,isfahan,2025-12-16,0,0,0
8592,segzi,isfahan,2025-12-17,0,0,0
8592,segzi,isfahan,2025-12-18,0,0,0
8592,segzi,isfahan,2025-12-19,0,0,0
8592,segzi,isfahan,2025-12-20,0,0,0
8592,segzi,isfahan,2025-12-21,0,0,0
6720,semirom,isfahan,2025-11-22,15,18,3
6720,semirom,isfahan,2025-11-23,34,44,10
6720,semirom,isfahan,2025-11-24,16,23,7
6720,semirom,isfahan,2025-11-25,6,13,7
6720,semirom,isfahan,2025-11-26,18,35,17
6720,semirom,isfahan,2025-11-27,53,139,86
6720,semirom,isfahan,2025-11-28,14,23,9
6720,semirom,isfahan,2025-11-29,4,13,9
6720,semirom,isfahan,2025-11-30,2,15,13
6720,semirom,isfahan,2025-12-01,5,16,11
6720,semirom,isfahan,2025-12-02,7,21,14
6720,semirom,isfahan,2025-12-03,6,32,26
6720,semirom,isfahan,2025-12-04,8,112,104
6720,semirom,isfahan,2025-12-05,3,17,14
6720,semirom,isfahan,2025-12-06,3,22,19
6720,semirom,isfahan,2025-12-07,3,19,16
6720,semirom,isfahan,2025-12-08,6,23,17
6720,semirom,isfahan,2025-12-09,2,20,18
6720,semirom,isfahan,2025-12-10,2,34,32
6720,semirom,isfahan,2025-12-11,3,109,106
6720,semirom,isfahan,2025-12-12,0,18,18
6720,semirom,isfahan,2025-12-13,0,19,19
6720,semirom,isfahan,2025-12-14,0,19,19
6720,semirom,isfahan,2025-12-15,3,23,20
6720,semirom,isfahan,2025-12-16,0,21,21
6720,semirom,isfahan,2025-12-17,1,37,36
6720,semirom,isfahan,2025-12-18,2,88,86
6720,semirom,isfahan,2025-12-19,0,19,19
6720,semirom,isfahan,2025-12-20,0,19,19
6720,semirom,isfahan,2025-12-21,0,15,15
7562,shaft,gilan,2025-11-22,632,690,58
7562,shaft,gilan,2025-11-23,429,539,110
7562,shaft,gilan,2025-11-24,351,512,161
7562,shaft,gilan,2025-11-25,385,606,221
7562,shaft,gilan,2025-11-26,451,823,372
7562,shaft,gilan,2025-11-27,382,963,581
7562,shaft,gilan,2025-11-28,177,377,200
7562,shaft,gilan,2025-11-29,176,354,178
7562,shaft,gilan,2025-11-30,135,303,168
7562,shaft,gilan,2025-12-01,126,366,240
7562,shaft,gilan,2025-12-02,107,358,251
7562,shaft,gilan,2025-12-03,114,488,374
7562,shaft,gilan,2025-12-04,158,970,812
7562,shaft,gilan,2025-12-05,88,385,297
7562,shaft,gilan,2025-12-06,82,367,285
7562,shaft,gilan,2025-12-07,74,330,256
7562,shaft,gilan,2025-12-08,96,353,257
7562,shaft,gilan,2025-12-09,64,319,255
7562,shaft,gilan,2025-12-10,74,519,445
7562,shaft,gilan,2025-12-11,91,1115,1024
7562,shaft,gilan,2025-12-12,31,343,312
7562,shaft,gilan,2025-12-13,23,251,228
7562,shaft,gilan,2025-12-14,21,224,203
7562,shaft,gilan,2025-12-15,29,271,242
7562,shaft,gilan,2025-12-16,23,270,247
7562,shaft,gilan,2025-12-17,38,394,356
7562,shaft,gilan,2025-12-18,65,689,624
7562,shaft,gilan,2025-12-19,29,293,264
7562,shaft,gilan,2025-12-20,22,216,194
7562,shaft,gilan,2025-12-21,11,155,144
4125,shahedshahr,tehran,2025-11-22,3,3,0
4125,shahedshahr,tehran,2025-11-23,1,1,0
4125,shahedshahr,tehran,2025-11-24,0,0,0
4125,shahedshahr,tehran,2025-11-25,0,0,0
4125,shahedshahr,tehran,2025-11-26,0,1,1
4125,shahedshahr,tehran,2025-11-27,0,2,2
4125,shahedshahr,tehran,2025-11-28,0,1,1
4125,shahedshahr,tehran,2025-11-29,0,1,1
4125,shahedshahr,tehran,2025-11-30,0,1,1
4125,shahedshahr,tehran,2025-12-01,0,1,1
4125,shahedshahr,tehran,2025-12-02,0,1,1
4125,shahedshahr,tehran,2025-12-03,0,1,1
4125,shahedshahr,tehran,2025-12-04,3,8,5
4125,shahedshahr,tehran,2025-12-05,1,2,1
4125,shahedshahr,tehran,2025-12-06,0,2,2
4125,shahedshahr,tehran,2025-12-07,0,2,2
4125,shahedshahr,tehran,2025-12-08,0,2,2
4125,shahedshahr,tehran,2025-12-09,0,2,2
4125,shahedshahr,tehran,2025-12-10,0,2,2
4125,shahedshahr,tehran,2025-12-11,8,15,7
4125,shahedshahr,tehran,2025-12-12,0,2,2
4125,shahedshahr,tehran,2025-12-13,0,2,2
4125,shahedshahr,tehran,2025-12-14,0,2,2
4125,shahedshahr,tehran,2025-12-15,0,2,2
4125,shahedshahr,tehran,2025-12-16,0,2,2
4125,shahedshahr,tehran,2025-12-17,0,3,3
4125,shahedshahr,tehran,2025-12-18,0,5,5
4125,shahedshahr,tehran,2025-12-19,0,3,3
4125,shahedshahr,tehran,2025-12-20,0,2,2
4125,shahedshahr,tehran,2025-12-21,0,2,2
5434,shahinshahr,isfahan,2025-11-22,61,74,13
5434,shahinshahr,isfahan,2025-11-23,56,78,22
5434,shahinshahr,isfahan,2025-11-24,32,59,27
5434,shahinshahr,isfahan,2025-11-25,31,62,31
5434,shahinshahr,isfahan,2025-11-26,72,116,44
5434,shahinshahr,isfahan,2025-11-27,77,135,58
5434,shahinshahr,isfahan,2025-11-28,17,45,28
5434,shahinshahr,isfahan,2025-11-29,19,56,37
5434,shahinshahr,isfahan,2025-11-30,15,58,43
5434,shahinshahr,isfahan,2025-12-01,15,68,53
5434,shahinshahr,isfahan,2025-12-02,18,72,54
5434,shahinshahr,isfahan,2025-12-03,19,74,55
5434,shahinshahr,isfahan,2025-12-04,14,100,86
5434,shahinshahr,isfahan,2025-12-05,12,52,40
5434,shahinshahr,isfahan,2025-12-06,9,62,53
5434,shahinshahr,isfahan,2025-12-07,7,63,56
5434,shahinshahr,isfahan,2025-12-08,12,64,52
5434,shahinshahr,isfahan,2025-12-09,10,75,65
5434,shahinshahr,isfahan,2025-12-10,11,78,67
5434,shahinshahr,isfahan,2025-12-11,9,99,90
5434,shahinshahr,isfahan,2025-12-12,9,55,46
5434,shahinshahr,isfahan,2025-12-13,11,60,49
5434,shahinshahr,isfahan,2025-12-14,10,62,52
5434,shahinshahr,isfahan,2025-12-15,9,63,54
5434,shahinshahr,isfahan,2025-12-16,11,83,72
5434,shahinshahr,isfahan,2025-12-17,20,88,68
5434,shahinshahr,isfahan,2025-12-18,25,109,84
5434,shahinshahr,isfahan,2025-12-19,9,59,50
5434,shahinshahr,isfahan,2025-12-20,9,66,57
5434,shahinshahr,isfahan,2025-12-21,7,59,52
7252,shahrak_e_daryakenar,mazandaran,2025-11-22,122,132,10
7252,shahrak_e_daryakenar,mazandaran,2025-11-23,86,109,23
7252,shahrak_e_daryakenar,mazandaran,2025-11-24,67,98,31
7252,shahrak_e_daryakenar,mazandaran,2025-11-25,66,104,38
7252,shahrak_e_daryakenar,mazandaran,2025-11-26,104,167,63
7252,shahrak_e_daryakenar,mazandaran,2025-11-27,92,187,95
7252,shahrak_e_daryakenar,mazandaran,2025-11-28,40,95,55
7252,shahrak_e_daryakenar,mazandaran,2025-11-29,44,95,51
7252,shahrak_e_daryakenar,mazandaran,2025-11-30,37,94,57
7252,shahrak_e_daryakenar,mazandaran,2025-12-01,39,108,69
7252,shahrak_e_daryakenar,mazandaran,2025-12-02,29,100,71
7252,shahrak_e_daryakenar,mazandaran,2025-12-03,38,140,102
7252,shahrak_e_daryakenar,mazandaran,2025-12-04,36,191,155
7252,shahrak_e_daryakenar,mazandaran,2025-12-05,17,83,66
7252,shahrak_e_daryakenar,mazandaran,2025-12-06,28,95,67
7252,shahrak_e_daryakenar,mazandaran,2025-12-07,24,84,60
7252,shahrak_e_daryakenar,mazandaran,2025-12-08,19,73,54
7252,shahrak_e_daryakenar,mazandaran,2025-12-09,21,77,56
7252,shahrak_e_daryakenar,mazandaran,2025-12-10,23,102,79
7252,shahrak_e_daryakenar,mazandaran,2025-12-11,24,197,173
7252,shahrak_e_daryakenar,mazandaran,2025-12-12,14,70,56
7252,shahrak_e_daryakenar,mazandaran,2025-12-13,15,76,61
7252,shahrak_e_daryakenar,mazandaran,2025-12-14,11,68,57
7252,shahrak_e_daryakenar,mazandaran,2025-12-15,10,69,59
7252,shahrak_e_daryakenar,mazandaran,2025-12-16,10,79,69
7252,shahrak_e_daryakenar,mazandaran,2025-12-17,11,111,100
7252,shahrak_e_daryakenar,mazandaran,2025-12-18,15,162,147
7252,shahrak_e_daryakenar,mazandaran,2025-12-19,6,86,80
7252,shahrak_e_daryakenar,mazandaran,2025-12-20,8,68,60
7252,shahrak_e_daryakenar,mazandaran,2025-12-21,0,53,53
1370,shahre_jadide_hashtgerd,alborz,2025-11-22,0,0,0
1370,shahre_jadide_hashtgerd,alborz,2025-11-23,0,0,0
1370,shahre_jadide_hashtgerd,alborz,2025-11-24,0,0,0
1370,shahre_jadide_hashtgerd,alborz,2025-11-25,0,0,0
1370,shahre_jadide_hashtgerd,alborz,2025-11-26,0,0,0
1370,shahre_jadide_hashtgerd,alborz,2025-11-27,0,0,0
1370,shahre_jadide_hashtgerd,alborz,2025-11-28,0,0,0
1370,shahre_jadide_hashtgerd,alborz,2025-11-29,0,0,0
1370,shahre_jadide_hashtgerd,alborz,2025-11-30,0,0,0
1370,shahre_jadide_hashtgerd,alborz,2025-12-01,0,0,0
1370,shahre_jadide_hashtgerd,alborz,2025-12-02,0,0,0
1370,shahre_jadide_hashtgerd,alborz,2025-12-03,0,0,0
1370,shahre_jadide_hashtgerd,alborz,2025-12-04,0,0,0
1370,shahre_jadide_hashtgerd,alborz,2025-12-05,0,0,0
1370,shahre_jadide_hashtgerd,alborz,2025-12-06,0,0,0
1370,shahre_jadide_hashtgerd,alborz,2025-12-07,0,0,0
1370,shahre_jadide_hashtgerd,alborz,2025-12-08,0,0,0
1370,shahre_jadide_hashtgerd,alborz,2025-12-09,0,0,0
1370,shahre_jadide_hashtgerd,alborz,2025-12-10,0,0,0
1370,shahre_jadide_hashtgerd,alborz,2025-12-11,0,0,0
1370,shahre_jadide_hashtgerd,alborz,2025-12-12,0,0,0
1370,shahre_jadide_hashtgerd,alborz,2025-12-13,0,0,0
1370,shahre_jadide_hashtgerd,alborz,2025-12-14,0,0,0
1370,shahre_jadide_hashtgerd,alborz,2025-12-15,0,0,0
1370,shahre_jadide_hashtgerd,alborz,2025-12-16,0,0,0
1370,shahre_jadide_hashtgerd,alborz,2025-12-17,0,0,0
1370,shahre_jadide_hashtgerd,alborz,2025-12-18,0,0,0
1370,shahre_jadide_hashtgerd,alborz,2025-12-19,0,0,0
1370,shahre_jadide_hashtgerd,alborz,2025-12-20,0,0,0
1370,shahre_jadide_hashtgerd,alborz,2025-12-21,0,0,0
6249,shahreza,isfahan,2025-11-22,11,20,9
6249,shahreza,isfahan,2025-11-23,39,55,16
6249,shahreza,isfahan,2025-11-24,8,22,14
6249,shahreza,isfahan,2025-11-25,10,25,15
6249,shahreza,isfahan,2025-11-26,18,38,20
6249,shahreza,isfahan,2025-11-27,18,49,31
6249,shahreza,isfahan,2025-11-28,6,22,16
6249,shahreza,isfahan,2025-11-29,5,21,16
6249,shahreza,isfahan,2025-11-30,11,29,18
6249,shahreza,isfahan,2025-12-01,2,24,22
6249,shahreza,isfahan,2025-12-02,3,27,24
6249,shahreza,isfahan,2025-12-03,6,33,27
6249,shahreza,isfahan,2025-12-04,4,46,42
6249,shahreza,isfahan,2025-12-05,2,22,20
6249,shahreza,isfahan,2025-12-06,2,24,22
6249,shahreza,isfahan,2025-12-07,2,21,19
6249,shahreza,isfahan,2025-12-08,1,22,21
6249,shahreza,isfahan,2025-12-09,1,22,21
6249,shahreza,isfahan,2025-12-10,3,29,26
6249,shahreza,isfahan,2025-12-11,1,44,43
6249,shahreza,isfahan,2025-12-12,1,19,18
6249,shahreza,isfahan,2025-12-13,2,23,21
6249,shahreza,isfahan,2025-12-14,1,21,20
6249,shahreza,isfahan,2025-12-15,1,25,24
6249,shahreza,isfahan,2025-12-16,1,25,24
6249,shahreza,isfahan,2025-12-17,1,27,26
6249,shahreza,isfahan,2025-12-18,2,42,40
6249,shahreza,isfahan,2025-12-19,3,24,21
6249,shahreza,isfahan,2025-12-20,1,22,21
6249,shahreza,isfahan,2025-12-21,1,19,18
2949,shahriar,tehran,2025-11-22,1986,2464,478
2949,shahriar,tehran,2025-11-23,2334,3495,1161
2949,shahriar,tehran,2025-11-24,1592,2865,1273
2949,shahriar,tehran,2025-11-25,983,2218,1235
2949,shahriar,tehran,2025-11-26,1079,2751,1672
2949,shahriar,tehran,2025-11-27,3705,9389,5684
2949,shahriar,tehran,2025-11-28,736,2625,1889
2949,shahriar,tehran,2025-11-29,451,1776,1325
2949,shahriar,tehran,2025-11-30,319,1620,1301
2949,shahriar,tehran,2025-12-01,461,2260,1799
2949,shahriar,tehran,2025-12-02,469,2585,2116
2949,shahriar,tehran,2025-12-03,435,2541,2106
2949,shahriar,tehran,2025-12-04,1726,9383,7657
2949,shahriar,tehran,2025-12-05,635,3667,3032
2949,shahriar,tehran,2025-12-06,344,2262,1918
2949,shahriar,tehran,2025-12-07,234,2001,1767
2949,shahriar,tehran,2025-12-08,302,2241,1939
2949,shahriar,tehran,2025-12-09,255,2167,1912
2949,shahriar,tehran,2025-12-10,241,2742,2501
2949,shahriar,tehran,2025-12-11,1063,10489,9426
2949,shahriar,tehran,2025-12-12,287,3051,2764
2949,shahriar,tehran,2025-12-13,239,2328,2089
2949,shahriar,tehran,2025-12-14,123,2243,2120
2949,shahriar,tehran,2025-12-15,135,2344,2209
2949,shahriar,tehran,2025-12-16,215,2211,1996
2949,shahriar,tehran,2025-12-17,226,3360,3134
2949,shahriar,tehran,2025-12-18,1046,11952,10906
2949,shahriar,tehran,2025-12-19,238,3536,3298
2949,shahriar,tehran,2025-12-20,171,2361,2190
2949,shahriar,tehran,2025-12-21,443,3567,3124
5720,shandiz,khorasan_razavi,2025-11-22,68,80,12
5720,shandiz,khorasan_razavi,2025-11-23,69,96,27
5720,shandiz,khorasan_razavi,2025-11-24,54,83,29
5720,shandiz,khorasan_razavi,2025-11-25,36,71,35
5720,shandiz,khorasan_razavi,2025-11-26,56,126,70
5720,shandiz,khorasan_razavi,2025-11-27,61,217,156
5720,shandiz,khorasan_razavi,2025-11-28,2,32,30
5720,shandiz,khorasan_razavi,2025-11-29,1,27,26
5720,shandiz,khorasan_razavi,2025-11-30,16,55,39
5720,shandiz,khorasan_razavi,2025-12-01,13,71,58
5720,shandiz,khorasan_razavi,2025-12-02,12,81,69
5720,shandiz,khorasan_razavi,2025-12-03,26,125,99
5720,shandiz,khorasan_razavi,2025-12-04,21,246,225
5720,shandiz,khorasan_razavi,2025-12-05,15,97,82
5720,shandiz,khorasan_razavi,2025-12-06,12,71,59
5720,shandiz,khorasan_razavi,2025-12-07,12,63,51
5720,shandiz,khorasan_razavi,2025-12-08,7,73,66
5720,shandiz,khorasan_razavi,2025-12-09,8,74,66
5720,shandiz,khorasan_razavi,2025-12-10,8,95,87
5720,shandiz,khorasan_razavi,2025-12-11,25,273,248
5720,shandiz,khorasan_razavi,2025-12-12,0,56,56
5720,shandiz,khorasan_razavi,2025-12-13,9,64,55
5720,shandiz,khorasan_razavi,2025-12-14,7,64,57
5720,shandiz,khorasan_razavi,2025-12-15,20,76,56
5720,shandiz,khorasan_razavi,2025-12-16,12,66,54
5720,shandiz,khorasan_razavi,2025-12-17,3,85,82
5720,shandiz,khorasan_razavi,2025-12-18,21,210,189
5720,shandiz,khorasan_razavi,2025-12-19,15,80,65
5720,shandiz,khorasan_razavi,2025-12-20,0,56,56
5720,shandiz,khorasan_razavi,2025-12-21,3,47,44
5171,shapoorabad,isfahan,2025-11-22,0,0,0
5171,shapoorabad,isfahan,2025-11-23,0,0,0
5171,shapoorabad,isfahan,2025-11-24,0,0,0
5171,shapoorabad,isfahan,2025-11-25,0,0,0
5171,shapoorabad,isfahan,2025-11-26,0,0,0
5171,shapoorabad,isfahan,2025-11-27,0,0,0
5171,shapoorabad,isfahan,2025-11-28,0,0,0
5171,shapoorabad,isfahan,2025-11-29,0,0,0
5171,shapoorabad,isfahan,2025-11-30,0,0,0
5171,shapoorabad,isfahan,2025-12-01,0,0,0
5171,shapoorabad,isfahan,2025-12-02,0,0,0
5171,shapoorabad,isfahan,2025-12-03,0,0,0
5171,shapoorabad,isfahan,2025-12-04,0,0,0
5171,shapoorabad,isfahan,2025-12-05,0,0,0
5171,shapoorabad,isfahan,2025-12-06,0,0,0
5171,shapoorabad,isfahan,2025-12-07,0,0,0
5171,shapoorabad,isfahan,2025-12-08,0,0,0
5171,shapoorabad,isfahan,2025-12-09,0,0,0
5171,shapoorabad,isfahan,2025-12-10,0,0,0
5171,shapoorabad,isfahan,2025-12-11,0,0,0
5171,shapoorabad,isfahan,2025-12-12,0,0,0
5171,shapoorabad,isfahan,2025-12-13,0,0,0
5171,shapoorabad,isfahan,2025-12-14,0,0,0
5171,shapoorabad,isfahan,2025-12-15,0,0,0
5171,shapoorabad,isfahan,2025-12-16,0,0,0
5171,shapoorabad,isfahan,2025-12-17,0,0,0
5171,shapoorabad,isfahan,2025-12-18,0,0,0
5171,shapoorabad,isfahan,2025-12-19,0,0,0
5171,shapoorabad,isfahan,2025-12-20,0,0,0
5171,shapoorabad,isfahan,2025-12-21,0,0,0
3617,sharifabad,tehran,2025-11-22,2,2,0
3617,sharifabad,tehran,2025-11-23,2,2,0
3617,sharifabad,tehran,2025-11-24,2,2,0
3617,sharifabad,tehran,2025-11-25,2,2,0
3617,sharifabad,tehran,2025-11-26,2,3,1
3617,sharifabad,tehran,2025-11-27,2,4,2
3617,sharifabad,tehran,2025-11-28,2,3,1
3617,sharifabad,tehran,2025-11-29,2,3,1
3617,sharifabad,tehran,2025-11-30,2,3,1
3617,sharifabad,tehran,2025-12-01,2,3,1
3617,sharifabad,tehran,2025-12-02,2,3,1
3617,sharifabad,tehran,2025-12-03,4,5,1
3617,sharifabad,tehran,2025-12-04,4,7,3
3617,sharifabad,tehran,2025-12-05,2,3,1
3617,sharifabad,tehran,2025-12-06,2,4,2
3617,sharifabad,tehran,2025-12-07,2,4,2
3617,sharifabad,tehran,2025-12-08,2,4,2
3617,sharifabad,tehran,2025-12-09,2,4,2
3617,sharifabad,tehran,2025-12-10,2,4,2
3617,sharifabad,tehran,2025-12-11,2,5,3
3617,sharifabad,tehran,2025-12-12,2,4,2
3617,sharifabad,tehran,2025-12-13,2,4,2
3617,sharifabad,tehran,2025-12-14,2,3,1
3617,sharifabad,tehran,2025-12-15,2,4,2
3617,sharifabad,tehran,2025-12-16,2,4,2
3617,sharifabad,tehran,2025-12-17,2,4,2
3617,sharifabad,tehran,2025-12-18,2,4,2
3617,sharifabad,tehran,2025-12-19,2,4,2
3617,sharifabad,tehran,2025-12-20,2,4,2
3617,sharifabad,tehran,2025-12-21,0,1,1
1996,shelman,gilan,2025-11-22,1,1,0
1996,shelman,gilan,2025-11-23,2,2,0
1996,shelman,gilan,2025-11-24,2,3,1
1996,shelman,gilan,2025-11-25,0,1,1
1996,shelman,gilan,2025-11-26,0,2,2
1996,shelman,gilan,2025-11-27,0,4,4
1996,shelman,gilan,2025-11-28,1,2,1
1996,shelman,gilan,2025-11-29,0,1,1
1996,shelman,gilan,2025-11-30,0,1,1
1996,shelman,gilan,2025-12-01,0,2,2
1996,shelman,gilan,2025-12-02,0,2,2
1996,shelman,gilan,2025-12-03,0,2,2
1996,shelman,gilan,2025-12-04,0,6,6
1996,shelman,gilan,2025-12-05,0,2,2
1996,shelman,gilan,2025-12-06,0,2,2
1996,shelman,gilan,2025-12-07,0,2,2
1996,shelman,gilan,2025-12-08,0,2,2
1996,shelman,gilan,2025-12-09,0,2,2
1996,shelman,gilan,2025-12-10,0,2,2
1996,shelman,gilan,2025-12-11,0,4,4
1996,shelman,gilan,2025-12-12,0,2,2
1996,shelman,gilan,2025-12-13,0,2,2
1996,shelman,gilan,2025-12-14,0,2,2
1996,shelman,gilan,2025-12-15,0,2,2
1996,shelman,gilan,2025-12-16,0,3,3
1996,shelman,gilan,2025-12-17,0,3,3
1996,shelman,gilan,2025-12-18,0,3,3
1996,shelman,gilan,2025-12-19,0,2,2
1996,shelman,gilan,2025-12-20,0,2,2
1996,shelman,gilan,2025-12-21,0,2,2
9077,shemshak,tehran,2025-11-22,78,92,14
9077,shemshak,tehran,2025-11-23,152,209,57
9077,shemshak,tehran,2025-11-24,65,104,39
9077,shemshak,tehran,2025-11-25,34,72,38
9077,shemshak,tehran,2025-11-26,46,117,71
9077,shemshak,tehran,2025-11-27,88,340,252
9077,shemshak,tehran,2025-11-28,21,98,77
9077,shemshak,tehran,2025-11-29,16,57,41
9077,shemshak,tehran,2025-11-30,17,66,49
9077,shemshak,tehran,2025-12-01,21,87,66
9077,shemshak,tehran,2025-12-02,19,84,65
9077,shemshak,tehran,2025-12-03,25,139,114
9077,shemshak,tehran,2025-12-04,43,403,360
9077,shemshak,tehran,2025-12-05,8,96,88
9077,shemshak,tehran,2025-12-06,8,101,93
9077,shemshak,tehran,2025-12-07,11,106,95
9077,shemshak,tehran,2025-12-08,17,125,108
9077,shemshak,tehran,2025-12-09,12,121,109
9077,shemshak,tehran,2025-12-10,12,153,141
9077,shemshak,tehran,2025-12-11,27,567,540
9077,shemshak,tehran,2025-12-12,10,151,141
9077,shemshak,tehran,2025-12-13,10,117,107
9077,shemshak,tehran,2025-12-14,10,121,111
9077,shemshak,tehran,2025-12-15,9,123,114
9077,shemshak,tehran,2025-12-16,9,125,116
9077,shemshak,tehran,2025-12-17,10,184,174
9077,shemshak,tehran,2025-12-18,22,563,541
9077,shemshak,tehran,2025-12-19,7,166,159
9077,shemshak,tehran,2025-12-20,9,146,137
9077,shemshak,tehran,2025-12-21,5,106,101
2951,sheshtamad,khorasan_razavi,2025-11-22,0,0,0
2951,sheshtamad,khorasan_razavi,2025-11-23,0,0,0
2951,sheshtamad,khorasan_razavi,2025-11-24,0,0,0
2951,sheshtamad,khorasan_razavi,2025-11-25,0,0,0
2951,sheshtamad,khorasan_razavi,2025-11-26,0,0,0
2951,sheshtamad,khorasan_razavi,2025-11-27,0,0,0
2951,sheshtamad,khorasan_razavi,2025-11-28,0,0,0
2951,sheshtamad,khorasan_razavi,2025-11-29,0,0,0
2951,sheshtamad,khorasan_razavi,2025-11-30,0,0,0
2951,sheshtamad,khorasan_razavi,2025-12-01,0,0,0
2951,sheshtamad,khorasan_razavi,2025-12-02,0,0,0
2951,sheshtamad,khorasan_razavi,2025-12-03,0,0,0
2951,sheshtamad,khorasan_razavi,2025-12-04,0,0,0
2951,sheshtamad,khorasan_razavi,2025-12-05,0,0,0
2951,sheshtamad,khorasan_razavi,2025-12-06,0,0,0
2951,sheshtamad,khorasan_razavi,2025-12-07,0,0,0
2951,sheshtamad,khorasan_razavi,2025-12-08,0,0,0
2951,sheshtamad,khorasan_razavi,2025-12-09,0,0,0
2951,sheshtamad,khorasan_razavi,2025-12-10,0,0,0
2951,sheshtamad,khorasan_razavi,2025-12-11,0,0,0
2951,sheshtamad,khorasan_razavi,2025-12-12,0,0,0
2951,sheshtamad,khorasan_razavi,2025-12-13,0,0,0
2951,sheshtamad,khorasan_razavi,2025-12-14,0,0,0
2951,sheshtamad,khorasan_razavi,2025-12-15,0,0,0
2951,sheshtamad,khorasan_razavi,2025-12-16,0,0,0
2951,sheshtamad,khorasan_razavi,2025-12-17,0,0,0
2951,sheshtamad,khorasan_razavi,2025-12-18,0,0,0
2951,sheshtamad,khorasan_razavi,2025-12-19,0,0,0
2951,sheshtamad,khorasan_razavi,2025-12-20,0,0,0
2951,sheshtamad,khorasan_razavi,2025-12-21,0,0,0
7274,shirgah,mazandaran,2025-11-22,3670,3985,315
7274,shirgah,mazandaran,2025-11-23,3089,3737,648
7274,shirgah,mazandaran,2025-11-24,2147,2951,804
7274,shirgah,mazandaran,2025-11-25,1781,2800,1019
7274,shirgah,mazandaran,2025-11-26,2836,5245,2409
7274,shirgah,mazandaran,2025-11-27,3340,8121,4781
7274,shirgah,mazandaran,2025-11-28,743,1891,1148
7274,shirgah,mazandaran,2025-11-29,630,1528,898
7274,shirgah,mazandaran,2025-11-30,494,1400,906
7274,shirgah,mazandaran,2025-12-01,593,1897,1304
7274,shirgah,mazandaran,2025-12-02,492,1852,1360
7274,shirgah,mazandaran,2025-12-03,886,3508,2622
7274,shirgah,mazandaran,2025-12-04,1136,6925,5789
7274,shirgah,mazandaran,2025-12-05,400,2183,1783
7274,shirgah,mazandaran,2025-12-06,253,1550,1297
7274,shirgah,mazandaran,2025-12-07,198,1447,1249
7274,shirgah,mazandaran,2025-12-08,260,1551,1291
7274,shirgah,mazandaran,2025-12-09,305,1834,1529
7274,shirgah,mazandaran,2025-12-10,383,3383,3000
7274,shirgah,mazandaran,2025-12-11,469,6370,5901
7274,shirgah,mazandaran,2025-12-12,308,2726,2418
7274,shirgah,mazandaran,2025-12-13,227,1660,1433
7274,shirgah,mazandaran,2025-12-14,182,1453,1271
7274,shirgah,mazandaran,2025-12-15,144,1307,1163
7274,shirgah,mazandaran,2025-12-16,191,1658,1467
7274,shirgah,mazandaran,2025-12-17,331,3262,2931
7274,shirgah,mazandaran,2025-12-18,295,4777,4482
7274,shirgah,mazandaran,2025-12-19,100,1928,1828
7274,shirgah,mazandaran,2025-12-20,151,1723,1572
7274,shirgah,mazandaran,2025-12-21,38,983,945
8837,shiroud,mazandaran,2025-11-22,168,184,16
8837,shiroud,mazandaran,2025-11-23,112,144,32
8837,shiroud,mazandaran,2025-11-24,88,126,38
8837,shiroud,mazandaran,2025-11-25,90,142,52
8837,shiroud,mazandaran,2025-11-26,61,141,80
8837,shiroud,mazandaran,2025-11-27,92,219,127
8837,shiroud,mazandaran,2025-11-28,21,64,43
8837,shiroud,mazandaran,2025-11-29,29,69,40
8837,shiroud,mazandaran,2025-11-30,29,74,45
8837,shiroud,mazandaran,2025-12-01,30,92,62
8837,shiroud,mazandaran,2025-12-02,31,89,58
8837,shiroud,mazandaran,2025-12-03,23,119,96
8837,shiroud,mazandaran,2025-12-04,27,171,144
8837,shiroud,mazandaran,2025-12-05,15,70,55
8837,shiroud,mazandaran,2025-12-06,12,62,50
8837,shiroud,mazandaran,2025-12-07,2,60,58
8837,shiroud,mazandaran,2025-12-08,4,61,57
8837,shiroud,mazandaran,2025-12-09,9,63,54
8837,shiroud,mazandaran,2025-12-10,5,80,75
8837,shiroud,mazandaran,2025-12-11,5,133,128
8837,shiroud,mazandaran,2025-12-12,4,57,53
8837,shiroud,mazandaran,2025-12-13,4,57,53
8837,shiroud,mazandaran,2025-12-14,9,55,46
8837,shiroud,mazandaran,2025-12-15,9,57,48
8837,shiroud,mazandaran,2025-12-16,6,71,65
8837,shiroud,mazandaran,2025-12-17,2,73,71
8837,shiroud,mazandaran,2025-12-18,11,114,103
8837,shiroud,mazandaran,2025-12-19,0,56,56
8837,shiroud,mazandaran,2025-12-20,0,51,51
8837,shiroud,mazandaran,2025-12-21,0,41,41
4235,siahkal,gilan,2025-11-22,489,558,69
4235,siahkal,gilan,2025-11-23,374,496,122
4235,siahkal,gilan,2025-11-24,254,415,161
4235,siahkal,gilan,2025-11-25,201,394,193
4235,siahkal,gilan,2025-11-26,247,628,381
4235,siahkal,gilan,2025-11-27,212,685,473
4235,siahkal,gilan,2025-11-28,102,330,228
4235,siahkal,gilan,2025-11-29,124,310,186
4235,siahkal,gilan,2025-11-30,120,293,173
4235,siahkal,gilan,2025-12-01,101,301,200
4235,siahkal,gilan,2025-12-02,63,288,225
4235,siahkal,gilan,2025-12-03,85,505,420
4235,siahkal,gilan,2025-12-04,99,780,681
4235,siahkal,gilan,2025-12-05,65,347,282
4235,siahkal,gilan,2025-12-06,78,348,270
4235,siahkal,gilan,2025-12-07,57,284,227
4235,siahkal,gilan,2025-12-08,72,282,210
4235,siahkal,gilan,2025-12-09,51,272,221
4235,siahkal,gilan,2025-12-10,45,445,400
4235,siahkal,gilan,2025-12-11,35,789,754
4235,siahkal,gilan,2025-12-12,14,292,278
4235,siahkal,gilan,2025-12-13,13,244,231
4235,siahkal,gilan,2025-12-14,13,213,200
4235,siahkal,gilan,2025-12-15,12,243,231
4235,siahkal,gilan,2025-12-16,18,280,262
4235,siahkal,gilan,2025-12-17,30,462,432
4235,siahkal,gilan,2025-12-18,32,682,650
4235,siahkal,gilan,2025-12-19,5,267,262
4235,siahkal,gilan,2025-12-20,12,237,225
4235,siahkal,gilan,2025-12-21,1,169,168
8682,sirri,hormozgan,2025-11-22,0,0,0
8682,sirri,hormozgan,2025-11-23,0,0,0
8682,sirri,hormozgan,2025-11-24,0,0,0
8682,sirri,hormozgan,2025-11-25,0,0,0
8682,sirri,hormozgan,2025-11-26,0,0,0
8682,sirri,hormozgan,2025-11-27,0,0,0
8682,sirri,hormozgan,2025-11-28,0,0,0
8682,sirri,hormozgan,2025-11-29,0,0,0
8682,sirri,hormozgan,2025-11-30,0,0,0
8682,sirri,hormozgan,2025-12-01,0,0,0
8682,sirri,hormozgan,2025-12-02,0,0,0
8682,sirri,hormozgan,2025-12-03,0,0,0
8682,sirri,hormozgan,2025-12-04,0,0,0
8682,sirri,hormozgan,2025-12-05,0,0,0
8682,sirri,hormozgan,2025-12-06,0,0,0
8682,sirri,hormozgan,2025-12-07,0,0,0
8682,sirri,hormozgan,2025-12-08,0,0,0
8682,sirri,hormozgan,2025-12-09,0,0,0
8682,sirri,hormozgan,2025-12-10,0,0,0
8682,sirri,hormozgan,2025-12-11,0,0,0
8682,sirri,hormozgan,2025-12-12,0,0,0
8682,sirri,hormozgan,2025-12-13,0,0,0
8682,sirri,hormozgan,2025-12-14,0,0,0
8682,sirri,hormozgan,2025-12-15,0,0,0
8682,sirri,hormozgan,2025-12-16,0,0,0
8682,sirri,hormozgan,2025-12-17,0,0,0
8682,sirri,hormozgan,2025-12-18,0,0,0
8682,sirri,hormozgan,2025-12-19,0,0,0
8682,sirri,hormozgan,2025-12-20,0,0,0
8682,sirri,hormozgan,2025-12-21,0,0,0
2337,sooza,hormozgan,2025-11-22,89,93,4
2337,sooza,hormozgan,2025-11-23,87,98,11
2337,sooza,hormozgan,2025-11-24,86,102,16
2337,sooza,hormozgan,2025-11-25,74,94,20
2337,sooza,hormozgan,2025-11-26,73,96,23
2337,sooza,hormozgan,2025-11-27,64,89,25
2337,sooza,hormozgan,2025-11-28,21,32,11
2337,sooza,hormozgan,2025-11-29,17,28,11
2337,sooza,hormozgan,2025-11-30,10,20,10
2337,sooza,hormozgan,2025-12-01,10,22,12
2337,sooza,hormozgan,2025-12-02,14,32,18
2337,sooza,hormozgan,2025-12-03,10,27,17
2337,sooza,hormozgan,2025-12-04,10,36,26
2337,sooza,hormozgan,2025-12-05,7,22,15
2337,sooza,hormozgan,2025-12-06,5,20,15
2337,sooza,hormozgan,2025-12-07,9,30,21
2337,sooza,hormozgan,2025-12-08,6,24,18
2337,sooza,hormozgan,2025-12-09,14,39,25
2337,sooza,hormozgan,2025-12-10,29,62,33
2337,sooza,hormozgan,2025-12-11,22,65,43
2337,sooza,hormozgan,2025-12-12,14,43,29
2337,sooza,hormozgan,2025-12-13,29,69,40
2337,sooza,hormozgan,2025-12-14,42,81,39
2337,sooza,hormozgan,2025-12-15,31,69,38
2337,sooza,hormozgan,2025-12-16,23,60,37
2337,sooza,hormozgan,2025-12-17,11,45,34
2337,sooza,hormozgan,2025-12-18,18,59,41
2337,sooza,hormozgan,2025-12-19,13,52,39
2337,sooza,hormozgan,2025-12-20,12,51,39
2337,sooza,hormozgan,2025-12-21,7,28,21
5163,sorak,mazandaran,2025-11-22,2,2,0
5163,sorak,mazandaran,2025-11-23,0,0,0
5163,sorak,mazandaran,2025-11-24,1,1,0
5163,sorak,mazandaran,2025-11-25,0,0,0
5163,sorak,mazandaran,2025-11-26,0,1,1
5163,sorak,mazandaran,2025-11-27,0,1,1
5163,sorak,mazandaran,2025-11-28,0,0,0
5163,sorak,mazandaran,2025-11-29,0,0,0
5163,sorak,mazandaran,2025-11-30,0,0,0
5163,sorak,mazandaran,2025-12-01,0,0,0
5163,sorak,mazandaran,2025-12-02,0,0,0
5163,sorak,mazandaran,2025-12-03,0,0,0
5163,sorak,mazandaran,2025-12-04,0,1,1
5163,sorak,mazandaran,2025-12-05,0,0,0
5163,sorak,mazandaran,2025-12-06,0,0,0
5163,sorak,mazandaran,2025-12-07,0,0,0
5163,sorak,mazandaran,2025-12-08,0,0,0
5163,sorak,mazandaran,2025-12-09,0,0,0
5163,sorak,mazandaran,2025-12-10,0,0,0
5163,sorak,mazandaran,2025-12-11,0,1,1
5163,sorak,mazandaran,2025-12-12,0,0,0
5163,sorak,mazandaran,2025-12-13,0,0,0
5163,sorak,mazandaran,2025-12-14,0,0,0
5163,sorak,mazandaran,2025-12-15,0,0,0
5163,sorak,mazandaran,2025-12-16,0,0,0
5163,sorak,mazandaran,2025-12-17,0,0,0
5163,sorak,mazandaran,2025-12-18,0,0,0
5163,sorak,mazandaran,2025-12-19,0,0,0
5163,sorak,mazandaran,2025-12-20,0,0,0
5163,sorak,mazandaran,2025-12-21,0,0,0
6248,sorkhrud,mazandaran,2025-11-22,1336,1555,219
6248,sorkhrud,mazandaran,2025-11-23,1085,1475,390
6248,sorkhrud,mazandaran,2025-11-24,808,1299,491
6248,sorkhrud,mazandaran,2025-11-25,787,1372,585
6248,sorkhrud,mazandaran,2025-11-26,1090,2259,1169
6248,sorkhrud,mazandaran,2025-11-27,1309,3375,2066
6248,sorkhrud,mazandaran,2025-11-28,357,1061,704
6248,sorkhrud,mazandaran,2025-11-29,161,727,566
6248,sorkhrud,mazandaran,2025-11-30,206,830,624
6248,sorkhrud,mazandaran,2025-12-01,176,892,716
6248,sorkhrud,mazandaran,2025-12-02,184,973,789
6248,sorkhrud,mazandaran,2025-12-03,258,1573,1315
6248,sorkhrud,mazandaran,2025-12-04,393,3225,2832
6248,sorkhrud,mazandaran,2025-12-05,211,1349,1138
6248,sorkhrud,mazandaran,2025-12-06,173,1149,976
6248,sorkhrud,mazandaran,2025-12-07,148,1028,880
6248,sorkhrud,mazandaran,2025-12-08,110,825,715
6248,sorkhrud,mazandaran,2025-12-09,140,1017,877
6248,sorkhrud,mazandaran,2025-12-10,173,1572,1399
6248,sorkhrud,mazandaran,2025-12-11,274,3467,3193
6248,sorkhrud,mazandaran,2025-12-12,80,1042,962
6248,sorkhrud,mazandaran,2025-12-13,34,791,757
6248,sorkhrud,mazandaran,2025-12-14,75,923,848
6248,sorkhrud,mazandaran,2025-12-15,65,795,730
6248,sorkhrud,mazandaran,2025-12-16,74,921,847
6248,sorkhrud,mazandaran,2025-12-17,51,1191,1140
6248,sorkhrud,mazandaran,2025-12-18,94,2214,2120
6248,sorkhrud,mazandaran,2025-12-19,20,886,866
6248,sorkhrud,mazandaran,2025-12-20,23,845,822
6248,sorkhrud,mazandaran,2025-12-21,25,624,599
4252,sowmeeh_sara,gilan,2025-11-22,300,334,34
4252,sowmeeh_sara,gilan,2025-11-23,215,276,61
4252,sowmeeh_sara,gilan,2025-11-24,195,292,97
4252,sowmeeh_sara,gilan,2025-11-25,195,304,109
4252,sowmeeh_sara,gilan,2025-11-26,196,368,172
4252,sowmeeh_sara,gilan,2025-11-27,159,403,244
4252,sowmeeh_sara,gilan,2025-11-28,52,136,84
4252,sowmeeh_sara,gilan,2025-11-29,49,128,79
4252,sowmeeh_sara,gilan,2025-11-30,48,134,86
4252,sowmeeh_sara,gilan,2025-12-01,35,131,96
4252,sowmeeh_sara,gilan,2025-12-02,27,138,111
4252,sowmeeh_sara,gilan,2025-12-03,52,239,187
4252,sowmeeh_sara,gilan,2025-12-04,61,372,311
4252,sowmeeh_sara,gilan,2025-12-05,52,175,123
4252,sowmeeh_sara,gilan,2025-12-06,43,144,101
4252,sowmeeh_sara,gilan,2025-12-07,55,163,108
4252,sowmeeh_sara,gilan,2025-12-08,52,159,107
4252,sowmeeh_sara,gilan,2025-12-09,36,134,98
4252,sowmeeh_sara,gilan,2025-12-10,34,199,165
4252,sowmeeh_sara,gilan,2025-12-11,22,331,309
4252,sowmeeh_sara,gilan,2025-12-12,19,119,100
4252,sowmeeh_sara,gilan,2025-12-13,18,106,88
4252,sowmeeh_sara,gilan,2025-12-14,15,96,81
4252,sowmeeh_sara,gilan,2025-12-15,10,114,104
4252,sowmeeh_sara,gilan,2025-12-16,8,119,111
4252,sowmeeh_sara,gilan,2025-12-17,10,177,167
4252,sowmeeh_sara,gilan,2025-12-18,6,198,192
4252,sowmeeh_sara,gilan,2025-12-19,12,120,108
4252,sowmeeh_sara,gilan,2025-12-20,10,107,97
4252,sowmeeh_sara,gilan,2025-12-21,5,83,78
3140,taleqan,alborz,2025-11-22,101,110,9
3140,taleqan,alborz,2025-11-23,116,150,34
3140,taleqan,alborz,2025-11-24,69,100,31
3140,taleqan,alborz,2025-11-25,42,68,26
3140,taleqan,alborz,2025-11-26,60,139,79
3140,taleqan,alborz,2025-11-27,115,431,316
3140,taleqan,alborz,2025-11-28,32,110,78
3140,taleqan,alborz,2025-11-29,5,32,27
3140,taleqan,alborz,2025-11-30,11,46,35
3140,taleqan,alborz,2025-12-01,16,62,46
3140,taleqan,alborz,2025-12-02,15,71,56
3140,taleqan,alborz,2025-12-03,18,118,100
3140,taleqan,alborz,2025-12-04,29,436,407
3140,taleqan,alborz,2025-12-05,13,113,100
3140,taleqan,alborz,2025-12-06,4,76,72
3140,taleqan,alborz,2025-12-07,2,72,70
3140,taleqan,alborz,2025-12-08,6,71,65
3140,taleqan,alborz,2025-12-09,3,86,83
3140,taleqan,alborz,2025-12-10,10,143,133
3140,taleqan,alborz,2025-12-11,13,533,520
3140,taleqan,alborz,2025-12-12,4,137,133
3140,taleqan,alborz,2025-12-13,3,80,77
3140,taleqan,alborz,2025-12-14,3,76,73
3140,taleqan,alborz,2025-12-15,8,74,66
3140,taleqan,alborz,2025-12-16,10,94,84
3140,taleqan,alborz,2025-12-17,12,162,150
3140,taleqan,alborz,2025-12-18,23,475,452
3140,taleqan,alborz,2025-12-19,7,148,141
3140,taleqan,alborz,2025-12-20,9,82,73
3140,taleqan,alborz,2025-12-21,3,69,66
5297,talesh,gilan,2025-11-22,1354,1499,145
5297,talesh,gilan,2025-11-23,961,1188,227
5297,talesh,gilan,2025-11-24,789,1106,317
5297,talesh,gilan,2025-11-25,679,1051,372
5297,talesh,gilan,2025-11-26,660,1210,550
5297,talesh,gilan,2025-11-27,570,1383,813
5297,talesh,gilan,2025-11-28,205,493,288
5297,talesh,gilan,2025-11-29,133,336,203
5297,talesh,gilan,2025-11-30,199,467,268
5297,talesh,gilan,2025-12-01,192,538,346
5297,talesh,gilan,2025-12-02,210,677,467
5297,talesh,gilan,2025-12-03,207,837,630
5297,talesh,gilan,2025-12-04,241,1605,1364
5297,talesh,gilan,2025-12-05,109,520,411
5297,talesh,gilan,2025-12-06,99,514,415
5297,talesh,gilan,2025-12-07,95,417,322
5297,talesh,gilan,2025-12-08,90,410,320
5297,talesh,gilan,2025-12-09,86,460,374
5297,talesh,gilan,2025-12-10,98,670,572
5297,talesh,gilan,2025-12-11,165,1729,1564
5297,talesh,gilan,2025-12-12,104,790,686
5297,talesh,gilan,2025-12-13,81,530,449
5297,talesh,gilan,2025-12-14,71,441,370
5297,talesh,gilan,2025-12-15,36,420,384
5297,talesh,gilan,2025-12-16,28,359,331
5297,talesh,gilan,2025-12-17,49,515,466
5297,talesh,gilan,2025-12-18,54,795,741
5297,talesh,gilan,2025-12-19,16,335,319
5297,talesh,gilan,2025-12-20,51,424,373
5297,talesh,gilan,2025-12-21,36,331,295
5762,taybad,khorasan_razavi,2025-11-22,0,0,0
5762,taybad,khorasan_razavi,2025-11-23,0,0,0
5762,taybad,khorasan_razavi,2025-11-24,0,0,0
5762,taybad,khorasan_razavi,2025-11-25,0,0,0
5762,taybad,khorasan_razavi,2025-11-26,0,0,0
5762,taybad,khorasan_razavi,2025-11-27,0,0,0
5762,taybad,khorasan_razavi,2025-11-28,0,0,0
5762,taybad,khorasan_razavi,2025-11-29,0,0,0
5762,taybad,khorasan_razavi,2025-11-30,0,0,0
5762,taybad,khorasan_razavi,2025-12-01,0,0,0
5762,taybad,khorasan_razavi,2025-12-02,0,0,0
5762,taybad,khorasan_razavi,2025-12-03,0,0,0
5762,taybad,khorasan_razavi,2025-12-04,0,0,0
5762,taybad,khorasan_razavi,2025-12-05,0,0,0
5762,taybad,khorasan_razavi,2025-12-06,0,0,0
5762,taybad,khorasan_razavi,2025-12-07,0,0,0
5762,taybad,khorasan_razavi,2025-12-08,0,0,0
5762,taybad,khorasan_razavi,2025-12-09,0,0,0
5762,taybad,khorasan_razavi,2025-12-10,0,0,0
5762,taybad,khorasan_razavi,2025-12-11,0,0,0
5762,taybad,khorasan_razavi,2025-12-12,0,0,0
5762,taybad,khorasan_razavi,2025-12-13,0,0,0
5762,taybad,khorasan_razavi,2025-12-14,0,0,0
5762,taybad,khorasan_razavi,2025-12-15,0,0,0
5762,taybad,khorasan_razavi,2025-12-16,0,0,0
5762,taybad,khorasan_razavi,2025-12-17,0,0,0
5762,taybad,khorasan_razavi,2025-12-18,0,0,0
5762,taybad,khorasan_razavi,2025-12-19,0,0,0
5762,taybad,khorasan_razavi,2025-12-20,0,0,0
5762,taybad,khorasan_razavi,2025-12-21,0,0,0
1183,tehran,tehran,2025-11-22,31189,37141,5952
1183,tehran,tehran,2025-11-23,26662,37870,11208
1183,tehran,tehran,2025-11-24,23185,37330,14145
1183,tehran,tehran,2025-11-25,21661,37074,15413
1183,tehran,tehran,2025-11-26,20506,41972,21466
1183,tehran,tehran,2025-11-27,21334,58610,37276
1183,tehran,tehran,2025-11-28,12597,29860,17263
1183,tehran,tehran,2025-11-29,11806,30864,19058
1183,tehran,tehran,2025-11-30,11493,30608,19115
1183,tehran,tehran,2025-12-01,10991,30866,19875
1183,tehran,tehran,2025-12-02,10815,31083,20268
1183,tehran,tehran,2025-12-03,11064,37587,26523
1183,tehran,tehran,2025-12-04,12032,51602,39570
1183,tehran,tehran,2025-12-05,8997,34535,25538
1183,tehran,tehran,2025-12-06,8560,34704,26144
1183,tehran,tehran,2025-12-07,8375,33336,24961
1183,tehran,tehran,2025-12-08,8087,35772,27685
1183,tehran,tehran,2025-12-09,8003,37395,29392
1183,tehran,tehran,2025-12-10,8261,41505,33244
1183,tehran,tehran,2025-12-11,8891,52545,43654
1183,tehran,tehran,2025-12-12,6767,35728,28961
1183,tehran,tehran,2025-12-13,6772,33800,27028
1183,tehran,tehran,2025-12-14,6528,32588,26060
1183,tehran,tehran,2025-12-15,6336,33297,26961
1183,tehran,tehran,2025-12-16,6241,34965,28724
1183,tehran,tehran,2025-12-17,6309,39392,33083
1183,tehran,tehran,2025-12-18,6492,48206,41714
1183,tehran,tehran,2025-12-19,5030,33392,28362
1183,tehran,tehran,2025-12-20,5034,31160,26126
1183,tehran,tehran,2025-12-21,2692,29021,26329
4946,tiran,isfahan,2025-11-22,2,2,0
4946,tiran,isfahan,2025-11-23,4,4,0
4946,tiran,isfahan,2025-11-24,2,2,0
4946,tiran,isfahan,2025-11-25,2,3,1
4946,tiran,isfahan,2025-11-26,0,1,1
4946,tiran,isfahan,2025-11-27,0,2,2
4946,tiran,isfahan,2025-11-28,0,1,1
4946,tiran,isfahan,2025-11-29,0,1,1
4946,tiran,isfahan,2025-11-30,2,3,1
4946,tiran,isfahan,2025-12-01,0,2,2
4946,tiran,isfahan,2025-12-02,0,2,2
4946,tiran,isfahan,2025-12-03,0,2,2
4946,tiran,isfahan,2025-12-04,0,4,4
4946,tiran,isfahan,2025-12-05,0,2,2
4946,tiran,isfahan,2025-12-06,0,2,2
4946,tiran,isfahan,2025-12-07,0,2,2
4946,tiran,isfahan,2025-12-08,0,2,2
4946,tiran,isfahan,2025-12-09,0,2,2
4946,tiran,isfahan,2025-12-10,0,2,2
4946,tiran,isfahan,2025-12-11,0,4,4
4946,tiran,isfahan,2025-12-12,0,2,2
4946,tiran,isfahan,2025-12-13,0,2,2
4946,tiran,isfahan,2025-12-14,0,2,2
4946,tiran,isfahan,2025-12-15,0,2,2
4946,tiran,isfahan,2025-12-16,0,3,3
4946,tiran,isfahan,2025-12-17,0,3,3
4946,tiran,isfahan,2025-12-18,0,3,3
4946,tiran,isfahan,2025-12-19,0,3,3
4946,tiran,isfahan,2025-12-20,0,2,2
4946,tiran,isfahan,2025-12-21,0,2,2
3523,tonekabon,mazandaran,2025-11-22,4017,4473,456
3523,tonekabon,mazandaran,2025-11-23,3116,4000,884
3523,tonekabon,mazandaran,2025-11-24,2240,3302,1062
3523,tonekabon,mazandaran,2025-11-25,2107,3463,1356
3523,tonekabon,mazandaran,2025-11-26,2815,5390,2575
3523,tonekabon,mazandaran,2025-11-27,2563,5979,3416
3523,tonekabon,mazandaran,2025-11-28,908,2286,1378
3523,tonekabon,mazandaran,2025-11-29,734,1950,1216
3523,tonekabon,mazandaran,2025-11-30,765,2080,1315
3523,tonekabon,mazandaran,2025-12-01,568,2176,1608
3523,tonekabon,mazandaran,2025-12-02,631,2361,1730
3523,tonekabon,mazandaran,2025-12-03,801,3269,2468
3523,tonekabon,mazandaran,2025-12-04,840,4591,3751
3523,tonekabon,mazandaran,2025-12-05,350,2020,1670
3523,tonekabon,mazandaran,2025-12-06,401,2216,1815
3523,tonekabon,mazandaran,2025-12-07,346,1927,1581
3523,tonekabon,mazandaran,2025-12-08,334,1977,1643
3523,tonekabon,mazandaran,2025-12-09,322,1974,1652
3523,tonekabon,mazandaran,2025-12-10,389,3276,2887
3523,tonekabon,mazandaran,2025-12-11,464,5376,4912
3523,tonekabon,mazandaran,2025-12-12,307,2418,2111
3523,tonekabon,mazandaran,2025-12-13,283,1593,1310
3523,tonekabon,mazandaran,2025-12-14,256,1521,1265
3523,tonekabon,mazandaran,2025-12-15,236,1500,1264
3523,tonekabon,mazandaran,2025-12-16,300,1848,1548
3523,tonekabon,mazandaran,2025-12-17,329,2944,2615
3523,tonekabon,mazandaran,2025-12-18,356,4231,3875
3523,tonekabon,mazandaran,2025-12-19,188,1944,1756
3523,tonekabon,mazandaran,2025-12-20,166,1430,1264
3523,tonekabon,mazandaran,2025-12-21,98,923,825
4396,tonkaman,alborz,2025-11-22,0,0,0
4396,tonkaman,alborz,2025-11-23,0,0,0
4396,tonkaman,alborz,2025-11-24,0,0,0
4396,tonkaman,alborz,2025-11-25,0,0,0
4396,tonkaman,alborz,2025-11-26,0,0,0
4396,tonkaman,alborz,2025-11-27,0,0,0
4396,tonkaman,alborz,2025-11-28,0,0,0
4396,tonkaman,alborz,2025-11-29,0,0,0
4396,tonkaman,alborz,2025-11-30,0,0,0
4396,tonkaman,alborz,2025-12-01,0,0,0
4396,tonkaman,alborz,2025-12-02,0,0,0
4396,tonkaman,alborz,2025-12-03,0,0,0
4396,tonkaman,alborz,2025-12-04,0,0,0
4396,tonkaman,alborz,2025-12-05,0,0,0
4396,tonkaman,alborz,2025-12-06,0,0,0
4396,tonkaman,alborz,2025-12-07,0,0,0
4396,tonkaman,alborz,2025-12-08,0,0,0
4396,tonkaman,alborz,2025-12-09,0,0,0
4396,tonkaman,alborz,2025-12-10,0,0,0
4396,tonkaman,alborz,2025-12-11,0,0,0
4396,tonkaman,alborz,2025-12-12,0,0,0
4396,tonkaman,alborz,2025-12-13,0,0,0
4396,tonkaman,alborz,2025-12-14,0,0,0
4396,tonkaman,alborz,2025-12-15,0,0,0
4396,tonkaman,alborz,2025-12-16,0,0,0
4396,tonkaman,alborz,2025-12-17,0,0,0
4396,tonkaman,alborz,2025-12-18,0,0,0
4396,tonkaman,alborz,2025-12-19,0,0,0
4396,tonkaman,alborz,2025-12-20,0,0,0
4396,tonkaman,alborz,2025-12-21,0,0,0
6912,toodeshk,isfahan,2025-11-22,0,0,0
6912,toodeshk,isfahan,2025-11-23,0,0,0
6912,toodeshk,isfahan,2025-11-24,0,0,0
6912,toodeshk,isfahan,2025-11-25,0,0,0
6912,toodeshk,isfahan,2025-11-26,0,0,0
6912,toodeshk,isfahan,2025-11-27,0,0,0
6912,toodeshk,isfahan,2025-11-28,0,0,0
6912,toodeshk,isfahan,2025-11-29,0,0,0
6912,toodeshk,isfahan,2025-11-30,0,0,0
6912,toodeshk,isfahan,2025-12-01,0,0,0
6912,toodeshk,isfahan,2025-12-02,0,0,0
6912,toodeshk,isfahan,2025-12-03,0,0,0
6912,toodeshk,isfahan,2025-12-04,0,0,0
6912,toodeshk,isfahan,2025-12-05,0,0,0
6912,toodeshk,isfahan,2025-12-06,0,0,0
6912,toodeshk,isfahan,2025-12-07,0,0,0
6912,toodeshk,isfahan,2025-12-08,0,0,0
6912,toodeshk,isfahan,2025-12-09,0,0,0
6912,toodeshk,isfahan,2025-12-10,0,0,0
6912,toodeshk,isfahan,2025-12-11,0,0,0
6912,toodeshk,isfahan,2025-12-12,0,0,0
6912,toodeshk,isfahan,2025-12-13,0,0,0
6912,toodeshk,isfahan,2025-12-14,0,0,0
6912,toodeshk,isfahan,2025-12-15,0,0,0
6912,toodeshk,isfahan,2025-12-16,0,0,0
6912,toodeshk,isfahan,2025-12-17,0,0,0
6912,toodeshk,isfahan,2025-12-18,0,0,0
6912,toodeshk,isfahan,2025-12-19,0,0,0
6912,toodeshk,isfahan,2025-12-20,0,0,0
6912,toodeshk,isfahan,2025-12-21,0,0,0
6862,tootekabon,gilan,2025-11-22,51,61,10
6862,tootekabon,gilan,2025-11-23,37,50,13
6862,tootekabon,gilan,2025-11-24,11,25,14
6862,tootekabon,gilan,2025-11-25,10,30,20
6862,tootekabon,gilan,2025-11-26,18,48,30
6862,tootekabon,gilan,2025-11-27,32,108,76
6862,tootekabon,gilan,2025-11-28,4,22,18
6862,tootekabon,gilan,2025-11-29,11,28,17
6862,tootekabon,gilan,2025-11-30,12,32,20
6862,tootekabon,gilan,2025-12-01,0,18,18
6862,tootekabon,gilan,2025-12-02,2,29,27
6862,tootekabon,gilan,2025-12-03,8,56,48
6862,tootekabon,gilan,2025-12-04,10,148,138
6862,tootekabon,gilan,2025-12-05,1,28,27
6862,tootekabon,gilan,2025-12-06,0,23,23
6862,tootekabon,gilan,2025-12-07,0,19,19
6862,tootekabon,gilan,2025-12-08,6,23,17
6862,tootekabon,gilan,2025-12-09,6,25,19
6862,tootekabon,gilan,2025-12-10,0,33,33
6862,tootekabon,gilan,2025-12-11,0,102,102
6862,tootekabon,gilan,2025-12-12,0,26,26
6862,tootekabon,gilan,2025-12-13,0,19,19
6862,tootekabon,gilan,2025-12-14,0,19,19
6862,tootekabon,gilan,2025-12-15,0,22,22
6862,tootekabon,gilan,2025-12-16,0,21,21
6862,tootekabon,gilan,2025-12-17,0,32,32
6862,tootekabon,gilan,2025-12-18,2,73,71
6862,tootekabon,gilan,2025-12-19,0,26,26
6862,tootekabon,gilan,2025-12-20,0,20,20
6862,tootekabon,gilan,2025-12-21,0,17,17
1371,torbat_e_heydarieh,khorasan_razavi,2025-11-22,8,11,3
1371,torbat_e_heydarieh,khorasan_razavi,2025-11-23,7,12,5
1371,torbat_e_heydarieh,khorasan_razavi,2025-11-24,7,12,5
1371,torbat_e_heydarieh,khorasan_razavi,2025-11-25,6,12,6
1371,torbat_e_heydarieh,khorasan_razavi,2025-11-26,6,14,8
1371,torbat_e_heydarieh,khorasan_razavi,2025-11-27,11,22,11
1371,torbat_e_heydarieh,khorasan_razavi,2025-11-28,5,13,8
1371,torbat_e_heydarieh,khorasan_razavi,2025-11-29,9,16,7
1371,torbat_e_heydarieh,khorasan_razavi,2025-11-30,5,13,8
1371,torbat_e_heydarieh,khorasan_razavi,2025-12-01,5,16,11
1371,torbat_e_heydarieh,khorasan_razavi,2025-12-02,13,26,13
1371,torbat_e_heydarieh,khorasan_razavi,2025-12-03,7,19,12
1371,torbat_e_heydarieh,khorasan_razavi,2025-12-04,2,17,15
1371,torbat_e_heydarieh,khorasan_razavi,2025-12-05,7,19,12
1371,torbat_e_heydarieh,khorasan_razavi,2025-12-06,3,13,10
1371,torbat_e_heydarieh,khorasan_razavi,2025-12-07,3,14,11
1371,torbat_e_heydarieh,khorasan_razavi,2025-12-08,3,14,11
1371,torbat_e_heydarieh,khorasan_razavi,2025-12-09,4,15,11
1371,torbat_e_heydarieh,khorasan_razavi,2025-12-10,3,14,11
1371,torbat_e_heydarieh,khorasan_razavi,2025-12-11,2,21,19
1371,torbat_e_heydarieh,khorasan_razavi,2025-12-12,2,12,10
1371,torbat_e_heydarieh,khorasan_razavi,2025-12-13,1,12,11
1371,torbat_e_heydarieh,khorasan_razavi,2025-12-14,1,13,12
1371,torbat_e_heydarieh,khorasan_razavi,2025-12-15,4,17,13
1371,torbat_e_heydarieh,khorasan_razavi,2025-12-16,1,15,14
1371,torbat_e_heydarieh,khorasan_razavi,2025-12-17,0,15,15
1371,torbat_e_heydarieh,khorasan_razavi,2025-12-18,0,17,17
1371,torbat_e_heydarieh,khorasan_razavi,2025-12-19,0,13,13
1371,torbat_e_heydarieh,khorasan_razavi,2025-12-20,0,14,14
1371,torbat_e_heydarieh,khorasan_razavi,2025-12-21,0,12,12
9076,torbat_e_jam,khorasan_razavi,2025-11-22,0,0,0
9076,torbat_e_jam,khorasan_razavi,2025-11-23,0,0,0
9076,torbat_e_jam,khorasan_razavi,2025-11-24,0,0,0
9076,torbat_e_jam,khorasan_razavi,2025-11-25,0,0,0
9076,torbat_e_jam,khorasan_razavi,2025-11-26,0,0,0
9076,torbat_e_jam,khorasan_razavi,2025-11-27,0,0,0
9076,torbat_e_jam,khorasan_razavi,2025-11-28,0,0,0
9076,torbat_e_jam,khorasan_razavi,2025-11-29,0,0,0
9076,torbat_e_jam,khorasan_razavi,2025-11-30,0,0,0
9076,torbat_e_jam,khorasan_razavi,2025-12-01,0,0,0
9076,torbat_e_jam,khorasan_razavi,2025-12-02,0,0,0
9076,torbat_e_jam,khorasan_razavi,2025-12-03,0,0,0
9076,torbat_e_jam,khorasan_razavi,2025-12-04,0,0,0
9076,torbat_e_jam,khorasan_razavi,2025-12-05,0,0,0
9076,torbat_e_jam,khorasan_razavi,2025-12-06,0,0,0
9076,torbat_e_jam,khorasan_razavi,2025-12-07,0,0,0
9076,torbat_e_jam,khorasan_razavi,2025-12-08,0,0,0
9076,torbat_e_jam,khorasan_razavi,2025-12-09,0,0,0
9076,torbat_e_jam,khorasan_razavi,2025-12-10,0,0,0
9076,torbat_e_jam,khorasan_razavi,2025-12-11,0,0,0
9076,torbat_e_jam,khorasan_razavi,2025-12-12,0,0,0
9076,torbat_e_jam,khorasan_razavi,2025-12-13,0,0,0
9076,torbat_e_jam,khorasan_razavi,2025-12-14,0,0,0
9076,torbat_e_jam,khorasan_razavi,2025-12-15,0,0,0
9076,torbat_e_jam,khorasan_razavi,2025-12-16,0,0,0
9076,torbat_e_jam,khorasan_razavi,2025-12-17,0,0,0
9076,torbat_e_jam,khorasan_razavi,2025-12-18,0,0,0
9076,torbat_e_jam,khorasan_razavi,2025-12-19,0,0,0
9076,torbat_e_jam,khorasan_razavi,2025-12-20,0,0,0
9076,torbat_e_jam,khorasan_razavi,2025-12-21,0,0,0
9806,torghabeh,khorasan_razavi,2025-11-22,81,91,10
9806,torghabeh,khorasan_razavi,2025-11-23,104,128,24
9806,torghabeh,khorasan_razavi,2025-11-24,55,80,25
9806,torghabeh,khorasan_razavi,2025-11-25,50,81,31
9806,torghabeh,khorasan_razavi,2025-11-26,39,86,47
9806,torghabeh,khorasan_razavi,2025-11-27,45,151,106
9806,torghabeh,khorasan_razavi,2025-11-28,7,27,20
9806,torghabeh,khorasan_razavi,2025-11-29,5,26,21
9806,torghabeh,khorasan_razavi,2025-11-30,5,32,27
9806,torghabeh,khorasan_razavi,2025-12-01,3,34,31
9806,torghabeh,khorasan_razavi,2025-12-02,3,36,33
9806,torghabeh,khorasan_razavi,2025-12-03,9,65,56
9806,torghabeh,khorasan_razavi,2025-12-04,20,180,160
9806,torghabeh,khorasan_razavi,2025-12-05,8,51,43
9806,torghabeh,khorasan_razavi,2025-12-06,6,51,45
9806,torghabeh,khorasan_razavi,2025-12-07,3,49,46
9806,torghabeh,khorasan_razavi,2025-12-08,5,52,47
9806,torghabeh,khorasan_razavi,2025-12-09,15,67,52
9806,torghabeh,khorasan_razavi,2025-12-10,4,67,63
9806,torghabeh,khorasan_razavi,2025-12-11,7,170,163
9806,torghabeh,khorasan_razavi,2025-12-12,3,52,49
9806,torghabeh,khorasan_razavi,2025-12-13,12,60,48
9806,torghabeh,khorasan_razavi,2025-12-14,3,52,49
9806,torghabeh,khorasan_razavi,2025-12-15,4,56,52
9806,torghabeh,khorasan_razavi,2025-12-16,4,64,60
9806,torghabeh,khorasan_razavi,2025-12-17,6,71,65
9806,torghabeh,khorasan_razavi,2025-12-18,10,153,143
9806,torghabeh,khorasan_razavi,2025-12-19,5,56,51
9806,torghabeh,khorasan_razavi,2025-12-20,2,49,47
9806,torghabeh,khorasan_razavi,2025-12-21,3,39,36
4611,tous,khorasan_razavi,2025-11-22,1,1,0
4611,tous,khorasan_razavi,2025-11-23,4,5,1
4611,tous,khorasan_razavi,2025-11-24,1,1,0
4611,tous,khorasan_razavi,2025-11-25,3,5,2
4611,tous,khorasan_razavi,2025-11-26,0,0,0
4611,tous,khorasan_razavi,2025-11-27,0,0,0
4611,tous,khorasan_razavi,2025-11-28,0,0,0
4611,tous,khorasan_razavi,2025-11-29,5,8,3
4611,tous,khorasan_razavi,2025-11-30,5,9,4
4611,tous,khorasan_razavi,2025-12-01,5,9,4
4611,tous,khorasan_razavi,2025-12-02,0,0,0
4611,tous,khorasan_razavi,2025-12-03,0,0,0
4611,tous,khorasan_razavi,2025-12-04,0,0,0
4611,tous,khorasan_razavi,2025-12-05,0,0,0
4611,tous,khorasan_razavi,2025-12-06,1,4,3
4611,tous,khorasan_razavi,2025-12-07,1,4,3
4611,tous,khorasan_razavi,2025-12-08,1,5,4
4611,tous,khorasan_razavi,2025-12-09,0,0,0
4611,tous,khorasan_razavi,2025-12-10,0,0,0
4611,tous,khorasan_razavi,2025-12-11,0,1,1
4611,tous,khorasan_razavi,2025-12-12,0,0,0
4611,tous,khorasan_razavi,2025-12-13,0,0,0
4611,tous,khorasan_razavi,2025-12-14,0,0,0
4611,tous,khorasan_razavi,2025-12-15,0,0,0
4611,tous,khorasan_razavi,2025-12-16,0,0,0
4611,tous,khorasan_razavi,2025-12-17,2,10,8
4611,tous,khorasan_razavi,2025-12-18,0,1,1
4611,tous,khorasan_razavi,2025-12-19,0,0,0
4611,tous,khorasan_razavi,2025-12-20,0,0,0
4611,tous,khorasan_razavi,2025-12-21,0,0,0
7401,vahidieh,tehran,2025-11-22,0,0,0
7401,vahidieh,tehran,2025-11-23,1,1,0
7401,vahidieh,tehran,2025-11-24,2,2,0
7401,vahidieh,tehran,2025-11-25,2,2,0
7401,vahidieh,tehran,2025-11-26,0,1,1
7401,vahidieh,tehran,2025-11-27,0,2,2
7401,vahidieh,tehran,2025-11-28,0,1,1
7401,vahidieh,tehran,2025-11-29,0,0,0
7401,vahidieh,tehran,2025-11-30,0,1,1
7401,vahidieh,tehran,2025-12-01,0,1,1
7401,vahidieh,tehran,2025-12-02,0,1,1
7401,vahidieh,tehran,2025-12-03,0,1,1
7401,vahidieh,tehran,2025-12-04,2,7,5
7401,vahidieh,tehran,2025-12-05,0,1,1
7401,vahidieh,tehran,2025-12-06,0,1,1
7401,vahidieh,tehran,2025-12-07,0,1,1
7401,vahidieh,tehran,2025-12-08,0,1,1
7401,vahidieh,tehran,2025-12-09,0,1,1
7401,vahidieh,tehran,2025-12-10,0,2,2
7401,vahidieh,tehran,2025-12-11,0,5,5
7401,vahidieh,tehran,2025-12-12,0,2,2
7401,vahidieh,tehran,2025-12-13,0,1,1
7401,vahidieh,tehran,2025-12-14,0,1,1
7401,vahidieh,tehran,2025-12-15,0,2,2
7401,vahidieh,tehran,2025-12-16,0,2,2
7401,vahidieh,tehran,2025-12-17,0,2,2
7401,vahidieh,tehran,2025-12-18,0,4,4
7401,vahidieh,tehran,2025-12-19,0,2,2
7401,vahidieh,tehran,2025-12-20,0,1,1
7401,vahidieh,tehran,2025-12-21,0,1,1
7613,vajargah,gilan,2025-11-22,11,11,0
7613,vajargah,gilan,2025-11-23,3,4,1
7613,vajargah,gilan,2025-11-24,3,6,3
7613,vajargah,gilan,2025-11-25,5,8,3
7613,vajargah,gilan,2025-11-26,4,11,7
7613,vajargah,gilan,2025-11-27,1,9,8
7613,vajargah,gilan,2025-11-28,0,2,2
7613,vajargah,gilan,2025-11-29,3,6,3
7613,vajargah,gilan,2025-11-30,3,6,3
7613,vajargah,gilan,2025-12-01,0,2,2
7613,vajargah,gilan,2025-12-02,0,3,3
7613,vajargah,gilan,2025-12-03,1,9,8
7613,vajargah,gilan,2025-12-04,1,16,15
7613,vajargah,gilan,2025-12-05,0,3,3
7613,vajargah,gilan,2025-12-06,0,4,4
7613,vajargah,gilan,2025-12-07,0,3,3
7613,vajargah,gilan,2025-12-08,0,3,3
7613,vajargah,gilan,2025-12-09,0,4,4
7613,vajargah,gilan,2025-12-10,0,6,6
7613,vajargah,gilan,2025-12-11,0,12,12
7613,vajargah,gilan,2025-12-12,0,4,4
7613,vajargah,gilan,2025-12-13,0,3,3
7613,vajargah,gilan,2025-12-14,0,3,3
7613,vajargah,gilan,2025-12-15,0,4,4
7613,vajargah,gilan,2025-12-16,0,4,4
7613,vajargah,gilan,2025-12-17,0,5,5
7613,vajargah,gilan,2025-12-18,0,8,8
7613,vajargah,gilan,2025-12-19,0,5,5
7613,vajargah,gilan,2025-12-20,0,4,4
7613,vajargah,gilan,2025-12-21,0,3,3
4998,vanak,isfahan,2025-11-22,0,0,0
4998,vanak,isfahan,2025-11-23,0,0,0
4998,vanak,isfahan,2025-11-24,0,0,0
4998,vanak,isfahan,2025-11-25,0,0,0
4998,vanak,isfahan,2025-11-26,0,0,0
4998,vanak,isfahan,2025-11-27,0,0,0
4998,vanak,isfahan,2025-11-28,0,0,0
4998,vanak,isfahan,2025-11-29,0,0,0
4998,vanak,isfahan,2025-11-30,0,0,0
4998,vanak,isfahan,2025-12-01,0,0,0
4998,vanak,isfahan,2025-12-02,0,0,0
4998,vanak,isfahan,2025-12-03,0,0,0
4998,vanak,isfahan,2025-12-04,0,0,0
4998,vanak,isfahan,2025-12-05,0,0,0
4998,vanak,isfahan,2025-12-06,0,0,0
4998,vanak,isfahan,2025-12-07,0,0,0
4998,vanak,isfahan,2025-12-08,0,0,0
4998,vanak,isfahan,2025-12-09,0,0,0
4998,vanak,isfahan,2025-12-10,0,0,0
4998,vanak,isfahan,2025-12-11,0,0,0
4998,vanak,isfahan,2025-12-12,0,0,0
4998,vanak,isfahan,2025-12-13,0,0,0
4998,vanak,isfahan,2025-12-14,0,0,0
4998,vanak,isfahan,2025-12-15,0,0,0
4998,vanak,isfahan,2025-12-16,0,0,0
4998,vanak,isfahan,2025-12-17,0,0,0
4998,vanak,isfahan,2025-12-18,0,0,0
4998,vanak,isfahan,2025-12-19,0,0,0
4998,vanak,isfahan,2025-12-20,0,0,0
4998,vanak,isfahan,2025-12-21,0,0,0
6662,varamin,tehran,2025-11-22,65,80,15
6662,varamin,tehran,2025-11-23,45,72,27
6662,varamin,tehran,2025-11-24,54,88,34
6662,varamin,tehran,2025-11-25,53,91,38
6662,varamin,tehran,2025-11-26,38,88,50
6662,varamin,tehran,2025-11-27,88,228,140
6662,varamin,tehran,2025-11-28,35,92,57
6662,varamin,tehran,2025-11-29,20,61,41
6662,varamin,tehran,2025-11-30,20,74,54
6662,varamin,tehran,2025-12-01,16,83,67
6662,varamin,tehran,2025-12-02,27,86,59
6662,varamin,tehran,2025-12-03,29,96,67
6662,varamin,tehran,2025-12-04,55,324,269
6662,varamin,tehran,2025-12-05,30,100,70
6662,varamin,tehran,2025-12-06,21,83,62
6662,varamin,tehran,2025-12-07,17,84,67
6662,varamin,tehran,2025-12-08,25,100,75
6662,varamin,tehran,2025-12-09,19,87,68
6662,varamin,tehran,2025-12-10,24,107,83
6662,varamin,tehran,2025-12-11,26,267,241
6662,varamin,tehran,2025-12-12,16,98,82
6662,varamin,tehran,2025-12-13,15,93,78
6662,varamin,tehran,2025-12-14,12,84,72
6662,varamin,tehran,2025-12-15,11,88,77
6662,varamin,tehran,2025-12-16,12,92,80
6662,varamin,tehran,2025-12-17,15,111,96
6662,varamin,tehran,2025-12-18,29,258,229
6662,varamin,tehran,2025-12-19,4,91,87
6662,varamin,tehran,2025-12-20,4,85,81
6662,varamin,tehran,2025-12-21,2,67,65
6603,varnamkhast,isfahan,2025-11-22,0,0,0
6603,varnamkhast,isfahan,2025-11-23,0,0,0
6603,varnamkhast,isfahan,2025-11-24,0,0,0
6603,varnamkhast,isfahan,2025-11-25,0,0,0
6603,varnamkhast,isfahan,2025-11-26,0,0,0
6603,varnamkhast,isfahan,2025-11-27,0,0,0
6603,varnamkhast,isfahan,2025-11-28,0,0,0
6603,varnamkhast,isfahan,2025-11-29,0,0,0
6603,varnamkhast,isfahan,2025-11-30,0,0,0
6603,varnamkhast,isfahan,2025-12-01,0,0,0
6603,varnamkhast,isfahan,2025-12-02,0,0,0
6603,varnamkhast,isfahan,2025-12-03,0,0,0
6603,varnamkhast,isfahan,2025-12-04,0,0,0
6603,varnamkhast,isfahan,2025-12-05,0,0,0
6603,varnamkhast,isfahan,2025-12-06,0,0,0
6603,varnamkhast,isfahan,2025-12-07,0,0,0
6603,varnamkhast,isfahan,2025-12-08,0,0,0
6603,varnamkhast,isfahan,2025-12-09,0,0,0
6603,varnamkhast,isfahan,2025-12-10,0,0,0
6603,varnamkhast,isfahan,2025-12-11,0,0,0
6603,varnamkhast,isfahan,2025-12-12,0,0,0
6603,varnamkhast,isfahan,2025-12-13,0,0,0
6603,varnamkhast,isfahan,2025-12-14,0,0,0
6603,varnamkhast,isfahan,2025-12-15,0,0,0
6603,varnamkhast,isfahan,2025-12-16,0,0,0
6603,varnamkhast,isfahan,2025-12-17,0,0,0
6603,varnamkhast,isfahan,2025-12-18,0,0,0
6603,varnamkhast,isfahan,2025-12-19,0,0,0
6603,varnamkhast,isfahan,2025-12-20,0,0,0
6603,varnamkhast,isfahan,2025-12-21,0,0,0
7416,varzaneh,isfahan,2025-11-22,7,7,0
7416,varzaneh,isfahan,2025-11-23,30,34,4
7416,varzaneh,isfahan,2025-11-24,8,11,3
7416,varzaneh,isfahan,2025-11-25,10,15,5
7416,varzaneh,isfahan,2025-11-26,11,22,11
7416,varzaneh,isfahan,2025-11-27,31,100,69
7416,varzaneh,isfahan,2025-11-28,3,9,6
7416,varzaneh,isfahan,2025-11-29,4,9,5
7416,varzaneh,isfahan,2025-11-30,7,14,7
7416,varzaneh,isfahan,2025-12-01,6,14,8
7416,varzaneh,isfahan,2025-12-02,6,16,10
7416,varzaneh,isfahan,2025-12-03,8,23,15
7416,varzaneh,isfahan,2025-12-04,16,118,102
7416,varzaneh,isfahan,2025-12-05,2,10,8
7416,varzaneh,isfahan,2025-12-06,2,11,9
7416,varzaneh,isfahan,2025-12-07,2,10,8
7416,varzaneh,isfahan,2025-12-08,2,11,9
7416,varzaneh,isfahan,2025-12-09,2,13,11
7416,varzaneh,isfahan,2025-12-10,2,19,17
7416,varzaneh,isfahan,2025-12-11,2,77,75
7416,varzaneh,isfahan,2025-12-12,2,11,9
7416,varzaneh,isfahan,2025-12-13,2,11,9
7416,varzaneh,isfahan,2025-12-14,2,11,9
7416,varzaneh,isfahan,2025-12-15,5,16,11
7416,varzaneh,isfahan,2025-12-16,4,18,14
7416,varzaneh,isfahan,2025-12-17,3,25,22
7416,varzaneh,isfahan,2025-12-18,5,86,81
7416,varzaneh,isfahan,2025-12-19,2,14,12
7416,varzaneh,isfahan,2025-12-20,2,13,11
7416,varzaneh,isfahan,2025-12-21,0,7,7
2668,vezvan,isfahan,2025-11-22,0,0,0
2668,vezvan,isfahan,2025-11-23,0,0,0
2668,vezvan,isfahan,2025-11-24,0,0,0
2668,vezvan,isfahan,2025-11-25,0,0,0
2668,vezvan,isfahan,2025-11-26,0,0,0
2668,vezvan,isfahan,2025-11-27,0,0,0
2668,vezvan,isfahan,2025-11-28,0,0,0
2668,vezvan,isfahan,2025-11-29,0,0,0
2668,vezvan,isfahan,2025-11-30,2,2,0
2668,vezvan,isfahan,2025-12-01,0,0,0
2668,vezvan,isfahan,2025-12-02,0,0,0
2668,vezvan,isfahan,2025-12-03,0,0,0
2668,vezvan,isfahan,2025-12-04,0,0,0
2668,vezvan,isfahan,2025-12-05,0,0,0
2668,vezvan,isfahan,2025-12-06,0,0,0
2668,vezvan,isfahan,2025-12-07,0,0,0
2668,vezvan,isfahan,2025-12-08,0,0,0
2668,vezvan,isfahan,2025-12-09,0,0,0
2668,vezvan,isfahan,2025-12-10,0,0,0
2668,vezvan,isfahan,2025-12-11,0,0,0
2668,vezvan,isfahan,2025-12-12,0,0,0
2668,vezvan,isfahan,2025-12-13,0,0,0
2668,vezvan,isfahan,2025-12-14,0,0,0
2668,vezvan,isfahan,2025-12-15,0,0,0
2668,vezvan,isfahan,2025-12-16,0,0,0
2668,vezvan,isfahan,2025-12-17,0,0,0
2668,vezvan,isfahan,2025-12-18,0,0,0
2668,vezvan,isfahan,2025-12-19,0,0,0
2668,vezvan,isfahan,2025-12-20,0,0,0
2668,vezvan,isfahan,2025-12-21,0,0,0
1156,zargarmahaleh,mazandaran,2025-11-22,0,0,0
1156,zargarmahaleh,mazandaran,2025-11-23,0,0,0
1156,zargarmahaleh,mazandaran,2025-11-24,0,0,0
1156,zargarmahaleh,mazandaran,2025-11-25,0,0,0
1156,zargarmahaleh,mazandaran,2025-11-26,0,0,0
1156,zargarmahaleh,mazandaran,2025-11-27,0,0,0
1156,zargarmahaleh,mazandaran,2025-11-28,0,0,0
1156,zargarmahaleh,mazandaran,2025-11-29,0,0,0
1156,zargarmahaleh,mazandaran,2025-11-30,0,0,0
1156,zargarmahaleh,mazandaran,2025-12-01,0,0,0
1156,zargarmahaleh,mazandaran,2025-12-02,0,0,0
1156,zargarmahaleh,mazandaran,2025-12-03,0,0,0
1156,zargarmahaleh,mazandaran,2025-12-04,0,0,0
1156,zargarmahaleh,mazandaran,2025-12-05,0,0,0
1156,zargarmahaleh,mazandaran,2025-12-06,0,0,0
1156,zargarmahaleh,mazandaran,2025-12-07,0,0,0
1156,zargarmahaleh,mazandaran,2025-12-08,0,0,0
1156,zargarmahaleh,mazandaran,2025-12-09,0,0,0
1156,zargarmahaleh,mazandaran,2025-12-10,0,0,0
1156,zargarmahaleh,mazandaran,2025-12-11,0,0,0
1156,zargarmahaleh,mazandaran,2025-12-12,0,0,0
1156,zargarmahaleh,mazandaran,2025-12-13,0,0,0
1156,zargarmahaleh,mazandaran,2025-12-14,0,0,0
1156,zargarmahaleh,mazandaran,2025-12-15,0,0,0
1156,zargarmahaleh,mazandaran,2025-12-16,0,0,0
1156,zargarmahaleh,mazandaran,2025-12-17,0,0,0
1156,zargarmahaleh,mazandaran,2025-12-18,0,0,0
1156,zargarmahaleh,mazandaran,2025-12-19,0,0,0
1156,zargarmahaleh,mazandaran,2025-12-20,0,0,0
1156,zargarmahaleh,mazandaran,2025-12-21,0,0,0
4138,zarrinshahr,isfahan,2025-11-22,6,7,1
4138,zarrinshahr,isfahan,2025-11-23,5,7,2
4138,zarrinshahr,isfahan,2025-11-24,6,8,2
4138,zarrinshahr,isfahan,2025-11-25,3,6,3
4138,zarrinshahr,isfahan,2025-11-26,3,7,4
4138,zarrinshahr,isfahan,2025-11-27,6,15,9
4138,zarrinshahr,isfahan,2025-11-28,1,4,3
4138,zarrinshahr,isfahan,2025-11-29,1,5,4
4138,zarrinshahr,isfahan,2025-11-30,1,5,4
4138,zarrinshahr,isfahan,2025-12-01,1,5,4
4138,zarrinshahr,isfahan,2025-12-02,2,7,5
4138,zarrinshahr,isfahan,2025-12-03,2,7,5
4138,zarrinshahr,isfahan,2025-12-04,4,23,19
4138,zarrinshahr,isfahan,2025-12-05,4,9,5
4138,zarrinshahr,isfahan,2025-12-06,1,7,6
4138,zarrinshahr,isfahan,2025-12-07,1,7,6
4138,zarrinshahr,isfahan,2025-12-08,2,8,6
4138,zarrinshahr,isfahan,2025-12-09,1,7,6
4138,zarrinshahr,isfahan,2025-12-10,1,7,6
4138,zarrinshahr,isfahan,2025-12-11,1,14,13
4138,zarrinshahr,isfahan,2025-12-12,1,7,6
4138,zarrinshahr,isfahan,2025-12-13,1,8,7
4138,zarrinshahr,isfahan,2025-12-14,1,7,6
4138,zarrinshahr,isfahan,2025-12-15,1,8,7
4138,zarrinshahr,isfahan,2025-12-16,0,8,8
4138,zarrinshahr,isfahan,2025-12-17,0,8,8
4138,zarrinshahr,isfahan,2025-12-18,0,13,13
4138,zarrinshahr,isfahan,2025-12-19,0,7,7
4138,zarrinshahr,isfahan,2025-12-20,0,7,7
4138,zarrinshahr,isfahan,2025-12-21,5,12,7
2154,zavareh,isfahan,2025-11-22,2,2,0
2154,zavareh,isfahan,2025-11-23,3,3,0
2154,zavareh,isfahan,2025-11-24,5,6,1
2154,zavareh,isfahan,2025-11-25,3,4,1
2154,zavareh,isfahan,2025-11-26,6,8,2
2154,zavareh,isfahan,2025-11-27,2,5,3
2154,zavareh,isfahan,2025-11-28,1,2,1
2154,zavareh,isfahan,2025-11-29,1,2,1
2154,zavareh,isfahan,2025-11-30,0,1,1
2154,zavareh,isfahan,2025-12-01,0,1,1
2154,zavareh,isfahan,2025-12-02,2,4,2
2154,zavareh,isfahan,2025-12-03,0,2,2
2154,zavareh,isfahan,2025-12-04,0,4,4
2154,zavareh,isfahan,2025-12-05,0,1,1
2154,zavareh,isfahan,2025-12-06,0,2,2
2154,zavareh,isfahan,2025-12-07,2,4,2
2154,zavareh,isfahan,2025-12-08,0,3,3
2154,zavareh,isfahan,2025-12-09,0,3,3
2154,zavareh,isfahan,2025-12-10,0,3,3
2154,zavareh,isfahan,2025-12-11,0,6,6
2154,zavareh,isfahan,2025-12-12,0,2,2
2154,zavareh,isfahan,2025-12-13,0,2,2
2154,zavareh,isfahan,2025-12-14,0,3,3
2154,zavareh,isfahan,2025-12-15,0,3,3
2154,zavareh,isfahan,2025-12-16,0,3,3
2154,zavareh,isfahan,2025-12-17,0,4,4
2154,zavareh,isfahan,2025-12-18,0,6,6
2154,zavareh,isfahan,2025-12-19,0,3,3
2154,zavareh,isfahan,2025-12-20,0,3,3
2154,zavareh,isfahan,2025-12-21,0,2,2
3351,zayanderood,isfahan,2025-11-22,0,0,0
3351,zayanderood,isfahan,2025-11-23,1,1,0
3351,zayanderood,isfahan,2025-11-24,1,1,0
3351,zayanderood,isfahan,2025-11-25,0,0,0
3351,zayanderood,isfahan,2025-11-26,0,0,0
3351,zayanderood,isfahan,2025-11-27,0,0,0
3351,zayanderood,isfahan,2025-11-28,0,0,0
3351,zayanderood,isfahan,2025-11-29,0,0,0
3351,zayanderood,isfahan,2025-11-30,0,0,0
3351,zayanderood,isfahan,2025-12-01,0,0,0
3351,zayanderood,isfahan,2025-12-02,0,0,0
3351,zayanderood,isfahan,2025-12-03,0,0,0
3351,zayanderood,isfahan,2025-12-04,1,5,4
3351,zayanderood,isfahan,2025-12-05,0,0,0
3351,zayanderood,isfahan,2025-12-06,0,0,0
3351,zayanderood,isfahan,2025-12-07,0,0,0
3351,zayanderood,isfahan,2025-12-08,0,0,0
3351,zayanderood,isfahan,2025-12-09,0,0,0
3351,zayanderood,isfahan,2025-12-10,0,0,0
3351,zayanderood,isfahan,2025-12-11,0,0,0
3351,zayanderood,isfahan,2025-12-12,0,0,0
3351,zayanderood,isfahan,2025-12-13,0,0,0
3351,zayanderood,isfahan,2025-12-14,0,0,0
3351,zayanderood,isfahan,2025-12-15,0,0,0
3351,zayanderood,isfahan,2025-12-16,0,0,0
3351,zayanderood,isfahan,2025-12-17,0,0,0
3351,zayanderood,isfahan,2025-12-18,0,0,0
3351,zayanderood,isfahan,2025-12-19,0,0,0
3351,zayanderood,isfahan,2025-12-20,0,0,0
3351,zayanderood,isfahan,2025-12-21,1,3,2
8375,zibakenar,gilan,2025-11-22,336,387,51
8375,zibakenar,gilan,2025-11-23,221,310,89
8375,zibakenar,gilan,2025-11-24,130,221,91
8375,zibakenar,gilan,2025-11-25,88,184,96
8375,zibakenar,gilan,2025-11-26,87,263,176
8375,zibakenar,gilan,2025-11-27,63,325,262
8375,zibakenar,gilan,2025-11-28,17,116,99
8375,zibakenar,gilan,2025-11-29,35,123,88
8375,zibakenar,gilan,2025-11-30,35,136,101
8375,zibakenar,gilan,2025-12-01,46,193,147
8375,zibakenar,gilan,2025-12-02,52,218,166
8375,zibakenar,gilan,2025-12-03,22,242,220
8375,zibakenar,gilan,2025-12-04,32,533,501
8375,zibakenar,gilan,2025-12-05,5,131,126
8375,zibakenar,gilan,2025-12-06,36,175,139
8375,zibakenar,gilan,2025-12-07,32,146,114
8375,zibakenar,gilan,2025-12-08,32,147,115
8375,zibakenar,gilan,2025-12-09,42,172,130
8375,zibakenar,gilan,2025-12-10,26,234,208
8375,zibakenar,gilan,2025-12-11,25,549,524
8375,zibakenar,gilan,2025-12-12,7,183,176
8375,zibakenar,gilan,2025-12-13,0,116,116
8375,zibakenar,gilan,2025-12-14,0,105,105
8375,zibakenar,gilan,2025-12-15,4,136,132
8375,zibakenar,gilan,2025-12-16,4,167,163
8375,zibakenar,gilan,2025-12-17,13,233,220
8375,zibakenar,gilan,2025-12-18,16,423,407
8375,zibakenar,gilan,2025-12-19,6,176,170
8375,zibakenar,gilan,2025-12-20,10,131,121
8375,zibakenar,gilan,2025-12-21,0,97,97
4994,zibashahr,isfahan,2025-11-22,0,0,0
4994,zibashahr,isfahan,2025-11-23,0,0,0
4994,zibashahr,isfahan,2025-11-24,0,0,0
4994,zibashahr,isfahan,2025-11-25,0,0,0
4994,zibashahr,isfahan,2025-11-26,0,0,0
4994,zibashahr,isfahan,2025-11-27,0,0,0
4994,zibashahr,isfahan,2025-11-28,0,0,0
4994,zibashahr,isfahan,2025-11-29,0,0,0
4994,zibashahr,isfahan,2025-11-30,0,0,0
4994,zibashahr,isfahan,2025-12-01,0,0,0
4994,zibashahr,isfahan,2025-12-02,0,0,0
4994,zibashahr,isfahan,2025-12-03,0,0,0
4994,zibashahr,isfahan,2025-12-04,0,0,0
4994,zibashahr,isfahan,2025-12-05,0,0,0
4994,zibashahr,isfahan,2025-12-06,0,0,0
4994,zibashahr,isfahan,2025-12-07,0,0,0
4994,zibashahr,isfahan,2025-12-08,0,0,0
4994,zibashahr,isfahan,2025-12-09,0,0,0
4994,zibashahr,isfahan,2025-12-10,0,0,0
4994,zibashahr,isfahan,2025-12-11,0,0,0
4994,zibashahr,isfahan,2025-12-12,0,0,0
4994,zibashahr,isfahan,2025-12-13,0,0,0
4994,zibashahr,isfahan,2025-12-14,0,0,0
4994,zibashahr,isfahan,2025-12-15,0,0,0
4994,zibashahr,isfahan,2025-12-16,0,0,0
4994,zibashahr,isfahan,2025-12-17,0,0,0
4994,zibashahr,isfahan,2025-12-18,0,0,0
4994,zibashahr,isfahan,2025-12-19,0,0,0
4994,zibashahr,isfahan,2025-12-20,0,0,0
4994,zibashahr,isfahan,2025-12-21,0,0,0
7228,zirab,mazandaran,2025-11-22,120,130,10
7228,zirab,mazandaran,2025-11-23,115,141,26
7228,zirab,mazandaran,2025-11-24,61,87,26
7228,zirab,mazandaran,2025-11-25,65,105,40
7228,zirab,mazandaran,2025-11-26,85,169,84
7228,zirab,mazandaran,2025-11-27,120,320,200
7228,zirab,mazandaran,2025-11-28,20,63,43
7228,zirab,mazandaran,2025-11-29,30,61,31
7228,zirab,mazandaran,2025-11-30,30,63,33
7228,zirab,mazandaran,2025-12-01,24,72,48
7228,zirab,mazandaran,2025-12-02,40,97,57
7228,zirab,mazandaran,2025-12-03,41,167,126
7228,zirab,mazandaran,2025-12-04,59,395,336
7228,zirab,mazandaran,2025-12-05,8,65,57
7228,zirab,mazandaran,2025-12-06,18,76,58
7228,zirab,mazandaran,2025-12-07,8,57,49
7228,zirab,mazandaran,2025-12-08,17,72,55
7228,zirab,mazandaran,2025-12-09,15,70,55
7228,zirab,mazandaran,2025-12-10,15,109,94
7228,zirab,mazandaran,2025-12-11,17,296,279
7228,zirab,mazandaran,2025-12-12,10,86,76
7228,zirab,mazandaran,2025-12-13,16,71,55
7228,zirab,mazandaran,2025-12-14,17,77,60
7228,zirab,mazandaran,2025-12-15,10,62,52
7228,zirab,mazandaran,2025-12-16,7,63,56
7228,zirab,mazandaran,2025-12-17,7,93,86
7228,zirab,mazandaran,2025-12-18,8,175,167
7228,zirab,mazandaran,2025-12-19,8,70,62
7228,zirab,mazandaran,2025-12-20,6,54,48
7228,zirab,mazandaran,2025-12-21,0,28,28
