city_code,city,province,checkin,observed_so_far,predicted_demand,predicted_remaining
6261,abali,tehran,2025-11-22,8,10,2
6261,abali,tehran,2025-11-23,13,20,7
6261,abali,tehran,2025-11-24,5,12,7
6261,abali,tehran,2025-11-25,7,17,10
6261,abali,tehran,2025-11-26,4,18,14
6261,abali,tehran,2025-11-27,9,51,42
6261,abali,tehran,2025-11-28,2,16,14
6261,abali,tehran,2025-11-29,0,9,9
6261,abali,tehran,2025-11-30,0,11,11
6261,abali,tehran,2025-12-01,0,12,12
6261,abali,tehran,2025-12-02,0,13,13
6261,abali,tehran,2025-12-03,0,16,16
6261,abali,tehran,2025-12-04,2,73,71
6261,abali,tehran,2025-12-05,4,35,31
6261,abali,tehran,2025-12-06,1,19,18
6261,abali,tehran,2025-12-07,1,20,19
6261,abali,tehran,2025-12-08,1,21,20
6261,abali,tehran,2025-12-09,1,21,20
6261,abali,tehran,2025-12-10,1,30,29
6261,abali,tehran,2025-12-11,1,135,134
6261,abali,tehran,2025-12-12,1,31,30
6261,abali,tehran,2025-12-13,1,20,19
6261,abali,tehran,2025-12-14,1,19,18
6261,abali,tehran,2025-12-15,1,27,26
6261,abali,tehran,2025-12-16,2,32,30
6261,abali,tehran,2025-12-17,2,36,34
6261,abali,tehran,2025-12-18,1,103,102
6261,abali,tehran,2025-12-19,0,35,35
6261,abali,tehran,2025-12-20,0,22,22
6261,abali,tehran,2025-12-21,0,15,15
1053,abbasabad,mazandaran,2025-11-22,539,659,120
1053,abbasabad,mazandaran,2025-11-23,379,560,181
1053,abbasabad,mazandaran,2025-11-24,332,588,256
1053,abbasabad,mazandaran,2025-11-25,260,545,285
1053,abbasabad,mazandaran,2025-11-26,250,757,507
1053,abbasabad,mazandaran,2025-11-27,286,1038,752
1053,abbasabad,mazandaran,2025-11-28,134,448,314
1053,abbasabad,mazandaran,2025-11-29,80,336,256
1053,abbasabad,mazandaran,2025-11-30,55,330,275
1053,abbasabad,mazandaran,2025-12-01,37,268,231
1053,abbasabad,mazandaran,2025-12-02,43,321,278
1053,abbasabad,mazandaran,2025-12-03,102,620,518
1053,abbasabad,mazandaran,2025-12-04,80,873,793
1053,abbasabad,mazandaran,2025-12-05,8,231,223
1053,abbasabad,mazandaran,2025-12-06,14,277,263
1053,abbasabad,mazandaran,2025-12-07,15,281,266
1053,abbasabad,mazandaran,2025-12-08,39,283,244
1053,abbasabad,mazandaran,2025-12-09,19,300,281
1053,abbasabad,mazandaran,2025-12-10,19,433,414
1053,abbasabad,mazandaran,2025-12-11,19,925,906
1053,abbasabad,mazandaran,2025-12-12,13,345,332
1053,abbasabad,mazandaran,2025-12-13,16,281,265
1053,abbasabad,mazandaran,2025-12-14,9,256,247
1053,abbasabad,mazandaran,2025-12-15,11,282,271
1053,abbasabad,mazandaran,2025-12-16,19,303,284
1053,abbasabad,mazandaran,2025-12-17,20,462,442
1053,abbasabad,mazandaran,2025-12-18,12,615,603
1053,abbasabad,mazandaran,2025-12-19,4,326,322
1053,abbasabad,mazandaran,2025-12-20,4,324,320
1053,abbasabad,mazandaran,2025-12-21,0,243,243
6986,aboozeidabad,isfahan,2025-11-22,8,8,0
6986,aboozeidabad,isfahan,2025-11-23,38,42,4
6986,aboozeidabad,isfahan,2025-11-24,14,17,3
6986,aboozeidabad,isfahan,2025-11-25,6,9,3
6986,aboozeidabad,isfahan,2025-11-26,22,37,15
6986,aboozeidabad,isfahan,2025-11-27,36,97,61
6986,aboozeidabad,isfahan,2025-11-28,2,6,4
6986,aboozeidabad,isfahan,2025-11-29,1,4,3
6986,aboozeidabad,isfahan,2025-11-30,0,3,3
6986,aboozeidabad,isfahan,2025-12-01,0,3,3
6986,aboozeidabad,isfahan,2025-12-02,0,4,4
6986,aboozeidabad,isfahan,2025-12-03,2,11,9
6986,aboozeidabad,isfahan,2025-12-04,8,68,60
6986,aboozeidabad,isfahan,2025-12-05,0,5,5
6986,aboozeidabad,isfahan,2025-12-06,0,9,9
6986,aboozeidabad,isfahan,2025-12-07,0,8,8
6986,aboozeidabad,isfahan,2025-12-08,8,19,11
6986,aboozeidabad,isfahan,2025-12-09,0,9,9
6986,aboozeidabad,isfahan,2025-12-10,5,42,37
6986,aboozeidabad,isfahan,2025-12-11,17,205,188
6986,aboozeidabad,isfahan,2025-12-12,4,26,22
6986,aboozeidabad,isfahan,2025-12-13,0,10,10
6986,aboozeidabad,isfahan,2025-12-14,0,9,9
6986,aboozeidabad,isfahan,2025-12-15,0,11,11
6986,aboozeidabad,isfahan,2025-12-16,0,13,13
6986,aboozeidabad,isfahan,2025-12-17,0,31,31
6986,aboozeidabad,isfahan,2025-12-18,6,139,133
6986,aboozeidabad,isfahan,2025-12-19,0,17,17
6986,aboozeidabad,isfahan,2025-12-20,0,11,11
6986,aboozeidabad,isfahan,2025-12-21,0,7,7
2168,abrisham,isfahan,2025-11-22,3,3,0
2168,abrisham,isfahan,2025-11-23,6,6,0
2168,abrisham,isfahan,2025-11-24,3,3,0
2168,abrisham,isfahan,2025-11-25,3,3,0
2168,abrisham,isfahan,2025-11-26,3,4,1
2168,abrisham,isfahan,2025-11-27,1,2,1
2168,abrisham,isfahan,2025-11-28,0,0,0
2168,abrisham,isfahan,2025-11-29,1,1,0
2168,abrisham,isfahan,2025-11-30,1,1,0
2168,abrisham,isfahan,2025-12-01,1,2,1
2168,abrisham,isfahan,2025-12-02,0,0,0
2168,abrisham,isfahan,2025-12-03,0,1,1
2168,abrisham,isfahan,2025-12-04,0,1,1
2168,abrisham,isfahan,2025-12-05,0,0,0
2168,abrisham,isfahan,2025-12-06,0,2,2
2168,abrisham,isfahan,2025-12-07,0,1,1
2168,abrisham,isfahan,2025-12-08,0,1,1
2168,abrisham,isfahan,2025-12-09,0,1,1
2168,abrisham,isfahan,2025-12-10,0,2,2
2168,abrisham,isfahan,2025-12-11,0,2,2
2168,abrisham,isfahan,2025-12-12,0,1,1
2168,abrisham,isfahan,2025-12-13,0,1,1
2168,abrisham,isfahan,2025-12-14,0,1,1
2168,abrisham,isfahan,2025-12-15,1,3,2
2168,abrisham,isfahan,2025-12-16,0,2,2
2168,abrisham,isfahan,2025-12-17,0,2,2
2168,abrisham,isfahan,2025-12-18,0,2,2
2168,abrisham,isfahan,2025-12-19,0,2,2
2168,abrisham,isfahan,2025-12-20,0,2,2
2168,abrisham,isfahan,2025-12-21,0,1,1
9899,absard,tehran,2025-11-22,14,16,2
9899,absard,tehran,2025-11-23,13,19,6
9899,absard,tehran,2025-11-24,8,15,7
9899,absard,tehran,2025-11-25,10,21,11
9899,absard,tehran,2025-11-26,6,21,15
9899,absard,tehran,2025-11-27,19,74,55
9899,absard,tehran,2025-11-28,6,21,15
9899,absard,tehran,2025-11-29,6,16,10
9899,absard,tehran,2025-11-30,5,18,13
9899,absard,tehran,2025-12-01,7,22,15
9899,absard,tehran,2025-12-02,5,20,15
9899,absard,tehran,2025-12-03,10,39,29
9899,absard,tehran,2025-12-04,18,162,144
9899,absard,tehran,2025-12-05,2,27,25
9899,absard,tehran,2025-12-06,1,22,21
9899,absard,tehran,2025-12-07,1,23,22
9899,absard,tehran,2025-12-08,1,21,20
9899,absard,tehran,2025-12-09,2,22,20
9899,absard,tehran,2025-12-10,1,36,35
9899,absard,tehran,2025-12-11,8,160,152
9899,absard,tehran,2025-12-12,1,31,30
9899,absard,tehran,2025-12-13,1,21,20
9899,absard,tehran,2025-12-14,1,22,21
9899,absard,tehran,2025-12-15,1,27,26
9899,absard,tehran,2025-12-16,1,28,27
9899,absard,tehran,2025-12-17,2,48,46
9899,absard,tehran,2025-12-18,2,126,124
9899,absard,tehran,2025-12-19,1,36,35
9899,absard,tehran,2025-12-20,1,23,22
9899,absard,tehran,2025-12-21,4,20,16
1524,abu_musa,hormozgan,2025-11-22,11,11,0
1524,abu_musa,hormozgan,2025-11-23,11,11,0
1524,abu_musa,hormozgan,2025-11-24,11,12,1
1524,abu_musa,hormozgan,2025-11-25,13,14,1
1524,abu_musa,hormozgan,2025-11-26,11,13,2
1524,abu_musa,hormozgan,2025-11-27,7,8,1
1524,abu_musa,hormozgan,2025-11-28,3,4,1
1524,abu_musa,hormozgan,2025-11-29,2,4,2
1524,abu_musa,hormozgan,2025-11-30,7,9,2
1524,abu_musa,hormozgan,2025-12-01,3,5,2
1524,abu_musa,hormozgan,2025-12-02,1,3,2
1524,abu_musa,hormozgan,2025-12-03,4,7,3
1524,abu_musa,hormozgan,2025-12-04,3,7,4
1524,abu_musa,hormozgan,2025-12-05,0,0,0
1524,abu_musa,hormozgan,2025-12-06,0,0,0
1524,abu_musa,hormozgan,2025-12-07,0,0,0
1524,abu_musa,hormozgan,2025-12-08,0,0,0
1524,abu_musa,hormozgan,2025-12-09,0,0,0
1524,abu_musa,hormozgan,2025-12-10,3,7,4
1524,abu_musa,hormozgan,2025-12-11,1,3,2
1524,abu_musa,hormozgan,2025-12-12,0,0,0
1524,abu_musa,hormozgan,2025-12-13,0,0,0
1524,abu_musa,hormozgan,2025-12-14,1,4,3
1524,abu_musa,hormozgan,2025-12-15,2,8,6
1524,abu_musa,hormozgan,2025-12-16,3,10,7
1524,abu_musa,hormozgan,2025-12-17,3,10,7
1524,abu_musa,hormozgan,2025-12-18,2,9,7
1524,abu_musa,hormozgan,2025-12-19,1,4,3
1524,abu_musa,hormozgan,2025-12-20,0,0,0
1524,abu_musa,hormozgan,2025-12-21,0,0,0
8695,abyaneh,isfahan,2025-11-22,33,37,4
8695,abyaneh,isfahan,2025-11-23,58,72,14
8695,abyaneh,isfahan,2025-11-24,48,62,14
8695,abyaneh,isfahan,2025-11-25,45,62,17
8695,abyaneh,isfahan,2025-11-26,53,97,44
8695,abyaneh,isfahan,2025-11-27,51,132,81
8695,abyaneh,isfahan,2025-11-28,2,18,16
8695,abyaneh,isfahan,2025-11-29,2,18,16
8695,abyaneh,isfahan,2025-11-30,8,27,19
8695,abyaneh,isfahan,2025-12-01,4,28,24
8695,abyaneh,isfahan,2025-12-02,10,34,24
8695,abyaneh,isfahan,2025-12-03,14,55,41
8695,abyaneh,isfahan,2025-12-04,23,166,143
8695,abyaneh,isfahan,2025-12-05,8,35,27
8695,abyaneh,isfahan,2025-12-06,7,40,33
8695,abyaneh,isfahan,2025-12-07,5,34,29
8695,abyaneh,isfahan,2025-12-08,4,33,29
8695,abyaneh,isfahan,2025-12-09,5,38,33
8695,abyaneh,isfahan,2025-12-10,3,56,53
8695,abyaneh,isfahan,2025-12-11,3,145,142
8695,abyaneh,isfahan,2025-12-12,0,32,32
8695,abyaneh,isfahan,2025-12-13,1,31,30
8695,abyaneh,isfahan,2025-12-14,8,33,25
8695,abyaneh,isfahan,2025-12-15,0,37,37
8695,abyaneh,isfahan,2025-12-16,1,43,42
8695,abyaneh,isfahan,2025-12-17,0,64,64
8695,abyaneh,isfahan,2025-12-18,7,132,125
8695,abyaneh,isfahan,2025-12-19,1,43,42
8695,abyaneh,isfahan,2025-12-20,3,36,33
8695,abyaneh,isfahan,2025-12-21,0,23,23
7896,ahmadabade_mostowfi,tehran,2025-11-22,14,17,3
7896,ahmadabade_mostowfi,tehran,2025-11-23,17,24,7
7896,ahmadabade_mostowfi,tehran,2025-11-24,12,22,10
7896,ahmadabade_mostowfi,tehran,2025-11-25,21,34,13
7896,ahmadabade_mostowfi,tehran,2025-11-26,17,31,14
7896,ahmadabade_mostowfi,tehran,2025-11-27,64,118,54
7896,ahmadabade_mostowfi,tehran,2025-11-28,6,21,15
7896,ahmadabade_mostowfi,tehran,2025-11-29,5,18,13
7896,ahmadabade_mostowfi,tehran,2025-11-30,7,21,14
7896,ahmadabade_mostowfi,tehran,2025-12-01,5,21,16
7896,ahmadabade_mostowfi,tehran,2025-12-02,6,22,16
7896,ahmadabade_mostowfi,tehran,2025-12-03,6,27,21
7896,ahmadabade_mostowfi,tehran,2025-12-04,26,127,101
7896,ahmadabade_mostowfi,tehran,2025-12-05,3,26,23
7896,ahmadabade_mostowfi,tehran,2025-12-06,10,31,21
7896,ahmadabade_mostowfi,tehran,2025-12-07,9,30,21
7896,ahmadabade_mostowfi,tehran,2025-12-08,3,23,20
7896,ahmadabade_mostowfi,tehran,2025-12-09,3,23,20
7896,ahmadabade_mostowfi,tehran,2025-12-10,3,28,25
7896,ahmadabade_mostowfi,tehran,2025-12-11,13,108,95
7896,ahmadabade_mostowfi,tehran,2025-12-12,4,33,29
7896,ahmadabade_mostowfi,tehran,2025-12-13,3,24,21
7896,ahmadabade_mostowfi,tehran,2025-12-14,3,23,20
7896,ahmadabade_mostowfi,tehran,2025-12-15,3,29,26
7896,ahmadabade_mostowfi,tehran,2025-12-16,3,29,26
7896,ahmadabade_mostowfi,tehran,2025-12-17,3,32,29
7896,ahmadabade_mostowfi,tehran,2025-12-18,20,104,84
7896,ahmadabade_mostowfi,tehran,2025-12-19,1,32,31
7896,ahmadabade_mostowfi,tehran,2025-12-20,1,23,22
7896,ahmadabade_mostowfi,tehran,2025-12-21,3,21,18
4541,ahmadsargoorab,gilan,2025-11-22,0,0,0
4541,ahmadsargoorab,gilan,2025-11-23,0,0,0
4541,ahmadsargoorab,gilan,2025-11-24,2,2,0
4541,ahmadsargoorab,gilan,2025-11-25,3,3,0
4541,ahmadsargoorab,gilan,2025-11-26,1,2,1
4541,ahmadsargoorab,gilan,2025-11-27,1,3,2
4541,ahmadsargoorab,gilan,2025-11-28,0,0,0
4541,ahmadsargoorab,gilan,2025-11-29,0,0,0
4541,ahmadsargoorab,gilan,2025-11-30,0,0,0
4541,ahmadsargoorab,gilan,2025-12-01,0,0,0
4541,ahmadsargoorab,gilan,2025-12-02,2,2,0
4541,ahmadsargoorab,gilan,2025-12-03,0,1,1
4541,ahmadsargoorab,gilan,2025-12-04,0,2,2
4541,ahmadsargoorab,gilan,2025-12-05,0,0,0
4541,ahmadsargoorab,gilan,2025-12-06,0,1,1
4541,ahmadsargoorab,gilan,2025-12-07,0,0,0
4541,ahmadsargoorab,gilan,2025-12-08,0,0,0
4541,ahmadsargoorab,gilan,2025-12-09,2,3,1
4541,ahmadsargoorab,gilan,2025-12-10,0,1,1
4541,ahmadsargoorab,gilan,2025-12-11,0,2,2
4541,ahmadsargoorab,gilan,2025-12-12,0,0,0
4541,ahmadsargoorab,gilan,2025-12-13,0,0,0
4541,ahmadsargoorab,gilan,2025-12-14,0,0,0
4541,ahmadsargoorab,gilan,2025-12-15,0,0,0
4541,ahmadsargoorab,gilan,2025-12-16,0,0,0
4541,ahmadsargoorab,gilan,2025-12-17,0,1,1
4541,ahmadsargoorab,gilan,2025-12-18,0,1,1
4541,ahmadsargoorab,gilan,2025-12-19,0,1,1
4541,ahmadsargoorab,gilan,2025-12-20,0,0,0
4541,ahmadsargoorab,gilan,2025-12-21,0,0,0
3933,alasht,mazandaran,2025-11-22,52,56,4
3933,alasht,mazandaran,2025-11-23,43,52,9
3933,alasht,mazandaran,2025-11-24,17,25,8
3933,alasht,mazandaran,2025-11-25,16,26,10
3933,alasht,mazandaran,2025-11-26,19,40,21
3933,alasht,mazandaran,2025-11-27,26,93,67
3933,alasht,mazandaran,2025-11-28,0,10,10
3933,alasht,mazandaran,2025-11-29,1,11,10
3933,alasht,mazandaran,2025-11-30,3,18,15
3933,alasht,mazandaran,2025-12-01,5,18,13
3933,alasht,mazandaran,2025-12-02,2,18,16
3933,alasht,mazandaran,2025-12-03,16,53,37
3933,alasht,mazandaran,2025-12-04,17,155,138
3933,alasht,mazandaran,2025-12-05,3,26,23
3933,alasht,mazandaran,2025-12-06,7,26,19
3933,alasht,mazandaran,2025-12-07,6,23,17
3933,alasht,mazandaran,2025-12-08,2,20,18
3933,alasht,mazandaran,2025-12-09,3,23,20
3933,alasht,mazandaran,2025-12-10,6,39,33
3933,alasht,mazandaran,2025-12-11,10,140,130
3933,alasht,mazandaran,2025-12-12,2,23,21
3933,alasht,mazandaran,2025-12-13,1,19,18
3933,alasht,mazandaran,2025-12-14,1,17,16
3933,alasht,mazandaran,2025-12-15,1,19,18
3933,alasht,mazandaran,2025-12-16,2,23,21
3933,alasht,mazandaran,2025-12-17,8,54,46
3933,alasht,mazandaran,2025-12-18,8,106,98
3933,alasht,mazandaran,2025-12-19,1,27,26
3933,alasht,mazandaran,2025-12-20,1,19,18
3933,alasht,mazandaran,2025-12-21,0,12,12
1297,alavijeh,isfahan,2025-11-22,0,0,0
1297,alavijeh,isfahan,2025-11-23,0,0,0
1297,alavijeh,isfahan,2025-11-24,0,0,0
1297,alavijeh,isfahan,2025-11-25,0,0,0
1297,alavijeh,isfahan,2025-11-26,1,1,0
1297,alavijeh,isfahan,2025-11-27,1,2,1
1297,alavijeh,isfahan,2025-11-28,0,0,0
1297,alavijeh,isfahan,2025-11-29,0,0,0
1297,alavijeh,isfahan,2025-11-30,0,0,0
1297,alavijeh,isfahan,2025-12-01,0,0,0
1297,alavijeh,isfahan,2025-12-02,0,0,0
1297,alavijeh,isfahan,2025-12-03,0,0,0
1297,alavijeh,isfahan,2025-12-04,0,0,0
1297,alavijeh,isfahan,2025-12-05,0,0,0
1297,alavijeh,isfahan,2025-12-06,0,0,0
1297,alavijeh,isfahan,2025-12-07,0,0,0
1297,alavijeh,isfahan,2025-12-08,0,0,0
1297,alavijeh,isfahan,2025-12-09,0,0,0
1297,alavijeh,isfahan,2025-12-10,0,0,0
1297,alavijeh,isfahan,2025-12-11,0,1,1
1297,alavijeh,isfahan,2025-12-12,0,0,0
1297,alavijeh,isfahan,2025-12-13,0,0,0
1297,alavijeh,isfahan,2025-12-14,0,0,0
1297,alavijeh,isfahan,2025-12-15,0,0,0
1297,alavijeh,isfahan,2025-12-16,0,1,1
1297,alavijeh,isfahan,2025-12-17,0,1,1
1297,alavijeh,isfahan,2025-12-18,0,1,1
1297,alavijeh,isfahan,2025-12-19,0,0,0
1297,alavijeh,isfahan,2025-12-20,0,0,0
1297,alavijeh,isfahan,2025-12-21,0,0,0
2894,amirkola,mazandaran,2025-11-22,0,0,0
2894,amirkola,mazandaran,2025-11-23,0,0,0
2894,amirkola,mazandaran,2025-11-24,0,0,0
2894,amirkola,mazandaran,2025-11-25,0,0,0
2894,amirkola,mazandaran,2025-11-26,0,0,0
2894,amirkola,mazandaran,2025-11-27,0,0,0
2894,amirkola,mazandaran,2025-11-28,0,0,0
2894,amirkola,mazandaran,2025-11-29,0,0,0
2894,amirkola,mazandaran,2025-11-30,0,0,0
2894,amirkola,mazandaran,2025-12-01,0,0,0
2894,amirkola,mazandaran,2025-12-02,0,0,0
2894,amirkola,mazandaran,2025-12-03,0,0,0
2894,amirkola,mazandaran,2025-12-04,0,0,0
2894,amirkola,mazandaran,2025-12-05,0,0,0
2894,amirkola,mazandaran,2025-12-06,0,0,0
2894,amirkola,mazandaran,2025-12-07,0,0,0
2894,amirkola,mazandaran,2025-12-08,0,0,0
2894,amirkola,mazandaran,2025-12-09,0,0,0
2894,amirkola,mazandaran,2025-12-10,0,0,0
2894,amirkola,mazandaran,2025-12-11,0,0,0
2894,amirkola,mazandaran,2025-12-12,0,0,0
2894,amirkola,mazandaran,2025-12-13,0,0,0
2894,amirkola,mazandaran,2025-12-14,0,0,0
2894,amirkola,mazandaran,2025-12-15,0,0,0
2894,amirkola,mazandaran,2025-12-16,0,0,0
2894,amirkola,mazandaran,2025-12-17,0,0,0
2894,amirkola,mazandaran,2025-12-18,0,0,0
2894,amirkola,mazandaran,2025-12-19,0,0,0
2894,amirkola,mazandaran,2025-12-20,0,0,0
2894,amirkola,mazandaran,2025-12-21,0,0,0
5947,amlash,gilan,2025-11-22,137,154,17
5947,amlash,gilan,2025-11-23,97,124,27
5947,amlash,gilan,2025-11-24,91,127,36
5947,amlash,gilan,2025-11-25,89,139,50
5947,amlash,gilan,2025-11-26,133,232,99
5947,amlash,gilan,2025-11-27,91,218,127
5947,amlash,gilan,2025-11-28,20,50,30
5947,amlash,gilan,2025-11-29,17,49,32
5947,amlash,gilan,2025-11-30,17,58,41
5947,amlash,gilan,2025-12-01,16,55,39
5947,amlash,gilan,2025-12-02,21,74,53
5947,amlash,gilan,2025-12-03,31,129,98
5947,amlash,gilan,2025-12-04,17,190,173
5947,amlash,gilan,2025-12-05,10,60,50
5947,amlash,gilan,2025-12-06,12,67,55
5947,amlash,gilan,2025-12-07,12,63,51
5947,amlash,gilan,2025-12-08,14,66,52
5947,amlash,gilan,2025-12-09,10,64,54
5947,amlash,gilan,2025-12-10,14,101,87
5947,amlash,gilan,2025-12-11,17,211,194
5947,amlash,gilan,2025-12-12,8,67,59
5947,amlash,gilan,2025-12-13,0,41,41
5947,amlash,gilan,2025-12-14,1,40,39
5947,amlash,gilan,2025-12-15,6,55,49
5947,amlash,gilan,2025-12-16,3,60,57
5947,amlash,gilan,2025-12-17,0,76,76
5947,amlash,gilan,2025-12-18,4,141,137
5947,amlash,gilan,2025-12-19,0,56,56
5947,amlash,gilan,2025-12-20,0,42,42
5947,amlash,gilan,2025-12-21,0,29,29
2195,amol,mazandaran,2025-11-22,618,736,118
2195,amol,mazandaran,2025-11-23,540,762,222
2195,amol,mazandaran,2025-11-24,406,661,255
2195,amol,mazandaran,2025-11-25,339,679,340
2195,amol,mazandaran,2025-11-26,439,1057,618
2195,amol,mazandaran,2025-11-27,489,1393,904
2195,amol,mazandaran,2025-11-28,130,481,351
2195,amol,mazandaran,2025-11-29,153,484,331
2195,amol,mazandaran,2025-11-30,119,496,377
2195,amol,mazandaran,2025-12-01,98,454,356
2195,amol,mazandaran,2025-12-02,103,522,419
2195,amol,mazandaran,2025-12-03,136,780,644
2195,amol,mazandaran,2025-12-04,143,1355,1212
2195,amol,mazandaran,2025-12-05,77,636,559
2195,amol,mazandaran,2025-12-06,96,482,386
2195,amol,mazandaran,2025-12-07,104,527,423
2195,amol,mazandaran,2025-12-08,122,574,452
2195,amol,mazandaran,2025-12-09,90,515,425
2195,amol,mazandaran,2025-12-10,96,731,635
2195,amol,mazandaran,2025-12-11,79,1305,1226
2195,amol,mazandaran,2025-12-12,61,552,491
2195,amol,mazandaran,2025-12-13,73,476,403
2195,amol,mazandaran,2025-12-14,41,383,342
2195,amol,mazandaran,2025-12-15,40,446,406
2195,amol,mazandaran,2025-12-16,39,491,452
2195,amol,mazandaran,2025-12-17,45,679,634
2195,amol,mazandaran,2025-12-18,41,988,947
2195,amol,mazandaran,2025-12-19,23,561,538
2195,amol,mazandaran,2025-12-20,20,426,406
2195,amol,mazandaran,2025-12-21,28,321,293
6197,anarak,isfahan,2025-11-22,4,4,0
6197,anarak,isfahan,2025-11-23,4,4,0
6197,anarak,isfahan,2025-11-24,0,0,0
6197,anarak,isfahan,2025-11-25,4,4,0
6197,anarak,isfahan,2025-11-26,0,0,0
6197,anarak,isfahan,2025-11-27,0,0,0
6197,anarak,isfahan,2025-11-28,0,0,0
6197,anarak,isfahan,2025-11-29,0,0,0
6197,anarak,isfahan,2025-11-30,0,0,0
6197,anarak,isfahan,2025-12-01,0,0,0
6197,anarak,isfahan,2025-12-02,0,0,0
6197,anarak,isfahan,2025-12-03,0,0,0
6197,anarak,isfahan,2025-12-04,1,4,3
6197,anarak,isfahan,2025-12-05,0,0,0
6197,anarak,isfahan,2025-12-06,0,0,0
6197,anarak,isfahan,2025-12-07,0,0,0
6197,anarak,isfahan,2025-12-08,0,0,0
6197,anarak,isfahan,2025-12-09,0,0,0
6197,anarak,isfahan,2025-12-10,0,0,0
6197,anarak,isfahan,2025-12-11,0,0,0
6197,anarak,isfahan,2025-12-12,0,0,0
6197,anarak,isfahan,2025-12-13,0,0,0
6197,anarak,isfahan,2025-12-14,0,0,0
6197,anarak,isfahan,2025-12-15,0,0,0
6197,anarak,isfahan,2025-12-16,0,0,0
6197,anarak,isfahan,2025-12-17,0,0,0
6197,anarak,isfahan,2025-12-18,0,0,0
6197,anarak,isfahan,2025-12-19,0,0,0
6197,anarak,isfahan,2025-12-20,0,0,0
6197,anarak,isfahan,2025-12-21,0,0,0
3312,andisheh,tehran,2025-11-22,41,51,10
3312,andisheh,tehran,2025-11-23,43,64,21
3312,andisheh,tehran,2025-11-24,28,51,23
3312,andisheh,tehran,2025-11-25,21,44,23
3312,andisheh,tehran,2025-11-26,23,55,32
3312,andisheh,tehran,2025-11-27,25,75,50
3312,andisheh,tehran,2025-11-28,14,42,28
3312,andisheh,tehran,2025-11-29,11,42,31
3312,andisheh,tehran,2025-11-30,17,57,40
3312,andisheh,tehran,2025-12-01,10,45,35
3312,andisheh,tehran,2025-12-02,8,46,38
3312,andisheh,tehran,2025-12-03,7,46,39
3312,andisheh,tehran,2025-12-04,8,77,69
3312,andisheh,tehran,2025-12-05,9,58,49
3312,andisheh,tehran,2025-12-06,12,66,54
3312,andisheh,tehran,2025-12-07,8,58,50
3312,andisheh,tehran,2025-12-08,8,56,48
3312,andisheh,tehran,2025-12-09,7,57,50
3312,andisheh,tehran,2025-12-10,6,58,52
3312,andisheh,tehran,2025-12-11,12,122,110
3312,andisheh,tehran,2025-12-12,12,71,59
3312,andisheh,tehran,2025-12-13,12,71,59
3312,andisheh,tehran,2025-12-14,4,57,53
3312,andisheh,tehran,2025-12-15,6,69,63
3312,andisheh,tehran,2025-12-16,6,70,64
3312,andisheh,tehran,2025-12-17,4,68,64
3312,andisheh,tehran,2025-12-18,6,99,93
3312,andisheh,tehran,2025-12-19,3,65,62
3312,andisheh,tehran,2025-12-20,2,58,56
3312,andisheh,tehran,2025-12-21,0,46,46
4397,aran_va_bidgol,isfahan,2025-11-22,6,6,0
4397,aran_va_bidgol,isfahan,2025-11-23,6,8,2
4397,aran_va_bidgol,isfahan,2025-11-24,1,3,2
4397,aran_va_bidgol,isfahan,2025-11-25,1,3,2
4397,aran_va_bidgol,isfahan,2025-11-26,3,9,6
4397,aran_va_bidgol,isfahan,2025-11-27,9,23,14
4397,aran_va_bidgol,isfahan,2025-11-28,4,8,4
4397,aran_va_bidgol,isfahan,2025-11-29,0,4,4
4397,aran_va_bidgol,isfahan,2025-11-30,0,5,5
4397,aran_va_bidgol,isfahan,2025-12-01,1,6,5
4397,aran_va_bidgol,isfahan,2025-12-02,0,6,6
4397,aran_va_bidgol,isfahan,2025-12-03,2,11,9
4397,aran_va_bidgol,isfahan,2025-12-04,4,33,29
4397,aran_va_bidgol,isfahan,2025-12-05,4,13,9
4397,aran_va_bidgol,isfahan,2025-12-06,0,8,8
4397,aran_va_bidgol,isfahan,2025-12-07,0,7,7
4397,aran_va_bidgol,isfahan,2025-12-08,0,7,7
4397,aran_va_bidgol,isfahan,2025-12-09,0,7,7
4397,aran_va_bidgol,isfahan,2025-12-10,5,23,18
4397,aran_va_bidgol,isfahan,2025-12-11,0,38,38
4397,aran_va_bidgol,isfahan,2025-12-12,0,10,10
4397,aran_va_bidgol,isfahan,2025-12-13,0,8,8
4397,aran_va_bidgol,isfahan,2025-12-14,0,7,7
4397,aran_va_bidgol,isfahan,2025-12-15,0,10,10
4397,aran_va_bidgol,isfahan,2025-12-16,0,10,10
4397,aran_va_bidgol,isfahan,2025-12-17,0,18,18
4397,aran_va_bidgol,isfahan,2025-12-18,2,43,41
4397,aran_va_bidgol,isfahan,2025-12-19,0,12,12
4397,aran_va_bidgol,isfahan,2025-12-20,0,9,9
4397,aran_va_bidgol,isfahan,2025-12-21,0,6,6
1986,ardestan,isfahan,2025-11-22,4,6,2
1986,ardestan,isfahan,2025-11-23,15,20,5
1986,ardestan,isfahan,2025-11-24,8,13,5
1986,ardestan,isfahan,2025-11-25,5,10,5
1986,ardestan,isfahan,2025-11-26,4,13,9
1986,ardestan,isfahan,2025-11-27,3,14,11
1986,ardestan,isfahan,2025-11-28,0,4,4
1986,ardestan,isfahan,2025-11-29,0,5,5
1986,ardestan,isfahan,2025-11-30,0,5,5
1986,ardestan,isfahan,2025-12-01,0,6,6
1986,ardestan,isfahan,2025-12-02,1,8,7
1986,ardestan,isfahan,2025-12-03,0,8,8
1986,ardestan,isfahan,2025-12-04,0,13,13
1986,ardestan,isfahan,2025-12-05,0,6,6
1986,ardestan,isfahan,2025-12-06,0,9,9
1986,ardestan,isfahan,2025-12-07,0,8,8
1986,ardestan,isfahan,2025-12-08,0,8,8
1986,ardestan,isfahan,2025-12-09,0,8,8
1986,ardestan,isfahan,2025-12-10,0,12,12
1986,ardestan,isfahan,2025-12-11,0,17,17
1986,ardestan,isfahan,2025-12-12,0,7,7
1986,ardestan,isfahan,2025-12-13,0,8,8
1986,ardestan,isfahan,2025-12-14,0,8,8
1986,ardestan,isfahan,2025-12-15,0,10,10
1986,ardestan,isfahan,2025-12-16,0,11,11
1986,ardestan,isfahan,2025-12-17,1,16,15
1986,ardestan,isfahan,2025-12-18,0,17,17
1986,ardestan,isfahan,2025-12-19,0,9,9
1986,ardestan,isfahan,2025-12-20,0,9,9
1986,ardestan,isfahan,2025-12-21,0,6,6
1173,arjomand,tehran,2025-11-22,0,0,0
1173,arjomand,tehran,2025-11-23,0,0,0
1173,arjomand,tehran,2025-11-24,7,8,1
1173,arjomand,tehran,2025-11-25,2,3,1
1173,arjomand,tehran,2025-11-26,0,1,1
1173,arjomand,tehran,2025-11-27,3,7,4
1173,arjomand,tehran,2025-11-28,0,0,0
1173,arjomand,tehran,2025-11-29,0,0,0
1173,arjomand,tehran,2025-11-30,0,1,1
1173,arjomand,tehran,2025-12-01,0,1,1
1173,arjomand,tehran,2025-12-02,0,1,1
1173,arjomand,tehran,2025-12-03,0,2,2
1173,arjomand,tehran,2025-12-04,0,7,7
1173,arjomand,tehran,2025-12-05,0,1,1
1173,arjomand,tehran,2025-12-06,0,1,1
1173,arjomand,tehran,2025-12-07,0,1,1
1173,arjomand,tehran,2025-12-08,0,1,1
1173,arjomand,tehran,2025-12-09,0,1,1
1173,arjomand,tehran,2025-12-10,0,2,2
1173,arjomand,tehran,2025-12-11,0,10,10
1173,arjomand,tehran,2025-12-12,0,1,1
1173,arjomand,tehran,2025-12-13,0,1,1
1173,arjomand,tehran,2025-12-14,0,1,1
1173,arjomand,tehran,2025-12-15,0,2,2
1173,arjomand,tehran,2025-12-16,0,2,2
1173,arjomand,tehran,2025-12-17,0,3,3
1173,arjomand,tehran,2025-12-18,0,7,7
1173,arjomand,tehran,2025-12-19,0,2,2
1173,arjomand,tehran,2025-12-20,0,2,2
1173,arjomand,tehran,2025-12-21,0,1,1
5927,asalem,gilan,2025-11-22,914,1005,91
5927,asalem,gilan,2025-11-23,763,964,201
5927,asalem,gilan,2025-11-24,481,680,199
5927,asalem,gilan,2025-11-25,438,721,283
5927,asalem,gilan,2025-11-26,478,979,501
5927,asalem,gilan,2025-11-27,547,1278,731
5927,asalem,gilan,2025-11-28,188,455,267
5927,asalem,gilan,2025-11-29,147,356,209
5927,asalem,gilan,2025-11-30,124,340,216
5927,asalem,gilan,2025-12-01,97,280,183
5927,asalem,gilan,2025-12-02,115,368,253
5927,asalem,gilan,2025-12-03,159,666,507
5927,asalem,gilan,2025-12-04,194,1305,1111
5927,asalem,gilan,2025-12-05,66,323,257
5927,asalem,gilan,2025-12-06,69,349,280
5927,asalem,gilan,2025-12-07,65,332,267
5927,asalem,gilan,2025-12-08,56,278,222
5927,asalem,gilan,2025-12-09,53,312,259
5927,asalem,gilan,2025-12-10,61,476,415
5927,asalem,gilan,2025-12-11,52,687,635
5927,asalem,gilan,2025-12-12,24,316,292
5927,asalem,gilan,2025-12-13,25,291,266
5927,asalem,gilan,2025-12-14,23,259,236
5927,asalem,gilan,2025-12-15,23,289,266
5927,asalem,gilan,2025-12-16,47,442,395
5927,asalem,gilan,2025-12-17,45,487,442
5927,asalem,gilan,2025-12-18,32,554,522
5927,asalem,gilan,2025-12-19,15,308,293
5927,asalem,gilan,2025-12-20,13,227,214
5927,asalem,gilan,2025-12-21,12,171,159
3364,asara,alborz,2025-11-22,7,7,0
3364,asara,alborz,2025-11-23,5,7,2
3364,asara,alborz,2025-11-24,6,8,2
3364,asara,alborz,2025-11-25,5,8,3
3364,asara,alborz,2025-11-26,2,7,5
3364,asara,alborz,2025-11-27,0,10,10
3364,asara,alborz,2025-11-28,0,4,4
3364,asara,alborz,2025-11-29,0,4,4
3364,asara,alborz,2025-11-30,0,4,4
3364,asara,alborz,2025-12-01,0,5,5
3364,asara,alborz,2025-12-02,0,5,5
3364,asara,alborz,2025-12-03,2,11,9
3364,asara,alborz,2025-12-04,1,29,28
3364,asara,alborz,2025-12-05,0,6,6
3364,asara,alborz,2025-12-06,0,6,6
3364,asara,alborz,2025-12-07,1,6,5
3364,asara,alborz,2025-12-08,1,6,5
3364,asara,alborz,2025-12-09,0,5,5
3364,asara,alborz,2025-12-10,0,9,9
3364,asara,alborz,2025-12-11,0,23,23
3364,asara,alborz,2025-12-12,0,6,6
3364,asara,alborz,2025-12-13,0,6,6
3364,asara,alborz,2025-12-14,0,5,5
3364,asara,alborz,2025-12-15,0,6,6
3364,asara,alborz,2025-12-16,0,6,6
3364,asara,alborz,2025-12-17,0,10,10
3364,asara,alborz,2025-12-18,2,33,31
3364,asara,alborz,2025-12-19,0,7,7
3364,asara,alborz,2025-12-20,0,5,5
3364,asara,alborz,2025-12-21,0,4,4
7049,astaneh_ye_ashrafiyeh,gilan,2025-11-22,109,129,20
7049,astaneh_ye_ashrafiyeh,gilan,2025-11-23,104,140,36
7049,astaneh_ye_ashrafiyeh,gilan,2025-11-24,76,120,44
7049,astaneh_ye_ashrafiyeh,gilan,2025-11-25,119,188,69
7049,astaneh_ye_ashrafiyeh,gilan,2025-11-26,147,288,141
7049,astaneh_ye_ashrafiyeh,gilan,2025-11-27,103,253,150
7049,astaneh_ye_ashrafiyeh,gilan,2025-11-28,27,79,52
7049,astaneh_ye_ashrafiyeh,gilan,2025-11-29,25,74,49
7049,astaneh_ye_ashrafiyeh,gilan,2025-11-30,23,75,52
7049,astaneh_ye_ashrafiyeh,gilan,2025-12-01,22,76,54
7049,astaneh_ye_ashrafiyeh,gilan,2025-12-02,23,88,65
7049,astaneh_ye_ashrafiyeh,gilan,2025-12-03,18,124,106
7049,astaneh_ye_ashrafiyeh,gilan,2025-12-04,40,290,250
7049,astaneh_ye_ashrafiyeh,gilan,2025-12-05,3,60,57
7049,astaneh_ye_ashrafiyeh,gilan,2025-12-06,3,61,58
7049,astaneh_ye_ashrafiyeh,gilan,2025-12-07,3,56,53
7049,astaneh_ye_ashrafiyeh,gilan,2025-12-08,10,67,57
7049,astaneh_ye_ashrafiyeh,gilan,2025-12-09,27,98,71
7049,astaneh_ye_ashrafiyeh,gilan,2025-12-10,31,143,112
7049,astaneh_ye_ashrafiyeh,gilan,2025-12-11,25,264,239
7049,astaneh_ye_ashrafiyeh,gilan,2025-12-12,2,62,60
7049,astaneh_ye_ashrafiyeh,gilan,2025-12-13,9,57,48
7049,astaneh_ye_ashrafiyeh,gilan,2025-12-14,9,53,44
7049,astaneh_ye_ashrafiyeh,gilan,2025-12-15,9,63,54
7049,astaneh_ye_ashrafiyeh,gilan,2025-12-16,9,75,66
7049,astaneh_ye_ashrafiyeh,gilan,2025-12-17,9,97,88
7049,astaneh_ye_ashrafiyeh,gilan,2025-12-18,9,151,142
7049,astaneh_ye_ashrafiyeh,gilan,2025-12-19,9,74,65
7049,astaneh_ye_ashrafiyeh,gilan,2025-12-20,9,62,53
7049,astaneh_ye_ashrafiyeh,gilan,2025-12-21,7,46,39
2692,astara,gilan,2025-11-22,445,577,132
2692,astara,gilan,2025-11-23,382,601,219
2692,astara,gilan,2025-11-24,298,575,277
2692,astara,gilan,2025-11-25,226,486,260
2692,astara,gilan,2025-11-26,331,950,619
2692,astara,gilan,2025-11-27,368,1183,815
2692,astara,gilan,2025-11-28,107,379,272
2692,astara,gilan,2025-11-29,131,414,283
2692,astara,gilan,2025-11-30,94,371,277
2692,astara,gilan,2025-12-01,94,339,245
2692,astara,gilan,2025-12-02,154,579,425
2692,astara,gilan,2025-12-03,153,775,622
2692,astara,gilan,2025-12-04,180,1649,1469
2692,astara,gilan,2025-12-05,39,398,359
2692,astara,gilan,2025-12-06,20,276,256
2692,astara,gilan,2025-12-07,14,244,230
2692,astara,gilan,2025-12-08,16,240,224
2692,astara,gilan,2025-12-09,17,263,246
2692,astara,gilan,2025-12-10,34,448,414
2692,astara,gilan,2025-12-11,52,1004,952
2692,astara,gilan,2025-12-12,8,340,332
2692,astara,gilan,2025-12-13,26,313,287
2692,astara,gilan,2025-12-14,32,302,270
2692,astara,gilan,2025-12-15,16,343,327
2692,astara,gilan,2025-12-16,31,375,344
2692,astara,gilan,2025-12-17,66,613,547
2692,astara,gilan,2025-12-18,45,770,725
2692,astara,gilan,2025-12-19,24,410,386
2692,astara,gilan,2025-12-20,30,335,305
2692,astara,gilan,2025-12-21,22,233,211
4933,ataghor,gilan,2025-11-22,10,10,0
4933,ataghor,gilan,2025-11-23,10,12,2
4933,ataghor,gilan,2025-11-24,9,11,2
4933,ataghor,gilan,2025-11-25,8,11,3
4933,ataghor,gilan,2025-11-26,11,19,8
4933,ataghor,gilan,2025-11-27,9,20,11
4933,ataghor,gilan,2025-11-28,8,10,2
4933,ataghor,gilan,2025-11-29,3,5,2
4933,ataghor,gilan,2025-11-30,3,5,2
4933,ataghor,gilan,2025-12-01,4,7,3
4933,ataghor,gilan,2025-12-02,4,7,3
4933,ataghor,gilan,2025-12-03,3,10,7
4933,ataghor,gilan,2025-12-04,2,18,16
4933,ataghor,gilan,2025-12-05,6,11,5
4933,ataghor,gilan,2025-12-06,5,11,6
4933,ataghor,gilan,2025-12-07,5,10,5
4933,ataghor,gilan,2025-12-08,3,8,5
4933,ataghor,gilan,2025-12-09,5,11,6
4933,ataghor,gilan,2025-12-10,6,15,9
4933,ataghor,gilan,2025-12-11,6,21,15
4933,ataghor,gilan,2025-12-12,2,6,4
4933,ataghor,gilan,2025-12-13,1,5,4
4933,ataghor,gilan,2025-12-14,0,3,3
4933,ataghor,gilan,2025-12-15,0,4,4
4933,ataghor,gilan,2025-12-16,0,5,5
4933,ataghor,gilan,2025-12-17,0,8,8
4933,ataghor,gilan,2025-12-18,0,11,11
4933,ataghor,gilan,2025-12-19,0,5,5
4933,ataghor,gilan,2025-12-20,0,4,4
4933,ataghor,gilan,2025-12-21,0,3,3
5414,babol,mazandaran,2025-11-22,913,1043,130
5414,babol,mazandaran,2025-11-23,790,1018,228
5414,babol,mazandaran,2025-11-24,508,784,276
5414,babol,mazandaran,2025-11-25,460,783,323
5414,babol,mazandaran,2025-11-26,678,1395,717
5414,babol,mazandaran,2025-11-27,851,2270,1419
5414,babol,mazandaran,2025-11-28,355,903,548
5414,babol,mazandaran,2025-11-29,168,500,332
5414,babol,mazandaran,2025-11-30,98,432,334
5414,babol,mazandaran,2025-12-01,99,470,371
5414,babol,mazandaran,2025-12-02,78,484,406
5414,babol,mazandaran,2025-12-03,197,935,738
5414,babol,mazandaran,2025-12-04,227,2000,1773
5414,babol,mazandaran,2025-12-05,68,623,555
5414,babol,mazandaran,2025-12-06,60,531,471
5414,babol,mazandaran,2025-12-07,75,540,465
5414,babol,mazandaran,2025-12-08,113,572,459
5414,babol,mazandaran,2025-12-09,131,718,587
5414,babol,mazandaran,2025-12-10,110,842,732
5414,babol,mazandaran,2025-12-11,126,2087,1961
5414,babol,mazandaran,2025-12-12,38,597,559
5414,babol,mazandaran,2025-12-13,41,534,493
5414,babol,mazandaran,2025-12-14,40,424,384
5414,babol,mazandaran,2025-12-15,34,536,502
5414,babol,mazandaran,2025-12-16,53,667,614
5414,babol,mazandaran,2025-12-17,57,895,838
5414,babol,mazandaran,2025-12-18,99,1715,1616
5414,babol,mazandaran,2025-12-19,38,680,642
5414,babol,mazandaran,2025-12-20,28,557,529
5414,babol,mazandaran,2025-12-21,17,385,368
7127,babolsar,mazandaran,2025-11-22,3255,3777,522
7127,babolsar,mazandaran,2025-11-23,2630,3521,891
7127,babolsar,mazandaran,2025-11-24,1803,2783,980
7127,babolsar,mazandaran,2025-11-25,1738,3144,1406
7127,babolsar,mazandaran,2025-11-26,2171,4694,2523
7127,babolsar,mazandaran,2025-11-27,2422,6268,3846
7127,babolsar,mazandaran,2025-11-28,971,2744,1773
7127,babolsar,mazandaran,2025-11-29,607,1904,1297
7127,babolsar,mazandaran,2025-11-30,503,1929,1426
7127,babolsar,mazandaran,2025-12-01,556,2174,1618
7127,babolsar,mazandaran,2025-12-02,569,2283,1714
7127,babolsar,mazandaran,2025-12-03,776,4085,3309
7127,babolsar,mazandaran,2025-12-04,806,6183,5377
7127,babolsar,mazandaran,2025-12-05,382,2815,2433
7127,babolsar,mazandaran,2025-12-06,311,1943,1632
7127,babolsar,mazandaran,2025-12-07,241,1777,1536
7127,babolsar,mazandaran,2025-12-08,228,1836,1608
7127,babolsar,mazandaran,2025-12-09,199,1988,1789
7127,babolsar,mazandaran,2025-12-10,255,3149,2894
7127,babolsar,mazandaran,2025-12-11,309,5690,5381
7127,babolsar,mazandaran,2025-12-12,132,2174,2042
7127,babolsar,mazandaran,2025-12-13,107,1795,1688
7127,babolsar,mazandaran,2025-12-14,160,1581,1421
7127,babolsar,mazandaran,2025-12-15,153,1939,1786
7127,babolsar,mazandaran,2025-12-16,161,2229,2068
7127,babolsar,mazandaran,2025-12-17,273,3324,3051
7127,babolsar,mazandaran,2025-12-18,265,4713,4448
7127,babolsar,mazandaran,2025-12-19,117,2361,2244
7127,babolsar,mazandaran,2025-12-20,109,1954,1845
7127,babolsar,mazandaran,2025-12-21,26,1359,1333
3837,badrood,isfahan,2025-11-22,13,13,0
3837,badrood,isfahan,2025-11-23,13,14,1
3837,badrood,isfahan,2025-11-24,11,13,2
3837,badrood,isfahan,2025-11-25,11,13,2
3837,badrood,isfahan,2025-11-26,11,14,3
3837,badrood,isfahan,2025-11-27,8,15,7
3837,badrood,isfahan,2025-11-28,7,8,1
3837,badrood,isfahan,2025-11-29,7,9,2
3837,badrood,isfahan,2025-11-30,7,9,2
3837,badrood,isfahan,2025-12-01,4,6,2
3837,badrood,isfahan,2025-12-02,4,7,3
3837,badrood,isfahan,2025-12-03,4,7,3
3837,badrood,isfahan,2025-12-04,4,18,14
3837,badrood,isfahan,2025-12-05,4,7,3
3837,badrood,isfahan,2025-12-06,3,5,2
3837,badrood,isfahan,2025-12-07,0,3,3
3837,badrood,isfahan,2025-12-08,0,2,2
3837,badrood,isfahan,2025-12-09,0,2,2
3837,badrood,isfahan,2025-12-10,0,4,4
3837,badrood,isfahan,2025-12-11,0,13,13
3837,badrood,isfahan,2025-12-12,0,3,3
3837,badrood,isfahan,2025-12-13,0,3,3
3837,badrood,isfahan,2025-12-14,0,2,2
3837,badrood,isfahan,2025-12-15,0,3,3
3837,badrood,isfahan,2025-12-16,0,3,3
3837,badrood,isfahan,2025-12-17,0,5,5
3837,badrood,isfahan,2025-12-18,3,16,13
3837,badrood,isfahan,2025-12-19,0,4,4
3837,badrood,isfahan,2025-12-20,0,3,3
3837,badrood,isfahan,2025-12-21,0,2,2
1299,bagh_bahadoran,isfahan,2025-11-22,139,163,24
1299,bagh_bahadoran,isfahan,2025-11-23,287,398,111
1299,bagh_bahadoran,isfahan,2025-11-24,90,155,65
1299,bagh_bahadoran,isfahan,2025-11-25,114,207,93
1299,bagh_bahadoran,isfahan,2025-11-26,152,323,171
1299,bagh_bahadoran,isfahan,2025-11-27,395,1288,893
1299,bagh_bahadoran,isfahan,2025-11-28,63,198,135
1299,bagh_bahadoran,isfahan,2025-11-29,69,198,129
1299,bagh_bahadoran,isfahan,2025-11-30,68,207,139
1299,bagh_bahadoran,isfahan,2025-12-01,61,215,154
1299,bagh_bahadoran,isfahan,2025-12-02,44,177,133
1299,bagh_bahadoran,isfahan,2025-12-03,75,400,325
1299,bagh_bahadoran,isfahan,2025-12-04,97,1005,908
1299,bagh_bahadoran,isfahan,2025-12-05,53,292,239
1299,bagh_bahadoran,isfahan,2025-12-06,45,199,154
1299,bagh_bahadoran,isfahan,2025-12-07,36,177,141
1299,bagh_bahadoran,isfahan,2025-12-08,60,279,219
1299,bagh_bahadoran,isfahan,2025-12-09,60,307,247
1299,bagh_bahadoran,isfahan,2025-12-10,42,324,282
1299,bagh_bahadoran,isfahan,2025-12-11,57,1028,971
1299,bagh_bahadoran,isfahan,2025-12-12,35,285,250
1299,bagh_bahadoran,isfahan,2025-12-13,39,210,171
1299,bagh_bahadoran,isfahan,2025-12-14,32,179,147
1299,bagh_bahadoran,isfahan,2025-12-15,9,190,181
1299,bagh_bahadoran,isfahan,2025-12-16,22,247,225
1299,bagh_bahadoran,isfahan,2025-12-17,34,380,346
1299,bagh_bahadoran,isfahan,2025-12-18,46,1026,980
1299,bagh_bahadoran,isfahan,2025-12-19,18,298,280
1299,bagh_bahadoran,isfahan,2025-12-20,41,247,206
1299,bagh_bahadoran,isfahan,2025-12-21,17,196,179
7285,baghbahadoran,isfahan,2025-11-22,3,3,0
7285,baghbahadoran,isfahan,2025-11-23,10,12,2
7285,baghbahadoran,isfahan,2025-11-24,6,8,2
7285,baghbahadoran,isfahan,2025-11-25,1,2,1
7285,baghbahadoran,isfahan,2025-11-26,3,7,4
7285,baghbahadoran,isfahan,2025-11-27,4,12,8
7285,baghbahadoran,isfahan,2025-11-28,0,2,2
7285,baghbahadoran,isfahan,2025-11-29,0,2,2
7285,baghbahadoran,isfahan,2025-11-30,0,2,2
7285,baghbahadoran,isfahan,2025-12-01,0,2,2
7285,baghbahadoran,isfahan,2025-12-02,0,2,2
7285,baghbahadoran,isfahan,2025-12-03,8,21,13
7285,baghbahadoran,isfahan,2025-12-04,9,49,40
7285,baghbahadoran,isfahan,2025-12-05,0,4,4
7285,baghbahadoran,isfahan,2025-12-06,0,5,5
7285,baghbahadoran,isfahan,2025-12-07,0,4,4
7285,baghbahadoran,isfahan,2025-12-08,0,4,4
7285,baghbahadoran,isfahan,2025-12-09,0,4,4
7285,baghbahadoran,isfahan,2025-12-10,0,7,7
7285,baghbahadoran,isfahan,2025-12-11,0,20,20
7285,baghbahadoran,isfahan,2025-12-12,0,4,4
7285,baghbahadoran,isfahan,2025-12-13,0,4,4
7285,baghbahadoran,isfahan,2025-12-14,0,4,4
7285,baghbahadoran,isfahan,2025-12-15,0,5,5
7285,baghbahadoran,isfahan,2025-12-16,0,5,5
7285,baghbahadoran,isfahan,2025-12-17,0,8,8
7285,baghbahadoran,isfahan,2025-12-18,9,27,18
7285,baghbahadoran,isfahan,2025-12-19,0,5,5
7285,baghbahadoran,isfahan,2025-12-20,0,5,5
7285,baghbahadoran,isfahan,2025-12-21,0,3,3
4729,baghershahr,tehran,2025-11-22,0,0,0
4729,baghershahr,tehran,2025-11-23,0,0,0
4729,baghershahr,tehran,2025-11-24,0,0,0
4729,baghershahr,tehran,2025-11-25,0,0,0
4729,baghershahr,tehran,2025-11-26,0,0,0
4729,baghershahr,tehran,2025-11-27,0,0,0
4729,baghershahr,tehran,2025-11-28,0,0,0
4729,baghershahr,tehran,2025-11-29,0,0,0
4729,baghershahr,tehran,2025-11-30,0,0,0
4729,baghershahr,tehran,2025-12-01,0,0,0
4729,baghershahr,tehran,2025-12-02,0,0,0
4729,baghershahr,tehran,2025-12-03,0,0,0
4729,baghershahr,tehran,2025-12-04,0,0,0
4729,baghershahr,tehran,2025-12-05,0,0,0
4729,baghershahr,tehran,2025-12-06,0,0,0
4729,baghershahr,tehran,2025-12-07,0,0,0
4729,baghershahr,tehran,2025-12-08,0,0,0
4729,baghershahr,tehran,2025-12-09,0,0,0
4729,baghershahr,tehran,2025-12-10,0,0,0
4729,baghershahr,tehran,2025-12-11,0,0,0
4729,baghershahr,tehran,2025-12-12,0,0,0
4729,baghershahr,tehran,2025-12-13,0,0,0
4729,baghershahr,tehran,2025-12-14,0,0,0
4729,baghershahr,tehran,2025-12-15,0,0,0
4729,baghershahr,tehran,2025-12-16,0,0,0
4729,baghershahr,tehran,2025-12-17,0,0,0
4729,baghershahr,tehran,2025-12-18,0,0,0
4729,baghershahr,tehran,2025-12-19,0,0,0
4729,baghershahr,tehran,2025-12-20,0,0,0
4729,baghershahr,tehran,2025-12-21,0,0,0
8270,baghestan,tehran,2025-11-22,2,3,1
8270,baghestan,tehran,2025-11-23,8,13,5
8270,baghestan,tehran,2025-11-24,6,11,5
8270,baghestan,tehran,2025-11-25,1,6,5
8270,baghestan,tehran,2025-11-26,1,9,8
8270,baghestan,tehran,2025-11-27,13,36,23
8270,baghestan,tehran,2025-11-28,5,14,9
8270,baghestan,tehran,2025-11-29,0,8,8
8270,baghestan,tehran,2025-11-30,0,8,8
8270,baghestan,tehran,2025-12-01,0,10,10
8270,baghestan,tehran,2025-12-02,0,11,11
8270,baghestan,tehran,2025-12-03,1,12,11
8270,baghestan,tehran,2025-12-04,1,27,26
8270,baghestan,tehran,2025-12-05,1,17,16
8270,baghestan,tehran,2025-12-06,3,14,11
8270,baghestan,tehran,2025-12-07,3,14,11
8270,baghestan,tehran,2025-12-08,0,13,13
8270,baghestan,tehran,2025-12-09,0,13,13
8270,baghestan,tehran,2025-12-10,3,17,14
8270,baghestan,tehran,2025-12-11,6,50,44
8270,baghestan,tehran,2025-12-12,6,22,16
8270,baghestan,tehran,2025-12-13,1,13,12
8270,baghestan,tehran,2025-12-14,0,11,11
8270,baghestan,tehran,2025-12-15,0,16,16
8270,baghestan,tehran,2025-12-16,0,16,16
8270,baghestan,tehran,2025-12-17,0,18,18
8270,baghestan,tehran,2025-12-18,6,49,43
8270,baghestan,tehran,2025-12-19,1,22,21
8270,baghestan,tehran,2025-12-20,5,18,13
8270,baghestan,tehran,2025-12-21,0,11,11
5850,baharanshahr,isfahan,2025-11-22,0,0,0
5850,baharanshahr,isfahan,2025-11-23,0,0,0
5850,baharanshahr,isfahan,2025-11-24,0,0,0
5850,baharanshahr,isfahan,2025-11-25,0,0,0
5850,baharanshahr,isfahan,2025-11-26,0,0,0
5850,baharanshahr,isfahan,2025-11-27,0,0,0
5850,baharanshahr,isfahan,2025-11-28,0,0,0
5850,baharanshahr,isfahan,2025-11-29,0,0,0
5850,baharanshahr,isfahan,2025-11-30,0,0,0
5850,baharanshahr,isfahan,2025-12-01,0,0,0
5850,baharanshahr,isfahan,2025-12-02,0,0,0
5850,baharanshahr,isfahan,2025-12-03,0,0,0
5850,baharanshahr,isfahan,2025-12-04,0,0,0
5850,baharanshahr,isfahan,2025-12-05,0,0,0
5850,baharanshahr,isfahan,2025-12-06,0,0,0
5850,baharanshahr,isfahan,2025-12-07,0,0,0
5850,baharanshahr,isfahan,2025-12-08,0,0,0
5850,baharanshahr,isfahan,2025-12-09,0,0,0
5850,baharanshahr,isfahan,2025-12-10,0,0,0
5850,baharanshahr,isfahan,2025-12-11,0,0,0
5850,baharanshahr,isfahan,2025-12-12,0,0,0
5850,baharanshahr,isfahan,2025-12-13,0,0,0
5850,baharanshahr,isfahan,2025-12-14,0,0,0
5850,baharanshahr,isfahan,2025-12-15,0,0,0
5850,baharanshahr,isfahan,2025-12-16,0,0,0
5850,baharanshahr,isfahan,2025-12-17,0,0,0
5850,baharanshahr,isfahan,2025-12-18,0,0,0
5850,baharanshahr,isfahan,2025-12-19,0,0,0
5850,baharanshahr,isfahan,2025-12-20,0,0,0
5850,baharanshahr,isfahan,2025-12-21,0,0,0
1859,baharestan,isfahan,2025-11-22,11,13,2
1859,baharestan,isfahan,2025-11-23,11,15,4
1859,baharestan,isfahan,2025-11-24,10,15,5
1859,baharestan,isfahan,2025-11-25,11,17,6
1859,baharestan,isfahan,2025-11-26,7,15,8
1859,baharestan,isfahan,2025-11-27,7,18,11
1859,baharestan,isfahan,2025-11-28,4,9,5
1859,baharestan,isfahan,2025-11-29,4,11,7
1859,baharestan,isfahan,2025-11-30,4,13,9
1859,baharestan,isfahan,2025-12-01,4,13,9
1859,baharestan,isfahan,2025-12-02,4,13,9
1859,baharestan,isfahan,2025-12-03,7,18,11
1859,baharestan,isfahan,2025-12-04,6,23,17
1859,baharestan,isfahan,2025-12-05,4,13,9
1859,baharestan,isfahan,2025-12-06,7,16,9
1859,baharestan,isfahan,2025-12-07,7,16,9
1859,baharestan,isfahan,2025-12-08,4,14,10
1859,baharestan,isfahan,2025-12-09,4,14,10
1859,baharestan,isfahan,2025-12-10,5,15,10
1859,baharestan,isfahan,2025-12-11,7,23,16
1859,baharestan,isfahan,2025-12-12,4,13,9
1859,baharestan,isfahan,2025-12-13,4,14,10
1859,baharestan,isfahan,2025-12-14,4,13,9
1859,baharestan,isfahan,2025-12-15,6,16,10
1859,baharestan,isfahan,2025-12-16,5,15,10
1859,baharestan,isfahan,2025-12-17,5,17,12
1859,baharestan,isfahan,2025-12-18,4,20,16
1859,baharestan,isfahan,2025-12-19,4,14,10
1859,baharestan,isfahan,2025-12-20,4,15,11
1859,baharestan,isfahan,2025-12-21,2,9,7
3935,bakharz,khorasan_razavi,2025-11-22,0,0,0
3935,bakharz,khorasan_razavi,2025-11-23,0,0,0
3935,bakharz,khorasan_razavi,2025-11-24,0,0,0
3935,bakharz,khorasan_razavi,2025-11-25,0,0,0
3935,bakharz,khorasan_razavi,2025-11-26,0,0,0
3935,bakharz,khorasan_razavi,2025-11-27,0,0,0
3935,bakharz,khorasan_razavi,2025-11-28,0,0,0
3935,bakharz,khorasan_razavi,2025-11-29,0,0,0
3935,bakharz,khorasan_razavi,2025-11-30,0,0,0
3935,bakharz,khorasan_razavi,2025-12-01,0,0,0
3935,bakharz,khorasan_razavi,2025-12-02,0,0,0
3935,bakharz,khorasan_razavi,2025-12-03,0,0,0
3935,bakharz,khorasan_razavi,2025-12-04,0,0,0
3935,bakharz,khorasan_razavi,2025-12-05,0,0,0
3935,bakharz,khorasan_razavi,2025-12-06,0,0,0
3935,bakharz,khorasan_razavi,2025-12-07,0,0,0
3935,bakharz,khorasan_razavi,2025-12-08,0,0,0
3935,bakharz,khorasan_razavi,2025-12-09,0,0,0
3935,bakharz,khorasan_razavi,2025-12-10,0,0,0
3935,bakharz,khorasan_razavi,2025-12-11,0,0,0
3935,bakharz,khorasan_razavi,2025-12-12,0,0,0
3935,bakharz,khorasan_razavi,2025-12-13,0,0,0
3935,bakharz,khorasan_razavi,2025-12-14,0,0,0
3935,bakharz,khorasan_razavi,2025-12-15,0,0,0
3935,bakharz,khorasan_razavi,2025-12-16,0,0,0
3935,bakharz,khorasan_razavi,2025-12-17,0,0,0
3935,bakharz,khorasan_razavi,2025-12-18,0,0,0
3935,bakharz,khorasan_razavi,2025-12-19,0,0,0
3935,bakharz,khorasan_razavi,2025-12-20,0,0,0
3935,bakharz,khorasan_razavi,2025-12-21,0,0,0
4247,baladeh,mazandaran,2025-11-22,11,11,0
4247,baladeh,mazandaran,2025-11-23,9,10,1
4247,baladeh,mazandaran,2025-11-24,5,7,2
4247,baladeh,mazandaran,2025-11-25,5,8,3
4247,baladeh,mazandaran,2025-11-26,5,10,5
4247,baladeh,mazandaran,2025-11-27,10,20,10
4247,baladeh,mazandaran,2025-11-28,3,6,3
4247,baladeh,mazandaran,2025-11-29,1,3,2
4247,baladeh,mazandaran,2025-11-30,1,4,3
4247,baladeh,mazandaran,2025-12-01,1,4,3
4247,baladeh,mazandaran,2025-12-02,1,5,4
4247,baladeh,mazandaran,2025-12-03,1,7,6
4247,baladeh,mazandaran,2025-12-04,1,16,15
4247,baladeh,mazandaran,2025-12-05,1,7,6
4247,baladeh,mazandaran,2025-12-06,1,6,5
4247,baladeh,mazandaran,2025-12-07,1,5,4
4247,baladeh,mazandaran,2025-12-08,2,7,5
4247,baladeh,mazandaran,2025-12-09,3,8,5
4247,baladeh,mazandaran,2025-12-10,2,9,7
4247,baladeh,mazandaran,2025-12-11,2,19,17
4247,baladeh,mazandaran,2025-12-12,1,6,5
4247,baladeh,mazandaran,2025-12-13,1,5,4
4247,baladeh,mazandaran,2025-12-14,1,5,4
4247,baladeh,mazandaran,2025-12-15,1,7,6
4247,baladeh,mazandaran,2025-12-16,1,8,7
4247,baladeh,mazandaran,2025-12-17,1,9,8
4247,baladeh,mazandaran,2025-12-18,1,15,14
4247,baladeh,mazandaran,2025-12-19,1,7,6
4247,baladeh,mazandaran,2025-12-20,1,6,5
4247,baladeh,mazandaran,2025-12-21,0,3,3
8715,bandar_abbas,hormozgan,2025-11-22,2418,2776,358
8715,bandar_abbas,hormozgan,2025-11-23,2187,2776,589
8715,bandar_abbas,hormozgan,2025-11-24,1893,2633,740
8715,bandar_abbas,hormozgan,2025-11-25,1798,2747,949
8715,bandar_abbas,hormozgan,2025-11-26,1674,2979,1305
8715,bandar_abbas,hormozgan,2025-11-27,1345,2627,1282
8715,bandar_abbas,hormozgan,2025-11-28,683,1452,769
8715,bandar_abbas,hormozgan,2025-11-29,627,1427,800
8715,bandar_abbas,hormozgan,2025-11-30,596,1597,1001
8715,bandar_abbas,hormozgan,2025-12-01,719,1959,1240
8715,bandar_abbas,hormozgan,2025-12-02,679,2018,1339
8715,bandar_abbas,hormozgan,2025-12-03,634,2159,1525
8715,bandar_abbas,hormozgan,2025-12-04,527,2423,1896
8715,bandar_abbas,hormozgan,2025-12-05,373,1629,1256
8715,bandar_abbas,hormozgan,2025-12-06,349,1707,1358
8715,bandar_abbas,hormozgan,2025-12-07,376,1862,1486
8715,bandar_abbas,hormozgan,2025-12-08,376,1859,1483
8715,bandar_abbas,hormozgan,2025-12-09,432,2226,1794
8715,bandar_abbas,hormozgan,2025-12-10,494,2475,1981
8715,bandar_abbas,hormozgan,2025-12-11,480,3057,2577
8715,bandar_abbas,hormozgan,2025-12-12,323,1909,1586
8715,bandar_abbas,hormozgan,2025-12-13,396,2411,2015
8715,bandar_abbas,hormozgan,2025-12-14,318,2075,1757
8715,bandar_abbas,hormozgan,2025-12-15,363,2662,2299
8715,bandar_abbas,hormozgan,2025-12-16,405,2935,2530
8715,bandar_abbas,hormozgan,2025-12-17,500,3493,2993
8715,bandar_abbas,hormozgan,2025-12-18,419,3013,2594
8715,bandar_abbas,hormozgan,2025-12-19,241,2097,1856
8715,bandar_abbas,hormozgan,2025-12-20,226,2251,2025
8715,bandar_abbas,hormozgan,2025-12-21,137,1569,1432
9814,bandar_anzali,gilan,2025-11-22,9989,11577,1588
9814,bandar_anzali,gilan,2025-11-23,7673,10449,2776
9814,bandar_anzali,gilan,2025-11-24,6188,9684,3496
9814,bandar_anzali,gilan,2025-11-25,6180,10968,4788
9814,bandar_anzali,gilan,2025-11-26,7506,16539,9033
9814,bandar_anzali,gilan,2025-11-27,7315,18724,11409
9814,bandar_anzali,gilan,2025-11-28,2613,7733,5120
9814,bandar_anzali,gilan,2025-11-29,1963,5488,3525
9814,bandar_anzali,gilan,2025-11-30,1760,5732,3972
9814,bandar_anzali,gilan,2025-12-01,1461,5173,3712
9814,bandar_anzali,gilan,2025-12-02,1518,6241,4723
9814,bandar_anzali,gilan,2025-12-03,1998,9967,7969
9814,bandar_anzali,gilan,2025-12-04,2396,16247,13851
9814,bandar_anzali,gilan,2025-12-05,1129,7557,6428
9814,bandar_anzali,gilan,2025-12-06,976,6488,5512
9814,bandar_anzali,gilan,2025-12-07,691,4758,4067
9814,bandar_anzali,gilan,2025-12-08,649,4486,3837
9814,bandar_anzali,gilan,2025-12-09,726,5903,5177
9814,bandar_anzali,gilan,2025-12-10,1008,9668,8660
9814,bandar_anzali,gilan,2025-12-11,971,16128,15157
9814,bandar_anzali,gilan,2025-12-12,413,5322,4909
9814,bandar_anzali,gilan,2025-12-13,435,4797,4362
9814,bandar_anzali,gilan,2025-12-14,401,4347,3946
9814,bandar_anzali,gilan,2025-12-15,515,5706,5191
9814,bandar_anzali,gilan,2025-12-16,573,7185,6612
9814,bandar_anzali,gilan,2025-12-17,1035,11805,10770
9814,bandar_anzali,gilan,2025-12-18,1113,14051,12938
9814,bandar_anzali,gilan,2025-12-19,406,6063,5657
9814,bandar_anzali,gilan,2025-12-20,340,5179,4839
9814,bandar_anzali,gilan,2025-12-21,211,3802,3591
4516,bandar_charak,hormozgan,2025-11-22,13,15,2
4516,bandar_charak,hormozgan,2025-11-23,11,14,3
4516,bandar_charak,hormozgan,2025-11-24,8,12,4
4516,bandar_charak,hormozgan,2025-11-25,3,7,4
4516,bandar_charak,hormozgan,2025-11-26,3,10,7
4516,bandar_charak,hormozgan,2025-11-27,2,8,6
4516,bandar_charak,hormozgan,2025-11-28,6,8,2
4516,bandar_charak,hormozgan,2025-11-29,2,5,3
4516,bandar_charak,hormozgan,2025-11-30,4,9,5
4516,bandar_charak,hormozgan,2025-12-01,8,13,5
4516,bandar_charak,hormozgan,2025-12-02,5,12,7
4516,bandar_charak,hormozgan,2025-12-03,4,13,9
4516,bandar_charak,hormozgan,2025-12-04,2,15,13
4516,bandar_charak,hormozgan,2025-12-05,1,9,8
4516,bandar_charak,hormozgan,2025-12-06,1,10,9
4516,bandar_charak,hormozgan,2025-12-07,1,10,9
4516,bandar_charak,hormozgan,2025-12-08,1,9,8
4516,bandar_charak,hormozgan,2025-12-09,3,13,10
4516,bandar_charak,hormozgan,2025-12-10,3,13,10
4516,bandar_charak,hormozgan,2025-12-11,1,13,12
4516,bandar_charak,hormozgan,2025-12-12,0,7,7
4516,bandar_charak,hormozgan,2025-12-13,0,7,7
4516,bandar_charak,hormozgan,2025-12-14,0,7,7
4516,bandar_charak,hormozgan,2025-12-15,0,11,11
4516,bandar_charak,hormozgan,2025-12-16,0,12,12
4516,bandar_charak,hormozgan,2025-12-17,0,12,12
4516,bandar_charak,hormozgan,2025-12-18,0,11,11
4516,bandar_charak,hormozgan,2025-12-19,0,9,9
4516,bandar_charak,hormozgan,2025-12-20,0,8,8
4516,bandar_charak,hormozgan,2025-12-21,0,5,5
3723,bandar_lengeh,hormozgan,2025-11-22,54,63,9
3723,bandar_lengeh,hormozgan,2025-11-23,42,57,15
3723,bandar_lengeh,hormozgan,2025-11-24,42,64,22
3723,bandar_lengeh,hormozgan,2025-11-25,42,68,26
3723,bandar_lengeh,hormozgan,2025-11-26,40,78,38
3723,bandar_lengeh,hormozgan,2025-11-27,35,75,40
3723,bandar_lengeh,hormozgan,2025-11-28,20,39,19
3723,bandar_lengeh,hormozgan,2025-11-29,14,35,21
3723,bandar_lengeh,hormozgan,2025-11-30,17,44,27
3723,bandar_lengeh,hormozgan,2025-12-01,15,43,28
3723,bandar_lengeh,hormozgan,2025-12-02,16,48,32
3723,bandar_lengeh,hormozgan,2025-12-03,14,51,37
3723,bandar_lengeh,hormozgan,2025-12-04,10,61,51
3723,bandar_lengeh,hormozgan,2025-12-05,6,42,36
3723,bandar_lengeh,hormozgan,2025-12-06,6,47,41
3723,bandar_lengeh,hormozgan,2025-12-07,3,40,37
3723,bandar_lengeh,hormozgan,2025-12-08,6,49,43
3723,bandar_lengeh,hormozgan,2025-12-09,6,50,44
3723,bandar_lengeh,hormozgan,2025-12-10,4,47,43
3723,bandar_lengeh,hormozgan,2025-12-11,3,65,62
3723,bandar_lengeh,hormozgan,2025-12-12,3,34,31
3723,bandar_lengeh,hormozgan,2025-12-13,5,43,38
3723,bandar_lengeh,hormozgan,2025-12-14,6,42,36
3723,bandar_lengeh,hormozgan,2025-12-15,6,61,55
3723,bandar_lengeh,hormozgan,2025-12-16,7,67,60
3723,bandar_lengeh,hormozgan,2025-12-17,6,70,64
3723,bandar_lengeh,hormozgan,2025-12-18,4,67,63
3723,bandar_lengeh,hormozgan,2025-12-19,1,40,39
3723,bandar_lengeh,hormozgan,2025-12-20,3,49,46
3723,bandar_lengeh,hormozgan,2025-12-21,0,25,25
9221,bandarjask,hormozgan,2025-11-22,0,0,0
9221,bandarjask,hormozgan,2025-11-23,0,0,0
9221,bandarjask,hormozgan,2025-11-24,0,0,0
9221,bandarjask,hormozgan,2025-11-25,0,0,0
9221,bandarjask,hormozgan,2025-11-26,0,0,0
9221,bandarjask,hormozgan,2025-11-27,0,0,0
9221,bandarjask,hormozgan,2025-11-28,0,0,0
9221,bandarjask,hormozgan,2025-11-29,0,0,0
9221,bandarjask,hormozgan,2025-11-30,0,0,0
9221,bandarjask,hormozgan,2025-12-01,0,0,0
9221,bandarjask,hormozgan,2025-12-02,0,0,0
9221,bandarjask,hormozgan,2025-12-03,0,0,0
9221,bandarjask,hormozgan,2025-12-04,0,0,0
9221,bandarjask,hormozgan,2025-12-05,0,0,0
9221,bandarjask,hormozgan,2025-12-06,0,0,0
9221,bandarjask,hormozgan,2025-12-07,0,0,0
9221,bandarjask,hormozgan,2025-12-08,0,0,0
9221,bandarjask,hormozgan,2025-12-09,0,0,0
9221,bandarjask,hormozgan,2025-12-10,0,0,0
9221,bandarjask,hormozgan,2025-12-11,0,0,0
9221,bandarjask,hormozgan,2025-12-12,0,0,0
9221,bandarjask,hormozgan,2025-12-13,0,0,0
9221,bandarjask,hormozgan,2025-12-14,0,0,0
9221,bandarjask,hormozgan,2025-12-15,0,0,0
9221,bandarjask,hormozgan,2025-12-16,0,0,0
9221,bandarjask,hormozgan,2025-12-17,0,0,0
9221,bandarjask,hormozgan,2025-12-18,0,0,0
9221,bandarjask,hormozgan,2025-12-19,0,0,0
9221,bandarjask,hormozgan,2025-12-20,0,0,0
9221,bandarjask,hormozgan,2025-12-21,0,0,0
3456,bardeskan,khorasan_razavi,2025-11-22,5,5,0
3456,bardeskan,khorasan_razavi,2025-11-23,3,3,0
3456,bardeskan,khorasan_razavi,2025-11-24,3,3,0
3456,bardeskan,khorasan_razavi,2025-11-25,3,4,1
3456,bardeskan,khorasan_razavi,2025-11-26,3,4,1
3456,bardeskan,khorasan_razavi,2025-11-27,3,4,1
3456,bardeskan,khorasan_razavi,2025-11-28,3,4,1
3456,bardeskan,khorasan_razavi,2025-11-29,3,4,1
3456,bardeskan,khorasan_razavi,2025-11-30,3,4,1
3456,bardeskan,khorasan_razavi,2025-12-01,3,4,1
3456,bardeskan,khorasan_razavi,2025-12-02,3,5,2
3456,bardeskan,khorasan_razavi,2025-12-03,3,5,2
3456,bardeskan,khorasan_razavi,2025-12-04,3,5,2
3456,bardeskan,khorasan_razavi,2025-12-05,3,4,1
3456,bardeskan,khorasan_razavi,2025-12-06,3,5,2
3456,bardeskan,khorasan_razavi,2025-12-07,3,4,1
3456,bardeskan,khorasan_razavi,2025-12-08,3,5,2
3456,bardeskan,khorasan_razavi,2025-12-09,3,5,2
3456,bardeskan,khorasan_razavi,2025-12-10,3,5,2
3456,bardeskan,khorasan_razavi,2025-12-11,3,5,2
3456,bardeskan,khorasan_razavi,2025-12-12,3,4,1
3456,bardeskan,khorasan_razavi,2025-12-13,3,5,2
3456,bardeskan,khorasan_razavi,2025-12-14,3,4,1
3456,bardeskan,khorasan_razavi,2025-12-15,3,4,1
3456,bardeskan,khorasan_razavi,2025-12-16,3,5,2
3456,bardeskan,khorasan_razavi,2025-12-17,3,5,2
3456,bardeskan,khorasan_razavi,2025-12-18,3,5,2
3456,bardeskan,khorasan_razavi,2025-12-19,3,4,1
3456,bardeskan,khorasan_razavi,2025-12-20,3,4,1
3456,bardeskan,khorasan_razavi,2025-12-21,3,4,1
4198,barehsar,gilan,2025-11-22,36,38,2
4198,barehsar,gilan,2025-11-23,26,30,4
4198,barehsar,gilan,2025-11-24,5,9,4
4198,barehsar,gilan,2025-11-25,8,14,6
4198,barehsar,gilan,2025-11-26,2,9,7
4198,barehsar,gilan,2025-11-27,5,19,14
4198,barehsar,gilan,2025-11-28,0,4,4
4198,barehsar,gilan,2025-11-29,0,4,4
4198,barehsar,gilan,2025-11-30,2,6,4
4198,barehsar,gilan,2025-12-01,2,7,5
4198,barehsar,gilan,2025-12-02,3,8,5
4198,barehsar,gilan,2025-12-03,3,16,13
4198,barehsar,gilan,2025-12-04,3,36,33
4198,barehsar,gilan,2025-12-05,0,5,5
4198,barehsar,gilan,2025-12-06,0,7,7
4198,barehsar,gilan,2025-12-07,0,7,7
4198,barehsar,gilan,2025-12-08,0,6,6
4198,barehsar,gilan,2025-12-09,0,6,6
4198,barehsar,gilan,2025-12-10,0,10,10
4198,barehsar,gilan,2025-12-11,3,39,36
4198,barehsar,gilan,2025-12-12,0,6,6
4198,barehsar,gilan,2025-12-13,0,6,6
4198,barehsar,gilan,2025-12-14,0,5,5
4198,barehsar,gilan,2025-12-15,2,9,7
4198,barehsar,gilan,2025-12-16,0,7,7
4198,barehsar,gilan,2025-12-17,0,11,11
4198,barehsar,gilan,2025-12-18,0,21,21
4198,barehsar,gilan,2025-12-19,0,9,9
4198,barehsar,gilan,2025-12-20,0,6,6
4198,barehsar,gilan,2025-12-21,0,4,4
7280,barzok,isfahan,2025-11-22,0,0,0
7280,barzok,isfahan,2025-11-23,4,4,0
7280,barzok,isfahan,2025-11-24,0,0,0
7280,barzok,isfahan,2025-11-25,0,1,1
7280,barzok,isfahan,2025-11-26,0,2,2
7280,barzok,isfahan,2025-11-27,0,5,5
7280,barzok,isfahan,2025-11-28,1,2,1
7280,barzok,isfahan,2025-11-29,0,1,1
7280,barzok,isfahan,2025-11-30,0,1,1
7280,barzok,isfahan,2025-12-01,0,1,1
7280,barzok,isfahan,2025-12-02,0,1,1
7280,barzok,isfahan,2025-12-03,0,3,3
7280,barzok,isfahan,2025-12-04,11,31,20
7280,barzok,isfahan,2025-12-05,0,2,2
7280,barzok,isfahan,2025-12-06,0,2,2
7280,barzok,isfahan,2025-12-07,0,2,2
7280,barzok,isfahan,2025-12-08,0,2,2
7280,barzok,isfahan,2025-12-09,0,2,2
7280,barzok,isfahan,2025-12-10,0,3,3
7280,barzok,isfahan,2025-12-11,1,13,12
7280,barzok,isfahan,2025-12-12,0,2,2
7280,barzok,isfahan,2025-12-13,0,2,2
7280,barzok,isfahan,2025-12-14,0,1,1
7280,barzok,isfahan,2025-12-15,0,2,2
7280,barzok,isfahan,2025-12-16,0,2,2
7280,barzok,isfahan,2025-12-17,0,3,3
7280,barzok,isfahan,2025-12-18,0,10,10
7280,barzok,isfahan,2025-12-19,0,2,2
7280,barzok,isfahan,2025-12-20,0,2,2
7280,barzok,isfahan,2025-12-21,0,1,1
7458,bazarjome,gilan,2025-11-22,0,0,0
7458,bazarjome,gilan,2025-11-23,0,0,0
7458,bazarjome,gilan,2025-11-24,3,3,0
7458,bazarjome,gilan,2025-11-25,0,0,0
7458,bazarjome,gilan,2025-11-26,0,0,0
7458,bazarjome,gilan,2025-11-27,0,0,0
7458,bazarjome,gilan,2025-11-28,0,0,0
7458,bazarjome,gilan,2025-11-29,0,0,0
7458,bazarjome,gilan,2025-11-30,0,0,0
7458,bazarjome,gilan,2025-12-01,0,0,0
7458,bazarjome,gilan,2025-12-02,0,0,0
7458,bazarjome,gilan,2025-12-03,0,0,0
7458,bazarjome,gilan,2025-12-04,0,0,0
7458,bazarjome,gilan,2025-12-05,0,0,0
7458,bazarjome,gilan,2025-12-06,0,0,0
7458,bazarjome,gilan,2025-12-07,0,0,0
7458,bazarjome,gilan,2025-12-08,0,0,0
7458,bazarjome,gilan,2025-12-09,0,0,0
7458,bazarjome,gilan,2025-12-10,0,0,0
7458,bazarjome,gilan,2025-12-11,0,1,1
7458,bazarjome,gilan,2025-12-12,0,0,0
7458,bazarjome,gilan,2025-12-13,0,0,0
7458,bazarjome,gilan,2025-12-14,0,0,0
7458,bazarjome,gilan,2025-12-15,0,0,0
7458,bazarjome,gilan,2025-12-16,0,0,0
7458,bazarjome,gilan,2025-12-17,0,0,0
7458,bazarjome,gilan,2025-12-18,2,3,1
7458,bazarjome,gilan,2025-12-19,0,0,0
7458,bazarjome,gilan,2025-12-20,0,0,0
7458,bazarjome,gilan,2025-12-21,0,0,0
3478,behnamir,mazandaran,2025-11-22,6,7,1
3478,behnamir,mazandaran,2025-11-23,2,4,2
3478,behnamir,mazandaran,2025-11-24,4,7,3
3478,behnamir,mazandaran,2025-11-25,1,4,3
3478,behnamir,mazandaran,2025-11-26,0,6,6
3478,behnamir,mazandaran,2025-11-27,2,11,9
3478,behnamir,mazandaran,2025-11-28,0,3,3
3478,behnamir,mazandaran,2025-11-29,0,3,3
3478,behnamir,mazandaran,2025-11-30,0,4,4
3478,behnamir,mazandaran,2025-12-01,0,3,3
3478,behnamir,mazandaran,2025-12-02,0,3,3
3478,behnamir,mazandaran,2025-12-03,2,11,9
3478,behnamir,mazandaran,2025-12-04,2,20,18
3478,behnamir,mazandaran,2025-12-05,0,4,4
3478,behnamir,mazandaran,2025-12-06,2,6,4
3478,behnamir,mazandaran,2025-12-07,5,9,4
3478,behnamir,mazandaran,2025-12-08,0,3,3
3478,behnamir,mazandaran,2025-12-09,0,4,4
3478,behnamir,mazandaran,2025-12-10,2,8,6
3478,behnamir,mazandaran,2025-12-11,2,15,13
3478,behnamir,mazandaran,2025-12-12,3,8,5
3478,behnamir,mazandaran,2025-12-13,3,8,5
3478,behnamir,mazandaran,2025-12-14,2,5,3
3478,behnamir,mazandaran,2025-12-15,2,6,4
3478,behnamir,mazandaran,2025-12-16,0,4,4
3478,behnamir,mazandaran,2025-12-17,0,9,9
3478,behnamir,mazandaran,2025-12-18,1,13,12
3478,behnamir,mazandaran,2025-12-19,0,5,5
3478,behnamir,mazandaran,2025-12-20,0,4,4
3478,behnamir,mazandaran,2025-12-21,0,3,3
3333,behshahr,mazandaran,2025-11-22,582,665,83
3333,behshahr,mazandaran,2025-11-23,485,624,139
3333,behshahr,mazandaran,2025-11-24,359,545,186
3333,behshahr,mazandaran,2025-11-25,407,622,215
3333,behshahr,mazandaran,2025-11-26,334,718,384
3333,behshahr,mazandaran,2025-11-27,438,1115,677
3333,behshahr,mazandaran,2025-11-28,135,372,237
3333,behshahr,mazandaran,2025-11-29,112,318,206
3333,behshahr,mazandaran,2025-11-30,71,293,222
3333,behshahr,mazandaran,2025-12-01,99,339,240
3333,behshahr,mazandaran,2025-12-02,127,408,281
3333,behshahr,mazandaran,2025-12-03,114,560,446
3333,behshahr,mazandaran,2025-12-04,138,1060,922
3333,behshahr,mazandaran,2025-12-05,44,342,298
3333,behshahr,mazandaran,2025-12-06,54,349,295
3333,behshahr,mazandaran,2025-12-07,47,330,283
3333,behshahr,mazandaran,2025-12-08,61,342,281
3333,behshahr,mazandaran,2025-12-09,40,330,290
3333,behshahr,mazandaran,2025-12-10,86,511,425
3333,behshahr,mazandaran,2025-12-11,105,1150,1045
3333,behshahr,mazandaran,2025-12-12,37,338,301
3333,behshahr,mazandaran,2025-12-13,44,318,274
3333,behshahr,mazandaran,2025-12-14,31,279,248
3333,behshahr,mazandaran,2025-12-15,31,344,313
3333,behshahr,mazandaran,2025-12-16,42,402,360
3333,behshahr,mazandaran,2025-12-17,28,492,464
3333,behshahr,mazandaran,2025-12-18,51,814,763
3333,behshahr,mazandaran,2025-12-19,20,374,354
3333,behshahr,mazandaran,2025-12-20,19,308,289
3333,behshahr,mazandaran,2025-12-21,9,230,221
6379,bejestan,khorasan_razavi,2025-11-22,0,0,0
6379,bejestan,khorasan_razavi,2025-11-23,0,0,0
6379,bejestan,khorasan_razavi,2025-11-24,0,0,0
6379,bejestan,khorasan_razavi,2025-11-25,0,0,0
6379,bejestan,khorasan_razavi,2025-11-26,0,0,0
6379,bejestan,khorasan_razavi,2025-11-27,0,0,0
6379,bejestan,khorasan_razavi,2025-11-28,0,0,0
6379,bejestan,khorasan_razavi,2025-11-29,0,0,0
6379,bejestan,khorasan_razavi,2025-11-30,0,0,0
6379,bejestan,khorasan_razavi,2025-12-01,0,0,0
6379,bejestan,khorasan_razavi,2025-12-02,0,0,0
6379,bejestan,khorasan_razavi,2025-12-03,0,0,0
6379,bejestan,khorasan_razavi,2025-12-04,0,0,0
6379,bejestan,khorasan_razavi,2025-12-05,0,0,0
6379,bejestan,khorasan_razavi,2025-12-06,0,0,0
6379,bejestan,khorasan_razavi,2025-12-07,0,0,0
6379,bejestan,khorasan_razavi,2025-12-08,0,0,0
6379,bejestan,khorasan_razavi,2025-12-09,0,0,0
6379,bejestan,khorasan_razavi,2025-12-10,0,0,0
6379,bejestan,khorasan_razavi,2025-12-11,0,0,0
6379,bejestan,khorasan_razavi,2025-12-12,0,0,0
6379,bejestan,khorasan_razavi,2025-12-13,0,0,0
6379,bejestan,khorasan_razavi,2025-12-14,0,0,0
6379,bejestan,khorasan_razavi,2025-12-15,0,0,0
6379,bejestan,khorasan_razavi,2025-12-16,0,0,0
6379,bejestan,khorasan_razavi,2025-12-17,0,0,0
6379,bejestan,khorasan_razavi,2025-12-18,0,0,0
6379,bejestan,khorasan_razavi,2025-12-19,0,0,0
6379,bejestan,khorasan_razavi,2025-12-20,0,0,0
6379,bejestan,khorasan_razavi,2025-12-21,0,0,0
3752,bika,hormozgan,2025-11-22,0,0,0
3752,bika,hormozgan,2025-11-23,0,0,0
3752,bika,hormozgan,2025-11-24,0,0,0
3752,bika,hormozgan,2025-11-25,0,0,0
3752,bika,hormozgan,2025-11-26,0,0,0
3752,bika,hormozgan,2025-11-27,0,0,0
3752,bika,hormozgan,2025-11-28,0,0,0
3752,bika,hormozgan,2025-11-29,0,0,0
3752,bika,hormozgan,2025-11-30,0,0,0
3752,bika,hormozgan,2025-12-01,0,0,0
3752,bika,hormozgan,2025-12-02,0,0,0
3752,bika,hormozgan,2025-12-03,0,0,0
3752,bika,hormozgan,2025-12-04,0,0,0
3752,bika,hormozgan,2025-12-05,0,0,0
3752,bika,hormozgan,2025-12-06,0,0,0
3752,bika,hormozgan,2025-12-07,0,0,0
3752,bika,hormozgan,2025-12-08,0,0,0
3752,bika,hormozgan,2025-12-09,0,0,0
3752,bika,hormozgan,2025-12-10,0,0,0
3752,bika,hormozgan,2025-12-11,0,0,0
3752,bika,hormozgan,2025-12-12,0,0,0
3752,bika,hormozgan,2025-12-13,0,0,0
3752,bika,hormozgan,2025-12-14,0,0,0
3752,bika,hormozgan,2025-12-15,0,0,0
3752,bika,hormozgan,2025-12-16,0,0,0
3752,bika,hormozgan,2025-12-17,0,0,0
3752,bika,hormozgan,2025-12-18,0,0,0
3752,bika,hormozgan,2025-12-19,0,0,0
3752,bika,hormozgan,2025-12-20,0,0,0
3752,bika,hormozgan,2025-12-21,0,0,0
7599,binalood,khorasan_razavi,2025-11-22,1,1,0
7599,binalood,khorasan_razavi,2025-11-23,1,1,0
7599,binalood,khorasan_razavi,2025-11-24,1,1,0
7599,binalood,khorasan_razavi,2025-11-25,0,0,0
7599,binalood,khorasan_razavi,2025-11-26,0,0,0
7599,binalood,khorasan_razavi,2025-11-27,0,0,0
7599,binalood,khorasan_razavi,2025-11-28,0,0,0
7599,binalood,khorasan_razavi,2025-11-29,0,0,0
7599,binalood,khorasan_razavi,2025-11-30,0,0,0
7599,binalood,khorasan_razavi,2025-12-01,0,0,0
7599,binalood,khorasan_razavi,2025-12-02,0,0,0
7599,binalood,khorasan_razavi,2025-12-03,0,0,0
7599,binalood,khorasan_razavi,2025-12-04,0,0,0
7599,binalood,khorasan_razavi,2025-12-05,0,0,0
7599,binalood,khorasan_razavi,2025-12-06,0,0,0
7599,binalood,khorasan_razavi,2025-12-07,0,0,0
7599,binalood,khorasan_razavi,2025-12-08,0,0,0
7599,binalood,khorasan_razavi,2025-12-09,0,0,0
7599,binalood,khorasan_razavi,2025-12-10,0,0,0
7599,binalood,khorasan_razavi,2025-12-11,0,0,0
7599,binalood,khorasan_razavi,2025-12-12,0,0,0
7599,binalood,khorasan_razavi,2025-12-13,0,0,0
7599,binalood,khorasan_razavi,2025-12-14,0,0,0
7599,binalood,khorasan_razavi,2025-12-15,0,0,0
7599,binalood,khorasan_razavi,2025-12-16,0,0,0
7599,binalood,khorasan_razavi,2025-12-17,0,0,0
7599,binalood,khorasan_razavi,2025-12-18,0,0,0
7599,binalood,khorasan_razavi,2025-12-19,0,0,0
7599,binalood,khorasan_razavi,2025-12-20,0,0,0
7599,binalood,khorasan_razavi,2025-12-21,0,0,0
9647,buin_va_miandasht,isfahan,2025-11-22,0,0,0
9647,buin_va_miandasht,isfahan,2025-11-23,0,0,0
9647,buin_va_miandasht,isfahan,2025-11-24,0,0,0
9647,buin_va_miandasht,isfahan,2025-11-25,0,0,0
9647,buin_va_miandasht,isfahan,2025-11-26,0,0,0
9647,buin_va_miandasht,isfahan,2025-11-27,0,0,0
9647,buin_va_miandasht,isfahan,2025-11-28,0,0,0
9647,buin_va_miandasht,isfahan,2025-11-29,0,0,0
9647,buin_va_miandasht,isfahan,2025-11-30,0,0,0
9647,buin_va_miandasht,isfahan,2025-12-01,0,0,0
9647,buin_va_miandasht,isfahan,2025-12-02,0,0,0
9647,buin_va_miandasht,isfahan,2025-12-03,0,0,0
9647,buin_va_miandasht,isfahan,2025-12-04,0,0,0
9647,buin_va_miandasht,isfahan,2025-12-05,0,0,0
9647,buin_va_miandasht,isfahan,2025-12-06,0,0,0
9647,buin_va_miandasht,isfahan,2025-12-07,0,0,0
9647,buin_va_miandasht,isfahan,2025-12-08,0,0,0
9647,buin_va_miandasht,isfahan,2025-12-09,0,0,0
9647,buin_va_miandasht,isfahan,2025-12-10,0,0,0
9647,buin_va_miandasht,isfahan,2025-12-11,0,0,0
9647,buin_va_miandasht,isfahan,2025-12-12,0,0,0
9647,buin_va_miandasht,isfahan,2025-12-13,0,0,0
9647,buin_va_miandasht,isfahan,2025-12-14,0,0,0
9647,buin_va_miandasht,isfahan,2025-12-15,0,0,0
9647,buin_va_miandasht,isfahan,2025-12-16,0,0,0
9647,buin_va_miandasht,isfahan,2025-12-17,0,0,0
9647,buin_va_miandasht,isfahan,2025-12-18,0,0,0
9647,buin_va_miandasht,isfahan,2025-12-19,0,0,0
9647,buin_va_miandasht,isfahan,2025-12-20,0,0,0
9647,buin_va_miandasht,isfahan,2025-12-21,0,0,0
3217,bumehen,tehran,2025-11-22,49,62,13
3217,bumehen,tehran,2025-11-23,59,87,28
3217,bumehen,tehran,2025-11-24,57,94,37
3217,bumehen,tehran,2025-11-25,38,79,41
3217,bumehen,tehran,2025-11-26,29,89,60
3217,bumehen,tehran,2025-11-27,108,293,185
3217,bumehen,tehran,2025-11-28,16,80,64
3217,bumehen,tehran,2025-11-29,18,67,49
3217,bumehen,tehran,2025-11-30,11,68,57
3217,bumehen,tehran,2025-12-01,16,75,59
3217,bumehen,tehran,2025-12-02,4,58,54
3217,bumehen,tehran,2025-12-03,12,89,77
3217,bumehen,tehran,2025-12-04,38,339,301
3217,bumehen,tehran,2025-12-05,17,122,105
3217,bumehen,tehran,2025-12-06,8,81,73
3217,bumehen,tehran,2025-12-07,5,74,69
3217,bumehen,tehran,2025-12-08,10,77,67
3217,bumehen,tehran,2025-12-09,7,86,79
3217,bumehen,tehran,2025-12-10,8,96,88
3217,bumehen,tehran,2025-12-11,21,363,342
3217,bumehen,tehran,2025-12-12,1,116,115
3217,bumehen,tehran,2025-12-13,1,71,70
3217,bumehen,tehran,2025-12-14,1,68,67
3217,bumehen,tehran,2025-12-15,1,85,84
3217,bumehen,tehran,2025-12-16,4,100,96
3217,bumehen,tehran,2025-12-17,1,108,107
3217,bumehen,tehran,2025-12-18,16,346,330
3217,bumehen,tehran,2025-12-19,4,160,156
3217,bumehen,tehran,2025-12-20,5,91,86
3217,bumehen,tehran,2025-12-21,7,60,53
9879,chaboksar,gilan,2025-11-22,736,815,79
9879,chaboksar,gilan,2025-11-23,582,739,157
9879,chaboksar,gilan,2025-11-24,398,578,180
9879,chaboksar,gilan,2025-11-25,389,633,244
9879,chaboksar,gilan,2025-11-26,494,993,499
9879,chaboksar,gilan,2025-11-27,355,882,527
9879,chaboksar,gilan,2025-11-28,107,307,200
9879,chaboksar,gilan,2025-11-29,134,364,230
9879,chaboksar,gilan,2025-11-30,188,469,281
9879,chaboksar,gilan,2025-12-01,171,454,283
9879,chaboksar,gilan,2025-12-02,158,490,332
9879,chaboksar,gilan,2025-12-03,157,725,568
9879,chaboksar,gilan,2025-12-04,183,1300,1117
9879,chaboksar,gilan,2025-12-05,46,326,280
9879,chaboksar,gilan,2025-12-06,52,367,315
9879,chaboksar,gilan,2025-12-07,77,391,314
9879,chaboksar,gilan,2025-12-08,76,375,299
9879,chaboksar,gilan,2025-12-09,59,413,354
9879,chaboksar,gilan,2025-12-10,61,566,505
9879,chaboksar,gilan,2025-12-11,44,808,764
9879,chaboksar,gilan,2025-12-12,36,411,375
9879,chaboksar,gilan,2025-12-13,44,339,295
9879,chaboksar,gilan,2025-12-14,50,338,288
9879,chaboksar,gilan,2025-12-15,40,380,340
9879,chaboksar,gilan,2025-12-16,40,405,365
9879,chaboksar,gilan,2025-12-17,60,582,522
9879,chaboksar,gilan,2025-12-18,66,923,857
9879,chaboksar,gilan,2025-12-19,51,461,410
9879,chaboksar,gilan,2025-12-20,33,320,287
9879,chaboksar,gilan,2025-12-21,26,252,226
9880,chadegan,isfahan,2025-11-22,50,55,5
9880,chadegan,isfahan,2025-11-23,131,160,29
9880,chadegan,isfahan,2025-11-24,65,86,21
9880,chadegan,isfahan,2025-11-25,30,46,16
9880,chadegan,isfahan,2025-11-26,59,108,49
9880,chadegan,isfahan,2025-11-27,122,323,201
9880,chadegan,isfahan,2025-11-28,14,38,24
9880,chadegan,isfahan,2025-11-29,14,34,20
9880,chadegan,isfahan,2025-11-30,19,49,30
9880,chadegan,isfahan,2025-12-01,8,32,24
9880,chadegan,isfahan,2025-12-02,3,36,33
9880,chadegan,isfahan,2025-12-03,19,84,65
9880,chadegan,isfahan,2025-12-04,28,247,219
9880,chadegan,isfahan,2025-12-05,4,37,33
9880,chadegan,isfahan,2025-12-06,4,49,45
9880,chadegan,isfahan,2025-12-07,2,44,42
9880,chadegan,isfahan,2025-12-08,5,43,38
9880,chadegan,isfahan,2025-12-09,3,47,44
9880,chadegan,isfahan,2025-12-10,0,69,69
9880,chadegan,isfahan,2025-12-11,10,274,264
9880,chadegan,isfahan,2025-12-12,2,51,49
9880,chadegan,isfahan,2025-12-13,2,47,45
9880,chadegan,isfahan,2025-12-14,0,40,40
9880,chadegan,isfahan,2025-12-15,0,51,51
9880,chadegan,isfahan,2025-12-16,0,54,54
9880,chadegan,isfahan,2025-12-17,6,111,105
9880,chadegan,isfahan,2025-12-18,19,284,265
9880,chadegan,isfahan,2025-12-19,5,79,74
9880,chadegan,isfahan,2025-12-20,1,50,49
9880,chadegan,isfahan,2025-12-21,2,35,33
4609,chaharbagh,alborz,2025-11-22,222,269,47
4609,chaharbagh,alborz,2025-11-23,318,445,127
4609,chaharbagh,alborz,2025-11-24,256,410,154
4609,chaharbagh,alborz,2025-11-25,158,320,162
4609,chaharbagh,alborz,2025-11-26,140,377,237
4609,chaharbagh,alborz,2025-11-27,295,881,586
4609,chaharbagh,alborz,2025-11-28,187,497,310
4609,chaharbagh,alborz,2025-11-29,56,238,182
4609,chaharbagh,alborz,2025-11-30,74,278,204
4609,chaharbagh,alborz,2025-12-01,65,292,227
4609,chaharbagh,alborz,2025-12-02,97,366,269
4609,chaharbagh,alborz,2025-12-03,50,357,307
4609,chaharbagh,alborz,2025-12-04,151,1201,1050
4609,chaharbagh,alborz,2025-12-05,49,463,414
4609,chaharbagh,alborz,2025-12-06,24,291,267
4609,chaharbagh,alborz,2025-12-07,35,250,215
4609,chaharbagh,alborz,2025-12-08,37,264,227
4609,chaharbagh,alborz,2025-12-09,30,267,237
4609,chaharbagh,alborz,2025-12-10,54,408,354
4609,chaharbagh,alborz,2025-12-11,102,1027,925
4609,chaharbagh,alborz,2025-12-12,21,415,394
4609,chaharbagh,alborz,2025-12-13,13,309,296
4609,chaharbagh,alborz,2025-12-14,13,259,246
4609,chaharbagh,alborz,2025-12-15,17,297,280
4609,chaharbagh,alborz,2025-12-16,20,312,292
4609,chaharbagh,alborz,2025-12-17,42,373,331
4609,chaharbagh,alborz,2025-12-18,108,1082,974
4609,chaharbagh,alborz,2025-12-19,58,500,442
4609,chaharbagh,alborz,2025-12-20,12,321,309
4609,chaharbagh,alborz,2025-12-21,5,282,277
4797,chahardangeh,tehran,2025-11-22,0,0,0
4797,chahardangeh,tehran,2025-11-23,0,0,0
4797,chahardangeh,tehran,2025-11-24,0,0,0
4797,chahardangeh,tehran,2025-11-25,0,0,0
4797,chahardangeh,tehran,2025-11-26,0,0,0
4797,chahardangeh,tehran,2025-11-27,0,0,0
4797,chahardangeh,tehran,2025-11-28,0,0,0
4797,chahardangeh,tehran,2025-11-29,0,0,0
4797,chahardangeh,tehran,2025-11-30,0,0,0
4797,chahardangeh,tehran,2025-12-01,0,0,0
4797,chahardangeh,tehran,2025-12-02,0,0,0
4797,chahardangeh,tehran,2025-12-03,0,0,0
4797,chahardangeh,tehran,2025-12-04,0,0,0
4797,chahardangeh,tehran,2025-12-05,0,0,0
4797,chahardangeh,tehran,2025-12-06,0,0,0
4797,chahardangeh,tehran,2025-12-07,0,0,0
4797,chahardangeh,tehran,2025-12-08,0,0,0
4797,chahardangeh,tehran,2025-12-09,0,0,0
4797,chahardangeh,tehran,2025-12-10,0,0,0
4797,chahardangeh,tehran,2025-12-11,0,0,0
4797,chahardangeh,tehran,2025-12-12,0,0,0
4797,chahardangeh,tehran,2025-12-13,0,0,0
4797,chahardangeh,tehran,2025-12-14,0,0,0
4797,chahardangeh,tehran,2025-12-15,0,0,0
4797,chahardangeh,tehran,2025-12-16,0,0,0
4797,chahardangeh,tehran,2025-12-17,0,0,0
4797,chahardangeh,tehran,2025-12-18,0,0,0
4797,chahardangeh,tehran,2025-12-19,0,0,0
4797,chahardangeh,tehran,2025-12-20,0,0,0
4797,chahardangeh,tehran,2025-12-21,0,0,0
8139,chalandar,mazandaran,2025-11-22,44,47,3
8139,chalandar,mazandaran,2025-11-23,15,19,4
8139,chalandar,mazandaran,2025-11-24,27,34,7
8139,chalandar,mazandaran,2025-11-25,31,40,9
8139,chalandar,mazandaran,2025-11-26,15,33,18
8139,chalandar,mazandaran,2025-11-27,15,37,22
8139,chalandar,mazandaran,2025-11-28,7,14,7
8139,chalandar,mazandaran,2025-11-29,4,11,7
8139,chalandar,mazandaran,2025-11-30,5,13,8
8139,chalandar,mazandaran,2025-12-01,5,13,8
8139,chalandar,mazandaran,2025-12-02,6,16,10
8139,chalandar,mazandaran,2025-12-03,10,26,16
8139,chalandar,mazandaran,2025-12-04,6,42,36
8139,chalandar,mazandaran,2025-12-05,1,10,9
8139,chalandar,mazandaran,2025-12-06,1,12,11
8139,chalandar,mazandaran,2025-12-07,1,11,10
8139,chalandar,mazandaran,2025-12-08,1,10,9
8139,chalandar,mazandaran,2025-12-09,2,13,11
8139,chalandar,mazandaran,2025-12-10,2,20,18
8139,chalandar,mazandaran,2025-12-11,2,36,34
8139,chalandar,mazandaran,2025-12-12,3,14,11
8139,chalandar,mazandaran,2025-12-13,1,10,9
8139,chalandar,mazandaran,2025-12-14,2,11,9
8139,chalandar,mazandaran,2025-12-15,2,13,11
8139,chalandar,mazandaran,2025-12-16,2,15,13
8139,chalandar,mazandaran,2025-12-17,2,22,20
8139,chalandar,mazandaran,2025-12-18,3,29,26
8139,chalandar,mazandaran,2025-12-19,4,17,13
8139,chalandar,mazandaran,2025-12-20,1,12,11
8139,chalandar,mazandaran,2025-12-21,1,9,8
8728,chali,mazandaran,2025-11-22,0,0,0
8728,chali,mazandaran,2025-11-23,0,0,0
8728,chali,mazandaran,2025-11-24,0,0,0
8728,chali,mazandaran,2025-11-25,0,0,0
8728,chali,mazandaran,2025-11-26,0,0,0
8728,chali,mazandaran,2025-11-27,0,0,0
8728,chali,mazandaran,2025-11-28,0,0,0
8728,chali,mazandaran,2025-11-29,0,0,0
8728,chali,mazandaran,2025-11-30,0,0,0
8728,chali,mazandaran,2025-12-01,0,0,0
8728,chali,mazandaran,2025-12-02,0,0,0
8728,chali,mazandaran,2025-12-03,0,0,0
8728,chali,mazandaran,2025-12-04,0,0,0
8728,chali,mazandaran,2025-12-05,0,0,0
8728,chali,mazandaran,2025-12-06,0,0,0
8728,chali,mazandaran,2025-12-07,0,0,0
8728,chali,mazandaran,2025-12-08,0,0,0
8728,chali,mazandaran,2025-12-09,0,0,0
8728,chali,mazandaran,2025-12-10,0,0,0
8728,chali,mazandaran,2025-12-11,0,0,0
8728,chali,mazandaran,2025-12-12,0,0,0
8728,chali,mazandaran,2025-12-13,0,0,0
8728,chali,mazandaran,2025-12-14,0,0,0
8728,chali,mazandaran,2025-12-15,0,0,0
8728,chali,mazandaran,2025-12-16,0,0,0
8728,chali,mazandaran,2025-12-17,0,0,0
8728,chali,mazandaran,2025-12-18,0,0,0
8728,chali,mazandaran,2025-12-19,0,0,0
8728,chali,mazandaran,2025-12-20,0,0,0
8728,chali,mazandaran,2025-12-21,0,0,0
9770,chalus,mazandaran,2025-11-22,6994,8033,1039
9770,chalus,mazandaran,2025-11-23,6066,8438,2372
9770,chalus,mazandaran,2025-11-24,4539,7097,2558
9770,chalus,mazandaran,2025-11-25,3683,6998,3315
9770,chalus,mazandaran,2025-11-26,4922,11949,7027
9770,chalus,mazandaran,2025-11-27,5493,16814,11321
9770,chalus,mazandaran,2025-11-28,1804,5407,3603
9770,chalus,mazandaran,2025-11-29,1588,4779,3191
9770,chalus,mazandaran,2025-11-30,1425,4891,3466
9770,chalus,mazandaran,2025-12-01,1159,4419,3260
9770,chalus,mazandaran,2025-12-02,1023,4568,3545
9770,chalus,mazandaran,2025-12-03,1386,8119,6733
9770,chalus,mazandaran,2025-12-04,1704,14959,13255
9770,chalus,mazandaran,2025-12-05,757,5676,4919
9770,chalus,mazandaran,2025-12-06,709,4523,3814
9770,chalus,mazandaran,2025-12-07,592,4012,3420
9770,chalus,mazandaran,2025-12-08,617,4253,3636
9770,chalus,mazandaran,2025-12-09,590,4553,3963
9770,chalus,mazandaran,2025-12-10,691,7780,7089
9770,chalus,mazandaran,2025-12-11,884,15844,14960
9770,chalus,mazandaran,2025-12-12,451,5561,5110
9770,chalus,mazandaran,2025-12-13,357,4195,3838
9770,chalus,mazandaran,2025-12-14,323,3706,3383
9770,chalus,mazandaran,2025-12-15,370,4791,4421
9770,chalus,mazandaran,2025-12-16,413,5530,5117
9770,chalus,mazandaran,2025-12-17,578,8946,8368
9770,chalus,mazandaran,2025-12-18,773,13246,12473
9770,chalus,mazandaran,2025-12-19,472,6561,6089
9770,chalus,mazandaran,2025-12-20,387,5315,4928
9770,chalus,mazandaran,2025-12-21,100,2912,2812
8979,chamestan,mazandaran,2025-11-22,443,513,70
8979,chamestan,mazandaran,2025-11-23,327,455,128
8979,chamestan,mazandaran,2025-11-24,183,322,139
8979,chamestan,mazandaran,2025-11-25,138,322,184
8979,chamestan,mazandaran,2025-11-26,290,740,450
8979,chamestan,mazandaran,2025-11-27,414,1270,856
8979,chamestan,mazandaran,2025-11-28,116,379,263
8979,chamestan,mazandaran,2025-11-29,56,251,195
8979,chamestan,mazandaran,2025-11-30,48,266,218
8979,chamestan,mazandaran,2025-12-01,67,291,224
8979,chamestan,mazandaran,2025-12-02,59,316,257
8979,chamestan,mazandaran,2025-12-03,122,602,480
8979,chamestan,mazandaran,2025-12-04,129,1189,1060
8979,chamestan,mazandaran,2025-12-05,46,340,294
8979,chamestan,mazandaran,2025-12-06,43,268,225
8979,chamestan,mazandaran,2025-12-07,46,255,209
8979,chamestan,mazandaran,2025-12-08,36,246,210
8979,chamestan,mazandaran,2025-12-09,26,304,278
8979,chamestan,mazandaran,2025-12-10,16,395,379
8979,chamestan,mazandaran,2025-12-11,20,824,804
8979,chamestan,mazandaran,2025-12-12,11,308,297
8979,chamestan,mazandaran,2025-12-13,19,264,245
8979,chamestan,mazandaran,2025-12-14,13,254,241
8979,chamestan,mazandaran,2025-12-15,23,242,219
8979,chamestan,mazandaran,2025-12-16,46,342,296
8979,chamestan,mazandaran,2025-12-17,60,589,529
8979,chamestan,mazandaran,2025-12-18,51,752,701
8979,chamestan,mazandaran,2025-12-19,38,423,385
8979,chamestan,mazandaran,2025-12-20,14,236,222
8979,chamestan,mazandaran,2025-12-21,0,185,185
1751,chamgordan,isfahan,2025-11-22,0,0,0
1751,chamgordan,isfahan,2025-11-23,0,0,0
1751,chamgordan,isfahan,2025-11-24,0,0,0
1751,chamgordan,isfahan,2025-11-25,0,0,0
1751,chamgordan,isfahan,2025-11-26,0,0,0
1751,chamgordan,isfahan,2025-11-27,0,0,0
1751,chamgordan,isfahan,2025-11-28,0,0,0
1751,chamgordan,isfahan,2025-11-29,0,0,0
1751,chamgordan,isfahan,2025-11-30,0,0,0
1751,chamgordan,isfahan,2025-12-01,0,0,0
1751,chamgordan,isfahan,2025-12-02,0,0,0
1751,chamgordan,isfahan,2025-12-03,0,0,0
1751,chamgordan,isfahan,2025-12-04,0,0,0
1751,chamgordan,isfahan,2025-12-05,0,0,0
1751,chamgordan,isfahan,2025-12-06,0,0,0
1751,chamgordan,isfahan,2025-12-07,0,0,0
1751,chamgordan,isfahan,2025-12-08,0,0,0
1751,chamgordan,isfahan,2025-12-09,0,0,0
1751,chamgordan,isfahan,2025-12-10,0,0,0
1751,chamgordan,isfahan,2025-12-11,0,0,0
1751,chamgordan,isfahan,2025-12-12,0,0,0
1751,chamgordan,isfahan,2025-12-13,0,0,0
1751,chamgordan,isfahan,2025-12-14,0,0,0
1751,chamgordan,isfahan,2025-12-15,0,0,0
1751,chamgordan,isfahan,2025-12-16,0,0,0
1751,chamgordan,isfahan,2025-12-17,0,0,0
1751,chamgordan,isfahan,2025-12-18,0,0,0
1751,chamgordan,isfahan,2025-12-19,0,0,0
1751,chamgordan,isfahan,2025-12-20,0,0,0
1751,chamgordan,isfahan,2025-12-21,0,0,0
7201,chamkhaleh,gilan,2025-11-22,346,395,49
7201,chamkhaleh,gilan,2025-11-23,229,298,69
7201,chamkhaleh,gilan,2025-11-24,244,365,121
7201,chamkhaleh,gilan,2025-11-25,248,425,177
7201,chamkhaleh,gilan,2025-11-26,347,738,391
7201,chamkhaleh,gilan,2025-11-27,322,833,511
7201,chamkhaleh,gilan,2025-11-28,148,360,212
7201,chamkhaleh,gilan,2025-11-29,94,258,164
7201,chamkhaleh,gilan,2025-11-30,43,205,162
7201,chamkhaleh,gilan,2025-12-01,49,225,176
7201,chamkhaleh,gilan,2025-12-02,49,263,214
7201,chamkhaleh,gilan,2025-12-03,69,491,422
7201,chamkhaleh,gilan,2025-12-04,92,770,678
7201,chamkhaleh,gilan,2025-12-05,51,314,263
7201,chamkhaleh,gilan,2025-12-06,32,256,224
7201,chamkhaleh,gilan,2025-12-07,40,259,219
7201,chamkhaleh,gilan,2025-12-08,44,256,212
7201,chamkhaleh,gilan,2025-12-09,47,251,204
7201,chamkhaleh,gilan,2025-12-10,41,347,306
7201,chamkhaleh,gilan,2025-12-11,38,693,655
7201,chamkhaleh,gilan,2025-12-12,36,330,294
7201,chamkhaleh,gilan,2025-12-13,28,249,221
7201,chamkhaleh,gilan,2025-12-14,24,218,194
7201,chamkhaleh,gilan,2025-12-15,21,264,243
7201,chamkhaleh,gilan,2025-12-16,22,290,268
7201,chamkhaleh,gilan,2025-12-17,22,412,390
7201,chamkhaleh,gilan,2025-12-18,51,660,609
7201,chamkhaleh,gilan,2025-12-19,24,314,290
7201,chamkhaleh,gilan,2025-12-20,31,231,200
7201,chamkhaleh,gilan,2025-12-21,3,149,146
5933,charak,hormozgan,2025-11-22,2,4,2
5933,charak,hormozgan,2025-11-23,7,12,5
5933,charak,hormozgan,2025-11-24,7,14,7
5933,charak,hormozgan,2025-11-25,2,7,5
5933,charak,hormozgan,2025-11-26,6,17,11
5933,charak,hormozgan,2025-11-27,2,10,8
5933,charak,hormozgan,2025-11-28,4,8,4
5933,charak,hormozgan,2025-11-29,1,5,4
5933,charak,hormozgan,2025-11-30,1,7,6
5933,charak,hormozgan,2025-12-01,2,8,6
5933,charak,hormozgan,2025-12-02,2,11,9
5933,charak,hormozgan,2025-12-03,3,13,10
5933,charak,hormozgan,2025-12-04,2,17,15
5933,charak,hormozgan,2025-12-05,2,13,11
5933,charak,hormozgan,2025-12-06,2,12,10
5933,charak,hormozgan,2025-12-07,1,9,8
5933,charak,hormozgan,2025-12-08,2,11,9
5933,charak,hormozgan,2025-12-09,2,12,10
5933,charak,hormozgan,2025-12-10,1,10,9
5933,charak,hormozgan,2025-12-11,1,13,12
5933,charak,hormozgan,2025-12-12,2,10,8
5933,charak,hormozgan,2025-12-13,1,9,8
5933,charak,hormozgan,2025-12-14,1,8,7
5933,charak,hormozgan,2025-12-15,1,14,13
5933,charak,hormozgan,2025-12-16,1,14,13
5933,charak,hormozgan,2025-12-17,1,14,13
5933,charak,hormozgan,2025-12-18,1,13,12
5933,charak,hormozgan,2025-12-19,1,9,8
5933,charak,hormozgan,2025-12-20,0,8,8
5933,charak,hormozgan,2025-12-21,0,5,5
6430,chenaran,khorasan_razavi,2025-11-22,2,2,0
6430,chenaran,khorasan_razavi,2025-11-23,2,3,1
6430,chenaran,khorasan_razavi,2025-11-24,1,3,2
6430,chenaran,khorasan_razavi,2025-11-25,1,3,2
6430,chenaran,khorasan_razavi,2025-11-26,0,3,3
6430,chenaran,khorasan_razavi,2025-11-27,5,13,8
6430,chenaran,khorasan_razavi,2025-11-28,0,3,3
6430,chenaran,khorasan_razavi,2025-11-29,1,4,3
6430,chenaran,khorasan_razavi,2025-11-30,0,3,3
6430,chenaran,khorasan_razavi,2025-12-01,2,5,3
6430,chenaran,khorasan_razavi,2025-12-02,0,3,3
6430,chenaran,khorasan_razavi,2025-12-03,2,6,4
6430,chenaran,khorasan_razavi,2025-12-04,1,16,15
6430,chenaran,khorasan_razavi,2025-12-05,0,4,4
6430,chenaran,khorasan_razavi,2025-12-06,0,5,5
6430,chenaran,khorasan_razavi,2025-12-07,0,5,5
6430,chenaran,khorasan_razavi,2025-12-08,0,5,5
6430,chenaran,khorasan_razavi,2025-12-09,0,5,5
6430,chenaran,khorasan_razavi,2025-12-10,0,5,5
6430,chenaran,khorasan_razavi,2025-12-11,0,14,14
6430,chenaran,khorasan_razavi,2025-12-12,0,4,4
6430,chenaran,khorasan_razavi,2025-12-13,0,4,4
6430,chenaran,khorasan_razavi,2025-12-14,0,4,4
6430,chenaran,khorasan_razavi,2025-12-15,0,5,5
6430,chenaran,khorasan_razavi,2025-12-16,0,6,6
6430,chenaran,khorasan_razavi,2025-12-17,0,6,6
6430,chenaran,khorasan_razavi,2025-12-18,0,12,12
6430,chenaran,khorasan_razavi,2025-12-19,0,5,5
6430,chenaran,khorasan_razavi,2025-12-20,0,4,4
6430,chenaran,khorasan_razavi,2025-12-21,0,3,3
2854,choobar,gilan,2025-11-22,15,17,2
2854,choobar,gilan,2025-11-23,11,14,3
2854,choobar,gilan,2025-11-24,5,8,3
2854,choobar,gilan,2025-11-25,8,14,6
2854,choobar,gilan,2025-11-26,10,19,9
2854,choobar,gilan,2025-11-27,7,17,10
2854,choobar,gilan,2025-11-28,3,6,3
2854,choobar,gilan,2025-11-29,4,7,3
2854,choobar,gilan,2025-11-30,5,9,4
2854,choobar,gilan,2025-12-01,3,7,4
2854,choobar,gilan,2025-12-02,0,3,3
2854,choobar,gilan,2025-12-03,0,6,6
2854,choobar,gilan,2025-12-04,0,14,14
2854,choobar,gilan,2025-12-05,0,4,4
2854,choobar,gilan,2025-12-06,0,5,5
2854,choobar,gilan,2025-12-07,0,4,4
2854,choobar,gilan,2025-12-08,0,3,3
2854,choobar,gilan,2025-12-09,0,4,4
2854,choobar,gilan,2025-12-10,0,6,6
2854,choobar,gilan,2025-12-11,2,17,15
2854,choobar,gilan,2025-12-12,2,6,4
2854,choobar,gilan,2025-12-13,2,6,4
2854,choobar,gilan,2025-12-14,0,3,3
2854,choobar,gilan,2025-12-15,0,4,4
2854,choobar,gilan,2025-12-16,0,5,5
2854,choobar,gilan,2025-12-17,0,6,6
2854,choobar,gilan,2025-12-18,0,11,11
2854,choobar,gilan,2025-12-19,0,5,5
2854,choobar,gilan,2025-12-20,0,4,4
2854,choobar,gilan,2025-12-21,0,2,2
5986,damavand,tehran,2025-11-22,488,557,69
5986,damavand,tehran,2025-11-23,885,1215,330
5986,damavand,tehran,2025-11-24,517,793,276
5986,damavand,tehran,2025-11-25,333,592,259
5986,damavand,tehran,2025-11-26,367,826,459
5986,damavand,tehran,2025-11-27,970,2887,1917
5986,damavand,tehran,2025-11-28,267,938,671
5986,damavand,tehran,2025-11-29,270,739,469
5986,damavand,tehran,2025-11-30,192,624,432
5986,damavand,tehran,2025-12-01,186,714,528
5986,damavand,tehran,2025-12-02,183,777,594
5986,damavand,tehran,2025-12-03,266,1200,934
5986,damavand,tehran,2025-12-04,611,5320,4709
5986,damavand,tehran,2025-12-05,154,1020,866
5986,damavand,tehran,2025-12-06,143,850,707
5986,damavand,tehran,2025-12-07,100,717,617
5986,damavand,tehran,2025-12-08,113,741,628
5986,damavand,tehran,2025-12-09,115,859,744
5986,damavand,tehran,2025-12-10,130,1146,1016
5986,damavand,tehran,2025-12-11,266,4420,4154
5986,damavand,tehran,2025-12-12,104,1208,1104
5986,damavand,tehran,2025-12-13,83,839,756
5986,damavand,tehran,2025-12-14,65,756,691
5986,damavand,tehran,2025-12-15,68,919,851
5986,damavand,tehran,2025-12-16,67,995,928
5986,damavand,tehran,2025-12-17,100,1491,1391
5986,damavand,tehran,2025-12-18,317,4448,4131
5986,damavand,tehran,2025-12-19,73,1363,1290
5986,damavand,tehran,2025-12-20,82,991,909
5986,damavand,tehran,2025-12-21,30,642,612
6553,daran,isfahan,2025-11-22,2,2,0
6553,daran,isfahan,2025-11-23,2,2,0
6553,daran,isfahan,2025-11-24,0,0,0
6553,daran,isfahan,2025-11-25,0,1,1
6553,daran,isfahan,2025-11-26,0,1,1
6553,daran,isfahan,2025-11-27,0,2,2
6553,daran,isfahan,2025-11-28,0,1,1
6553,daran,isfahan,2025-11-29,1,2,1
6553,daran,isfahan,2025-11-30,1,2,1
6553,daran,isfahan,2025-12-01,1,3,2
6553,daran,isfahan,2025-12-02,0,1,1
6553,daran,isfahan,2025-12-03,0,2,2
6553,daran,isfahan,2025-12-04,0,6,6
6553,daran,isfahan,2025-12-05,0,2,2
6553,daran,isfahan,2025-12-06,0,2,2
6553,daran,isfahan,2025-12-07,0,2,2
6553,daran,isfahan,2025-12-08,0,2,2
6553,daran,isfahan,2025-12-09,0,2,2
6553,daran,isfahan,2025-12-10,0,2,2
6553,daran,isfahan,2025-12-11,0,6,6
6553,daran,isfahan,2025-12-12,0,2,2
6553,daran,isfahan,2025-12-13,0,1,1
6553,daran,isfahan,2025-12-14,0,1,1
6553,daran,isfahan,2025-12-15,0,2,2
6553,daran,isfahan,2025-12-16,1,3,2
6553,daran,isfahan,2025-12-17,1,4,3
6553,daran,isfahan,2025-12-18,1,6,5
6553,daran,isfahan,2025-12-19,1,3,2
6553,daran,isfahan,2025-12-20,1,3,2
6553,daran,isfahan,2025-12-21,0,1,1
1054,daregaz,khorasan_razavi,2025-11-22,19,20,1
1054,daregaz,khorasan_razavi,2025-11-23,20,24,4
1054,daregaz,khorasan_razavi,2025-11-24,4,6,2
1054,daregaz,khorasan_razavi,2025-11-25,5,8,3
1054,daregaz,khorasan_razavi,2025-11-26,2,7,5
1054,daregaz,khorasan_razavi,2025-11-27,2,8,6
1054,daregaz,khorasan_razavi,2025-11-28,0,3,3
1054,daregaz,khorasan_razavi,2025-11-29,0,3,3
1054,daregaz,khorasan_razavi,2025-11-30,0,3,3
1054,daregaz,khorasan_razavi,2025-12-01,0,4,4
1054,daregaz,khorasan_razavi,2025-12-02,0,4,4
1054,daregaz,khorasan_razavi,2025-12-03,2,11,9
1054,daregaz,khorasan_razavi,2025-12-04,0,12,12
1054,daregaz,khorasan_razavi,2025-12-05,0,4,4
1054,daregaz,khorasan_razavi,2025-12-06,0,5,5
1054,daregaz,khorasan_razavi,2025-12-07,0,4,4
1054,daregaz,khorasan_razavi,2025-12-08,0,4,4
1054,daregaz,khorasan_razavi,2025-12-09,1,6,5
1054,daregaz,khorasan_razavi,2025-12-10,1,8,7
1054,daregaz,khorasan_razavi,2025-12-11,1,19,18
1054,daregaz,khorasan_razavi,2025-12-12,0,5,5
1054,daregaz,khorasan_razavi,2025-12-13,0,4,4
1054,daregaz,khorasan_razavi,2025-12-14,0,4,4
1054,daregaz,khorasan_razavi,2025-12-15,0,5,5
1054,daregaz,khorasan_razavi,2025-12-16,0,6,6
1054,daregaz,khorasan_razavi,2025-12-17,0,7,7
1054,daregaz,khorasan_razavi,2025-12-18,0,13,13
1054,daregaz,khorasan_razavi,2025-12-19,0,7,7
1054,daregaz,khorasan_razavi,2025-12-20,0,4,4
1054,daregaz,khorasan_razavi,2025-12-21,0,3,3
2483,dargahan,hormozgan,2025-11-22,1289,1418,129
2483,dargahan,hormozgan,2025-11-23,1161,1418,257
2483,dargahan,hormozgan,2025-11-24,1262,1647,385
2483,dargahan,hormozgan,2025-11-25,1258,1757,499
2483,dargahan,hormozgan,2025-11-26,1142,1736,594
2483,dargahan,hormozgan,2025-11-27,819,1400,581
2483,dargahan,hormozgan,2025-11-28,319,598,279
2483,dargahan,hormozgan,2025-11-29,387,792,405
2483,dargahan,hormozgan,2025-11-30,385,865,480
2483,dargahan,hormozgan,2025-12-01,399,916,517
2483,dargahan,hormozgan,2025-12-02,388,955,567
2483,dargahan,hormozgan,2025-12-03,376,1092,716
2483,dargahan,hormozgan,2025-12-04,277,1126,849
2483,dargahan,hormozgan,2025-12-05,206,815,609
2483,dargahan,hormozgan,2025-12-06,202,908,706
2483,dargahan,hormozgan,2025-12-07,184,878,694
2483,dargahan,hormozgan,2025-12-08,223,911,688
2483,dargahan,hormozgan,2025-12-09,258,1031,773
2483,dargahan,hormozgan,2025-12-10,222,948,726
2483,dargahan,hormozgan,2025-12-11,130,869,739
2483,dargahan,hormozgan,2025-12-12,103,625,522
2483,dargahan,hormozgan,2025-12-13,138,780,642
2483,dargahan,hormozgan,2025-12-14,195,849,654
2483,dargahan,hormozgan,2025-12-15,215,1041,826
2483,dargahan,hormozgan,2025-12-16,190,1129,939
2483,dargahan,hormozgan,2025-12-17,189,1123,934
2483,dargahan,hormozgan,2025-12-18,135,964,829
2483,dargahan,hormozgan,2025-12-19,76,741,665
2483,dargahan,hormozgan,2025-12-20,69,801,732
2483,dargahan,hormozgan,2025-12-21,51,469,418
7029,darrood,khorasan_razavi,2025-11-22,0,0,0
7029,darrood,khorasan_razavi,2025-11-23,0,0,0
7029,darrood,khorasan_razavi,2025-11-24,0,0,0
7029,darrood,khorasan_razavi,2025-11-25,0,0,0
7029,darrood,khorasan_razavi,2025-11-26,0,0,0
7029,darrood,khorasan_razavi,2025-11-27,0,0,0
7029,darrood,khorasan_razavi,2025-11-28,0,0,0
7029,darrood,khorasan_razavi,2025-11-29,0,0,0
7029,darrood,khorasan_razavi,2025-11-30,0,0,0
7029,darrood,khorasan_razavi,2025-12-01,0,0,0
7029,darrood,khorasan_razavi,2025-12-02,0,0,0
7029,darrood,khorasan_razavi,2025-12-03,0,0,0
7029,darrood,khorasan_razavi,2025-12-04,0,0,0
7029,darrood,khorasan_razavi,2025-12-05,0,0,0
7029,darrood,khorasan_razavi,2025-12-06,0,0,0
7029,darrood,khorasan_razavi,2025-12-07,0,0,0
7029,darrood,khorasan_razavi,2025-12-08,0,0,0
7029,darrood,khorasan_razavi,2025-12-09,0,0,0
7029,darrood,khorasan_razavi,2025-12-10,0,0,0
7029,darrood,khorasan_razavi,2025-12-11,0,0,0
7029,darrood,khorasan_razavi,2025-12-12,0,0,0
7029,darrood,khorasan_razavi,2025-12-13,0,0,0
7029,darrood,khorasan_razavi,2025-12-14,0,0,0
7029,darrood,khorasan_razavi,2025-12-15,0,0,0
7029,darrood,khorasan_razavi,2025-12-16,0,0,0
7029,darrood,khorasan_razavi,2025-12-17,0,0,0
7029,darrood,khorasan_razavi,2025-12-18,0,0,0
7029,darrood,khorasan_razavi,2025-12-19,0,0,0
7029,darrood,khorasan_razavi,2025-12-20,0,0,0
7029,darrood,khorasan_razavi,2025-12-21,0,0,0
8503,dastjerd,isfahan,2025-11-22,0,0,0
8503,dastjerd,isfahan,2025-11-23,0,0,0
8503,dastjerd,isfahan,2025-11-24,0,0,0
8503,dastjerd,isfahan,2025-11-25,0,0,0
8503,dastjerd,isfahan,2025-11-26,0,0,0
8503,dastjerd,isfahan,2025-11-27,0,0,0
8503,dastjerd,isfahan,2025-11-28,0,0,0
8503,dastjerd,isfahan,2025-11-29,0,0,0
8503,dastjerd,isfahan,2025-11-30,0,0,0
8503,dastjerd,isfahan,2025-12-01,0,0,0
8503,dastjerd,isfahan,2025-12-02,0,0,0
8503,dastjerd,isfahan,2025-12-03,0,0,0
8503,dastjerd,isfahan,2025-12-04,0,0,0
8503,dastjerd,isfahan,2025-12-05,0,0,0
8503,dastjerd,isfahan,2025-12-06,0,0,0
8503,dastjerd,isfahan,2025-12-07,0,0,0
8503,dastjerd,isfahan,2025-12-08,0,0,0
8503,dastjerd,isfahan,2025-12-09,0,0,0
8503,dastjerd,isfahan,2025-12-10,0,0,0
8503,dastjerd,isfahan,2025-12-11,0,0,0
8503,dastjerd,isfahan,2025-12-12,0,0,0
8503,dastjerd,isfahan,2025-12-13,0,0,0
8503,dastjerd,isfahan,2025-12-14,0,0,0
8503,dastjerd,isfahan,2025-12-15,0,0,0
8503,dastjerd,isfahan,2025-12-16,0,0,0
8503,dastjerd,isfahan,2025-12-17,0,0,0
8503,dastjerd,isfahan,2025-12-18,0,0,0
8503,dastjerd,isfahan,2025-12-19,0,0,0
8503,dastjerd,isfahan,2025-12-20,0,0,0
8503,dastjerd,isfahan,2025-12-21,0,0,0
2575,davarzan,khorasan_razavi,2025-11-22,0,0,0
2575,davarzan,khorasan_razavi,2025-11-23,0,0,0
2575,davarzan,khorasan_razavi,2025-11-24,0,0,0
2575,davarzan,khorasan_razavi,2025-11-25,0,0,0
2575,davarzan,khorasan_razavi,2025-11-26,0,0,0
2575,davarzan,khorasan_razavi,2025-11-27,0,0,0
2575,davarzan,khorasan_razavi,2025-11-28,0,0,0
2575,davarzan,khorasan_razavi,2025-11-29,0,0,0
2575,davarzan,khorasan_razavi,2025-11-30,0,0,0
2575,davarzan,khorasan_razavi,2025-12-01,0,0,0
2575,davarzan,khorasan_razavi,2025-12-02,0,0,0
2575,davarzan,khorasan_razavi,2025-12-03,0,0,0
2575,davarzan,khorasan_razavi,2025-12-04,0,0,0
2575,davarzan,khorasan_razavi,2025-12-05,0,0,0
2575,davarzan,khorasan_razavi,2025-12-06,0,0,0
2575,davarzan,khorasan_razavi,2025-12-07,0,0,0
2575,davarzan,khorasan_razavi,2025-12-08,0,0,0
2575,davarzan,khorasan_razavi,2025-12-09,0,0,0
2575,davarzan,khorasan_razavi,2025-12-10,0,0,0
2575,davarzan,khorasan_razavi,2025-12-11,0,0,0
2575,davarzan,khorasan_razavi,2025-12-12,0,0,0
2575,davarzan,khorasan_razavi,2025-12-13,0,0,0
2575,davarzan,khorasan_razavi,2025-12-14,0,0,0
2575,davarzan,khorasan_razavi,2025-12-15,0,0,0
2575,davarzan,khorasan_razavi,2025-12-16,0,0,0
2575,davarzan,khorasan_razavi,2025-12-17,0,0,0
2575,davarzan,khorasan_razavi,2025-12-18,0,0,0
2575,davarzan,khorasan_razavi,2025-12-19,0,0,0
2575,davarzan,khorasan_razavi,2025-12-20,0,0,0
2575,davarzan,khorasan_razavi,2025-12-21,0,0,0
1668,dehaqan,isfahan,2025-11-22,0,0,0
1668,dehaqan,isfahan,2025-11-23,0,0,0
1668,dehaqan,isfahan,2025-11-24,0,0,0
1668,dehaqan,isfahan,2025-11-25,0,0,0
1668,dehaqan,isfahan,2025-11-26,0,1,1
1668,dehaqan,isfahan,2025-11-27,0,1,1
1668,dehaqan,isfahan,2025-11-28,0,0,0
1668,dehaqan,isfahan,2025-11-29,0,0,0
1668,dehaqan,isfahan,2025-11-30,0,0,0
1668,dehaqan,isfahan,2025-12-01,0,0,0
1668,dehaqan,isfahan,2025-12-02,0,0,0
1668,dehaqan,isfahan,2025-12-03,0,1,1
1668,dehaqan,isfahan,2025-12-04,0,3,3
1668,dehaqan,isfahan,2025-12-05,0,1,1
1668,dehaqan,isfahan,2025-12-06,0,1,1
1668,dehaqan,isfahan,2025-12-07,0,1,1
1668,dehaqan,isfahan,2025-12-08,0,1,1
1668,dehaqan,isfahan,2025-12-09,0,1,1
1668,dehaqan,isfahan,2025-12-10,0,1,1
1668,dehaqan,isfahan,2025-12-11,0,2,2
1668,dehaqan,isfahan,2025-12-12,0,1,1
1668,dehaqan,isfahan,2025-12-13,0,1,1
1668,dehaqan,isfahan,2025-12-14,0,1,1
1668,dehaqan,isfahan,2025-12-15,0,1,1
1668,dehaqan,isfahan,2025-12-16,0,1,1
1668,dehaqan,isfahan,2025-12-17,0,1,1
1668,dehaqan,isfahan,2025-12-18,0,2,2
1668,dehaqan,isfahan,2025-12-19,0,1,1
1668,dehaqan,isfahan,2025-12-20,0,1,1
1668,dehaqan,isfahan,2025-12-21,0,0,0
9091,deylaman,gilan,2025-11-22,122,137,15
9091,deylaman,gilan,2025-11-23,92,124,32
9091,deylaman,gilan,2025-11-24,56,81,25
9091,deylaman,gilan,2025-11-25,47,77,30
9091,deylaman,gilan,2025-11-26,78,160,82
9091,deylaman,gilan,2025-11-27,92,219,127
9091,deylaman,gilan,2025-11-28,44,97,53
9091,deylaman,gilan,2025-11-29,31,71,40
9091,deylaman,gilan,2025-11-30,24,73,49
9091,deylaman,gilan,2025-12-01,22,69,47
9091,deylaman,gilan,2025-12-02,19,68,49
9091,deylaman,gilan,2025-12-03,31,137,106
9091,deylaman,gilan,2025-12-04,36,293,257
9091,deylaman,gilan,2025-12-05,29,112,83
9091,deylaman,gilan,2025-12-06,18,70,52
9091,deylaman,gilan,2025-12-07,19,71,52
9091,deylaman,gilan,2025-12-08,10,55,45
9091,deylaman,gilan,2025-12-09,11,62,51
9091,deylaman,gilan,2025-12-10,16,94,78
9091,deylaman,gilan,2025-12-11,15,210,195
9091,deylaman,gilan,2025-12-12,5,65,60
9091,deylaman,gilan,2025-12-13,8,58,50
9091,deylaman,gilan,2025-12-14,4,44,40
9091,deylaman,gilan,2025-12-15,8,65,57
9091,deylaman,gilan,2025-12-16,4,57,53
9091,deylaman,gilan,2025-12-17,7,98,91
9091,deylaman,gilan,2025-12-18,12,194,182
9091,deylaman,gilan,2025-12-19,2,66,64
9091,deylaman,gilan,2025-12-20,8,58,50
9091,deylaman,gilan,2025-12-21,5,36,31
6418,dizin,tehran,2025-11-22,42,48,6
6418,dizin,tehran,2025-11-23,49,63,14
6418,dizin,tehran,2025-11-24,33,49,16
6418,dizin,tehran,2025-11-25,22,36,14
6418,dizin,tehran,2025-11-26,25,51,26
6418,dizin,tehran,2025-11-27,34,121,87
6418,dizin,tehran,2025-11-28,13,40,27
6418,dizin,tehran,2025-11-29,2,20,18
6418,dizin,tehran,2025-11-30,3,26,23
6418,dizin,tehran,2025-12-01,5,27,22
6418,dizin,tehran,2025-12-02,3,32,29
6418,dizin,tehran,2025-12-03,5,40,35
6418,dizin,tehran,2025-12-04,8,126,118
6418,dizin,tehran,2025-12-05,0,27,27
6418,dizin,tehran,2025-12-06,5,50,45
6418,dizin,tehran,2025-12-07,6,54,48
6418,dizin,tehran,2025-12-08,7,54,47
6418,dizin,tehran,2025-12-09,7,63,56
6418,dizin,tehran,2025-12-10,7,86,79
6418,dizin,tehran,2025-12-11,13,288,275
6418,dizin,tehran,2025-12-12,2,71,69
6418,dizin,tehran,2025-12-13,0,47,47
6418,dizin,tehran,2025-12-14,1,48,47
6418,dizin,tehran,2025-12-15,2,61,59
6418,dizin,tehran,2025-12-16,5,73,68
6418,dizin,tehran,2025-12-17,4,98,94
6418,dizin,tehran,2025-12-18,7,214,207
6418,dizin,tehran,2025-12-19,0,75,75
6418,dizin,tehran,2025-12-20,3,64,61
6418,dizin,tehran,2025-12-21,0,40,40
3396,dolatabad,khorasan_razavi,2025-11-22,0,0,0
3396,dolatabad,khorasan_razavi,2025-11-23,0,0,0
3396,dolatabad,khorasan_razavi,2025-11-24,0,0,0
3396,dolatabad,khorasan_razavi,2025-11-25,0,0,0
3396,dolatabad,khorasan_razavi,2025-11-26,0,0,0
3396,dolatabad,khorasan_razavi,2025-11-27,0,0,0
3396,dolatabad,khorasan_razavi,2025-11-28,0,0,0
3396,dolatabad,khorasan_razavi,2025-11-29,0,0,0
3396,dolatabad,khorasan_razavi,2025-11-30,0,0,0
3396,dolatabad,khorasan_razavi,2025-12-01,0,0,0
3396,dolatabad,khorasan_razavi,2025-12-02,0,0,0
3396,dolatabad,khorasan_razavi,2025-12-03,0,0,0
3396,dolatabad,khorasan_razavi,2025-12-04,0,0,0
3396,dolatabad,khorasan_razavi,2025-12-05,0,0,0
3396,dolatabad,khorasan_razavi,2025-12-06,0,0,0
3396,dolatabad,khorasan_razavi,2025-12-07,0,0,0
3396,dolatabad,khorasan_razavi,2025-12-08,0,0,0
3396,dolatabad,khorasan_razavi,2025-12-09,0,0,0
3396,dolatabad,khorasan_razavi,2025-12-10,0,0,0
3396,dolatabad,khorasan_razavi,2025-12-11,0,0,0
3396,dolatabad,khorasan_razavi,2025-12-12,0,0,0
3396,dolatabad,khorasan_razavi,2025-12-13,0,0,0
3396,dolatabad,khorasan_razavi,2025-12-14,0,0,0
3396,dolatabad,khorasan_razavi,2025-12-15,0,0,0
3396,dolatabad,khorasan_razavi,2025-12-16,0,0,0
3396,dolatabad,khorasan_razavi,2025-12-17,0,0,0
3396,dolatabad,khorasan_razavi,2025-12-18,0,0,0
3396,dolatabad,khorasan_razavi,2025-12-19,0,0,0
3396,dolatabad,khorasan_razavi,2025-12-20,0,0,0
3396,dolatabad,khorasan_razavi,2025-12-21,0,0,0
7992,dolatabad_isfahan,isfahan,2025-11-22,1,1,0
7992,dolatabad_isfahan,isfahan,2025-11-23,1,1,0
7992,dolatabad_isfahan,isfahan,2025-11-24,1,1,0
7992,dolatabad_isfahan,isfahan,2025-11-25,1,2,1
7992,dolatabad_isfahan,isfahan,2025-11-26,1,2,1
7992,dolatabad_isfahan,isfahan,2025-11-27,1,2,1
7992,dolatabad_isfahan,isfahan,2025-11-28,1,1,0
7992,dolatabad_isfahan,isfahan,2025-11-29,1,2,1
7992,dolatabad_isfahan,isfahan,2025-11-30,1,2,1
7992,dolatabad_isfahan,isfahan,2025-12-01,2,3,1
7992,dolatabad_isfahan,isfahan,2025-12-02,1,2,1
7992,dolatabad_isfahan,isfahan,2025-12-03,1,2,1
7992,dolatabad_isfahan,isfahan,2025-12-04,1,3,2
7992,dolatabad_isfahan,isfahan,2025-12-05,1,2,1
7992,dolatabad_isfahan,isfahan,2025-12-06,1,2,1
7992,dolatabad_isfahan,isfahan,2025-12-07,1,2,1
7992,dolatabad_isfahan,isfahan,2025-12-08,1,2,1
7992,dolatabad_isfahan,isfahan,2025-12-09,1,2,1
7992,dolatabad_isfahan,isfahan,2025-12-10,1,2,1
7992,dolatabad_isfahan,isfahan,2025-12-11,2,4,2
7992,dolatabad_isfahan,isfahan,2025-12-12,1,2,1
7992,dolatabad_isfahan,isfahan,2025-12-13,1,2,1
7992,dolatabad_isfahan,isfahan,2025-12-14,1,2,1
7992,dolatabad_isfahan,isfahan,2025-12-15,1,3,2
7992,dolatabad_isfahan,isfahan,2025-12-16,1,3,2
7992,dolatabad_isfahan,isfahan,2025-12-17,1,3,2
7992,dolatabad_isfahan,isfahan,2025-12-18,1,3,2
7992,dolatabad_isfahan,isfahan,2025-12-19,1,3,2
7992,dolatabad_isfahan,isfahan,2025-12-20,1,3,2
7992,dolatabad_isfahan,isfahan,2025-12-21,0,2,2
5683,dorche,isfahan,2025-11-22,4,4,0
5683,dorche,isfahan,2025-11-23,4,4,0
5683,dorche,isfahan,2025-11-24,4,4,0
5683,dorche,isfahan,2025-11-25,4,4,0
5683,dorche,isfahan,2025-11-26,4,5,1
5683,dorche,isfahan,2025-11-27,4,5,1
5683,dorche,isfahan,2025-11-28,0,0,0
5683,dorche,isfahan,2025-11-29,0,0,0
5683,dorche,isfahan,2025-11-30,0,0,0
5683,dorche,isfahan,2025-12-01,0,1,1
5683,dorche,isfahan,2025-12-02,0,1,1
5683,dorche,isfahan,2025-12-03,0,1,1
5683,dorche,isfahan,2025-12-04,0,2,2
5683,dorche,isfahan,2025-12-05,0,1,1
5683,dorche,isfahan,2025-12-06,0,2,2
5683,dorche,isfahan,2025-12-07,0,2,2
5683,dorche,isfahan,2025-12-08,0,2,2
5683,dorche,isfahan,2025-12-09,0,2,2
5683,dorche,isfahan,2025-12-10,0,2,2
5683,dorche,isfahan,2025-12-11,0,3,3
5683,dorche,isfahan,2025-12-12,0,1,1
5683,dorche,isfahan,2025-12-13,0,1,1
5683,dorche,isfahan,2025-12-14,0,1,1
5683,dorche,isfahan,2025-12-15,0,1,1
5683,dorche,isfahan,2025-12-16,0,2,2
5683,dorche,isfahan,2025-12-17,0,2,2
5683,dorche,isfahan,2025-12-18,0,2,2
5683,dorche,isfahan,2025-12-19,0,1,1
5683,dorche,isfahan,2025-12-20,0,2,2
5683,dorche,isfahan,2025-12-21,0,1,1
2730,eshtehard,alborz,2025-11-22,1,1,0
2730,eshtehard,alborz,2025-11-23,1,1,0
2730,eshtehard,alborz,2025-11-24,2,3,1
2730,eshtehard,alborz,2025-11-25,1,3,2
2730,eshtehard,alborz,2025-11-26,1,3,2
2730,eshtehard,alborz,2025-11-27,2,4,2
2730,eshtehard,alborz,2025-11-28,1,3,2
2730,eshtehard,alborz,2025-11-29,1,3,2
2730,eshtehard,alborz,2025-11-30,1,3,2
2730,eshtehard,alborz,2025-12-01,1,3,2
2730,eshtehard,alborz,2025-12-02,2,5,3
2730,eshtehard,alborz,2025-12-03,1,4,3
2730,eshtehard,alborz,2025-12-04,1,4,3
2730,eshtehard,alborz,2025-12-05,0,0,0
2730,eshtehard,alborz,2025-12-06,0,0,0
2730,eshtehard,alborz,2025-12-07,0,0,0
2730,eshtehard,alborz,2025-12-08,1,4,3
2730,eshtehard,alborz,2025-12-09,0,0,0
2730,eshtehard,alborz,2025-12-10,0,0,0
2730,eshtehard,alborz,2025-12-11,0,0,0
2730,eshtehard,alborz,2025-12-12,0,0,0
2730,eshtehard,alborz,2025-12-13,0,0,0
2730,eshtehard,alborz,2025-12-14,0,0,0
2730,eshtehard,alborz,2025-12-15,0,0,0
2730,eshtehard,alborz,2025-12-16,0,0,0
2730,eshtehard,alborz,2025-12-17,0,0,0
2730,eshtehard,alborz,2025-12-18,0,0,0
2730,eshtehard,alborz,2025-12-19,0,0,0
2730,eshtehard,alborz,2025-12-20,0,0,0
2730,eshtehard,alborz,2025-12-21,0,0,0
6037,eslamshahr,tehran,2025-11-22,75,91,16
6037,eslamshahr,tehran,2025-11-23,59,84,25
6037,eslamshahr,tehran,2025-11-24,49,80,31
6037,eslamshahr,tehran,2025-11-25,51,90,39
6037,eslamshahr,tehran,2025-11-26,48,96,48
6037,eslamshahr,tehran,2025-11-27,45,109,64
6037,eslamshahr,tehran,2025-11-28,22,60,38
6037,eslamshahr,tehran,2025-11-29,24,69,45
6037,eslamshahr,tehran,2025-11-30,24,77,53
6037,eslamshahr,tehran,2025-12-01,20,75,55
6037,eslamshahr,tehran,2025-12-02,14,62,48
6037,eslamshahr,tehran,2025-12-03,8,55,47
6037,eslamshahr,tehran,2025-12-04,15,102,87
6037,eslamshahr,tehran,2025-12-05,6,57,51
6037,eslamshahr,tehran,2025-12-06,10,72,62
6037,eslamshahr,tehran,2025-12-07,8,71,63
6037,eslamshahr,tehran,2025-12-08,10,84,74
6037,eslamshahr,tehran,2025-12-09,8,73,65
6037,eslamshahr,tehran,2025-12-10,11,88,77
6037,eslamshahr,tehran,2025-12-11,9,127,118
6037,eslamshahr,tehran,2025-12-12,9,78,69
6037,eslamshahr,tehran,2025-12-13,8,82,74
6037,eslamshahr,tehran,2025-12-14,8,80,72
6037,eslamshahr,tehran,2025-12-15,8,91,83
6037,eslamshahr,tehran,2025-12-16,8,92,84
6037,eslamshahr,tehran,2025-12-17,11,104,93
6037,eslamshahr,tehran,2025-12-18,13,133,120
6037,eslamshahr,tehran,2025-12-19,7,95,88
6037,eslamshahr,tehran,2025-12-20,9,97,88
6037,eslamshahr,tehran,2025-12-21,4,68,64
3927,falavarjan,isfahan,2025-11-22,2,2,0
3927,falavarjan,isfahan,2025-11-23,1,1,0
3927,falavarjan,isfahan,2025-11-24,0,1,1
3927,falavarjan,isfahan,2025-11-25,0,1,1
3927,falavarjan,isfahan,2025-11-26,0,2,2
3927,falavarjan,isfahan,2025-11-27,2,5,3
3927,falavarjan,isfahan,2025-11-28,1,2,1
3927,falavarjan,isfahan,2025-11-29,1,2,1
3927,falavarjan,isfahan,2025-11-30,0,2,2
3927,falavarjan,isfahan,2025-12-01,0,2,2
3927,falavarjan,isfahan,2025-12-02,0,2,2
3927,falavarjan,isfahan,2025-12-03,0,3,3
3927,falavarjan,isfahan,2025-12-04,2,8,6
3927,falavarjan,isfahan,2025-12-05,2,5,3
3927,falavarjan,isfahan,2025-12-06,0,3,3
3927,falavarjan,isfahan,2025-12-07,0,3,3
3927,falavarjan,isfahan,2025-12-08,0,2,2
3927,falavarjan,isfahan,2025-12-09,0,3,3
3927,falavarjan,isfahan,2025-12-10,0,3,3
3927,falavarjan,isfahan,2025-12-11,0,5,5
3927,falavarjan,isfahan,2025-12-12,0,2,2
3927,falavarjan,isfahan,2025-12-13,3,6,3
3927,falavarjan,isfahan,2025-12-14,3,6,3
3927,falavarjan,isfahan,2025-12-15,5,9,4
3927,falavarjan,isfahan,2025-12-16,3,7,4
3927,falavarjan,isfahan,2025-12-17,3,7,4
3927,falavarjan,isfahan,2025-12-18,3,9,6
3927,falavarjan,isfahan,2025-12-19,0,3,3
3927,falavarjan,isfahan,2025-12-20,0,4,4
3927,falavarjan,isfahan,2025-12-21,0,2,2
7766,fardis,alborz,2025-11-22,138,162,24
7766,fardis,alborz,2025-11-23,104,143,39
7766,fardis,alborz,2025-11-24,90,135,45
7766,fardis,alborz,2025-11-25,110,178,68
7766,fardis,alborz,2025-11-26,96,180,84
7766,fardis,alborz,2025-11-27,118,255,137
7766,fardis,alborz,2025-11-28,57,127,70
7766,fardis,alborz,2025-11-29,58,135,77
7766,fardis,alborz,2025-11-30,46,125,79
7766,fardis,alborz,2025-12-01,45,123,78
7766,fardis,alborz,2025-12-02,45,140,95
7766,fardis,alborz,2025-12-03,32,119,87
7766,fardis,alborz,2025-12-04,63,241,178
7766,fardis,alborz,2025-12-05,24,118,94
7766,fardis,alborz,2025-12-06,17,93,76
7766,fardis,alborz,2025-12-07,13,89,76
7766,fardis,alborz,2025-12-08,12,90,78
7766,fardis,alborz,2025-12-09,9,92,83
7766,fardis,alborz,2025-12-10,15,107,92
7766,fardis,alborz,2025-12-11,18,195,177
7766,fardis,alborz,2025-12-12,7,98,91
7766,fardis,alborz,2025-12-13,2,77,75
7766,fardis,alborz,2025-12-14,2,72,70
7766,fardis,alborz,2025-12-15,5,87,82
7766,fardis,alborz,2025-12-16,10,107,97
7766,fardis,alborz,2025-12-17,8,114,106
7766,fardis,alborz,2025-12-18,56,289,233
7766,fardis,alborz,2025-12-19,48,181,133
7766,fardis,alborz,2025-12-20,4,104,100
7766,fardis,alborz,2025-12-21,7,87,80
3382,farim,mazandaran,2025-11-22,5,5,0
3382,farim,mazandaran,2025-11-23,6,6,0
3382,farim,mazandaran,2025-11-24,1,2,1
3382,farim,mazandaran,2025-11-25,0,1,1
3382,farim,mazandaran,2025-11-26,0,2,2
3382,farim,mazandaran,2025-11-27,0,4,4
3382,farim,mazandaran,2025-11-28,0,1,1
3382,farim,mazandaran,2025-11-29,0,1,1
3382,farim,mazandaran,2025-11-30,0,1,1
3382,farim,mazandaran,2025-12-01,0,1,1
3382,farim,mazandaran,2025-12-02,0,1,1
3382,farim,mazandaran,2025-12-03,1,4,3
3382,farim,mazandaran,2025-12-04,1,11,10
3382,farim,mazandaran,2025-12-05,0,1,1
3382,farim,mazandaran,2025-12-06,0,2,2
3382,farim,mazandaran,2025-12-07,0,1,1
3382,farim,mazandaran,2025-12-08,2,3,1
3382,farim,mazandaran,2025-12-09,0,1,1
3382,farim,mazandaran,2025-12-10,0,2,2
3382,farim,mazandaran,2025-12-11,0,7,7
3382,farim,mazandaran,2025-12-12,0,1,1
3382,farim,mazandaran,2025-12-13,0,1,1
3382,farim,mazandaran,2025-12-14,0,1,1
3382,farim,mazandaran,2025-12-15,0,2,2
3382,farim,mazandaran,2025-12-16,0,2,2
3382,farim,mazandaran,2025-12-17,0,4,4
3382,farim,mazandaran,2025-12-18,0,7,7
3382,farim,mazandaran,2025-12-19,0,2,2
3382,farim,mazandaran,2025-12-20,0,2,2
3382,farim,mazandaran,2025-12-21,0,1,1
7963,fariman,khorasan_razavi,2025-11-22,7,7,0
7963,fariman,khorasan_razavi,2025-11-23,4,4,0
7963,fariman,khorasan_razavi,2025-11-24,4,5,1
7963,fariman,khorasan_razavi,2025-11-25,2,3,1
7963,fariman,khorasan_razavi,2025-11-26,3,5,2
7963,fariman,khorasan_razavi,2025-11-27,3,7,4
7963,fariman,khorasan_razavi,2025-11-28,2,4,2
7963,fariman,khorasan_razavi,2025-11-29,2,5,3
7963,fariman,khorasan_razavi,2025-11-30,2,5,3
7963,fariman,khorasan_razavi,2025-12-01,2,5,3
7963,fariman,khorasan_razavi,2025-12-02,2,5,3
7963,fariman,khorasan_razavi,2025-12-03,2,6,4
7963,fariman,khorasan_razavi,2025-12-04,2,10,8
7963,fariman,khorasan_razavi,2025-12-05,2,6,4
7963,fariman,khorasan_razavi,2025-12-06,2,6,4
7963,fariman,khorasan_razavi,2025-12-07,2,5,3
7963,fariman,khorasan_razavi,2025-12-08,3,7,4
7963,fariman,khorasan_razavi,2025-12-09,2,6,4
7963,fariman,khorasan_razavi,2025-12-10,1,4,3
7963,fariman,khorasan_razavi,2025-12-11,1,4,3
7963,fariman,khorasan_razavi,2025-12-12,1,3,2
7963,fariman,khorasan_razavi,2025-12-13,1,3,2
7963,fariman,khorasan_razavi,2025-12-14,1,3,2
7963,fariman,khorasan_razavi,2025-12-15,1,4,3
7963,fariman,khorasan_razavi,2025-12-16,1,5,4
7963,fariman,khorasan_razavi,2025-12-17,1,5,4
7963,fariman,khorasan_razavi,2025-12-18,1,5,4
7963,fariman,khorasan_razavi,2025-12-19,1,5,4
7963,fariman,khorasan_razavi,2025-12-20,1,5,4
7963,fariman,khorasan_razavi,2025-12-21,1,5,4
4981,fasham,tehran,2025-11-22,156,187,31
4981,fasham,tehran,2025-11-23,225,332,107
4981,fasham,tehran,2025-11-24,148,270,122
4981,fasham,tehran,2025-11-25,108,231,123
4981,fasham,tehran,2025-11-26,158,398,240
4981,fasham,tehran,2025-11-27,257,890,633
4981,fasham,tehran,2025-11-28,60,269,209
4981,fasham,tehran,2025-11-29,62,215,153
4981,fasham,tehran,2025-11-30,36,201,165
4981,fasham,tehran,2025-12-01,39,244,205
4981,fasham,tehran,2025-12-02,42,253,211
4981,fasham,tehran,2025-12-03,51,310,259
4981,fasham,tehran,2025-12-04,98,1184,1086
4981,fasham,tehran,2025-12-05,38,376,338
4981,fasham,tehran,2025-12-06,26,259,233
4981,fasham,tehran,2025-12-07,37,266,229
4981,fasham,tehran,2025-12-08,44,281,237
4981,fasham,tehran,2025-12-09,43,298,255
4981,fasham,tehran,2025-12-10,42,387,345
4981,fasham,tehran,2025-12-11,91,1763,1672
4981,fasham,tehran,2025-12-12,34,412,378
4981,fasham,tehran,2025-12-13,24,273,249
4981,fasham,tehran,2025-12-14,12,230,218
4981,fasham,tehran,2025-12-15,23,321,298
4981,fasham,tehran,2025-12-16,20,302,282
4981,fasham,tehran,2025-12-17,18,446,428
4981,fasham,tehran,2025-12-18,44,1126,1082
4981,fasham,tehran,2025-12-19,18,461,443
4981,fasham,tehran,2025-12-20,12,254,242
4981,fasham,tehran,2025-12-21,9,215,206
6179,ferdosieh,tehran,2025-11-22,1,1,0
6179,ferdosieh,tehran,2025-11-23,0,0,0
6179,ferdosieh,tehran,2025-11-24,0,0,0
6179,ferdosieh,tehran,2025-11-25,1,3,2
6179,ferdosieh,tehran,2025-11-26,1,4,3
6179,ferdosieh,tehran,2025-11-27,1,6,5
6179,ferdosieh,tehran,2025-11-28,1,5,4
6179,ferdosieh,tehran,2025-11-29,0,0,0
6179,ferdosieh,tehran,2025-11-30,0,0,0
6179,ferdosieh,tehran,2025-12-01,0,0,0
6179,ferdosieh,tehran,2025-12-02,0,0,0
6179,ferdosieh,tehran,2025-12-03,0,0,0
6179,ferdosieh,tehran,2025-12-04,0,0,0
6179,ferdosieh,tehran,2025-12-05,0,0,0
6179,ferdosieh,tehran,2025-12-06,0,0,0
6179,ferdosieh,tehran,2025-12-07,0,0,0
6179,ferdosieh,tehran,2025-12-08,0,0,0
6179,ferdosieh,tehran,2025-12-09,0,0,0
6179,ferdosieh,tehran,2025-12-10,0,0,0
6179,ferdosieh,tehran,2025-12-11,0,0,0
6179,ferdosieh,tehran,2025-12-12,3,6,3
6179,ferdosieh,tehran,2025-12-13,0,0,0
6179,ferdosieh,tehran,2025-12-14,1,5,4
6179,ferdosieh,tehran,2025-12-15,0,0,0
6179,ferdosieh,tehran,2025-12-16,0,0,0
6179,ferdosieh,tehran,2025-12-17,0,0,0
6179,ferdosieh,tehran,2025-12-18,0,0,0
6179,ferdosieh,tehran,2025-12-19,0,0,0
6179,ferdosieh,tehran,2025-12-20,0,0,0
6179,ferdosieh,tehran,2025-12-21,0,0,0
8628,fereydoon_shahr,isfahan,2025-11-22,8,8,0
8628,fereydoon_shahr,isfahan,2025-11-23,1,1,0
8628,fereydoon_shahr,isfahan,2025-11-24,0,1,1
8628,fereydoon_shahr,isfahan,2025-11-25,0,1,1
8628,fereydoon_shahr,isfahan,2025-11-26,0,2,2
8628,fereydoon_shahr,isfahan,2025-11-27,3,10,7
8628,fereydoon_shahr,isfahan,2025-11-28,0,1,1
8628,fereydoon_shahr,isfahan,2025-11-29,0,2,2
8628,fereydoon_shahr,isfahan,2025-11-30,0,2,2
8628,fereydoon_shahr,isfahan,2025-12-01,0,2,2
8628,fereydoon_shahr,isfahan,2025-12-02,0,3,3
8628,fereydoon_shahr,isfahan,2025-12-03,1,6,5
8628,fereydoon_shahr,isfahan,2025-12-04,4,29,25
8628,fereydoon_shahr,isfahan,2025-12-05,3,10,7
8628,fereydoon_shahr,isfahan,2025-12-06,3,9,6
8628,fereydoon_shahr,isfahan,2025-12-07,3,8,5
8628,fereydoon_shahr,isfahan,2025-12-08,3,8,5
8628,fereydoon_shahr,isfahan,2025-12-09,3,8,5
8628,fereydoon_shahr,isfahan,2025-12-10,3,13,10
8628,fereydoon_shahr,isfahan,2025-12-11,7,39,32
8628,fereydoon_shahr,isfahan,2025-12-12,5,11,6
8628,fereydoon_shahr,isfahan,2025-12-13,5,11,6
8628,fereydoon_shahr,isfahan,2025-12-14,5,10,5
8628,fereydoon_shahr,isfahan,2025-12-15,5,12,7
8628,fereydoon_shahr,isfahan,2025-12-16,5,13,8
8628,fereydoon_shahr,isfahan,2025-12-17,5,20,15
8628,fereydoon_shahr,isfahan,2025-12-18,5,32,27
8628,fereydoon_shahr,isfahan,2025-12-19,5,12,7
8628,fereydoon_shahr,isfahan,2025-12-20,5,12,7
8628,fereydoon_shahr,isfahan,2025-12-21,2,7,5
7221,fereydunkenar,mazandaran,2025-11-22,674,793,119
7221,fereydunkenar,mazandaran,2025-11-23,475,700,225
7221,fereydunkenar,mazandaran,2025-11-24,337,605,268
7221,fereydunkenar,mazandaran,2025-11-25,370,703,333
7221,fereydunkenar,mazandaran,2025-11-26,391,951,560
7221,fereydunkenar,mazandaran,2025-11-27,398,1272,874
7221,fereydunkenar,mazandaran,2025-11-28,135,529,394
7221,fereydunkenar,mazandaran,2025-11-29,111,469,358
7221,fereydunkenar,mazandaran,2025-11-30,107,497,390
7221,fereydunkenar,mazandaran,2025-12-01,113,479,366
7221,fereydunkenar,mazandaran,2025-12-02,90,479,389
7221,fereydunkenar,mazandaran,2025-12-03,161,877,716
7221,fereydunkenar,mazandaran,2025-12-04,143,1531,1388
7221,fereydunkenar,mazandaran,2025-12-05,84,606,522
7221,fereydunkenar,mazandaran,2025-12-06,74,506,432
7221,fereydunkenar,mazandaran,2025-12-07,82,538,456
7221,fereydunkenar,mazandaran,2025-12-08,88,521,433
7221,fereydunkenar,mazandaran,2025-12-09,84,575,491
7221,fereydunkenar,mazandaran,2025-12-10,98,834,736
7221,fereydunkenar,mazandaran,2025-12-11,110,1540,1430
7221,fereydunkenar,mazandaran,2025-12-12,57,613,556
7221,fereydunkenar,mazandaran,2025-12-13,58,454,396
7221,fereydunkenar,mazandaran,2025-12-14,50,415,365
7221,fereydunkenar,mazandaran,2025-12-15,53,469,416
7221,fereydunkenar,mazandaran,2025-12-16,54,559,505
7221,fereydunkenar,mazandaran,2025-12-17,63,790,727
7221,fereydunkenar,mazandaran,2025-12-18,121,1280,1159
7221,fereydunkenar,mazandaran,2025-12-19,62,620,558
7221,fereydunkenar,mazandaran,2025-12-20,51,484,433
7221,fereydunkenar,mazandaran,2025-12-21,38,346,308
8304,firuzkuh,tehran,2025-11-22,174,199,25
8304,firuzkuh,tehran,2025-11-23,257,356,99
8304,firuzkuh,tehran,2025-11-24,127,198,71
8304,firuzkuh,tehran,2025-11-25,94,178,84
8304,firuzkuh,tehran,2025-11-26,91,254,163
8304,firuzkuh,tehran,2025-11-27,149,607,458
8304,firuzkuh,tehran,2025-11-28,61,233,172
8304,firuzkuh,tehran,2025-11-29,26,103,77
8304,firuzkuh,tehran,2025-11-30,19,109,90
8304,firuzkuh,tehran,2025-12-01,14,124,110
8304,firuzkuh,tehran,2025-12-02,19,141,122
8304,firuzkuh,tehran,2025-12-03,33,243,210
8304,firuzkuh,tehran,2025-12-04,49,680,631
8304,firuzkuh,tehran,2025-12-05,18,268,250
8304,firuzkuh,tehran,2025-12-06,11,131,120
8304,firuzkuh,tehran,2025-12-07,6,141,135
8304,firuzkuh,tehran,2025-12-08,4,130,126
8304,firuzkuh,tehran,2025-12-09,10,155,145
8304,firuzkuh,tehran,2025-12-10,26,305,279
8304,firuzkuh,tehran,2025-12-11,66,1393,1327
8304,firuzkuh,tehran,2025-12-12,10,250,240
8304,firuzkuh,tehran,2025-12-13,10,158,148
8304,firuzkuh,tehran,2025-12-14,11,165,154
8304,firuzkuh,tehran,2025-12-15,5,204,199
8304,firuzkuh,tehran,2025-12-16,5,226,221
8304,firuzkuh,tehran,2025-12-17,8,371,363
8304,firuzkuh,tehran,2025-12-18,20,770,750
8304,firuzkuh,tehran,2025-12-19,14,324,310
8304,firuzkuh,tehran,2025-12-20,8,177,169
8304,firuzkuh,tehran,2025-12-21,5,135,130
2423,fooladshahr,isfahan,2025-11-22,21,24,3
2423,fooladshahr,isfahan,2025-11-23,18,23,5
2423,fooladshahr,isfahan,2025-11-24,10,16,6
2423,fooladshahr,isfahan,2025-11-25,7,13,6
2423,fooladshahr,isfahan,2025-11-26,9,18,9
2423,fooladshahr,isfahan,2025-11-27,8,19,11
2423,fooladshahr,isfahan,2025-11-28,5,13,8
2423,fooladshahr,isfahan,2025-11-29,5,14,9
2423,fooladshahr,isfahan,2025-11-30,6,16,10
2423,fooladshahr,isfahan,2025-12-01,5,15,10
2423,fooladshahr,isfahan,2025-12-02,5,16,11
2423,fooladshahr,isfahan,2025-12-03,5,17,12
2423,fooladshahr,isfahan,2025-12-04,7,23,16
2423,fooladshahr,isfahan,2025-12-05,7,19,12
2423,fooladshahr,isfahan,2025-12-06,6,19,13
2423,fooladshahr,isfahan,2025-12-07,5,18,13
2423,fooladshahr,isfahan,2025-12-08,6,20,14
2423,fooladshahr,isfahan,2025-12-09,5,19,14
2423,fooladshahr,isfahan,2025-12-10,5,19,14
2423,fooladshahr,isfahan,2025-12-11,5,19,14
2423,fooladshahr,isfahan,2025-12-12,5,17,12
2423,fooladshahr,isfahan,2025-12-13,6,18,12
2423,fooladshahr,isfahan,2025-12-14,6,18,12
2423,fooladshahr,isfahan,2025-12-15,6,20,14
2423,fooladshahr,isfahan,2025-12-16,6,20,14
2423,fooladshahr,isfahan,2025-12-17,6,23,17
2423,fooladshahr,isfahan,2025-12-18,6,24,18
2423,fooladshahr,isfahan,2025-12-19,4,17,13
2423,fooladshahr,isfahan,2025-12-20,4,19,15
2423,fooladshahr,isfahan,2025-12-21,4,19,15
4791,fuman,gilan,2025-11-22,2162,2469,307
4791,fuman,gilan,2025-11-23,1553,2119,566
4791,fuman,gilan,2025-11-24,1443,2228,785
4791,fuman,gilan,2025-11-25,1332,2369,1037
4791,fuman,gilan,2025-11-26,1508,3184,1676
4791,fuman,gilan,2025-11-27,1222,3292,2070
4791,fuman,gilan,2025-11-28,302,943,641
4791,fuman,gilan,2025-11-29,346,1006,660
4791,fuman,gilan,2025-11-30,340,1177,837
4791,fuman,gilan,2025-12-01,310,1108,798
4791,fuman,gilan,2025-12-02,360,1422,1062
4791,fuman,gilan,2025-12-03,460,2390,1930
4791,fuman,gilan,2025-12-04,401,3520,3119
4791,fuman,gilan,2025-12-05,116,936,820
4791,fuman,gilan,2025-12-06,195,1287,1092
4791,fuman,gilan,2025-12-07,168,985,817
4791,fuman,gilan,2025-12-08,155,972,817
4791,fuman,gilan,2025-12-09,183,1235,1052
4791,fuman,gilan,2025-12-10,249,2019,1770
4791,fuman,gilan,2025-12-11,272,3994,3722
4791,fuman,gilan,2025-12-12,119,1301,1182
4791,fuman,gilan,2025-12-13,106,964,858
4791,fuman,gilan,2025-12-14,76,880,804
4791,fuman,gilan,2025-12-15,74,1033,959
4791,fuman,gilan,2025-12-16,106,1340,1234
4791,fuman,gilan,2025-12-17,106,1996,1890
4791,fuman,gilan,2025-12-18,108,2324,2216
4791,fuman,gilan,2025-12-19,63,1212,1149
4791,fuman,gilan,2025-12-20,36,867,831
4791,fuman,gilan,2025-12-21,10,547,537
7278,galugah,mazandaran,2025-11-22,37,44,7
7278,galugah,mazandaran,2025-11-23,36,50,14
7278,galugah,mazandaran,2025-11-24,21,35,14
7278,galugah,mazandaran,2025-11-25,12,26,14
7278,galugah,mazandaran,2025-11-26,11,39,28
7278,galugah,mazandaran,2025-11-27,27,91,64
7278,galugah,mazandaran,2025-11-28,10,26,16
7278,galugah,mazandaran,2025-11-29,9,22,13
7278,galugah,mazandaran,2025-11-30,8,25,17
7278,galugah,mazandaran,2025-12-01,0,22,22
7278,galugah,mazandaran,2025-12-02,1,18,17
7278,galugah,mazandaran,2025-12-03,7,38,31
7278,galugah,mazandaran,2025-12-04,6,86,80
7278,galugah,mazandaran,2025-12-05,3,23,20
7278,galugah,mazandaran,2025-12-06,3,26,23
7278,galugah,mazandaran,2025-12-07,1,24,23
7278,galugah,mazandaran,2025-12-08,5,25,20
7278,galugah,mazandaran,2025-12-09,7,27,20
7278,galugah,mazandaran,2025-12-10,0,31,31
7278,galugah,mazandaran,2025-12-11,0,84,84
7278,galugah,mazandaran,2025-12-12,2,20,18
7278,galugah,mazandaran,2025-12-13,0,20,20
7278,galugah,mazandaran,2025-12-14,0,18,18
7278,galugah,mazandaran,2025-12-15,1,22,21
7278,galugah,mazandaran,2025-12-16,0,26,26
7278,galugah,mazandaran,2025-12-17,2,39,37
7278,galugah,mazandaran,2025-12-18,0,69,69
7278,galugah,mazandaran,2025-12-19,0,25,25
7278,galugah,mazandaran,2025-12-20,0,23,23
7278,galugah,mazandaran,2025-12-21,1,17,16
4973,garmdarreh,alborz,2025-11-22,25,28,3
4973,garmdarreh,alborz,2025-11-23,16,22,6
4973,garmdarreh,alborz,2025-11-24,10,18,8
4973,garmdarreh,alborz,2025-11-25,5,13,8
4973,garmdarreh,alborz,2025-11-26,7,22,15
4973,garmdarreh,alborz,2025-11-27,9,28,19
4973,garmdarreh,alborz,2025-11-28,6,20,14
4973,garmdarreh,alborz,2025-11-29,2,17,15
4973,garmdarreh,alborz,2025-11-30,2,20,18
4973,garmdarreh,alborz,2025-12-01,2,20,18
4973,garmdarreh,alborz,2025-12-02,6,25,19
4973,garmdarreh,alborz,2025-12-03,7,31,24
4973,garmdarreh,alborz,2025-12-04,24,90,66
4973,garmdarreh,alborz,2025-12-05,4,30,26
4973,garmdarreh,alborz,2025-12-06,3,24,21
4973,garmdarreh,alborz,2025-12-07,3,24,21
4973,garmdarreh,alborz,2025-12-08,5,26,21
4973,garmdarreh,alborz,2025-12-09,8,32,24
4973,garmdarreh,alborz,2025-12-10,12,42,30
4973,garmdarreh,alborz,2025-12-11,11,71,60
4973,garmdarreh,alborz,2025-12-12,8,37,29
4973,garmdarreh,alborz,2025-12-13,2,26,24
4973,garmdarreh,alborz,2025-12-14,2,24,22
4973,garmdarreh,alborz,2025-12-15,2,29,27
4973,garmdarreh,alborz,2025-12-16,4,34,30
4973,garmdarreh,alborz,2025-12-17,10,46,36
4973,garmdarreh,alborz,2025-12-18,15,81,66
4973,garmdarreh,alborz,2025-12-19,5,39,34
4973,garmdarreh,alborz,2025-12-20,3,31,28
4973,garmdarreh,alborz,2025-12-21,1,21,20
4174,gatab,mazandaran,2025-11-22,0,0,0
4174,gatab,mazandaran,2025-11-23,0,0,0
4174,gatab,mazandaran,2025-11-24,0,0,0
4174,gatab,mazandaran,2025-11-25,0,0,0
4174,gatab,mazandaran,2025-11-26,0,0,0
4174,gatab,mazandaran,2025-11-27,0,0,0
4174,gatab,mazandaran,2025-11-28,0,0,0
4174,gatab,mazandaran,2025-11-29,0,0,0
4174,gatab,mazandaran,2025-11-30,0,0,0
4174,gatab,mazandaran,2025-12-01,0,0,0
4174,gatab,mazandaran,2025-12-02,0,0,0
4174,gatab,mazandaran,2025-12-03,0,0,0
4174,gatab,mazandaran,2025-12-04,0,0,0
4174,gatab,mazandaran,2025-12-05,0,0,0
4174,gatab,mazandaran,2025-12-06,0,0,0
4174,gatab,mazandaran,2025-12-07,0,0,0
4174,gatab,mazandaran,2025-12-08,0,0,0
4174,gatab,mazandaran,2025-12-09,0,0,0
4174,gatab,mazandaran,2025-12-10,0,0,0
4174,gatab,mazandaran,2025-12-11,1,2,1
4174,gatab,mazandaran,2025-12-12,0,0,0
4174,gatab,mazandaran,2025-12-13,0,0,0
4174,gatab,mazandaran,2025-12-14,0,0,0
4174,gatab,mazandaran,2025-12-15,0,0,0
4174,gatab,mazandaran,2025-12-16,0,0,0
4174,gatab,mazandaran,2025-12-17,0,0,0
4174,gatab,mazandaran,2025-12-18,0,0,0
4174,gatab,mazandaran,2025-12-19,0,0,0
4174,gatab,mazandaran,2025-12-20,0,0,0
4174,gatab,mazandaran,2025-12-21,0,0,0
5686,gazanak,mazandaran,2025-11-22,0,0,0
5686,gazanak,mazandaran,2025-11-23,0,0,0
5686,gazanak,mazandaran,2025-11-24,0,0,0
5686,gazanak,mazandaran,2025-11-25,0,0,0
5686,gazanak,mazandaran,2025-11-26,0,0,0
5686,gazanak,mazandaran,2025-11-27,0,0,0
5686,gazanak,mazandaran,2025-11-28,0,0,0
5686,gazanak,mazandaran,2025-11-29,0,0,0
5686,gazanak,mazandaran,2025-11-30,0,0,0
5686,gazanak,mazandaran,2025-12-01,0,0,0
5686,gazanak,mazandaran,2025-12-02,0,0,0
5686,gazanak,mazandaran,2025-12-03,0,0,0
5686,gazanak,mazandaran,2025-12-04,0,0,0
5686,gazanak,mazandaran,2025-12-05,0,0,0
5686,gazanak,mazandaran,2025-12-06,0,0,0
5686,gazanak,mazandaran,2025-12-07,0,0,0
5686,gazanak,mazandaran,2025-12-08,0,0,0
5686,gazanak,mazandaran,2025-12-09,0,0,0
5686,gazanak,mazandaran,2025-12-10,0,0,0
5686,gazanak,mazandaran,2025-12-11,0,0,0
5686,gazanak,mazandaran,2025-12-12,0,0,0
5686,gazanak,mazandaran,2025-12-13,0,0,0
5686,gazanak,mazandaran,2025-12-14,0,0,0
5686,gazanak,mazandaran,2025-12-15,0,0,0
5686,gazanak,mazandaran,2025-12-16,0,0,0
5686,gazanak,mazandaran,2025-12-17,0,0,0
5686,gazanak,mazandaran,2025-12-18,0,0,0
5686,gazanak,mazandaran,2025-12-19,0,0,0
5686,gazanak,mazandaran,2025-12-20,0,0,0
5686,gazanak,mazandaran,2025-12-21,0,0,0
2126,gazbarkhar,isfahan,2025-11-22,0,0,0
2126,gazbarkhar,isfahan,2025-11-23,0,0,0
2126,gazbarkhar,isfahan,2025-11-24,0,0,0
2126,gazbarkhar,isfahan,2025-11-25,0,0,0
2126,gazbarkhar,isfahan,2025-11-26,0,0,0
2126,gazbarkhar,isfahan,2025-11-27,0,0,0
2126,gazbarkhar,isfahan,2025-11-28,0,0,0
2126,gazbarkhar,isfahan,2025-11-29,0,0,0
2126,gazbarkhar,isfahan,2025-11-30,0,0,0
2126,gazbarkhar,isfahan,2025-12-01,0,0,0
2126,gazbarkhar,isfahan,2025-12-02,0,0,0
2126,gazbarkhar,isfahan,2025-12-03,0,0,0
2126,gazbarkhar,isfahan,2025-12-04,0,0,0
2126,gazbarkhar,isfahan,2025-12-05,0,0,0
2126,gazbarkhar,isfahan,2025-12-06,0,0,0
2126,gazbarkhar,isfahan,2025-12-07,0,0,0
2126,gazbarkhar,isfahan,2025-12-08,0,0,0
2126,gazbarkhar,isfahan,2025-12-09,0,0,0
2126,gazbarkhar,isfahan,2025-12-10,0,0,0
2126,gazbarkhar,isfahan,2025-12-11,0,0,0
2126,gazbarkhar,isfahan,2025-12-12,0,0,0
2126,gazbarkhar,isfahan,2025-12-13,0,0,0
2126,gazbarkhar,isfahan,2025-12-14,0,0,0
2126,gazbarkhar,isfahan,2025-12-15,0,0,0
2126,gazbarkhar,isfahan,2025-12-16,0,0,0
2126,gazbarkhar,isfahan,2025-12-17,0,0,0
2126,gazbarkhar,isfahan,2025-12-18,0,0,0
2126,gazbarkhar,isfahan,2025-12-19,0,0,0
2126,gazbarkhar,isfahan,2025-12-20,0,0,0
2126,gazbarkhar,isfahan,2025-12-21,0,0,0
6692,ghadamgah,khorasan_razavi,2025-11-22,0,0,0
6692,ghadamgah,khorasan_razavi,2025-11-23,0,0,0
6692,ghadamgah,khorasan_razavi,2025-11-24,0,0,0
6692,ghadamgah,khorasan_razavi,2025-11-25,0,0,0
6692,ghadamgah,khorasan_razavi,2025-11-26,0,0,0
6692,ghadamgah,khorasan_razavi,2025-11-27,0,0,0
6692,ghadamgah,khorasan_razavi,2025-11-28,0,0,0
6692,ghadamgah,khorasan_razavi,2025-11-29,0,0,0
6692,ghadamgah,khorasan_razavi,2025-11-30,0,0,0
6692,ghadamgah,khorasan_razavi,2025-12-01,0,0,0
6692,ghadamgah,khorasan_razavi,2025-12-02,0,0,0
6692,ghadamgah,khorasan_razavi,2025-12-03,0,0,0
6692,ghadamgah,khorasan_razavi,2025-12-04,0,0,0
6692,ghadamgah,khorasan_razavi,2025-12-05,0,0,0
6692,ghadamgah,khorasan_razavi,2025-12-06,0,0,0
6692,ghadamgah,khorasan_razavi,2025-12-07,0,0,0
6692,ghadamgah,khorasan_razavi,2025-12-08,0,0,0
6692,ghadamgah,khorasan_razavi,2025-12-09,0,0,0
6692,ghadamgah,khorasan_razavi,2025-12-10,0,0,0
6692,ghadamgah,khorasan_razavi,2025-12-11,0,0,0
6692,ghadamgah,khorasan_razavi,2025-12-12,0,0,0
6692,ghadamgah,khorasan_razavi,2025-12-13,0,0,0
6692,ghadamgah,khorasan_razavi,2025-12-14,0,0,0
6692,ghadamgah,khorasan_razavi,2025-12-15,0,0,0
6692,ghadamgah,khorasan_razavi,2025-12-16,0,0,0
6692,ghadamgah,khorasan_razavi,2025-12-17,0,0,0
6692,ghadamgah,khorasan_razavi,2025-12-18,0,0,0
6692,ghadamgah,khorasan_razavi,2025-12-19,0,0,0
6692,ghadamgah,khorasan_razavi,2025-12-20,0,0,0
6692,ghadamgah,khorasan_razavi,2025-12-21,0,0,0
8143,ghahderijan,isfahan,2025-11-22,0,0,0
8143,ghahderijan,isfahan,2025-11-23,0,0,0
8143,ghahderijan,isfahan,2025-11-24,0,0,0
8143,ghahderijan,isfahan,2025-11-25,0,0,0
8143,ghahderijan,isfahan,2025-11-26,0,0,0
8143,ghahderijan,isfahan,2025-11-27,0,0,0
8143,ghahderijan,isfahan,2025-11-28,0,0,0
8143,ghahderijan,isfahan,2025-11-29,0,0,0
8143,ghahderijan,isfahan,2025-11-30,0,0,0
8143,ghahderijan,isfahan,2025-12-01,0,0,0
8143,ghahderijan,isfahan,2025-12-02,0,0,0
8143,ghahderijan,isfahan,2025-12-03,0,0,0
8143,ghahderijan,isfahan,2025-12-04,0,0,0
8143,ghahderijan,isfahan,2025-12-05,0,0,0
8143,ghahderijan,isfahan,2025-12-06,0,0,0
8143,ghahderijan,isfahan,2025-12-07,0,0,0
8143,ghahderijan,isfahan,2025-12-08,0,0,0
8143,ghahderijan,isfahan,2025-12-09,0,0,0
8143,ghahderijan,isfahan,2025-12-10,0,0,0
8143,ghahderijan,isfahan,2025-12-11,0,0,0
8143,ghahderijan,isfahan,2025-12-12,0,0,0
8143,ghahderijan,isfahan,2025-12-13,0,0,0
8143,ghahderijan,isfahan,2025-12-14,0,0,0
8143,ghahderijan,isfahan,2025-12-15,0,0,0
8143,ghahderijan,isfahan,2025-12-16,0,0,0
8143,ghahderijan,isfahan,2025-12-17,0,0,0
8143,ghahderijan,isfahan,2025-12-18,0,0,0
8143,ghahderijan,isfahan,2025-12-19,0,0,0
8143,ghahderijan,isfahan,2025-12-20,0,0,0
8143,ghahderijan,isfahan,2025-12-21,0,0,0
5818,ghamsar_isfahan,isfahan,2025-11-22,19,21,2
5818,ghamsar_isfahan,isfahan,2025-11-23,22,28,6
5818,ghamsar_isfahan,isfahan,2025-11-24,10,15,5
5818,ghamsar_isfahan,isfahan,2025-11-25,17,24,7
5818,ghamsar_isfahan,isfahan,2025-11-26,17,31,14
5818,ghamsar_isfahan,isfahan,2025-11-27,15,53,38
5818,ghamsar_isfahan,isfahan,2025-11-28,4,11,7
5818,ghamsar_isfahan,isfahan,2025-11-29,3,8,5
5818,ghamsar_isfahan,isfahan,2025-11-30,3,9,6
5818,ghamsar_isfahan,isfahan,2025-12-01,9,17,8
5818,ghamsar_isfahan,isfahan,2025-12-02,11,21,10
5818,ghamsar_isfahan,isfahan,2025-12-03,10,29,19
5818,ghamsar_isfahan,isfahan,2025-12-04,8,78,70
5818,ghamsar_isfahan,isfahan,2025-12-05,4,16,12
5818,ghamsar_isfahan,isfahan,2025-12-06,4,16,12
5818,ghamsar_isfahan,isfahan,2025-12-07,4,15,11
5818,ghamsar_isfahan,isfahan,2025-12-08,5,17,12
5818,ghamsar_isfahan,isfahan,2025-12-09,6,19,13
5818,ghamsar_isfahan,isfahan,2025-12-10,5,23,18
5818,ghamsar_isfahan,isfahan,2025-12-11,4,66,62
5818,ghamsar_isfahan,isfahan,2025-12-12,4,18,14
5818,ghamsar_isfahan,isfahan,2025-12-13,5,18,13
5818,ghamsar_isfahan,isfahan,2025-12-14,4,16,12
5818,ghamsar_isfahan,isfahan,2025-12-15,4,19,15
5818,ghamsar_isfahan,isfahan,2025-12-16,4,20,16
5818,ghamsar_isfahan,isfahan,2025-12-17,4,25,21
5818,ghamsar_isfahan,isfahan,2025-12-18,7,69,62
5818,ghamsar_isfahan,isfahan,2025-12-19,4,20,16
5818,ghamsar_isfahan,isfahan,2025-12-20,4,17,13
5818,ghamsar_isfahan,isfahan,2025-12-21,3,12,9
2908,gharchak,tehran,2025-11-22,0,0,0
2908,gharchak,tehran,2025-11-23,0,0,0
2908,gharchak,tehran,2025-11-24,0,0,0
2908,gharchak,tehran,2025-11-25,0,0,0
2908,gharchak,tehran,2025-11-26,0,0,0
2908,gharchak,tehran,2025-11-27,0,0,0
2908,gharchak,tehran,2025-11-28,0,0,0
2908,gharchak,tehran,2025-11-29,0,0,0
2908,gharchak,tehran,2025-11-30,0,0,0
2908,gharchak,tehran,2025-12-01,0,0,0
2908,gharchak,tehran,2025-12-02,0,0,0
2908,gharchak,tehran,2025-12-03,0,0,0
2908,gharchak,tehran,2025-12-04,0,0,0
2908,gharchak,tehran,2025-12-05,0,0,0
2908,gharchak,tehran,2025-12-06,0,0,0
2908,gharchak,tehran,2025-12-07,0,0,0
2908,gharchak,tehran,2025-12-08,0,0,0
2908,gharchak,tehran,2025-12-09,0,0,0
2908,gharchak,tehran,2025-12-10,0,0,0
2908,gharchak,tehran,2025-12-11,0,0,0
2908,gharchak,tehran,2025-12-12,0,0,0
2908,gharchak,tehran,2025-12-13,0,0,0
2908,gharchak,tehran,2025-12-14,0,0,0
2908,gharchak,tehran,2025-12-15,0,0,0
2908,gharchak,tehran,2025-12-16,0,0,0
2908,gharchak,tehran,2025-12-17,0,0,0
2908,gharchak,tehran,2025-12-18,0,0,0
2908,gharchak,tehran,2025-12-19,0,0,0
2908,gharchak,tehran,2025-12-20,0,0,0
2908,gharchak,tehran,2025-12-21,0,0,0
8377,ghasemabad,khorasan_razavi,2025-11-22,0,0,0
8377,ghasemabad,khorasan_razavi,2025-11-23,0,0,0
8377,ghasemabad,khorasan_razavi,2025-11-24,0,0,0
8377,ghasemabad,khorasan_razavi,2025-11-25,0,0,0
8377,ghasemabad,khorasan_razavi,2025-11-26,0,0,0
8377,ghasemabad,khorasan_razavi,2025-11-27,0,0,0
8377,ghasemabad,khorasan_razavi,2025-11-28,0,0,0
8377,ghasemabad,khorasan_razavi,2025-11-29,0,0,0
8377,ghasemabad,khorasan_razavi,2025-11-30,0,0,0
8377,ghasemabad,khorasan_razavi,2025-12-01,0,0,0
8377,ghasemabad,khorasan_razavi,2025-12-02,0,0,0
8377,ghasemabad,khorasan_razavi,2025-12-03,0,0,0
8377,ghasemabad,khorasan_razavi,2025-12-04,0,0,0
8377,ghasemabad,khorasan_razavi,2025-12-05,0,0,0
8377,ghasemabad,khorasan_razavi,2025-12-06,0,0,0
8377,ghasemabad,khorasan_razavi,2025-12-07,0,0,0
8377,ghasemabad,khorasan_razavi,2025-12-08,0,0,0
8377,ghasemabad,khorasan_razavi,2025-12-09,0,0,0
8377,ghasemabad,khorasan_razavi,2025-12-10,0,0,0
8377,ghasemabad,khorasan_razavi,2025-12-11,0,0,0
8377,ghasemabad,khorasan_razavi,2025-12-12,0,0,0
8377,ghasemabad,khorasan_razavi,2025-12-13,0,0,0
8377,ghasemabad,khorasan_razavi,2025-12-14,0,0,0
8377,ghasemabad,khorasan_razavi,2025-12-15,0,0,0
8377,ghasemabad,khorasan_razavi,2025-12-16,0,0,0
8377,ghasemabad,khorasan_razavi,2025-12-17,0,0,0
8377,ghasemabad,khorasan_razavi,2025-12-18,0,0,0
8377,ghasemabad,khorasan_razavi,2025-12-19,0,0,0
8377,ghasemabad,khorasan_razavi,2025-12-20,0,0,0
8377,ghasemabad,khorasan_razavi,2025-12-21,0,0,0
5842,ghods,tehran,2025-11-22,11,14,3
5842,ghods,tehran,2025-11-23,10,15,5
5842,ghods,tehran,2025-11-24,7,14,7
5842,ghods,tehran,2025-11-25,7,15,8
5842,ghods,tehran,2025-11-26,7,17,10
5842,ghods,tehran,2025-11-27,8,21,13
5842,ghods,tehran,2025-11-28,5,14,9
5842,ghods,tehran,2025-11-29,6,18,12
5842,ghods,tehran,2025-11-30,5,18,13
5842,ghods,tehran,2025-12-01,6,21,15
5842,ghods,tehran,2025-12-02,3,18,15
5842,ghods,tehran,2025-12-03,3,19,16
5842,ghods,tehran,2025-12-04,8,39,31
5842,ghods,tehran,2025-12-05,3,20,17
5842,ghods,tehran,2025-12-06,3,24,21
5842,ghods,tehran,2025-12-07,3,23,20
5842,ghods,tehran,2025-12-08,5,27,22
5842,ghods,tehran,2025-12-09,5,27,22
5842,ghods,tehran,2025-12-10,3,26,23
5842,ghods,tehran,2025-12-11,3,38,35
5842,ghods,tehran,2025-12-12,7,28,21
5842,ghods,tehran,2025-12-13,3,25,22
5842,ghods,tehran,2025-12-14,3,23,20
5842,ghods,tehran,2025-12-15,3,29,26
5842,ghods,tehran,2025-12-16,2,30,28
5842,ghods,tehran,2025-12-17,1,28,27
5842,ghods,tehran,2025-12-18,0,31,31
5842,ghods,tehran,2025-12-19,0,20,20
5842,ghods,tehran,2025-12-20,1,26,25
5842,ghods,tehran,2025-12-21,2,22,20
5309,golbahar,khorasan_razavi,2025-11-22,5,5,0
5309,golbahar,khorasan_razavi,2025-11-23,11,13,2
5309,golbahar,khorasan_razavi,2025-11-24,7,9,2
5309,golbahar,khorasan_razavi,2025-11-25,5,7,2
5309,golbahar,khorasan_razavi,2025-11-26,5,9,4
5309,golbahar,khorasan_razavi,2025-11-27,6,11,5
5309,golbahar,khorasan_razavi,2025-11-28,3,5,2
5309,golbahar,khorasan_razavi,2025-11-29,6,11,5
5309,golbahar,khorasan_razavi,2025-11-30,10,17,7
5309,golbahar,khorasan_razavi,2025-12-01,11,18,7
5309,golbahar,khorasan_razavi,2025-12-02,3,7,4
5309,golbahar,khorasan_razavi,2025-12-03,3,8,5
5309,golbahar,khorasan_razavi,2025-12-04,3,14,11
5309,golbahar,khorasan_razavi,2025-12-05,3,9,6
5309,golbahar,khorasan_razavi,2025-12-06,3,6,3
5309,golbahar,khorasan_razavi,2025-12-07,3,7,4
5309,golbahar,khorasan_razavi,2025-12-08,3,7,4
5309,golbahar,khorasan_razavi,2025-12-09,3,7,4
5309,golbahar,khorasan_razavi,2025-12-10,3,8,5
5309,golbahar,khorasan_razavi,2025-12-11,1,5,4
5309,golbahar,khorasan_razavi,2025-12-12,1,2,1
5309,golbahar,khorasan_razavi,2025-12-13,0,0,0
5309,golbahar,khorasan_razavi,2025-12-14,5,8,3
5309,golbahar,khorasan_razavi,2025-12-15,0,1,1
5309,golbahar,khorasan_razavi,2025-12-16,2,5,3
5309,golbahar,khorasan_razavi,2025-12-17,2,6,4
5309,golbahar,khorasan_razavi,2025-12-18,2,8,6
5309,golbahar,khorasan_razavi,2025-12-19,2,6,4
5309,golbahar,khorasan_razavi,2025-12-20,2,5,3
5309,golbahar,khorasan_razavi,2025-12-21,0,0,0
8619,goldasht,isfahan,2025-11-22,0,0,0
8619,goldasht,isfahan,2025-11-23,0,0,0
8619,goldasht,isfahan,2025-11-24,1,1,0
8619,goldasht,isfahan,2025-11-25,0,1,1
8619,goldasht,isfahan,2025-11-26,0,1,1
8619,goldasht,isfahan,2025-11-27,0,2,2
8619,goldasht,isfahan,2025-11-28,2,3,1
8619,goldasht,isfahan,2025-11-29,0,1,1
8619,goldasht,isfahan,2025-11-30,0,1,1
8619,goldasht,isfahan,2025-12-01,0,1,1
8619,goldasht,isfahan,2025-12-02,0,1,1
8619,goldasht,isfahan,2025-12-03,0,1,1
8619,goldasht,isfahan,2025-12-04,0,4,4
8619,goldasht,isfahan,2025-12-05,0,1,1
8619,goldasht,isfahan,2025-12-06,0,1,1
8619,goldasht,isfahan,2025-12-07,0,2,2
8619,goldasht,isfahan,2025-12-08,0,2,2
8619,goldasht,isfahan,2025-12-09,1,3,2
8619,goldasht,isfahan,2025-12-10,1,4,3
8619,goldasht,isfahan,2025-12-11,1,7,6
8619,goldasht,isfahan,2025-12-12,0,1,1
8619,goldasht,isfahan,2025-12-13,0,1,1
8619,goldasht,isfahan,2025-12-14,0,1,1
8619,goldasht,isfahan,2025-12-15,0,2,2
8619,goldasht,isfahan,2025-12-16,0,2,2
8619,goldasht,isfahan,2025-12-17,0,2,2
8619,goldasht,isfahan,2025-12-18,0,3,3
8619,goldasht,isfahan,2025-12-19,0,2,2
8619,goldasht,isfahan,2025-12-20,0,2,2
8619,goldasht,isfahan,2025-12-21,0,1,1
4879,golestan,tehran,2025-11-22,37,38,1
4879,golestan,tehran,2025-11-23,37,39,2
4879,golestan,tehran,2025-11-24,13,14,1
4879,golestan,tehran,2025-11-25,11,12,1
4879,golestan,tehran,2025-11-26,17,20,3
4879,golestan,tehran,2025-11-27,23,30,7
4879,golestan,tehran,2025-11-28,0,0,0
4879,golestan,tehran,2025-11-29,0,0,0
4879,golestan,tehran,2025-11-30,0,0,0
4879,golestan,tehran,2025-12-01,0,0,0
4879,golestan,tehran,2025-12-02,0,0,0
4879,golestan,tehran,2025-12-03,0,0,0
4879,golestan,tehran,2025-12-04,0,2,2
4879,golestan,tehran,2025-12-05,0,0,0
4879,golestan,tehran,2025-12-06,0,0,0
4879,golestan,tehran,2025-12-07,0,0,0
4879,golestan,tehran,2025-12-08,0,0,0
4879,golestan,tehran,2025-12-09,0,0,0
4879,golestan,tehran,2025-12-10,0,1,1
4879,golestan,tehran,2025-12-11,0,3,3
4879,golestan,tehran,2025-12-12,0,0,0
4879,golestan,tehran,2025-12-13,0,0,0
4879,golestan,tehran,2025-12-14,0,0,0
4879,golestan,tehran,2025-12-15,0,0,0
4879,golestan,tehran,2025-12-16,0,0,0
4879,golestan,tehran,2025-12-17,0,1,1
4879,golestan,tehran,2025-12-18,0,2,2
4879,golestan,tehran,2025-12-19,0,0,0
4879,golestan,tehran,2025-12-20,0,0,0
4879,golestan,tehran,2025-12-21,0,0,0
1209,golmakan,khorasan_razavi,2025-11-22,0,0,0
1209,golmakan,khorasan_razavi,2025-11-23,1,1,0
1209,golmakan,khorasan_razavi,2025-11-24,0,0,0
1209,golmakan,khorasan_razavi,2025-11-25,0,0,0
1209,golmakan,khorasan_razavi,2025-11-26,0,0,0
1209,golmakan,khorasan_razavi,2025-11-27,2,6,4
1209,golmakan,khorasan_razavi,2025-11-28,0,0,0
1209,golmakan,khorasan_razavi,2025-11-29,0,0,0
1209,golmakan,khorasan_razavi,2025-11-30,0,0,0
1209,golmakan,khorasan_razavi,2025-12-01,1,3,2
1209,golmakan,khorasan_razavi,2025-12-02,1,3,2
1209,golmakan,khorasan_razavi,2025-12-03,0,0,0
1209,golmakan,khorasan_razavi,2025-12-04,0,0,0
1209,golmakan,khorasan_razavi,2025-12-05,0,0,0
1209,golmakan,khorasan_razavi,2025-12-06,3,5,2
1209,golmakan,khorasan_razavi,2025-12-07,3,5,2
1209,golmakan,khorasan_razavi,2025-12-08,3,5,2
1209,golmakan,khorasan_razavi,2025-12-09,2,5,3
1209,golmakan,khorasan_razavi,2025-12-10,2,5,3
1209,golmakan,khorasan_razavi,2025-12-11,2,6,4
1209,golmakan,khorasan_razavi,2025-12-12,2,4,2
1209,golmakan,khorasan_razavi,2025-12-13,2,4,2
1209,golmakan,khorasan_razavi,2025-12-14,2,4,2
1209,golmakan,khorasan_razavi,2025-12-15,2,5,3
1209,golmakan,khorasan_razavi,2025-12-16,2,5,3
1209,golmakan,khorasan_razavi,2025-12-17,2,5,3
1209,golmakan,khorasan_razavi,2025-12-18,2,6,4
1209,golmakan,khorasan_razavi,2025-12-19,0,0,0
1209,golmakan,khorasan_razavi,2025-12-20,0,0,0
1209,golmakan,khorasan_razavi,2025-12-21,0,0,0
3042,golpayegan,isfahan,2025-11-22,56,63,7
3042,golpayegan,isfahan,2025-11-23,51,62,11
3042,golpayegan,isfahan,2025-11-24,20,31,11
3042,golpayegan,isfahan,2025-11-25,15,28,13
3042,golpayegan,isfahan,2025-11-26,16,42,26
3042,golpayegan,isfahan,2025-11-27,52,125,73
3042,golpayegan,isfahan,2025-11-28,10,26,16
3042,golpayegan,isfahan,2025-11-29,10,27,17
3042,golpayegan,isfahan,2025-11-30,9,29,20
3042,golpayegan,isfahan,2025-12-01,5,27,22
3042,golpayegan,isfahan,2025-12-02,13,38,25
3042,golpayegan,isfahan,2025-12-03,11,46,35
3042,golpayegan,isfahan,2025-12-04,11,119,108
3042,golpayegan,isfahan,2025-12-05,8,35,27
3042,golpayegan,isfahan,2025-12-06,6,39,33
3042,golpayegan,isfahan,2025-12-07,6,36,30
3042,golpayegan,isfahan,2025-12-08,7,39,32
3042,golpayegan,isfahan,2025-12-09,5,38,33
3042,golpayegan,isfahan,2025-12-10,17,79,62
3042,golpayegan,isfahan,2025-12-11,9,125,116
3042,golpayegan,isfahan,2025-12-12,7,45,38
3042,golpayegan,isfahan,2025-12-13,7,46,39
3042,golpayegan,isfahan,2025-12-14,5,41,36
3042,golpayegan,isfahan,2025-12-15,5,50,45
3042,golpayegan,isfahan,2025-12-16,5,55,50
3042,golpayegan,isfahan,2025-12-17,8,75,67
3042,golpayegan,isfahan,2025-12-18,12,151,139
3042,golpayegan,isfahan,2025-12-19,5,49,44
3042,golpayegan,isfahan,2025-12-20,9,56,47
3042,golpayegan,isfahan,2025-12-21,3,33,30
9681,golsar,alborz,2025-11-22,5,5,0
9681,golsar,alborz,2025-11-23,10,11,1
9681,golsar,alborz,2025-11-24,7,9,2
9681,golsar,alborz,2025-11-25,1,2,1
9681,golsar,alborz,2025-11-26,1,4,3
9681,golsar,alborz,2025-11-27,1,6,5
9681,golsar,alborz,2025-11-28,1,3,2
9681,golsar,alborz,2025-11-29,3,5,2
9681,golsar,alborz,2025-11-30,3,5,2
9681,golsar,alborz,2025-12-01,1,3,2
9681,golsar,alborz,2025-12-02,1,4,3
9681,golsar,alborz,2025-12-03,0,4,4
9681,golsar,alborz,2025-12-04,0,9,9
9681,golsar,alborz,2025-12-05,0,3,3
9681,golsar,alborz,2025-12-06,0,3,3
9681,golsar,alborz,2025-12-07,0,3,3
9681,golsar,alborz,2025-12-08,0,3,3
9681,golsar,alborz,2025-12-09,0,3,3
9681,golsar,alborz,2025-12-10,0,5,5
9681,golsar,alborz,2025-12-11,0,10,10
9681,golsar,alborz,2025-12-12,0,4,4
9681,golsar,alborz,2025-12-13,0,4,4
9681,golsar,alborz,2025-12-14,0,3,3
9681,golsar,alborz,2025-12-15,0,4,4
9681,golsar,alborz,2025-12-16,0,5,5
9681,golsar,alborz,2025-12-17,1,9,8
9681,golsar,alborz,2025-12-18,1,11,10
9681,golsar,alborz,2025-12-19,0,4,4
9681,golsar,alborz,2025-12-20,0,4,4
9681,golsar,alborz,2025-12-21,0,3,3
9600,gonabad,khorasan_razavi,2025-11-22,28,31,3
9600,gonabad,khorasan_razavi,2025-11-23,42,48,6
9600,gonabad,khorasan_razavi,2025-11-24,25,31,6
9600,gonabad,khorasan_razavi,2025-11-25,23,31,8
9600,gonabad,khorasan_razavi,2025-11-26,35,53,18
9600,gonabad,khorasan_razavi,2025-11-27,26,46,20
9600,gonabad,khorasan_razavi,2025-11-28,0,5,5
9600,gonabad,khorasan_razavi,2025-11-29,1,7,6
9600,gonabad,khorasan_razavi,2025-11-30,2,9,7
9600,gonabad,khorasan_razavi,2025-12-01,4,13,9
9600,gonabad,khorasan_razavi,2025-12-02,4,14,10
9600,gonabad,khorasan_razavi,2025-12-03,1,13,12
9600,gonabad,khorasan_razavi,2025-12-04,0,17,17
9600,gonabad,khorasan_razavi,2025-12-05,0,9,9
9600,gonabad,khorasan_razavi,2025-12-06,1,13,12
9600,gonabad,khorasan_razavi,2025-12-07,2,13,11
9600,gonabad,khorasan_razavi,2025-12-08,1,12,11
9600,gonabad,khorasan_razavi,2025-12-09,2,13,11
9600,gonabad,khorasan_razavi,2025-12-10,2,16,14
9600,gonabad,khorasan_razavi,2025-12-11,0,26,26
9600,gonabad,khorasan_razavi,2025-12-12,0,10,10
9600,gonabad,khorasan_razavi,2025-12-13,0,12,12
9600,gonabad,khorasan_razavi,2025-12-14,0,11,11
9600,gonabad,khorasan_razavi,2025-12-15,1,13,12
9600,gonabad,khorasan_razavi,2025-12-16,1,15,14
9600,gonabad,khorasan_razavi,2025-12-17,0,18,18
9600,gonabad,khorasan_razavi,2025-12-18,0,27,27
9600,gonabad,khorasan_razavi,2025-12-19,0,13,13
9600,gonabad,khorasan_razavi,2025-12-20,0,13,13
9600,gonabad,khorasan_razavi,2025-12-21,0,9,9
3771,gorabzarmikh,gilan,2025-11-22,5,5,0
3771,gorabzarmikh,gilan,2025-11-23,1,1,0
3771,gorabzarmikh,gilan,2025-11-24,1,2,1
3771,gorabzarmikh,gilan,2025-11-25,1,3,2
3771,gorabzarmikh,gilan,2025-11-26,1,5,4
3771,gorabzarmikh,gilan,2025-11-27,0,4,4
3771,gorabzarmikh,gilan,2025-11-28,0,1,1
3771,gorabzarmikh,gilan,2025-11-29,1,2,1
3771,gorabzarmikh,gilan,2025-11-30,1,3,2
3771,gorabzarmikh,gilan,2025-12-01,1,3,2
3771,gorabzarmikh,gilan,2025-12-02,1,3,2
3771,gorabzarmikh,gilan,2025-12-03,1,5,4
3771,gorabzarmikh,gilan,2025-12-04,0,9,9
3771,gorabzarmikh,gilan,2025-12-05,0,3,3
3771,gorabzarmikh,gilan,2025-12-06,0,3,3
3771,gorabzarmikh,gilan,2025-12-07,0,3,3
3771,gorabzarmikh,gilan,2025-12-08,0,3,3
3771,gorabzarmikh,gilan,2025-12-09,0,3,3
3771,gorabzarmikh,gilan,2025-12-10,0,4,4
3771,gorabzarmikh,gilan,2025-12-11,0,7,7
3771,gorabzarmikh,gilan,2025-12-12,0,3,3
3771,gorabzarmikh,gilan,2025-12-13,0,3,3
3771,gorabzarmikh,gilan,2025-12-14,0,2,2
3771,gorabzarmikh,gilan,2025-12-15,0,3,3
3771,gorabzarmikh,gilan,2025-12-16,0,3,3
3771,gorabzarmikh,gilan,2025-12-17,0,4,4
3771,gorabzarmikh,gilan,2025-12-18,0,5,5
3771,gorabzarmikh,gilan,2025-12-19,0,3,3
3771,gorabzarmikh,gilan,2025-12-20,0,3,3
3771,gorabzarmikh,gilan,2025-12-21,0,2,2
6126,habibabad,isfahan,2025-11-22,0,0,0
6126,habibabad,isfahan,2025-11-23,0,0,0
6126,habibabad,isfahan,2025-11-24,0,0,0
6126,habibabad,isfahan,2025-11-25,0,0,0
6126,habibabad,isfahan,2025-11-26,0,0,0
6126,habibabad,isfahan,2025-11-27,0,0,0
6126,habibabad,isfahan,2025-11-28,0,0,0
6126,habibabad,isfahan,2025-11-29,0,0,0
6126,habibabad,isfahan,2025-11-30,0,0,0
6126,habibabad,isfahan,2025-12-01,0,0,0
6126,habibabad,isfahan,2025-12-02,0,0,0
6126,habibabad,isfahan,2025-12-03,0,0,0
6126,habibabad,isfahan,2025-12-04,0,0,0
6126,habibabad,isfahan,2025-12-05,0,0,0
6126,habibabad,isfahan,2025-12-06,0,0,0
6126,habibabad,isfahan,2025-12-07,0,0,0
6126,habibabad,isfahan,2025-12-08,0,0,0
6126,habibabad,isfahan,2025-12-09,0,0,0
6126,habibabad,isfahan,2025-12-10,0,0,0
6126,habibabad,isfahan,2025-12-11,0,0,0
6126,habibabad,isfahan,2025-12-12,0,0,0
6126,habibabad,isfahan,2025-12-13,0,0,0
6126,habibabad,isfahan,2025-12-14,0,0,0
6126,habibabad,isfahan,2025-12-15,0,0,0
6126,habibabad,isfahan,2025-12-16,0,0,0
6126,habibabad,isfahan,2025-12-17,0,0,0
6126,habibabad,isfahan,2025-12-18,0,0,0
6126,habibabad,isfahan,2025-12-19,0,0,0
6126,habibabad,isfahan,2025-12-20,0,0,0
6126,habibabad,isfahan,2025-12-21,0,0,0
5802,hachirood,mazandaran,2025-11-22,95,112,17
5802,hachirood,mazandaran,2025-11-23,58,82,24
5802,hachirood,mazandaran,2025-11-24,29,56,27
5802,hachirood,mazandaran,2025-11-25,16,43,27
5802,hachirood,mazandaran,2025-11-26,34,114,80
5802,hachirood,mazandaran,2025-11-27,47,170,123
5802,hachirood,mazandaran,2025-11-28,15,53,38
5802,hachirood,mazandaran,2025-11-29,17,55,38
5802,hachirood,mazandaran,2025-11-30,7,54,47
5802,hachirood,mazandaran,2025-12-01,9,55,46
5802,hachirood,mazandaran,2025-12-02,5,51,46
5802,hachirood,mazandaran,2025-12-03,3,67,64
5802,hachirood,mazandaran,2025-12-04,9,140,131
5802,hachirood,mazandaran,2025-12-05,9,63,54
5802,hachirood,mazandaran,2025-12-06,3,55,52
5802,hachirood,mazandaran,2025-12-07,3,51,48
5802,hachirood,mazandaran,2025-12-08,5,58,53
5802,hachirood,mazandaran,2025-12-09,3,56,53
5802,hachirood,mazandaran,2025-12-10,3,78,75
5802,hachirood,mazandaran,2025-12-11,3,165,162
5802,hachirood,mazandaran,2025-12-12,3,59,56
5802,hachirood,mazandaran,2025-12-13,3,51,48
5802,hachirood,mazandaran,2025-12-14,2,49,47
5802,hachirood,mazandaran,2025-12-15,1,56,55
5802,hachirood,mazandaran,2025-12-16,1,61,60
5802,hachirood,mazandaran,2025-12-17,1,87,86
5802,hachirood,mazandaran,2025-12-18,1,118,117
5802,hachirood,mazandaran,2025-12-19,1,62,61
5802,hachirood,mazandaran,2025-12-20,1,48,47
5802,hachirood,mazandaran,2025-12-21,0,42,42
2136,hajjiabad_hormozgan,hormozgan,2025-11-22,0,0,0
2136,hajjiabad_hormozgan,hormozgan,2025-11-23,0,0,0
2136,hajjiabad_hormozgan,hormozgan,2025-11-24,0,0,0
2136,hajjiabad_hormozgan,hormozgan,2025-11-25,0,0,0
2136,hajjiabad_hormozgan,hormozgan,2025-11-26,0,0,0
2136,hajjiabad_hormozgan,hormozgan,2025-11-27,0,0,0
2136,hajjiabad_hormozgan,hormozgan,2025-11-28,0,0,0
2136,hajjiabad_hormozgan,hormozgan,2025-11-29,0,0,0
2136,hajjiabad_hormozgan,hormozgan,2025-11-30,0,0,0
2136,hajjiabad_hormozgan,hormozgan,2025-12-01,0,0,0
2136,hajjiabad_hormozgan,hormozgan,2025-12-02,0,0,0
2136,hajjiabad_hormozgan,hormozgan,2025-12-03,0,0,0
2136,hajjiabad_hormozgan,hormozgan,2025-12-04,0,0,0
2136,hajjiabad_hormozgan,hormozgan,2025-12-05,0,0,0
2136,hajjiabad_hormozgan,hormozgan,2025-12-06,0,0,0
2136,hajjiabad_hormozgan,hormozgan,2025-12-07,0,0,0
2136,hajjiabad_hormozgan,hormozgan,2025-12-08,0,0,0
2136,hajjiabad_hormozgan,hormozgan,2025-12-09,0,0,0
2136,hajjiabad_hormozgan,hormozgan,2025-12-10,0,0,0
2136,hajjiabad_hormozgan,hormozgan,2025-12-11,0,0,0
2136,hajjiabad_hormozgan,hormozgan,2025-12-12,0,0,0
2136,hajjiabad_hormozgan,hormozgan,2025-12-13,0,0,0
2136,hajjiabad_hormozgan,hormozgan,2025-12-14,0,0,0
2136,hajjiabad_hormozgan,hormozgan,2025-12-15,0,0,0
2136,hajjiabad_hormozgan,hormozgan,2025-12-16,0,0,0
2136,hajjiabad_hormozgan,hormozgan,2025-12-17,0,0,0
2136,hajjiabad_hormozgan,hormozgan,2025-12-18,0,0,0
2136,hajjiabad_hormozgan,hormozgan,2025-12-19,0,0,0
2136,hajjiabad_hormozgan,hormozgan,2025-12-20,0,0,0
2136,hajjiabad_hormozgan,hormozgan,2025-12-21,0,0,0
6235,hasanabad_esf,isfahan,2025-11-22,2,2,0
6235,hasanabad_esf,isfahan,2025-11-23,2,2,0
6235,hasanabad_esf,isfahan,2025-11-24,1,1,0
6235,hasanabad_esf,isfahan,2025-11-25,1,1,0
6235,hasanabad_esf,isfahan,2025-11-26,1,1,0
6235,hasanabad_esf,isfahan,2025-11-27,1,1,0
6235,hasanabad_esf,isfahan,2025-11-28,1,1,0
6235,hasanabad_esf,isfahan,2025-11-29,1,1,0
6235,hasanabad_esf,isfahan,2025-11-30,1,1,0
6235,hasanabad_esf,isfahan,2025-12-01,1,1,0
6235,hasanabad_esf,isfahan,2025-12-02,1,1,0
6235,hasanabad_esf,isfahan,2025-12-03,1,1,0
6235,hasanabad_esf,isfahan,2025-12-04,1,1,0
6235,hasanabad_esf,isfahan,2025-12-05,1,1,0
6235,hasanabad_esf,isfahan,2025-12-06,1,1,0
6235,hasanabad_esf,isfahan,2025-12-07,3,3,0
6235,hasanabad_esf,isfahan,2025-12-08,1,1,0
6235,hasanabad_esf,isfahan,2025-12-09,1,1,0
6235,hasanabad_esf,isfahan,2025-12-10,1,1,0
6235,hasanabad_esf,isfahan,2025-12-11,1,2,1
6235,hasanabad_esf,isfahan,2025-12-12,1,1,0
6235,hasanabad_esf,isfahan,2025-12-13,1,1,0
6235,hasanabad_esf,isfahan,2025-12-14,1,1,0
6235,hasanabad_esf,isfahan,2025-12-15,1,1,0
6235,hasanabad_esf,isfahan,2025-12-16,1,1,0
6235,hasanabad_esf,isfahan,2025-12-17,1,1,0
6235,hasanabad_esf,isfahan,2025-12-18,1,2,1
6235,hasanabad_esf,isfahan,2025-12-19,1,1,0
6235,hasanabad_esf,isfahan,2025-12-20,1,1,0
6235,hasanabad_esf,isfahan,2025-12-21,0,0,0
9704,hasanabad_teh,tehran,2025-11-22,2,2,0
9704,hasanabad_teh,tehran,2025-11-23,2,2,0
9704,hasanabad_teh,tehran,2025-11-24,1,1,0
9704,hasanabad_teh,tehran,2025-11-25,1,2,1
9704,hasanabad_teh,tehran,2025-11-26,1,2,1
9704,hasanabad_teh,tehran,2025-11-27,1,2,1
9704,hasanabad_teh,tehran,2025-11-28,1,2,1
9704,hasanabad_teh,tehran,2025-11-29,1,2,1
9704,hasanabad_teh,tehran,2025-11-30,1,2,1
9704,hasanabad_teh,tehran,2025-12-01,1,2,1
9704,hasanabad_teh,tehran,2025-12-02,1,2,1
9704,hasanabad_teh,tehran,2025-12-03,1,2,1
9704,hasanabad_teh,tehran,2025-12-04,1,3,2
9704,hasanabad_teh,tehran,2025-12-05,1,2,1
9704,hasanabad_teh,tehran,2025-12-06,1,3,2
9704,hasanabad_teh,tehran,2025-12-07,1,3,2
9704,hasanabad_teh,tehran,2025-12-08,1,3,2
9704,hasanabad_teh,tehran,2025-12-09,1,3,2
9704,hasanabad_teh,tehran,2025-12-10,1,3,2
9704,hasanabad_teh,tehran,2025-12-11,1,4,3
9704,hasanabad_teh,tehran,2025-12-12,1,4,3
9704,hasanabad_teh,tehran,2025-12-13,1,4,3
9704,hasanabad_teh,tehran,2025-12-14,1,4,3
9704,hasanabad_teh,tehran,2025-12-15,1,4,3
9704,hasanabad_teh,tehran,2025-12-16,1,4,3
9704,hasanabad_teh,tehran,2025-12-17,1,4,3
9704,hasanabad_teh,tehran,2025-12-18,1,4,3
9704,hasanabad_teh,tehran,2025-12-19,1,4,3
9704,hasanabad_teh,tehran,2025-12-20,1,4,3
9704,hasanabad_teh,tehran,2025-12-21,1,3,2
5244,hashtgerd,alborz,2025-11-22,47,59,12
5244,hashtgerd,alborz,2025-11-23,31,57,26
5244,hashtgerd,alborz,2025-11-24,21,49,28
5244,hashtgerd,alborz,2025-11-25,21,51,30
5244,hashtgerd,alborz,2025-11-26,24,69,45
5244,hashtgerd,alborz,2025-11-27,64,170,106
5244,hashtgerd,alborz,2025-11-28,33,84,51
5244,hashtgerd,alborz,2025-11-29,14,61,47
5244,hashtgerd,alborz,2025-11-30,18,72,54
5244,hashtgerd,alborz,2025-12-01,44,92,48
5244,hashtgerd,alborz,2025-12-02,40,99,59
5244,hashtgerd,alborz,2025-12-03,40,107,67
5244,hashtgerd,alborz,2025-12-04,23,180,157
5244,hashtgerd,alborz,2025-12-05,13,87,74
5244,hashtgerd,alborz,2025-12-06,12,68,56
5244,hashtgerd,alborz,2025-12-07,12,67,55
5244,hashtgerd,alborz,2025-12-08,10,67,57
5244,hashtgerd,alborz,2025-12-09,10,68,58
5244,hashtgerd,alborz,2025-12-10,5,77,72
5244,hashtgerd,alborz,2025-12-11,17,187,170
5244,hashtgerd,alborz,2025-12-12,6,81,75
5244,hashtgerd,alborz,2025-12-13,2,69,67
5244,hashtgerd,alborz,2025-12-14,2,62,60
5244,hashtgerd,alborz,2025-12-15,4,82,78
5244,hashtgerd,alborz,2025-12-16,5,84,79
5244,hashtgerd,alborz,2025-12-17,4,89,85
5244,hashtgerd,alborz,2025-12-18,5,166,161
5244,hashtgerd,alborz,2025-12-19,2,78,76
5244,hashtgerd,alborz,2025-12-20,2,69,67
5244,hashtgerd,alborz,2025-12-21,1,58,57
7366,havigh,gilan,2025-11-22,4,4,0
7366,havigh,gilan,2025-11-23,2,3,1
7366,havigh,gilan,2025-11-24,1,3,2
7366,havigh,gilan,2025-11-25,6,9,3
7366,havigh,gilan,2025-11-26,4,9,5
7366,havigh,gilan,2025-11-27,4,10,6
7366,havigh,gilan,2025-11-28,2,4,2
7366,havigh,gilan,2025-11-29,2,4,2
7366,havigh,gilan,2025-11-30,0,2,2
7366,havigh,gilan,2025-12-01,0,2,2
7366,havigh,gilan,2025-12-02,0,3,3
7366,havigh,gilan,2025-12-03,0,5,5
7366,havigh,gilan,2025-12-04,0,10,10
7366,havigh,gilan,2025-12-05,0,3,3
7366,havigh,gilan,2025-12-06,0,4,4
7366,havigh,gilan,2025-12-07,0,3,3
7366,havigh,gilan,2025-12-08,0,3,3
7366,havigh,gilan,2025-12-09,0,3,3
7366,havigh,gilan,2025-12-10,0,4,4
7366,havigh,gilan,2025-12-11,0,9,9
7366,havigh,gilan,2025-12-12,0,2,2
7366,havigh,gilan,2025-12-13,0,3,3
7366,havigh,gilan,2025-12-14,4,8,4
7366,havigh,gilan,2025-12-15,4,8,4
7366,havigh,gilan,2025-12-16,4,9,5
7366,havigh,gilan,2025-12-17,4,10,6
7366,havigh,gilan,2025-12-18,0,6,6
7366,havigh,gilan,2025-12-19,0,3,3
7366,havigh,gilan,2025-12-20,0,3,3
7366,havigh,gilan,2025-12-21,0,1,1
5752,hemmatabad,khorasan_razavi,2025-11-22,0,0,0
5752,hemmatabad,khorasan_razavi,2025-11-23,0,0,0
5752,hemmatabad,khorasan_razavi,2025-11-24,0,0,0
5752,hemmatabad,khorasan_razavi,2025-11-25,0,0,0
5752,hemmatabad,khorasan_razavi,2025-11-26,0,0,0
5752,hemmatabad,khorasan_razavi,2025-11-27,0,0,0
5752,hemmatabad,khorasan_razavi,2025-11-28,0,0,0
5752,hemmatabad,khorasan_razavi,2025-11-29,0,0,0
5752,hemmatabad,khorasan_razavi,2025-11-30,0,0,0
5752,hemmatabad,khorasan_razavi,2025-12-01,0,0,0
5752,hemmatabad,khorasan_razavi,2025-12-02,0,0,0
5752,hemmatabad,khorasan_razavi,2025-12-03,0,0,0
5752,hemmatabad,khorasan_razavi,2025-12-04,0,0,0
5752,hemmatabad,khorasan_razavi,2025-12-05,0,0,0
5752,hemmatabad,khorasan_razavi,2025-12-06,0,0,0
5752,hemmatabad,khorasan_razavi,2025-12-07,0,0,0
5752,hemmatabad,khorasan_razavi,2025-12-08,0,0,0
5752,hemmatabad,khorasan_razavi,2025-12-09,0,0,0
5752,hemmatabad,khorasan_razavi,2025-12-10,0,0,0
5752,hemmatabad,khorasan_razavi,2025-12-11,0,0,0
5752,hemmatabad,khorasan_razavi,2025-12-12,0,0,0
5752,hemmatabad,khorasan_razavi,2025-12-13,0,0,0
5752,hemmatabad,khorasan_razavi,2025-12-14,0,0,0
5752,hemmatabad,khorasan_razavi,2025-12-15,0,0,0
5752,hemmatabad,khorasan_razavi,2025-12-16,0,0,0
5752,hemmatabad,khorasan_razavi,2025-12-17,0,0,0
5752,hemmatabad,khorasan_razavi,2025-12-18,0,0,0
5752,hemmatabad,khorasan_razavi,2025-12-19,0,0,0
5752,hemmatabad,khorasan_razavi,2025-12-20,0,0,0
5752,hemmatabad,khorasan_razavi,2025-12-21,0,0,0
7399,hengam,hormozgan,2025-11-22,981,1024,43
7399,hengam,hormozgan,2025-11-23,884,980,96
7399,hengam,hormozgan,2025-11-24,750,872,122
7399,hengam,hormozgan,2025-11-25,711,870,159
7399,hengam,hormozgan,2025-11-26,732,966,234
7399,hengam,hormozgan,2025-11-27,564,808,244
7399,hengam,hormozgan,2025-11-28,312,493,181
7399,hengam,hormozgan,2025-11-29,337,541,204
7399,hengam,hormozgan,2025-11-30,278,508,230
7399,hengam,hormozgan,2025-12-01,322,566,244
7399,hengam,hormozgan,2025-12-02,361,682,321
7399,hengam,hormozgan,2025-12-03,347,745,398
7399,hengam,hormozgan,2025-12-04,291,808,517
7399,hengam,hormozgan,2025-12-05,135,457,322
7399,hengam,hormozgan,2025-12-06,176,542,366
7399,hengam,hormozgan,2025-12-07,224,585,361
7399,hengam,hormozgan,2025-12-08,232,606,374
7399,hengam,hormozgan,2025-12-09,251,658,407
7399,hengam,hormozgan,2025-12-10,277,769,492
7399,hengam,hormozgan,2025-12-11,253,932,679
7399,hengam,hormozgan,2025-12-12,163,575,412
7399,hengam,hormozgan,2025-12-13,185,597,412
7399,hengam,hormozgan,2025-12-14,212,625,413
7399,hengam,hormozgan,2025-12-15,236,732,496
7399,hengam,hormozgan,2025-12-16,230,779,549
7399,hengam,hormozgan,2025-12-17,231,811,580
7399,hengam,hormozgan,2025-12-18,104,683,579
7399,hengam,hormozgan,2025-12-19,54,446,392
7399,hengam,hormozgan,2025-12-20,82,598,516
7399,hengam,hormozgan,2025-12-21,38,358,320
6520,hormuz_islan,hormozgan,2025-11-22,4052,4251,199
6520,hormuz_islan,hormozgan,2025-11-23,3374,3728,354
6520,hormuz_islan,hormozgan,2025-11-24,3016,3530,514
6520,hormuz_islan,hormozgan,2025-11-25,3074,3852,778
6520,hormuz_islan,hormozgan,2025-11-26,2844,3776,932
6520,hormuz_islan,hormozgan,2025-11-27,2364,3415,1051
6520,hormuz_islan,hormozgan,2025-11-28,1159,1797,638
6520,hormuz_islan,hormozgan,2025-11-29,1163,1882,719
6520,hormuz_islan,hormozgan,2025-11-30,1061,1912,851
6520,hormuz_islan,hormozgan,2025-12-01,1426,2645,1219
6520,hormuz_islan,hormozgan,2025-12-02,1449,2773,1324
6520,hormuz_islan,hormozgan,2025-12-03,1535,3181,1646
6520,hormuz_islan,hormozgan,2025-12-04,1630,4145,2515
6520,hormuz_islan,hormozgan,2025-12-05,832,2511,1679
6520,hormuz_islan,hormozgan,2025-12-06,950,2876,1926
6520,hormuz_islan,hormozgan,2025-12-07,968,3056,2088
6520,hormuz_islan,hormozgan,2025-12-08,1012,3006,1994
6520,hormuz_islan,hormozgan,2025-12-09,1148,3474,2326
6520,hormuz_islan,hormozgan,2025-12-10,928,3304,2376
6520,hormuz_islan,hormozgan,2025-12-11,1038,4280,3242
6520,hormuz_islan,hormozgan,2025-12-12,631,2801,2170
6520,hormuz_islan,hormozgan,2025-12-13,636,2658,2022
6520,hormuz_islan,hormozgan,2025-12-14,570,2497,1927
6520,hormuz_islan,hormozgan,2025-12-15,648,2984,2336
6520,hormuz_islan,hormozgan,2025-12-16,789,3545,2756
6520,hormuz_islan,hormozgan,2025-12-17,1185,4669,3484
6520,hormuz_islan,hormozgan,2025-12-18,1052,4404,3352
6520,hormuz_islan,hormozgan,2025-12-19,492,3025,2533
6520,hormuz_islan,hormozgan,2025-12-20,444,3050,2606
6520,hormuz_islan,hormozgan,2025-12-21,203,1872,1669
9749,imanshahr,isfahan,2025-11-22,0,0,0
9749,imanshahr,isfahan,2025-11-23,0,0,0
9749,imanshahr,isfahan,2025-11-24,0,0,0
9749,imanshahr,isfahan,2025-11-25,0,0,0
9749,imanshahr,isfahan,2025-11-26,0,0,0
9749,imanshahr,isfahan,2025-11-27,0,0,0
9749,imanshahr,isfahan,2025-11-28,0,0,0
9749,imanshahr,isfahan,2025-11-29,0,0,0
9749,imanshahr,isfahan,2025-11-30,0,0,0
9749,imanshahr,isfahan,2025-12-01,0,0,0
9749,imanshahr,isfahan,2025-12-02,0,0,0
9749,imanshahr,isfahan,2025-12-03,0,0,0
9749,imanshahr,isfahan,2025-12-04,0,0,0
9749,imanshahr,isfahan,2025-12-05,0,0,0
9749,imanshahr,isfahan,2025-12-06,0,0,0
9749,imanshahr,isfahan,2025-12-07,0,0,0
9749,imanshahr,isfahan,2025-12-08,0,0,0
9749,imanshahr,isfahan,2025-12-09,0,0,0
9749,imanshahr,isfahan,2025-12-10,0,0,0
9749,imanshahr,isfahan,2025-12-11,0,0,0
9749,imanshahr,isfahan,2025-12-12,0,0,0
9749,imanshahr,isfahan,2025-12-13,0,0,0
9749,imanshahr,isfahan,2025-12-14,0,0,0
9749,imanshahr,isfahan,2025-12-15,0,0,0
9749,imanshahr,isfahan,2025-12-16,0,0,0
9749,imanshahr,isfahan,2025-12-17,0,0,0
9749,imanshahr,isfahan,2025-12-18,0,0,0
9749,imanshahr,isfahan,2025-12-19,0,0,0
9749,imanshahr,isfahan,2025-12-20,0,0,0
9749,imanshahr,isfahan,2025-12-21,0,0,0
7619,isfahan,isfahan,2025-11-22,7978,9107,1129
7619,isfahan,isfahan,2025-11-23,6264,8265,2001
7619,isfahan,isfahan,2025-11-24,5012,7391,2379
7619,isfahan,isfahan,2025-11-25,4910,8039,3129
7619,isfahan,isfahan,2025-11-26,5363,10626,5263
7619,isfahan,isfahan,2025-11-27,5225,12627,7402
7619,isfahan,isfahan,2025-11-28,2039,5100,3061
7619,isfahan,isfahan,2025-11-29,1973,5251,3278
7619,isfahan,isfahan,2025-11-30,1854,5472,3618
7619,isfahan,isfahan,2025-12-01,1769,5509,3740
7619,isfahan,isfahan,2025-12-02,1710,5923,4213
7619,isfahan,isfahan,2025-12-03,2162,9074,6912
7619,isfahan,isfahan,2025-12-04,2417,14602,12185
7619,isfahan,isfahan,2025-12-05,951,5186,4235
7619,isfahan,isfahan,2025-12-06,1111,5787,4676
7619,isfahan,isfahan,2025-12-07,980,5618,4638
7619,isfahan,isfahan,2025-12-08,922,5385,4463
7619,isfahan,isfahan,2025-12-09,850,5956,5106
7619,isfahan,isfahan,2025-12-10,1045,8717,7672
7619,isfahan,isfahan,2025-12-11,1163,13399,12236
7619,isfahan,isfahan,2025-12-12,716,6457,5741
7619,isfahan,isfahan,2025-12-13,852,6606,5754
7619,isfahan,isfahan,2025-12-14,828,6325,5497
7619,isfahan,isfahan,2025-12-15,831,6684,5853
7619,isfahan,isfahan,2025-12-16,931,8457,7526
7619,isfahan,isfahan,2025-12-17,1012,10707,9695
7619,isfahan,isfahan,2025-12-18,982,12297,11315
7619,isfahan,isfahan,2025-12-19,672,7229,6557
7619,isfahan,isfahan,2025-12-20,713,7104,6391
7619,isfahan,isfahan,2025-12-21,403,5827,5424
3892,izadshahr,mazandaran,2025-11-22,421,479,58
3892,izadshahr,mazandaran,2025-11-23,411,527,116
3892,izadshahr,mazandaran,2025-11-24,353,517,164
3892,izadshahr,mazandaran,2025-11-25,333,533,200
3892,izadshahr,mazandaran,2025-11-26,401,832,431
3892,izadshahr,mazandaran,2025-11-27,393,1016,623
3892,izadshahr,mazandaran,2025-11-28,235,558,323
3892,izadshahr,mazandaran,2025-11-29,186,427,241
3892,izadshahr,mazandaran,2025-11-30,178,475,297
3892,izadshahr,mazandaran,2025-12-01,106,363,257
3892,izadshahr,mazandaran,2025-12-02,90,390,300
3892,izadshahr,mazandaran,2025-12-03,192,791,599
3892,izadshahr,mazandaran,2025-12-04,166,1268,1102
3892,izadshahr,mazandaran,2025-12-05,121,614,493
3892,izadshahr,mazandaran,2025-12-06,97,426,329
3892,izadshahr,mazandaran,2025-12-07,54,332,278
3892,izadshahr,mazandaran,2025-12-08,58,312,254
3892,izadshahr,mazandaran,2025-12-09,39,371,332
3892,izadshahr,mazandaran,2025-12-10,26,485,459
3892,izadshahr,mazandaran,2025-12-11,42,1053,1011
3892,izadshahr,mazandaran,2025-12-12,24,465,441
3892,izadshahr,mazandaran,2025-12-13,23,353,330
3892,izadshahr,mazandaran,2025-12-14,24,314,290
3892,izadshahr,mazandaran,2025-12-15,13,340,327
3892,izadshahr,mazandaran,2025-12-16,14,393,379
3892,izadshahr,mazandaran,2025-12-17,25,491,466
3892,izadshahr,mazandaran,2025-12-18,30,711,681
3892,izadshahr,mazandaran,2025-12-19,37,441,404
3892,izadshahr,mazandaran,2025-12-20,47,309,262
3892,izadshahr,mazandaran,2025-12-21,6,225,219
6888,jandagh,isfahan,2025-11-22,0,0,0
6888,jandagh,isfahan,2025-11-23,0,0,0
6888,jandagh,isfahan,2025-11-24,0,0,0
6888,jandagh,isfahan,2025-11-25,0,0,0
6888,jandagh,isfahan,2025-11-26,0,0,0
6888,jandagh,isfahan,2025-11-27,0,0,0
6888,jandagh,isfahan,2025-11-28,0,0,0
6888,jandagh,isfahan,2025-11-29,0,0,0
6888,jandagh,isfahan,2025-11-30,0,0,0
6888,jandagh,isfahan,2025-12-01,0,0,0
6888,jandagh,isfahan,2025-12-02,0,0,0
6888,jandagh,isfahan,2025-12-03,0,0,0
6888,jandagh,isfahan,2025-12-04,0,0,0
6888,jandagh,isfahan,2025-12-05,0,0,0
6888,jandagh,isfahan,2025-12-06,0,0,0
6888,jandagh,isfahan,2025-12-07,0,0,0
6888,jandagh,isfahan,2025-12-08,0,0,0
6888,jandagh,isfahan,2025-12-09,0,0,0
6888,jandagh,isfahan,2025-12-10,0,0,0
6888,jandagh,isfahan,2025-12-11,0,0,0
6888,jandagh,isfahan,2025-12-12,0,0,0
6888,jandagh,isfahan,2025-12-13,0,0,0
6888,jandagh,isfahan,2025-12-14,0,0,0
6888,jandagh,isfahan,2025-12-15,0,0,0
6888,jandagh,isfahan,2025-12-16,0,0,0
6888,jandagh,isfahan,2025-12-17,0,0,0
6888,jandagh,isfahan,2025-12-18,0,0,0
6888,jandagh,isfahan,2025-12-19,0,0,0
6888,jandagh,isfahan,2025-12-20,0,0,0
6888,jandagh,isfahan,2025-12-21,0,0,0
4353,jask,hormozgan,2025-11-22,4,5,1
4353,jask,hormozgan,2025-11-23,5,7,2
4353,jask,hormozgan,2025-11-24,7,10,3
4353,jask,hormozgan,2025-11-25,8,12,4
4353,jask,hormozgan,2025-11-26,7,12,5
4353,jask,hormozgan,2025-11-27,4,8,4
4353,jask,hormozgan,2025-11-28,2,4,2
4353,jask,hormozgan,2025-11-29,4,7,3
4353,jask,hormozgan,2025-11-30,5,10,5
4353,jask,hormozgan,2025-12-01,3,8,5
4353,jask,hormozgan,2025-12-02,3,9,6
4353,jask,hormozgan,2025-12-03,4,11,7
4353,jask,hormozgan,2025-12-04,1,9,8
4353,jask,hormozgan,2025-12-05,1,7,6
4353,jask,hormozgan,2025-12-06,2,10,8
4353,jask,hormozgan,2025-12-07,3,12,9
4353,jask,hormozgan,2025-12-08,4,12,8
4353,jask,hormozgan,2025-12-09,5,14,9
4353,jask,hormozgan,2025-12-10,2,10,8
4353,jask,hormozgan,2025-12-11,1,8,7
4353,jask,hormozgan,2025-12-12,1,6,5
4353,jask,hormozgan,2025-12-13,2,10,8
4353,jask,hormozgan,2025-12-14,1,7,6
4353,jask,hormozgan,2025-12-15,2,12,10
4353,jask,hormozgan,2025-12-16,1,11,10
4353,jask,hormozgan,2025-12-17,1,11,10
4353,jask,hormozgan,2025-12-18,1,9,8
4353,jask,hormozgan,2025-12-19,1,7,6
4353,jask,hormozgan,2025-12-20,1,10,9
4353,jask,hormozgan,2025-12-21,0,6,6
2451,javadabad,tehran,2025-11-22,0,0,0
2451,javadabad,tehran,2025-11-23,0,0,0
2451,javadabad,tehran,2025-11-24,0,0,0
2451,javadabad,tehran,2025-11-25,0,0,0
2451,javadabad,tehran,2025-11-26,0,0,0
2451,javadabad,tehran,2025-11-27,0,0,0
2451,javadabad,tehran,2025-11-28,0,0,0
2451,javadabad,tehran,2025-11-29,0,0,0
2451,javadabad,tehran,2025-11-30,0,0,0
2451,javadabad,tehran,2025-12-01,0,0,0
2451,javadabad,tehran,2025-12-02,0,0,0
2451,javadabad,tehran,2025-12-03,0,0,0
2451,javadabad,tehran,2025-12-04,0,0,0
2451,javadabad,tehran,2025-12-05,0,0,0
2451,javadabad,tehran,2025-12-06,0,0,0
2451,javadabad,tehran,2025-12-07,0,0,0
2451,javadabad,tehran,2025-12-08,0,0,0
2451,javadabad,tehran,2025-12-09,0,0,0
2451,javadabad,tehran,2025-12-10,0,0,0
2451,javadabad,tehran,2025-12-11,0,0,0
2451,javadabad,tehran,2025-12-12,0,0,0
2451,javadabad,tehran,2025-12-13,0,0,0
2451,javadabad,tehran,2025-12-14,0,0,0
2451,javadabad,tehran,2025-12-15,0,0,0
2451,javadabad,tehran,2025-12-16,0,0,0
2451,javadabad,tehran,2025-12-17,0,0,0
2451,javadabad,tehran,2025-12-18,0,0,0
2451,javadabad,tehran,2025-12-19,0,0,0
2451,javadabad,tehran,2025-12-20,0,0,0
2451,javadabad,tehran,2025-12-21,0,0,0
7412,javaherdeh,mazandaran,2025-11-22,817,899,82
7412,javaherdeh,mazandaran,2025-11-23,631,782,151
7412,javaherdeh,mazandaran,2025-11-24,652,901,249
7412,javaherdeh,mazandaran,2025-11-25,638,958,320
7412,javaherdeh,mazandaran,2025-11-26,597,1010,413
7412,javaherdeh,mazandaran,2025-11-27,467,877,410
7412,javaherdeh,mazandaran,2025-11-28,264,518,254
7412,javaherdeh,mazandaran,2025-11-29,303,594,291
7412,javaherdeh,mazandaran,2025-11-30,273,572,299
7412,javaherdeh,mazandaran,2025-12-01,286,649,363
7412,javaherdeh,mazandaran,2025-12-02,247,612,365
7412,javaherdeh,mazandaran,2025-12-03,268,797,529
7412,javaherdeh,mazandaran,2025-12-04,293,1157,864
7412,javaherdeh,mazandaran,2025-12-05,206,628,422
7412,javaherdeh,mazandaran,2025-12-06,212,566,354
7412,javaherdeh,mazandaran,2025-12-07,196,528,332
7412,javaherdeh,mazandaran,2025-12-08,172,483,311
7412,javaherdeh,mazandaran,2025-12-09,164,484,320
7412,javaherdeh,mazandaran,2025-12-10,157,549,392
7412,javaherdeh,mazandaran,2025-12-11,136,875,739
7412,javaherdeh,mazandaran,2025-12-12,96,404,308
7412,javaherdeh,mazandaran,2025-12-13,86,349,263
7412,javaherdeh,mazandaran,2025-12-14,72,293,221
7412,javaherdeh,mazandaran,2025-12-15,61,302,241
7412,javaherdeh,mazandaran,2025-12-16,31,271,240
7412,javaherdeh,mazandaran,2025-12-17,38,335,297
7412,javaherdeh,mazandaran,2025-12-18,44,479,435
7412,javaherdeh,mazandaran,2025-12-19,26,274,248
7412,javaherdeh,mazandaran,2025-12-20,15,217,202
7412,javaherdeh,mazandaran,2025-12-21,10,155,145
5951,jenah,hormozgan,2025-11-22,0,0,0
5951,jenah,hormozgan,2025-11-23,0,0,0
5951,jenah,hormozgan,2025-11-24,0,0,0
5951,jenah,hormozgan,2025-11-25,0,0,0
5951,jenah,hormozgan,2025-11-26,0,0,0
5951,jenah,hormozgan,2025-11-27,0,0,0
5951,jenah,hormozgan,2025-11-28,0,0,0
5951,jenah,hormozgan,2025-11-29,0,0,0
5951,jenah,hormozgan,2025-11-30,0,0,0
5951,jenah,hormozgan,2025-12-01,0,0,0
5951,jenah,hormozgan,2025-12-02,0,0,0
5951,jenah,hormozgan,2025-12-03,0,0,0
5951,jenah,hormozgan,2025-12-04,0,0,0
5951,jenah,hormozgan,2025-12-05,0,0,0
5951,jenah,hormozgan,2025-12-06,0,0,0
5951,jenah,hormozgan,2025-12-07,0,0,0
5951,jenah,hormozgan,2025-12-08,0,0,0
5951,jenah,hormozgan,2025-12-09,0,0,0
5951,jenah,hormozgan,2025-12-10,0,0,0
5951,jenah,hormozgan,2025-12-11,0,0,0
5951,jenah,hormozgan,2025-12-12,0,0,0
5951,jenah,hormozgan,2025-12-13,0,0,0
5951,jenah,hormozgan,2025-12-14,0,0,0
5951,jenah,hormozgan,2025-12-15,0,0,0
5951,jenah,hormozgan,2025-12-16,0,0,0
5951,jenah,hormozgan,2025-12-17,0,0,0
5951,jenah,hormozgan,2025-12-18,0,0,0
5951,jenah,hormozgan,2025-12-19,0,0,0
5951,jenah,hormozgan,2025-12-20,0,0,0
5951,jenah,hormozgan,2025-12-21,0,0,0
9062,jirandeh,gilan,2025-11-22,0,0,0
9062,jirandeh,gilan,2025-11-23,0,0,0
9062,jirandeh,gilan,2025-11-24,0,0,0
9062,jirandeh,gilan,2025-11-25,0,0,0
9062,jirandeh,gilan,2025-11-26,0,0,0
9062,jirandeh,gilan,2025-11-27,0,0,0
9062,jirandeh,gilan,2025-11-28,0,0,0
9062,jirandeh,gilan,2025-11-29,0,0,0
9062,jirandeh,gilan,2025-11-30,0,0,0
9062,jirandeh,gilan,2025-12-01,0,0,0
9062,jirandeh,gilan,2025-12-02,0,0,0
9062,jirandeh,gilan,2025-12-03,0,0,0
9062,jirandeh,gilan,2025-12-04,0,0,0
9062,jirandeh,gilan,2025-12-05,0,0,0
9062,jirandeh,gilan,2025-12-06,0,0,0
9062,jirandeh,gilan,2025-12-07,0,0,0
9062,jirandeh,gilan,2025-12-08,0,0,0
9062,jirandeh,gilan,2025-12-09,0,0,0
9062,jirandeh,gilan,2025-12-10,0,0,0
9062,jirandeh,gilan,2025-12-11,0,0,0
9062,jirandeh,gilan,2025-12-12,0,0,0
9062,jirandeh,gilan,2025-12-13,0,0,0
9062,jirandeh,gilan,2025-12-14,0,0,0
9062,jirandeh,gilan,2025-12-15,0,0,0
9062,jirandeh,gilan,2025-12-16,0,0,0
9062,jirandeh,gilan,2025-12-17,0,0,0
9062,jirandeh,gilan,2025-12-18,0,0,0
9062,jirandeh,gilan,2025-12-19,0,0,0
9062,jirandeh,gilan,2025-12-20,0,0,0
9062,jirandeh,gilan,2025-12-21,0,0,0
8593,josheghankamo,isfahan,2025-11-22,0,0,0
8593,josheghankamo,isfahan,2025-11-23,0,0,0
8593,josheghankamo,isfahan,2025-11-24,0,0,0
8593,josheghankamo,isfahan,2025-11-25,0,0,0
8593,josheghankamo,isfahan,2025-11-26,0,0,0
8593,josheghankamo,isfahan,2025-11-27,0,0,0
8593,josheghankamo,isfahan,2025-11-28,0,0,0
8593,josheghankamo,isfahan,2025-11-29,0,0,0
8593,josheghankamo,isfahan,2025-11-30,0,0,0
8593,josheghankamo,isfahan,2025-12-01,0,0,0
8593,josheghankamo,isfahan,2025-12-02,0,0,0
8593,josheghankamo,isfahan,2025-12-03,0,0,0
8593,josheghankamo,isfahan,2025-12-04,0,0,0
8593,josheghankamo,isfahan,2025-12-05,0,0,0
8593,josheghankamo,isfahan,2025-12-06,0,0,0
8593,josheghankamo,isfahan,2025-12-07,0,0,0
8593,josheghankamo,isfahan,2025-12-08,0,0,0
8593,josheghankamo,isfahan,2025-12-09,0,0,0
8593,josheghankamo,isfahan,2025-12-10,0,0,0
8593,josheghankamo,isfahan,2025-12-11,0,0,0
8593,josheghankamo,isfahan,2025-12-12,0,0,0
8593,josheghankamo,isfahan,2025-12-13,0,0,0
8593,josheghankamo,isfahan,2025-12-14,0,0,0
8593,josheghankamo,isfahan,2025-12-15,0,0,0
8593,josheghankamo,isfahan,2025-12-16,0,0,0
8593,josheghankamo,isfahan,2025-12-17,0,0,0
8593,josheghankamo,isfahan,2025-12-18,0,0,0
8593,josheghankamo,isfahan,2025-12-19,0,0,0
8593,josheghankamo,isfahan,2025-12-20,0,0,0
8593,josheghankamo,isfahan,2025-12-21,0,0,0
5529,jowzdan,isfahan,2025-11-22,0,0,0
5529,jowzdan,isfahan,2025-11-23,0,0,0
5529,jowzdan,isfahan,2025-11-24,0,0,0
5529,jowzdan,isfahan,2025-11-25,0,0,0
5529,jowzdan,isfahan,2025-11-26,0,0,0
5529,jowzdan,isfahan,2025-11-27,1,1,0
5529,jowzdan,isfahan,2025-11-28,0,0,0
5529,jowzdan,isfahan,2025-11-29,0,0,0
5529,jowzdan,isfahan,2025-11-30,0,0,0
5529,jowzdan,isfahan,2025-12-01,0,0,0
5529,jowzdan,isfahan,2025-12-02,0,0,0
5529,jowzdan,isfahan,2025-12-03,0,0,0
5529,jowzdan,isfahan,2025-12-04,0,0,0
5529,jowzdan,isfahan,2025-12-05,0,0,0
5529,jowzdan,isfahan,2025-12-06,0,0,0
5529,jowzdan,isfahan,2025-12-07,1,1,0
5529,jowzdan,isfahan,2025-12-08,1,1,0
5529,jowzdan,isfahan,2025-12-09,0,0,0
5529,jowzdan,isfahan,2025-12-10,0,0,0
5529,jowzdan,isfahan,2025-12-11,1,2,1
5529,jowzdan,isfahan,2025-12-12,0,0,0
5529,jowzdan,isfahan,2025-12-13,0,0,0
5529,jowzdan,isfahan,2025-12-14,0,0,0
5529,jowzdan,isfahan,2025-12-15,0,0,0
5529,jowzdan,isfahan,2025-12-16,0,0,0
5529,jowzdan,isfahan,2025-12-17,0,0,0
5529,jowzdan,isfahan,2025-12-18,0,0,0
5529,jowzdan,isfahan,2025-12-19,0,0,0
5529,jowzdan,isfahan,2025-12-20,0,0,0
5529,jowzdan,isfahan,2025-12-21,0,0,0
6930,juybar,mazandaran,2025-11-22,5,7,2
6930,juybar,mazandaran,2025-11-23,2,5,3
6930,juybar,mazandaran,2025-11-24,2,7,5
6930,juybar,mazandaran,2025-11-25,2,7,5
6930,juybar,mazandaran,2025-11-26,3,13,10
6930,juybar,mazandaran,2025-11-27,13,37,24
6930,juybar,mazandaran,2025-11-28,4,10,6
6930,juybar,mazandaran,2025-11-29,0,7,7
6930,juybar,mazandaran,2025-11-30,0,9,9
6930,juybar,mazandaran,2025-12-01,0,10,10
6930,juybar,mazandaran,2025-12-02,0,10,10
6930,juybar,mazandaran,2025-12-03,0,13,13
6930,juybar,mazandaran,2025-12-04,0,24,24
6930,juybar,mazandaran,2025-12-05,0,10,10
6930,juybar,mazandaran,2025-12-06,0,10,10
6930,juybar,mazandaran,2025-12-07,3,13,10
6930,juybar,mazandaran,2025-12-08,0,10,10
6930,juybar,mazandaran,2025-12-09,1,11,10
6930,juybar,mazandaran,2025-12-10,1,12,11
6930,juybar,mazandaran,2025-12-11,0,23,23
6930,juybar,mazandaran,2025-12-12,0,11,11
6930,juybar,mazandaran,2025-12-13,0,11,11
6930,juybar,mazandaran,2025-12-14,0,10,10
6930,juybar,mazandaran,2025-12-15,0,12,12
6930,juybar,mazandaran,2025-12-16,0,14,14
6930,juybar,mazandaran,2025-12-17,0,15,15
6930,juybar,mazandaran,2025-12-18,0,24,24
6930,juybar,mazandaran,2025-12-19,0,13,13
6930,juybar,mazandaran,2025-12-20,0,11,11
6930,juybar,mazandaran,2025-12-21,0,8,8
8699,kahrizak,tehran,2025-11-22,0,0,0
8699,kahrizak,tehran,2025-11-23,0,0,0
8699,kahrizak,tehran,2025-11-24,0,0,0
8699,kahrizak,tehran,2025-11-25,0,0,0
8699,kahrizak,tehran,2025-11-26,0,0,0
8699,kahrizak,tehran,2025-11-27,0,0,0
8699,kahrizak,tehran,2025-11-28,0,0,0
8699,kahrizak,tehran,2025-11-29,0,0,0
8699,kahrizak,tehran,2025-11-30,0,0,0
8699,kahrizak,tehran,2025-12-01,0,0,0
8699,kahrizak,tehran,2025-12-02,0,0,0
8699,kahrizak,tehran,2025-12-03,0,0,0
8699,kahrizak,tehran,2025-12-04,0,0,0
8699,kahrizak,tehran,2025-12-05,0,0,0
8699,kahrizak,tehran,2025-12-06,0,0,0
8699,kahrizak,tehran,2025-12-07,0,0,0
8699,kahrizak,tehran,2025-12-08,0,0,0
8699,kahrizak,tehran,2025-12-09,0,0,0
8699,kahrizak,tehran,2025-12-10,0,0,0
8699,kahrizak,tehran,2025-12-11,0,0,0
8699,kahrizak,tehran,2025-12-12,0,0,0
8699,kahrizak,tehran,2025-12-13,0,0,0
8699,kahrizak,tehran,2025-12-14,0,0,0
8699,kahrizak,tehran,2025-12-15,0,0,0
8699,kahrizak,tehran,2025-12-16,0,0,0
8699,kahrizak,tehran,2025-12-17,0,0,0
8699,kahrizak,tehran,2025-12-18,0,0,0
8699,kahrizak,tehran,2025-12-19,0,0,0
8699,kahrizak,tehran,2025-12-20,0,0,0
8699,kahrizak,tehran,2025-12-21,0,0,0
2335,kahrizsang,isfahan,2025-11-22,0,0,0
2335,kahrizsang,isfahan,2025-11-23,0,0,0
2335,kahrizsang,isfahan,2025-11-24,0,0,0
2335,kahrizsang,isfahan,2025-11-25,0,0,0
2335,kahrizsang,isfahan,2025-11-26,0,0,0
2335,kahrizsang,isfahan,2025-11-27,0,0,0
2335,kahrizsang,isfahan,2025-11-28,0,0,0
2335,kahrizsang,isfahan,2025-11-29,0,0,0
2335,kahrizsang,isfahan,2025-11-30,0,0,0
2335,kahrizsang,isfahan,2025-12-01,0,0,0
2335,kahrizsang,isfahan,2025-12-02,0,0,0
2335,kahrizsang,isfahan,2025-12-03,0,0,0
2335,kahrizsang,isfahan,2025-12-04,0,0,0
2335,kahrizsang,isfahan,2025-12-05,0,0,0
2335,kahrizsang,isfahan,2025-12-06,0,0,0
2335,kahrizsang,isfahan,2025-12-07,0,0,0
2335,kahrizsang,isfahan,2025-12-08,0,0,0
2335,kahrizsang,isfahan,2025-12-09,0,0,0
2335,kahrizsang,isfahan,2025-12-10,0,0,0
2335,kahrizsang,isfahan,2025-12-11,0,0,0
2335,kahrizsang,isfahan,2025-12-12,0,0,0
2335,kahrizsang,isfahan,2025-12-13,0,0,0
2335,kahrizsang,isfahan,2025-12-14,0,0,0
2335,kahrizsang,isfahan,2025-12-15,0,0,0
2335,kahrizsang,isfahan,2025-12-16,0,0,0
2335,kahrizsang,isfahan,2025-12-17,0,0,0
2335,kahrizsang,isfahan,2025-12-18,0,0,0
2335,kahrizsang,isfahan,2025-12-19,0,0,0
2335,kahrizsang,isfahan,2025-12-20,0,0,0
2335,kahrizsang,isfahan,2025-12-21,0,0,0
7058,kalachay,gilan,2025-11-22,91,103,12
7058,kalachay,gilan,2025-11-23,59,76,17
7058,kalachay,gilan,2025-11-24,56,77,21
7058,kalachay,gilan,2025-11-25,51,79,28
7058,kalachay,gilan,2025-11-26,75,146,71
7058,kalachay,gilan,2025-11-27,62,169,107
7058,kalachay,gilan,2025-11-28,48,95,47
7058,kalachay,gilan,2025-11-29,39,77,38
7058,kalachay,gilan,2025-11-30,21,58,37
7058,kalachay,gilan,2025-12-01,11,45,34
7058,kalachay,gilan,2025-12-02,4,39,35
7058,kalachay,gilan,2025-12-03,19,98,79
7058,kalachay,gilan,2025-12-04,21,179,158
7058,kalachay,gilan,2025-12-05,6,45,39
7058,kalachay,gilan,2025-12-06,15,64,49
7058,kalachay,gilan,2025-12-07,11,47,36
7058,kalachay,gilan,2025-12-08,4,43,39
7058,kalachay,gilan,2025-12-09,6,50,44
7058,kalachay,gilan,2025-12-10,16,87,71
7058,kalachay,gilan,2025-12-11,10,150,140
7058,kalachay,gilan,2025-12-12,4,53,49
7058,kalachay,gilan,2025-12-13,2,41,39
7058,kalachay,gilan,2025-12-14,2,39,37
7058,kalachay,gilan,2025-12-15,2,46,44
7058,kalachay,gilan,2025-12-16,6,65,59
7058,kalachay,gilan,2025-12-17,14,101,87
7058,kalachay,gilan,2025-12-18,12,146,134
7058,kalachay,gilan,2025-12-19,0,51,51
7058,kalachay,gilan,2025-12-20,1,43,42
7058,kalachay,gilan,2025-12-21,0,33,33
5506,kalat,khorasan_razavi,2025-11-22,31,32,1
5506,kalat,khorasan_razavi,2025-11-23,14,17,3
5506,kalat,khorasan_razavi,2025-11-24,14,18,4
5506,kalat,khorasan_razavi,2025-11-25,12,17,5
5506,kalat,khorasan_razavi,2025-11-26,6,13,7
5506,kalat,khorasan_razavi,2025-11-27,7,24,17
5506,kalat,khorasan_razavi,2025-11-28,5,9,4
5506,kalat,khorasan_razavi,2025-11-29,0,4,4
5506,kalat,khorasan_razavi,2025-11-30,0,4,4
5506,kalat,khorasan_razavi,2025-12-01,2,6,4
5506,kalat,khorasan_razavi,2025-12-02,4,9,5
5506,kalat,khorasan_razavi,2025-12-03,5,14,9
5506,kalat,khorasan_razavi,2025-12-04,6,61,55
5506,kalat,khorasan_razavi,2025-12-05,1,12,11
5506,kalat,khorasan_razavi,2025-12-06,0,7,7
5506,kalat,khorasan_razavi,2025-12-07,0,6,6
5506,kalat,khorasan_razavi,2025-12-08,1,8,7
5506,kalat,khorasan_razavi,2025-12-09,3,10,7
5506,kalat,khorasan_razavi,2025-12-10,0,8,8
5506,kalat,khorasan_razavi,2025-12-11,1,32,31
5506,kalat,khorasan_razavi,2025-12-12,0,6,6
5506,kalat,khorasan_razavi,2025-12-13,0,7,7
5506,kalat,khorasan_razavi,2025-12-14,1,8,7
5506,kalat,khorasan_razavi,2025-12-15,1,11,10
5506,kalat,khorasan_razavi,2025-12-16,1,12,11
5506,kalat,khorasan_razavi,2025-12-17,1,13,12
5506,kalat,khorasan_razavi,2025-12-18,0,23,23
5506,kalat,khorasan_razavi,2025-12-19,0,10,10
5506,kalat,khorasan_razavi,2025-12-20,0,7,7
5506,kalat,khorasan_razavi,2025-12-21,0,6,6
2992,kalebast,mazandaran,2025-11-22,0,0,0
2992,kalebast,mazandaran,2025-11-23,1,1,0
2992,kalebast,mazandaran,2025-11-24,0,0,0
2992,kalebast,mazandaran,2025-11-25,0,0,0
2992,kalebast,mazandaran,2025-11-26,0,0,0
2992,kalebast,mazandaran,2025-11-27,0,0,0
2992,kalebast,mazandaran,2025-11-28,0,0,0
2992,kalebast,mazandaran,2025-11-29,0,0,0
2992,kalebast,mazandaran,2025-11-30,0,0,0
2992,kalebast,mazandaran,2025-12-01,0,0,0
2992,kalebast,mazandaran,2025-12-02,0,0,0
2992,kalebast,mazandaran,2025-12-03,0,0,0
2992,kalebast,mazandaran,2025-12-04,0,0,0
2992,kalebast,mazandaran,2025-12-05,0,0,0
2992,kalebast,mazandaran,2025-12-06,0,0,0
2992,kalebast,mazandaran,2025-12-07,0,0,0
2992,kalebast,mazandaran,2025-12-08,0,0,0
2992,kalebast,mazandaran,2025-12-09,0,0,0
2992,kalebast,mazandaran,2025-12-10,0,0,0
2992,kalebast,mazandaran,2025-12-11,0,0,0
2992,kalebast,mazandaran,2025-12-12,0,0,0
2992,kalebast,mazandaran,2025-12-13,0,0,0
2992,kalebast,mazandaran,2025-12-14,0,0,0
2992,kalebast,mazandaran,2025-12-15,0,0,0
2992,kalebast,mazandaran,2025-12-16,0,0,0
2992,kalebast,mazandaran,2025-12-17,0,0,0
2992,kalebast,mazandaran,2025-12-18,0,0,0
2992,kalebast,mazandaran,2025-12-19,0,0,0
2992,kalebast,mazandaran,2025-12-20,0,0,0
2992,kalebast,mazandaran,2025-12-21,0,0,0
8428,kamalshahr,alborz,2025-11-22,0,0,0
8428,kamalshahr,alborz,2025-11-23,4,5,1
8428,kamalshahr,alborz,2025-11-24,0,1,1
8428,kamalshahr,alborz,2025-11-25,1,2,1
8428,kamalshahr,alborz,2025-11-26,1,3,2
8428,kamalshahr,alborz,2025-11-27,1,4,3
8428,kamalshahr,alborz,2025-11-28,1,2,1
8428,kamalshahr,alborz,2025-11-29,0,1,1
8428,kamalshahr,alborz,2025-11-30,0,2,2
8428,kamalshahr,alborz,2025-12-01,3,5,2
8428,kamalshahr,alborz,2025-12-02,0,2,2
8428,kamalshahr,alborz,2025-12-03,0,3,3
8428,kamalshahr,alborz,2025-12-04,0,7,7
8428,kamalshahr,alborz,2025-12-05,0,3,3
8428,kamalshahr,alborz,2025-12-06,0,3,3
8428,kamalshahr,alborz,2025-12-07,0,2,2
8428,kamalshahr,alborz,2025-12-08,0,3,3
8428,kamalshahr,alborz,2025-12-09,0,3,3
8428,kamalshahr,alborz,2025-12-10,0,3,3
8428,kamalshahr,alborz,2025-12-11,0,6,6
8428,kamalshahr,alborz,2025-12-12,0,3,3
8428,kamalshahr,alborz,2025-12-13,0,3,3
8428,kamalshahr,alborz,2025-12-14,0,2,2
8428,kamalshahr,alborz,2025-12-15,0,3,3
8428,kamalshahr,alborz,2025-12-16,0,3,3
8428,kamalshahr,alborz,2025-12-17,0,3,3
8428,kamalshahr,alborz,2025-12-18,0,7,7
8428,kamalshahr,alborz,2025-12-19,0,3,3
8428,kamalshahr,alborz,2025-12-20,0,3,3
8428,kamalshahr,alborz,2025-12-21,0,2,2
2302,kameh,isfahan,2025-11-22,0,0,0
2302,kameh,isfahan,2025-11-23,0,0,0
2302,kameh,isfahan,2025-11-24,0,0,0
2302,kameh,isfahan,2025-11-25,0,0,0
2302,kameh,isfahan,2025-11-26,0,0,0
2302,kameh,isfahan,2025-11-27,0,0,0
2302,kameh,isfahan,2025-11-28,0,0,0
2302,kameh,isfahan,2025-11-29,0,0,0
2302,kameh,isfahan,2025-11-30,0,0,0
2302,kameh,isfahan,2025-12-01,0,0,0
2302,kameh,isfahan,2025-12-02,0,0,0
2302,kameh,isfahan,2025-12-03,0,0,0
2302,kameh,isfahan,2025-12-04,0,0,0
2302,kameh,isfahan,2025-12-05,0,0,0
2302,kameh,isfahan,2025-12-06,0,0,0
2302,kameh,isfahan,2025-12-07,0,0,0
2302,kameh,isfahan,2025-12-08,0,0,0
2302,kameh,isfahan,2025-12-09,0,0,0
2302,kameh,isfahan,2025-12-10,0,0,0
2302,kameh,isfahan,2025-12-11,0,0,0
2302,kameh,isfahan,2025-12-12,0,0,0
2302,kameh,isfahan,2025-12-13,0,0,0
2302,kameh,isfahan,2025-12-14,0,0,0
2302,kameh,isfahan,2025-12-15,0,0,0
2302,kameh,isfahan,2025-12-16,0,0,0
2302,kameh,isfahan,2025-12-17,0,0,0
2302,kameh,isfahan,2025-12-18,0,0,0
2302,kameh,isfahan,2025-12-19,0,0,0
2302,kameh,isfahan,2025-12-20,0,0,0
2302,kameh,isfahan,2025-12-21,0,0,0
9059,karaj,alborz,2025-11-22,1312,1641,329
9059,karaj,alborz,2025-11-23,1512,2276,764
9059,karaj,alborz,2025-11-24,1084,1858,774
9059,karaj,alborz,2025-11-25,883,1735,852
9059,karaj,alborz,2025-11-26,842,1965,1123
9059,karaj,alborz,2025-11-27,1209,3366,2157
9059,karaj,alborz,2025-11-28,599,1837,1238
9059,karaj,alborz,2025-11-29,440,1420,980
9059,karaj,alborz,2025-11-30,446,1659,1213
9059,karaj,alborz,2025-12-01,407,1627,1220
9059,karaj,alborz,2025-12-02,432,1814,1382
9059,karaj,alborz,2025-12-03,439,2070,1631
9059,karaj,alborz,2025-12-04,631,4348,3717
9059,karaj,alborz,2025-12-05,341,2236,1895
9059,karaj,alborz,2025-12-06,314,1964,1650
9059,karaj,alborz,2025-12-07,319,1814,1495
9059,karaj,alborz,2025-12-08,300,1899,1599
9059,karaj,alborz,2025-12-09,303,1967,1664
9059,karaj,alborz,2025-12-10,300,2153,1853
9059,karaj,alborz,2025-12-11,384,4337,3953
9059,karaj,alborz,2025-12-12,253,2094,1841
9059,karaj,alborz,2025-12-13,239,1944,1705
9059,karaj,alborz,2025-12-14,235,1964,1729
9059,karaj,alborz,2025-12-15,240,2186,1946
9059,karaj,alborz,2025-12-16,250,2556,2306
9059,karaj,alborz,2025-12-17,264,2575,2311
9059,karaj,alborz,2025-12-18,336,4247,3911
9059,karaj,alborz,2025-12-19,254,2570,2316
9059,karaj,alborz,2025-12-20,219,2003,1784
9059,karaj,alborz,2025-12-21,120,1934,1814
8999,kashan,isfahan,2025-11-22,1168,1473,305
8999,kashan,isfahan,2025-11-23,1181,1743,562
8999,kashan,isfahan,2025-11-24,860,1468,608
8999,kashan,isfahan,2025-11-25,702,1371,669
8999,kashan,isfahan,2025-11-26,1036,2373,1337
8999,kashan,isfahan,2025-11-27,1326,3793,2467
8999,kashan,isfahan,2025-11-28,337,1039,702
8999,kashan,isfahan,2025-11-29,290,940,650
8999,kashan,isfahan,2025-11-30,214,826,612
8999,kashan,isfahan,2025-12-01,305,1133,828
8999,kashan,isfahan,2025-12-02,361,1362,1001
8999,kashan,isfahan,2025-12-03,338,1876,1538
8999,kashan,isfahan,2025-12-04,538,4310,3772
8999,kashan,isfahan,2025-12-05,232,1582,1350
8999,kashan,isfahan,2025-12-06,267,1275,1008
8999,kashan,isfahan,2025-12-07,135,1041,906
8999,kashan,isfahan,2025-12-08,122,1090,968
8999,kashan,isfahan,2025-12-09,143,1178,1035
8999,kashan,isfahan,2025-12-10,203,2024,1821
8999,kashan,isfahan,2025-12-11,291,4208,3917
8999,kashan,isfahan,2025-12-12,123,1421,1298
8999,kashan,isfahan,2025-12-13,112,1164,1052
8999,kashan,isfahan,2025-12-14,137,1157,1020
8999,kashan,isfahan,2025-12-15,163,1410,1247
8999,kashan,isfahan,2025-12-16,143,1470,1327
8999,kashan,isfahan,2025-12-17,239,2791,2552
8999,kashan,isfahan,2025-12-18,231,4293,4062
8999,kashan,isfahan,2025-12-19,89,1518,1429
8999,kashan,isfahan,2025-12-20,86,1168,1082
8999,kashan,isfahan,2025-12-21,50,997,947
4820,kashmar,khorasan_razavi,2025-11-22,14,15,1
4820,kashmar,khorasan_razavi,2025-11-23,5,8,3
4820,kashmar,khorasan_razavi,2025-11-24,3,7,4
4820,kashmar,khorasan_razavi,2025-11-25,2,6,4
4820,kashmar,khorasan_razavi,2025-11-26,6,13,7
4820,kashmar,khorasan_razavi,2025-11-27,4,12,8
4820,kashmar,khorasan_razavi,2025-11-28,2,7,5
4820,kashmar,khorasan_razavi,2025-11-29,6,12,6
4820,kashmar,khorasan_razavi,2025-11-30,2,8,6
4820,kashmar,khorasan_razavi,2025-12-01,4,11,7
4820,kashmar,khorasan_razavi,2025-12-02,4,12,8
4820,kashmar,khorasan_razavi,2025-12-03,4,17,13
4820,kashmar,khorasan_razavi,2025-12-04,2,21,19
4820,kashmar,khorasan_razavi,2025-12-05,0,8,8
4820,kashmar,khorasan_razavi,2025-12-06,0,8,8
4820,kashmar,khorasan_razavi,2025-12-07,0,8,8
4820,kashmar,khorasan_razavi,2025-12-08,0,8,8
4820,kashmar,khorasan_razavi,2025-12-09,0,9,9
4820,kashmar,khorasan_razavi,2025-12-10,0,11,11
4820,kashmar,khorasan_razavi,2025-12-11,0,21,21
4820,kashmar,khorasan_razavi,2025-12-12,0,8,8
4820,kashmar,khorasan_razavi,2025-12-13,1,10,9
4820,kashmar,khorasan_razavi,2025-12-14,1,9,8
4820,kashmar,khorasan_razavi,2025-12-15,1,11,10
4820,kashmar,khorasan_razavi,2025-12-16,2,16,14
4820,kashmar,khorasan_razavi,2025-12-17,2,17,15
4820,kashmar,khorasan_razavi,2025-12-18,4,26,22
4820,kashmar,khorasan_razavi,2025-12-19,1,11,10
4820,kashmar,khorasan_razavi,2025-12-20,2,12,10
4820,kashmar,khorasan_razavi,2025-12-21,0,7,7
1307,kelachay,mazandaran,2025-11-22,1,1,0
1307,kelachay,mazandaran,2025-11-23,0,0,0
1307,kelachay,mazandaran,2025-11-24,0,0,0
1307,kelachay,mazandaran,2025-11-25,0,0,0
1307,kelachay,mazandaran,2025-11-26,0,0,0
1307,kelachay,mazandaran,2025-11-27,0,0,0
1307,kelachay,mazandaran,2025-11-28,0,0,0
1307,kelachay,mazandaran,2025-11-29,0,0,0
1307,kelachay,mazandaran,2025-11-30,0,0,0
1307,kelachay,mazandaran,2025-12-01,0,0,0
1307,kelachay,mazandaran,2025-12-02,0,0,0
1307,kelachay,mazandaran,2025-12-03,0,0,0
1307,kelachay,mazandaran,2025-12-04,0,0,0
1307,kelachay,mazandaran,2025-12-05,0,0,0
1307,kelachay,mazandaran,2025-12-06,0,0,0
1307,kelachay,mazandaran,2025-12-07,0,0,0
1307,kelachay,mazandaran,2025-12-08,0,0,0
1307,kelachay,mazandaran,2025-12-09,0,0,0
1307,kelachay,mazandaran,2025-12-10,0,0,0
1307,kelachay,mazandaran,2025-12-11,0,0,0
1307,kelachay,mazandaran,2025-12-12,0,0,0
1307,kelachay,mazandaran,2025-12-13,0,0,0
1307,kelachay,mazandaran,2025-12-14,0,0,0
1307,kelachay,mazandaran,2025-12-15,0,0,0
1307,kelachay,mazandaran,2025-12-16,0,0,0
1307,kelachay,mazandaran,2025-12-17,0,0,0
1307,kelachay,mazandaran,2025-12-18,0,0,0
1307,kelachay,mazandaran,2025-12-19,0,0,0
1307,kelachay,mazandaran,2025-12-20,0,0,0
1307,kelachay,mazandaran,2025-12-21,0,0,0
1496,kelarabad,mazandaran,2025-11-22,138,163,25
1496,kelarabad,mazandaran,2025-11-23,71,108,37
1496,kelarabad,mazandaran,2025-11-24,88,148,60
1496,kelarabad,mazandaran,2025-11-25,89,166,77
1496,kelarabad,mazandaran,2025-11-26,101,271,170
1496,kelarabad,mazandaran,2025-11-27,83,299,216
1496,kelarabad,mazandaran,2025-11-28,43,133,90
1496,kelarabad,mazandaran,2025-11-29,75,150,75
1496,kelarabad,mazandaran,2025-11-30,67,154,87
1496,kelarabad,mazandaran,2025-12-01,44,133,89
1496,kelarabad,mazandaran,2025-12-02,30,114,84
1496,kelarabad,mazandaran,2025-12-03,35,200,165
1496,kelarabad,mazandaran,2025-12-04,24,310,286
1496,kelarabad,mazandaran,2025-12-05,8,107,99
1496,kelarabad,mazandaran,2025-12-06,3,88,85
1496,kelarabad,mazandaran,2025-12-07,15,87,72
1496,kelarabad,mazandaran,2025-12-08,12,88,76
1496,kelarabad,mazandaran,2025-12-09,7,94,87
1496,kelarabad,mazandaran,2025-12-10,6,130,124
1496,kelarabad,mazandaran,2025-12-11,9,291,282
1496,kelarabad,mazandaran,2025-12-12,3,102,99
1496,kelarabad,mazandaran,2025-12-13,6,90,84
1496,kelarabad,mazandaran,2025-12-14,7,80,73
1496,kelarabad,mazandaran,2025-12-15,4,91,87
1496,kelarabad,mazandaran,2025-12-16,6,105,99
1496,kelarabad,mazandaran,2025-12-17,5,157,152
1496,kelarabad,mazandaran,2025-12-18,5,211,206
1496,kelarabad,mazandaran,2025-12-19,3,105,102
1496,kelarabad,mazandaran,2025-12-20,3,87,84
1496,kelarabad,mazandaran,2025-12-21,1,70,69
5640,kelardasht,mazandaran,2025-11-22,1605,1808,203
5640,kelardasht,mazandaran,2025-11-23,1395,1782,387
5640,kelardasht,mazandaran,2025-11-24,891,1305,414
5640,kelardasht,mazandaran,2025-11-25,763,1259,496
5640,kelardasht,mazandaran,2025-11-26,828,1902,1074
5640,kelardasht,mazandaran,2025-11-27,977,2706,1729
5640,kelardasht,mazandaran,2025-11-28,353,1025,672
5640,kelardasht,mazandaran,2025-11-29,401,1030,629
5640,kelardasht,mazandaran,2025-11-30,362,1135,773
5640,kelardasht,mazandaran,2025-12-01,339,1125,786
5640,kelardasht,mazandaran,2025-12-02,286,1052,766
5640,kelardasht,mazandaran,2025-12-03,401,1749,1348
5640,kelardasht,mazandaran,2025-12-04,452,3766,3314
5640,kelardasht,mazandaran,2025-12-05,197,1394,1197
5640,kelardasht,mazandaran,2025-12-06,237,1266,1029
5640,kelardasht,mazandaran,2025-12-07,214,1218,1004
5640,kelardasht,mazandaran,2025-12-08,204,1135,931
5640,kelardasht,mazandaran,2025-12-09,205,1219,1014
5640,kelardasht,mazandaran,2025-12-10,205,1785,1580
5640,kelardasht,mazandaran,2025-12-11,224,3879,3655
5640,kelardasht,mazandaran,2025-12-12,120,1302,1182
5640,kelardasht,mazandaran,2025-12-13,81,732,651
5640,kelardasht,mazandaran,2025-12-14,73,712,639
5640,kelardasht,mazandaran,2025-12-15,76,803,727
5640,kelardasht,mazandaran,2025-12-16,82,933,851
5640,kelardasht,mazandaran,2025-12-17,119,1763,1644
5640,kelardasht,mazandaran,2025-12-18,121,2581,2460
5640,kelardasht,mazandaran,2025-12-19,38,1039,1001
5640,kelardasht,mazandaran,2025-12-20,31,768,737
5640,kelardasht,mazandaran,2025-12-21,35,583,548
9581,ketalem,mazandaran,2025-11-22,45,50,5
9581,ketalem,mazandaran,2025-11-23,23,32,9
9581,ketalem,mazandaran,2025-11-24,22,34,12
9581,ketalem,mazandaran,2025-11-25,32,49,17
9581,ketalem,mazandaran,2025-11-26,30,62,32
9581,ketalem,mazandaran,2025-11-27,38,81,43
9581,ketalem,mazandaran,2025-11-28,23,38,15
9581,ketalem,mazandaran,2025-11-29,26,43,17
9581,ketalem,mazandaran,2025-11-30,11,26,15
9581,ketalem,mazandaran,2025-12-01,14,32,18
9581,ketalem,mazandaran,2025-12-02,11,28,17
9581,ketalem,mazandaran,2025-12-03,12,41,29
9581,ketalem,mazandaran,2025-12-04,10,63,53
9581,ketalem,mazandaran,2025-12-05,14,34,20
9581,ketalem,mazandaran,2025-12-06,2,26,24
9581,ketalem,mazandaran,2025-12-07,0,24,24
9581,ketalem,mazandaran,2025-12-08,0,22,22
9581,ketalem,mazandaran,2025-12-09,0,23,23
9581,ketalem,mazandaran,2025-12-10,1,29,28
9581,ketalem,mazandaran,2025-12-11,3,57,54
9581,ketalem,mazandaran,2025-12-12,3,20,17
9581,ketalem,mazandaran,2025-12-13,2,21,19
9581,ketalem,mazandaran,2025-12-14,2,21,19
9581,ketalem,mazandaran,2025-12-15,7,29,22
9581,ketalem,mazandaran,2025-12-16,6,32,26
9581,ketalem,mazandaran,2025-12-17,0,32,32
9581,ketalem,mazandaran,2025-12-18,0,44,44
9581,ketalem,mazandaran,2025-12-19,0,23,23
9581,ketalem,mazandaran,2025-12-20,0,21,21
9581,ketalem,mazandaran,2025-12-21,0,18,18
6081,khaf,khorasan_razavi,2025-11-22,1,1,0
6081,khaf,khorasan_razavi,2025-11-23,0,0,0
6081,khaf,khorasan_razavi,2025-11-24,4,4,0
6081,khaf,khorasan_razavi,2025-11-25,1,1,0
6081,khaf,khorasan_razavi,2025-11-26,1,2,1
6081,khaf,khorasan_razavi,2025-11-27,1,2,1
6081,khaf,khorasan_razavi,2025-11-28,0,1,1
6081,khaf,khorasan_razavi,2025-11-29,0,1,1
6081,khaf,khorasan_razavi,2025-11-30,0,2,2
6081,khaf,khorasan_razavi,2025-12-01,2,4,2
6081,khaf,khorasan_razavi,2025-12-02,0,2,2
6081,khaf,khorasan_razavi,2025-12-03,0,3,3
6081,khaf,khorasan_razavi,2025-12-04,0,4,4
6081,khaf,khorasan_razavi,2025-12-05,0,3,3
6081,khaf,khorasan_razavi,2025-12-06,0,4,4
6081,khaf,khorasan_razavi,2025-12-07,0,4,4
6081,khaf,khorasan_razavi,2025-12-08,0,4,4
6081,khaf,khorasan_razavi,2025-12-09,0,4,4
6081,khaf,khorasan_razavi,2025-12-10,1,5,4
6081,khaf,khorasan_razavi,2025-12-11,1,6,5
6081,khaf,khorasan_razavi,2025-12-12,1,5,4
6081,khaf,khorasan_razavi,2025-12-13,1,5,4
6081,khaf,khorasan_razavi,2025-12-14,0,4,4
6081,khaf,khorasan_razavi,2025-12-15,0,4,4
6081,khaf,khorasan_razavi,2025-12-16,0,4,4
6081,khaf,khorasan_razavi,2025-12-17,0,4,4
6081,khaf,khorasan_razavi,2025-12-18,0,4,4
6081,khaf,khorasan_razavi,2025-12-19,0,4,4
6081,khaf,khorasan_razavi,2025-12-20,0,4,4
6081,khaf,khorasan_razavi,2025-12-21,0,3,3
8957,khaledabad,isfahan,2025-11-22,0,0,0
8957,khaledabad,isfahan,2025-11-23,0,0,0
8957,khaledabad,isfahan,2025-11-24,0,0,0
8957,khaledabad,isfahan,2025-11-25,0,0,0
8957,khaledabad,isfahan,2025-11-26,0,0,0
8957,khaledabad,isfahan,2025-11-27,0,0,0
8957,khaledabad,isfahan,2025-11-28,0,0,0
8957,khaledabad,isfahan,2025-11-29,0,0,0
8957,khaledabad,isfahan,2025-11-30,0,0,0
8957,khaledabad,isfahan,2025-12-01,0,0,0
8957,khaledabad,isfahan,2025-12-02,0,0,0
8957,khaledabad,isfahan,2025-12-03,0,0,0
8957,khaledabad,isfahan,2025-12-04,0,0,0
8957,khaledabad,isfahan,2025-12-05,0,0,0
8957,khaledabad,isfahan,2025-12-06,0,0,0
8957,khaledabad,isfahan,2025-12-07,0,0,0
8957,khaledabad,isfahan,2025-12-08,0,0,0
8957,khaledabad,isfahan,2025-12-09,0,0,0
8957,khaledabad,isfahan,2025-12-10,0,0,0
8957,khaledabad,isfahan,2025-12-11,0,0,0
8957,khaledabad,isfahan,2025-12-12,0,0,0
8957,khaledabad,isfahan,2025-12-13,0,0,0
8957,khaledabad,isfahan,2025-12-14,0,0,0
8957,khaledabad,isfahan,2025-12-15,0,0,0
8957,khaledabad,isfahan,2025-12-16,0,0,0
8957,khaledabad,isfahan,2025-12-17,0,0,0
8957,khaledabad,isfahan,2025-12-18,0,0,0
8957,khaledabad,isfahan,2025-12-19,0,0,0
8957,khaledabad,isfahan,2025-12-20,0,0,0
8957,khaledabad,isfahan,2025-12-21,0,0,0
2363,khalilshahr,mazandaran,2025-11-22,6,7,1
2363,khalilshahr,mazandaran,2025-11-23,11,14,3
2363,khalilshahr,mazandaran,2025-11-24,4,7,3
2363,khalilshahr,mazandaran,2025-11-25,9,14,5
2363,khalilshahr,mazandaran,2025-11-26,5,13,8
2363,khalilshahr,mazandaran,2025-11-27,8,26,18
2363,khalilshahr,mazandaran,2025-11-28,2,6,4
2363,khalilshahr,mazandaran,2025-11-29,7,10,3
2363,khalilshahr,mazandaran,2025-11-30,7,10,3
2363,khalilshahr,mazandaran,2025-12-01,7,10,3
2363,khalilshahr,mazandaran,2025-12-02,8,12,4
2363,khalilshahr,mazandaran,2025-12-03,8,18,10
2363,khalilshahr,mazandaran,2025-12-04,15,59,44
2363,khalilshahr,mazandaran,2025-12-05,2,9,7
2363,khalilshahr,mazandaran,2025-12-06,2,10,8
2363,khalilshahr,mazandaran,2025-12-07,0,7,7
2363,khalilshahr,mazandaran,2025-12-08,0,6,6
2363,khalilshahr,mazandaran,2025-12-09,0,6,6
2363,khalilshahr,mazandaran,2025-12-10,0,9,9
2363,khalilshahr,mazandaran,2025-12-11,5,35,30
2363,khalilshahr,mazandaran,2025-12-12,0,6,6
2363,khalilshahr,mazandaran,2025-12-13,0,5,5
2363,khalilshahr,mazandaran,2025-12-14,0,5,5
2363,khalilshahr,mazandaran,2025-12-15,0,6,6
2363,khalilshahr,mazandaran,2025-12-16,0,8,8
2363,khalilshahr,mazandaran,2025-12-17,0,12,12
2363,khalilshahr,mazandaran,2025-12-18,6,35,29
2363,khalilshahr,mazandaran,2025-12-19,0,8,8
2363,khalilshahr,mazandaran,2025-12-20,0,6,6
2363,khalilshahr,mazandaran,2025-12-21,0,4,4
9220,khamir,hormozgan,2025-11-22,6,8,2
9220,khamir,hormozgan,2025-11-23,9,14,5
9220,khamir,hormozgan,2025-11-24,6,13,7
9220,khamir,hormozgan,2025-11-25,4,11,7
9220,khamir,hormozgan,2025-11-26,2,11,9
9220,khamir,hormozgan,2025-11-27,2,13,11
9220,khamir,hormozgan,2025-11-28,3,8,5
9220,khamir,hormozgan,2025-11-29,1,6,5
9220,khamir,hormozgan,2025-11-30,1,8,7
9220,khamir,hormozgan,2025-12-01,1,8,7
9220,khamir,hormozgan,2025-12-02,1,10,9
9220,khamir,hormozgan,2025-12-03,1,11,10
9220,khamir,hormozgan,2025-12-04,1,22,21
9220,khamir,hormozgan,2025-12-05,0,8,8
9220,khamir,hormozgan,2025-12-06,0,12,12
9220,khamir,hormozgan,2025-12-07,1,12,11
9220,khamir,hormozgan,2025-12-08,1,13,12
9220,khamir,hormozgan,2025-12-09,2,15,13
9220,khamir,hormozgan,2025-12-10,1,13,12
9220,khamir,hormozgan,2025-12-11,0,24,24
9220,khamir,hormozgan,2025-12-12,0,11,11
9220,khamir,hormozgan,2025-12-13,0,13,13
9220,khamir,hormozgan,2025-12-14,0,11,11
9220,khamir,hormozgan,2025-12-15,0,19,19
9220,khamir,hormozgan,2025-12-16,0,20,20
9220,khamir,hormozgan,2025-12-17,0,21,21
9220,khamir,hormozgan,2025-12-18,0,27,27
9220,khamir,hormozgan,2025-12-19,0,16,16
9220,khamir,hormozgan,2025-12-20,0,14,14
9220,khamir,hormozgan,2025-12-21,0,8,8
4078,kharv,khorasan_razavi,2025-11-22,0,0,0
4078,kharv,khorasan_razavi,2025-11-23,0,0,0
4078,kharv,khorasan_razavi,2025-11-24,0,0,0
4078,kharv,khorasan_razavi,2025-11-25,0,0,0
4078,kharv,khorasan_razavi,2025-11-26,0,0,0
4078,kharv,khorasan_razavi,2025-11-27,0,0,0
4078,kharv,khorasan_razavi,2025-11-28,0,0,0
4078,kharv,khorasan_razavi,2025-11-29,0,0,0
4078,kharv,khorasan_razavi,2025-11-30,0,0,0
4078,kharv,khorasan_razavi,2025-12-01,0,0,0
4078,kharv,khorasan_razavi,2025-12-02,0,0,0
4078,kharv,khorasan_razavi,2025-12-03,0,0,0
4078,kharv,khorasan_razavi,2025-12-04,0,0,0
4078,kharv,khorasan_razavi,2025-12-05,0,0,0
4078,kharv,khorasan_razavi,2025-12-06,0,0,0
4078,kharv,khorasan_razavi,2025-12-07,0,0,0
4078,kharv,khorasan_razavi,2025-12-08,0,0,0
4078,kharv,khorasan_razavi,2025-12-09,0,0,0
4078,kharv,khorasan_razavi,2025-12-10,0,0,0
4078,kharv,khorasan_razavi,2025-12-11,0,0,0
4078,kharv,khorasan_razavi,2025-12-12,0,0,0
4078,kharv,khorasan_razavi,2025-12-13,0,0,0
4078,kharv,khorasan_razavi,2025-12-14,0,0,0
4078,kharv,khorasan_razavi,2025-12-15,0,0,0
4078,kharv,khorasan_razavi,2025-12-16,0,0,0
4078,kharv,khorasan_razavi,2025-12-17,0,0,0
4078,kharv,khorasan_razavi,2025-12-18,0,0,0
4078,kharv,khorasan_razavi,2025-12-19,0,0,0
4078,kharv,khorasan_razavi,2025-12-20,0,0,0
4078,kharv,khorasan_razavi,2025-12-21,0,0,0
8840,khezer_shahr,mazandaran,2025-11-22,105,113,8
8840,khezer_shahr,mazandaran,2025-11-23,99,115,16
8840,khezer_shahr,mazandaran,2025-11-24,78,100,22
8840,khezer_shahr,mazandaran,2025-11-25,74,102,28
8840,khezer_shahr,mazandaran,2025-11-26,76,133,57
8840,khezer_shahr,mazandaran,2025-11-27,63,141,78
8840,khezer_shahr,mazandaran,2025-11-28,30,58,28
8840,khezer_shahr,mazandaran,2025-11-29,24,56,32
8840,khezer_shahr,mazandaran,2025-11-30,23,65,42
8840,khezer_shahr,mazandaran,2025-12-01,15,58,43
8840,khezer_shahr,mazandaran,2025-12-02,15,61,46
8840,khezer_shahr,mazandaran,2025-12-03,18,85,67
8840,khezer_shahr,mazandaran,2025-12-04,19,130,111
8840,khezer_shahr,mazandaran,2025-12-05,10,60,50
8840,khezer_shahr,mazandaran,2025-12-06,13,70,57
8840,khezer_shahr,mazandaran,2025-12-07,17,79,62
8840,khezer_shahr,mazandaran,2025-12-08,18,76,58
8840,khezer_shahr,mazandaran,2025-12-09,20,82,62
8840,khezer_shahr,mazandaran,2025-12-10,16,89,73
8840,khezer_shahr,mazandaran,2025-12-11,11,133,122
8840,khezer_shahr,mazandaran,2025-12-12,5,59,54
8840,khezer_shahr,mazandaran,2025-12-13,9,63,54
8840,khezer_shahr,mazandaran,2025-12-14,10,68,58
8840,khezer_shahr,mazandaran,2025-12-15,10,78,68
8840,khezer_shahr,mazandaran,2025-12-16,10,84,74
8840,khezer_shahr,mazandaran,2025-12-17,6,98,92
8840,khezer_shahr,mazandaran,2025-12-18,12,134,122
8840,khezer_shahr,mazandaran,2025-12-19,4,67,63
8840,khezer_shahr,mazandaran,2025-12-20,5,64,59
8840,khezer_shahr,mazandaran,2025-12-21,0,44,44
3124,khomam,gilan,2025-11-22,465,514,49
3124,khomam,gilan,2025-11-23,366,458,92
3124,khomam,gilan,2025-11-24,206,302,96
3124,khomam,gilan,2025-11-25,219,352,133
3124,khomam,gilan,2025-11-26,252,528,276
3124,khomam,gilan,2025-11-27,210,537,327
3124,khomam,gilan,2025-11-28,84,211,127
3124,khomam,gilan,2025-11-29,61,150,89
3124,khomam,gilan,2025-11-30,58,168,110
3124,khomam,gilan,2025-12-01,71,191,120
3124,khomam,gilan,2025-12-02,94,243,149
3124,khomam,gilan,2025-12-03,102,385,283
3124,khomam,gilan,2025-12-04,112,740,628
3124,khomam,gilan,2025-12-05,50,259,209
3124,khomam,gilan,2025-12-06,43,200,157
3124,khomam,gilan,2025-12-07,23,142,119
3124,khomam,gilan,2025-12-08,24,140,116
3124,khomam,gilan,2025-12-09,24,153,129
3124,khomam,gilan,2025-12-10,22,215,193
3124,khomam,gilan,2025-12-11,27,513,486
3124,khomam,gilan,2025-12-12,10,155,145
3124,khomam,gilan,2025-12-13,10,116,106
3124,khomam,gilan,2025-12-14,20,138,118
3124,khomam,gilan,2025-12-15,20,163,143
3124,khomam,gilan,2025-12-16,21,180,159
3124,khomam,gilan,2025-12-17,28,249,221
3124,khomam,gilan,2025-12-18,35,361,326
3124,khomam,gilan,2025-12-19,5,151,146
3124,khomam,gilan,2025-12-20,10,120,110
3124,khomam,gilan,2025-12-21,13,99,86
5265,khomeinishahr,isfahan,2025-11-22,21,23,2
5265,khomeinishahr,isfahan,2025-11-23,14,17,3
5265,khomeinishahr,isfahan,2025-11-24,13,18,5
5265,khomeinishahr,isfahan,2025-11-25,12,18,6
5265,khomeinishahr,isfahan,2025-11-26,16,25,9
5265,khomeinishahr,isfahan,2025-11-27,11,21,10
5265,khomeinishahr,isfahan,2025-11-28,5,11,6
5265,khomeinishahr,isfahan,2025-11-29,4,10,6
5265,khomeinishahr,isfahan,2025-11-30,5,13,8
5265,khomeinishahr,isfahan,2025-12-01,5,13,8
5265,khomeinishahr,isfahan,2025-12-02,6,15,9
5265,khomeinishahr,isfahan,2025-12-03,4,16,12
5265,khomeinishahr,isfahan,2025-12-04,2,22,20
5265,khomeinishahr,isfahan,2025-12-05,2,12,10
5265,khomeinishahr,isfahan,2025-12-06,2,12,10
5265,khomeinishahr,isfahan,2025-12-07,2,12,10
5265,khomeinishahr,isfahan,2025-12-08,3,14,11
5265,khomeinishahr,isfahan,2025-12-09,4,17,13
5265,khomeinishahr,isfahan,2025-12-10,2,16,14
5265,khomeinishahr,isfahan,2025-12-11,3,24,21
5265,khomeinishahr,isfahan,2025-12-12,3,14,11
5265,khomeinishahr,isfahan,2025-12-13,3,15,12
5265,khomeinishahr,isfahan,2025-12-14,4,16,12
5265,khomeinishahr,isfahan,2025-12-15,4,18,14
5265,khomeinishahr,isfahan,2025-12-16,4,22,18
5265,khomeinishahr,isfahan,2025-12-17,3,22,19
5265,khomeinishahr,isfahan,2025-12-18,4,26,22
5265,khomeinishahr,isfahan,2025-12-19,3,16,13
5265,khomeinishahr,isfahan,2025-12-20,3,15,12
5265,khomeinishahr,isfahan,2025-12-21,1,10,9
8930,khoorasgan,isfahan,2025-11-22,0,0,0
8930,khoorasgan,isfahan,2025-11-23,0,0,0
8930,khoorasgan,isfahan,2025-11-24,0,0,0
8930,khoorasgan,isfahan,2025-11-25,0,0,0
8930,khoorasgan,isfahan,2025-11-26,0,0,0
8930,khoorasgan,isfahan,2025-11-27,0,0,0
8930,khoorasgan,isfahan,2025-11-28,0,0,0
8930,khoorasgan,isfahan,2025-11-29,0,0,0
8930,khoorasgan,isfahan,2025-11-30,0,0,0
8930,khoorasgan,isfahan,2025-12-01,0,0,0
8930,khoorasgan,isfahan,2025-12-02,0,0,0
8930,khoorasgan,isfahan,2025-12-03,0,0,0
8930,khoorasgan,isfahan,2025-12-04,0,0,0
8930,khoorasgan,isfahan,2025-12-05,0,0,0
8930,khoorasgan,isfahan,2025-12-06,0,0,0
8930,khoorasgan,isfahan,2025-12-07,0,0,0
8930,khoorasgan,isfahan,2025-12-08,0,0,0
8930,khoorasgan,isfahan,2025-12-09,0,0,0
8930,khoorasgan,isfahan,2025-12-10,0,0,0
8930,khoorasgan,isfahan,2025-12-11,0,0,0
8930,khoorasgan,isfahan,2025-12-12,0,0,0
8930,khoorasgan,isfahan,2025-12-13,0,0,0
8930,khoorasgan,isfahan,2025-12-14,0,0,0
8930,khoorasgan,isfahan,2025-12-15,0,0,0
8930,khoorasgan,isfahan,2025-12-16,0,0,0
8930,khoorasgan,isfahan,2025-12-17,0,0,0
8930,khoorasgan,isfahan,2025-12-18,0,0,0
8930,khoorasgan,isfahan,2025-12-19,0,0,0
8930,khoorasgan,isfahan,2025-12-20,0,0,0
8930,khoorasgan,isfahan,2025-12-21,0,0,0
5936,khoramabad,mazandaran,2025-11-22,15,18,3
5936,khoramabad,mazandaran,2025-11-23,14,19,5
5936,khoramabad,mazandaran,2025-11-24,5,10,5
5936,khoramabad,mazandaran,2025-11-25,0,4,4
5936,khoramabad,mazandaran,2025-11-26,2,12,10
5936,khoramabad,mazandaran,2025-11-27,1,12,11
5936,khoramabad,mazandaran,2025-11-28,15,27,12
5936,khoramabad,mazandaran,2025-11-29,4,11,7
5936,khoramabad,mazandaran,2025-11-30,4,14,10
5936,khoramabad,mazandaran,2025-12-01,4,15,11
5936,khoramabad,mazandaran,2025-12-02,4,14,10
5936,khoramabad,mazandaran,2025-12-03,0,12,12
5936,khoramabad,mazandaran,2025-12-04,1,28,27
5936,khoramabad,mazandaran,2025-12-05,0,10,10
5936,khoramabad,mazandaran,2025-12-06,2,13,11
5936,khoramabad,mazandaran,2025-12-07,0,10,10
5936,khoramabad,mazandaran,2025-12-08,0,9,9
5936,khoramabad,mazandaran,2025-12-09,0,10,10
5936,khoramabad,mazandaran,2025-12-10,0,14,14
5936,khoramabad,mazandaran,2025-12-11,0,30,30
5936,khoramabad,mazandaran,2025-12-12,0,11,11
5936,khoramabad,mazandaran,2025-12-13,0,9,9
5936,khoramabad,mazandaran,2025-12-14,0,8,8
5936,khoramabad,mazandaran,2025-12-15,0,10,10
5936,khoramabad,mazandaran,2025-12-16,0,12,12
5936,khoramabad,mazandaran,2025-12-17,0,18,18
5936,khoramabad,mazandaran,2025-12-18,0,25,25
5936,khoramabad,mazandaran,2025-12-19,0,14,14
5936,khoramabad,mazandaran,2025-12-20,0,10,10
5936,khoramabad,mazandaran,2025-12-21,0,8,8
7888,khorzough,isfahan,2025-11-22,0,0,0
7888,khorzough,isfahan,2025-11-23,0,0,0
7888,khorzough,isfahan,2025-11-24,0,0,0
7888,khorzough,isfahan,2025-11-25,0,0,0
7888,khorzough,isfahan,2025-11-26,0,0,0
7888,khorzough,isfahan,2025-11-27,0,0,0
7888,khorzough,isfahan,2025-11-28,0,0,0
7888,khorzough,isfahan,2025-11-29,0,0,0
7888,khorzough,isfahan,2025-11-30,0,0,0
7888,khorzough,isfahan,2025-12-01,0,0,0
7888,khorzough,isfahan,2025-12-02,0,0,0
7888,khorzough,isfahan,2025-12-03,0,0,0
7888,khorzough,isfahan,2025-12-04,0,0,0
7888,khorzough,isfahan,2025-12-05,0,0,0
7888,khorzough,isfahan,2025-12-06,0,0,0
7888,khorzough,isfahan,2025-12-07,0,0,0
7888,khorzough,isfahan,2025-12-08,0,0,0
7888,khorzough,isfahan,2025-12-09,0,0,0
7888,khorzough,isfahan,2025-12-10,0,0,0
7888,khorzough,isfahan,2025-12-11,0,0,0
7888,khorzough,isfahan,2025-12-12,0,0,0
7888,khorzough,isfahan,2025-12-13,0,0,0
7888,khorzough,isfahan,2025-12-14,0,0,0
7888,khorzough,isfahan,2025-12-15,0,0,0
7888,khorzough,isfahan,2025-12-16,0,0,0
7888,khorzough,isfahan,2025-12-17,0,0,0
7888,khorzough,isfahan,2025-12-18,0,0,0
7888,khorzough,isfahan,2025-12-19,0,0,0
7888,khorzough,isfahan,2025-12-20,0,0,0
7888,khorzough,isfahan,2025-12-21,0,0,0
8216,khoshke_bijar,gilan,2025-11-22,7,8,1
8216,khoshke_bijar,gilan,2025-11-23,10,14,4
8216,khoshke_bijar,gilan,2025-11-24,17,23,6
8216,khoshke_bijar,gilan,2025-11-25,8,17,9
8216,khoshke_bijar,gilan,2025-11-26,4,17,13
8216,khoshke_bijar,gilan,2025-11-27,7,27,20
8216,khoshke_bijar,gilan,2025-11-28,11,18,7
8216,khoshke_bijar,gilan,2025-11-29,11,17,6
8216,khoshke_bijar,gilan,2025-11-30,5,11,6
8216,khoshke_bijar,gilan,2025-12-01,3,10,7
8216,khoshke_bijar,gilan,2025-12-02,2,12,10
8216,khoshke_bijar,gilan,2025-12-03,1,17,16
8216,khoshke_bijar,gilan,2025-12-04,3,46,43
8216,khoshke_bijar,gilan,2025-12-05,3,13,10
8216,khoshke_bijar,gilan,2025-12-06,3,15,12
8216,khoshke_bijar,gilan,2025-12-07,1,11,10
8216,khoshke_bijar,gilan,2025-12-08,1,11,10
8216,khoshke_bijar,gilan,2025-12-09,1,13,12
8216,khoshke_bijar,gilan,2025-12-10,1,19,18
8216,khoshke_bijar,gilan,2025-12-11,3,38,35
8216,khoshke_bijar,gilan,2025-12-12,1,12,11
8216,khoshke_bijar,gilan,2025-12-13,1,12,11
8216,khoshke_bijar,gilan,2025-12-14,1,10,9
8216,khoshke_bijar,gilan,2025-12-15,1,12,11
8216,khoshke_bijar,gilan,2025-12-16,0,13,13
8216,khoshke_bijar,gilan,2025-12-17,0,22,22
8216,khoshke_bijar,gilan,2025-12-18,1,30,29
8216,khoshke_bijar,gilan,2025-12-19,0,13,13
8216,khoshke_bijar,gilan,2025-12-20,0,10,10
8216,khoshke_bijar,gilan,2025-12-21,5,12,7
6728,khoshrodpey,mazandaran,2025-11-22,0,0,0
6728,khoshrodpey,mazandaran,2025-11-23,0,0,0
6728,khoshrodpey,mazandaran,2025-11-24,0,0,0
6728,khoshrodpey,mazandaran,2025-11-25,0,0,0
6728,khoshrodpey,mazandaran,2025-11-26,1,1,0
6728,khoshrodpey,mazandaran,2025-11-27,1,1,0
6728,khoshrodpey,mazandaran,2025-11-28,1,1,0
6728,khoshrodpey,mazandaran,2025-11-29,1,1,0
6728,khoshrodpey,mazandaran,2025-11-30,1,1,0
6728,khoshrodpey,mazandaran,2025-12-01,1,1,0
6728,khoshrodpey,mazandaran,2025-12-02,1,1,0
6728,khoshrodpey,mazandaran,2025-12-03,0,0,0
6728,khoshrodpey,mazandaran,2025-12-04,0,0,0
6728,khoshrodpey,mazandaran,2025-12-05,0,0,0
6728,khoshrodpey,mazandaran,2025-12-06,0,0,0
6728,khoshrodpey,mazandaran,2025-12-07,0,0,0
6728,khoshrodpey,mazandaran,2025-12-08,0,0,0
6728,khoshrodpey,mazandaran,2025-12-09,0,0,0
6728,khoshrodpey,mazandaran,2025-12-10,0,0,0
6728,khoshrodpey,mazandaran,2025-12-11,0,0,0
6728,khoshrodpey,mazandaran,2025-12-12,0,0,0
6728,khoshrodpey,mazandaran,2025-12-13,0,0,0
6728,khoshrodpey,mazandaran,2025-12-14,0,0,0
6728,khoshrodpey,mazandaran,2025-12-15,0,0,0
6728,khoshrodpey,mazandaran,2025-12-16,0,0,0
6728,khoshrodpey,mazandaran,2025-12-17,0,0,0
6728,khoshrodpey,mazandaran,2025-12-18,0,0,0
6728,khoshrodpey,mazandaran,2025-12-19,0,0,0
6728,khoshrodpey,mazandaran,2025-12-20,0,0,0
6728,khoshrodpey,mazandaran,2025-12-21,0,0,0
1782,khur_and_biabanak,isfahan,2025-11-22,17,18,1
1782,khur_and_biabanak,isfahan,2025-11-23,8,9,1
1782,khur_and_biabanak,isfahan,2025-11-24,15,17,2
1782,khur_and_biabanak,isfahan,2025-11-25,15,18,3
1782,khur_and_biabanak,isfahan,2025-11-26,30,39,9
1782,khur_and_biabanak,isfahan,2025-11-27,27,42,15
1782,khur_and_biabanak,isfahan,2025-11-28,6,9,3
1782,khur_and_biabanak,isfahan,2025-11-29,0,3,3
1782,khur_and_biabanak,isfahan,2025-11-30,0,4,4
1782,khur_and_biabanak,isfahan,2025-12-01,0,4,4
1782,khur_and_biabanak,isfahan,2025-12-02,0,4,4
1782,khur_and_biabanak,isfahan,2025-12-03,0,5,5
1782,khur_and_biabanak,isfahan,2025-12-04,0,10,10
1782,khur_and_biabanak,isfahan,2025-12-05,0,5,5
1782,khur_and_biabanak,isfahan,2025-12-06,0,7,7
1782,khur_and_biabanak,isfahan,2025-12-07,0,7,7
1782,khur_and_biabanak,isfahan,2025-12-08,0,6,6
1782,khur_and_biabanak,isfahan,2025-12-09,0,6,6
1782,khur_and_biabanak,isfahan,2025-12-10,0,11,11
1782,khur_and_biabanak,isfahan,2025-12-11,0,24,24
1782,khur_and_biabanak,isfahan,2025-12-12,0,7,7
1782,khur_and_biabanak,isfahan,2025-12-13,0,7,7
1782,khur_and_biabanak,isfahan,2025-12-14,1,8,7
1782,khur_and_biabanak,isfahan,2025-12-15,1,10,9
1782,khur_and_biabanak,isfahan,2025-12-16,0,9,9
1782,khur_and_biabanak,isfahan,2025-12-17,0,14,14
1782,khur_and_biabanak,isfahan,2025-12-18,0,24,24
1782,khur_and_biabanak,isfahan,2025-12-19,0,9,9
1782,khur_and_biabanak,isfahan,2025-12-20,0,9,9
1782,khur_and_biabanak,isfahan,2025-12-21,0,7,7
6095,khvansar,isfahan,2025-11-22,186,197,11
6095,khvansar,isfahan,2025-11-23,235,283,48
6095,khvansar,isfahan,2025-11-24,111,144,33
6095,khvansar,isfahan,2025-11-25,98,144,46
6095,khvansar,isfahan,2025-11-26,122,217,95
6095,khvansar,isfahan,2025-11-27,210,501,291
6095,khvansar,isfahan,2025-11-28,26,56,30
6095,khvansar,isfahan,2025-11-29,24,56,32
6095,khvansar,isfahan,2025-11-30,17,43,26
6095,khvansar,isfahan,2025-12-01,20,58,38
6095,khvansar,isfahan,2025-12-02,24,70,46
6095,khvansar,isfahan,2025-12-03,37,143,106
6095,khvansar,isfahan,2025-12-04,33,300,267
6095,khvansar,isfahan,2025-12-05,14,78,64
6095,khvansar,isfahan,2025-12-06,25,104,79
6095,khvansar,isfahan,2025-12-07,23,101,78
6095,khvansar,isfahan,2025-12-08,19,90,71
6095,khvansar,isfahan,2025-12-09,16,79,63
6095,khvansar,isfahan,2025-12-10,28,180,152
6095,khvansar,isfahan,2025-12-11,24,370,346
6095,khvansar,isfahan,2025-12-12,8,76,68
6095,khvansar,isfahan,2025-12-13,9,82,73
6095,khvansar,isfahan,2025-12-14,8,76,68
6095,khvansar,isfahan,2025-12-15,9,86,77
6095,khvansar,isfahan,2025-12-16,24,149,125
6095,khvansar,isfahan,2025-12-17,23,204,181
6095,khvansar,isfahan,2025-12-18,24,335,311
6095,khvansar,isfahan,2025-12-19,8,95,87
6095,khvansar,isfahan,2025-12-20,16,106,90
6095,khvansar,isfahan,2025-12-21,4,48,44
1553,kiakala,mazandaran,2025-11-22,0,0,0
1553,kiakala,mazandaran,2025-11-23,0,0,0
1553,kiakala,mazandaran,2025-11-24,0,0,0
1553,kiakala,mazandaran,2025-11-25,0,0,0
1553,kiakala,mazandaran,2025-11-26,0,0,0
1553,kiakala,mazandaran,2025-11-27,0,0,0
1553,kiakala,mazandaran,2025-11-28,0,0,0
1553,kiakala,mazandaran,2025-11-29,0,0,0
1553,kiakala,mazandaran,2025-11-30,0,0,0
1553,kiakala,mazandaran,2025-12-01,0,0,0
1553,kiakala,mazandaran,2025-12-02,0,0,0
1553,kiakala,mazandaran,2025-12-03,0,0,0
1553,kiakala,mazandaran,2025-12-04,0,0,0
1553,kiakala,mazandaran,2025-12-05,0,0,0
1553,kiakala,mazandaran,2025-12-06,0,0,0
1553,kiakala,mazandaran,2025-12-07,0,0,0
1553,kiakala,mazandaran,2025-12-08,0,0,0
1553,kiakala,mazandaran,2025-12-09,0,0,0
1553,kiakala,mazandaran,2025-12-10,0,0,0
1553,kiakala,mazandaran,2025-12-11,0,0,0
1553,kiakala,mazandaran,2025-12-12,0,0,0
1553,kiakala,mazandaran,2025-12-13,0,0,0
1553,kiakala,mazandaran,2025-12-14,0,0,0
1553,kiakala,mazandaran,2025-12-15,0,0,0
1553,kiakala,mazandaran,2025-12-16,0,0,0
1553,kiakala,mazandaran,2025-12-17,0,0,0
1553,kiakala,mazandaran,2025-12-18,0,0,0
1553,kiakala,mazandaran,2025-12-19,0,0,0
1553,kiakala,mazandaran,2025-12-20,0,0,0
1553,kiakala,mazandaran,2025-12-21,0,0,0
1177,kiasar,mazandaran,2025-11-22,36,42,6
1177,kiasar,mazandaran,2025-11-23,44,59,15
1177,kiasar,mazandaran,2025-11-24,31,45,14
1177,kiasar,mazandaran,2025-11-25,27,43,16
1177,kiasar,mazandaran,2025-11-26,40,82,42
1177,kiasar,mazandaran,2025-11-27,38,130,92
1177,kiasar,mazandaran,2025-11-28,4,20,16
1177,kiasar,mazandaran,2025-11-29,1,11,10
1177,kiasar,mazandaran,2025-11-30,4,18,14
1177,kiasar,mazandaran,2025-12-01,6,20,14
1177,kiasar,mazandaran,2025-12-02,8,27,19
1177,kiasar,mazandaran,2025-12-03,7,45,38
1177,kiasar,mazandaran,2025-12-04,14,128,114
1177,kiasar,mazandaran,2025-12-05,2,25,23
1177,kiasar,mazandaran,2025-12-06,1,27,26
1177,kiasar,mazandaran,2025-12-07,1,25,24
1177,kiasar,mazandaran,2025-12-08,1,23,22
1177,kiasar,mazandaran,2025-12-09,2,24,22
1177,kiasar,mazandaran,2025-12-10,1,33,32
1177,kiasar,mazandaran,2025-12-11,1,113,112
1177,kiasar,mazandaran,2025-12-12,0,27,27
1177,kiasar,mazandaran,2025-12-13,0,20,20
1177,kiasar,mazandaran,2025-12-14,2,19,17
1177,kiasar,mazandaran,2025-12-15,2,23,21
1177,kiasar,mazandaran,2025-12-16,0,25,25
1177,kiasar,mazandaran,2025-12-17,3,51,48
1177,kiasar,mazandaran,2025-12-18,6,93,87
1177,kiasar,mazandaran,2025-12-19,2,36,34
1177,kiasar,mazandaran,2025-12-20,1,23,22
1177,kiasar,mazandaran,2025-12-21,1,17,16
8271,kiashahr,gilan,2025-11-22,110,133,23
8271,kiashahr,gilan,2025-11-23,87,122,35
8271,kiashahr,gilan,2025-11-24,87,140,53
8271,kiashahr,gilan,2025-11-25,98,160,62
8271,kiashahr,gilan,2025-11-26,111,223,112
8271,kiashahr,gilan,2025-11-27,95,255,160
8271,kiashahr,gilan,2025-11-28,24,78,54
8271,kiashahr,gilan,2025-11-29,28,79,51
8271,kiashahr,gilan,2025-11-30,17,67,50
8271,kiashahr,gilan,2025-12-01,16,61,45
8271,kiashahr,gilan,2025-12-02,21,80,59
8271,kiashahr,gilan,2025-12-03,16,135,119
8271,kiashahr,gilan,2025-12-04,17,225,208
8271,kiashahr,gilan,2025-12-05,10,91,81
8271,kiashahr,gilan,2025-12-06,17,84,67
8271,kiashahr,gilan,2025-12-07,13,66,53
8271,kiashahr,gilan,2025-12-08,11,70,59
8271,kiashahr,gilan,2025-12-09,22,95,73
8271,kiashahr,gilan,2025-12-10,24,146,122
8271,kiashahr,gilan,2025-12-11,17,297,280
8271,kiashahr,gilan,2025-12-12,5,82,77
8271,kiashahr,gilan,2025-12-13,5,59,54
8271,kiashahr,gilan,2025-12-14,5,49,44
8271,kiashahr,gilan,2025-12-15,11,72,61
8271,kiashahr,gilan,2025-12-16,6,85,79
8271,kiashahr,gilan,2025-12-17,5,130,125
8271,kiashahr,gilan,2025-12-18,6,171,165
8271,kiashahr,gilan,2025-12-19,2,92,90
8271,kiashahr,gilan,2025-12-20,3,57,54
8271,kiashahr,gilan,2025-12-21,1,39,38
1916,kilan,tehran,2025-11-22,8,8,0
1916,kilan,tehran,2025-11-23,5,7,2
1916,kilan,tehran,2025-11-24,4,6,2
1916,kilan,tehran,2025-11-25,4,6,2
1916,kilan,tehran,2025-11-26,5,11,6
1916,kilan,tehran,2025-11-27,9,20,11
1916,kilan,tehran,2025-11-28,3,6,3
1916,kilan,tehran,2025-11-29,2,5,3
1916,kilan,tehran,2025-11-30,2,6,4
1916,kilan,tehran,2025-12-01,2,6,4
1916,kilan,tehran,2025-12-02,2,8,6
1916,kilan,tehran,2025-12-03,4,12,8
1916,kilan,tehran,2025-12-04,3,25,22
1916,kilan,tehran,2025-12-05,1,8,7
1916,kilan,tehran,2025-12-06,3,10,7
1916,kilan,tehran,2025-12-07,3,10,7
1916,kilan,tehran,2025-12-08,5,12,7
1916,kilan,tehran,2025-12-09,2,9,7
1916,kilan,tehran,2025-12-10,1,10,9
1916,kilan,tehran,2025-12-11,1,24,23
1916,kilan,tehran,2025-12-12,1,7,6
1916,kilan,tehran,2025-12-13,2,9,7
1916,kilan,tehran,2025-12-14,2,9,7
1916,kilan,tehran,2025-12-15,2,11,9
1916,kilan,tehran,2025-12-16,2,12,10
1916,kilan,tehran,2025-12-17,2,15,13
1916,kilan,tehran,2025-12-18,2,23,21
1916,kilan,tehran,2025-12-19,1,9,8
1916,kilan,tehran,2025-12-20,1,7,6
1916,kilan,tehran,2025-12-21,0,4,4
2099,kish,hormozgan,2025-11-22,24987,25646,659
2099,kish,hormozgan,2025-11-23,23351,25144,1793
2099,kish,hormozgan,2025-11-24,22964,25996,3032
2099,kish,hormozgan,2025-11-25,22870,28009,5139
2099,kish,hormozgan,2025-11-26,21881,28865,6984
2099,kish,hormozgan,2025-11-27,18818,26636,7818
2099,kish,hormozgan,2025-11-28,9528,15419,5891
2099,kish,hormozgan,2025-11-29,9844,17867,8023
2099,kish,hormozgan,2025-11-30,9113,17047,7934
2099,kish,hormozgan,2025-12-01,10417,20265,9848
2099,kish,hormozgan,2025-12-02,14516,26985,12469
2099,kish,hormozgan,2025-12-03,20461,39460,18999
2099,kish,hormozgan,2025-12-04,21906,40726,18820
2099,kish,hormozgan,2025-12-05,17063,36544,19481
2099,kish,hormozgan,2025-12-06,10828,27176,16348
2099,kish,hormozgan,2025-12-07,7511,23396,15885
2099,kish,hormozgan,2025-12-08,7095,22320,15225
2099,kish,hormozgan,2025-12-09,6814,22312,15498
2099,kish,hormozgan,2025-12-10,6931,23038,16107
2099,kish,hormozgan,2025-12-11,6681,24331,17650
2099,kish,hormozgan,2025-12-12,4722,19636,14914
2099,kish,hormozgan,2025-12-13,4749,22530,17781
2099,kish,hormozgan,2025-12-14,4340,20755,16415
2099,kish,hormozgan,2025-12-15,4495,22592,18097
2099,kish,hormozgan,2025-12-16,5479,25156,19677
2099,kish,hormozgan,2025-12-17,5870,25425,19555
2099,kish,hormozgan,2025-12-18,6146,26838,20692
2099,kish,hormozgan,2025-12-19,4466,23750,19284
2099,kish,hormozgan,2025-12-20,3317,20839,17522
2099,kish,hormozgan,2025-12-21,1496,15441,13945
3109,kodkan,khorasan_razavi,2025-11-22,0,0,0
3109,kodkan,khorasan_razavi,2025-11-23,0,0,0
3109,kodkan,khorasan_razavi,2025-11-24,0,0,0
3109,kodkan,khorasan_razavi,2025-11-25,0,0,0
3109,kodkan,khorasan_razavi,2025-11-26,0,0,0
3109,kodkan,khorasan_razavi,2025-11-27,0,0,0
3109,kodkan,khorasan_razavi,2025-11-28,0,0,0
3109,kodkan,khorasan_razavi,2025-11-29,0,0,0
3109,kodkan,khorasan_razavi,2025-11-30,0,0,0
3109,kodkan,khorasan_razavi,2025-12-01,0,0,0
3109,kodkan,khorasan_razavi,2025-12-02,0,0,0
3109,kodkan,khorasan_razavi,2025-12-03,0,0,0
3109,kodkan,khorasan_razavi,2025-12-04,0,0,0
3109,kodkan,khorasan_razavi,2025-12-05,0,0,0
3109,kodkan,khorasan_razavi,2025-12-06,0,0,0
3109,kodkan,khorasan_razavi,2025-12-07,0,0,0
3109,kodkan,khorasan_razavi,2025-12-08,0,0,0
3109,kodkan,khorasan_razavi,2025-12-09,0,0,0
3109,kodkan,khorasan_razavi,2025-12-10,0,0,0
3109,kodkan,khorasan_razavi,2025-12-11,0,0,0
3109,kodkan,khorasan_razavi,2025-12-12,0,0,0
3109,kodkan,khorasan_razavi,2025-12-13,0,0,0
3109,kodkan,khorasan_razavi,2025-12-14,0,0,0
3109,kodkan,khorasan_razavi,2025-12-15,0,0,0
3109,kodkan,khorasan_razavi,2025-12-16,0,0,0
3109,kodkan,khorasan_razavi,2025-12-17,0,0,0
3109,kodkan,khorasan_razavi,2025-12-18,0,0,0
3109,kodkan,khorasan_razavi,2025-12-19,0,0,0
3109,kodkan,khorasan_razavi,2025-12-20,0,0,0
3109,kodkan,khorasan_razavi,2025-12-21,0,0,0
3578,kohikheyl,mazandaran,2025-11-22,0,0,0
3578,kohikheyl,mazandaran,2025-11-23,0,0,0
3578,kohikheyl,mazandaran,2025-11-24,0,0,0
3578,kohikheyl,mazandaran,2025-11-25,0,0,0
3578,kohikheyl,mazandaran,2025-11-26,0,0,0
3578,kohikheyl,mazandaran,2025-11-27,0,0,0
3578,kohikheyl,mazandaran,2025-11-28,0,0,0
3578,kohikheyl,mazandaran,2025-11-29,0,0,0
3578,kohikheyl,mazandaran,2025-11-30,0,0,0
3578,kohikheyl,mazandaran,2025-12-01,0,0,0
3578,kohikheyl,mazandaran,2025-12-02,0,0,0
3578,kohikheyl,mazandaran,2025-12-03,0,0,0
3578,kohikheyl,mazandaran,2025-12-04,0,0,0
3578,kohikheyl,mazandaran,2025-12-05,0,0,0
3578,kohikheyl,mazandaran,2025-12-06,0,0,0
3578,kohikheyl,mazandaran,2025-12-07,0,0,0
3578,kohikheyl,mazandaran,2025-12-08,0,0,0
3578,kohikheyl,mazandaran,2025-12-09,0,0,0
3578,kohikheyl,mazandaran,2025-12-10,0,0,0
3578,kohikheyl,mazandaran,2025-12-11,0,0,0
3578,kohikheyl,mazandaran,2025-12-12,0,0,0
3578,kohikheyl,mazandaran,2025-12-13,0,0,0
3578,kohikheyl,mazandaran,2025-12-14,0,0,0
3578,kohikheyl,mazandaran,2025-12-15,0,0,0
3578,kohikheyl,mazandaran,2025-12-16,0,0,0
3578,kohikheyl,mazandaran,2025-12-17,0,0,0
3578,kohikheyl,mazandaran,2025-12-18,0,0,0
3578,kohikheyl,mazandaran,2025-12-19,0,0,0
3578,kohikheyl,mazandaran,2025-12-20,0,0,0
3578,kohikheyl,mazandaran,2025-12-21,0,0,0
4684,komeshcheh,isfahan,2025-11-22,0,0,0
4684,komeshcheh,isfahan,2025-11-23,0,0,0
4684,komeshcheh,isfahan,2025-11-24,0,0,0
4684,komeshcheh,isfahan,2025-11-25,0,0,0
4684,komeshcheh,isfahan,2025-11-26,0,0,0
4684,komeshcheh,isfahan,2025-11-27,0,0,0
4684,komeshcheh,isfahan,2025-11-28,0,0,0
4684,komeshcheh,isfahan,2025-11-29,0,0,0
4684,komeshcheh,isfahan,2025-11-30,0,0,0
4684,komeshcheh,isfahan,2025-12-01,0,0,0
4684,komeshcheh,isfahan,2025-12-02,0,0,0
4684,komeshcheh,isfahan,2025-12-03,0,0,0
4684,komeshcheh,isfahan,2025-12-04,0,0,0
4684,komeshcheh,isfahan,2025-12-05,0,0,0
4684,komeshcheh,isfahan,2025-12-06,0,0,0
4684,komeshcheh,isfahan,2025-12-07,0,0,0
4684,komeshcheh,isfahan,2025-12-08,0,0,0
4684,komeshcheh,isfahan,2025-12-09,0,0,0
4684,komeshcheh,isfahan,2025-12-10,0,0,0
4684,komeshcheh,isfahan,2025-12-11,0,0,0
4684,komeshcheh,isfahan,2025-12-12,0,0,0
4684,komeshcheh,isfahan,2025-12-13,0,0,0
4684,komeshcheh,isfahan,2025-12-14,0,0,0
4684,komeshcheh,isfahan,2025-12-15,0,0,0
4684,komeshcheh,isfahan,2025-12-16,0,0,0
4684,komeshcheh,isfahan,2025-12-17,0,0,0
4684,komeshcheh,isfahan,2025-12-18,0,0,0
4684,komeshcheh,isfahan,2025-12-19,0,0,0
4684,komeshcheh,isfahan,2025-12-20,0,0,0
4684,komeshcheh,isfahan,2025-12-21,0,0,0
9767,kong,hormozgan,2025-11-22,0,0,0
9767,kong,hormozgan,2025-11-23,0,0,0
9767,kong,hormozgan,2025-11-24,0,0,0
9767,kong,hormozgan,2025-11-25,0,0,0
9767,kong,hormozgan,2025-11-26,0,0,0
9767,kong,hormozgan,2025-11-27,0,0,0
9767,kong,hormozgan,2025-11-28,0,0,0
9767,kong,hormozgan,2025-11-29,0,0,0
9767,kong,hormozgan,2025-11-30,0,0,0
9767,kong,hormozgan,2025-12-01,0,0,0
9767,kong,hormozgan,2025-12-02,0,0,0
9767,kong,hormozgan,2025-12-03,0,0,0
9767,kong,hormozgan,2025-12-04,0,0,0
9767,kong,hormozgan,2025-12-05,0,0,0
9767,kong,hormozgan,2025-12-06,0,0,0
9767,kong,hormozgan,2025-12-07,0,0,0
9767,kong,hormozgan,2025-12-08,0,0,0
9767,kong,hormozgan,2025-12-09,0,0,0
9767,kong,hormozgan,2025-12-10,0,0,0
9767,kong,hormozgan,2025-12-11,0,0,0
9767,kong,hormozgan,2025-12-12,0,0,0
9767,kong,hormozgan,2025-12-13,0,0,0
9767,kong,hormozgan,2025-12-14,0,0,0
9767,kong,hormozgan,2025-12-15,0,0,0
9767,kong,hormozgan,2025-12-16,0,0,0
9767,kong,hormozgan,2025-12-17,0,0,0
9767,kong,hormozgan,2025-12-18,0,0,0
9767,kong,hormozgan,2025-12-19,0,0,0
9767,kong,hormozgan,2025-12-20,0,0,0
9767,kong,hormozgan,2025-12-21,0,0,0
6733,koochesfehan,gilan,2025-11-22,86,99,13
6733,koochesfehan,gilan,2025-11-23,63,85,22
6733,koochesfehan,gilan,2025-11-24,61,94,33
6733,koochesfehan,gilan,2025-11-25,50,91,41
6733,koochesfehan,gilan,2025-11-26,49,127,78
6733,koochesfehan,gilan,2025-11-27,41,141,100
6733,koochesfehan,gilan,2025-11-28,22,66,44
6733,koochesfehan,gilan,2025-11-29,26,64,38
6733,koochesfehan,gilan,2025-11-30,23,62,39
6733,koochesfehan,gilan,2025-12-01,27,66,39
6733,koochesfehan,gilan,2025-12-02,18,66,48
6733,koochesfehan,gilan,2025-12-03,15,114,99
6733,koochesfehan,gilan,2025-12-04,18,220,202
6733,koochesfehan,gilan,2025-12-05,14,75,61
6733,koochesfehan,gilan,2025-12-06,5,62,57
6733,koochesfehan,gilan,2025-12-07,3,57,54
6733,koochesfehan,gilan,2025-12-08,6,53,47
6733,koochesfehan,gilan,2025-12-09,6,58,52
6733,koochesfehan,gilan,2025-12-10,6,82,76
6733,koochesfehan,gilan,2025-12-11,5,160,155
6733,koochesfehan,gilan,2025-12-12,5,61,56
6733,koochesfehan,gilan,2025-12-13,5,50,45
6733,koochesfehan,gilan,2025-12-14,5,54,49
6733,koochesfehan,gilan,2025-12-15,10,60,50
6733,koochesfehan,gilan,2025-12-16,9,71,62
6733,koochesfehan,gilan,2025-12-17,9,95,86
6733,koochesfehan,gilan,2025-12-18,7,148,141
6733,koochesfehan,gilan,2025-12-19,3,69,66
6733,koochesfehan,gilan,2025-12-20,3,49,46
6733,koochesfehan,gilan,2025-12-21,0,37,37
3832,koohpayeh,isfahan,2025-11-22,2,2,0
3832,koohpayeh,isfahan,2025-11-23,2,2,0
3832,koohpayeh,isfahan,2025-11-24,1,1,0
3832,koohpayeh,isfahan,2025-11-25,0,1,1
3832,koohpayeh,isfahan,2025-11-26,0,1,1
3832,koohpayeh,isfahan,2025-11-27,1,3,2
3832,koohpayeh,isfahan,2025-11-28,1,2,1
3832,koohpayeh,isfahan,2025-11-29,0,1,1
3832,koohpayeh,isfahan,2025-11-30,0,1,1
3832,koohpayeh,isfahan,2025-12-01,0,1,1
3832,koohpayeh,isfahan,2025-12-02,0,2,2
3832,koohpayeh,isfahan,2025-12-03,0,2,2
3832,koohpayeh,isfahan,2025-12-04,0,4,4
3832,koohpayeh,isfahan,2025-12-05,0,2,2
3832,koohpayeh,isfahan,2025-12-06,0,2,2
3832,koohpayeh,isfahan,2025-12-07,0,2,2
3832,koohpayeh,isfahan,2025-12-08,0,2,2
3832,koohpayeh,isfahan,2025-12-09,0,2,2
3832,koohpayeh,isfahan,2025-12-10,0,2,2
3832,koohpayeh,isfahan,2025-12-11,0,4,4
3832,koohpayeh,isfahan,2025-12-12,0,2,2
3832,koohpayeh,isfahan,2025-12-13,0,2,2
3832,koohpayeh,isfahan,2025-12-14,0,2,2
3832,koohpayeh,isfahan,2025-12-15,0,3,3
3832,koohpayeh,isfahan,2025-12-16,0,3,3
3832,koohpayeh,isfahan,2025-12-17,0,3,3
3832,koohpayeh,isfahan,2025-12-18,0,4,4
3832,koohpayeh,isfahan,2025-12-19,0,3,3
3832,koohpayeh,isfahan,2025-12-20,0,3,3
3832,koohpayeh,isfahan,2025-12-21,0,2,2
5262,koohsar,alborz,2025-11-22,29,37,8
5262,koohsar,alborz,2025-11-23,20,36,16
5262,koohsar,alborz,2025-11-24,24,42,18
5262,koohsar,alborz,2025-11-25,8,29,21
5262,koohsar,alborz,2025-11-26,13,43,30
5262,koohsar,alborz,2025-11-27,40,139,99
5262,koohsar,alborz,2025-11-28,0,31,31
5262,koohsar,alborz,2025-11-29,0,28,28
5262,koohsar,alborz,2025-11-30,1,34,33
5262,koohsar,alborz,2025-12-01,3,41,38
5262,koohsar,alborz,2025-12-02,6,40,34
5262,koohsar,alborz,2025-12-03,29,79,50
5262,koohsar,alborz,2025-12-04,10,160,150
5262,koohsar,alborz,2025-12-05,3,57,54
5262,koohsar,alborz,2025-12-06,8,45,37
5262,koohsar,alborz,2025-12-07,0,40,40
5262,koohsar,alborz,2025-12-08,0,39,39
5262,koohsar,alborz,2025-12-09,6,45,39
5262,koohsar,alborz,2025-12-10,6,62,56
5262,koohsar,alborz,2025-12-11,12,191,179
5262,koohsar,alborz,2025-12-12,4,64,60
5262,koohsar,alborz,2025-12-13,4,46,42
5262,koohsar,alborz,2025-12-14,1,38,37
5262,koohsar,alborz,2025-12-15,1,43,42
5262,koohsar,alborz,2025-12-16,1,46,45
5262,koohsar,alborz,2025-12-17,1,61,60
5262,koohsar,alborz,2025-12-18,4,168,164
5262,koohsar,alborz,2025-12-19,7,75,68
5262,koohsar,alborz,2025-12-20,9,54,45
5262,koohsar,alborz,2025-12-21,7,42,35
3870,koomleh,gilan,2025-11-22,7,7,0
3870,koomleh,gilan,2025-11-23,2,3,1
3870,koomleh,gilan,2025-11-24,8,10,2
3870,koomleh,gilan,2025-11-25,8,11,3
3870,koomleh,gilan,2025-11-26,10,15,5
3870,koomleh,gilan,2025-11-27,9,14,5
3870,koomleh,gilan,2025-11-28,2,4,2
3870,koomleh,gilan,2025-11-29,1,3,2
3870,koomleh,gilan,2025-11-30,0,2,2
3870,koomleh,gilan,2025-12-01,0,2,2
3870,koomleh,gilan,2025-12-02,0,3,3
3870,koomleh,gilan,2025-12-03,1,7,6
3870,koomleh,gilan,2025-12-04,1,15,14
3870,koomleh,gilan,2025-12-05,0,3,3
3870,koomleh,gilan,2025-12-06,3,8,5
3870,koomleh,gilan,2025-12-07,2,5,3
3870,koomleh,gilan,2025-12-08,0,3,3
3870,koomleh,gilan,2025-12-09,0,4,4
3870,koomleh,gilan,2025-12-10,2,7,5
3870,koomleh,gilan,2025-12-11,5,15,10
3870,koomleh,gilan,2025-12-12,0,3,3
3870,koomleh,gilan,2025-12-13,0,3,3
3870,koomleh,gilan,2025-12-14,0,3,3
3870,koomleh,gilan,2025-12-15,0,4,4
3870,koomleh,gilan,2025-12-16,0,4,4
3870,koomleh,gilan,2025-12-17,0,5,5
3870,koomleh,gilan,2025-12-18,0,6,6
3870,koomleh,gilan,2025-12-19,0,4,4
3870,koomleh,gilan,2025-12-20,0,4,4
3870,koomleh,gilan,2025-12-21,0,3,3
1629,kooshk,isfahan,2025-11-22,0,0,0
1629,kooshk,isfahan,2025-11-23,0,0,0
1629,kooshk,isfahan,2025-11-24,0,0,0
1629,kooshk,isfahan,2025-11-25,0,0,0
1629,kooshk,isfahan,2025-11-26,0,0,0
1629,kooshk,isfahan,2025-11-27,0,0,0
1629,kooshk,isfahan,2025-11-28,0,0,0
1629,kooshk,isfahan,2025-11-29,0,0,0
1629,kooshk,isfahan,2025-11-30,0,0,0
1629,kooshk,isfahan,2025-12-01,0,0,0
1629,kooshk,isfahan,2025-12-02,0,0,0
1629,kooshk,isfahan,2025-12-03,0,0,0
1629,kooshk,isfahan,2025-12-04,0,0,0
1629,kooshk,isfahan,2025-12-05,0,0,0
1629,kooshk,isfahan,2025-12-06,0,0,0
1629,kooshk,isfahan,2025-12-07,0,0,0
1629,kooshk,isfahan,2025-12-08,0,0,0
1629,kooshk,isfahan,2025-12-09,0,0,0
1629,kooshk,isfahan,2025-12-10,0,0,0
1629,kooshk,isfahan,2025-12-11,0,0,0
1629,kooshk,isfahan,2025-12-12,0,0,0
1629,kooshk,isfahan,2025-12-13,0,0,0
1629,kooshk,isfahan,2025-12-14,0,0,0
1629,kooshk,isfahan,2025-12-15,0,0,0
1629,kooshk,isfahan,2025-12-16,0,0,0
1629,kooshk,isfahan,2025-12-17,0,0,0
1629,kooshk,isfahan,2025-12-18,0,0,0
1629,kooshk,isfahan,2025-12-19,0,0,0
1629,kooshk,isfahan,2025-12-20,0,0,0
1629,kooshk,isfahan,2025-12-21,0,0,0
9547,kordan,alborz,2025-11-22,6418,7667,1249
9547,kordan,alborz,2025-11-23,8302,12032,3730
9547,kordan,alborz,2025-11-24,5361,9335,3974
9547,kordan,alborz,2025-11-25,3364,6922,3558
9547,kordan,alborz,2025-11-26,3871,9657,5786
9547,kordan,alborz,2025-11-27,10718,32622,21904
9547,kordan,alborz,2025-11-28,3314,11348,8034
9547,kordan,alborz,2025-11-29,1645,6181,4536
9547,kordan,alborz,2025-11-30,1616,6786,5170
9547,kordan,alborz,2025-12-01,1363,6152,4789
9547,kordan,alborz,2025-12-02,1463,7266,5803
9547,kordan,alborz,2025-12-03,1900,10715,8815
9547,kordan,alborz,2025-12-04,5808,41338,35530
9547,kordan,alborz,2025-12-05,1755,14567,12812
9547,kordan,alborz,2025-12-06,842,6984,6142
9547,kordan,alborz,2025-12-07,637,6223,5586
9547,kordan,alborz,2025-12-08,766,6366,5600
9547,kordan,alborz,2025-12-09,783,7597,6814
9547,kordan,alborz,2025-12-10,1249,12214,10965
9547,kordan,alborz,2025-12-11,3638,40047,36409
9547,kordan,alborz,2025-12-12,1350,14662,13312
9547,kordan,alborz,2025-12-13,650,7482,6832
9547,kordan,alborz,2025-12-14,480,6975,6495
9547,kordan,alborz,2025-12-15,480,8011,7531
9547,kordan,alborz,2025-12-16,537,8162,7625
9547,kordan,alborz,2025-12-17,839,13273,12434
9547,kordan,alborz,2025-12-18,2771,35995,33224
9547,kordan,alborz,2025-12-19,796,13935,13139
9547,kordan,alborz,2025-12-20,545,8520,7975
9547,kordan,alborz,2025-12-21,593,9416,8823
7256,kushkenar,hormozgan,2025-11-22,0,0,0
7256,kushkenar,hormozgan,2025-11-23,0,0,0
7256,kushkenar,hormozgan,2025-11-24,0,0,0
7256,kushkenar,hormozgan,2025-11-25,0,0,0
7256,kushkenar,hormozgan,2025-11-26,0,0,0
7256,kushkenar,hormozgan,2025-11-27,0,0,0
7256,kushkenar,hormozgan,2025-11-28,0,0,0
7256,kushkenar,hormozgan,2025-11-29,0,0,0
7256,kushkenar,hormozgan,2025-11-30,0,0,0
7256,kushkenar,hormozgan,2025-12-01,0,0,0
7256,kushkenar,hormozgan,2025-12-02,0,0,0
7256,kushkenar,hormozgan,2025-12-03,0,0,0
7256,kushkenar,hormozgan,2025-12-04,0,0,0
7256,kushkenar,hormozgan,2025-12-05,0,0,0
7256,kushkenar,hormozgan,2025-12-06,0,0,0
7256,kushkenar,hormozgan,2025-12-07,0,0,0
7256,kushkenar,hormozgan,2025-12-08,0,0,0
7256,kushkenar,hormozgan,2025-12-09,0,0,0
7256,kushkenar,hormozgan,2025-12-10,0,0,0
7256,kushkenar,hormozgan,2025-12-11,0,0,0
7256,kushkenar,hormozgan,2025-12-12,0,0,0
7256,kushkenar,hormozgan,2025-12-13,0,0,0
7256,kushkenar,hormozgan,2025-12-14,0,0,0
7256,kushkenar,hormozgan,2025-12-15,0,0,0
7256,kushkenar,hormozgan,2025-12-16,0,0,0
7256,kushkenar,hormozgan,2025-12-17,0,0,0
7256,kushkenar,hormozgan,2025-12-18,0,0,0
7256,kushkenar,hormozgan,2025-12-19,0,0,0
7256,kushkenar,hormozgan,2025-12-20,0,0,0
7256,kushkenar,hormozgan,2025-12-21,0,0,0
2778,lahijan,gilan,2025-11-22,3448,3988,540
2778,lahijan,gilan,2025-11-23,2507,3375,868
2778,lahijan,gilan,2025-11-24,2199,3357,1158
2778,lahijan,gilan,2025-11-25,2145,3672,1527
2778,lahijan,gilan,2025-11-26,2401,5078,2677
2778,lahijan,gilan,2025-11-27,2022,4960,2938
2778,lahijan,gilan,2025-11-28,758,2079,1321
2778,lahijan,gilan,2025-11-29,830,2268,1438
2778,lahijan,gilan,2025-11-30,747,2377,1630
2778,lahijan,gilan,2025-12-01,672,2248,1576
2778,lahijan,gilan,2025-12-02,677,2523,1846
2778,lahijan,gilan,2025-12-03,698,3605,2907
2778,lahijan,gilan,2025-12-04,802,5950,5148
2778,lahijan,gilan,2025-12-05,426,2711,2285
2778,lahijan,gilan,2025-12-06,382,2058,1676
2778,lahijan,gilan,2025-12-07,380,2054,1674
2778,lahijan,gilan,2025-12-08,379,2066,1687
2778,lahijan,gilan,2025-12-09,340,2150,1810
2778,lahijan,gilan,2025-12-10,395,3426,3031
2778,lahijan,gilan,2025-12-11,414,5714,5300
2778,lahijan,gilan,2025-12-12,259,2360,2101
2778,lahijan,gilan,2025-12-13,194,1785,1591
2778,lahijan,gilan,2025-12-14,134,1530,1396
2778,lahijan,gilan,2025-12-15,147,1780,1633
2778,lahijan,gilan,2025-12-16,187,2252,2065
2778,lahijan,gilan,2025-12-17,217,3384,3167
2778,lahijan,gilan,2025-12-18,277,4348,4071
2778,lahijan,gilan,2025-12-19,172,2270,2098
2778,lahijan,gilan,2025-12-20,134,1572,1438
2778,lahijan,gilan,2025-12-21,72,1159,1087
2587,langarud,gilan,2025-11-22,439,503,64
2587,langarud,gilan,2025-11-23,318,422,104
2587,langarud,gilan,2025-11-24,211,341,130
2587,langarud,gilan,2025-11-25,162,319,157
2587,langarud,gilan,2025-11-26,174,456,282
2587,langarud,gilan,2025-11-27,179,531,352
2587,langarud,gilan,2025-11-28,48,191,143
2587,langarud,gilan,2025-11-29,56,204,148
2587,langarud,gilan,2025-11-30,49,218,169
2587,langarud,gilan,2025-12-01,68,238,170
2587,langarud,gilan,2025-12-02,78,284,206
2587,langarud,gilan,2025-12-03,74,380,306
2587,langarud,gilan,2025-12-04,129,851,722
2587,langarud,gilan,2025-12-05,69,318,249
2587,langarud,gilan,2025-12-06,55,264,209
2587,langarud,gilan,2025-12-07,46,225,179
2587,langarud,gilan,2025-12-08,40,220,180
2587,langarud,gilan,2025-12-09,34,271,237
2587,langarud,gilan,2025-12-10,37,315,278
2587,langarud,gilan,2025-12-11,45,714,669
2587,langarud,gilan,2025-12-12,30,283,253
2587,langarud,gilan,2025-12-13,16,218,202
2587,langarud,gilan,2025-12-14,23,219,196
2587,langarud,gilan,2025-12-15,26,228,202
2587,langarud,gilan,2025-12-16,20,284,264
2587,langarud,gilan,2025-12-17,34,350,316
2587,langarud,gilan,2025-12-18,39,506,467
2587,langarud,gilan,2025-12-19,17,311,294
2587,langarud,gilan,2025-12-20,5,194,189
2587,langarud,gilan,2025-12-21,4,144,140
5270,larijan,gilan,2025-11-22,19,21,2
5270,larijan,gilan,2025-11-23,24,29,5
5270,larijan,gilan,2025-11-24,10,15,5
5270,larijan,gilan,2025-11-25,11,18,7
5270,larijan,gilan,2025-11-26,11,25,14
5270,larijan,gilan,2025-11-27,25,59,34
5270,larijan,gilan,2025-11-28,3,9,6
5270,larijan,gilan,2025-11-29,3,10,7
5270,larijan,gilan,2025-11-30,4,12,8
5270,larijan,gilan,2025-12-01,4,13,9
5270,larijan,gilan,2025-12-02,4,15,11
5270,larijan,gilan,2025-12-03,2,16,14
5270,larijan,gilan,2025-12-04,8,51,43
5270,larijan,gilan,2025-12-05,1,12,11
5270,larijan,gilan,2025-12-06,1,7,6
5270,larijan,gilan,2025-12-07,1,6,5
5270,larijan,gilan,2025-12-08,0,0,0
5270,larijan,gilan,2025-12-09,0,0,0
5270,larijan,gilan,2025-12-10,1,11,10
5270,larijan,gilan,2025-12-11,2,38,36
5270,larijan,gilan,2025-12-12,0,0,0
5270,larijan,gilan,2025-12-13,0,0,0
5270,larijan,gilan,2025-12-14,0,0,0
5270,larijan,gilan,2025-12-15,0,0,0
5270,larijan,gilan,2025-12-16,0,0,0
5270,larijan,gilan,2025-12-17,0,0,0
5270,larijan,gilan,2025-12-18,1,31,30
5270,larijan,gilan,2025-12-19,2,16,14
5270,larijan,gilan,2025-12-20,1,11,10
5270,larijan,gilan,2025-12-21,1,11,10
4192,lashtnesha,gilan,2025-11-22,11,13,2
4192,lashtnesha,gilan,2025-11-23,16,21,5
4192,lashtnesha,gilan,2025-11-24,15,21,6
4192,lashtnesha,gilan,2025-11-25,31,41,10
4192,lashtnesha,gilan,2025-11-26,39,60,21
4192,lashtnesha,gilan,2025-11-27,32,60,28
4192,lashtnesha,gilan,2025-11-28,1,8,7
4192,lashtnesha,gilan,2025-11-29,1,8,7
4192,lashtnesha,gilan,2025-11-30,2,9,7
4192,lashtnesha,gilan,2025-12-01,3,11,8
4192,lashtnesha,gilan,2025-12-02,2,11,9
4192,lashtnesha,gilan,2025-12-03,7,29,22
4192,lashtnesha,gilan,2025-12-04,15,62,47
4192,lashtnesha,gilan,2025-12-05,10,25,15
4192,lashtnesha,gilan,2025-12-06,1,13,12
4192,lashtnesha,gilan,2025-12-07,1,10,9
4192,lashtnesha,gilan,2025-12-08,2,13,11
4192,lashtnesha,gilan,2025-12-09,1,13,12
4192,lashtnesha,gilan,2025-12-10,2,21,19
4192,lashtnesha,gilan,2025-12-11,1,38,37
4192,lashtnesha,gilan,2025-12-12,0,9,9
4192,lashtnesha,gilan,2025-12-13,0,9,9
4192,lashtnesha,gilan,2025-12-14,2,10,8
4192,lashtnesha,gilan,2025-12-15,0,10,10
4192,lashtnesha,gilan,2025-12-16,3,18,15
4192,lashtnesha,gilan,2025-12-17,3,23,20
4192,lashtnesha,gilan,2025-12-18,1,32,31
4192,lashtnesha,gilan,2025-12-19,0,11,11
4192,lashtnesha,gilan,2025-12-20,0,9,9
4192,lashtnesha,gilan,2025-12-21,0,6,6
2728,lavan,hormozgan,2025-11-22,203,208,5
2728,lavan,hormozgan,2025-11-23,166,176,10
2728,lavan,hormozgan,2025-11-24,173,198,25
2728,lavan,hormozgan,2025-11-25,167,196,29
2728,lavan,hormozgan,2025-11-26,169,210,41
2728,lavan,hormozgan,2025-11-27,134,172,38
2728,lavan,hormozgan,2025-11-28,52,69,17
2728,lavan,hormozgan,2025-11-29,81,111,30
2728,lavan,hormozgan,2025-11-30,70,104,34
2728,lavan,hormozgan,2025-12-01,68,108,40
2728,lavan,hormozgan,2025-12-02,67,129,62
2728,lavan,hormozgan,2025-12-03,54,102,48
2728,lavan,hormozgan,2025-12-04,36,85,49
2728,lavan,hormozgan,2025-12-05,18,46,28
2728,lavan,hormozgan,2025-12-06,31,116,85
2728,lavan,hormozgan,2025-12-07,33,119,86
2728,lavan,hormozgan,2025-12-08,45,151,106
2728,lavan,hormozgan,2025-12-09,48,161,113
2728,lavan,hormozgan,2025-12-10,40,146,106
2728,lavan,hormozgan,2025-12-11,23,113,90
2728,lavan,hormozgan,2025-12-12,20,89,69
2728,lavan,hormozgan,2025-12-13,24,101,77
2728,lavan,hormozgan,2025-12-14,20,90,70
2728,lavan,hormozgan,2025-12-15,23,110,87
2728,lavan,hormozgan,2025-12-16,33,154,121
2728,lavan,hormozgan,2025-12-17,34,162,128
2728,lavan,hormozgan,2025-12-18,38,183,145
2728,lavan,hormozgan,2025-12-19,35,159,124
2728,lavan,hormozgan,2025-12-20,21,113,92
2728,lavan,hormozgan,2025-12-21,4,29,25
1960,lavandevil,gilan,2025-11-22,5,6,1
1960,lavandevil,gilan,2025-11-23,9,12,3
1960,lavandevil,gilan,2025-11-24,4,7,3
1960,lavandevil,gilan,2025-11-25,4,8,4
1960,lavandevil,gilan,2025-11-26,5,13,8
1960,lavandevil,gilan,2025-11-27,10,22,12
1960,lavandevil,gilan,2025-11-28,3,5,2
1960,lavandevil,gilan,2025-11-29,5,8,3
1960,lavandevil,gilan,2025-11-30,5,8,3
1960,lavandevil,gilan,2025-12-01,4,8,4
1960,lavandevil,gilan,2025-12-02,4,8,4
1960,lavandevil,gilan,2025-12-03,4,12,8
1960,lavandevil,gilan,2025-12-04,3,22,19
1960,lavandevil,gilan,2025-12-05,3,9,6
1960,lavandevil,gilan,2025-12-06,3,9,6
1960,lavandevil,gilan,2025-12-07,3,7,4
1960,lavandevil,gilan,2025-12-08,3,7,4
1960,lavandevil,gilan,2025-12-09,3,8,5
1960,lavandevil,gilan,2025-12-10,3,10,7
1960,lavandevil,gilan,2025-12-11,3,18,15
1960,lavandevil,gilan,2025-12-12,3,8,5
1960,lavandevil,gilan,2025-12-13,3,7,4
1960,lavandevil,gilan,2025-12-14,3,7,4
1960,lavandevil,gilan,2025-12-15,3,8,5
1960,lavandevil,gilan,2025-12-16,3,8,5
1960,lavandevil,gilan,2025-12-17,8,15,7
1960,lavandevil,gilan,2025-12-18,6,17,11
1960,lavandevil,gilan,2025-12-19,3,9,6
1960,lavandevil,gilan,2025-12-20,3,8,5
1960,lavandevil,gilan,2025-12-21,3,6,3
8856,lavasan,tehran,2025-11-22,531,623,92
8856,lavasan,tehran,2025-11-23,614,854,240
8856,lavasan,tehran,2025-11-24,370,586,216
8856,lavasan,tehran,2025-11-25,247,477,230
8856,lavasan,tehran,2025-11-26,325,756,431
8856,lavasan,tehran,2025-11-27,759,2141,1382
8856,lavasan,tehran,2025-11-28,197,719,522
8856,lavasan,tehran,2025-11-29,171,517,346
8856,lavasan,tehran,2025-11-30,100,468,368
8856,lavasan,tehran,2025-12-01,153,598,445
8856,lavasan,tehran,2025-12-02,142,649,507
8856,lavasan,tehran,2025-12-03,133,801,668
8856,lavasan,tehran,2025-12-04,325,2602,2277
8856,lavasan,tehran,2025-12-05,135,1020,885
8856,lavasan,tehran,2025-12-06,97,639,542
8856,lavasan,tehran,2025-12-07,87,635,548
8856,lavasan,tehran,2025-12-08,110,696,586
8856,lavasan,tehran,2025-12-09,93,721,628
8856,lavasan,tehran,2025-12-10,130,1010,880
8856,lavasan,tehran,2025-12-11,259,3524,3265
8856,lavasan,tehran,2025-12-12,98,1036,938
8856,lavasan,tehran,2025-12-13,49,650,601
8856,lavasan,tehran,2025-12-14,51,673,622
8856,lavasan,tehran,2025-12-15,65,797,732
8856,lavasan,tehran,2025-12-16,76,926,850
8856,lavasan,tehran,2025-12-17,120,1290,1170
8856,lavasan,tehran,2025-12-18,159,2471,2312
8856,lavasan,tehran,2025-12-19,83,1263,1180
8856,lavasan,tehran,2025-12-20,67,726,659
8856,lavasan,tehran,2025-12-21,71,674,603
2852,lisar,gilan,2025-11-22,26,28,2
2852,lisar,gilan,2025-11-23,19,23,4
2852,lisar,gilan,2025-11-24,17,22,5
2852,lisar,gilan,2025-11-25,11,18,7
2852,lisar,gilan,2025-11-26,3,14,11
2852,lisar,gilan,2025-11-27,9,24,15
2852,lisar,gilan,2025-11-28,3,7,4
2852,lisar,gilan,2025-11-29,19,24,5
2852,lisar,gilan,2025-11-30,13,18,5
2852,lisar,gilan,2025-12-01,13,18,5
2852,lisar,gilan,2025-12-02,1,7,6
2852,lisar,gilan,2025-12-03,1,11,10
2852,lisar,gilan,2025-12-04,1,25,24
2852,lisar,gilan,2025-12-05,1,8,7
2852,lisar,gilan,2025-12-06,1,10,9
2852,lisar,gilan,2025-12-07,1,8,7
2852,lisar,gilan,2025-12-08,1,8,7
2852,lisar,gilan,2025-12-09,1,9,8
2852,lisar,gilan,2025-12-10,5,16,11
2852,lisar,gilan,2025-12-11,5,28,23
2852,lisar,gilan,2025-12-12,1,8,7
2852,lisar,gilan,2025-12-13,1,8,7
2852,lisar,gilan,2025-12-14,1,8,7
2852,lisar,gilan,2025-12-15,1,9,8
2852,lisar,gilan,2025-12-16,1,11,10
2852,lisar,gilan,2025-12-17,5,17,12
2852,lisar,gilan,2025-12-18,5,23,18
2852,lisar,gilan,2025-12-19,1,11,10
2852,lisar,gilan,2025-12-20,1,9,8
2852,lisar,gilan,2025-12-21,0,5,5
8122,looleman,gilan,2025-11-22,5,5,0
8122,looleman,gilan,2025-11-23,6,7,1
8122,looleman,gilan,2025-11-24,5,7,2
8122,looleman,gilan,2025-11-25,4,7,3
8122,looleman,gilan,2025-11-26,0,5,5
8122,looleman,gilan,2025-11-27,0,5,5
8122,looleman,gilan,2025-11-28,0,1,1
8122,looleman,gilan,2025-11-29,0,1,1
8122,looleman,gilan,2025-11-30,0,2,2
8122,looleman,gilan,2025-12-01,1,3,2
8122,looleman,gilan,2025-12-02,1,4,3
8122,looleman,gilan,2025-12-03,0,5,5
8122,looleman,gilan,2025-12-04,0,10,10
8122,looleman,gilan,2025-12-05,0,3,3
8122,looleman,gilan,2025-12-06,0,3,3
8122,looleman,gilan,2025-12-07,0,3,3
8122,looleman,gilan,2025-12-08,0,3,3
8122,looleman,gilan,2025-12-09,0,3,3
8122,looleman,gilan,2025-12-10,0,4,4
8122,looleman,gilan,2025-12-11,0,8,8
8122,looleman,gilan,2025-12-12,0,3,3
8122,looleman,gilan,2025-12-13,0,3,3
8122,looleman,gilan,2025-12-14,0,2,2
8122,looleman,gilan,2025-12-15,2,6,4
8122,looleman,gilan,2025-12-16,0,3,3
8122,looleman,gilan,2025-12-17,0,5,5
8122,looleman,gilan,2025-12-18,0,6,6
8122,looleman,gilan,2025-12-19,0,4,4
8122,looleman,gilan,2025-12-20,0,3,3
8122,looleman,gilan,2025-12-21,0,2,2
3127,loshan,gilan,2025-11-22,0,0,0
3127,loshan,gilan,2025-11-23,0,0,0
3127,loshan,gilan,2025-11-24,0,0,0
3127,loshan,gilan,2025-11-25,0,0,0
3127,loshan,gilan,2025-11-26,0,0,0
3127,loshan,gilan,2025-11-27,0,0,0
3127,loshan,gilan,2025-11-28,0,0,0
3127,loshan,gilan,2025-11-29,0,0,0
3127,loshan,gilan,2025-11-30,0,0,0
3127,loshan,gilan,2025-12-01,0,0,0
3127,loshan,gilan,2025-12-02,0,0,0
3127,loshan,gilan,2025-12-03,0,0,0
3127,loshan,gilan,2025-12-04,0,0,0
3127,loshan,gilan,2025-12-05,0,0,0
3127,loshan,gilan,2025-12-06,0,0,0
3127,loshan,gilan,2025-12-07,0,0,0
3127,loshan,gilan,2025-12-08,0,0,0
3127,loshan,gilan,2025-12-09,0,0,0
3127,loshan,gilan,2025-12-10,0,0,0
3127,loshan,gilan,2025-12-11,0,0,0
3127,loshan,gilan,2025-12-12,0,0,0
3127,loshan,gilan,2025-12-13,0,0,0
3127,loshan,gilan,2025-12-14,0,0,0
3127,loshan,gilan,2025-12-15,0,0,0
3127,loshan,gilan,2025-12-16,0,0,0
3127,loshan,gilan,2025-12-17,0,0,0
3127,loshan,gilan,2025-12-18,0,0,0
3127,loshan,gilan,2025-12-19,0,0,0
3127,loshan,gilan,2025-12-20,0,0,0
3127,loshan,gilan,2025-12-21,0,0,0
1460,mahabad_esf,isfahan,2025-11-22,0,0,0
1460,mahabad_esf,isfahan,2025-11-23,0,0,0
1460,mahabad_esf,isfahan,2025-11-24,0,1,1
1460,mahabad_esf,isfahan,2025-11-25,0,1,1
1460,mahabad_esf,isfahan,2025-11-26,0,2,2
1460,mahabad_esf,isfahan,2025-11-27,0,1,1
1460,mahabad_esf,isfahan,2025-11-28,0,2,2
1460,mahabad_esf,isfahan,2025-11-29,0,2,2
1460,mahabad_esf,isfahan,2025-11-30,0,2,2
1460,mahabad_esf,isfahan,2025-12-01,0,3,3
1460,mahabad_esf,isfahan,2025-12-02,0,3,3
1460,mahabad_esf,isfahan,2025-12-03,0,3,3
1460,mahabad_esf,isfahan,2025-12-04,0,4,4
1460,mahabad_esf,isfahan,2025-12-05,0,4,4
1460,mahabad_esf,isfahan,2025-12-06,0,9,9
1460,mahabad_esf,isfahan,2025-12-07,0,9,9
1460,mahabad_esf,isfahan,2025-12-08,0,11,11
1460,mahabad_esf,isfahan,2025-12-09,0,11,11
1460,mahabad_esf,isfahan,2025-12-10,0,12,12
1460,mahabad_esf,isfahan,2025-12-11,0,15,15
1460,mahabad_esf,isfahan,2025-12-12,0,10,10
1460,mahabad_esf,isfahan,2025-12-13,0,11,11
1460,mahabad_esf,isfahan,2025-12-14,0,10,10
1460,mahabad_esf,isfahan,2025-12-15,0,13,13
1460,mahabad_esf,isfahan,2025-12-16,0,14,14
1460,mahabad_esf,isfahan,2025-12-17,0,14,14
1460,mahabad_esf,isfahan,2025-12-18,0,15,15
1460,mahabad_esf,isfahan,2025-12-19,0,11,11
1460,mahabad_esf,isfahan,2025-12-20,0,12,12
1460,mahabad_esf,isfahan,2025-12-21,0,10,10
5657,mahdasht_albrz,alborz,2025-11-22,41,51,10
5657,mahdasht_albrz,alborz,2025-11-23,28,46,18
5657,mahdasht_albrz,alborz,2025-11-24,33,57,24
5657,mahdasht_albrz,alborz,2025-11-25,14,35,21
5657,mahdasht_albrz,alborz,2025-11-26,21,58,37
5657,mahdasht_albrz,alborz,2025-11-27,57,172,115
5657,mahdasht_albrz,alborz,2025-11-28,78,149,71
5657,mahdasht_albrz,alborz,2025-11-29,11,38,27
5657,mahdasht_albrz,alborz,2025-11-30,20,56,36
5657,mahdasht_albrz,alborz,2025-12-01,17,57,40
5657,mahdasht_albrz,alborz,2025-12-02,8,48,40
5657,mahdasht_albrz,alborz,2025-12-03,7,59,52
5657,mahdasht_albrz,alborz,2025-12-04,33,202,169
5657,mahdasht_albrz,alborz,2025-12-05,5,64,59
5657,mahdasht_albrz,alborz,2025-12-06,6,44,38
5657,mahdasht_albrz,alborz,2025-12-07,6,43,37
5657,mahdasht_albrz,alborz,2025-12-08,9,52,43
5657,mahdasht_albrz,alborz,2025-12-09,12,56,44
5657,mahdasht_albrz,alborz,2025-12-10,5,66,61
5657,mahdasht_albrz,alborz,2025-12-11,22,198,176
5657,mahdasht_albrz,alborz,2025-12-12,3,67,64
5657,mahdasht_albrz,alborz,2025-12-13,20,57,37
5657,mahdasht_albrz,alborz,2025-12-14,4,45,41
5657,mahdasht_albrz,alborz,2025-12-15,2,50,48
5657,mahdasht_albrz,alborz,2025-12-16,5,57,52
5657,mahdasht_albrz,alborz,2025-12-17,2,67,65
5657,mahdasht_albrz,alborz,2025-12-18,15,165,150
5657,mahdasht_albrz,alborz,2025-12-19,6,86,80
5657,mahdasht_albrz,alborz,2025-12-20,2,46,44
5657,mahdasht_albrz,alborz,2025-12-21,0,35,35
8545,mahmudabad,mazandaran,2025-11-22,2543,2962,419
8545,mahmudabad,mazandaran,2025-11-23,2132,2962,830
8545,mahmudabad,mazandaran,2025-11-24,1939,3103,1164
8545,mahmudabad,mazandaran,2025-11-25,1772,3285,1513
8545,mahmudabad,mazandaran,2025-11-26,2134,4967,2833
8545,mahmudabad,mazandaran,2025-11-27,2078,5884,3806
8545,mahmudabad,mazandaran,2025-11-28,820,2542,1722
8545,mahmudabad,mazandaran,2025-11-29,715,2100,1385
8545,mahmudabad,mazandaran,2025-11-30,589,2091,1502
8545,mahmudabad,mazandaran,2025-12-01,650,2299,1649
8545,mahmudabad,mazandaran,2025-12-02,592,2489,1897
8545,mahmudabad,mazandaran,2025-12-03,650,3755,3105
8545,mahmudabad,mazandaran,2025-12-04,616,5535,4919
8545,mahmudabad,mazandaran,2025-12-05,360,2840,2480
8545,mahmudabad,mazandaran,2025-12-06,370,2279,1909
8545,mahmudabad,mazandaran,2025-12-07,279,1879,1600
8545,mahmudabad,mazandaran,2025-12-08,329,2185,1856
8545,mahmudabad,mazandaran,2025-12-09,327,2321,1994
8545,mahmudabad,mazandaran,2025-12-10,284,3146,2862
8545,mahmudabad,mazandaran,2025-12-11,386,6359,5973
8545,mahmudabad,mazandaran,2025-12-12,207,2682,2475
8545,mahmudabad,mazandaran,2025-12-13,225,2084,1859
8545,mahmudabad,mazandaran,2025-12-14,159,1597,1438
8545,mahmudabad,mazandaran,2025-12-15,138,1652,1514
8545,mahmudabad,mazandaran,2025-12-16,144,2055,1911
8545,mahmudabad,mazandaran,2025-12-17,131,2831,2700
8545,mahmudabad,mazandaran,2025-12-18,147,4092,3945
8545,mahmudabad,mazandaran,2025-12-19,74,2198,2124
8545,mahmudabad,mazandaran,2025-12-20,85,1688,1603
8545,mahmudabad,mazandaran,2025-12-21,47,1181,1134
6593,majlesi,isfahan,2025-11-22,0,0,0
6593,majlesi,isfahan,2025-11-23,0,0,0
6593,majlesi,isfahan,2025-11-24,0,0,0
6593,majlesi,isfahan,2025-11-25,0,0,0
6593,majlesi,isfahan,2025-11-26,0,0,0
6593,majlesi,isfahan,2025-11-27,1,1,0
6593,majlesi,isfahan,2025-11-28,0,0,0
6593,majlesi,isfahan,2025-11-29,0,0,0
6593,majlesi,isfahan,2025-11-30,0,0,0
6593,majlesi,isfahan,2025-12-01,0,0,0
6593,majlesi,isfahan,2025-12-02,0,0,0
6593,majlesi,isfahan,2025-12-03,0,0,0
6593,majlesi,isfahan,2025-12-04,0,0,0
6593,majlesi,isfahan,2025-12-05,0,0,0
6593,majlesi,isfahan,2025-12-06,0,0,0
6593,majlesi,isfahan,2025-12-07,0,0,0
6593,majlesi,isfahan,2025-12-08,0,0,0
6593,majlesi,isfahan,2025-12-09,0,0,0
6593,majlesi,isfahan,2025-12-10,0,0,0
6593,majlesi,isfahan,2025-12-11,0,0,0
6593,majlesi,isfahan,2025-12-12,0,0,0
6593,majlesi,isfahan,2025-12-13,0,0,0
6593,majlesi,isfahan,2025-12-14,1,1,0
6593,majlesi,isfahan,2025-12-15,0,0,0
6593,majlesi,isfahan,2025-12-16,0,0,0
6593,majlesi,isfahan,2025-12-17,0,0,0
6593,majlesi,isfahan,2025-12-18,0,0,0
6593,majlesi,isfahan,2025-12-19,0,0,0
6593,majlesi,isfahan,2025-12-20,0,0,0
6593,majlesi,isfahan,2025-12-21,0,0,0
7222,malard,tehran,2025-11-22,182,230,48
7222,malard,tehran,2025-11-23,103,170,67
7222,malard,tehran,2025-11-24,123,233,110
7222,malard,tehran,2025-11-25,78,173,95
7222,malard,tehran,2025-11-26,98,270,172
7222,malard,tehran,2025-11-27,207,612,405
7222,malard,tehran,2025-11-28,85,266,181
7222,malard,tehran,2025-11-29,34,137,103
7222,malard,tehran,2025-11-30,35,174,139
7222,malard,tehran,2025-12-01,56,233,177
7222,malard,tehran,2025-12-02,51,234,183
7222,malard,tehran,2025-12-03,37,243,206
7222,malard,tehran,2025-12-04,189,1123,934
7222,malard,tehran,2025-12-05,30,282,252
7222,malard,tehran,2025-12-06,26,195,169
7222,malard,tehran,2025-12-07,23,190,167
7222,malard,tehran,2025-12-08,29,202,173
7222,malard,tehran,2025-12-09,24,206,182
7222,malard,tehran,2025-12-10,14,206,192
7222,malard,tehran,2025-12-11,75,863,788
7222,malard,tehran,2025-12-12,45,351,306
7222,malard,tehran,2025-12-13,20,185,165
7222,malard,tehran,2025-12-14,22,198,176
7222,malard,tehran,2025-12-15,14,195,181
7222,malard,tehran,2025-12-16,16,221,205
7222,malard,tehran,2025-12-17,15,228,213
7222,malard,tehran,2025-12-18,28,636,608
7222,malard,tehran,2025-12-19,25,382,357
7222,malard,tehran,2025-12-20,29,253,224
7222,malard,tehran,2025-12-21,56,266,210
2751,manjil,gilan,2025-11-22,15,21,6
2751,manjil,gilan,2025-11-23,9,19,10
2751,manjil,gilan,2025-11-24,6,16,10
2751,manjil,gilan,2025-11-25,9,24,15
2751,manjil,gilan,2025-11-26,8,27,19
2751,manjil,gilan,2025-11-27,6,33,27
2751,manjil,gilan,2025-11-28,1,12,11
2751,manjil,gilan,2025-11-29,0,11,11
2751,manjil,gilan,2025-11-30,0,14,14
2751,manjil,gilan,2025-12-01,1,14,13
2751,manjil,gilan,2025-12-02,2,15,13
2751,manjil,gilan,2025-12-03,5,24,19
2751,manjil,gilan,2025-12-04,5,58,53
2751,manjil,gilan,2025-12-05,1,18,17
2751,manjil,gilan,2025-12-06,1,15,14
2751,manjil,gilan,2025-12-07,1,14,13
2751,manjil,gilan,2025-12-08,0,13,13
2751,manjil,gilan,2025-12-09,0,13,13
2751,manjil,gilan,2025-12-10,0,18,18
2751,manjil,gilan,2025-12-11,0,44,44
2751,manjil,gilan,2025-12-12,0,16,16
2751,manjil,gilan,2025-12-13,0,15,15
2751,manjil,gilan,2025-12-14,0,14,14
2751,manjil,gilan,2025-12-15,0,16,16
2751,manjil,gilan,2025-12-16,0,18,18
2751,manjil,gilan,2025-12-17,0,22,22
2751,manjil,gilan,2025-12-18,3,36,33
2751,manjil,gilan,2025-12-19,0,18,18
2751,manjil,gilan,2025-12-20,0,15,15
2751,manjil,gilan,2025-12-21,0,11,11
8008,marjaghal,gilan,2025-11-22,0,0,0
8008,marjaghal,gilan,2025-11-23,0,0,0
8008,marjaghal,gilan,2025-11-24,0,0,0
8008,marjaghal,gilan,2025-11-25,0,0,0
8008,marjaghal,gilan,2025-11-26,0,0,0
8008,marjaghal,gilan,2025-11-27,0,0,0
8008,marjaghal,gilan,2025-11-28,0,0,0
8008,marjaghal,gilan,2025-11-29,0,0,0
8008,marjaghal,gilan,2025-11-30,0,0,0
8008,marjaghal,gilan,2025-12-01,0,0,0
8008,marjaghal,gilan,2025-12-02,0,0,0
8008,marjaghal,gilan,2025-12-03,0,0,0
8008,marjaghal,gilan,2025-12-04,0,0,0
8008,marjaghal,gilan,2025-12-05,0,0,0
8008,marjaghal,gilan,2025-12-06,0,0,0
8008,marjaghal,gilan,2025-12-07,0,0,0
8008,marjaghal,gilan,2025-12-08,0,0,0
8008,marjaghal,gilan,2025-12-09,0,0,0
8008,marjaghal,gilan,2025-12-10,0,0,0
8008,marjaghal,gilan,2025-12-11,0,0,0
8008,marjaghal,gilan,2025-12-12,0,0,0
8008,marjaghal,gilan,2025-12-13,0,0,0
8008,marjaghal,gilan,2025-12-14,0,0,0
8008,marjaghal,gilan,2025-12-15,0,0,0
8008,marjaghal,gilan,2025-12-16,0,0,0
8008,marjaghal,gilan,2025-12-17,0,0,0
8008,marjaghal,gilan,2025-12-18,0,0,0
8008,marjaghal,gilan,2025-12-19,0,0,0
8008,marjaghal,gilan,2025-12-20,0,0,0
8008,marjaghal,gilan,2025-12-21,0,0,0
6752,marzanabad,mazandaran,2025-11-22,125,162,37
6752,marzanabad,mazandaran,2025-11-23,92,141,49
6752,marzanabad,mazandaran,2025-11-24,94,158,64
6752,marzanabad,mazandaran,2025-11-25,111,197,86
6752,marzanabad,mazandaran,2025-11-26,126,288,162
6752,marzanabad,mazandaran,2025-11-27,131,396,265
6752,marzanabad,mazandaran,2025-11-28,47,151,104
6752,marzanabad,mazandaran,2025-11-29,23,77,54
6752,marzanabad,mazandaran,2025-11-30,16,81,65
6752,marzanabad,mazandaran,2025-12-01,29,96,67
6752,marzanabad,mazandaran,2025-12-02,18,93,75
6752,marzanabad,mazandaran,2025-12-03,26,161,135
6752,marzanabad,mazandaran,2025-12-04,46,403,357
6752,marzanabad,mazandaran,2025-12-05,6,114,108
6752,marzanabad,mazandaran,2025-12-06,15,87,72
6752,marzanabad,mazandaran,2025-12-07,20,93,73
6752,marzanabad,mazandaran,2025-12-08,18,94,76
6752,marzanabad,mazandaran,2025-12-09,17,97,80
6752,marzanabad,mazandaran,2025-12-10,12,140,128
6752,marzanabad,mazandaran,2025-12-11,16,335,319
6752,marzanabad,mazandaran,2025-12-12,6,126,120
6752,marzanabad,mazandaran,2025-12-13,6,91,85
6752,marzanabad,mazandaran,2025-12-14,6,75,69
6752,marzanabad,mazandaran,2025-12-15,10,91,81
6752,marzanabad,mazandaran,2025-12-16,11,103,92
6752,marzanabad,mazandaran,2025-12-17,19,151,132
6752,marzanabad,mazandaran,2025-12-18,17,265,248
6752,marzanabad,mazandaran,2025-12-19,10,142,132
6752,marzanabad,mazandaran,2025-12-20,11,83,72
6752,marzanabad,mazandaran,2025-12-21,4,64,60
2028,marzikola,mazandaran,2025-11-22,29,33,4
2028,marzikola,mazandaran,2025-11-23,43,53,10
2028,marzikola,mazandaran,2025-11-24,29,42,13
2028,marzikola,mazandaran,2025-11-25,45,66,21
2028,marzikola,mazandaran,2025-11-26,52,92,40
2028,marzikola,mazandaran,2025-11-27,21,81,60
2028,marzikola,mazandaran,2025-11-28,7,26,19
2028,marzikola,mazandaran,2025-11-29,10,25,15
2028,marzikola,mazandaran,2025-11-30,7,25,18
2028,marzikola,mazandaran,2025-12-01,10,24,14
2028,marzikola,mazandaran,2025-12-02,10,25,15
2028,marzikola,mazandaran,2025-12-03,23,53,30
2028,marzikola,mazandaran,2025-12-04,6,96,90
2028,marzikola,mazandaran,2025-12-05,6,27,21
2028,marzikola,mazandaran,2025-12-06,6,30,24
2028,marzikola,mazandaran,2025-12-07,0,24,24
2028,marzikola,mazandaran,2025-12-08,1,23,22
2028,marzikola,mazandaran,2025-12-09,1,24,23
2028,marzikola,mazandaran,2025-12-10,1,33,32
2028,marzikola,mazandaran,2025-12-11,4,101,97
2028,marzikola,mazandaran,2025-12-12,0,24,24
2028,marzikola,mazandaran,2025-12-13,0,22,22
2028,marzikola,mazandaran,2025-12-14,0,20,20
2028,marzikola,mazandaran,2025-12-15,0,26,26
2028,marzikola,mazandaran,2025-12-16,10,35,25
2028,marzikola,mazandaran,2025-12-17,0,35,35
2028,marzikola,mazandaran,2025-12-18,0,71,71
2028,marzikola,mazandaran,2025-12-19,0,32,32
2028,marzikola,mazandaran,2025-12-20,0,25,25
2028,marzikola,mazandaran,2025-12-21,1,18,17
5413,masal,gilan,2025-11-22,8594,9557,963
5413,masal,gilan,2025-11-23,6999,8841,1842
5413,masal,gilan,2025-11-24,4937,7602,2665
5413,masal,gilan,2025-11-25,4646,7520,2874
5413,masal,gilan,2025-11-26,5216,10793,5577
5413,masal,gilan,2025-11-27,4538,11491,6953
5413,masal,gilan,2025-11-28,1409,4090,2681
5413,masal,gilan,2025-11-29,1357,4001,2644
5413,masal,gilan,2025-11-30,1030,3546,2516
5413,masal,gilan,2025-12-01,1096,3819,2723
5413,masal,gilan,2025-12-02,1261,4794,3533
5413,masal,gilan,2025-12-03,1371,6633,5262
5413,masal,gilan,2025-12-04,1447,10265,8818
5413,masal,gilan,2025-12-05,671,4300,3629
5413,masal,gilan,2025-12-06,783,4829,4046
5413,masal,gilan,2025-12-07,640,4326,3686
5413,masal,gilan,2025-12-08,538,3506,2968
5413,masal,gilan,2025-12-09,478,3642,3164
5413,masal,gilan,2025-12-10,659,6038,5379
5413,masal,gilan,2025-12-11,860,11568,10708
5413,masal,gilan,2025-12-12,510,5617,5107
5413,masal,gilan,2025-12-13,504,4840,4336
5413,masal,gilan,2025-12-14,354,3559,3205
5413,masal,gilan,2025-12-15,335,3537,3202
5413,masal,gilan,2025-12-16,316,3786,3470
5413,masal,gilan,2025-12-17,483,6693,6210
5413,masal,gilan,2025-12-18,560,8161,7601
5413,masal,gilan,2025-12-19,277,4005,3728
5413,masal,gilan,2025-12-20,161,3143,2982
5413,masal,gilan,2025-12-21,65,2176,2111
9356,mashhad,khorasan_razavi,2025-11-22,26486,27863,1377
9356,mashhad,khorasan_razavi,2025-11-23,24152,27092,2940
9356,mashhad,khorasan_razavi,2025-11-24,21997,27293,5296
9356,mashhad,khorasan_razavi,2025-11-25,20661,27721,7060
9356,mashhad,khorasan_razavi,2025-11-26,19169,28602,9433
9356,mashhad,khorasan_razavi,2025-11-27,14421,24125,9704
9356,mashhad,khorasan_razavi,2025-11-28,6680,12520,5840
9356,mashhad,khorasan_razavi,2025-11-29,6346,13087,6741
9356,mashhad,khorasan_razavi,2025-11-30,6191,14801,8610
9356,mashhad,khorasan_razavi,2025-12-01,6521,16167,9646
9356,mashhad,khorasan_razavi,2025-12-02,7227,18124,10897
9356,mashhad,khorasan_razavi,2025-12-03,8049,24497,16448
9356,mashhad,khorasan_razavi,2025-12-04,7780,28114,20334
9356,mashhad,khorasan_razavi,2025-12-05,4533,17402,12869
9356,mashhad,khorasan_razavi,2025-12-06,4092,16015,11923
9356,mashhad,khorasan_razavi,2025-12-07,3499,13817,10318
9356,mashhad,khorasan_razavi,2025-12-08,3616,15135,11519
9356,mashhad,khorasan_razavi,2025-12-09,3987,17042,13055
9356,mashhad,khorasan_razavi,2025-12-10,4591,19830,15239
9356,mashhad,khorasan_razavi,2025-12-11,4650,23423,18773
9356,mashhad,khorasan_razavi,2025-12-12,2932,15818,12886
9356,mashhad,khorasan_razavi,2025-12-13,2971,15753,12782
9356,mashhad,khorasan_razavi,2025-12-14,2600,15308,12708
9356,mashhad,khorasan_razavi,2025-12-15,2546,16107,13561
9356,mashhad,khorasan_razavi,2025-12-16,2781,18519,15738
9356,mashhad,khorasan_razavi,2025-12-17,3350,21748,18398
9356,mashhad,khorasan_razavi,2025-12-18,3243,21823,18580
9356,mashhad,khorasan_razavi,2025-12-19,2188,16872,14684
9356,mashhad,khorasan_razavi,2025-12-20,1633,14407,12774
9356,mashhad,khorasan_razavi,2025-12-21,854,11619,10765
7432,mashhad_ardahal,isfahan,2025-11-22,0,0,0
7432,mashhad_ardahal,isfahan,2025-11-23,0,0,0
7432,mashhad_ardahal,isfahan,2025-11-24,0,0,0
7432,mashhad_ardahal,isfahan,2025-11-25,0,0,0
7432,mashhad_ardahal,isfahan,2025-11-26,0,0,0
7432,mashhad_ardahal,isfahan,2025-11-27,0,0,0
7432,mashhad_ardahal,isfahan,2025-11-28,0,0,0
7432,mashhad_ardahal,isfahan,2025-11-29,0,0,0
7432,mashhad_ardahal,isfahan,2025-11-30,0,0,0
7432,mashhad_ardahal,isfahan,2025-12-01,0,0,0
7432,mashhad_ardahal,isfahan,2025-12-02,0,0,0
7432,mashhad_ardahal,isfahan,2025-12-03,0,0,0
7432,mashhad_ardahal,isfahan,2025-12-04,1,2,1
7432,mashhad_ardahal,isfahan,2025-12-05,0,0,0
7432,mashhad_ardahal,isfahan,2025-12-06,0,0,0
7432,mashhad_ardahal,isfahan,2025-12-07,1,2,1
7432,mashhad_ardahal,isfahan,2025-12-08,0,0,0
7432,mashhad_ardahal,isfahan,2025-12-09,0,0,0
7432,mashhad_ardahal,isfahan,2025-12-10,0,0,0
7432,mashhad_ardahal,isfahan,2025-12-11,0,0,0
7432,mashhad_ardahal,isfahan,2025-12-12,0,0,0
7432,mashhad_ardahal,isfahan,2025-12-13,0,0,0
7432,mashhad_ardahal,isfahan,2025-12-14,0,0,0
7432,mashhad_ardahal,isfahan,2025-12-15,0,0,0
7432,mashhad_ardahal,isfahan,2025-12-16,1,2,1
7432,mashhad_ardahal,isfahan,2025-12-17,0,0,0
7432,mashhad_ardahal,isfahan,2025-12-18,1,3,2
7432,mashhad_ardahal,isfahan,2025-12-19,0,0,0
7432,mashhad_ardahal,isfahan,2025-12-20,0,0,0
7432,mashhad_ardahal,isfahan,2025-12-21,0,0,0
9936,mashhadrize,khorasan_razavi,2025-11-22,0,0,0
9936,mashhadrize,khorasan_razavi,2025-11-23,0,0,0
9936,mashhadrize,khorasan_razavi,2025-11-24,0,0,0
9936,mashhadrize,khorasan_razavi,2025-11-25,0,0,0
9936,mashhadrize,khorasan_razavi,2025-11-26,0,0,0
9936,mashhadrize,khorasan_razavi,2025-11-27,0,0,0
9936,mashhadrize,khorasan_razavi,2025-11-28,0,0,0
9936,mashhadrize,khorasan_razavi,2025-11-29,0,0,0
9936,mashhadrize,khorasan_razavi,2025-11-30,0,0,0
9936,mashhadrize,khorasan_razavi,2025-12-01,0,0,0
9936,mashhadrize,khorasan_razavi,2025-12-02,0,0,0
9936,mashhadrize,khorasan_razavi,2025-12-03,0,0,0
9936,mashhadrize,khorasan_razavi,2025-12-04,0,0,0
9936,mashhadrize,khorasan_razavi,2025-12-05,0,0,0
9936,mashhadrize,khorasan_razavi,2025-12-06,0,0,0
9936,mashhadrize,khorasan_razavi,2025-12-07,0,0,0
9936,mashhadrize,khorasan_razavi,2025-12-08,0,0,0
9936,mashhadrize,khorasan_razavi,2025-12-09,0,0,0
9936,mashhadrize,khorasan_razavi,2025-12-10,0,0,0
9936,mashhadrize,khorasan_razavi,2025-12-11,0,0,0
9936,mashhadrize,khorasan_razavi,2025-12-12,0,0,0
9936,mashhadrize,khorasan_razavi,2025-12-13,0,0,0
9936,mashhadrize,khorasan_razavi,2025-12-14,0,0,0
9936,mashhadrize,khorasan_razavi,2025-12-15,0,0,0
9936,mashhadrize,khorasan_razavi,2025-12-16,0,0,0
9936,mashhadrize,khorasan_razavi,2025-12-17,0,0,0
9936,mashhadrize,khorasan_razavi,2025-12-18,0,0,0
9936,mashhadrize,khorasan_razavi,2025-12-19,0,0,0
9936,mashhadrize,khorasan_razavi,2025-12-20,0,0,0
9936,mashhadrize,khorasan_razavi,2025-12-21,0,0,0
1572,mashhadsamen,khorasan_razavi,2025-11-22,4,4,0
1572,mashhadsamen,khorasan_razavi,2025-11-23,6,6,0
1572,mashhadsamen,khorasan_razavi,2025-11-24,6,6,0
1572,mashhadsamen,khorasan_razavi,2025-11-25,4,4,0
1572,mashhadsamen,khorasan_razavi,2025-11-26,3,4,1
1572,mashhadsamen,khorasan_razavi,2025-11-27,8,10,2
1572,mashhadsamen,khorasan_razavi,2025-11-28,8,10,2
1572,mashhadsamen,khorasan_razavi,2025-11-29,8,10,2
1572,mashhadsamen,khorasan_razavi,2025-11-30,9,12,3
1572,mashhadsamen,khorasan_razavi,2025-12-01,3,6,3
1572,mashhadsamen,khorasan_razavi,2025-12-02,2,5,3
1572,mashhadsamen,khorasan_razavi,2025-12-03,1,4,3
1572,mashhadsamen,khorasan_razavi,2025-12-04,1,6,5
1572,mashhadsamen,khorasan_razavi,2025-12-05,1,4,3
1572,mashhadsamen,khorasan_razavi,2025-12-06,0,6,6
1572,mashhadsamen,khorasan_razavi,2025-12-07,0,5,5
1572,mashhadsamen,khorasan_razavi,2025-12-08,0,5,5
1572,mashhadsamen,khorasan_razavi,2025-12-09,1,7,6
1572,mashhadsamen,khorasan_razavi,2025-12-10,1,8,7
1572,mashhadsamen,khorasan_razavi,2025-12-11,1,10,9
1572,mashhadsamen,khorasan_razavi,2025-12-12,0,5,5
1572,mashhadsamen,khorasan_razavi,2025-12-13,0,5,5
1572,mashhadsamen,khorasan_razavi,2025-12-14,0,5,5
1572,mashhadsamen,khorasan_razavi,2025-12-15,0,7,7
1572,mashhadsamen,khorasan_razavi,2025-12-16,0,8,8
1572,mashhadsamen,khorasan_razavi,2025-12-17,0,8,8
1572,mashhadsamen,khorasan_razavi,2025-12-18,0,8,8
1572,mashhadsamen,khorasan_razavi,2025-12-19,0,7,7
1572,mashhadsamen,khorasan_razavi,2025-12-20,0,6,6
1572,mashhadsamen,khorasan_razavi,2025-12-21,0,5,5
2101,masuleh,gilan,2025-11-22,1350,1587,237
2101,masuleh,gilan,2025-11-23,1013,1429,416
2101,masuleh,gilan,2025-11-24,686,1124,438
2101,masuleh,gilan,2025-11-25,635,1154,519
2101,masuleh,gilan,2025-11-26,770,1737,967
2101,masuleh,gilan,2025-11-27,809,2219,1410
2101,masuleh,gilan,2025-11-28,215,700,485
2101,masuleh,gilan,2025-11-29,216,693,477
2101,masuleh,gilan,2025-11-30,234,821,587
2101,masuleh,gilan,2025-12-01,155,666,511
2101,masuleh,gilan,2025-12-02,134,641,507
2101,masuleh,gilan,2025-12-03,221,1301,1080
2101,masuleh,gilan,2025-12-04,244,2176,1932
2101,masuleh,gilan,2025-12-05,119,897,778
2101,masuleh,gilan,2025-12-06,170,982,812
2101,masuleh,gilan,2025-12-07,127,836,709
2101,masuleh,gilan,2025-12-08,129,741,612
2101,masuleh,gilan,2025-12-09,113,815,702
2101,masuleh,gilan,2025-12-10,124,1100,976
2101,masuleh,gilan,2025-12-11,129,2158,2029
2101,masuleh,gilan,2025-12-12,59,792,733
2101,masuleh,gilan,2025-12-13,111,833,722
2101,masuleh,gilan,2025-12-14,29,527,498
2101,masuleh,gilan,2025-12-15,43,660,617
2101,masuleh,gilan,2025-12-16,67,953,886
2101,masuleh,gilan,2025-12-17,91,1252,1161
2101,masuleh,gilan,2025-12-18,103,1765,1662
2101,masuleh,gilan,2025-12-19,48,866,818
2101,masuleh,gilan,2025-12-20,52,749,697
2101,masuleh,gilan,2025-12-21,25,514,489
4380,meshkindasht,alborz,2025-11-22,3,3,0
4380,meshkindasht,alborz,2025-11-23,0,1,1
4380,meshkindasht,alborz,2025-11-24,0,1,1
4380,meshkindasht,alborz,2025-11-25,0,1,1
4380,meshkindasht,alborz,2025-11-26,0,2,2
4380,meshkindasht,alborz,2025-11-27,2,6,4
4380,meshkindasht,alborz,2025-11-28,2,4,2
4380,meshkindasht,alborz,2025-11-29,0,2,2
4380,meshkindasht,alborz,2025-11-30,0,2,2
4380,meshkindasht,alborz,2025-12-01,0,2,2
4380,meshkindasht,alborz,2025-12-02,0,3,3
4380,meshkindasht,alborz,2025-12-03,0,4,4
4380,meshkindasht,alborz,2025-12-04,2,11,9
4380,meshkindasht,alborz,2025-12-05,0,3,3
4380,meshkindasht,alborz,2025-12-06,0,2,2
4380,meshkindasht,alborz,2025-12-07,0,2,2
4380,meshkindasht,alborz,2025-12-08,0,2,2
4380,meshkindasht,alborz,2025-12-09,0,3,3
4380,meshkindasht,alborz,2025-12-10,2,7,5
4380,meshkindasht,alborz,2025-12-11,2,10,8
4380,meshkindasht,alborz,2025-12-12,0,3,3
4380,meshkindasht,alborz,2025-12-13,0,2,2
4380,meshkindasht,alborz,2025-12-14,0,2,2
4380,meshkindasht,alborz,2025-12-15,0,3,3
4380,meshkindasht,alborz,2025-12-16,0,3,3
4380,meshkindasht,alborz,2025-12-17,0,5,5
4380,meshkindasht,alborz,2025-12-18,3,12,9
4380,meshkindasht,alborz,2025-12-19,3,8,5
4380,meshkindasht,alborz,2025-12-20,0,3,3
4380,meshkindasht,alborz,2025-12-21,0,2,2
3914,meygoon,tehran,2025-11-22,72,84,12
3914,meygoon,tehran,2025-11-23,77,112,35
3914,meygoon,tehran,2025-11-24,32,62,30
3914,meygoon,tehran,2025-11-25,26,59,33
3914,meygoon,tehran,2025-11-26,24,72,48
3914,meygoon,tehran,2025-11-27,50,225,175
3914,meygoon,tehran,2025-11-28,24,104,80
3914,meygoon,tehran,2025-11-29,21,77,56
3914,meygoon,tehran,2025-11-30,15,64,49
3914,meygoon,tehran,2025-12-01,17,79,62
3914,meygoon,tehran,2025-12-02,15,80,65
3914,meygoon,tehran,2025-12-03,21,141,120
3914,meygoon,tehran,2025-12-04,30,413,383
3914,meygoon,tehran,2025-12-05,20,163,143
3914,meygoon,tehran,2025-12-06,14,114,100
3914,meygoon,tehran,2025-12-07,21,130,109
3914,meygoon,tehran,2025-12-08,22,129,107
3914,meygoon,tehran,2025-12-09,20,131,111
3914,meygoon,tehran,2025-12-10,22,187,165
3914,meygoon,tehran,2025-12-11,38,692,654
3914,meygoon,tehran,2025-12-12,22,226,204
3914,meygoon,tehran,2025-12-13,15,121,106
3914,meygoon,tehran,2025-12-14,13,109,96
3914,meygoon,tehran,2025-12-15,15,142,127
3914,meygoon,tehran,2025-12-16,13,143,130
3914,meygoon,tehran,2025-12-17,13,192,179
3914,meygoon,tehran,2025-12-18,16,443,427
3914,meygoon,tehran,2025-12-19,13,226,213
3914,meygoon,tehran,2025-12-20,13,132,119
3914,meygoon,tehran,2025-12-21,0,64,64
7634,meymeh,isfahan,2025-11-22,0,0,0
7634,meymeh,isfahan,2025-11-23,0,0,0
7634,meymeh,isfahan,2025-11-24,0,0,0
7634,meymeh,isfahan,2025-11-25,0,0,0
7634,meymeh,isfahan,2025-11-26,0,0,0
7634,meymeh,isfahan,2025-11-27,0,0,0
7634,meymeh,isfahan,2025-11-28,0,0,0
7634,meymeh,isfahan,2025-11-29,0,0,0
7634,meymeh,isfahan,2025-11-30,0,0,0
7634,meymeh,isfahan,2025-12-01,0,0,0
7634,meymeh,isfahan,2025-12-02,0,0,0
7634,meymeh,isfahan,2025-12-03,0,0,0
7634,meymeh,isfahan,2025-12-04,0,0,0
7634,meymeh,isfahan,2025-12-05,0,0,0
7634,meymeh,isfahan,2025-12-06,0,0,0
7634,meymeh,isfahan,2025-12-07,0,0,0
7634,meymeh,isfahan,2025-12-08,0,0,0
7634,meymeh,isfahan,2025-12-09,0,0,0
7634,meymeh,isfahan,2025-12-10,0,0,0
7634,meymeh,isfahan,2025-12-11,0,0,0
7634,meymeh,isfahan,2025-12-12,0,0,0
7634,meymeh,isfahan,2025-12-13,0,0,0
7634,meymeh,isfahan,2025-12-14,0,0,0
7634,meymeh,isfahan,2025-12-15,0,0,0
7634,meymeh,isfahan,2025-12-16,0,0,0
7634,meymeh,isfahan,2025-12-17,0,0,0
7634,meymeh,isfahan,2025-12-18,0,0,0
7634,meymeh,isfahan,2025-12-19,0,0,0
7634,meymeh,isfahan,2025-12-20,0,0,0
7634,meymeh,isfahan,2025-12-21,0,0,0
1675,miandoroud,mazandaran,2025-11-22,0,0,0
1675,miandoroud,mazandaran,2025-11-23,1,1,0
1675,miandoroud,mazandaran,2025-11-24,2,2,0
1675,miandoroud,mazandaran,2025-11-25,0,0,0
1675,miandoroud,mazandaran,2025-11-26,1,1,0
1675,miandoroud,mazandaran,2025-11-27,1,2,1
1675,miandoroud,mazandaran,2025-11-28,0,0,0
1675,miandoroud,mazandaran,2025-11-29,0,0,0
1675,miandoroud,mazandaran,2025-11-30,0,0,0
1675,miandoroud,mazandaran,2025-12-01,0,0,0
1675,miandoroud,mazandaran,2025-12-02,0,0,0
1675,miandoroud,mazandaran,2025-12-03,0,0,0
1675,miandoroud,mazandaran,2025-12-04,0,0,0
1675,miandoroud,mazandaran,2025-12-05,0,0,0
1675,miandoroud,mazandaran,2025-12-06,0,0,0
1675,miandoroud,mazandaran,2025-12-07,0,0,0
1675,miandoroud,mazandaran,2025-12-08,0,0,0
1675,miandoroud,mazandaran,2025-12-09,0,0,0
1675,miandoroud,mazandaran,2025-12-10,0,0,0
1675,miandoroud,mazandaran,2025-12-11,0,0,0
1675,miandoroud,mazandaran,2025-12-12,0,0,0
1675,miandoroud,mazandaran,2025-12-13,0,0,0
1675,miandoroud,mazandaran,2025-12-14,0,0,0
1675,miandoroud,mazandaran,2025-12-15,0,0,0
1675,miandoroud,mazandaran,2025-12-16,0,0,0
1675,miandoroud,mazandaran,2025-12-17,0,0,0
1675,miandoroud,mazandaran,2025-12-18,0,0,0
1675,miandoroud,mazandaran,2025-12-19,0,0,0
1675,miandoroud,mazandaran,2025-12-20,0,0,0
1675,miandoroud,mazandaran,2025-12-21,0,0,0
5799,minab,hormozgan,2025-11-22,0,0,0
5799,minab,hormozgan,2025-11-23,0,0,0
5799,minab,hormozgan,2025-11-24,0,0,0
5799,minab,hormozgan,2025-11-25,0,0,0
5799,minab,hormozgan,2025-11-26,0,0,0
5799,minab,hormozgan,2025-11-27,0,0,0
5799,minab,hormozgan,2025-11-28,0,0,0
5799,minab,hormozgan,2025-11-29,0,0,0
5799,minab,hormozgan,2025-11-30,0,0,0
5799,minab,hormozgan,2025-12-01,0,0,0
5799,minab,hormozgan,2025-12-02,0,0,0
5799,minab,hormozgan,2025-12-03,0,0,0
5799,minab,hormozgan,2025-12-04,0,0,0
5799,minab,hormozgan,2025-12-05,0,0,0
5799,minab,hormozgan,2025-12-06,0,0,0
5799,minab,hormozgan,2025-12-07,0,0,0
5799,minab,hormozgan,2025-12-08,0,0,0
5799,minab,hormozgan,2025-12-09,0,0,0
5799,minab,hormozgan,2025-12-10,0,0,0
5799,minab,hormozgan,2025-12-11,0,0,0
5799,minab,hormozgan,2025-12-12,0,0,0
5799,minab,hormozgan,2025-12-13,0,0,0
5799,minab,hormozgan,2025-12-14,0,0,0
5799,minab,hormozgan,2025-12-15,0,0,0
5799,minab,hormozgan,2025-12-16,0,0,0
5799,minab,hormozgan,2025-12-17,0,0,0
5799,minab,hormozgan,2025-12-18,0,0,0
5799,minab,hormozgan,2025-12-19,0,0,0
5799,minab,hormozgan,2025-12-20,0,0,0
5799,minab,hormozgan,2025-12-21,0,0,0
5241,mobarakeh,isfahan,2025-11-22,0,0,0
5241,mobarakeh,isfahan,2025-11-23,0,0,0
5241,mobarakeh,isfahan,2025-11-24,0,0,0
5241,mobarakeh,isfahan,2025-11-25,0,0,0
5241,mobarakeh,isfahan,2025-11-26,0,0,0
5241,mobarakeh,isfahan,2025-11-27,0,0,0
5241,mobarakeh,isfahan,2025-11-28,0,0,0
5241,mobarakeh,isfahan,2025-11-29,0,0,0
5241,mobarakeh,isfahan,2025-11-30,0,0,0
5241,mobarakeh,isfahan,2025-12-01,0,0,0
5241,mobarakeh,isfahan,2025-12-02,0,0,0
5241,mobarakeh,isfahan,2025-12-03,0,0,0
5241,mobarakeh,isfahan,2025-12-04,0,0,0
5241,mobarakeh,isfahan,2025-12-05,0,0,0
5241,mobarakeh,isfahan,2025-12-06,0,0,0
5241,mobarakeh,isfahan,2025-12-07,0,0,0
5241,mobarakeh,isfahan,2025-12-08,0,0,0
5241,mobarakeh,isfahan,2025-12-09,0,0,0
5241,mobarakeh,isfahan,2025-12-10,0,0,0
5241,mobarakeh,isfahan,2025-12-11,0,0,0
5241,mobarakeh,isfahan,2025-12-12,0,0,0
5241,mobarakeh,isfahan,2025-12-13,0,0,0
5241,mobarakeh,isfahan,2025-12-14,0,0,0
5241,mobarakeh,isfahan,2025-12-15,0,0,0
5241,mobarakeh,isfahan,2025-12-16,0,0,0
5241,mobarakeh,isfahan,2025-12-17,0,0,0
5241,mobarakeh,isfahan,2025-12-18,0,0,0
5241,mobarakeh,isfahan,2025-12-19,0,0,0
5241,mobarakeh,isfahan,2025-12-20,0,0,0
5241,mobarakeh,isfahan,2025-12-21,0,0,0
8656,mohammadabad_esf,isfahan,2025-11-22,0,0,0
8656,mohammadabad_esf,isfahan,2025-11-23,0,0,0
8656,mohammadabad_esf,isfahan,2025-11-24,0,0,0
8656,mohammadabad_esf,isfahan,2025-11-25,0,0,0
8656,mohammadabad_esf,isfahan,2025-11-26,0,0,0
8656,mohammadabad_esf,isfahan,2025-11-27,0,0,0
8656,mohammadabad_esf,isfahan,2025-11-28,0,0,0
8656,mohammadabad_esf,isfahan,2025-11-29,0,0,0
8656,mohammadabad_esf,isfahan,2025-11-30,0,0,0
8656,mohammadabad_esf,isfahan,2025-12-01,0,0,0
8656,mohammadabad_esf,isfahan,2025-12-02,0,0,0
8656,mohammadabad_esf,isfahan,2025-12-03,0,0,0
8656,mohammadabad_esf,isfahan,2025-12-04,0,0,0
8656,mohammadabad_esf,isfahan,2025-12-05,0,0,0
8656,mohammadabad_esf,isfahan,2025-12-06,0,0,0
8656,mohammadabad_esf,isfahan,2025-12-07,0,0,0
8656,mohammadabad_esf,isfahan,2025-12-08,0,0,0
8656,mohammadabad_esf,isfahan,2025-12-09,0,0,0
8656,mohammadabad_esf,isfahan,2025-12-10,0,0,0
8656,mohammadabad_esf,isfahan,2025-12-11,0,0,0
8656,mohammadabad_esf,isfahan,2025-12-12,0,0,0
8656,mohammadabad_esf,isfahan,2025-12-13,0,0,0
8656,mohammadabad_esf,isfahan,2025-12-14,0,0,0
8656,mohammadabad_esf,isfahan,2025-12-15,0,0,0
8656,mohammadabad_esf,isfahan,2025-12-16,0,0,0
8656,mohammadabad_esf,isfahan,2025-12-17,0,0,0
8656,mohammadabad_esf,isfahan,2025-12-18,0,0,0
8656,mohammadabad_esf,isfahan,2025-12-19,0,0,0
8656,mohammadabad_esf,isfahan,2025-12-20,0,0,0
8656,mohammadabad_esf,isfahan,2025-12-21,0,0,0
8738,mohammadshahr_albrz,alborz,2025-11-22,8,9,1
8738,mohammadshahr_albrz,alborz,2025-11-23,5,9,4
8738,mohammadshahr_albrz,alborz,2025-11-24,12,18,6
8738,mohammadshahr_albrz,alborz,2025-11-25,8,15,7
8738,mohammadshahr_albrz,alborz,2025-11-26,6,14,8
8738,mohammadshahr_albrz,alborz,2025-11-27,12,33,21
8738,mohammadshahr_albrz,alborz,2025-11-28,5,13,8
8738,mohammadshahr_albrz,alborz,2025-11-29,2,9,7
8738,mohammadshahr_albrz,alborz,2025-11-30,3,10,7
8738,mohammadshahr_albrz,alborz,2025-12-01,5,15,10
8738,mohammadshahr_albrz,alborz,2025-12-02,6,16,10
8738,mohammadshahr_albrz,alborz,2025-12-03,3,15,12
8738,mohammadshahr_albrz,alborz,2025-12-04,10,53,43
8738,mohammadshahr_albrz,alborz,2025-12-05,2,17,15
8738,mohammadshahr_albrz,alborz,2025-12-06,3,14,11
8738,mohammadshahr_albrz,alborz,2025-12-07,0,10,10
8738,mohammadshahr_albrz,alborz,2025-12-08,1,12,11
8738,mohammadshahr_albrz,alborz,2025-12-09,1,13,12
8738,mohammadshahr_albrz,alborz,2025-12-10,2,17,15
8738,mohammadshahr_albrz,alborz,2025-12-11,0,34,34
8738,mohammadshahr_albrz,alborz,2025-12-12,0,13,13
8738,mohammadshahr_albrz,alborz,2025-12-13,0,11,11
8738,mohammadshahr_albrz,alborz,2025-12-14,2,13,11
8738,mohammadshahr_albrz,alborz,2025-12-15,2,16,14
8738,mohammadshahr_albrz,alborz,2025-12-16,3,18,15
8738,mohammadshahr_albrz,alborz,2025-12-17,4,20,16
8738,mohammadshahr_albrz,alborz,2025-12-18,8,52,44
8738,mohammadshahr_albrz,alborz,2025-12-19,7,25,18
8738,mohammadshahr_albrz,alborz,2025-12-20,2,14,12
8738,mohammadshahr_albrz,alborz,2025-12-21,1,9,8
5303,molkabad,khorasan_razavi,2025-11-22,0,0,0
5303,molkabad,khorasan_razavi,2025-11-23,0,0,0
5303,molkabad,khorasan_razavi,2025-11-24,0,0,0
5303,molkabad,khorasan_razavi,2025-11-25,0,0,0
5303,molkabad,khorasan_razavi,2025-11-26,0,0,0
5303,molkabad,khorasan_razavi,2025-11-27,0,0,0
5303,molkabad,khorasan_razavi,2025-11-28,0,0,0
5303,molkabad,khorasan_razavi,2025-11-29,0,0,0
5303,molkabad,khorasan_razavi,2025-11-30,0,0,0
5303,molkabad,khorasan_razavi,2025-12-01,0,0,0
5303,molkabad,khorasan_razavi,2025-12-02,0,0,0
5303,molkabad,khorasan_razavi,2025-12-03,0,0,0
5303,molkabad,khorasan_razavi,2025-12-04,0,0,0
5303,molkabad,khorasan_razavi,2025-12-05,0,0,0
5303,molkabad,khorasan_razavi,2025-12-06,0,0,0
5303,molkabad,khorasan_razavi,2025-12-07,0,0,0
5303,molkabad,khorasan_razavi,2025-12-08,0,0,0
5303,molkabad,khorasan_razavi,2025-12-09,0,0,0
5303,molkabad,khorasan_razavi,2025-12-10,0,0,0
5303,molkabad,khorasan_razavi,2025-12-11,0,0,0
5303,molkabad,khorasan_razavi,2025-12-12,0,0,0
5303,molkabad,khorasan_razavi,2025-12-13,0,0,0
5303,molkabad,khorasan_razavi,2025-12-14,0,0,0
5303,molkabad,khorasan_razavi,2025-12-15,0,0,0
5303,molkabad,khorasan_razavi,2025-12-16,0,0,0
5303,molkabad,khorasan_razavi,2025-12-17,0,0,0
5303,molkabad,khorasan_razavi,2025-12-18,0,0,0
5303,molkabad,khorasan_razavi,2025-12-19,0,0,0
5303,molkabad,khorasan_razavi,2025-12-20,0,0,0
5303,molkabad,khorasan_razavi,2025-12-21,0,0,0
4655,motelghoo,mazandaran,2025-11-22,4648,5411,763
4655,motelghoo,mazandaran,2025-11-23,3614,4942,1328
4655,motelghoo,mazandaran,2025-11-24,2672,4405,1733
4655,motelghoo,mazandaran,2025-11-25,2447,4319,1872
4655,motelghoo,mazandaran,2025-11-26,2787,6164,3377
4655,motelghoo,mazandaran,2025-11-27,2559,6871,4312
4655,motelghoo,mazandaran,2025-11-28,1089,3194,2105
4655,motelghoo,mazandaran,2025-11-29,886,2775,1889
4655,motelghoo,mazandaran,2025-11-30,799,2911,2112
4655,motelghoo,mazandaran,2025-12-01,739,2886,2147
4655,motelghoo,mazandaran,2025-12-02,659,2874,2215
4655,motelghoo,mazandaran,2025-12-03,907,4746,3839
4655,motelghoo,mazandaran,2025-12-04,1033,8567,7534
4655,motelghoo,mazandaran,2025-12-05,409,3320,2911
4655,motelghoo,mazandaran,2025-12-06,450,3348,2898
4655,motelghoo,mazandaran,2025-12-07,416,3088,2672
4655,motelghoo,mazandaran,2025-12-08,401,2990,2589
4655,motelghoo,mazandaran,2025-12-09,384,3258,2874
4655,motelghoo,mazandaran,2025-12-10,414,4951,4537
4655,motelghoo,mazandaran,2025-12-11,402,8498,8096
4655,motelghoo,mazandaran,2025-12-12,173,3086,2913
4655,motelghoo,mazandaran,2025-12-13,180,3074,2894
4655,motelghoo,mazandaran,2025-12-14,170,2799,2629
4655,motelghoo,mazandaran,2025-12-15,196,2854,2658
4655,motelghoo,mazandaran,2025-12-16,201,3336,3135
4655,motelghoo,mazandaran,2025-12-17,226,4879,4653
4655,motelghoo,mazandaran,2025-12-18,243,5674,5431
4655,motelghoo,mazandaran,2025-12-19,138,3031,2893
4655,motelghoo,mazandaran,2025-12-20,139,2992,2853
4655,motelghoo,mazandaran,2025-12-21,59,1951,1892
6753,nain,isfahan,2025-11-22,8,18,10
6753,nain,isfahan,2025-11-23,31,48,17
6753,nain,isfahan,2025-11-24,3,19,16
6753,nain,isfahan,2025-11-25,5,28,23
6753,nain,isfahan,2025-11-26,9,39,30
6753,nain,isfahan,2025-11-27,18,58,40
6753,nain,isfahan,2025-11-28,0,20,20
6753,nain,isfahan,2025-11-29,0,22,22
6753,nain,isfahan,2025-11-30,0,26,26
6753,nain,isfahan,2025-12-01,6,35,29
6753,nain,isfahan,2025-12-02,6,35,29
6753,nain,isfahan,2025-12-03,2,38,36
6753,nain,isfahan,2025-12-04,0,44,44
6753,nain,isfahan,2025-12-05,0,25,25
6753,nain,isfahan,2025-12-06,0,32,32
6753,nain,isfahan,2025-12-07,0,32,32
6753,nain,isfahan,2025-12-08,0,35,35
6753,nain,isfahan,2025-12-09,4,37,33
6753,nain,isfahan,2025-12-10,3,41,38
6753,nain,isfahan,2025-12-11,6,59,53
6753,nain,isfahan,2025-12-12,3,33,30
6753,nain,isfahan,2025-12-13,3,36,33
6753,nain,isfahan,2025-12-14,0,33,33
6753,nain,isfahan,2025-12-15,2,41,39
6753,nain,isfahan,2025-12-16,0,41,41
6753,nain,isfahan,2025-12-17,0,43,43
6753,nain,isfahan,2025-12-18,0,56,56
6753,nain,isfahan,2025-12-19,0,35,35
6753,nain,isfahan,2025-12-20,0,35,35
6753,nain,isfahan,2025-12-21,0,30,30
7039,najafabad,isfahan,2025-11-22,24,28,4
7039,najafabad,isfahan,2025-11-23,13,20,7
7039,najafabad,isfahan,2025-11-24,20,32,12
7039,najafabad,isfahan,2025-11-25,7,17,10
7039,najafabad,isfahan,2025-11-26,5,22,17
7039,najafabad,isfahan,2025-11-27,5,23,18
7039,najafabad,isfahan,2025-11-28,4,17,13
7039,najafabad,isfahan,2025-11-29,4,19,15
7039,najafabad,isfahan,2025-11-30,7,22,15
7039,najafabad,isfahan,2025-12-01,7,22,15
7039,najafabad,isfahan,2025-12-02,7,23,16
7039,najafabad,isfahan,2025-12-03,7,26,19
7039,najafabad,isfahan,2025-12-04,5,40,35
7039,najafabad,isfahan,2025-12-05,4,22,18
7039,najafabad,isfahan,2025-12-06,4,25,21
7039,najafabad,isfahan,2025-12-07,4,24,20
7039,najafabad,isfahan,2025-12-08,4,23,19
7039,najafabad,isfahan,2025-12-09,7,25,18
7039,najafabad,isfahan,2025-12-10,2,29,27
7039,najafabad,isfahan,2025-12-11,2,45,43
7039,najafabad,isfahan,2025-12-12,2,23,21
7039,najafabad,isfahan,2025-12-13,2,25,23
7039,najafabad,isfahan,2025-12-14,2,24,22
7039,najafabad,isfahan,2025-12-15,0,29,29
7039,najafabad,isfahan,2025-12-16,0,29,29
7039,najafabad,isfahan,2025-12-17,1,34,33
7039,najafabad,isfahan,2025-12-18,3,43,40
7039,najafabad,isfahan,2025-12-19,1,28,27
7039,najafabad,isfahan,2025-12-20,1,29,28
7039,najafabad,isfahan,2025-12-21,0,26,26
6268,namak_abrud,mazandaran,2025-11-22,2134,2477,343
6268,namak_abrud,mazandaran,2025-11-23,1694,2385,691
6268,namak_abrud,mazandaran,2025-11-24,1347,2205,858
6268,namak_abrud,mazandaran,2025-11-25,1199,2292,1093
6268,namak_abrud,mazandaran,2025-11-26,1530,3601,2071
6268,namak_abrud,mazandaran,2025-11-27,1701,4589,2888
6268,namak_abrud,mazandaran,2025-11-28,582,1701,1119
6268,namak_abrud,mazandaran,2025-11-29,594,1700,1106
6268,namak_abrud,mazandaran,2025-11-30,432,1604,1172
6268,namak_abrud,mazandaran,2025-12-01,418,1612,1194
6268,namak_abrud,mazandaran,2025-12-02,307,1449,1142
6268,namak_abrud,mazandaran,2025-12-03,443,2682,2239
6268,namak_abrud,mazandaran,2025-12-04,500,4347,3847
6268,namak_abrud,mazandaran,2025-12-05,260,1975,1715
6268,namak_abrud,mazandaran,2025-12-06,173,1466,1293
6268,namak_abrud,mazandaran,2025-12-07,153,1256,1103
6268,namak_abrud,mazandaran,2025-12-08,158,1366,1208
6268,namak_abrud,mazandaran,2025-12-09,157,1491,1334
6268,namak_abrud,mazandaran,2025-12-10,241,2464,2223
6268,namak_abrud,mazandaran,2025-12-11,249,4799,4550
6268,namak_abrud,mazandaran,2025-12-12,117,1722,1605
6268,namak_abrud,mazandaran,2025-12-13,79,1251,1172
6268,namak_abrud,mazandaran,2025-12-14,61,1048,987
6268,namak_abrud,mazandaran,2025-12-15,60,1236,1176
6268,namak_abrud,mazandaran,2025-12-16,85,1408,1323
6268,namak_abrud,mazandaran,2025-12-17,147,2508,2361
6268,namak_abrud,mazandaran,2025-12-18,170,3509,3339
6268,namak_abrud,mazandaran,2025-12-19,85,1673,1588
6268,namak_abrud,mazandaran,2025-12-20,54,1300,1246
6268,namak_abrud,mazandaran,2025-12-21,20,883,863
8043,nashtarud,mazandaran,2025-11-22,346,397,51
8043,nashtarud,mazandaran,2025-11-23,252,348,96
8043,nashtarud,mazandaran,2025-11-24,167,286,119
8043,nashtarud,mazandaran,2025-11-25,133,276,143
8043,nashtarud,mazandaran,2025-11-26,171,449,278
8043,nashtarud,mazandaran,2025-11-27,170,511,341
8043,nashtarud,mazandaran,2025-11-28,67,221,154
8043,nashtarud,mazandaran,2025-11-29,70,197,127
8043,nashtarud,mazandaran,2025-11-30,73,230,157
8043,nashtarud,mazandaran,2025-12-01,63,236,173
8043,nashtarud,mazandaran,2025-12-02,52,220,168
8043,nashtarud,mazandaran,2025-12-03,66,369,303
8043,nashtarud,mazandaran,2025-12-04,48,617,569
8043,nashtarud,mazandaran,2025-12-05,22,226,204
8043,nashtarud,mazandaran,2025-12-06,33,215,182
8043,nashtarud,mazandaran,2025-12-07,27,207,180
8043,nashtarud,mazandaran,2025-12-08,31,208,177
8043,nashtarud,mazandaran,2025-12-09,30,217,187
8043,nashtarud,mazandaran,2025-12-10,33,314,281
8043,nashtarud,mazandaran,2025-12-11,33,606,573
8043,nashtarud,mazandaran,2025-12-12,21,252,231
8043,nashtarud,mazandaran,2025-12-13,14,212,198
8043,nashtarud,mazandaran,2025-12-14,11,189,178
8043,nashtarud,mazandaran,2025-12-15,11,223,212
8043,nashtarud,mazandaran,2025-12-16,18,236,218
8043,nashtarud,mazandaran,2025-12-17,29,322,293
8043,nashtarud,mazandaran,2025-12-18,28,408,380
8043,nashtarud,mazandaran,2025-12-19,22,246,224
8043,nashtarud,mazandaran,2025-12-20,18,187,169
8043,nashtarud,mazandaran,2025-12-21,8,133,125
7515,nasimshahr,tehran,2025-11-22,0,0,0
7515,nasimshahr,tehran,2025-11-23,0,0,0
7515,nasimshahr,tehran,2025-11-24,0,0,0
7515,nasimshahr,tehran,2025-11-25,0,0,0
7515,nasimshahr,tehran,2025-11-26,0,0,0
7515,nasimshahr,tehran,2025-11-27,0,0,0
7515,nasimshahr,tehran,2025-11-28,0,0,0
7515,nasimshahr,tehran,2025-11-29,0,0,0
7515,nasimshahr,tehran,2025-11-30,0,0,0
7515,nasimshahr,tehran,2025-12-01,0,0,0
7515,nasimshahr,tehran,2025-12-02,0,0,0
7515,nasimshahr,tehran,2025-12-03,0,0,0
7515,nasimshahr,tehran,2025-12-04,0,0,0
7515,nasimshahr,tehran,2025-12-05,0,0,0
7515,nasimshahr,tehran,2025-12-06,0,0,0
7515,nasimshahr,tehran,2025-12-07,0,0,0
7515,nasimshahr,tehran,2025-12-08,0,0,0
7515,nasimshahr,tehran,2025-12-09,0,0,0
7515,nasimshahr,tehran,2025-12-10,0,0,0
7515,nasimshahr,tehran,2025-12-11,0,0,0
7515,nasimshahr,tehran,2025-12-12,0,0,0
7515,nasimshahr,tehran,2025-12-13,0,0,0
7515,nasimshahr,tehran,2025-12-14,0,0,0
7515,nasimshahr,tehran,2025-12-15,0,0,0
7515,nasimshahr,tehran,2025-12-16,0,0,0
7515,nasimshahr,tehran,2025-12-17,0,0,0
7515,nasimshahr,tehran,2025-12-18,0,0,0
7515,nasimshahr,tehran,2025-12-19,0,0,0
7515,nasimshahr,tehran,2025-12-20,0,0,0
7515,nasimshahr,tehran,2025-12-21,0,0,0
2406,nasirabad,tehran,2025-11-22,5,5,0
2406,nasirabad,tehran,2025-11-23,4,4,0
2406,nasirabad,tehran,2025-11-24,4,4,0
2406,nasirabad,tehran,2025-11-25,5,5,0
2406,nasirabad,tehran,2025-11-26,5,5,0
2406,nasirabad,tehran,2025-11-27,5,5,0
2406,nasirabad,tehran,2025-11-28,5,5,0
2406,nasirabad,tehran,2025-11-29,5,5,0
2406,nasirabad,tehran,2025-11-30,5,6,1
2406,nasirabad,tehran,2025-12-01,4,4,0
2406,nasirabad,tehran,2025-12-02,4,5,1
2406,nasirabad,tehran,2025-12-03,4,5,1
2406,nasirabad,tehran,2025-12-04,4,6,2
2406,nasirabad,tehran,2025-12-05,4,6,2
2406,nasirabad,tehran,2025-12-06,4,4,0
2406,nasirabad,tehran,2025-12-07,4,4,0
2406,nasirabad,tehran,2025-12-08,4,4,0
2406,nasirabad,tehran,2025-12-09,4,4,0
2406,nasirabad,tehran,2025-12-10,4,5,1
2406,nasirabad,tehran,2025-12-11,4,5,1
2406,nasirabad,tehran,2025-12-12,4,5,1
2406,nasirabad,tehran,2025-12-13,4,5,1
2406,nasirabad,tehran,2025-12-14,4,4,0
2406,nasirabad,tehran,2025-12-15,4,5,1
2406,nasirabad,tehran,2025-12-16,4,5,1
2406,nasirabad,tehran,2025-12-17,4,5,1
2406,nasirabad,tehran,2025-12-18,4,5,1
2406,nasirabad,tehran,2025-12-19,4,5,1
2406,nasirabad,tehran,2025-12-20,4,5,1
2406,nasirabad,tehran,2025-12-21,4,4,0
1895,natanz,isfahan,2025-11-22,21,25,4
1895,natanz,isfahan,2025-11-23,20,28,8
1895,natanz,isfahan,2025-11-24,7,15,8
1895,natanz,isfahan,2025-11-25,8,18,10
1895,natanz,isfahan,2025-11-26,9,29,20
1895,natanz,isfahan,2025-11-27,17,68,51
1895,natanz,isfahan,2025-11-28,4,17,13
1895,natanz,isfahan,2025-11-29,1,15,14
1895,natanz,isfahan,2025-11-30,4,19,15
1895,natanz,isfahan,2025-12-01,4,22,18
1895,natanz,isfahan,2025-12-02,1,21,20
1895,natanz,isfahan,2025-12-03,4,32,28
1895,natanz,isfahan,2025-12-04,6,97,91
1895,natanz,isfahan,2025-12-05,1,23,22
1895,natanz,isfahan,2025-12-06,1,24,23
1895,natanz,isfahan,2025-12-07,1,21,20
1895,natanz,isfahan,2025-12-08,1,23,22
1895,natanz,isfahan,2025-12-09,3,25,22
1895,natanz,isfahan,2025-12-10,3,36,33
1895,natanz,isfahan,2025-12-11,3,97,94
1895,natanz,isfahan,2025-12-12,8,30,22
1895,natanz,isfahan,2025-12-13,3,24,21
1895,natanz,isfahan,2025-12-14,1,20,19
1895,natanz,isfahan,2025-12-15,1,28,27
1895,natanz,isfahan,2025-12-16,4,32,28
1895,natanz,isfahan,2025-12-17,3,42,39
1895,natanz,isfahan,2025-12-18,16,96,80
1895,natanz,isfahan,2025-12-19,8,38,30
1895,natanz,isfahan,2025-12-20,8,33,25
1895,natanz,isfahan,2025-12-21,0,18,18
1239,nazar_abad,alborz,2025-11-22,5,5,0
1239,nazar_abad,alborz,2025-11-23,5,7,2
1239,nazar_abad,alborz,2025-11-24,7,10,3
1239,nazar_abad,alborz,2025-11-25,7,10,3
1239,nazar_abad,alborz,2025-11-26,8,12,4
1239,nazar_abad,alborz,2025-11-27,8,16,8
1239,nazar_abad,alborz,2025-11-28,5,8,3
1239,nazar_abad,alborz,2025-11-29,5,9,4
1239,nazar_abad,alborz,2025-11-30,5,9,4
1239,nazar_abad,alborz,2025-12-01,5,10,5
1239,nazar_abad,alborz,2025-12-02,2,8,6
1239,nazar_abad,alborz,2025-12-03,2,8,6
1239,nazar_abad,alborz,2025-12-04,2,19,17
1239,nazar_abad,alborz,2025-12-05,2,9,7
1239,nazar_abad,alborz,2025-12-06,2,8,6
1239,nazar_abad,alborz,2025-12-07,2,8,6
1239,nazar_abad,alborz,2025-12-08,2,8,6
1239,nazar_abad,alborz,2025-12-09,2,9,7
1239,nazar_abad,alborz,2025-12-10,4,12,8
1239,nazar_abad,alborz,2025-12-11,4,20,16
1239,nazar_abad,alborz,2025-12-12,2,9,7
1239,nazar_abad,alborz,2025-12-13,2,9,7
1239,nazar_abad,alborz,2025-12-14,2,8,6
1239,nazar_abad,alborz,2025-12-15,2,10,8
1239,nazar_abad,alborz,2025-12-16,2,10,8
1239,nazar_abad,alborz,2025-12-17,2,10,8
1239,nazar_abad,alborz,2025-12-18,2,17,15
1239,nazar_abad,alborz,2025-12-19,2,9,7
1239,nazar_abad,alborz,2025-12-20,2,9,7
1239,nazar_abad,alborz,2025-12-21,2,8,6
2108,neghab,khorasan_razavi,2025-11-22,0,0,0
2108,neghab,khorasan_razavi,2025-11-23,0,0,0
2108,neghab,khorasan_razavi,2025-11-24,0,0,0
2108,neghab,khorasan_razavi,2025-11-25,0,0,0
2108,neghab,khorasan_razavi,2025-11-26,0,0,0
2108,neghab,khorasan_razavi,2025-11-27,0,0,0
2108,neghab,khorasan_razavi,2025-11-28,0,0,0
2108,neghab,khorasan_razavi,2025-11-29,0,0,0
2108,neghab,khorasan_razavi,2025-11-30,0,0,0
2108,neghab,khorasan_razavi,2025-12-01,0,0,0
2108,neghab,khorasan_razavi,2025-12-02,0,0,0
2108,neghab,khorasan_razavi,2025-12-03,0,0,0
2108,neghab,khorasan_razavi,2025-12-04,0,0,0
2108,neghab,khorasan_razavi,2025-12-05,0,0,0
2108,neghab,khorasan_razavi,2025-12-06,0,0,0
2108,neghab,khorasan_razavi,2025-12-07,0,0,0
2108,neghab,khorasan_razavi,2025-12-08,0,0,0
2108,neghab,khorasan_razavi,2025-12-09,0,0,0
2108,neghab,khorasan_razavi,2025-12-10,0,0,0
2108,neghab,khorasan_razavi,2025-12-11,0,0,0
2108,neghab,khorasan_razavi,2025-12-12,0,0,0
2108,neghab,khorasan_razavi,2025-12-13,0,0,0
2108,neghab,khorasan_razavi,2025-12-14,0,0,0
2108,neghab,khorasan_razavi,2025-12-15,0,0,0
2108,neghab,khorasan_razavi,2025-12-16,0,0,0
2108,neghab,khorasan_razavi,2025-12-17,0,0,0
2108,neghab,khorasan_razavi,2025-12-18,0,0,0
2108,neghab,khorasan_razavi,2025-12-19,0,0,0
2108,neghab,khorasan_razavi,2025-12-20,0,0,0
2108,neghab,khorasan_razavi,2025-12-21,0,0,0
7008,neka,mazandaran,2025-11-22,68,80,12
7008,neka,mazandaran,2025-11-23,43,59,16
7008,neka,mazandaran,2025-11-24,34,53,19
7008,neka,mazandaran,2025-11-25,33,55,22
7008,neka,mazandaran,2025-11-26,34,77,43
7008,neka,mazandaran,2025-11-27,24,81,57
7008,neka,mazandaran,2025-11-28,0,22,22
7008,neka,mazandaran,2025-11-29,5,25,20
7008,neka,mazandaran,2025-11-30,2,28,26
7008,neka,mazandaran,2025-12-01,2,29,27
7008,neka,mazandaran,2025-12-02,3,30,27
7008,neka,mazandaran,2025-12-03,4,56,52
7008,neka,mazandaran,2025-12-04,5,93,88
7008,neka,mazandaran,2025-12-05,0,30,30
7008,neka,mazandaran,2025-12-06,0,31,31
7008,neka,mazandaran,2025-12-07,3,33,30
7008,neka,mazandaran,2025-12-08,5,33,28
7008,neka,mazandaran,2025-12-09,7,35,28
7008,neka,mazandaran,2025-12-10,3,45,42
7008,neka,mazandaran,2025-12-11,4,111,107
7008,neka,mazandaran,2025-12-12,0,31,31
7008,neka,mazandaran,2025-12-13,0,30,30
7008,neka,mazandaran,2025-12-14,0,28,28
7008,neka,mazandaran,2025-12-15,0,34,34
7008,neka,mazandaran,2025-12-16,0,36,36
7008,neka,mazandaran,2025-12-17,0,52,52
7008,neka,mazandaran,2025-12-18,0,83,83
7008,neka,mazandaran,2025-12-19,0,39,39
7008,neka,mazandaran,2025-12-20,2,34,32
7008,neka,mazandaran,2025-12-21,0,26,26
2670,niasar,isfahan,2025-11-22,11,13,2
2670,niasar,isfahan,2025-11-23,9,12,3
2670,niasar,isfahan,2025-11-24,1,4,3
2670,niasar,isfahan,2025-11-25,0,3,3
2670,niasar,isfahan,2025-11-26,5,12,7
2670,niasar,isfahan,2025-11-27,7,37,30
2670,niasar,isfahan,2025-11-28,2,7,5
2670,niasar,isfahan,2025-11-29,0,4,4
2670,niasar,isfahan,2025-11-30,9,16,7
2670,niasar,isfahan,2025-12-01,9,18,9
2670,niasar,isfahan,2025-12-02,11,23,12
2670,niasar,isfahan,2025-12-03,6,20,14
2670,niasar,isfahan,2025-12-04,8,79,71
2670,niasar,isfahan,2025-12-05,0,9,9
2670,niasar,isfahan,2025-12-06,0,7,7
2670,niasar,isfahan,2025-12-07,1,8,7
2670,niasar,isfahan,2025-12-08,1,7,6
2670,niasar,isfahan,2025-12-09,0,6,6
2670,niasar,isfahan,2025-12-10,0,11,11
2670,niasar,isfahan,2025-12-11,1,49,48
2670,niasar,isfahan,2025-12-12,0,9,9
2670,niasar,isfahan,2025-12-13,0,7,7
2670,niasar,isfahan,2025-12-14,0,7,7
2670,niasar,isfahan,2025-12-15,0,8,8
2670,niasar,isfahan,2025-12-16,0,9,9
2670,niasar,isfahan,2025-12-17,0,14,14
2670,niasar,isfahan,2025-12-18,2,39,37
2670,niasar,isfahan,2025-12-19,0,11,11
2670,niasar,isfahan,2025-12-20,0,8,8
2670,niasar,isfahan,2025-12-21,0,6,6
1931,nikabad,isfahan,2025-11-22,0,0,0
1931,nikabad,isfahan,2025-11-23,0,0,0
1931,nikabad,isfahan,2025-11-24,0,0,0
1931,nikabad,isfahan,2025-11-25,0,0,0
1931,nikabad,isfahan,2025-11-26,0,0,0
1931,nikabad,isfahan,2025-11-27,0,0,0
1931,nikabad,isfahan,2025-11-28,0,0,0
1931,nikabad,isfahan,2025-11-29,0,0,0
1931,nikabad,isfahan,2025-11-30,0,0,0
1931,nikabad,isfahan,2025-12-01,0,0,0
1931,nikabad,isfahan,2025-12-02,0,0,0
1931,nikabad,isfahan,2025-12-03,0,0,0
1931,nikabad,isfahan,2025-12-04,0,0,0
1931,nikabad,isfahan,2025-12-05,0,0,0
1931,nikabad,isfahan,2025-12-06,0,0,0
1931,nikabad,isfahan,2025-12-07,0,0,0
1931,nikabad,isfahan,2025-12-08,0,0,0
1931,nikabad,isfahan,2025-12-09,0,0,0
1931,nikabad,isfahan,2025-12-10,0,0,0
1931,nikabad,isfahan,2025-12-11,0,0,0
1931,nikabad,isfahan,2025-12-12,0,0,0
1931,nikabad,isfahan,2025-12-13,0,0,0
1931,nikabad,isfahan,2025-12-14,0,0,0
1931,nikabad,isfahan,2025-12-15,0,0,0
1931,nikabad,isfahan,2025-12-16,0,0,0
1931,nikabad,isfahan,2025-12-17,0,0,0
1931,nikabad,isfahan,2025-12-18,0,0,0
1931,nikabad,isfahan,2025-12-19,0,0,0
1931,nikabad,isfahan,2025-12-20,0,0,0
1931,nikabad,isfahan,2025-12-21,0,0,0
4419,nishapur,khorasan_razavi,2025-11-22,276,321,45
4419,nishapur,khorasan_razavi,2025-11-23,153,222,69
4419,nishapur,khorasan_razavi,2025-11-24,142,227,85
4419,nishapur,khorasan_razavi,2025-11-25,79,158,79
4419,nishapur,khorasan_razavi,2025-11-26,54,146,92
4419,nishapur,khorasan_razavi,2025-11-27,70,276,206
4419,nishapur,khorasan_razavi,2025-11-28,41,118,77
4419,nishapur,khorasan_razavi,2025-11-29,64,144,80
4419,nishapur,khorasan_razavi,2025-11-30,42,124,82
4419,nishapur,khorasan_razavi,2025-12-01,67,175,108
4419,nishapur,khorasan_razavi,2025-12-02,56,184,128
4419,nishapur,khorasan_razavi,2025-12-03,73,283,210
4419,nishapur,khorasan_razavi,2025-12-04,45,501,456
4419,nishapur,khorasan_razavi,2025-12-05,22,150,128
4419,nishapur,khorasan_razavi,2025-12-06,22,135,113
4419,nishapur,khorasan_razavi,2025-12-07,16,113,97
4419,nishapur,khorasan_razavi,2025-12-08,17,129,112
4419,nishapur,khorasan_razavi,2025-12-09,15,136,121
4419,nishapur,khorasan_razavi,2025-12-10,35,210,175
4419,nishapur,khorasan_razavi,2025-12-11,25,441,416
4419,nishapur,khorasan_razavi,2025-12-12,25,168,143
4419,nishapur,khorasan_razavi,2025-12-13,17,131,114
4419,nishapur,khorasan_razavi,2025-12-14,17,144,127
4419,nishapur,khorasan_razavi,2025-12-15,14,156,142
4419,nishapur,khorasan_razavi,2025-12-16,11,172,161
4419,nishapur,khorasan_razavi,2025-12-17,16,220,204
4419,nishapur,khorasan_razavi,2025-12-18,28,400,372
4419,nishapur,khorasan_razavi,2025-12-19,50,252,202
4419,nishapur,khorasan_razavi,2025-12-20,30,153,123
4419,nishapur,khorasan_razavi,2025-12-21,18,118,100
1638,noor,mazandaran,2025-11-22,2487,2924,437
1638,noor,mazandaran,2025-11-23,1871,2658,787
1638,noor,mazandaran,2025-11-24,1328,2140,812
1638,noor,mazandaran,2025-11-25,1245,2332,1087
1638,noor,mazandaran,2025-11-26,1327,3529,2202
1638,noor,mazandaran,2025-11-27,1280,4190,2910
1638,noor,mazandaran,2025-11-28,448,1437,989
1638,noor,mazandaran,2025-11-29,385,1263,878
1638,noor,mazandaran,2025-11-30,350,1405,1055
1638,noor,mazandaran,2025-12-01,319,1370,1051
1638,noor,mazandaran,2025-12-02,236,1345,1109
1638,noor,mazandaran,2025-12-03,364,2498,2134
1638,noor,mazandaran,2025-12-04,544,4868,4324
1638,noor,mazandaran,2025-12-05,237,1818,1581
1638,noor,mazandaran,2025-12-06,166,1412,1246
1638,noor,mazandaran,2025-12-07,90,1319,1229
1638,noor,mazandaran,2025-12-08,104,1325,1221
1638,noor,mazandaran,2025-12-09,94,1485,1391
1638,noor,mazandaran,2025-12-10,148,2100,1952
1638,noor,mazandaran,2025-12-11,166,3847,3681
1638,noor,mazandaran,2025-12-12,106,1580,1474
1638,noor,mazandaran,2025-12-13,89,1344,1255
1638,noor,mazandaran,2025-12-14,62,1211,1149
1638,noor,mazandaran,2025-12-15,57,1340,1283
1638,noor,mazandaran,2025-12-16,50,1566,1516
1638,noor,mazandaran,2025-12-17,110,2246,2136
1638,noor,mazandaran,2025-12-18,91,2904,2813
1638,noor,mazandaran,2025-12-19,15,1133,1118
1638,noor,mazandaran,2025-12-20,27,1231,1204
1638,noor,mazandaran,2025-12-21,14,995,981
7040,nooshabad,isfahan,2025-11-22,4,4,0
7040,nooshabad,isfahan,2025-11-23,4,4,0
7040,nooshabad,isfahan,2025-11-24,0,0,0
7040,nooshabad,isfahan,2025-11-25,0,0,0
7040,nooshabad,isfahan,2025-11-26,0,1,1
7040,nooshabad,isfahan,2025-11-27,0,1,1
7040,nooshabad,isfahan,2025-11-28,0,0,0
7040,nooshabad,isfahan,2025-11-29,0,0,0
7040,nooshabad,isfahan,2025-11-30,2,2,0
7040,nooshabad,isfahan,2025-12-01,0,0,0
7040,nooshabad,isfahan,2025-12-02,0,0,0
7040,nooshabad,isfahan,2025-12-03,4,5,1
7040,nooshabad,isfahan,2025-12-04,0,2,2
7040,nooshabad,isfahan,2025-12-05,0,0,0
7040,nooshabad,isfahan,2025-12-06,0,0,0
7040,nooshabad,isfahan,2025-12-07,0,0,0
7040,nooshabad,isfahan,2025-12-08,2,2,0
7040,nooshabad,isfahan,2025-12-09,0,0,0
7040,nooshabad,isfahan,2025-12-10,5,6,1
7040,nooshabad,isfahan,2025-12-11,0,2,2
7040,nooshabad,isfahan,2025-12-12,0,0,0
7040,nooshabad,isfahan,2025-12-13,0,0,0
7040,nooshabad,isfahan,2025-12-14,0,0,0
7040,nooshabad,isfahan,2025-12-15,0,0,0
7040,nooshabad,isfahan,2025-12-16,0,0,0
7040,nooshabad,isfahan,2025-12-17,0,1,1
7040,nooshabad,isfahan,2025-12-18,0,2,2
7040,nooshabad,isfahan,2025-12-19,0,1,1
7040,nooshabad,isfahan,2025-12-20,0,1,1
7040,nooshabad,isfahan,2025-12-21,0,0,0
7810,nowshahr,mazandaran,2025-11-22,6584,7347,763
7810,nowshahr,mazandaran,2025-11-23,4990,6540,1550
7810,nowshahr,mazandaran,2025-11-24,3694,5571,1877
7810,nowshahr,mazandaran,2025-11-25,3723,6461,2738
7810,nowshahr,mazandaran,2025-11-26,4533,10078,5545
7810,nowshahr,mazandaran,2025-11-27,4382,11960,7578
7810,nowshahr,mazandaran,2025-11-28,1513,4167,2654
7810,nowshahr,mazandaran,2025-11-29,1261,3604,2343
7810,nowshahr,mazandaran,2025-11-30,1233,4059,2826
7810,nowshahr,mazandaran,2025-12-01,1087,3895,2808
7810,nowshahr,mazandaran,2025-12-02,1118,4493,3375
7810,nowshahr,mazandaran,2025-12-03,1455,7546,6091
7810,nowshahr,mazandaran,2025-12-04,1497,11433,9936
7810,nowshahr,mazandaran,2025-12-05,636,4572,3936
7810,nowshahr,mazandaran,2025-12-06,576,4025,3449
7810,nowshahr,mazandaran,2025-12-07,508,3759,3251
7810,nowshahr,mazandaran,2025-12-08,482,3555,3073
7810,nowshahr,mazandaran,2025-12-09,473,3844,3371
7810,nowshahr,mazandaran,2025-12-10,587,6351,5764
7810,nowshahr,mazandaran,2025-12-11,654,10969,10315
7810,nowshahr,mazandaran,2025-12-12,345,4357,4012
7810,nowshahr,mazandaran,2025-12-13,377,3586,3209
7810,nowshahr,mazandaran,2025-12-14,352,3384,3032
7810,nowshahr,mazandaran,2025-12-15,352,3460,3108
7810,nowshahr,mazandaran,2025-12-16,424,4760,4336
7810,nowshahr,mazandaran,2025-12-17,477,6703,6226
7810,nowshahr,mazandaran,2025-12-18,666,9144,8478
7810,nowshahr,mazandaran,2025-12-19,357,4297,3940
7810,nowshahr,mazandaran,2025-12-20,250,3432,3182
7810,nowshahr,mazandaran,2025-12-21,94,2309,2215
1494,paein_hular,mazandaran,2025-11-22,0,0,0
1494,paein_hular,mazandaran,2025-11-23,0,0,0
1494,paein_hular,mazandaran,2025-11-24,0,0,0
1494,paein_hular,mazandaran,2025-11-25,0,0,0
1494,paein_hular,mazandaran,2025-11-26,0,0,0
1494,paein_hular,mazandaran,2025-11-27,0,0,0
1494,paein_hular,mazandaran,2025-11-28,0,0,0
1494,paein_hular,mazandaran,2025-11-29,0,0,0
1494,paein_hular,mazandaran,2025-11-30,0,0,0
1494,paein_hular,mazandaran,2025-12-01,0,0,0
1494,paein_hular,mazandaran,2025-12-02,0,0,0
1494,paein_hular,mazandaran,2025-12-03,0,0,0
1494,paein_hular,mazandaran,2025-12-04,0,0,0
1494,paein_hular,mazandaran,2025-12-05,0,0,0
1494,paein_hular,mazandaran,2025-12-06,0,0,0
1494,paein_hular,mazandaran,2025-12-07,0,0,0
1494,paein_hular,mazandaran,2025-12-08,0,0,0
1494,paein_hular,mazandaran,2025-12-09,0,0,0
1494,paein_hular,mazandaran,2025-12-10,0,0,0
1494,paein_hular,mazandaran,2025-12-11,0,0,0
1494,paein_hular,mazandaran,2025-12-12,0,0,0
1494,paein_hular,mazandaran,2025-12-13,0,0,0
1494,paein_hular,mazandaran,2025-12-14,0,0,0
1494,paein_hular,mazandaran,2025-12-15,0,0,0
1494,paein_hular,mazandaran,2025-12-16,0,0,0
1494,paein_hular,mazandaran,2025-12-17,0,0,0
1494,paein_hular,mazandaran,2025-12-18,0,0,0
1494,paein_hular,mazandaran,2025-12-19,0,0,0
1494,paein_hular,mazandaran,2025-12-20,0,0,0
1494,paein_hular,mazandaran,2025-12-21,0,0,0
8445,pakdasht,tehran,2025-11-22,40,47,7
8445,pakdasht,tehran,2025-11-23,43,59,16
8445,pakdasht,tehran,2025-11-24,39,60,21
8445,pakdasht,tehran,2025-11-25,32,57,25
8445,pakdasht,tehran,2025-11-26,32,63,31
8445,pakdasht,tehran,2025-11-27,53,123,70
8445,pakdasht,tehran,2025-11-28,14,32,18
8445,pakdasht,tehran,2025-11-29,9,29,20
8445,pakdasht,tehran,2025-11-30,12,35,23
8445,pakdasht,tehran,2025-12-01,13,40,27
8445,pakdasht,tehran,2025-12-02,15,50,35
8445,pakdasht,tehran,2025-12-03,12,46,34
8445,pakdasht,tehran,2025-12-04,19,117,98
8445,pakdasht,tehran,2025-12-05,21,76,55
8445,pakdasht,tehran,2025-12-06,8,42,34
8445,pakdasht,tehran,2025-12-07,3,39,36
8445,pakdasht,tehran,2025-12-08,3,38,35
8445,pakdasht,tehran,2025-12-09,6,41,35
8445,pakdasht,tehran,2025-12-10,17,86,69
8445,pakdasht,tehran,2025-12-11,25,184,159
8445,pakdasht,tehran,2025-12-12,3,37,34
8445,pakdasht,tehran,2025-12-13,1,35,34
8445,pakdasht,tehran,2025-12-14,9,52,43
8445,pakdasht,tehran,2025-12-15,4,44,40
8445,pakdasht,tehran,2025-12-16,5,52,47
8445,pakdasht,tehran,2025-12-17,14,86,72
8445,pakdasht,tehran,2025-12-18,3,75,72
8445,pakdasht,tehran,2025-12-19,1,41,40
8445,pakdasht,tehran,2025-12-20,3,45,42
8445,pakdasht,tehran,2025-12-21,6,49,43
6287,parand,tehran,2025-11-22,48,62,14
6287,parand,tehran,2025-11-23,50,76,26
6287,parand,tehran,2025-11-24,34,62,28
6287,parand,tehran,2025-11-25,27,57,30
6287,parand,tehran,2025-11-26,29,74,45
6287,parand,tehran,2025-11-27,35,106,71
6287,parand,tehran,2025-11-28,21,57,36
6287,parand,tehran,2025-11-29,12,49,37
6287,parand,tehran,2025-11-30,16,60,44
6287,parand,tehran,2025-12-01,8,49,41
6287,parand,tehran,2025-12-02,11,62,51
6287,parand,tehran,2025-12-03,10,66,56
6287,parand,tehran,2025-12-04,14,112,98
6287,parand,tehran,2025-12-05,14,65,51
6287,parand,tehran,2025-12-06,8,65,57
6287,parand,tehran,2025-12-07,8,63,55
6287,parand,tehran,2025-12-08,7,60,53
6287,parand,tehran,2025-12-09,7,63,56
6287,parand,tehran,2025-12-10,7,67,60
6287,parand,tehran,2025-12-11,9,123,114
6287,parand,tehran,2025-12-12,8,62,54
6287,parand,tehran,2025-12-13,7,66,59
6287,parand,tehran,2025-12-14,7,60,53
6287,parand,tehran,2025-12-15,8,69,61
6287,parand,tehran,2025-12-16,6,77,71
6287,parand,tehran,2025-12-17,6,78,72
6287,parand,tehran,2025-12-18,8,119,111
6287,parand,tehran,2025-12-19,6,75,69
6287,parand,tehran,2025-12-20,7,70,63
6287,parand,tehran,2025-12-21,2,49,47
2969,pardis,tehran,2025-11-22,72,89,17
2969,pardis,tehran,2025-11-23,84,121,37
2969,pardis,tehran,2025-11-24,64,104,40
2969,pardis,tehran,2025-11-25,44,85,41
2969,pardis,tehran,2025-11-26,63,133,70
2969,pardis,tehran,2025-11-27,115,286,171
2969,pardis,tehran,2025-11-28,48,121,73
2969,pardis,tehran,2025-11-29,37,102,65
2969,pardis,tehran,2025-11-30,30,98,68
2969,pardis,tehran,2025-12-01,40,122,82
2969,pardis,tehran,2025-12-02,36,131,95
2969,pardis,tehran,2025-12-03,18,101,83
2969,pardis,tehran,2025-12-04,25,219,194
2969,pardis,tehran,2025-12-05,29,141,112
2969,pardis,tehran,2025-12-06,8,84,76
2969,pardis,tehran,2025-12-07,12,96,84
2969,pardis,tehran,2025-12-08,10,95,85
2969,pardis,tehran,2025-12-09,9,100,91
2969,pardis,tehran,2025-12-10,16,121,105
2969,pardis,tehran,2025-12-11,12,248,236
2969,pardis,tehran,2025-12-12,12,130,118
2969,pardis,tehran,2025-12-13,10,103,93
2969,pardis,tehran,2025-12-14,11,107,96
2969,pardis,tehran,2025-12-15,10,121,111
2969,pardis,tehran,2025-12-16,10,129,119
2969,pardis,tehran,2025-12-17,18,152,134
2969,pardis,tehran,2025-12-18,32,323,291
2969,pardis,tehran,2025-12-19,9,149,140
2969,pardis,tehran,2025-12-20,16,119,103
2969,pardis,tehran,2025-12-21,13,103,90
9063,parehsar,gilan,2025-11-22,113,128,15
9063,parehsar,gilan,2025-11-23,92,119,27
9063,parehsar,gilan,2025-11-24,50,79,29
9063,parehsar,gilan,2025-11-25,33,66,33
9063,parehsar,gilan,2025-11-26,52,122,70
9063,parehsar,gilan,2025-11-27,57,152,95
9063,parehsar,gilan,2025-11-28,23,57,34
9063,parehsar,gilan,2025-11-29,12,44,32
9063,parehsar,gilan,2025-11-30,5,28,23
9063,parehsar,gilan,2025-12-01,5,29,24
9063,parehsar,gilan,2025-12-02,7,42,35
9063,parehsar,gilan,2025-12-03,30,130,100
9063,parehsar,gilan,2025-12-04,30,219,189
9063,parehsar,gilan,2025-12-05,9,58,49
9063,parehsar,gilan,2025-12-06,6,49,43
9063,parehsar,gilan,2025-12-07,6,44,38
9063,parehsar,gilan,2025-12-08,4,38,34
9063,parehsar,gilan,2025-12-09,2,33,31
9063,parehsar,gilan,2025-12-10,10,66,56
9063,parehsar,gilan,2025-12-11,23,197,174
9063,parehsar,gilan,2025-12-12,15,60,45
9063,parehsar,gilan,2025-12-13,2,31,29
9063,parehsar,gilan,2025-12-14,0,26,26
9063,parehsar,gilan,2025-12-15,0,32,32
9063,parehsar,gilan,2025-12-16,0,34,34
9063,parehsar,gilan,2025-12-17,0,49,49
9063,parehsar,gilan,2025-12-18,7,90,83
9063,parehsar,gilan,2025-12-19,0,39,39
9063,parehsar,gilan,2025-12-20,0,30,30
9063,parehsar,gilan,2025-12-21,0,21,21
2642,parsian,hormozgan,2025-11-22,583,622,39
2642,parsian,hormozgan,2025-11-23,540,623,83
2642,parsian,hormozgan,2025-11-24,726,889,163
2642,parsian,hormozgan,2025-11-25,761,1008,247
2642,parsian,hormozgan,2025-11-26,741,1087,346
2642,parsian,hormozgan,2025-11-27,564,891,327
2642,parsian,hormozgan,2025-11-28,166,277,111
2642,parsian,hormozgan,2025-11-29,198,330,132
2642,parsian,hormozgan,2025-11-30,187,372,185
2642,parsian,hormozgan,2025-12-01,217,391,174
2642,parsian,hormozgan,2025-12-02,216,449,233
2642,parsian,hormozgan,2025-12-03,214,543,329
2642,parsian,hormozgan,2025-12-04,152,588,436
2642,parsian,hormozgan,2025-12-05,79,278,199
2642,parsian,hormozgan,2025-12-06,112,369,257
2642,parsian,hormozgan,2025-12-07,72,318,246
2642,parsian,hormozgan,2025-12-08,78,307,229
2642,parsian,hormozgan,2025-12-09,94,352,258
2642,parsian,hormozgan,2025-12-10,108,426,318
2642,parsian,hormozgan,2025-12-11,105,582,477
2642,parsian,hormozgan,2025-12-12,62,340,278
2642,parsian,hormozgan,2025-12-13,65,309,244
2642,parsian,hormozgan,2025-12-14,68,299,231
2642,parsian,hormozgan,2025-12-15,70,376,306
2642,parsian,hormozgan,2025-12-16,77,476,399
2642,parsian,hormozgan,2025-12-17,65,442,377
2642,parsian,hormozgan,2025-12-18,54,417,363
2642,parsian,hormozgan,2025-12-19,41,307,266
2642,parsian,hormozgan,2025-12-20,50,363,313
2642,parsian,hormozgan,2025-12-21,13,128,115
7154,pirbakran,isfahan,2025-11-22,0,0,0
7154,pirbakran,isfahan,2025-11-23,0,0,0
7154,pirbakran,isfahan,2025-11-24,0,0,0
7154,pirbakran,isfahan,2025-11-25,0,0,0
7154,pirbakran,isfahan,2025-11-26,0,0,0
7154,pirbakran,isfahan,2025-11-27,0,0,0
7154,pirbakran,isfahan,2025-11-28,0,0,0
7154,pirbakran,isfahan,2025-11-29,0,0,0
7154,pirbakran,isfahan,2025-11-30,0,0,0
7154,pirbakran,isfahan,2025-12-01,0,0,0
7154,pirbakran,isfahan,2025-12-02,0,0,0
7154,pirbakran,isfahan,2025-12-03,0,0,0
7154,pirbakran,isfahan,2025-12-04,0,0,0
7154,pirbakran,isfahan,2025-12-05,0,0,0
7154,pirbakran,isfahan,2025-12-06,0,0,0
7154,pirbakran,isfahan,2025-12-07,0,0,0
7154,pirbakran,isfahan,2025-12-08,0,0,0
7154,pirbakran,isfahan,2025-12-09,0,0,0
7154,pirbakran,isfahan,2025-12-10,0,0,0
7154,pirbakran,isfahan,2025-12-11,0,0,0
7154,pirbakran,isfahan,2025-12-12,0,0,0
7154,pirbakran,isfahan,2025-12-13,0,0,0
7154,pirbakran,isfahan,2025-12-14,0,0,0
7154,pirbakran,isfahan,2025-12-15,0,0,0
7154,pirbakran,isfahan,2025-12-16,0,0,0
7154,pirbakran,isfahan,2025-12-17,0,0,0
7154,pirbakran,isfahan,2025-12-18,0,0,0
7154,pirbakran,isfahan,2025-12-19,0,0,0
7154,pirbakran,isfahan,2025-12-20,0,0,0
7154,pirbakran,isfahan,2025-12-21,0,0,0
8504,pishva,tehran,2025-11-22,0,0,0
8504,pishva,tehran,2025-11-23,0,0,0
8504,pishva,tehran,2025-11-24,0,0,0
8504,pishva,tehran,2025-11-25,0,0,0
8504,pishva,tehran,2025-11-26,0,0,0
8504,pishva,tehran,2025-11-27,0,0,0
8504,pishva,tehran,2025-11-28,0,0,0
8504,pishva,tehran,2025-11-29,0,0,0
8504,pishva,tehran,2025-11-30,0,0,0
8504,pishva,tehran,2025-12-01,0,0,0
8504,pishva,tehran,2025-12-02,0,0,0
8504,pishva,tehran,2025-12-03,0,0,0
8504,pishva,tehran,2025-12-04,0,0,0
8504,pishva,tehran,2025-12-05,0,0,0
8504,pishva,tehran,2025-12-06,0,0,0
8504,pishva,tehran,2025-12-07,0,0,0
8504,pishva,tehran,2025-12-08,0,0,0
8504,pishva,tehran,2025-12-09,0,0,0
8504,pishva,tehran,2025-12-10,0,0,0
8504,pishva,tehran,2025-12-11,0,0,0
8504,pishva,tehran,2025-12-12,0,0,0
8504,pishva,tehran,2025-12-13,0,0,0
8504,pishva,tehran,2025-12-14,0,0,0
8504,pishva,tehran,2025-12-15,0,0,0
8504,pishva,tehran,2025-12-16,0,0,0
8504,pishva,tehran,2025-12-17,0,0,0
8504,pishva,tehran,2025-12-18,0,0,0
8504,pishva,tehran,2025-12-19,0,0,0
8504,pishva,tehran,2025-12-20,0,0,0
8504,pishva,tehran,2025-12-21,0,0,0
8913,polsefid,mazandaran,2025-11-22,79,89,10
8913,polsefid,mazandaran,2025-11-23,82,102,20
8913,polsefid,mazandaran,2025-11-24,25,44,19
8913,polsefid,mazandaran,2025-11-25,27,52,25
8913,polsefid,mazandaran,2025-11-26,35,95,60
8913,polsefid,mazandaran,2025-11-27,65,210,145
8913,polsefid,mazandaran,2025-11-28,15,48,33
8913,polsefid,mazandaran,2025-11-29,4,29,25
8913,polsefid,mazandaran,2025-11-30,11,33,22
8913,polsefid,mazandaran,2025-12-01,12,40,28
8913,polsefid,mazandaran,2025-12-02,17,46,29
8913,polsefid,mazandaran,2025-12-03,16,80,64
8913,polsefid,mazandaran,2025-12-04,32,275,243
8913,polsefid,mazandaran,2025-12-05,16,73,57
8913,polsefid,mazandaran,2025-12-06,4,35,31
8913,polsefid,mazandaran,2025-12-07,7,41,34
8913,polsefid,mazandaran,2025-12-08,6,39,33
8913,polsefid,mazandaran,2025-12-09,10,48,38
8913,polsefid,mazandaran,2025-12-10,6,62,56
8913,polsefid,mazandaran,2025-12-11,4,194,190
8913,polsefid,mazandaran,2025-12-12,3,48,45
8913,polsefid,mazandaran,2025-12-13,5,38,33
8913,polsefid,mazandaran,2025-12-14,3,36,33
8913,polsefid,mazandaran,2025-12-15,5,42,37
8913,polsefid,mazandaran,2025-12-16,6,50,44
8913,polsefid,mazandaran,2025-12-17,9,66,57
8913,polsefid,mazandaran,2025-12-18,6,143,137
8913,polsefid,mazandaran,2025-12-19,0,45,45
8913,polsefid,mazandaran,2025-12-20,0,30,30
8913,polsefid,mazandaran,2025-12-21,0,24,24
5410,pul,mazandaran,2025-11-22,2,2,0
5410,pul,mazandaran,2025-11-23,2,2,0
5410,pul,mazandaran,2025-11-24,0,0,0
5410,pul,mazandaran,2025-11-25,0,0,0
5410,pul,mazandaran,2025-11-26,0,0,0
5410,pul,mazandaran,2025-11-27,0,0,0
5410,pul,mazandaran,2025-11-28,0,0,0
5410,pul,mazandaran,2025-11-29,0,0,0
5410,pul,mazandaran,2025-11-30,0,0,0
5410,pul,mazandaran,2025-12-01,4,4,0
5410,pul,mazandaran,2025-12-02,4,4,0
5410,pul,mazandaran,2025-12-03,0,0,0
5410,pul,mazandaran,2025-12-04,0,0,0
5410,pul,mazandaran,2025-12-05,0,0,0
5410,pul,mazandaran,2025-12-06,0,0,0
5410,pul,mazandaran,2025-12-07,0,0,0
5410,pul,mazandaran,2025-12-08,0,0,0
5410,pul,mazandaran,2025-12-09,0,0,0
5410,pul,mazandaran,2025-12-10,0,0,0
5410,pul,mazandaran,2025-12-11,0,0,0
5410,pul,mazandaran,2025-12-12,0,0,0
5410,pul,mazandaran,2025-12-13,0,0,0
5410,pul,mazandaran,2025-12-14,0,0,0
5410,pul,mazandaran,2025-12-15,0,0,0
5410,pul,mazandaran,2025-12-16,0,0,0
5410,pul,mazandaran,2025-12-17,0,0,0
5410,pul,mazandaran,2025-12-18,0,0,0
5410,pul,mazandaran,2025-12-19,0,0,0
5410,pul,mazandaran,2025-12-20,0,0,0
5410,pul,mazandaran,2025-12-21,0,0,0
6093,qaemshahr,mazandaran,2025-11-22,382,466,84
6093,qaemshahr,mazandaran,2025-11-23,328,471,143
6093,qaemshahr,mazandaran,2025-11-24,261,437,176
6093,qaemshahr,mazandaran,2025-11-25,203,415,212
6093,qaemshahr,mazandaran,2025-11-26,197,521,324
6093,qaemshahr,mazandaran,2025-11-27,427,1115,688
6093,qaemshahr,mazandaran,2025-11-28,221,616,395
6093,qaemshahr,mazandaran,2025-11-29,92,319,227
6093,qaemshahr,mazandaran,2025-11-30,69,298,229
6093,qaemshahr,mazandaran,2025-12-01,100,332,232
6093,qaemshahr,mazandaran,2025-12-02,110,360,250
6093,qaemshahr,mazandaran,2025-12-03,139,580,441
6093,qaemshahr,mazandaran,2025-12-04,155,1138,983
6093,qaemshahr,mazandaran,2025-12-05,130,748,618
6093,qaemshahr,mazandaran,2025-12-06,81,402,321
6093,qaemshahr,mazandaran,2025-12-07,53,356,303
6093,qaemshahr,mazandaran,2025-12-08,65,383,318
6093,qaemshahr,mazandaran,2025-12-09,62,401,339
6093,qaemshahr,mazandaran,2025-12-10,52,456,404
6093,qaemshahr,mazandaran,2025-12-11,103,1119,1016
6093,qaemshahr,mazandaran,2025-12-12,82,590,508
6093,qaemshahr,mazandaran,2025-12-13,82,502,420
6093,qaemshahr,mazandaran,2025-12-14,49,367,318
6093,qaemshahr,mazandaran,2025-12-15,37,334,297
6093,qaemshahr,mazandaran,2025-12-16,37,413,376
6093,qaemshahr,mazandaran,2025-12-17,45,477,432
6093,qaemshahr,mazandaran,2025-12-18,52,787,735
6093,qaemshahr,mazandaran,2025-12-19,29,415,386
6093,qaemshahr,mazandaran,2025-12-20,26,335,309
6093,qaemshahr,mazandaran,2025-12-21,17,273,256
4995,qeshm,hormozgan,2025-11-22,41607,43166,1559
4995,qeshm,hormozgan,2025-11-23,39677,43041,3364
4995,qeshm,hormozgan,2025-11-24,40442,46771,6329
4995,qeshm,hormozgan,2025-11-25,40703,50024,9321
4995,qeshm,hormozgan,2025-11-26,38327,51245,12918
4995,qeshm,hormozgan,2025-11-27,29621,44071,14450
4995,qeshm,hormozgan,2025-11-28,12542,20810,8268
4995,qeshm,hormozgan,2025-11-29,14788,25589,10801
4995,qeshm,hormozgan,2025-11-30,13862,27174,13312
4995,qeshm,hormozgan,2025-12-01,14694,29602,14908
4995,qeshm,hormozgan,2025-12-02,15305,30850,15545
4995,qeshm,hormozgan,2025-12-03,14768,34733,19965
4995,qeshm,hormozgan,2025-12-04,14192,38555,24363
4995,qeshm,hormozgan,2025-12-05,8469,26352,17883
4995,qeshm,hormozgan,2025-12-06,8784,28122,19338
4995,qeshm,hormozgan,2025-12-07,8495,27703,19208
4995,qeshm,hormozgan,2025-12-08,8909,29170,20261
4995,qeshm,hormozgan,2025-12-09,9720,32901,23181
4995,qeshm,hormozgan,2025-12-10,9681,34659,24978
4995,qeshm,hormozgan,2025-12-11,9118,37555,28437
4995,qeshm,hormozgan,2025-12-12,5644,28185,22541
4995,qeshm,hormozgan,2025-12-13,6563,29918,23355
4995,qeshm,hormozgan,2025-12-14,6417,30903,24486
4995,qeshm,hormozgan,2025-12-15,6709,33910,27201
4995,qeshm,hormozgan,2025-12-16,7774,39969,32195
4995,qeshm,hormozgan,2025-12-17,7811,40225,32414
4995,qeshm,hormozgan,2025-12-18,7193,39235,32042
4995,qeshm,hormozgan,2025-12-19,4070,28866,24796
4995,qeshm,hormozgan,2025-12-20,3768,28744,24976
4995,qeshm,hormozgan,2025-12-21,2136,22730,20594
1013,quchan,khorasan_razavi,2025-11-22,0,0,0
1013,quchan,khorasan_razavi,2025-11-23,0,0,0
1013,quchan,khorasan_razavi,2025-11-24,0,0,0
1013,quchan,khorasan_razavi,2025-11-25,0,0,0
1013,quchan,khorasan_razavi,2025-11-26,0,0,0
1013,quchan,khorasan_razavi,2025-11-27,0,0,0
1013,quchan,khorasan_razavi,2025-11-28,0,0,0
1013,quchan,khorasan_razavi,2025-11-29,0,0,0
1013,quchan,khorasan_razavi,2025-11-30,0,0,0
1013,quchan,khorasan_razavi,2025-12-01,0,0,0
1013,quchan,khorasan_razavi,2025-12-02,0,0,0
1013,quchan,khorasan_razavi,2025-12-03,0,0,0
1013,quchan,khorasan_razavi,2025-12-04,0,0,0
1013,quchan,khorasan_razavi,2025-12-05,0,0,0
1013,quchan,khorasan_razavi,2025-12-06,0,0,0
1013,quchan,khorasan_razavi,2025-12-07,0,0,0
1013,quchan,khorasan_razavi,2025-12-08,0,0,0
1013,quchan,khorasan_razavi,2025-12-09,0,0,0
1013,quchan,khorasan_razavi,2025-12-10,0,0,0
1013,quchan,khorasan_razavi,2025-12-11,0,0,0
1013,quchan,khorasan_razavi,2025-12-12,0,0,0
1013,quchan,khorasan_razavi,2025-12-13,0,0,0
1013,quchan,khorasan_razavi,2025-12-14,0,0,0
1013,quchan,khorasan_razavi,2025-12-15,0,0,0
1013,quchan,khorasan_razavi,2025-12-16,0,0,0
1013,quchan,khorasan_razavi,2025-12-17,0,0,0
1013,quchan,khorasan_razavi,2025-12-18,0,0,0
1013,quchan,khorasan_razavi,2025-12-19,0,0,0
1013,quchan,khorasan_razavi,2025-12-20,0,0,0
1013,quchan,khorasan_razavi,2025-12-21,0,0,0
1317,rahimabad,gilan,2025-11-22,29,31,2
1317,rahimabad,gilan,2025-11-23,18,22,4
1317,rahimabad,gilan,2025-11-24,22,29,7
1317,rahimabad,gilan,2025-11-25,14,22,8
1317,rahimabad,gilan,2025-11-26,12,28,16
1317,rahimabad,gilan,2025-11-27,6,22,16
1317,rahimabad,gilan,2025-11-28,0,4,4
1317,rahimabad,gilan,2025-11-29,0,4,4
1317,rahimabad,gilan,2025-11-30,0,5,5
1317,rahimabad,gilan,2025-12-01,0,5,5
1317,rahimabad,gilan,2025-12-02,4,12,8
1317,rahimabad,gilan,2025-12-03,7,27,20
1317,rahimabad,gilan,2025-12-04,5,50,45
1317,rahimabad,gilan,2025-12-05,0,7,7
1317,rahimabad,gilan,2025-12-06,0,9,9
1317,rahimabad,gilan,2025-12-07,0,8,8
1317,rahimabad,gilan,2025-12-08,1,9,8
1317,rahimabad,gilan,2025-12-09,2,11,9
1317,rahimabad,gilan,2025-12-10,1,16,15
1317,rahimabad,gilan,2025-12-11,1,33,32
1317,rahimabad,gilan,2025-12-12,0,8,8
1317,rahimabad,gilan,2025-12-13,0,7,7
1317,rahimabad,gilan,2025-12-14,0,7,7
1317,rahimabad,gilan,2025-12-15,2,12,10
1317,rahimabad,gilan,2025-12-16,1,13,12
1317,rahimabad,gilan,2025-12-17,0,20,20
1317,rahimabad,gilan,2025-12-18,2,28,26
1317,rahimabad,gilan,2025-12-19,0,11,11
1317,rahimabad,gilan,2025-12-20,0,8,8
1317,rahimabad,gilan,2025-12-21,0,6,6
8978,ramsar,mazandaran,2025-11-22,27620,30244,2624
8978,ramsar,mazandaran,2025-11-23,21358,26478,5120
8978,ramsar,mazandaran,2025-11-24,17625,25119,7494
8978,ramsar,mazandaran,2025-11-25,16311,26012,9701
8978,ramsar,mazandaran,2025-11-26,18292,36555,18263
8978,ramsar,mazandaran,2025-11-27,15982,36320,20338
8978,ramsar,mazandaran,2025-11-28,5878,14059,8181
8978,ramsar,mazandaran,2025-11-29,5734,15026,9292
8978,ramsar,mazandaran,2025-11-30,4756,14012,9256
8978,ramsar,mazandaran,2025-12-01,4478,15007,10529
8978,ramsar,mazandaran,2025-12-02,4208,14812,10604
8978,ramsar,mazandaran,2025-12-03,5132,21443,16311
8978,ramsar,mazandaran,2025-12-04,5297,29167,23870
8978,ramsar,mazandaran,2025-12-05,2274,13106,10832
8978,ramsar,mazandaran,2025-12-06,2385,13389,11004
8978,ramsar,mazandaran,2025-12-07,2173,12975,10802
8978,ramsar,mazandaran,2025-12-08,2044,12247,10203
8978,ramsar,mazandaran,2025-12-09,2089,13232,11143
8978,ramsar,mazandaran,2025-12-10,2606,21954,19348
8978,ramsar,mazandaran,2025-12-11,2681,29261,26580
8978,ramsar,mazandaran,2025-12-12,1361,13561,12200
8978,ramsar,mazandaran,2025-12-13,1170,10456,9286
8978,ramsar,mazandaran,2025-12-14,1142,9891,8749
8978,ramsar,mazandaran,2025-12-15,1146,11648,10502
8978,ramsar,mazandaran,2025-12-16,1265,14041,12776
8978,ramsar,mazandaran,2025-12-17,1582,19880,18298
8978,ramsar,mazandaran,2025-12-18,1868,24847,22979
8978,ramsar,mazandaran,2025-12-19,1076,13130,12054
8978,ramsar,mazandaran,2025-12-20,815,10322,9507
8978,ramsar,mazandaran,2025-12-21,414,7924,7510
6507,rankoh,gilan,2025-11-22,6,6,0
6507,rankoh,gilan,2025-11-23,6,6,0
6507,rankoh,gilan,2025-11-24,3,3,0
6507,rankoh,gilan,2025-11-25,2,3,1
6507,rankoh,gilan,2025-11-26,4,7,3
6507,rankoh,gilan,2025-11-27,4,8,4
6507,rankoh,gilan,2025-11-28,2,3,1
6507,rankoh,gilan,2025-11-29,0,0,0
6507,rankoh,gilan,2025-11-30,1,2,1
6507,rankoh,gilan,2025-12-01,1,2,1
6507,rankoh,gilan,2025-12-02,1,2,1
6507,rankoh,gilan,2025-12-03,3,6,3
6507,rankoh,gilan,2025-12-04,0,5,5
6507,rankoh,gilan,2025-12-05,0,1,1
6507,rankoh,gilan,2025-12-06,3,6,3
6507,rankoh,gilan,2025-12-07,3,5,2
6507,rankoh,gilan,2025-12-08,1,3,2
6507,rankoh,gilan,2025-12-09,2,5,3
6507,rankoh,gilan,2025-12-10,0,2,2
6507,rankoh,gilan,2025-12-11,0,4,4
6507,rankoh,gilan,2025-12-12,0,1,1
6507,rankoh,gilan,2025-12-13,0,2,2
6507,rankoh,gilan,2025-12-14,0,1,1
6507,rankoh,gilan,2025-12-15,0,2,2
6507,rankoh,gilan,2025-12-16,0,2,2
6507,rankoh,gilan,2025-12-17,0,3,3
6507,rankoh,gilan,2025-12-18,0,4,4
6507,rankoh,gilan,2025-12-19,0,2,2
6507,rankoh,gilan,2025-12-20,0,2,2
6507,rankoh,gilan,2025-12-21,0,1,1
7339,rasht,gilan,2025-11-22,28695,31865,3170
7339,rasht,gilan,2025-11-23,22209,28086,5877
7339,rasht,gilan,2025-11-24,17605,25810,8205
7339,rasht,gilan,2025-11-25,16710,26468,9758
7339,rasht,gilan,2025-11-26,21281,42782,21501
7339,rasht,gilan,2025-11-27,19216,42563,23347
7339,rasht,gilan,2025-11-28,6653,15560,8907
7339,rasht,gilan,2025-11-29,5877,14523,8646
7339,rasht,gilan,2025-11-30,5160,13400,8240
7339,rasht,gilan,2025-12-01,4649,14215,9566
7339,rasht,gilan,2025-12-02,5182,17460,12278
7339,rasht,gilan,2025-12-03,8064,34418,26354
7339,rasht,gilan,2025-12-04,8577,40498,31921
7339,rasht,gilan,2025-12-05,3469,17249,13780
7339,rasht,gilan,2025-12-06,2668,15007,12339
7339,rasht,gilan,2025-12-07,2186,12578,10392
7339,rasht,gilan,2025-12-08,2180,12631,10451
7339,rasht,gilan,2025-12-09,2605,17251,14646
7339,rasht,gilan,2025-12-10,3768,27761,23993
7339,rasht,gilan,2025-12-11,3995,38319,34324
7339,rasht,gilan,2025-12-12,1583,14839,13256
7339,rasht,gilan,2025-12-13,1551,12828,11277
7339,rasht,gilan,2025-12-14,1542,11916,10374
7339,rasht,gilan,2025-12-15,1460,13998,12538
7339,rasht,gilan,2025-12-16,1666,16672,15006
7339,rasht,gilan,2025-12-17,2261,24515,22254
7339,rasht,gilan,2025-12-18,2446,29258,26812
7339,rasht,gilan,2025-12-19,1119,13899,12780
7339,rasht,gilan,2025-12-20,876,11106,10230
7339,rasht,gilan,2025-12-21,456,7587,7131
4404,rashtkhar,khorasan_razavi,2025-11-22,0,0,0
4404,rashtkhar,khorasan_razavi,2025-11-23,0,0,0
4404,rashtkhar,khorasan_razavi,2025-11-24,0,0,0
4404,rashtkhar,khorasan_razavi,2025-11-25,0,0,0
4404,rashtkhar,khorasan_razavi,2025-11-26,0,0,0
4404,rashtkhar,khorasan_razavi,2025-11-27,0,0,0
4404,rashtkhar,khorasan_razavi,2025-11-28,0,0,0
4404,rashtkhar,khorasan_razavi,2025-11-29,0,0,0
4404,rashtkhar,khorasan_razavi,2025-11-30,0,0,0
4404,rashtkhar,khorasan_razavi,2025-12-01,0,0,0
4404,rashtkhar,khorasan_razavi,2025-12-02,0,0,0
4404,rashtkhar,khorasan_razavi,2025-12-03,0,0,0
4404,rashtkhar,khorasan_razavi,2025-12-04,0,0,0
4404,rashtkhar,khorasan_razavi,2025-12-05,0,0,0
4404,rashtkhar,khorasan_razavi,2025-12-06,0,0,0
4404,rashtkhar,khorasan_razavi,2025-12-07,0,0,0
4404,rashtkhar,khorasan_razavi,2025-12-08,0,0,0
4404,rashtkhar,khorasan_razavi,2025-12-09,0,0,0
4404,rashtkhar,khorasan_razavi,2025-12-10,0,0,0
4404,rashtkhar,khorasan_razavi,2025-12-11,0,0,0
4404,rashtkhar,khorasan_razavi,2025-12-12,0,0,0
4404,rashtkhar,khorasan_razavi,2025-12-13,0,0,0
4404,rashtkhar,khorasan_razavi,2025-12-14,0,0,0
4404,rashtkhar,khorasan_razavi,2025-12-15,0,0,0
4404,rashtkhar,khorasan_razavi,2025-12-16,0,0,0
4404,rashtkhar,khorasan_razavi,2025-12-17,0,0,0
4404,rashtkhar,khorasan_razavi,2025-12-18,0,0,0
4404,rashtkhar,khorasan_razavi,2025-12-19,0,0,0
4404,rashtkhar,khorasan_razavi,2025-12-20,0,0,0
4404,rashtkhar,khorasan_razavi,2025-12-21,0,0,0
1265,rey,tehran,2025-11-22,35,43,8
1265,rey,tehran,2025-11-23,29,43,14
1265,rey,tehran,2025-11-24,23,44,21
1265,rey,tehran,2025-11-25,23,48,25
1265,rey,tehran,2025-11-26,17,48,31
1265,rey,tehran,2025-11-27,23,58,35
1265,rey,tehran,2025-11-28,5,19,14
1265,rey,tehran,2025-11-29,7,34,27
1265,rey,tehran,2025-11-30,14,46,32
1265,rey,tehran,2025-12-01,17,52,35
1265,rey,tehran,2025-12-02,26,57,31
1265,rey,tehran,2025-12-03,27,61,34
1265,rey,tehran,2025-12-04,28,85,57
1265,rey,tehran,2025-12-05,23,48,25
1265,rey,tehran,2025-12-06,11,53,42
1265,rey,tehran,2025-12-07,8,44,36
1265,rey,tehran,2025-12-08,11,49,38
1265,rey,tehran,2025-12-09,19,58,39
1265,rey,tehran,2025-12-10,20,59,39
1265,rey,tehran,2025-12-11,16,61,45
1265,rey,tehran,2025-12-12,14,37,23
1265,rey,tehran,2025-12-13,14,53,39
1265,rey,tehran,2025-12-14,14,47,33
1265,rey,tehran,2025-12-15,9,52,43
1265,rey,tehran,2025-12-16,9,54,45
1265,rey,tehran,2025-12-17,9,51,42
1265,rey,tehran,2025-12-18,9,53,44
1265,rey,tehran,2025-12-19,9,36,27
1265,rey,tehran,2025-12-20,9,49,40
1265,rey,tehran,2025-12-21,9,42,33
1011,reyneh,mazandaran,2025-11-22,121,139,18
1011,reyneh,mazandaran,2025-11-23,129,181,52
1011,reyneh,mazandaran,2025-11-24,77,135,58
1011,reyneh,mazandaran,2025-11-25,61,130,69
1011,reyneh,mazandaran,2025-11-26,51,149,98
1011,reyneh,mazandaran,2025-11-27,120,459,339
1011,reyneh,mazandaran,2025-11-28,32,150,118
1011,reyneh,mazandaran,2025-11-29,23,97,74
1011,reyneh,mazandaran,2025-11-30,19,104,85
1011,reyneh,mazandaran,2025-12-01,28,143,115
1011,reyneh,mazandaran,2025-12-02,12,98,86
1011,reyneh,mazandaran,2025-12-03,29,216,187
1011,reyneh,mazandaran,2025-12-04,38,547,509
1011,reyneh,mazandaran,2025-12-05,6,145,139
1011,reyneh,mazandaran,2025-12-06,0,107,107
1011,reyneh,mazandaran,2025-12-07,0,108,108
1011,reyneh,mazandaran,2025-12-08,6,133,127
1011,reyneh,mazandaran,2025-12-09,4,128,124
1011,reyneh,mazandaran,2025-12-10,4,188,184
1011,reyneh,mazandaran,2025-12-11,12,623,611
1011,reyneh,mazandaran,2025-12-12,11,229,218
1011,reyneh,mazandaran,2025-12-13,3,148,145
1011,reyneh,mazandaran,2025-12-14,1,116,115
1011,reyneh,mazandaran,2025-12-15,3,160,157
1011,reyneh,mazandaran,2025-12-16,2,175,173
1011,reyneh,mazandaran,2025-12-17,5,251,246
1011,reyneh,mazandaran,2025-12-18,13,622,609
1011,reyneh,mazandaran,2025-12-19,0,187,187
1011,reyneh,mazandaran,2025-12-20,3,156,153
1011,reyneh,mazandaran,2025-12-21,0,102,102
8789,rezvan_shahr,isfahan,2025-11-22,0,0,0
8789,rezvan_shahr,isfahan,2025-11-23,0,0,0
8789,rezvan_shahr,isfahan,2025-11-24,0,0,0
8789,rezvan_shahr,isfahan,2025-11-25,0,1,1
8789,rezvan_shahr,isfahan,2025-11-26,0,1,1
8789,rezvan_shahr,isfahan,2025-11-27,0,1,1
8789,rezvan_shahr,isfahan,2025-11-28,0,1,1
8789,rezvan_shahr,isfahan,2025-11-29,0,1,1
8789,rezvan_shahr,isfahan,2025-11-30,0,1,1
8789,rezvan_shahr,isfahan,2025-12-01,0,1,1
8789,rezvan_shahr,isfahan,2025-12-02,0,1,1
8789,rezvan_shahr,isfahan,2025-12-03,0,2,2
8789,rezvan_shahr,isfahan,2025-12-04,0,3,3
8789,rezvan_shahr,isfahan,2025-12-05,0,1,1
8789,rezvan_shahr,isfahan,2025-12-06,0,2,2
8789,rezvan_shahr,isfahan,2025-12-07,0,2,2
8789,rezvan_shahr,isfahan,2025-12-08,0,2,2
8789,rezvan_shahr,isfahan,2025-12-09,0,2,2
8789,rezvan_shahr,isfahan,2025-12-10,0,2,2
8789,rezvan_shahr,isfahan,2025-12-11,0,3,3
8789,rezvan_shahr,isfahan,2025-12-12,0,2,2
8789,rezvan_shahr,isfahan,2025-12-13,0,2,2
8789,rezvan_shahr,isfahan,2025-12-14,0,1,1
8789,rezvan_shahr,isfahan,2025-12-15,0,2,2
8789,rezvan_shahr,isfahan,2025-12-16,0,2,2
8789,rezvan_shahr,isfahan,2025-12-17,0,2,2
8789,rezvan_shahr,isfahan,2025-12-18,0,3,3
8789,rezvan_shahr,isfahan,2025-12-19,0,2,2
8789,rezvan_shahr,isfahan,2025-12-20,0,2,2
8789,rezvan_shahr,isfahan,2025-12-21,0,1,1
7651,rezvanshahr,gilan,2025-11-22,349,396,47
7651,rezvanshahr,gilan,2025-11-23,215,282,67
7651,rezvanshahr,gilan,2025-11-24,258,359,101
7651,rezvanshahr,gilan,2025-11-25,234,382,148
7651,rezvanshahr,gilan,2025-11-26,180,399,219
7651,rezvanshahr,gilan,2025-11-27,116,356,240
7651,rezvanshahr,gilan,2025-11-28,97,217,120
7651,rezvanshahr,gilan,2025-11-29,101,207,106
7651,rezvanshahr,gilan,2025-11-30,70,156,86
7651,rezvanshahr,gilan,2025-12-01,58,140,82
7651,rezvanshahr,gilan,2025-12-02,47,150,103
7651,rezvanshahr,gilan,2025-12-03,32,195,163
7651,rezvanshahr,gilan,2025-12-04,40,409,369
7651,rezvanshahr,gilan,2025-12-05,21,119,98
7651,rezvanshahr,gilan,2025-12-06,21,118,97
7651,rezvanshahr,gilan,2025-12-07,17,118,101
7651,rezvanshahr,gilan,2025-12-08,27,110,83
7651,rezvanshahr,gilan,2025-12-09,8,121,113
7651,rezvanshahr,gilan,2025-12-10,11,155,144
7651,rezvanshahr,gilan,2025-12-11,18,327,309
7651,rezvanshahr,gilan,2025-12-12,11,116,105
7651,rezvanshahr,gilan,2025-12-13,3,84,81
7651,rezvanshahr,gilan,2025-12-14,13,91,78
7651,rezvanshahr,gilan,2025-12-15,23,143,120
7651,rezvanshahr,gilan,2025-12-16,29,148,119
7651,rezvanshahr,gilan,2025-12-17,24,220,196
7651,rezvanshahr,gilan,2025-12-18,15,281,266
7651,rezvanshahr,gilan,2025-12-19,6,108,102
7651,rezvanshahr,gilan,2025-12-20,1,76,75
7651,rezvanshahr,gilan,2025-12-21,1,53,52
1402,rivash,khorasan_razavi,2025-11-22,0,0,0
1402,rivash,khorasan_razavi,2025-11-23,0,0,0
1402,rivash,khorasan_razavi,2025-11-24,0,0,0
1402,rivash,khorasan_razavi,2025-11-25,0,0,0
1402,rivash,khorasan_razavi,2025-11-26,0,0,0
1402,rivash,khorasan_razavi,2025-11-27,1,1,0
1402,rivash,khorasan_razavi,2025-11-28,0,0,0
1402,rivash,khorasan_razavi,2025-11-29,0,0,0
1402,rivash,khorasan_razavi,2025-11-30,0,0,0
1402,rivash,khorasan_razavi,2025-12-01,0,0,0
1402,rivash,khorasan_razavi,2025-12-02,0,0,0
1402,rivash,khorasan_razavi,2025-12-03,0,0,0
1402,rivash,khorasan_razavi,2025-12-04,0,0,0
1402,rivash,khorasan_razavi,2025-12-05,0,0,0
1402,rivash,khorasan_razavi,2025-12-06,0,0,0
1402,rivash,khorasan_razavi,2025-12-07,0,0,0
1402,rivash,khorasan_razavi,2025-12-08,0,0,0
1402,rivash,khorasan_razavi,2025-12-09,0,0,0
1402,rivash,khorasan_razavi,2025-12-10,0,0,0
1402,rivash,khorasan_razavi,2025-12-11,0,0,0
1402,rivash,khorasan_razavi,2025-12-12,0,0,0
1402,rivash,khorasan_razavi,2025-12-13,0,0,0
1402,rivash,khorasan_razavi,2025-12-14,0,0,0
1402,rivash,khorasan_razavi,2025-12-15,0,0,0
1402,rivash,khorasan_razavi,2025-12-16,0,0,0
1402,rivash,khorasan_razavi,2025-12-17,0,0,0
1402,rivash,khorasan_razavi,2025-12-18,0,0,0
1402,rivash,khorasan_razavi,2025-12-19,0,0,0
1402,rivash,khorasan_razavi,2025-12-20,0,0,0
1402,rivash,khorasan_razavi,2025-12-21,0,0,0
1224,robatkarim,tehran,2025-11-22,17,22,5
1224,robatkarim,tehran,2025-11-23,11,20,9
1224,robatkarim,tehran,2025-11-24,8,19,11
1224,robatkarim,tehran,2025-11-25,2,12,10
1224,robatkarim,tehran,2025-11-26,11,27,16
1224,robatkarim,tehran,2025-11-27,15,42,27
1224,robatkarim,tehran,2025-11-28,5,21,16
1224,robatkarim,tehran,2025-11-29,2,20,18
1224,robatkarim,tehran,2025-11-30,2,23,21
1224,robatkarim,tehran,2025-12-01,4,25,21
1224,robatkarim,tehran,2025-12-02,9,28,19
1224,robatkarim,tehran,2025-12-03,12,31,19
1224,robatkarim,tehran,2025-12-04,9,49,40
1224,robatkarim,tehran,2025-12-05,8,30,22
1224,robatkarim,tehran,2025-12-06,2,25,23
1224,robatkarim,tehran,2025-12-07,4,28,24
1224,robatkarim,tehran,2025-12-08,2,27,25
1224,robatkarim,tehran,2025-12-09,3,27,24
1224,robatkarim,tehran,2025-12-10,2,29,27
1224,robatkarim,tehran,2025-12-11,8,61,53
1224,robatkarim,tehran,2025-12-12,3,27,24
1224,robatkarim,tehran,2025-12-13,3,28,25
1224,robatkarim,tehran,2025-12-14,4,27,23
1224,robatkarim,tehran,2025-12-15,5,32,27
1224,robatkarim,tehran,2025-12-16,2,31,29
1224,robatkarim,tehran,2025-12-17,2,33,31
1224,robatkarim,tehran,2025-12-18,5,53,48
1224,robatkarim,tehran,2025-12-19,2,32,30
1224,robatkarim,tehran,2025-12-20,2,30,28
1224,robatkarim,tehran,2025-12-21,2,23,21
6473,robatsang,khorasan_razavi,2025-11-22,0,0,0
6473,robatsang,khorasan_razavi,2025-11-23,0,0,0
6473,robatsang,khorasan_razavi,2025-11-24,0,0,0
6473,robatsang,khorasan_razavi,2025-11-25,0,0,0
6473,robatsang,khorasan_razavi,2025-11-26,0,0,0
6473,robatsang,khorasan_razavi,2025-11-27,0,0,0
6473,robatsang,khorasan_razavi,2025-11-28,0,0,0
6473,robatsang,khorasan_razavi,2025-11-29,0,0,0
6473,robatsang,khorasan_razavi,2025-11-30,0,0,0
6473,robatsang,khorasan_razavi,2025-12-01,0,0,0
6473,robatsang,khorasan_razavi,2025-12-02,0,0,0
6473,robatsang,khorasan_razavi,2025-12-03,0,0,0
6473,robatsang,khorasan_razavi,2025-12-04,0,0,0
6473,robatsang,khorasan_razavi,2025-12-05,0,0,0
6473,robatsang,khorasan_razavi,2025-12-06,0,0,0
6473,robatsang,khorasan_razavi,2025-12-07,0,0,0
6473,robatsang,khorasan_razavi,2025-12-08,0,0,0
6473,robatsang,khorasan_razavi,2025-12-09,0,0,0
6473,robatsang,khorasan_razavi,2025-12-10,0,0,0
6473,robatsang,khorasan_razavi,2025-12-11,0,0,0
6473,robatsang,khorasan_razavi,2025-12-12,0,0,0
6473,robatsang,khorasan_razavi,2025-12-13,0,0,0
6473,robatsang,khorasan_razavi,2025-12-14,0,0,0
6473,robatsang,khorasan_razavi,2025-12-15,0,0,0
6473,robatsang,khorasan_razavi,2025-12-16,0,0,0
6473,robatsang,khorasan_razavi,2025-12-17,0,0,0
6473,robatsang,khorasan_razavi,2025-12-18,0,0,0
6473,robatsang,khorasan_razavi,2025-12-19,0,0,0
6473,robatsang,khorasan_razavi,2025-12-20,0,0,0
6473,robatsang,khorasan_razavi,2025-12-21,0,0,0
6613,rodboneh,gilan,2025-11-22,5,5,0
6613,rodboneh,gilan,2025-11-23,3,4,1
6613,rodboneh,gilan,2025-11-24,1,2,1
6613,rodboneh,gilan,2025-11-25,1,3,2
6613,rodboneh,gilan,2025-11-26,1,6,5
6613,rodboneh,gilan,2025-11-27,1,7,6
6613,rodboneh,gilan,2025-11-28,0,2,2
6613,rodboneh,gilan,2025-11-29,0,2,2
6613,rodboneh,gilan,2025-11-30,0,2,2
6613,rodboneh,gilan,2025-12-01,0,2,2
6613,rodboneh,gilan,2025-12-02,0,3,3
6613,rodboneh,gilan,2025-12-03,8,13,5
6613,rodboneh,gilan,2025-12-04,10,22,12
6613,rodboneh,gilan,2025-12-05,8,13,5
6613,rodboneh,gilan,2025-12-06,0,4,4
6613,rodboneh,gilan,2025-12-07,0,3,3
6613,rodboneh,gilan,2025-12-08,0,3,3
6613,rodboneh,gilan,2025-12-09,1,4,3
6613,rodboneh,gilan,2025-12-10,0,5,5
6613,rodboneh,gilan,2025-12-11,0,10,10
6613,rodboneh,gilan,2025-12-12,0,3,3
6613,rodboneh,gilan,2025-12-13,0,3,3
6613,rodboneh,gilan,2025-12-14,0,2,2
6613,rodboneh,gilan,2025-12-15,0,3,3
6613,rodboneh,gilan,2025-12-16,0,3,3
6613,rodboneh,gilan,2025-12-17,0,4,4
6613,rodboneh,gilan,2025-12-18,1,10,9
6613,rodboneh,gilan,2025-12-19,0,4,4
6613,rodboneh,gilan,2025-12-20,0,3,3
6613,rodboneh,gilan,2025-12-21,0,2,2
6782,rostamabad,gilan,2025-11-22,91,104,13
6782,rostamabad,gilan,2025-11-23,91,117,26
6782,rostamabad,gilan,2025-11-24,82,112,30
6782,rostamabad,gilan,2025-11-25,36,63,27
6782,rostamabad,gilan,2025-11-26,29,85,56
6782,rostamabad,gilan,2025-11-27,42,157,115
6782,rostamabad,gilan,2025-11-28,11,41,30
6782,rostamabad,gilan,2025-11-29,14,40,26
6782,rostamabad,gilan,2025-11-30,13,39,26
6782,rostamabad,gilan,2025-12-01,11,40,29
6782,rostamabad,gilan,2025-12-02,11,47,36
6782,rostamabad,gilan,2025-12-03,17,91,74
6782,rostamabad,gilan,2025-12-04,26,273,247
6782,rostamabad,gilan,2025-12-05,4,56,52
6782,rostamabad,gilan,2025-12-06,7,45,38
6782,rostamabad,gilan,2025-12-07,1,33,32
6782,rostamabad,gilan,2025-12-08,1,31,30
6782,rostamabad,gilan,2025-12-09,1,32,31
6782,rostamabad,gilan,2025-12-10,5,73,68
6782,rostamabad,gilan,2025-12-11,7,212,205
6782,rostamabad,gilan,2025-12-12,4,64,60
6782,rostamabad,gilan,2025-12-13,4,40,36
6782,rostamabad,gilan,2025-12-14,1,30,29
6782,rostamabad,gilan,2025-12-15,4,40,36
6782,rostamabad,gilan,2025-12-16,4,42,38
6782,rostamabad,gilan,2025-12-17,1,64,63
6782,rostamabad,gilan,2025-12-18,10,173,163
6782,rostamabad,gilan,2025-12-19,1,54,53
6782,rostamabad,gilan,2025-12-20,1,33,32
6782,rostamabad,gilan,2025-12-21,0,22,22
9508,rostamkola,mazandaran,2025-11-22,8,8,0
9508,rostamkola,mazandaran,2025-11-23,14,16,2
9508,rostamkola,mazandaran,2025-11-24,3,4,1
9508,rostamkola,mazandaran,2025-11-25,4,6,2
9508,rostamkola,mazandaran,2025-11-26,11,15,4
9508,rostamkola,mazandaran,2025-11-27,7,16,9
9508,rostamkola,mazandaran,2025-11-28,5,7,2
9508,rostamkola,mazandaran,2025-11-29,7,9,2
9508,rostamkola,mazandaran,2025-11-30,4,6,2
9508,rostamkola,mazandaran,2025-12-01,3,5,2
9508,rostamkola,mazandaran,2025-12-02,3,6,3
9508,rostamkola,mazandaran,2025-12-03,3,7,4
9508,rostamkola,mazandaran,2025-12-04,7,16,9
9508,rostamkola,mazandaran,2025-12-05,3,6,3
9508,rostamkola,mazandaran,2025-12-06,0,4,4
9508,rostamkola,mazandaran,2025-12-07,0,3,3
9508,rostamkola,mazandaran,2025-12-08,2,6,4
9508,rostamkola,mazandaran,2025-12-09,0,3,3
9508,rostamkola,mazandaran,2025-12-10,0,4,4
9508,rostamkola,mazandaran,2025-12-11,0,12,12
9508,rostamkola,mazandaran,2025-12-12,0,3,3
9508,rostamkola,mazandaran,2025-12-13,0,3,3
9508,rostamkola,mazandaran,2025-12-14,1,5,4
9508,rostamkola,mazandaran,2025-12-15,1,5,4
9508,rostamkola,mazandaran,2025-12-16,0,4,4
9508,rostamkola,mazandaran,2025-12-17,0,5,5
9508,rostamkola,mazandaran,2025-12-18,0,10,10
9508,rostamkola,mazandaran,2025-12-19,0,4,4
9508,rostamkola,mazandaran,2025-12-20,0,3,3
9508,rostamkola,mazandaran,2025-12-21,0,2,2
4756,royan,mazandaran,2025-11-22,690,797,107
4756,royan,mazandaran,2025-11-23,537,759,222
4756,royan,mazandaran,2025-11-24,377,599,222
4756,royan,mazandaran,2025-11-25,385,716,331
4756,royan,mazandaran,2025-11-26,419,995,576
4756,royan,mazandaran,2025-11-27,425,1201,776
4756,royan,mazandaran,2025-11-28,172,519,347
4756,royan,mazandaran,2025-11-29,162,449,287
4756,royan,mazandaran,2025-11-30,140,478,338
4756,royan,mazandaran,2025-12-01,106,439,333
4756,royan,mazandaran,2025-12-02,100,459,359
4756,royan,mazandaran,2025-12-03,144,793,649
4756,royan,mazandaran,2025-12-04,187,1579,1392
4756,royan,mazandaran,2025-12-05,105,632,527
4756,royan,mazandaran,2025-12-06,103,502,399
4756,royan,mazandaran,2025-12-07,69,413,344
4756,royan,mazandaran,2025-12-08,63,411,348
4756,royan,mazandaran,2025-12-09,49,480,431
4756,royan,mazandaran,2025-12-10,46,681,635
4756,royan,mazandaran,2025-12-11,54,1316,1262
4756,royan,mazandaran,2025-12-12,23,542,519
4756,royan,mazandaran,2025-12-13,14,363,349
4756,royan,mazandaran,2025-12-14,17,344,327
4756,royan,mazandaran,2025-12-15,13,407,394
4756,royan,mazandaran,2025-12-16,18,531,513
4756,royan,mazandaran,2025-12-17,46,667,621
4756,royan,mazandaran,2025-12-18,23,864,841
4756,royan,mazandaran,2025-12-19,15,517,502
4756,royan,mazandaran,2025-12-20,17,352,335
4756,royan,mazandaran,2025-12-21,8,269,261
9951,rudbar,gilan,2025-11-22,314,386,72
9951,rudbar,gilan,2025-11-23,283,411,128
9951,rudbar,gilan,2025-11-24,231,384,153
9951,rudbar,gilan,2025-11-25,212,419,207
9951,rudbar,gilan,2025-11-26,216,599,383
9951,rudbar,gilan,2025-11-27,231,830,599
9951,rudbar,gilan,2025-11-28,47,221,174
9951,rudbar,gilan,2025-11-29,68,221,153
9951,rudbar,gilan,2025-11-30,56,215,159
9951,rudbar,gilan,2025-12-01,29,162,133
9951,rudbar,gilan,2025-12-02,42,231,189
9951,rudbar,gilan,2025-12-03,38,361,323
9951,rudbar,gilan,2025-12-04,53,835,782
9951,rudbar,gilan,2025-12-05,22,310,288
9951,rudbar,gilan,2025-12-06,39,246,207
9951,rudbar,gilan,2025-12-07,11,189,178
9951,rudbar,gilan,2025-12-08,7,171,164
9951,rudbar,gilan,2025-12-09,8,187,179
9951,rudbar,gilan,2025-12-10,11,296,285
9951,rudbar,gilan,2025-12-11,29,857,828
9951,rudbar,gilan,2025-12-12,20,310,290
9951,rudbar,gilan,2025-12-13,8,193,185
9951,rudbar,gilan,2025-12-14,3,152,149
9951,rudbar,gilan,2025-12-15,3,189,186
9951,rudbar,gilan,2025-12-16,7,236,229
9951,rudbar,gilan,2025-12-17,7,338,331
9951,rudbar,gilan,2025-12-18,21,643,622
9951,rudbar,gilan,2025-12-19,5,281,276
9951,rudbar,gilan,2025-12-20,3,173,170
9951,rudbar,gilan,2025-12-21,1,118,117
3365,rudehen,tehran,2025-11-22,413,503,90
3365,rudehen,tehran,2025-11-23,681,983,302
3365,rudehen,tehran,2025-11-24,434,732,298
3365,rudehen,tehran,2025-11-25,354,739,385
3365,rudehen,tehran,2025-11-26,433,981,548
3365,rudehen,tehran,2025-11-27,1043,2705,1662
3365,rudehen,tehran,2025-11-28,224,797,573
3365,rudehen,tehran,2025-11-29,111,467,356
3365,rudehen,tehran,2025-11-30,119,540,421
3365,rudehen,tehran,2025-12-01,122,534,412
3365,rudehen,tehran,2025-12-02,101,529,428
3365,rudehen,tehran,2025-12-03,139,827,688
3365,rudehen,tehran,2025-12-04,498,3342,2844
3365,rudehen,tehran,2025-12-05,207,1233,1026
3365,rudehen,tehran,2025-12-06,75,554,479
3365,rudehen,tehran,2025-12-07,38,468,430
3365,rudehen,tehran,2025-12-08,51,548,497
3365,rudehen,tehran,2025-12-09,75,650,575
3365,rudehen,tehran,2025-12-10,58,766,708
3365,rudehen,tehran,2025-12-11,263,3556,3293
3365,rudehen,tehran,2025-12-12,78,1065,987
3365,rudehen,tehran,2025-12-13,43,546,503
3365,rudehen,tehran,2025-12-14,30,543,513
3365,rudehen,tehran,2025-12-15,40,654,614
3365,rudehen,tehran,2025-12-16,55,735,680
3365,rudehen,tehran,2025-12-17,77,973,896
3365,rudehen,tehran,2025-12-18,295,3444,3149
3365,rudehen,tehran,2025-12-19,68,1275,1207
3365,rudehen,tehran,2025-12-20,45,609,564
3365,rudehen,tehran,2025-12-21,50,523,473
8838,rudsar,gilan,2025-11-22,372,435,63
8838,rudsar,gilan,2025-11-23,206,297,91
8838,rudsar,gilan,2025-11-24,278,457,179
8838,rudsar,gilan,2025-11-25,248,464,216
8838,rudsar,gilan,2025-11-26,293,744,451
8838,rudsar,gilan,2025-11-27,287,840,553
8838,rudsar,gilan,2025-11-28,78,269,191
8838,rudsar,gilan,2025-11-29,55,220,165
8838,rudsar,gilan,2025-11-30,54,206,152
8838,rudsar,gilan,2025-12-01,42,227,185
8838,rudsar,gilan,2025-12-02,39,251,212
8838,rudsar,gilan,2025-12-03,54,467,413
8838,rudsar,gilan,2025-12-04,73,807,734
8838,rudsar,gilan,2025-12-05,49,331,282
8838,rudsar,gilan,2025-12-06,96,356,260
8838,rudsar,gilan,2025-12-07,95,318,223
8838,rudsar,gilan,2025-12-08,68,252,184
8838,rudsar,gilan,2025-12-09,95,370,275
8838,rudsar,gilan,2025-12-10,37,357,320
8838,rudsar,gilan,2025-12-11,69,860,791
8838,rudsar,gilan,2025-12-12,22,294,272
8838,rudsar,gilan,2025-12-13,18,223,205
8838,rudsar,gilan,2025-12-14,17,190,173
8838,rudsar,gilan,2025-12-15,27,258,231
8838,rudsar,gilan,2025-12-16,12,276,264
8838,rudsar,gilan,2025-12-17,17,420,403
8838,rudsar,gilan,2025-12-18,42,632,590
8838,rudsar,gilan,2025-12-19,16,308,292
8838,rudsar,gilan,2025-12-20,16,216,200
8838,rudsar,gilan,2025-12-21,12,158,146
6563,sabashahr,tehran,2025-11-22,8,8,0
6563,sabashahr,tehran,2025-11-23,6,7,1
6563,sabashahr,tehran,2025-11-24,6,7,1
6563,sabashahr,tehran,2025-11-25,2,3,1
6563,sabashahr,tehran,2025-11-26,4,7,3
6563,sabashahr,tehran,2025-11-27,4,8,4
6563,sabashahr,tehran,2025-11-28,2,3,1
6563,sabashahr,tehran,2025-11-29,2,3,1
6563,sabashahr,tehran,2025-11-30,2,4,2
6563,sabashahr,tehran,2025-12-01,2,4,2
6563,sabashahr,tehran,2025-12-02,2,4,2
6563,sabashahr,tehran,2025-12-03,2,5,3
6563,sabashahr,tehran,2025-12-04,3,9,6
6563,sabashahr,tehran,2025-12-05,4,7,3
6563,sabashahr,tehran,2025-12-06,2,4,2
6563,sabashahr,tehran,2025-12-07,2,5,3
6563,sabashahr,tehran,2025-12-08,2,4,2
6563,sabashahr,tehran,2025-12-09,2,5,3
6563,sabashahr,tehran,2025-12-10,2,5,3
6563,sabashahr,tehran,2025-12-11,3,11,8
6563,sabashahr,tehran,2025-12-12,2,5,3
6563,sabashahr,tehran,2025-12-13,2,4,2
6563,sabashahr,tehran,2025-12-14,2,4,2
6563,sabashahr,tehran,2025-12-15,2,5,3
6563,sabashahr,tehran,2025-12-16,2,5,3
6563,sabashahr,tehran,2025-12-17,2,5,3
6563,sabashahr,tehran,2025-12-18,2,8,6
6563,sabashahr,tehran,2025-12-19,2,5,3
6563,sabashahr,tehran,2025-12-20,2,5,3
6563,sabashahr,tehran,2025-12-21,0,2,2
9150,sabzevar,khorasan_razavi,2025-11-22,56,74,18
9150,sabzevar,khorasan_razavi,2025-11-23,44,72,28
9150,sabzevar,khorasan_razavi,2025-11-24,41,72,31
9150,sabzevar,khorasan_razavi,2025-11-25,45,86,41
9150,sabzevar,khorasan_razavi,2025-11-26,33,87,54
9150,sabzevar,khorasan_razavi,2025-11-27,42,104,62
9150,sabzevar,khorasan_razavi,2025-11-28,34,67,33
9150,sabzevar,khorasan_razavi,2025-11-29,9,45,36
9150,sabzevar,khorasan_razavi,2025-11-30,21,66,45
9150,sabzevar,khorasan_razavi,2025-12-01,15,61,46
9150,sabzevar,khorasan_razavi,2025-12-02,13,64,51
9150,sabzevar,khorasan_razavi,2025-12-03,12,72,60
9150,sabzevar,khorasan_razavi,2025-12-04,10,89,79
9150,sabzevar,khorasan_razavi,2025-12-05,6,54,48
9150,sabzevar,khorasan_razavi,2025-12-06,5,62,57
9150,sabzevar,khorasan_razavi,2025-12-07,5,59,54
9150,sabzevar,khorasan_razavi,2025-12-08,5,59,54
9150,sabzevar,khorasan_razavi,2025-12-09,7,62,55
9150,sabzevar,khorasan_razavi,2025-12-10,7,67,60
9150,sabzevar,khorasan_razavi,2025-12-11,12,107,95
9150,sabzevar,khorasan_razavi,2025-12-12,8,66,58
9150,sabzevar,khorasan_razavi,2025-12-13,5,61,56
9150,sabzevar,khorasan_razavi,2025-12-14,5,64,59
9150,sabzevar,khorasan_razavi,2025-12-15,6,80,74
9150,sabzevar,khorasan_razavi,2025-12-16,4,74,70
9150,sabzevar,khorasan_razavi,2025-12-17,4,91,87
9150,sabzevar,khorasan_razavi,2025-12-18,5,97,92
9150,sabzevar,khorasan_razavi,2025-12-19,2,73,71
9150,sabzevar,khorasan_razavi,2025-12-20,2,64,62
9150,sabzevar,khorasan_razavi,2025-12-21,1,52,51
1120,safadasht,tehran,2025-11-22,16,19,3
1120,safadasht,tehran,2025-11-23,16,22,6
1120,safadasht,tehran,2025-11-24,8,15,7
1120,safadasht,tehran,2025-11-25,5,13,8
1120,safadasht,tehran,2025-11-26,8,19,11
1120,safadasht,tehran,2025-11-27,32,77,45
1120,safadasht,tehran,2025-11-28,7,19,12
1120,safadasht,tehran,2025-11-29,0,10,10
1120,safadasht,tehran,2025-11-30,4,15,11
1120,safadasht,tehran,2025-12-01,2,16,14
1120,safadasht,tehran,2025-12-02,8,20,12
1120,safadasht,tehran,2025-12-03,0,15,15
1120,safadasht,tehran,2025-12-04,6,68,62
1120,safadasht,tehran,2025-12-05,5,25,20
1120,safadasht,tehran,2025-12-06,0,16,16
1120,safadasht,tehran,2025-12-07,0,15,15
1120,safadasht,tehran,2025-12-08,0,16,16
1120,safadasht,tehran,2025-12-09,1,18,17
1120,safadasht,tehran,2025-12-10,0,20,20
1120,safadasht,tehran,2025-12-11,0,63,63
1120,safadasht,tehran,2025-12-12,0,23,23
1120,safadasht,tehran,2025-12-13,0,17,17
1120,safadasht,tehran,2025-12-14,0,15,15
1120,safadasht,tehran,2025-12-15,0,20,20
1120,safadasht,tehran,2025-12-16,0,22,22
1120,safadasht,tehran,2025-12-17,0,22,22
1120,safadasht,tehran,2025-12-18,0,53,53
1120,safadasht,tehran,2025-12-19,2,27,25
1120,safadasht,tehran,2025-12-20,0,18,18
1120,safadasht,tehran,2025-12-21,1,14,13
9308,salehabad_khzr,khorasan_razavi,2025-11-22,0,0,0
9308,salehabad_khzr,khorasan_razavi,2025-11-23,0,0,0
9308,salehabad_khzr,khorasan_razavi,2025-11-24,0,0,0
9308,salehabad_khzr,khorasan_razavi,2025-11-25,0,0,0
9308,salehabad_khzr,khorasan_razavi,2025-11-26,0,0,0
9308,salehabad_khzr,khorasan_razavi,2025-11-27,0,0,0
9308,salehabad_khzr,khorasan_razavi,2025-11-28,0,0,0
9308,salehabad_khzr,khorasan_razavi,2025-11-29,0,0,0
9308,salehabad_khzr,khorasan_razavi,2025-11-30,0,0,0
9308,salehabad_khzr,khorasan_razavi,2025-12-01,0,0,0
9308,salehabad_khzr,khorasan_razavi,2025-12-02,0,0,0
9308,salehabad_khzr,khorasan_razavi,2025-12-03,0,0,0
9308,salehabad_khzr,khorasan_razavi,2025-12-04,0,0,0
9308,salehabad_khzr,khorasan_razavi,2025-12-05,0,0,0
9308,salehabad_khzr,khorasan_razavi,2025-12-06,0,0,0
9308,salehabad_khzr,khorasan_razavi,2025-12-07,0,0,0
9308,salehabad_khzr,khorasan_razavi,2025-12-08,0,0,0
9308,salehabad_khzr,khorasan_razavi,2025-12-09,0,0,0
9308,salehabad_khzr,khorasan_razavi,2025-12-10,0,0,0
9308,salehabad_khzr,khorasan_razavi,2025-12-11,0,0,0
9308,salehabad_khzr,khorasan_razavi,2025-12-12,0,0,0
9308,salehabad_khzr,khorasan_razavi,2025-12-13,0,0,0
9308,salehabad_khzr,khorasan_razavi,2025-12-14,0,0,0
9308,salehabad_khzr,khorasan_razavi,2025-12-15,0,0,0
9308,salehabad_khzr,khorasan_razavi,2025-12-16,0,0,0
9308,salehabad_khzr,khorasan_razavi,2025-12-17,0,0,0
9308,salehabad_khzr,khorasan_razavi,2025-12-18,0,0,0
9308,salehabad_khzr,khorasan_razavi,2025-12-19,0,0,0
9308,salehabad_khzr,khorasan_razavi,2025-12-20,0,0,0
9308,salehabad_khzr,khorasan_razavi,2025-12-21,0,0,0
8234,salehabad_teh,tehran,2025-11-22,0,0,0
8234,salehabad_teh,tehran,2025-11-23,0,0,0
8234,salehabad_teh,tehran,2025-11-24,1,1,0
8234,salehabad_teh,tehran,2025-11-25,0,0,0
8234,salehabad_teh,tehran,2025-11-26,0,0,0
8234,salehabad_teh,tehran,2025-11-27,0,0,0
8234,salehabad_teh,tehran,2025-11-28,0,0,0
8234,salehabad_teh,tehran,2025-11-29,0,0,0
8234,salehabad_teh,tehran,2025-11-30,0,0,0
8234,salehabad_teh,tehran,2025-12-01,0,0,0
8234,salehabad_teh,tehran,2025-12-02,0,0,0
8234,salehabad_teh,tehran,2025-12-03,0,0,0
8234,salehabad_teh,tehran,2025-12-04,0,0,0
8234,salehabad_teh,tehran,2025-12-05,0,0,0
8234,salehabad_teh,tehran,2025-12-06,0,0,0
8234,salehabad_teh,tehran,2025-12-07,0,0,0
8234,salehabad_teh,tehran,2025-12-08,0,0,0
8234,salehabad_teh,tehran,2025-12-09,0,0,0
8234,salehabad_teh,tehran,2025-12-10,0,0,0
8234,salehabad_teh,tehran,2025-12-11,0,0,0
8234,salehabad_teh,tehran,2025-12-12,0,0,0
8234,salehabad_teh,tehran,2025-12-13,0,0,0
8234,salehabad_teh,tehran,2025-12-14,0,0,0
8234,salehabad_teh,tehran,2025-12-15,0,0,0
8234,salehabad_teh,tehran,2025-12-16,0,0,0
8234,salehabad_teh,tehran,2025-12-17,0,0,0
8234,salehabad_teh,tehran,2025-12-18,0,0,0
8234,salehabad_teh,tehran,2025-12-19,0,0,0
8234,salehabad_teh,tehran,2025-12-20,0,0,0
8234,salehabad_teh,tehran,2025-12-21,0,0,0
4161,sangar,gilan,2025-11-22,123,146,23
4161,sangar,gilan,2025-11-23,70,108,38
4161,sangar,gilan,2025-11-24,61,111,50
4161,sangar,gilan,2025-11-25,80,151,71
4161,sangar,gilan,2025-11-26,131,280,149
4161,sangar,gilan,2025-11-27,113,291,178
4161,sangar,gilan,2025-11-28,17,72,55
4161,sangar,gilan,2025-11-29,16,66,50
4161,sangar,gilan,2025-11-30,34,79,45
4161,sangar,gilan,2025-12-01,29,80,51
4161,sangar,gilan,2025-12-02,25,82,57
4161,sangar,gilan,2025-12-03,6,109,103
4161,sangar,gilan,2025-12-04,3,166,163
4161,sangar,gilan,2025-12-05,4,96,92
4161,sangar,gilan,2025-12-06,11,86,75
4161,sangar,gilan,2025-12-07,11,79,68
4161,sangar,gilan,2025-12-08,11,74,63
4161,sangar,gilan,2025-12-09,0,74,74
4161,sangar,gilan,2025-12-10,4,118,114
4161,sangar,gilan,2025-12-11,14,276,262
4161,sangar,gilan,2025-12-12,12,103,91
4161,sangar,gilan,2025-12-13,11,85,74
4161,sangar,gilan,2025-12-14,1,66,65
4161,sangar,gilan,2025-12-15,3,84,81
4161,sangar,gilan,2025-12-16,18,118,100
4161,sangar,gilan,2025-12-17,5,140,135
4161,sangar,gilan,2025-12-18,3,180,177
4161,sangar,gilan,2025-12-19,2,99,97
4161,sangar,gilan,2025-12-20,7,75,68
4161,sangar,gilan,2025-12-21,6,57,51
2424,sarakhs,khorasan_razavi,2025-11-22,0,0,0
2424,sarakhs,khorasan_razavi,2025-11-23,0,0,0
2424,sarakhs,khorasan_razavi,2025-11-24,0,0,0
2424,sarakhs,khorasan_razavi,2025-11-25,0,0,0
2424,sarakhs,khorasan_razavi,2025-11-26,0,0,0
2424,sarakhs,khorasan_razavi,2025-11-27,0,0,0
2424,sarakhs,khorasan_razavi,2025-11-28,0,0,0
2424,sarakhs,khorasan_razavi,2025-11-29,0,0,0
2424,sarakhs,khorasan_razavi,2025-11-30,0,0,0
2424,sarakhs,khorasan_razavi,2025-12-01,0,0,0
2424,sarakhs,khorasan_razavi,2025-12-02,0,0,0
2424,sarakhs,khorasan_razavi,2025-12-03,0,0,0
2424,sarakhs,khorasan_razavi,2025-12-04,0,0,0
2424,sarakhs,khorasan_razavi,2025-12-05,0,0,0
2424,sarakhs,khorasan_razavi,2025-12-06,0,0,0
2424,sarakhs,khorasan_razavi,2025-12-07,0,0,0
2424,sarakhs,khorasan_razavi,2025-12-08,0,0,0
2424,sarakhs,khorasan_razavi,2025-12-09,0,0,0
2424,sarakhs,khorasan_razavi,2025-12-10,0,0,0
2424,sarakhs,khorasan_razavi,2025-12-11,0,0,0
2424,sarakhs,khorasan_razavi,2025-12-12,0,0,0
2424,sarakhs,khorasan_razavi,2025-12-13,0,0,0
2424,sarakhs,khorasan_razavi,2025-12-14,0,0,0
2424,sarakhs,khorasan_razavi,2025-12-15,0,0,0
2424,sarakhs,khorasan_razavi,2025-12-16,0,0,0
2424,sarakhs,khorasan_razavi,2025-12-17,0,0,0
2424,sarakhs,khorasan_razavi,2025-12-18,0,0,0
2424,sarakhs,khorasan_razavi,2025-12-19,0,0,0
2424,sarakhs,khorasan_razavi,2025-12-20,0,0,0
2424,sarakhs,khorasan_razavi,2025-12-21,0,0,0
6397,sardasht_hormozgan,hormozgan,2025-11-22,0,0,0
6397,sardasht_hormozgan,hormozgan,2025-11-23,0,0,0
6397,sardasht_hormozgan,hormozgan,2025-11-24,0,0,0
6397,sardasht_hormozgan,hormozgan,2025-11-25,0,0,0
6397,sardasht_hormozgan,hormozgan,2025-11-26,0,0,0
6397,sardasht_hormozgan,hormozgan,2025-11-27,0,0,0
6397,sardasht_hormozgan,hormozgan,2025-11-28,0,0,0
6397,sardasht_hormozgan,hormozgan,2025-11-29,0,0,0
6397,sardasht_hormozgan,hormozgan,2025-11-30,0,0,0
6397,sardasht_hormozgan,hormozgan,2025-12-01,0,0,0
6397,sardasht_hormozgan,hormozgan,2025-12-02,0,0,0
6397,sardasht_hormozgan,hormozgan,2025-12-03,0,0,0
6397,sardasht_hormozgan,hormozgan,2025-12-04,0,0,0
6397,sardasht_hormozgan,hormozgan,2025-12-05,0,0,0
6397,sardasht_hormozgan,hormozgan,2025-12-06,0,1,1
6397,sardasht_hormozgan,hormozgan,2025-12-07,0,1,1
6397,sardasht_hormozgan,hormozgan,2025-12-08,0,1,1
6397,sardasht_hormozgan,hormozgan,2025-12-09,0,1,1
6397,sardasht_hormozgan,hormozgan,2025-12-10,0,1,1
6397,sardasht_hormozgan,hormozgan,2025-12-11,0,1,1
6397,sardasht_hormozgan,hormozgan,2025-12-12,0,1,1
6397,sardasht_hormozgan,hormozgan,2025-12-13,0,1,1
6397,sardasht_hormozgan,hormozgan,2025-12-14,0,0,0
6397,sardasht_hormozgan,hormozgan,2025-12-15,0,1,1
6397,sardasht_hormozgan,hormozgan,2025-12-16,0,1,1
6397,sardasht_hormozgan,hormozgan,2025-12-17,0,1,1
6397,sardasht_hormozgan,hormozgan,2025-12-18,0,1,1
6397,sardasht_hormozgan,hormozgan,2025-12-19,0,1,1
6397,sardasht_hormozgan,hormozgan,2025-12-20,0,1,1
6397,sardasht_hormozgan,hormozgan,2025-12-21,0,0,0
6738,sargaz,hormozgan,2025-11-22,0,0,0
6738,sargaz,hormozgan,2025-11-23,0,0,0
6738,sargaz,hormozgan,2025-11-24,0,0,0
6738,sargaz,hormozgan,2025-11-25,0,0,0
6738,sargaz,hormozgan,2025-11-26,0,0,0
6738,sargaz,hormozgan,2025-11-27,0,0,0
6738,sargaz,hormozgan,2025-11-28,0,0,0
6738,sargaz,hormozgan,2025-11-29,0,0,0
6738,sargaz,hormozgan,2025-11-30,0,0,0
6738,sargaz,hormozgan,2025-12-01,0,0,0
6738,sargaz,hormozgan,2025-12-02,0,0,0
6738,sargaz,hormozgan,2025-12-03,0,0,0
6738,sargaz,hormozgan,2025-12-04,0,0,0
6738,sargaz,hormozgan,2025-12-05,0,0,0
6738,sargaz,hormozgan,2025-12-06,0,0,0
6738,sargaz,hormozgan,2025-12-07,0,0,0
6738,sargaz,hormozgan,2025-12-08,0,0,0
6738,sargaz,hormozgan,2025-12-09,0,0,0
6738,sargaz,hormozgan,2025-12-10,0,0,0
6738,sargaz,hormozgan,2025-12-11,0,0,0
6738,sargaz,hormozgan,2025-12-12,0,0,0
6738,sargaz,hormozgan,2025-12-13,0,0,0
6738,sargaz,hormozgan,2025-12-14,0,0,0
6738,sargaz,hormozgan,2025-12-15,0,0,0
6738,sargaz,hormozgan,2025-12-16,0,0,0
6738,sargaz,hormozgan,2025-12-17,0,0,0
6738,sargaz,hormozgan,2025-12-18,0,0,0
6738,sargaz,hormozgan,2025-12-19,0,0,0
6738,sargaz,hormozgan,2025-12-20,0,0,0
6738,sargaz,hormozgan,2025-12-21,0,0,0
6886,sari,mazandaran,2025-11-22,2620,3077,457
6886,sari,mazandaran,2025-11-23,2158,3002,844
6886,sari,mazandaran,2025-11-24,1829,2802,973
6886,sari,mazandaran,2025-11-25,1397,2465,1068
6886,sari,mazandaran,2025-11-26,1510,3354,1844
6886,sari,mazandaran,2025-11-27,1482,3858,2376
6886,sari,mazandaran,2025-11-28,532,1533,1001
6886,sari,mazandaran,2025-11-29,497,1495,998
6886,sari,mazandaran,2025-11-30,512,1724,1212
6886,sari,mazandaran,2025-12-01,605,2006,1401
6886,sari,mazandaran,2025-12-02,545,1985,1440
6886,sari,mazandaran,2025-12-03,714,3066,2352
6886,sari,mazandaran,2025-12-04,759,4838,4079
6886,sari,mazandaran,2025-12-05,340,2123,1783
6886,sari,mazandaran,2025-12-06,360,1991,1631
6886,sari,mazandaran,2025-12-07,267,1725,1458
6886,sari,mazandaran,2025-12-08,295,1743,1448
6886,sari,mazandaran,2025-12-09,273,1821,1548
6886,sari,mazandaran,2025-12-10,388,2633,2245
6886,sari,mazandaran,2025-12-11,517,5148,4631
6886,sari,mazandaran,2025-12-12,200,1966,1766
6886,sari,mazandaran,2025-12-13,184,1643,1459
6886,sari,mazandaran,2025-12-14,136,1360,1224
6886,sari,mazandaran,2025-12-15,129,1644,1515
6886,sari,mazandaran,2025-12-16,189,2148,1959
6886,sari,mazandaran,2025-12-17,175,2718,2543
6886,sari,mazandaran,2025-12-18,199,3635,3436
6886,sari,mazandaran,2025-12-19,91,1837,1746
6886,sari,mazandaran,2025-12-20,98,1675,1577
6886,sari,mazandaran,2025-12-21,48,1197,1149
4324,savadkuh,mazandaran,2025-11-22,4618,4893,275
4324,savadkuh,mazandaran,2025-11-23,4002,4744,742
4324,savadkuh,mazandaran,2025-11-24,2712,3631,919
4324,savadkuh,mazandaran,2025-11-25,2438,3684,1246
4324,savadkuh,mazandaran,2025-11-26,3023,6194,3171
4324,savadkuh,mazandaran,2025-11-27,3553,9613,6060
4324,savadkuh,mazandaran,2025-11-28,982,2645,1663
4324,savadkuh,mazandaran,2025-11-29,923,2259,1336
4324,savadkuh,mazandaran,2025-11-30,702,1972,1270
4324,savadkuh,mazandaran,2025-12-01,633,2041,1408
4324,savadkuh,mazandaran,2025-12-02,636,2205,1569
4324,savadkuh,mazandaran,2025-12-03,882,4595,3713
4324,savadkuh,mazandaran,2025-12-04,1137,9659,8522
4324,savadkuh,mazandaran,2025-12-05,299,2326,2027
4324,savadkuh,mazandaran,2025-12-06,233,1599,1366
4324,savadkuh,mazandaran,2025-12-07,207,1495,1288
4324,savadkuh,mazandaran,2025-12-08,239,1581,1342
4324,savadkuh,mazandaran,2025-12-09,239,1840,1601
4324,savadkuh,mazandaran,2025-12-10,361,3625,3264
4324,savadkuh,mazandaran,2025-12-11,477,9108,8631
4324,savadkuh,mazandaran,2025-12-12,176,2826,2650
4324,savadkuh,mazandaran,2025-12-13,136,1556,1420
4324,savadkuh,mazandaran,2025-12-14,110,1298,1188
4324,savadkuh,mazandaran,2025-12-15,93,1473,1380
4324,savadkuh,mazandaran,2025-12-16,144,2145,2001
4324,savadkuh,mazandaran,2025-12-17,185,3705,3520
4324,savadkuh,mazandaran,2025-12-18,231,5792,5561
4324,savadkuh,mazandaran,2025-12-19,110,2702,2592
4324,savadkuh,mazandaran,2025-12-20,155,1956,1801
4324,savadkuh,mazandaran,2025-12-21,97,1319,1222
5383,sedehlenjan,isfahan,2025-11-22,0,0,0
5383,sedehlenjan,isfahan,2025-11-23,0,0,0
5383,sedehlenjan,isfahan,2025-11-24,0,0,0
5383,sedehlenjan,isfahan,2025-11-25,0,0,0
5383,sedehlenjan,isfahan,2025-11-26,0,0,0
5383,sedehlenjan,isfahan,2025-11-27,0,0,0
5383,sedehlenjan,isfahan,2025-11-28,0,0,0
5383,sedehlenjan,isfahan,2025-11-29,0,0,0
5383,sedehlenjan,isfahan,2025-11-30,0,0,0
5383,sedehlenjan,isfahan,2025-12-01,0,0,0
5383,sedehlenjan,isfahan,2025-12-02,0,0,0
5383,sedehlenjan,isfahan,2025-12-03,0,0,0
5383,sedehlenjan,isfahan,2025-12-04,0,0,0
5383,sedehlenjan,isfahan,2025-12-05,0,0,0
5383,sedehlenjan,isfahan,2025-12-06,0,0,0
5383,sedehlenjan,isfahan,2025-12-07,0,0,0
5383,sedehlenjan,isfahan,2025-12-08,0,0,0
5383,sedehlenjan,isfahan,2025-12-09,0,0,0
5383,sedehlenjan,isfahan,2025-12-10,0,0,0
5383,sedehlenjan,isfahan,2025-12-11,0,0,0
5383,sedehlenjan,isfahan,2025-12-12,0,0,0
5383,sedehlenjan,isfahan,2025-12-13,0,0,0
5383,sedehlenjan,isfahan,2025-12-14,0,0,0
5383,sedehlenjan,isfahan,2025-12-15,0,0,0
5383,sedehlenjan,isfahan,2025-12-16,0,0,0
5383,sedehlenjan,isfahan,2025-12-17,0,0,0
5383,sedehlenjan,isfahan,2025-12-18,0,0,0
5383,sedehlenjan,isfahan,2025-12-19,0,0,0
5383,sedehlenjan,isfahan,2025-12-20,0,0,0
5383,sedehlenjan,isfahan,2025-12-21,0,0,0
8592,segzi,isfahan,2025-11-22,0,0,0
8592,segzi,isfahan,2025-11-23,0,0,0
8592,segzi,isfahan,2025-11-24,0,0,0
8592,segzi,isfahan,2025-11-25,0,0,0
8592,segzi,isfahan,2025-11-26,0,0,0
8592,segzi,isfahan,2025-11-27,0,0,0
8592,segzi,isfahan,2025-11-28,0,0,0
8592,segzi,isfahan,2025-11-29,0,0,0
8592,segzi,isfahan,2025-11-30,0,0,0
8592,segzi,isfahan,2025-12-01,0,0,0
8592,segzi,isfahan,2025-12-02,0,0,0
8592,segzi,isfahan,2025-12-03,0,0,0
8592,segzi,isfahan,2025-12-04,0,0,0
8592,segzi,isfahan,2025-12-05,0,0,0
8592,segzi,isfahan,2025-12-06,0,0,0
8592,segzi,isfahan,2025-12-07,0,0,0
8592,segzi,isfahan,2025-12-08,0,0,0
8592,segzi,isfahan,2025-12-09,0,0,0
8592,segzi,isfahan,2025-12-10,0,0,0
8592,segzi,isfahan,2025-12-11,0,0,0
8592,segzi,isfahan,2025-12-12,0,0,0
8592,segzi,isfahan,2025-12-13,0,0,0
8592,segzi,isfahan,2025-12-14,0,0,0
8592,segzi,isfahan,2025-12-15,0,0,0
8592,segzi,isfahan,2025-12-16,0,0,0
8592,segzi,isfahan,2025-12-17,0,0,0
8592,segzi,isfahan,2025-12-18,0,0,0
8592,segzi,isfahan,2025-12-19,0,0,0
8592,segzi,isfahan,2025-12-20,0,0,0
8592,segzi,isfahan,2025-12-21,0,0,0
6720,semirom,isfahan,2025-11-22,15,17,2
6720,semirom,isfahan,2025-11-23,34,44,10
6720,semirom,isfahan,2025-11-24,16,24,8
6720,semirom,isfahan,2025-11-25,6,14,8
6720,semirom,isfahan,2025-11-26,18,37,19
6720,semirom,isfahan,2025-11-27,53,145,92
6720,semirom,isfahan,2025-11-28,14,23,9
6720,semirom,isfahan,2025-11-29,4,13,9
6720,semirom,isfahan,2025-11-30,2,14,12
6720,semirom,isfahan,2025-12-01,5,17,12
6720,semirom,isfahan,2025-12-02,7,21,14
6720,semirom,isfahan,2025-12-03,6,30,24
6720,semirom,isfahan,2025-12-04,8,120,112
6720,semirom,isfahan,2025-12-05,3,17,14
6720,semirom,isfahan,2025-12-06,3,23,20
6720,semirom,isfahan,2025-12-07,3,19,16
6720,semirom,isfahan,2025-12-08,6,22,16
6720,semirom,isfahan,2025-12-09,2,19,17
6720,semirom,isfahan,2025-12-10,2,35,33
6720,semirom,isfahan,2025-12-11,3,102,99
6720,semirom,isfahan,2025-12-12,0,16,16
6720,semirom,isfahan,2025-12-13,0,18,18
6720,semirom,isfahan,2025-12-14,0,17,17
6720,semirom,isfahan,2025-12-15,3,22,19
6720,semirom,isfahan,2025-12-16,0,23,23
6720,semirom,isfahan,2025-12-17,1,39,38
6720,semirom,isfahan,2025-12-18,2,80,78
6720,semirom,isfahan,2025-12-19,0,22,22
6720,semirom,isfahan,2025-12-20,0,20,20
6720,semirom,isfahan,2025-12-21,0,13,13
7562,shaft,gilan,2025-11-22,632,690,58
7562,shaft,gilan,2025-11-23,429,530,101
7562,shaft,gilan,2025-11-24,351,510,159
7562,shaft,gilan,2025-11-25,385,602,217
7562,shaft,gilan,2025-11-26,451,890,439
7562,shaft,gilan,2025-11-27,382,912,530
7562,shaft,gilan,2025-11-28,177,396,219
7562,shaft,gilan,2025-11-29,176,373,197
7562,shaft,gilan,2025-11-30,135,326,191
7562,shaft,gilan,2025-12-01,126,318,192
7562,shaft,gilan,2025-12-02,107,333,226
7562,shaft,gilan,2025-12-03,114,511,397
7562,shaft,gilan,2025-12-04,158,1116,958
7562,shaft,gilan,2025-12-05,88,411,323
7562,shaft,gilan,2025-12-06,82,352,270
7562,shaft,gilan,2025-12-07,74,276,202
7562,shaft,gilan,2025-12-08,96,339,243
7562,shaft,gilan,2025-12-09,64,294,230
7562,shaft,gilan,2025-12-10,74,447,373
7562,shaft,gilan,2025-12-11,91,946,855
7562,shaft,gilan,2025-12-12,31,313,282
7562,shaft,gilan,2025-12-13,23,239,216
7562,shaft,gilan,2025-12-14,21,214,193
7562,shaft,gilan,2025-12-15,29,263,234
7562,shaft,gilan,2025-12-16,23,287,264
7562,shaft,gilan,2025-12-17,38,374,336
7562,shaft,gilan,2025-12-18,65,679,614
7562,shaft,gilan,2025-12-19,29,331,302
7562,shaft,gilan,2025-12-20,22,228,206
7562,shaft,gilan,2025-12-21,11,165,154
4125,shahedshahr,tehran,2025-11-22,3,3,0
4125,shahedshahr,tehran,2025-11-23,1,1,0
4125,shahedshahr,tehran,2025-11-24,0,0,0
4125,shahedshahr,tehran,2025-11-25,0,0,0
4125,shahedshahr,tehran,2025-11-26,0,1,1
4125,shahedshahr,tehran,2025-11-27,0,2,2
4125,shahedshahr,tehran,2025-11-28,0,1,1
4125,shahedshahr,tehran,2025-11-29,0,1,1
4125,shahedshahr,tehran,2025-11-30,0,1,1
4125,shahedshahr,tehran,2025-12-01,0,1,1
4125,shahedshahr,tehran,2025-12-02,0,1,1
4125,shahedshahr,tehran,2025-12-03,0,1,1
4125,shahedshahr,tehran,2025-12-04,3,8,5
4125,shahedshahr,tehran,2025-12-05,1,2,1
4125,shahedshahr,tehran,2025-12-06,0,2,2
4125,shahedshahr,tehran,2025-12-07,0,2,2
4125,shahedshahr,tehran,2025-12-08,0,2,2
4125,shahedshahr,tehran,2025-12-09,0,2,2
4125,shahedshahr,tehran,2025-12-10,0,2,2
4125,shahedshahr,tehran,2025-12-11,8,16,8
4125,shahedshahr,tehran,2025-12-12,0,1,1
4125,shahedshahr,tehran,2025-12-13,0,1,1
4125,shahedshahr,tehran,2025-12-14,0,1,1
4125,shahedshahr,tehran,2025-12-15,0,2,2
4125,shahedshahr,tehran,2025-12-16,0,2,2
4125,shahedshahr,tehran,2025-12-17,0,2,2
4125,shahedshahr,tehran,2025-12-18,0,4,4
4125,shahedshahr,tehran,2025-12-19,0,2,2
4125,shahedshahr,tehran,2025-12-20,0,2,2
4125,shahedshahr,tehran,2025-12-21,0,1,1
5434,shahinshahr,isfahan,2025-11-22,61,74,13
5434,shahinshahr,isfahan,2025-11-23,56,78,22
5434,shahinshahr,isfahan,2025-11-24,32,55,23
5434,shahinshahr,isfahan,2025-11-25,31,58,27
5434,shahinshahr,isfahan,2025-11-26,72,122,50
5434,shahinshahr,isfahan,2025-11-27,77,149,72
5434,shahinshahr,isfahan,2025-11-28,17,43,26
5434,shahinshahr,isfahan,2025-11-29,19,55,36
5434,shahinshahr,isfahan,2025-11-30,15,59,44
5434,shahinshahr,isfahan,2025-12-01,15,61,46
5434,shahinshahr,isfahan,2025-12-02,18,71,53
5434,shahinshahr,isfahan,2025-12-03,19,82,63
5434,shahinshahr,isfahan,2025-12-04,14,107,93
5434,shahinshahr,isfahan,2025-12-05,12,53,41
5434,shahinshahr,isfahan,2025-12-06,9,65,56
5434,shahinshahr,isfahan,2025-12-07,7,65,58
5434,shahinshahr,isfahan,2025-12-08,12,70,58
5434,shahinshahr,isfahan,2025-12-09,10,72,62
5434,shahinshahr,isfahan,2025-12-10,11,75,64
5434,shahinshahr,isfahan,2025-12-11,9,105,96
5434,shahinshahr,isfahan,2025-12-12,9,61,52
5434,shahinshahr,isfahan,2025-12-13,11,68,57
5434,shahinshahr,isfahan,2025-12-14,10,64,54
5434,shahinshahr,isfahan,2025-12-15,9,75,66
5434,shahinshahr,isfahan,2025-12-16,11,85,74
5434,shahinshahr,isfahan,2025-12-17,20,80,60
5434,shahinshahr,isfahan,2025-12-18,25,105,80
5434,shahinshahr,isfahan,2025-12-19,9,72,63
5434,shahinshahr,isfahan,2025-12-20,9,71,62
5434,shahinshahr,isfahan,2025-12-21,7,63,56
7252,shahrak_e_daryakenar,mazandaran,2025-11-22,122,132,10
7252,shahrak_e_daryakenar,mazandaran,2025-11-23,86,107,21
7252,shahrak_e_daryakenar,mazandaran,2025-11-24,67,97,30
7252,shahrak_e_daryakenar,mazandaran,2025-11-25,66,104,38
7252,shahrak_e_daryakenar,mazandaran,2025-11-26,104,179,75
7252,shahrak_e_daryakenar,mazandaran,2025-11-27,92,199,107
7252,shahrak_e_daryakenar,mazandaran,2025-11-28,40,92,52
7252,shahrak_e_daryakenar,mazandaran,2025-11-29,44,91,47
7252,shahrak_e_daryakenar,mazandaran,2025-11-30,37,94,57
7252,shahrak_e_daryakenar,mazandaran,2025-12-01,39,98,59
7252,shahrak_e_daryakenar,mazandaran,2025-12-02,29,91,62
7252,shahrak_e_daryakenar,mazandaran,2025-12-03,38,144,106
7252,shahrak_e_daryakenar,mazandaran,2025-12-04,36,226,190
7252,shahrak_e_daryakenar,mazandaran,2025-12-05,17,91,74
7252,shahrak_e_daryakenar,mazandaran,2025-12-06,28,94,66
7252,shahrak_e_daryakenar,mazandaran,2025-12-07,24,84,60
7252,shahrak_e_daryakenar,mazandaran,2025-12-08,19,79,60
7252,shahrak_e_daryakenar,mazandaran,2025-12-09,21,94,73
7252,shahrak_e_daryakenar,mazandaran,2025-12-10,23,124,101
7252,shahrak_e_daryakenar,mazandaran,2025-12-11,24,219,195
7252,shahrak_e_daryakenar,mazandaran,2025-12-12,14,77,63
7252,shahrak_e_daryakenar,mazandaran,2025-12-13,15,77,62
7252,shahrak_e_daryakenar,mazandaran,2025-12-14,11,67,56
7252,shahrak_e_daryakenar,mazandaran,2025-12-15,10,77,67
7252,shahrak_e_daryakenar,mazandaran,2025-12-16,10,92,82
7252,shahrak_e_daryakenar,mazandaran,2025-12-17,11,133,122
7252,shahrak_e_daryakenar,mazandaran,2025-12-18,15,196,181
7252,shahrak_e_daryakenar,mazandaran,2025-12-19,6,87,81
7252,shahrak_e_daryakenar,mazandaran,2025-12-20,8,73,65
7252,shahrak_e_daryakenar,mazandaran,2025-12-21,0,47,47
1370,shahre_jadide_hashtgerd,alborz,2025-11-22,0,0,0
1370,shahre_jadide_hashtgerd,alborz,2025-11-23,0,0,0
1370,shahre_jadide_hashtgerd,alborz,2025-11-24,0,0,0
1370,shahre_jadide_hashtgerd,alborz,2025-11-25,0,0,0
1370,shahre_jadide_hashtgerd,alborz,2025-11-26,0,0,0
1370,shahre_jadide_hashtgerd,alborz,2025-11-27,0,0,0
1370,shahre_jadide_hashtgerd,alborz,2025-11-28,0,0,0
1370,shahre_jadide_hashtgerd,alborz,2025-11-29,0,0,0
1370,shahre_jadide_hashtgerd,alborz,2025-11-30,0,0,0
1370,shahre_jadide_hashtgerd,alborz,2025-12-01,0,0,0
1370,shahre_jadide_hashtgerd,alborz,2025-12-02,0,0,0
1370,shahre_jadide_hashtgerd,alborz,2025-12-03,0,0,0
1370,shahre_jadide_hashtgerd,alborz,2025-12-04,0,0,0
1370,shahre_jadide_hashtgerd,alborz,2025-12-05,0,0,0
1370,shahre_jadide_hashtgerd,alborz,2025-12-06,0,0,0
1370,shahre_jadide_hashtgerd,alborz,2025-12-07,0,0,0
1370,shahre_jadide_hashtgerd,alborz,2025-12-08,0,0,0
1370,shahre_jadide_hashtgerd,alborz,2025-12-09,0,0,0
1370,shahre_jadide_hashtgerd,alborz,2025-12-10,0,0,0
1370,shahre_jadide_hashtgerd,alborz,2025-12-11,0,0,0
1370,shahre_jadide_hashtgerd,alborz,2025-12-12,0,0,0
1370,shahre_jadide_hashtgerd,alborz,2025-12-13,0,0,0
1370,shahre_jadide_hashtgerd,alborz,2025-12-14,0,0,0
1370,shahre_jadide_hashtgerd,alborz,2025-12-15,0,0,0
1370,shahre_jadide_hashtgerd,alborz,2025-12-16,0,0,0
1370,shahre_jadide_hashtgerd,alborz,2025-12-17,0,0,0
1370,shahre_jadide_hashtgerd,alborz,2025-12-18,0,0,0
1370,shahre_jadide_hashtgerd,alborz,2025-12-19,0,0,0
1370,shahre_jadide_hashtgerd,alborz,2025-12-20,0,0,0
1370,shahre_jadide_hashtgerd,alborz,2025-12-21,0,0,0
6249,shahreza,isfahan,2025-11-22,11,19,8
6249,shahreza,isfahan,2025-11-23,39,56,17
6249,shahreza,isfahan,2025-11-24,8,21,13
6249,shahreza,isfahan,2025-11-25,10,25,15
6249,shahreza,isfahan,2025-11-26,18,40,22
6249,shahreza,isfahan,2025-11-27,18,52,34
6249,shahreza,isfahan,2025-11-28,6,21,15
6249,shahreza,isfahan,2025-11-29,5,25,20
6249,shahreza,isfahan,2025-11-30,11,30,19
6249,shahreza,isfahan,2025-12-01,2,22,20
6249,shahreza,isfahan,2025-12-02,3,24,21
6249,shahreza,isfahan,2025-12-03,6,33,27
6249,shahreza,isfahan,2025-12-04,4,47,43
6249,shahreza,isfahan,2025-12-05,2,24,22
6249,shahreza,isfahan,2025-12-06,2,27,25
6249,shahreza,isfahan,2025-12-07,2,26,24
6249,shahreza,isfahan,2025-12-08,1,24,23
6249,shahreza,isfahan,2025-12-09,1,24,23
6249,shahreza,isfahan,2025-12-10,3,34,31
6249,shahreza,isfahan,2025-12-11,1,43,42
6249,shahreza,isfahan,2025-12-12,1,22,21
6249,shahreza,isfahan,2025-12-13,2,28,26
6249,shahreza,isfahan,2025-12-14,1,24,23
6249,shahreza,isfahan,2025-12-15,1,30,29
6249,shahreza,isfahan,2025-12-16,1,30,29
6249,shahreza,isfahan,2025-12-17,1,34,33
6249,shahreza,isfahan,2025-12-18,2,46,44
6249,shahreza,isfahan,2025-12-19,3,32,29
6249,shahreza,isfahan,2025-12-20,1,27,26
6249,shahreza,isfahan,2025-12-21,1,22,21
2949,shahriar,tehran,2025-11-22,1986,2440,454
2949,shahriar,tehran,2025-11-23,2334,3590,1256
2949,shahriar,tehran,2025-11-24,1592,2862,1270
2949,shahriar,tehran,2025-11-25,983,2116,1133
2949,shahriar,tehran,2025-11-26,1079,2785,1706
2949,shahriar,tehran,2025-11-27,3705,9539,5834
2949,shahriar,tehran,2025-11-28,736,2599,1863
2949,shahriar,tehran,2025-11-29,451,1748,1297
2949,shahriar,tehran,2025-11-30,319,1585,1266
2949,shahriar,tehran,2025-12-01,461,2283,1822
2949,shahriar,tehran,2025-12-02,469,2521,2052
2949,shahriar,tehran,2025-12-03,435,2506,2071
2949,shahriar,tehran,2025-12-04,1726,10671,8945
2949,shahriar,tehran,2025-12-05,635,4110,3475
2949,shahriar,tehran,2025-12-06,344,2390,2046
2949,shahriar,tehran,2025-12-07,234,1905,1671
2949,shahriar,tehran,2025-12-08,302,2345,2043
2949,shahriar,tehran,2025-12-09,255,2277,2022
2949,shahriar,tehran,2025-12-10,241,2600,2359
2949,shahriar,tehran,2025-12-11,1063,10784,9721
2949,shahriar,tehran,2025-12-12,287,3296,3009
2949,shahriar,tehran,2025-12-13,239,2422,2183
2949,shahriar,tehran,2025-12-14,123,1889,1766
2949,shahriar,tehran,2025-12-15,135,2141,2006
2949,shahriar,tehran,2025-12-16,215,2566,2351
2949,shahriar,tehran,2025-12-17,226,3162,2936
2949,shahriar,tehran,2025-12-18,1046,11852,10806
2949,shahriar,tehran,2025-12-19,238,3772,3534
2949,shahriar,tehran,2025-12-20,171,2665,2494
2949,shahriar,tehran,2025-12-21,443,4264,3821
5720,shandiz,khorasan_razavi,2025-11-22,68,78,10
5720,shandiz,khorasan_razavi,2025-11-23,69,93,24
5720,shandiz,khorasan_razavi,2025-11-24,54,84,30
5720,shandiz,khorasan_razavi,2025-11-25,36,72,36
5720,shandiz,khorasan_razavi,2025-11-26,56,123,67
5720,shandiz,khorasan_razavi,2025-11-27,61,208,147
5720,shandiz,khorasan_razavi,2025-11-28,2,29,27
5720,shandiz,khorasan_razavi,2025-11-29,1,25,24
5720,shandiz,khorasan_razavi,2025-11-30,16,51,35
5720,shandiz,khorasan_razavi,2025-12-01,13,58,45
5720,shandiz,khorasan_razavi,2025-12-02,12,62,50
5720,shandiz,khorasan_razavi,2025-12-03,26,117,91
5720,shandiz,khorasan_razavi,2025-12-04,21,209,188
5720,shandiz,khorasan_razavi,2025-12-05,15,91,76
5720,shandiz,khorasan_razavi,2025-12-06,12,65,53
5720,shandiz,khorasan_razavi,2025-12-07,12,62,50
5720,shandiz,khorasan_razavi,2025-12-08,7,60,53
5720,shandiz,khorasan_razavi,2025-12-09,8,65,57
5720,shandiz,khorasan_razavi,2025-12-10,8,84,76
5720,shandiz,khorasan_razavi,2025-12-11,25,266,241
5720,shandiz,khorasan_razavi,2025-12-12,0,47,47
5720,shandiz,khorasan_razavi,2025-12-13,9,62,53
5720,shandiz,khorasan_razavi,2025-12-14,7,60,53
5720,shandiz,khorasan_razavi,2025-12-15,20,91,71
5720,shandiz,khorasan_razavi,2025-12-16,12,80,68
5720,shandiz,khorasan_razavi,2025-12-17,3,86,83
5720,shandiz,khorasan_razavi,2025-12-18,21,219,198
5720,shandiz,khorasan_razavi,2025-12-19,15,94,79
5720,shandiz,khorasan_razavi,2025-12-20,0,48,48
5720,shandiz,khorasan_razavi,2025-12-21,3,43,40
5171,shapoorabad,isfahan,2025-11-22,0,0,0
5171,shapoorabad,isfahan,2025-11-23,0,0,0
5171,shapoorabad,isfahan,2025-11-24,0,0,0
5171,shapoorabad,isfahan,2025-11-25,0,0,0
5171,shapoorabad,isfahan,2025-11-26,0,0,0
5171,shapoorabad,isfahan,2025-11-27,0,0,0
5171,shapoorabad,isfahan,2025-11-28,0,0,0
5171,shapoorabad,isfahan,2025-11-29,0,0,0
5171,shapoorabad,isfahan,2025-11-30,0,0,0
5171,shapoorabad,isfahan,2025-12-01,0,0,0
5171,shapoorabad,isfahan,2025-12-02,0,0,0
5171,shapoorabad,isfahan,2025-12-03,0,0,0
5171,shapoorabad,isfahan,2025-12-04,0,0,0
5171,shapoorabad,isfahan,2025-12-05,0,0,0
5171,shapoorabad,isfahan,2025-12-06,0,0,0
5171,shapoorabad,isfahan,2025-12-07,0,0,0
5171,shapoorabad,isfahan,2025-12-08,0,0,0
5171,shapoorabad,isfahan,2025-12-09,0,0,0
5171,shapoorabad,isfahan,2025-12-10,0,0,0
5171,shapoorabad,isfahan,2025-12-11,0,0,0
5171,shapoorabad,isfahan,2025-12-12,0,0,0
5171,shapoorabad,isfahan,2025-12-13,0,0,0
5171,shapoorabad,isfahan,2025-12-14,0,0,0
5171,shapoorabad,isfahan,2025-12-15,0,0,0
5171,shapoorabad,isfahan,2025-12-16,0,0,0
5171,shapoorabad,isfahan,2025-12-17,0,0,0
5171,shapoorabad,isfahan,2025-12-18,0,0,0
5171,shapoorabad,isfahan,2025-12-19,0,0,0
5171,shapoorabad,isfahan,2025-12-20,0,0,0
5171,shapoorabad,isfahan,2025-12-21,0,0,0
3617,sharifabad,tehran,2025-11-22,2,2,0
3617,sharifabad,tehran,2025-11-23,2,2,0
3617,sharifabad,tehran,2025-11-24,2,2,0
3617,sharifabad,tehran,2025-11-25,2,3,1
3617,sharifabad,tehran,2025-11-26,2,3,1
3617,sharifabad,tehran,2025-11-27,2,3,1
3617,sharifabad,tehran,2025-11-28,2,3,1
3617,sharifabad,tehran,2025-11-29,2,3,1
3617,sharifabad,tehran,2025-11-30,2,3,1
3617,sharifabad,tehran,2025-12-01,2,3,1
3617,sharifabad,tehran,2025-12-02,2,3,1
3617,sharifabad,tehran,2025-12-03,4,5,1
3617,sharifabad,tehran,2025-12-04,4,8,4
3617,sharifabad,tehran,2025-12-05,2,4,2
3617,sharifabad,tehran,2025-12-06,2,4,2
3617,sharifabad,tehran,2025-12-07,2,4,2
3617,sharifabad,tehran,2025-12-08,2,4,2
3617,sharifabad,tehran,2025-12-09,2,4,2
3617,sharifabad,tehran,2025-12-10,2,4,2
3617,sharifabad,tehran,2025-12-11,2,6,4
3617,sharifabad,tehran,2025-12-12,2,4,2
3617,sharifabad,tehran,2025-12-13,2,4,2
3617,sharifabad,tehran,2025-12-14,2,3,1
3617,sharifabad,tehran,2025-12-15,2,4,2
3617,sharifabad,tehran,2025-12-16,2,4,2
3617,sharifabad,tehran,2025-12-17,2,4,2
3617,sharifabad,tehran,2025-12-18,2,5,3
3617,sharifabad,tehran,2025-12-19,2,4,2
3617,sharifabad,tehran,2025-12-20,2,4,2
3617,sharifabad,tehran,2025-12-21,0,1,1
1996,shelman,gilan,2025-11-22,1,1,0
1996,shelman,gilan,2025-11-23,2,2,0
1996,shelman,gilan,2025-11-24,2,3,1
1996,shelman,gilan,2025-11-25,0,1,1
1996,shelman,gilan,2025-11-26,0,2,2
1996,shelman,gilan,2025-11-27,0,3,3
1996,shelman,gilan,2025-11-28,1,2,1
1996,shelman,gilan,2025-11-29,0,1,1
1996,shelman,gilan,2025-11-30,0,1,1
1996,shelman,gilan,2025-12-01,0,1,1
1996,shelman,gilan,2025-12-02,0,2,2
1996,shelman,gilan,2025-12-03,0,3,3
1996,shelman,gilan,2025-12-04,0,6,6
1996,shelman,gilan,2025-12-05,0,2,2
1996,shelman,gilan,2025-12-06,0,2,2
1996,shelman,gilan,2025-12-07,0,2,2
1996,shelman,gilan,2025-12-08,0,2,2
1996,shelman,gilan,2025-12-09,0,2,2
1996,shelman,gilan,2025-12-10,0,2,2
1996,shelman,gilan,2025-12-11,0,3,3
1996,shelman,gilan,2025-12-12,0,2,2
1996,shelman,gilan,2025-12-13,0,2,2
1996,shelman,gilan,2025-12-14,0,2,2
1996,shelman,gilan,2025-12-15,0,2,2
1996,shelman,gilan,2025-12-16,0,2,2
1996,shelman,gilan,2025-12-17,0,2,2
1996,shelman,gilan,2025-12-18,0,3,3
1996,shelman,gilan,2025-12-19,0,3,3
1996,shelman,gilan,2025-12-20,0,2,2
1996,shelman,gilan,2025-12-21,0,2,2
9077,shemshak,tehran,2025-11-22,78,92,14
9077,shemshak,tehran,2025-11-23,152,208,56
9077,shemshak,tehran,2025-11-24,65,104,39
9077,shemshak,tehran,2025-11-25,34,68,34
9077,shemshak,tehran,2025-11-26,46,122,76
9077,shemshak,tehran,2025-11-27,88,366,278
9077,shemshak,tehran,2025-11-28,21,92,71
9077,shemshak,tehran,2025-11-29,16,59,43
9077,shemshak,tehran,2025-11-30,17,66,49
9077,shemshak,tehran,2025-12-01,21,80,59
9077,shemshak,tehran,2025-12-02,19,81,62
9077,shemshak,tehran,2025-12-03,25,130,105
9077,shemshak,tehran,2025-12-04,43,451,408
9077,shemshak,tehran,2025-12-05,8,108,100
9077,shemshak,tehran,2025-12-06,8,120,112
9077,shemshak,tehran,2025-12-07,11,123,112
9077,shemshak,tehran,2025-12-08,17,126,109
9077,shemshak,tehran,2025-12-09,12,125,113
9077,shemshak,tehran,2025-12-10,12,145,133
9077,shemshak,tehran,2025-12-11,27,678,651
9077,shemshak,tehran,2025-12-12,10,181,171
9077,shemshak,tehran,2025-12-13,10,124,114
9077,shemshak,tehran,2025-12-14,10,118,108
9077,shemshak,tehran,2025-12-15,9,148,139
9077,shemshak,tehran,2025-12-16,9,148,139
9077,shemshak,tehran,2025-12-17,10,205,195
9077,shemshak,tehran,2025-12-18,22,518,496
9077,shemshak,tehran,2025-12-19,7,180,173
9077,shemshak,tehran,2025-12-20,9,129,120
9077,shemshak,tehran,2025-12-21,5,98,93
2951,sheshtamad,khorasan_razavi,2025-11-22,0,0,0
2951,sheshtamad,khorasan_razavi,2025-11-23,0,0,0
2951,sheshtamad,khorasan_razavi,2025-11-24,0,0,0
2951,sheshtamad,khorasan_razavi,2025-11-25,0,0,0
2951,sheshtamad,khorasan_razavi,2025-11-26,0,0,0
2951,sheshtamad,khorasan_razavi,2025-11-27,0,0,0
2951,sheshtamad,khorasan_razavi,2025-11-28,0,0,0
2951,sheshtamad,khorasan_razavi,2025-11-29,0,0,0
2951,sheshtamad,khorasan_razavi,2025-11-30,0,0,0
2951,sheshtamad,khorasan_razavi,2025-12-01,0,0,0
2951,sheshtamad,khorasan_razavi,2025-12-02,0,0,0
2951,sheshtamad,khorasan_razavi,2025-12-03,0,0,0
2951,sheshtamad,khorasan_razavi,2025-12-04,0,0,0
2951,sheshtamad,khorasan_razavi,2025-12-05,0,0,0
2951,sheshtamad,khorasan_razavi,2025-12-06,0,0,0
2951,sheshtamad,khorasan_razavi,2025-12-07,0,0,0
2951,sheshtamad,khorasan_razavi,2025-12-08,0,0,0
2951,sheshtamad,khorasan_razavi,2025-12-09,0,0,0
2951,sheshtamad,khorasan_razavi,2025-12-10,0,0,0
2951,sheshtamad,khorasan_razavi,2025-12-11,0,0,0
2951,sheshtamad,khorasan_razavi,2025-12-12,0,0,0
2951,sheshtamad,khorasan_razavi,2025-12-13,0,0,0
2951,sheshtamad,khorasan_razavi,2025-12-14,0,0,0
2951,sheshtamad,khorasan_razavi,2025-12-15,0,0,0
2951,sheshtamad,khorasan_razavi,2025-12-16,0,0,0
2951,sheshtamad,khorasan_razavi,2025-12-17,0,0,0
2951,sheshtamad,khorasan_razavi,2025-12-18,0,0,0
2951,sheshtamad,khorasan_razavi,2025-12-19,0,0,0
2951,sheshtamad,khorasan_razavi,2025-12-20,0,0,0
2951,sheshtamad,khorasan_razavi,2025-12-21,0,0,0
7274,shirgah,mazandaran,2025-11-22,3670,3961,291
7274,shirgah,mazandaran,2025-11-23,3089,3803,714
7274,shirgah,mazandaran,2025-11-24,2147,2962,815
7274,shirgah,mazandaran,2025-11-25,1781,2824,1043
7274,shirgah,mazandaran,2025-11-26,2836,5505,2669
7274,shirgah,mazandaran,2025-11-27,3340,8172,4832
7274,shirgah,mazandaran,2025-11-28,743,2007,1264
7274,shirgah,mazandaran,2025-11-29,630,1582,952
7274,shirgah,mazandaran,2025-11-30,494,1473,979
7274,shirgah,mazandaran,2025-12-01,593,1789,1196
7274,shirgah,mazandaran,2025-12-02,492,1622,1130
7274,shirgah,mazandaran,2025-12-03,886,3892,3006
7274,shirgah,mazandaran,2025-12-04,1136,7293,6157
7274,shirgah,mazandaran,2025-12-05,400,2393,1993
7274,shirgah,mazandaran,2025-12-06,253,1558,1305
7274,shirgah,mazandaran,2025-12-07,198,1328,1130
7274,shirgah,mazandaran,2025-12-08,260,1506,1246
7274,shirgah,mazandaran,2025-12-09,305,1908,1603
7274,shirgah,mazandaran,2025-12-10,383,3086,2703
7274,shirgah,mazandaran,2025-12-11,469,6928,6459
7274,shirgah,mazandaran,2025-12-12,308,2867,2559
7274,shirgah,mazandaran,2025-12-13,227,1895,1668
7274,shirgah,mazandaran,2025-12-14,182,1491,1309
7274,shirgah,mazandaran,2025-12-15,144,1559,1415
7274,shirgah,mazandaran,2025-12-16,191,1931,1740
7274,shirgah,mazandaran,2025-12-17,331,3708,3377
7274,shirgah,mazandaran,2025-12-18,295,4841,4546
7274,shirgah,mazandaran,2025-12-19,100,1888,1788
7274,shirgah,mazandaran,2025-12-20,151,1954,1803
7274,shirgah,mazandaran,2025-12-21,38,872,834
8837,shiroud,mazandaran,2025-11-22,168,186,18
8837,shiroud,mazandaran,2025-11-23,112,141,29
8837,shiroud,mazandaran,2025-11-24,88,127,39
8837,shiroud,mazandaran,2025-11-25,90,140,50
8837,shiroud,mazandaran,2025-11-26,61,135,74
8837,shiroud,mazandaran,2025-11-27,92,229,137
8837,shiroud,mazandaran,2025-11-28,21,57,36
8837,shiroud,mazandaran,2025-11-29,29,66,37
8837,shiroud,mazandaran,2025-11-30,29,74,45
8837,shiroud,mazandaran,2025-12-01,30,79,49
8837,shiroud,mazandaran,2025-12-02,31,83,52
8837,shiroud,mazandaran,2025-12-03,23,99,76
8837,shiroud,mazandaran,2025-12-04,27,185,158
8837,shiroud,mazandaran,2025-12-05,15,74,59
8837,shiroud,mazandaran,2025-12-06,12,59,47
8837,shiroud,mazandaran,2025-12-07,2,50,48
8837,shiroud,mazandaran,2025-12-08,4,51,47
8837,shiroud,mazandaran,2025-12-09,9,58,49
8837,shiroud,mazandaran,2025-12-10,5,65,60
8837,shiroud,mazandaran,2025-12-11,5,126,121
8837,shiroud,mazandaran,2025-12-12,4,51,47
8837,shiroud,mazandaran,2025-12-13,4,49,45
8837,shiroud,mazandaran,2025-12-14,9,61,52
8837,shiroud,mazandaran,2025-12-15,9,64,55
8837,shiroud,mazandaran,2025-12-16,6,67,61
8837,shiroud,mazandaran,2025-12-17,2,67,65
8837,shiroud,mazandaran,2025-12-18,11,114,103
8837,shiroud,mazandaran,2025-12-19,0,53,53
8837,shiroud,mazandaran,2025-12-20,0,43,43
8837,shiroud,mazandaran,2025-12-21,0,33,33
4235,siahkal,gilan,2025-11-22,489,561,72
4235,siahkal,gilan,2025-11-23,374,500,126
4235,siahkal,gilan,2025-11-24,254,405,151
4235,siahkal,gilan,2025-11-25,201,393,192
4235,siahkal,gilan,2025-11-26,247,645,398
4235,siahkal,gilan,2025-11-27,212,724,512
4235,siahkal,gilan,2025-11-28,102,315,213
4235,siahkal,gilan,2025-11-29,124,315,191
4235,siahkal,gilan,2025-11-30,120,321,201
4235,siahkal,gilan,2025-12-01,101,318,217
4235,siahkal,gilan,2025-12-02,63,320,257
4235,siahkal,gilan,2025-12-03,85,512,427
4235,siahkal,gilan,2025-12-04,99,926,827
4235,siahkal,gilan,2025-12-05,65,384,319
4235,siahkal,gilan,2025-12-06,78,344,266
4235,siahkal,gilan,2025-12-07,57,309,252
4235,siahkal,gilan,2025-12-08,72,292,220
4235,siahkal,gilan,2025-12-09,51,283,232
4235,siahkal,gilan,2025-12-10,45,388,343
4235,siahkal,gilan,2025-12-11,35,818,783
4235,siahkal,gilan,2025-12-12,14,328,314
4235,siahkal,gilan,2025-12-13,13,262,249
4235,siahkal,gilan,2025-12-14,13,220,207
4235,siahkal,gilan,2025-12-15,12,263,251
4235,siahkal,gilan,2025-12-16,18,327,309
4235,siahkal,gilan,2025-12-17,30,390,360
4235,siahkal,gilan,2025-12-18,32,517,485
4235,siahkal,gilan,2025-12-19,5,293,288
4235,siahkal,gilan,2025-12-20,12,259,247
4235,siahkal,gilan,2025-12-21,1,155,154
8682,sirri,hormozgan,2025-11-22,0,0,0
8682,sirri,hormozgan,2025-11-23,0,0,0
8682,sirri,hormozgan,2025-11-24,0,0,0
8682,sirri,hormozgan,2025-11-25,0,0,0
8682,sirri,hormozgan,2025-11-26,0,0,0
8682,sirri,hormozgan,2025-11-27,0,0,0
8682,sirri,hormozgan,2025-11-28,0,0,0
8682,sirri,hormozgan,2025-11-29,0,0,0
8682,sirri,hormozgan,2025-11-30,0,0,0
8682,sirri,hormozgan,2025-12-01,0,0,0
8682,sirri,hormozgan,2025-12-02,0,0,0
8682,sirri,hormozgan,2025-12-03,0,0,0
8682,sirri,hormozgan,2025-12-04,0,0,0
8682,sirri,hormozgan,2025-12-05,0,0,0
8682,sirri,hormozgan,2025-12-06,0,0,0
8682,sirri,hormozgan,2025-12-07,0,0,0
8682,sirri,hormozgan,2025-12-08,0,0,0
8682,sirri,hormozgan,2025-12-09,0,0,0
8682,sirri,hormozgan,2025-12-10,0,0,0
8682,sirri,hormozgan,2025-12-11,0,0,0
8682,sirri,hormozgan,2025-12-12,0,0,0
8682,sirri,hormozgan,2025-12-13,0,0,0
8682,sirri,hormozgan,2025-12-14,0,0,0
8682,sirri,hormozgan,2025-12-15,0,0,0
8682,sirri,hormozgan,2025-12-16,0,0,0
8682,sirri,hormozgan,2025-12-17,0,0,0
8682,sirri,hormozgan,2025-12-18,0,0,0
8682,sirri,hormozgan,2025-12-19,0,0,0
8682,sirri,hormozgan,2025-12-20,0,0,0
8682,sirri,hormozgan,2025-12-21,0,0,0
2337,sooza,hormozgan,2025-11-22,89,94,5
2337,sooza,hormozgan,2025-11-23,87,97,10
2337,sooza,hormozgan,2025-11-24,86,101,15
2337,sooza,hormozgan,2025-11-25,74,93,19
2337,sooza,hormozgan,2025-11-26,73,104,31
2337,sooza,hormozgan,2025-11-27,64,93,29
2337,sooza,hormozgan,2025-11-28,21,32,11
2337,sooza,hormozgan,2025-11-29,17,28,11
2337,sooza,hormozgan,2025-11-30,10,19,9
2337,sooza,hormozgan,2025-12-01,10,19,9
2337,sooza,hormozgan,2025-12-02,14,27,13
2337,sooza,hormozgan,2025-12-03,10,25,15
2337,sooza,hormozgan,2025-12-04,10,33,23
2337,sooza,hormozgan,2025-12-05,7,23,16
2337,sooza,hormozgan,2025-12-06,5,21,16
2337,sooza,hormozgan,2025-12-07,9,27,18
2337,sooza,hormozgan,2025-12-08,6,20,14
2337,sooza,hormozgan,2025-12-09,14,35,21
2337,sooza,hormozgan,2025-12-10,29,66,37
2337,sooza,hormozgan,2025-12-11,22,65,43
2337,sooza,hormozgan,2025-12-12,14,38,24
2337,sooza,hormozgan,2025-12-13,29,68,39
2337,sooza,hormozgan,2025-12-14,42,80,38
2337,sooza,hormozgan,2025-12-15,31,79,48
2337,sooza,hormozgan,2025-12-16,23,68,45
2337,sooza,hormozgan,2025-12-17,11,45,34
2337,sooza,hormozgan,2025-12-18,18,65,47
2337,sooza,hormozgan,2025-12-19,13,48,35
2337,sooza,hormozgan,2025-12-20,12,47,35
2337,sooza,hormozgan,2025-12-21,7,24,17
5163,sorak,mazandaran,2025-11-22,2,2,0
5163,sorak,mazandaran,2025-11-23,0,0,0
5163,sorak,mazandaran,2025-11-24,1,1,0
5163,sorak,mazandaran,2025-11-25,0,0,0
5163,sorak,mazandaran,2025-11-26,0,1,1
5163,sorak,mazandaran,2025-11-27,0,2,2
5163,sorak,mazandaran,2025-11-28,0,0,0
5163,sorak,mazandaran,2025-11-29,0,0,0
5163,sorak,mazandaran,2025-11-30,0,0,0
5163,sorak,mazandaran,2025-12-01,0,0,0
5163,sorak,mazandaran,2025-12-02,0,0,0
5163,sorak,mazandaran,2025-12-03,0,1,1
5163,sorak,mazandaran,2025-12-04,0,2,2
5163,sorak,mazandaran,2025-12-05,0,0,0
5163,sorak,mazandaran,2025-12-06,0,0,0
5163,sorak,mazandaran,2025-12-07,0,0,0
5163,sorak,mazandaran,2025-12-08,0,0,0
5163,sorak,mazandaran,2025-12-09,0,0,0
5163,sorak,mazandaran,2025-12-10,0,0,0
5163,sorak,mazandaran,2025-12-11,0,1,1
5163,sorak,mazandaran,2025-12-12,0,0,0
5163,sorak,mazandaran,2025-12-13,0,0,0
5163,sorak,mazandaran,2025-12-14,0,0,0
5163,sorak,mazandaran,2025-12-15,0,0,0
5163,sorak,mazandaran,2025-12-16,0,0,0
5163,sorak,mazandaran,2025-12-17,0,0,0
5163,sorak,mazandaran,2025-12-18,0,1,1
5163,sorak,mazandaran,2025-12-19,0,0,0
5163,sorak,mazandaran,2025-12-20,0,0,0
5163,sorak,mazandaran,2025-12-21,0,0,0
6248,sorkhrud,mazandaran,2025-11-22,1336,1555,219
6248,sorkhrud,mazandaran,2025-11-23,1085,1472,387
6248,sorkhrud,mazandaran,2025-11-24,808,1273,465
6248,sorkhrud,mazandaran,2025-11-25,787,1440,653
6248,sorkhrud,mazandaran,2025-11-26,1090,2398,1308
6248,sorkhrud,mazandaran,2025-11-27,1309,3465,2156
6248,sorkhrud,mazandaran,2025-11-28,357,1038,681
6248,sorkhrud,mazandaran,2025-11-29,161,763,602
6248,sorkhrud,mazandaran,2025-11-30,206,868,662
6248,sorkhrud,mazandaran,2025-12-01,176,782,606
6248,sorkhrud,mazandaran,2025-12-02,184,911,727
6248,sorkhrud,mazandaran,2025-12-03,258,1548,1290
6248,sorkhrud,mazandaran,2025-12-04,393,3438,3045
6248,sorkhrud,mazandaran,2025-12-05,211,1353,1142
6248,sorkhrud,mazandaran,2025-12-06,173,1173,1000
6248,sorkhrud,mazandaran,2025-12-07,148,984,836
6248,sorkhrud,mazandaran,2025-12-08,110,911,801
6248,sorkhrud,mazandaran,2025-12-09,140,1085,945
6248,sorkhrud,mazandaran,2025-12-10,173,1543,1370
6248,sorkhrud,mazandaran,2025-12-11,274,3572,3298
6248,sorkhrud,mazandaran,2025-12-12,80,1066,986
6248,sorkhrud,mazandaran,2025-12-13,34,937,903
6248,sorkhrud,mazandaran,2025-12-14,75,919,844
6248,sorkhrud,mazandaran,2025-12-15,65,1045,980
6248,sorkhrud,mazandaran,2025-12-16,74,1070,996
6248,sorkhrud,mazandaran,2025-12-17,51,1516,1465
6248,sorkhrud,mazandaran,2025-12-18,94,2280,2186
6248,sorkhrud,mazandaran,2025-12-19,20,1129,1109
6248,sorkhrud,mazandaran,2025-12-20,23,994,971
6248,sorkhrud,mazandaran,2025-12-21,25,664,639
4252,sowmeeh_sara,gilan,2025-11-22,300,334,34
4252,sowmeeh_sara,gilan,2025-11-23,215,274,59
4252,sowmeeh_sara,gilan,2025-11-24,195,275,80
4252,sowmeeh_sara,gilan,2025-11-25,195,309,114
4252,sowmeeh_sara,gilan,2025-11-26,196,392,196
4252,sowmeeh_sara,gilan,2025-11-27,159,388,229
4252,sowmeeh_sara,gilan,2025-11-28,52,140,88
4252,sowmeeh_sara,gilan,2025-11-29,49,139,90
4252,sowmeeh_sara,gilan,2025-11-30,48,137,89
4252,sowmeeh_sara,gilan,2025-12-01,35,123,88
4252,sowmeeh_sara,gilan,2025-12-02,27,126,99
4252,sowmeeh_sara,gilan,2025-12-03,52,239,187
4252,sowmeeh_sara,gilan,2025-12-04,61,417,356
4252,sowmeeh_sara,gilan,2025-12-05,52,191,139
4252,sowmeeh_sara,gilan,2025-12-06,43,156,113
4252,sowmeeh_sara,gilan,2025-12-07,55,163,108
4252,sowmeeh_sara,gilan,2025-12-08,52,141,89
4252,sowmeeh_sara,gilan,2025-12-09,36,142,106
4252,sowmeeh_sara,gilan,2025-12-10,34,205,171
4252,sowmeeh_sara,gilan,2025-12-11,22,405,383
4252,sowmeeh_sara,gilan,2025-12-12,19,143,124
4252,sowmeeh_sara,gilan,2025-12-13,18,121,103
4252,sowmeeh_sara,gilan,2025-12-14,15,106,91
4252,sowmeeh_sara,gilan,2025-12-15,10,127,117
4252,sowmeeh_sara,gilan,2025-12-16,8,142,134
4252,sowmeeh_sara,gilan,2025-12-17,10,194,184
4252,sowmeeh_sara,gilan,2025-12-18,6,229,223
4252,sowmeeh_sara,gilan,2025-12-19,12,133,121
4252,sowmeeh_sara,gilan,2025-12-20,10,104,94
4252,sowmeeh_sara,gilan,2025-12-21,5,74,69
3140,taleqan,alborz,2025-11-22,101,111,10
3140,taleqan,alborz,2025-11-23,116,155,39
3140,taleqan,alborz,2025-11-24,69,107,38
3140,taleqan,alborz,2025-11-25,42,75,33
3140,taleqan,alborz,2025-11-26,60,139,79
3140,taleqan,alborz,2025-11-27,115,392,277
3140,taleqan,alborz,2025-11-28,32,112,80
3140,taleqan,alborz,2025-11-29,5,40,35
3140,taleqan,alborz,2025-11-30,11,56,45
3140,taleqan,alborz,2025-12-01,16,71,55
3140,taleqan,alborz,2025-12-02,15,74,59
3140,taleqan,alborz,2025-12-03,18,114,96
3140,taleqan,alborz,2025-12-04,29,489,460
3140,taleqan,alborz,2025-12-05,13,150,137
3140,taleqan,alborz,2025-12-06,4,83,79
3140,taleqan,alborz,2025-12-07,2,80,78
3140,taleqan,alborz,2025-12-08,6,87,81
3140,taleqan,alborz,2025-12-09,3,93,90
3140,taleqan,alborz,2025-12-10,10,180,170
3140,taleqan,alborz,2025-12-11,13,583,570
3140,taleqan,alborz,2025-12-12,4,142,138
3140,taleqan,alborz,2025-12-13,3,93,90
3140,taleqan,alborz,2025-12-14,3,82,79
3140,taleqan,alborz,2025-12-15,8,114,106
3140,taleqan,alborz,2025-12-16,10,138,128
3140,taleqan,alborz,2025-12-17,12,210,198
3140,taleqan,alborz,2025-12-18,23,562,539
3140,taleqan,alborz,2025-12-19,7,190,183
3140,taleqan,alborz,2025-12-20,9,111,102
3140,taleqan,alborz,2025-12-21,3,82,79
5297,talesh,gilan,2025-11-22,1354,1496,142
5297,talesh,gilan,2025-11-23,961,1195,234
5297,talesh,gilan,2025-11-24,789,1109,320
5297,talesh,gilan,2025-11-25,679,1060,381
5297,talesh,gilan,2025-11-26,660,1225,565
5297,talesh,gilan,2025-11-27,570,1302,732
5297,talesh,gilan,2025-11-28,205,476,271
5297,talesh,gilan,2025-11-29,133,347,214
5297,talesh,gilan,2025-11-30,199,518,319
5297,talesh,gilan,2025-12-01,192,510,318
5297,talesh,gilan,2025-12-02,210,635,425
5297,talesh,gilan,2025-12-03,207,885,678
5297,talesh,gilan,2025-12-04,241,1800,1559
5297,talesh,gilan,2025-12-05,109,531,422
5297,talesh,gilan,2025-12-06,99,505,406
5297,talesh,gilan,2025-12-07,95,531,436
5297,talesh,gilan,2025-12-08,90,475,385
5297,talesh,gilan,2025-12-09,86,544,458
5297,talesh,gilan,2025-12-10,98,743,645
5297,talesh,gilan,2025-12-11,165,1773,1608
5297,talesh,gilan,2025-12-12,104,774,670
5297,talesh,gilan,2025-12-13,81,552,471
5297,talesh,gilan,2025-12-14,71,519,448
5297,talesh,gilan,2025-12-15,36,470,434
5297,talesh,gilan,2025-12-16,28,473,445
5297,talesh,gilan,2025-12-17,49,697,648
5297,talesh,gilan,2025-12-18,54,818,764
5297,talesh,gilan,2025-12-19,16,520,504
5297,talesh,gilan,2025-12-20,51,500,449
5297,talesh,gilan,2025-12-21,36,356,320
5762,taybad,khorasan_razavi,2025-11-22,0,0,0
5762,taybad,khorasan_razavi,2025-11-23,0,0,0
5762,taybad,khorasan_razavi,2025-11-24,0,0,0
5762,taybad,khorasan_razavi,2025-11-25,0,0,0
5762,taybad,khorasan_razavi,2025-11-26,0,0,0
5762,taybad,khorasan_razavi,2025-11-27,0,0,0
5762,taybad,khorasan_razavi,2025-11-28,0,0,0
5762,taybad,khorasan_razavi,2025-11-29,0,0,0
5762,taybad,khorasan_razavi,2025-11-30,0,0,0
5762,taybad,khorasan_razavi,2025-12-01,0,0,0
5762,taybad,khorasan_razavi,2025-12-02,0,0,0
5762,taybad,khorasan_razavi,2025-12-03,0,0,0
5762,taybad,khorasan_razavi,2025-12-04,0,0,0
5762,taybad,khorasan_razavi,2025-12-05,0,0,0
5762,taybad,khorasan_razavi,2025-12-06,0,0,0
5762,taybad,khorasan_razavi,2025-12-07,0,0,0
5762,taybad,khorasan_razavi,2025-12-08,0,0,0
5762,taybad,khorasan_razavi,2025-12-09,0,0,0
5762,taybad,khorasan_razavi,2025-12-10,0,0,0
5762,taybad,khorasan_razavi,2025-12-11,0,0,0
5762,taybad,khorasan_razavi,2025-12-12,0,0,0
5762,taybad,khorasan_razavi,2025-12-13,0,0,0
5762,taybad,khorasan_razavi,2025-12-14,0,0,0
5762,taybad,khorasan_razavi,2025-12-15,0,0,0
5762,taybad,khorasan_razavi,2025-12-16,0,0,0
5762,taybad,khorasan_razavi,2025-12-17,0,0,0
5762,taybad,khorasan_razavi,2025-12-18,0,0,0
5762,taybad,khorasan_razavi,2025-12-19,0,0,0
5762,taybad,khorasan_razavi,2025-12-20,0,0,0
5762,taybad,khorasan_razavi,2025-12-21,0,0,0
1183,tehran,tehran,2025-11-22,31189,37183,5994
1183,tehran,tehran,2025-11-23,26662,37760,11098
1183,tehran,tehran,2025-11-24,23185,37313,14128
1183,tehran,tehran,2025-11-25,21661,35821,14160
1183,tehran,tehran,2025-11-26,20506,42184,21678
1183,tehran,tehran,2025-11-27,21334,49881,28547
1183,tehran,tehran,2025-11-28,12597,29268,16671
1183,tehran,tehran,2025-11-29,11806,32850,21044
1183,tehran,tehran,2025-11-30,11493,32612,21119
1183,tehran,tehran,2025-12-01,10991,34133,23142
1183,tehran,tehran,2025-12-02,10815,34247,23432
1183,tehran,tehran,2025-12-03,11064,41237,30173
1183,tehran,tehran,2025-12-04,12032,56268,44236
1183,tehran,tehran,2025-12-05,8997,40250,31253
1183,tehran,tehran,2025-12-06,8560,37015,28455
1183,tehran,tehran,2025-12-07,8375,35567,27192
1183,tehran,tehran,2025-12-08,8087,38490,30403
1183,tehran,tehran,2025-12-09,8003,38943,30940
1183,tehran,tehran,2025-12-10,8261,46162,37901
1183,tehran,tehran,2025-12-11,8891,53375,44484
1183,tehran,tehran,2025-12-12,6767,37678,30911
1183,tehran,tehran,2025-12-13,6772,37876,31104
1183,tehran,tehran,2025-12-14,6528,36707,30179
1183,tehran,tehran,2025-12-15,6336,37954,31618
1183,tehran,tehran,2025-12-16,6241,37895,31654
1183,tehran,tehran,2025-12-17,6309,42900,36591
1183,tehran,tehran,2025-12-18,6492,53407,46915
1183,tehran,tehran,2025-12-19,5030,35675,30645
1183,tehran,tehran,2025-12-20,5034,35239,30205
1183,tehran,tehran,2025-12-21,2692,29254,26562
4946,tiran,isfahan,2025-11-22,2,2,0
4946,tiran,isfahan,2025-11-23,4,5,1
4946,tiran,isfahan,2025-11-24,2,3,1
4946,tiran,isfahan,2025-11-25,2,3,1
4946,tiran,isfahan,2025-11-26,0,1,1
4946,tiran,isfahan,2025-11-27,0,2,2
4946,tiran,isfahan,2025-11-28,0,1,1
4946,tiran,isfahan,2025-11-29,0,1,1
4946,tiran,isfahan,2025-11-30,2,4,2
4946,tiran,isfahan,2025-12-01,0,2,2
4946,tiran,isfahan,2025-12-02,0,2,2
4946,tiran,isfahan,2025-12-03,0,3,3
4946,tiran,isfahan,2025-12-04,0,6,6
4946,tiran,isfahan,2025-12-05,0,2,2
4946,tiran,isfahan,2025-12-06,0,3,3
4946,tiran,isfahan,2025-12-07,0,3,3
4946,tiran,isfahan,2025-12-08,0,3,3
4946,tiran,isfahan,2025-12-09,0,4,4
4946,tiran,isfahan,2025-12-10,0,4,4
4946,tiran,isfahan,2025-12-11,0,5,5
4946,tiran,isfahan,2025-12-12,0,3,3
4946,tiran,isfahan,2025-12-13,0,3,3
4946,tiran,isfahan,2025-12-14,0,3,3
4946,tiran,isfahan,2025-12-15,0,4,4
4946,tiran,isfahan,2025-12-16,0,4,4
4946,tiran,isfahan,2025-12-17,0,4,4
4946,tiran,isfahan,2025-12-18,0,5,5
4946,tiran,isfahan,2025-12-19,0,4,4
4946,tiran,isfahan,2025-12-20,0,4,4
4946,tiran,isfahan,2025-12-21,0,3,3
3523,tonekabon,mazandaran,2025-11-22,4017,4499,482
3523,tonekabon,mazandaran,2025-11-23,3116,3991,875
3523,tonekabon,mazandaran,2025-11-24,2240,3327,1087
3523,tonekabon,mazandaran,2025-11-25,2107,3454,1347
3523,tonekabon,mazandaran,2025-11-26,2815,5473,2658
3523,tonekabon,mazandaran,2025-11-27,2563,5892,3329
3523,tonekabon,mazandaran,2025-11-28,908,2289,1381
3523,tonekabon,mazandaran,2025-11-29,734,1865,1131
3523,tonekabon,mazandaran,2025-11-30,765,2173,1408
3523,tonekabon,mazandaran,2025-12-01,568,1990,1422
3523,tonekabon,mazandaran,2025-12-02,631,2278,1647
3523,tonekabon,mazandaran,2025-12-03,801,3639,2838
3523,tonekabon,mazandaran,2025-12-04,840,5358,4518
3523,tonekabon,mazandaran,2025-12-05,350,2101,1751
3523,tonekabon,mazandaran,2025-12-06,401,2133,1732
3523,tonekabon,mazandaran,2025-12-07,346,1900,1554
3523,tonekabon,mazandaran,2025-12-08,334,1936,1602
3523,tonekabon,mazandaran,2025-12-09,322,1979,1657
3523,tonekabon,mazandaran,2025-12-10,389,3536,3147
3523,tonekabon,mazandaran,2025-12-11,464,5939,5475
3523,tonekabon,mazandaran,2025-12-12,307,2437,2130
3523,tonekabon,mazandaran,2025-12-13,283,1833,1550
3523,tonekabon,mazandaran,2025-12-14,256,1566,1310
3523,tonekabon,mazandaran,2025-12-15,236,1752,1516
3523,tonekabon,mazandaran,2025-12-16,300,2091,1791
3523,tonekabon,mazandaran,2025-12-17,329,3423,3094
3523,tonekabon,mazandaran,2025-12-18,356,4175,3819
3523,tonekabon,mazandaran,2025-12-19,188,2339,2151
3523,tonekabon,mazandaran,2025-12-20,166,1739,1573
3523,tonekabon,mazandaran,2025-12-21,98,1098,1000
4396,tonkaman,alborz,2025-11-22,0,0,0
4396,tonkaman,alborz,2025-11-23,0,0,0
4396,tonkaman,alborz,2025-11-24,0,0,0
4396,tonkaman,alborz,2025-11-25,0,0,0
4396,tonkaman,alborz,2025-11-26,0,0,0
4396,tonkaman,alborz,2025-11-27,0,0,0
4396,tonkaman,alborz,2025-11-28,0,0,0
4396,tonkaman,alborz,2025-11-29,0,0,0
4396,tonkaman,alborz,2025-11-30,0,0,0
4396,tonkaman,alborz,2025-12-01,0,0,0
4396,tonkaman,alborz,2025-12-02,0,0,0
4396,tonkaman,alborz,2025-12-03,0,0,0
4396,tonkaman,alborz,2025-12-04,0,0,0
4396,tonkaman,alborz,2025-12-05,0,0,0
4396,tonkaman,alborz,2025-12-06,0,0,0
4396,tonkaman,alborz,2025-12-07,0,0,0
4396,tonkaman,alborz,2025-12-08,0,0,0
4396,tonkaman,alborz,2025-12-09,0,0,0
4396,tonkaman,alborz,2025-12-10,0,0,0
4396,tonkaman,alborz,2025-12-11,0,0,0
4396,tonkaman,alborz,2025-12-12,0,0,0
4396,tonkaman,alborz,2025-12-13,0,0,0
4396,tonkaman,alborz,2025-12-14,0,0,0
4396,tonkaman,alborz,2025-12-15,0,0,0
4396,tonkaman,alborz,2025-12-16,0,0,0
4396,tonkaman,alborz,2025-12-17,0,0,0
4396,tonkaman,alborz,2025-12-18,0,0,0
4396,tonkaman,alborz,2025-12-19,0,0,0
4396,tonkaman,alborz,2025-12-20,0,0,0
4396,tonkaman,alborz,2025-12-21,0,0,0
6912,toodeshk,isfahan,2025-11-22,0,0,0
6912,toodeshk,isfahan,2025-11-23,0,0,0
6912,toodeshk,isfahan,2025-11-24,0,0,0
6912,toodeshk,isfahan,2025-11-25,0,0,0
6912,toodeshk,isfahan,2025-11-26,0,0,0
6912,toodeshk,isfahan,2025-11-27,0,0,0
6912,toodeshk,isfahan,2025-11-28,0,0,0
6912,toodeshk,isfahan,2025-11-29,0,0,0
6912,toodeshk,isfahan,2025-11-30,0,0,0
6912,toodeshk,isfahan,2025-12-01,0,0,0
6912,toodeshk,isfahan,2025-12-02,0,0,0
6912,toodeshk,isfahan,2025-12-03,0,0,0
6912,toodeshk,isfahan,2025-12-04,0,0,0
6912,toodeshk,isfahan,2025-12-05,0,0,0
6912,toodeshk,isfahan,2025-12-06,0,0,0
6912,toodeshk,isfahan,2025-12-07,0,0,0
6912,toodeshk,isfahan,2025-12-08,0,0,0
6912,toodeshk,isfahan,2025-12-09,0,0,0
6912,toodeshk,isfahan,2025-12-10,0,0,0
6912,toodeshk,isfahan,2025-12-11,0,0,0
6912,toodeshk,isfahan,2025-12-12,0,0,0
6912,toodeshk,isfahan,2025-12-13,0,0,0
6912,toodeshk,isfahan,2025-12-14,0,0,0
6912,toodeshk,isfahan,2025-12-15,0,0,0
6912,toodeshk,isfahan,2025-12-16,0,0,0
6912,toodeshk,isfahan,2025-12-17,0,0,0
6912,toodeshk,isfahan,2025-12-18,0,0,0
6912,toodeshk,isfahan,2025-12-19,0,0,0
6912,toodeshk,isfahan,2025-12-20,0,0,0
6912,toodeshk,isfahan,2025-12-21,0,0,0
6862,tootekabon,gilan,2025-11-22,51,60,9
6862,tootekabon,gilan,2025-11-23,37,49,12
6862,tootekabon,gilan,2025-11-24,11,24,13
6862,tootekabon,gilan,2025-11-25,10,26,16
6862,tootekabon,gilan,2025-11-26,18,58,40
6862,tootekabon,gilan,2025-11-27,32,121,89
6862,tootekabon,gilan,2025-11-28,4,22,18
6862,tootekabon,gilan,2025-11-29,11,25,14
6862,tootekabon,gilan,2025-11-30,12,28,16
6862,tootekabon,gilan,2025-12-01,0,13,13
6862,tootekabon,gilan,2025-12-02,2,20,18
6862,tootekabon,gilan,2025-12-03,8,53,45
6862,tootekabon,gilan,2025-12-04,10,175,165
6862,tootekabon,gilan,2025-12-05,1,28,27
6862,tootekabon,gilan,2025-12-06,0,23,23
6862,tootekabon,gilan,2025-12-07,0,19,19
6862,tootekabon,gilan,2025-12-08,6,22,16
6862,tootekabon,gilan,2025-12-09,6,24,18
6862,tootekabon,gilan,2025-12-10,0,34,34
6862,tootekabon,gilan,2025-12-11,0,109,109
6862,tootekabon,gilan,2025-12-12,0,26,26
6862,tootekabon,gilan,2025-12-13,0,18,18
6862,tootekabon,gilan,2025-12-14,0,18,18
6862,tootekabon,gilan,2025-12-15,0,20,20
6862,tootekabon,gilan,2025-12-16,0,22,22
6862,tootekabon,gilan,2025-12-17,0,40,40
6862,tootekabon,gilan,2025-12-18,2,86,84
6862,tootekabon,gilan,2025-12-19,0,28,28
6862,tootekabon,gilan,2025-12-20,0,19,19
6862,tootekabon,gilan,2025-12-21,0,13,13
1371,torbat_e_heydarieh,khorasan_razavi,2025-11-22,8,10,2
1371,torbat_e_heydarieh,khorasan_razavi,2025-11-23,7,11,4
1371,torbat_e_heydarieh,khorasan_razavi,2025-11-24,7,13,6
1371,torbat_e_heydarieh,khorasan_razavi,2025-11-25,6,13,7
1371,torbat_e_heydarieh,khorasan_razavi,2025-11-26,6,15,9
1371,torbat_e_heydarieh,khorasan_razavi,2025-11-27,11,21,10
1371,torbat_e_heydarieh,khorasan_razavi,2025-11-28,5,12,7
1371,torbat_e_heydarieh,khorasan_razavi,2025-11-29,9,18,9
1371,torbat_e_heydarieh,khorasan_razavi,2025-11-30,5,15,10
1371,torbat_e_heydarieh,khorasan_razavi,2025-12-01,5,16,11
1371,torbat_e_heydarieh,khorasan_razavi,2025-12-02,13,25,12
1371,torbat_e_heydarieh,khorasan_razavi,2025-12-03,7,22,15
1371,torbat_e_heydarieh,khorasan_razavi,2025-12-04,2,20,18
1371,torbat_e_heydarieh,khorasan_razavi,2025-12-05,7,18,11
1371,torbat_e_heydarieh,khorasan_razavi,2025-12-06,3,16,13
1371,torbat_e_heydarieh,khorasan_razavi,2025-12-07,3,16,13
1371,torbat_e_heydarieh,khorasan_razavi,2025-12-08,3,15,12
1371,torbat_e_heydarieh,khorasan_razavi,2025-12-09,4,18,14
1371,torbat_e_heydarieh,khorasan_razavi,2025-12-10,3,16,13
1371,torbat_e_heydarieh,khorasan_razavi,2025-12-11,2,22,20
1371,torbat_e_heydarieh,khorasan_razavi,2025-12-12,2,14,12
1371,torbat_e_heydarieh,khorasan_razavi,2025-12-13,1,15,14
1371,torbat_e_heydarieh,khorasan_razavi,2025-12-14,1,15,14
1371,torbat_e_heydarieh,khorasan_razavi,2025-12-15,4,19,15
1371,torbat_e_heydarieh,khorasan_razavi,2025-12-16,1,18,17
1371,torbat_e_heydarieh,khorasan_razavi,2025-12-17,0,17,17
1371,torbat_e_heydarieh,khorasan_razavi,2025-12-18,0,19,19
1371,torbat_e_heydarieh,khorasan_razavi,2025-12-19,0,13,13
1371,torbat_e_heydarieh,khorasan_razavi,2025-12-20,0,15,15
1371,torbat_e_heydarieh,khorasan_razavi,2025-12-21,0,12,12
9076,torbat_e_jam,khorasan_razavi,2025-11-22,0,0,0
9076,torbat_e_jam,khorasan_razavi,2025-11-23,0,0,0
9076,torbat_e_jam,khorasan_razavi,2025-11-24,0,0,0
9076,torbat_e_jam,khorasan_razavi,2025-11-25,0,0,0
9076,torbat_e_jam,khorasan_razavi,2025-11-26,0,0,0
9076,torbat_e_jam,khorasan_razavi,2025-11-27,0,0,0
9076,torbat_e_jam,khorasan_razavi,2025-11-28,0,0,0
9076,torbat_e_jam,khorasan_razavi,2025-11-29,0,0,0
9076,torbat_e_jam,khorasan_razavi,2025-11-30,0,0,0
9076,torbat_e_jam,khorasan_razavi,2025-12-01,0,0,0
9076,torbat_e_jam,khorasan_razavi,2025-12-02,0,0,0
9076,torbat_e_jam,khorasan_razavi,2025-12-03,0,0,0
9076,torbat_e_jam,khorasan_razavi,2025-12-04,0,0,0
9076,torbat_e_jam,khorasan_razavi,2025-12-05,0,0,0
9076,torbat_e_jam,khorasan_razavi,2025-12-06,0,0,0
9076,torbat_e_jam,khorasan_razavi,2025-12-07,0,0,0
9076,torbat_e_jam,khorasan_razavi,2025-12-08,0,0,0
9076,torbat_e_jam,khorasan_razavi,2025-12-09,0,0,0
9076,torbat_e_jam,khorasan_razavi,2025-12-10,0,0,0
9076,torbat_e_jam,khorasan_razavi,2025-12-11,0,0,0
9076,torbat_e_jam,khorasan_razavi,2025-12-12,0,0,0
9076,torbat_e_jam,khorasan_razavi,2025-12-13,0,0,0
9076,torbat_e_jam,khorasan_razavi,2025-12-14,0,0,0
9076,torbat_e_jam,khorasan_razavi,2025-12-15,0,0,0
9076,torbat_e_jam,khorasan_razavi,2025-12-16,0,0,0
9076,torbat_e_jam,khorasan_razavi,2025-12-17,0,0,0
9076,torbat_e_jam,khorasan_razavi,2025-12-18,0,0,0
9076,torbat_e_jam,khorasan_razavi,2025-12-19,0,0,0
9076,torbat_e_jam,khorasan_razavi,2025-12-20,0,0,0
9076,torbat_e_jam,khorasan_razavi,2025-12-21,0,0,0
9806,torghabeh,khorasan_razavi,2025-11-22,81,91,10
9806,torghabeh,khorasan_razavi,2025-11-23,104,128,24
9806,torghabeh,khorasan_razavi,2025-11-24,55,79,24
9806,torghabeh,khorasan_razavi,2025-11-25,50,83,33
9806,torghabeh,khorasan_razavi,2025-11-26,39,84,45
9806,torghabeh,khorasan_razavi,2025-11-27,45,137,92
9806,torghabeh,khorasan_razavi,2025-11-28,7,30,23
9806,torghabeh,khorasan_razavi,2025-11-29,5,27,22
9806,torghabeh,khorasan_razavi,2025-11-30,5,32,27
9806,torghabeh,khorasan_razavi,2025-12-01,3,31,28
9806,torghabeh,khorasan_razavi,2025-12-02,3,37,34
9806,torghabeh,khorasan_razavi,2025-12-03,9,55,46
9806,torghabeh,khorasan_razavi,2025-12-04,20,190,170
9806,torghabeh,khorasan_razavi,2025-12-05,8,60,52
9806,torghabeh,khorasan_razavi,2025-12-06,6,46,40
9806,torghabeh,khorasan_razavi,2025-12-07,3,40,37
9806,torghabeh,khorasan_razavi,2025-12-08,5,43,38
9806,torghabeh,khorasan_razavi,2025-12-09,15,63,48
9806,torghabeh,khorasan_razavi,2025-12-10,4,54,50
9806,torghabeh,khorasan_razavi,2025-12-11,7,154,147
9806,torghabeh,khorasan_razavi,2025-12-12,3,40,37
9806,torghabeh,khorasan_razavi,2025-12-13,12,59,47
9806,torghabeh,khorasan_razavi,2025-12-14,3,38,35
9806,torghabeh,khorasan_razavi,2025-12-15,4,46,42
9806,torghabeh,khorasan_razavi,2025-12-16,4,52,48
9806,torghabeh,khorasan_razavi,2025-12-17,6,76,70
9806,torghabeh,khorasan_razavi,2025-12-18,10,155,145
9806,torghabeh,khorasan_razavi,2025-12-19,5,60,55
9806,torghabeh,khorasan_razavi,2025-12-20,2,44,42
9806,torghabeh,khorasan_razavi,2025-12-21,3,36,33
4611,tous,khorasan_razavi,2025-11-22,1,1,0
4611,tous,khorasan_razavi,2025-11-23,4,5,1
4611,tous,khorasan_razavi,2025-11-24,1,1,0
4611,tous,khorasan_razavi,2025-11-25,3,6,3
4611,tous,khorasan_razavi,2025-11-26,0,0,0
4611,tous,khorasan_razavi,2025-11-27,0,0,0
4611,tous,khorasan_razavi,2025-11-28,0,0,0
4611,tous,khorasan_razavi,2025-11-29,5,11,6
4611,tous,khorasan_razavi,2025-11-30,5,12,7
4611,tous,khorasan_razavi,2025-12-01,5,13,8
4611,tous,khorasan_razavi,2025-12-02,0,0,0
4611,tous,khorasan_razavi,2025-12-03,0,0,0
4611,tous,khorasan_razavi,2025-12-04,0,0,0
4611,tous,khorasan_razavi,2025-12-05,0,0,0
4611,tous,khorasan_razavi,2025-12-06,1,5,4
4611,tous,khorasan_razavi,2025-12-07,1,4,3
4611,tous,khorasan_razavi,2025-12-08,1,4,3
4611,tous,khorasan_razavi,2025-12-09,0,0,0
4611,tous,khorasan_razavi,2025-12-10,0,0,0
4611,tous,khorasan_razavi,2025-12-11,0,0,0
4611,tous,khorasan_razavi,2025-12-12,0,0,0
4611,tous,khorasan_razavi,2025-12-13,0,0,0
4611,tous,khorasan_razavi,2025-12-14,0,0,0
4611,tous,khorasan_razavi,2025-12-15,0,0,0
4611,tous,khorasan_razavi,2025-12-16,0,0,0
4611,tous,khorasan_razavi,2025-12-17,2,7,5
4611,tous,khorasan_razavi,2025-12-18,0,0,0
4611,tous,khorasan_razavi,2025-12-19,0,0,0
4611,tous,khorasan_razavi,2025-12-20,0,0,0
4611,tous,khorasan_razavi,2025-12-21,0,0,0
7401,vahidieh,tehran,2025-11-22,0,0,0
7401,vahidieh,tehran,2025-11-23,1,1,0
7401,vahidieh,tehran,2025-11-24,2,2,0
7401,vahidieh,tehran,2025-11-25,2,3,1
7401,vahidieh,tehran,2025-11-26,0,1,1
7401,vahidieh,tehran,2025-11-27,0,2,2
7401,vahidieh,tehran,2025-11-28,0,0,0
7401,vahidieh,tehran,2025-11-29,0,0,0
7401,vahidieh,tehran,2025-11-30,0,1,1
7401,vahidieh,tehran,2025-12-01,0,1,1
7401,vahidieh,tehran,2025-12-02,0,1,1
7401,vahidieh,tehran,2025-12-03,0,1,1
7401,vahidieh,tehran,2025-12-04,2,7,5
7401,vahidieh,tehran,2025-12-05,0,1,1
7401,vahidieh,tehran,2025-12-06,0,2,2
7401,vahidieh,tehran,2025-12-07,0,1,1
7401,vahidieh,tehran,2025-12-08,0,1,1
7401,vahidieh,tehran,2025-12-09,0,1,1
7401,vahidieh,tehran,2025-12-10,0,1,1
7401,vahidieh,tehran,2025-12-11,0,4,4
7401,vahidieh,tehran,2025-12-12,0,1,1
7401,vahidieh,tehran,2025-12-13,0,1,1
7401,vahidieh,tehran,2025-12-14,0,1,1
7401,vahidieh,tehran,2025-12-15,0,2,2
7401,vahidieh,tehran,2025-12-16,0,2,2
7401,vahidieh,tehran,2025-12-17,0,2,2
7401,vahidieh,tehran,2025-12-18,0,4,4
7401,vahidieh,tehran,2025-12-19,0,2,2
7401,vahidieh,tehran,2025-12-20,0,2,2
7401,vahidieh,tehran,2025-12-21,0,1,1
7613,vajargah,gilan,2025-11-22,11,12,1
7613,vajargah,gilan,2025-11-23,3,4,1
7613,vajargah,gilan,2025-11-24,3,5,2
7613,vajargah,gilan,2025-11-25,5,8,3
7613,vajargah,gilan,2025-11-26,4,12,8
7613,vajargah,gilan,2025-11-27,1,8,7
7613,vajargah,gilan,2025-11-28,0,3,3
7613,vajargah,gilan,2025-11-29,3,6,3
7613,vajargah,gilan,2025-11-30,3,6,3
7613,vajargah,gilan,2025-12-01,0,3,3
7613,vajargah,gilan,2025-12-02,0,4,4
7613,vajargah,gilan,2025-12-03,1,9,8
7613,vajargah,gilan,2025-12-04,1,20,19
7613,vajargah,gilan,2025-12-05,0,4,4
7613,vajargah,gilan,2025-12-06,0,6,6
7613,vajargah,gilan,2025-12-07,0,5,5
7613,vajargah,gilan,2025-12-08,0,4,4
7613,vajargah,gilan,2025-12-09,0,6,6
7613,vajargah,gilan,2025-12-10,0,8,8
7613,vajargah,gilan,2025-12-11,0,13,13
7613,vajargah,gilan,2025-12-12,0,5,5
7613,vajargah,gilan,2025-12-13,0,5,5
7613,vajargah,gilan,2025-12-14,0,4,4
7613,vajargah,gilan,2025-12-15,0,5,5
7613,vajargah,gilan,2025-12-16,0,7,7
7613,vajargah,gilan,2025-12-17,0,9,9
7613,vajargah,gilan,2025-12-18,0,12,12
7613,vajargah,gilan,2025-12-19,0,6,6
7613,vajargah,gilan,2025-12-20,0,5,5
7613,vajargah,gilan,2025-12-21,0,3,3
4998,vanak,isfahan,2025-11-22,0,0,0
4998,vanak,isfahan,2025-11-23,0,0,0
4998,vanak,isfahan,2025-11-24,0,0,0
4998,vanak,isfahan,2025-11-25,0,0,0
4998,vanak,isfahan,2025-11-26,0,0,0
4998,vanak,isfahan,2025-11-27,0,0,0
4998,vanak,isfahan,2025-11-28,0,0,0
4998,vanak,isfahan,2025-11-29,0,0,0
4998,vanak,isfahan,2025-11-30,0,0,0
4998,vanak,isfahan,2025-12-01,0,0,0
4998,vanak,isfahan,2025-12-02,0,0,0
4998,vanak,isfahan,2025-12-03,0,0,0
4998,vanak,isfahan,2025-12-04,0,0,0
4998,vanak,isfahan,2025-12-05,0,0,0
4998,vanak,isfahan,2025-12-06,0,0,0
4998,vanak,isfahan,2025-12-07,0,0,0
4998,vanak,isfahan,2025-12-08,0,0,0
4998,vanak,isfahan,2025-12-09,0,0,0
4998,vanak,isfahan,2025-12-10,0,0,0
4998,vanak,isfahan,2025-12-11,0,0,0
4998,vanak,isfahan,2025-12-12,0,0,0
4998,vanak,isfahan,2025-12-13,0,0,0
4998,vanak,isfahan,2025-12-14,0,0,0
4998,vanak,isfahan,2025-12-15,0,0,0
4998,vanak,isfahan,2025-12-16,0,0,0
4998,vanak,isfahan,2025-12-17,0,0,0
4998,vanak,isfahan,2025-12-18,0,0,0
4998,vanak,isfahan,2025-12-19,0,0,0
4998,vanak,isfahan,2025-12-20,0,0,0
4998,vanak,isfahan,2025-12-21,0,0,0
6662,varamin,tehran,2025-11-22,65,77,12
6662,varamin,tehran,2025-11-23,45,67,22
6662,varamin,tehran,2025-11-24,54,87,33
6662,varamin,tehran,2025-11-25,53,89,36
6662,varamin,tehran,2025-11-26,38,89,51
6662,varamin,tehran,2025-11-27,88,227,139
6662,varamin,tehran,2025-11-28,35,85,50
6662,varamin,tehran,2025-11-29,20,64,44
6662,varamin,tehran,2025-11-30,20,70,50
6662,varamin,tehran,2025-12-01,16,76,60
6662,varamin,tehran,2025-12-02,27,88,61
6662,varamin,tehran,2025-12-03,29,90,61
6662,varamin,tehran,2025-12-04,55,312,257
6662,varamin,tehran,2025-12-05,30,108,78
6662,varamin,tehran,2025-12-06,21,93,72
6662,varamin,tehran,2025-12-07,17,82,65
6662,varamin,tehran,2025-12-08,25,93,68
6662,varamin,tehran,2025-12-09,19,88,69
6662,varamin,tehran,2025-12-10,24,101,77
6662,varamin,tehran,2025-12-11,26,259,233
6662,varamin,tehran,2025-12-12,16,96,80
6662,varamin,tehran,2025-12-13,15,85,70
6662,varamin,tehran,2025-12-14,12,85,73
6662,varamin,tehran,2025-12-15,11,101,90
6662,varamin,tehran,2025-12-16,12,95,83
6662,varamin,tehran,2025-12-17,15,100,85
6662,varamin,tehran,2025-12-18,29,258,229
6662,varamin,tehran,2025-12-19,4,98,94
6662,varamin,tehran,2025-12-20,4,90,86
6662,varamin,tehran,2025-12-21,2,63,61
6603,varnamkhast,isfahan,2025-11-22,0,0,0
6603,varnamkhast,isfahan,2025-11-23,0,0,0
6603,varnamkhast,isfahan,2025-11-24,0,0,0
6603,varnamkhast,isfahan,2025-11-25,0,0,0
6603,varnamkhast,isfahan,2025-11-26,0,0,0
6603,varnamkhast,isfahan,2025-11-27,0,0,0
6603,varnamkhast,isfahan,2025-11-28,0,0,0
6603,varnamkhast,isfahan,2025-11-29,0,0,0
6603,varnamkhast,isfahan,2025-11-30,0,0,0
6603,varnamkhast,isfahan,2025-12-01,0,0,0
6603,varnamkhast,isfahan,2025-12-02,0,0,0
6603,varnamkhast,isfahan,2025-12-03,0,0,0
6603,varnamkhast,isfahan,2025-12-04,0,0,0
6603,varnamkhast,isfahan,2025-12-05,0,0,0
6603,varnamkhast,isfahan,2025-12-06,0,0,0
6603,varnamkhast,isfahan,2025-12-07,0,0,0
6603,varnamkhast,isfahan,2025-12-08,0,0,0
6603,varnamkhast,isfahan,2025-12-09,0,0,0
6603,varnamkhast,isfahan,2025-12-10,0,0,0
6603,varnamkhast,isfahan,2025-12-11,0,0,0
6603,varnamkhast,isfahan,2025-12-12,0,0,0
6603,varnamkhast,isfahan,2025-12-13,0,0,0
6603,varnamkhast,isfahan,2025-12-14,0,0,0
6603,varnamkhast,isfahan,2025-12-15,0,0,0
6603,varnamkhast,isfahan,2025-12-16,0,0,0
6603,varnamkhast,isfahan,2025-12-17,0,0,0
6603,varnamkhast,isfahan,2025-12-18,0,0,0
6603,varnamkhast,isfahan,2025-12-19,0,0,0
6603,varnamkhast,isfahan,2025-12-20,0,0,0
6603,varnamkhast,isfahan,2025-12-21,0,0,0
7416,varzaneh,isfahan,2025-11-22,7,8,1
7416,varzaneh,isfahan,2025-11-23,30,36,6
7416,varzaneh,isfahan,2025-11-24,8,12,4
7416,varzaneh,isfahan,2025-11-25,10,15,5
7416,varzaneh,isfahan,2025-11-26,11,22,11
7416,varzaneh,isfahan,2025-11-27,31,108,77
7416,varzaneh,isfahan,2025-11-28,3,10,7
7416,varzaneh,isfahan,2025-11-29,4,10,6
7416,varzaneh,isfahan,2025-11-30,7,15,8
7416,varzaneh,isfahan,2025-12-01,6,15,9
7416,varzaneh,isfahan,2025-12-02,6,16,10
7416,varzaneh,isfahan,2025-12-03,8,24,16
7416,varzaneh,isfahan,2025-12-04,16,161,145
7416,varzaneh,isfahan,2025-12-05,2,14,12
7416,varzaneh,isfahan,2025-12-06,2,13,11
7416,varzaneh,isfahan,2025-12-07,2,12,10
7416,varzaneh,isfahan,2025-12-08,2,12,10
7416,varzaneh,isfahan,2025-12-09,2,12,10
7416,varzaneh,isfahan,2025-12-10,2,23,21
7416,varzaneh,isfahan,2025-12-11,2,103,101
7416,varzaneh,isfahan,2025-12-12,2,15,13
7416,varzaneh,isfahan,2025-12-13,2,13,11
7416,varzaneh,isfahan,2025-12-14,2,12,10
7416,varzaneh,isfahan,2025-12-15,5,20,15
7416,varzaneh,isfahan,2025-12-16,4,20,16
7416,varzaneh,isfahan,2025-12-17,3,30,27
7416,varzaneh,isfahan,2025-12-18,5,99,94
7416,varzaneh,isfahan,2025-12-19,2,19,17
7416,varzaneh,isfahan,2025-12-20,2,15,13
7416,varzaneh,isfahan,2025-12-21,0,7,7
2668,vezvan,isfahan,2025-11-22,0,0,0
2668,vezvan,isfahan,2025-11-23,0,0,0
2668,vezvan,isfahan,2025-11-24,0,0,0
2668,vezvan,isfahan,2025-11-25,0,0,0
2668,vezvan,isfahan,2025-11-26,0,0,0
2668,vezvan,isfahan,2025-11-27,0,0,0
2668,vezvan,isfahan,2025-11-28,0,0,0
2668,vezvan,isfahan,2025-11-29,0,0,0
2668,vezvan,isfahan,2025-11-30,2,2,0
2668,vezvan,isfahan,2025-12-01,0,0,0
2668,vezvan,isfahan,2025-12-02,0,0,0
2668,vezvan,isfahan,2025-12-03,0,0,0
2668,vezvan,isfahan,2025-12-04,0,0,0
2668,vezvan,isfahan,2025-12-05,0,0,0
2668,vezvan,isfahan,2025-12-06,0,0,0
2668,vezvan,isfahan,2025-12-07,0,0,0
2668,vezvan,isfahan,2025-12-08,0,0,0
2668,vezvan,isfahan,2025-12-09,0,0,0
2668,vezvan,isfahan,2025-12-10,0,0,0
2668,vezvan,isfahan,2025-12-11,0,0,0
2668,vezvan,isfahan,2025-12-12,0,0,0
2668,vezvan,isfahan,2025-12-13,0,0,0
2668,vezvan,isfahan,2025-12-14,0,0,0
2668,vezvan,isfahan,2025-12-15,0,0,0
2668,vezvan,isfahan,2025-12-16,0,0,0
2668,vezvan,isfahan,2025-12-17,0,0,0
2668,vezvan,isfahan,2025-12-18,0,0,0
2668,vezvan,isfahan,2025-12-19,0,0,0
2668,vezvan,isfahan,2025-12-20,0,0,0
2668,vezvan,isfahan,2025-12-21,0,0,0
1156,zargarmahaleh,mazandaran,2025-11-22,0,0,0
1156,zargarmahaleh,mazandaran,2025-11-23,0,0,0
1156,zargarmahaleh,mazandaran,2025-11-24,0,0,0
1156,zargarmahaleh,mazandaran,2025-11-25,0,0,0
1156,zargarmahaleh,mazandaran,2025-11-26,0,0,0
1156,zargarmahaleh,mazandaran,2025-11-27,0,0,0
1156,zargarmahaleh,mazandaran,2025-11-28,0,0,0
1156,zargarmahaleh,mazandaran,2025-11-29,0,0,0
1156,zargarmahaleh,mazandaran,2025-11-30,0,0,0
1156,zargarmahaleh,mazandaran,2025-12-01,0,0,0
1156,zargarmahaleh,mazandaran,2025-12-02,0,0,0
1156,zargarmahaleh,mazandaran,2025-12-03,0,0,0
1156,zargarmahaleh,mazandaran,2025-12-04,0,0,0
1156,zargarmahaleh,mazandaran,2025-12-05,0,0,0
1156,zargarmahaleh,mazandaran,2025-12-06,0,0,0
1156,zargarmahaleh,mazandaran,2025-12-07,0,0,0
1156,zargarmahaleh,mazandaran,2025-12-08,0,0,0
1156,zargarmahaleh,mazandaran,2025-12-09,0,0,0
1156,zargarmahaleh,mazandaran,2025-12-10,0,0,0
1156,zargarmahaleh,mazandaran,2025-12-11,0,0,0
1156,zargarmahaleh,mazandaran,2025-12-12,0,0,0
1156,zargarmahaleh,mazandaran,2025-12-13,0,0,0
1156,zargarmahaleh,mazandaran,2025-12-14,0,0,0
1156,zargarmahaleh,mazandaran,2025-12-15,0,0,0
1156,zargarmahaleh,mazandaran,2025-12-16,0,0,0
1156,zargarmahaleh,mazandaran,2025-12-17,0,0,0
1156,zargarmahaleh,mazandaran,2025-12-18,0,0,0
1156,zargarmahaleh,mazandaran,2025-12-19,0,0,0
1156,zargarmahaleh,mazandaran,2025-12-20,0,0,0
1156,zargarmahaleh,mazandaran,2025-12-21,0,0,0
4138,zarrinshahr,isfahan,2025-11-22,6,7,1
4138,zarrinshahr,isfahan,2025-11-23,5,7,2
4138,zarrinshahr,isfahan,2025-11-24,6,9,3
4138,zarrinshahr,isfahan,2025-11-25,3,6,3
4138,zarrinshahr,isfahan,2025-11-26,3,8,5
4138,zarrinshahr,isfahan,2025-11-27,6,15,9
4138,zarrinshahr,isfahan,2025-11-28,1,4,3
4138,zarrinshahr,isfahan,2025-11-29,1,5,4
4138,zarrinshahr,isfahan,2025-11-30,1,5,4
4138,zarrinshahr,isfahan,2025-12-01,1,5,4
4138,zarrinshahr,isfahan,2025-12-02,2,6,4
4138,zarrinshahr,isfahan,2025-12-03,2,7,5
4138,zarrinshahr,isfahan,2025-12-04,4,21,17
4138,zarrinshahr,isfahan,2025-12-05,4,9,5
4138,zarrinshahr,isfahan,2025-12-06,1,8,7
4138,zarrinshahr,isfahan,2025-12-07,1,7,6
4138,zarrinshahr,isfahan,2025-12-08,2,8,6
4138,zarrinshahr,isfahan,2025-12-09,1,6,5
4138,zarrinshahr,isfahan,2025-12-10,1,7,6
4138,zarrinshahr,isfahan,2025-12-11,1,14,13
4138,zarrinshahr,isfahan,2025-12-12,1,7,6
4138,zarrinshahr,isfahan,2025-12-13,1,8,7
4138,zarrinshahr,isfahan,2025-12-14,1,8,7
4138,zarrinshahr,isfahan,2025-12-15,1,9,8
4138,zarrinshahr,isfahan,2025-12-16,0,8,8
4138,zarrinshahr,isfahan,2025-12-17,0,8,8
4138,zarrinshahr,isfahan,2025-12-18,0,12,12
4138,zarrinshahr,isfahan,2025-12-19,0,6,6
4138,zarrinshahr,isfahan,2025-12-20,0,7,7
4138,zarrinshahr,isfahan,2025-12-21,5,11,6
2154,zavareh,isfahan,2025-11-22,2,2,0
2154,zavareh,isfahan,2025-11-23,3,3,0
2154,zavareh,isfahan,2025-11-24,5,6,1
2154,zavareh,isfahan,2025-11-25,3,4,1
2154,zavareh,isfahan,2025-11-26,6,8,2
2154,zavareh,isfahan,2025-11-27,2,5,3
2154,zavareh,isfahan,2025-11-28,1,2,1
2154,zavareh,isfahan,2025-11-29,1,2,1
2154,zavareh,isfahan,2025-11-30,0,1,1
2154,zavareh,isfahan,2025-12-01,0,1,1
2154,zavareh,isfahan,2025-12-02,2,3,1
2154,zavareh,isfahan,2025-12-03,0,2,2
2154,zavareh,isfahan,2025-12-04,0,5,5
2154,zavareh,isfahan,2025-12-05,0,1,1
2154,zavareh,isfahan,2025-12-06,0,2,2
2154,zavareh,isfahan,2025-12-07,2,4,2
2154,zavareh,isfahan,2025-12-08,0,2,2
2154,zavareh,isfahan,2025-12-09,0,2,2
2154,zavareh,isfahan,2025-12-10,0,3,3
2154,zavareh,isfahan,2025-12-11,0,5,5
2154,zavareh,isfahan,2025-12-12,0,2,2
2154,zavareh,isfahan,2025-12-13,0,2,2
2154,zavareh,isfahan,2025-12-14,0,2,2
2154,zavareh,isfahan,2025-12-15,0,3,3
2154,zavareh,isfahan,2025-12-16,0,3,3
2154,zavareh,isfahan,2025-12-17,0,3,3
2154,zavareh,isfahan,2025-12-18,0,5,5
2154,zavareh,isfahan,2025-12-19,0,3,3
2154,zavareh,isfahan,2025-12-20,0,3,3
2154,zavareh,isfahan,2025-12-21,0,1,1
3351,zayanderood,isfahan,2025-11-22,0,0,0
3351,zayanderood,isfahan,2025-11-23,1,1,0
3351,zayanderood,isfahan,2025-11-24,1,1,0
3351,zayanderood,isfahan,2025-11-25,0,0,0
3351,zayanderood,isfahan,2025-11-26,0,0,0
3351,zayanderood,isfahan,2025-11-27,0,0,0
3351,zayanderood,isfahan,2025-11-28,0,0,0
3351,zayanderood,isfahan,2025-11-29,0,0,0
3351,zayanderood,isfahan,2025-11-30,0,0,0
3351,zayanderood,isfahan,2025-12-01,0,0,0
3351,zayanderood,isfahan,2025-12-02,0,0,0
3351,zayanderood,isfahan,2025-12-03,0,0,0
3351,zayanderood,isfahan,2025-12-04,1,6,5
3351,zayanderood,isfahan,2025-12-05,0,0,0
3351,zayanderood,isfahan,2025-12-06,0,0,0
3351,zayanderood,isfahan,2025-12-07,0,0,0
3351,zayanderood,isfahan,2025-12-08,0,0,0
3351,zayanderood,isfahan,2025-12-09,0,0,0
3351,zayanderood,isfahan,2025-12-10,0,0,0
3351,zayanderood,isfahan,2025-12-11,0,0,0
3351,zayanderood,isfahan,2025-12-12,0,0,0
3351,zayanderood,isfahan,2025-12-13,0,0,0
3351,zayanderood,isfahan,2025-12-14,0,0,0
3351,zayanderood,isfahan,2025-12-15,0,0,0
3351,zayanderood,isfahan,2025-12-16,0,0,0
3351,zayanderood,isfahan,2025-12-17,0,0,0
3351,zayanderood,isfahan,2025-12-18,0,0,0
3351,zayanderood,isfahan,2025-12-19,0,0,0
3351,zayanderood,isfahan,2025-12-20,0,0,0
3351,zayanderood,isfahan,2025-12-21,1,4,3
8375,zibakenar,gilan,2025-11-22,336,391,55
8375,zibakenar,gilan,2025-11-23,221,311,90
8375,zibakenar,gilan,2025-11-24,130,223,93
8375,zibakenar,gilan,2025-11-25,88,202,114
8375,zibakenar,gilan,2025-11-26,87,280,193
8375,zibakenar,gilan,2025-11-27,63,293,230
8375,zibakenar,gilan,2025-11-28,17,96,79
8375,zibakenar,gilan,2025-11-29,35,138,103
8375,zibakenar,gilan,2025-11-30,35,155,120
8375,zibakenar,gilan,2025-12-01,46,180,134
8375,zibakenar,gilan,2025-12-02,52,205,153
8375,zibakenar,gilan,2025-12-03,22,230,208
8375,zibakenar,gilan,2025-12-04,32,515,483
8375,zibakenar,gilan,2025-12-05,5,127,122
8375,zibakenar,gilan,2025-12-06,36,193,157
8375,zibakenar,gilan,2025-12-07,32,182,150
8375,zibakenar,gilan,2025-12-08,32,173,141
8375,zibakenar,gilan,2025-12-09,42,196,154
8375,zibakenar,gilan,2025-12-10,26,284,258
8375,zibakenar,gilan,2025-12-11,25,696,671
8375,zibakenar,gilan,2025-12-12,7,226,219
8375,zibakenar,gilan,2025-12-13,0,136,136
8375,zibakenar,gilan,2025-12-14,0,120,120
8375,zibakenar,gilan,2025-12-15,4,154,150
8375,zibakenar,gilan,2025-12-16,4,206,202
8375,zibakenar,gilan,2025-12-17,13,325,312
8375,zibakenar,gilan,2025-12-18,16,484,468
8375,zibakenar,gilan,2025-12-19,6,229,223
8375,zibakenar,gilan,2025-12-20,10,144,134
8375,zibakenar,gilan,2025-12-21,0,98,98
4994,zibashahr,isfahan,2025-11-22,0,0,0
4994,zibashahr,isfahan,2025-11-23,0,0,0
4994,zibashahr,isfahan,2025-11-24,0,0,0
4994,zibashahr,isfahan,2025-11-25,0,0,0
4994,zibashahr,isfahan,2025-11-26,0,0,0
4994,zibashahr,isfahan,2025-11-27,0,0,0
4994,zibashahr,isfahan,2025-11-28,0,0,0
4994,zibashahr,isfahan,2025-11-29,0,0,0
4994,zibashahr,isfahan,2025-11-30,0,0,0
4994,zibashahr,isfahan,2025-12-01,0,0,0
4994,zibashahr,isfahan,2025-12-02,0,0,0
4994,zibashahr,isfahan,2025-12-03,0,0,0
4994,zibashahr,isfahan,2025-12-04,0,0,0
4994,zibashahr,isfahan,2025-12-05,0,0,0
4994,zibashahr,isfahan,2025-12-06,0,0,0
4994,zibashahr,isfahan,2025-12-07,0,0,0
4994,zibashahr,isfahan,2025-12-08,0,0,0
4994,zibashahr,isfahan,2025-12-09,0,0,0
4994,zibashahr,isfahan,2025-12-10,0,0,0
4994,zibashahr,isfahan,2025-12-11,0,0,0
4994,zibashahr,isfahan,2025-12-12,0,0,0
4994,zibashahr,isfahan,2025-12-13,0,0,0
4994,zibashahr,isfahan,2025-12-14,0,0,0
4994,zibashahr,isfahan,2025-12-15,0,0,0
4994,zibashahr,isfahan,2025-12-16,0,0,0
4994,zibashahr,isfahan,2025-12-17,0,0,0
4994,zibashahr,isfahan,2025-12-18,0,0,0
4994,zibashahr,isfahan,2025-12-19,0,0,0
4994,zibashahr,isfahan,2025-12-20,0,0,0
4994,zibashahr,isfahan,2025-12-21,0,0,0
7228,zirab,mazandaran,2025-11-22,120,131,11
7228,zirab,mazandaran,2025-11-23,115,143,28
7228,zirab,mazandaran,2025-11-24,61,84,23
7228,zirab,mazandaran,2025-11-25,65,106,41
7228,zirab,mazandaran,2025-11-26,85,188,103
7228,zirab,mazandaran,2025-11-27,120,331,211
7228,zirab,mazandaran,2025-11-28,20,61,41
7228,zirab,mazandaran,2025-11-29,30,60,30
7228,zirab,mazandaran,2025-11-30,30,67,37
7228,zirab,mazandaran,2025-12-01,24,60,36
7228,zirab,mazandaran,2025-12-02,40,86,46
7228,zirab,mazandaran,2025-12-03,41,161,120
7228,zirab,mazandaran,2025-12-04,59,353,294
7228,zirab,mazandaran,2025-12-05,8,74,66
7228,zirab,mazandaran,2025-12-06,18,73,55
7228,zirab,mazandaran,2025-12-07,8,59,51
7228,zirab,mazandaran,2025-12-08,17,75,58
7228,zirab,mazandaran,2025-12-09,15,77,62
7228,zirab,mazandaran,2025-12-10,15,108,93
7228,zirab,mazandaran,2025-12-11,17,332,315
7228,zirab,mazandaran,2025-12-12,10,88,78
7228,zirab,mazandaran,2025-12-13,16,67,51
7228,zirab,mazandaran,2025-12-14,17,68,51
7228,zirab,mazandaran,2025-12-15,10,64,54
7228,zirab,mazandaran,2025-12-16,7,67,60
7228,zirab,mazandaran,2025-12-17,7,105,98
7228,zirab,mazandaran,2025-12-18,8,215,207
7228,zirab,mazandaran,2025-12-19,8,94,86
7228,zirab,mazandaran,2025-12-20,6,52,46
7228,zirab,mazandaran,2025-12-21,0,31,31
