city_code,city,province,checkin,observed_so_far,predicted_demand,predicted_remaining
6261,abali,tehran,2025-11-22,8,10,2
6261,abali,tehran,2025-11-23,13,20,7
6261,abali,tehran,2025-11-24,5,12,7
6261,abali,tehran,2025-11-25,7,17,10
6261,abali,tehran,2025-11-26,4,18,14
6261,abali,tehran,2025-11-27,9,51,42
6261,abali,tehran,2025-11-28,2,16,14
6261,abali,tehran,2025-11-29,0,8,8
6261,abali,tehran,2025-11-30,0,10,10
6261,abali,tehran,2025-12-01,0,11,11
6261,abali,tehran,2025-12-02,0,12,12
6261,abali,tehran,2025-12-03,0,14,14
6261,abali,tehran,2025-12-04,2,66,64
6261,abali,tehran,2025-12-05,4,32,28
6261,abali,tehran,2025-12-06,1,18,17
6261,abali,tehran,2025-12-07,1,18,17
6261,abali,tehran,2025-12-08,1,19,18
6261,abali,tehran,2025-12-09,1,20,19
6261,abali,tehran,2025-12-10,1,28,27
6261,abali,tehran,2025-12-11,1,126,125
6261,abali,tehran,2025-12-12,1,29,28
6261,abali,tehran,2025-12-13,1,18,17
6261,abali,tehran,2025-12-14,1,17,16
6261,abali,tehran,2025-12-15,1,25,24
6261,abali,tehran,2025-12-16,2,30,28
6261,abali,tehran,2025-12-17,2,33,31
6261,abali,tehran,2025-12-18,1,96,95
6261,abali,tehran,2025-12-19,0,33,33
6261,abali,tehran,2025-12-20,0,20,20
6261,abali,tehran,2025-12-21,0,14,14
1053,abbasabad,mazandaran,2025-11-22,539,659,120
1053,abbasabad,mazandaran,2025-11-23,379,560,181
1053,abbasabad,mazandaran,2025-11-24,332,588,256
1053,abbasabad,mazandaran,2025-11-25,260,545,285
1053,abbasabad,mazandaran,2025-11-26,250,757,507
1053,abbasabad,mazandaran,2025-11-27,286,1038,752
1053,abbasabad,mazandaran,2025-11-28,134,448,314
1053,abbasabad,mazandaran,2025-11-29,80,312,232
1053,abbasabad,mazandaran,2025-11-30,55,305,250
1053,abbasabad,mazandaran,2025-12-01,37,247,210
1053,abbasabad,mazandaran,2025-12-02,43,295,252
1053,abbasabad,mazandaran,2025-12-03,102,572,470
1053,abbasabad,mazandaran,2025-12-04,80,799,719
1053,abbasabad,mazandaran,2025-12-05,8,210,202
1053,abbasabad,mazandaran,2025-12-06,14,258,244
1053,abbasabad,mazandaran,2025-12-07,15,263,248
1053,abbasabad,mazandaran,2025-12-08,39,266,227
1053,abbasabad,mazandaran,2025-12-09,19,280,261
1053,abbasabad,mazandaran,2025-12-10,19,405,386
1053,abbasabad,mazandaran,2025-12-11,19,862,843
1053,abbasabad,mazandaran,2025-12-12,13,322,309
1053,abbasabad,mazandaran,2025-12-13,16,261,245
1053,abbasabad,mazandaran,2025-12-14,9,238,229
1053,abbasabad,mazandaran,2025-12-15,11,262,251
1053,abbasabad,mazandaran,2025-12-16,19,282,263
1053,abbasabad,mazandaran,2025-12-17,20,429,409
1053,abbasabad,mazandaran,2025-12-18,12,570,558
1053,abbasabad,mazandaran,2025-12-19,4,302,298
1053,abbasabad,mazandaran,2025-12-20,4,300,296
1053,abbasabad,mazandaran,2025-12-21,0,225,225
6986,aboozeidabad,isfahan,2025-11-22,8,8,0
6986,aboozeidabad,isfahan,2025-11-23,38,42,4
6986,aboozeidabad,isfahan,2025-11-24,14,17,3
6986,aboozeidabad,isfahan,2025-11-25,6,9,3
6986,aboozeidabad,isfahan,2025-11-26,22,37,15
6986,aboozeidabad,isfahan,2025-11-27,36,97,61
6986,aboozeidabad,isfahan,2025-11-28,2,6,4
6986,aboozeidabad,isfahan,2025-11-29,1,4,3
6986,aboozeidabad,isfahan,2025-11-30,0,2,2
6986,aboozeidabad,isfahan,2025-12-01,0,3,3
6986,aboozeidabad,isfahan,2025-12-02,0,4,4
6986,aboozeidabad,isfahan,2025-12-03,2,10,8
6986,aboozeidabad,isfahan,2025-12-04,8,62,54
6986,aboozeidabad,isfahan,2025-12-05,0,4,4
6986,aboozeidabad,isfahan,2025-12-06,0,9,9
6986,aboozeidabad,isfahan,2025-12-07,0,7,7
6986,aboozeidabad,isfahan,2025-12-08,8,18,10
6986,aboozeidabad,isfahan,2025-12-09,0,8,8
6986,aboozeidabad,isfahan,2025-12-10,5,39,34
6986,aboozeidabad,isfahan,2025-12-11,17,192,175
6986,aboozeidabad,isfahan,2025-12-12,4,24,20
6986,aboozeidabad,isfahan,2025-12-13,0,9,9
6986,aboozeidabad,isfahan,2025-12-14,0,8,8
6986,aboozeidabad,isfahan,2025-12-15,0,10,10
6986,aboozeidabad,isfahan,2025-12-16,0,12,12
6986,aboozeidabad,isfahan,2025-12-17,0,28,28
6986,aboozeidabad,isfahan,2025-12-18,6,130,124
6986,aboozeidabad,isfahan,2025-12-19,0,16,16
6986,aboozeidabad,isfahan,2025-12-20,0,10,10
6986,aboozeidabad,isfahan,2025-12-21,0,7,7
2168,abrisham,isfahan,2025-11-22,3,3,0
2168,abrisham,isfahan,2025-11-23,6,6,0
2168,abrisham,isfahan,2025-11-24,3,3,0
2168,abrisham,isfahan,2025-11-25,3,3,0
2168,abrisham,isfahan,2025-11-26,3,4,1
2168,abrisham,isfahan,2025-11-27,1,2,1
2168,abrisham,isfahan,2025-11-28,0,0,0
2168,abrisham,isfahan,2025-11-29,1,1,0
2168,abrisham,isfahan,2025-11-30,1,1,0
2168,abrisham,isfahan,2025-12-01,1,2,1
2168,abrisham,isfahan,2025-12-02,0,0,0
2168,abrisham,isfahan,2025-12-03,0,1,1
2168,abrisham,isfahan,2025-12-04,0,1,1
2168,abrisham,isfahan,2025-12-05,0,0,0
2168,abrisham,isfahan,2025-12-06,0,1,1
2168,abrisham,isfahan,2025-12-07,0,1,1
2168,abrisham,isfahan,2025-12-08,0,1,1
2168,abrisham,isfahan,2025-12-09,0,1,1
2168,abrisham,isfahan,2025-12-10,0,1,1
2168,abrisham,isfahan,2025-12-11,0,2,2
2168,abrisham,isfahan,2025-12-12,0,1,1
2168,abrisham,isfahan,2025-12-13,0,1,1
2168,abrisham,isfahan,2025-12-14,0,1,1
2168,abrisham,isfahan,2025-12-15,1,3,2
2168,abrisham,isfahan,2025-12-16,0,2,2
2168,abrisham,isfahan,2025-12-17,0,2,2
2168,abrisham,isfahan,2025-12-18,0,2,2
2168,abrisham,isfahan,2025-12-19,0,2,2
2168,abrisham,isfahan,2025-12-20,0,2,2
2168,abrisham,isfahan,2025-12-21,0,1,1
9899,absard,tehran,2025-11-22,14,16,2
9899,absard,tehran,2025-11-23,13,19,6
9899,absard,tehran,2025-11-24,8,15,7
9899,absard,tehran,2025-11-25,10,21,11
9899,absard,tehran,2025-11-26,6,21,15
9899,absard,tehran,2025-11-27,19,74,55
9899,absard,tehran,2025-11-28,6,21,15
9899,absard,tehran,2025-11-29,6,15,9
9899,absard,tehran,2025-11-30,5,16,11
9899,absard,tehran,2025-12-01,7,20,13
9899,absard,tehran,2025-12-02,5,19,14
9899,absard,tehran,2025-12-03,10,37,27
9899,absard,tehran,2025-12-04,18,149,131
9899,absard,tehran,2025-12-05,2,25,23
9899,absard,tehran,2025-12-06,1,21,20
9899,absard,tehran,2025-12-07,1,22,21
9899,absard,tehran,2025-12-08,1,20,19
9899,absard,tehran,2025-12-09,2,21,19
9899,absard,tehran,2025-12-10,1,33,32
9899,absard,tehran,2025-12-11,8,149,141
9899,absard,tehran,2025-12-12,1,29,28
9899,absard,tehran,2025-12-13,1,20,19
9899,absard,tehran,2025-12-14,1,20,19
9899,absard,tehran,2025-12-15,1,25,24
9899,absard,tehran,2025-12-16,1,26,25
9899,absard,tehran,2025-12-17,2,45,43
9899,absard,tehran,2025-12-18,2,117,115
9899,absard,tehran,2025-12-19,1,33,32
9899,absard,tehran,2025-12-20,1,21,20
9899,absard,tehran,2025-12-21,4,19,15
1524,abu_musa,hormozgan,2025-11-22,11,11,0
1524,abu_musa,hormozgan,2025-11-23,11,11,0
1524,abu_musa,hormozgan,2025-11-24,11,12,1
1524,abu_musa,hormozgan,2025-11-25,13,14,1
1524,abu_musa,hormozgan,2025-11-26,11,13,2
1524,abu_musa,hormozgan,2025-11-27,7,8,1
1524,abu_musa,hormozgan,2025-11-28,3,4,1
1524,abu_musa,hormozgan,2025-11-29,2,3,1
1524,abu_musa,hormozgan,2025-11-30,7,9,2
1524,abu_musa,hormozgan,2025-12-01,3,5,2
1524,abu_musa,hormozgan,2025-12-02,1,3,2
1524,abu_musa,hormozgan,2025-12-03,4,7,3
1524,abu_musa,hormozgan,2025-12-04,3,6,3
1524,abu_musa,hormozgan,2025-12-05,0,0,0
1524,abu_musa,hormozgan,2025-12-06,0,0,0
1524,abu_musa,hormozgan,2025-12-07,0,0,0
1524,abu_musa,hormozgan,2025-12-08,0,0,0
1524,abu_musa,hormozgan,2025-12-09,0,0,0
1524,abu_musa,hormozgan,2025-12-10,3,7,4
1524,abu_musa,hormozgan,2025-12-11,1,3,2
1524,abu_musa,hormozgan,2025-12-12,0,0,0
1524,abu_musa,hormozgan,2025-12-13,0,0,0
1524,abu_musa,hormozgan,2025-12-14,1,4,3
1524,abu_musa,hormozgan,2025-12-15,2,8,6
1524,abu_musa,hormozgan,2025-12-16,3,9,6
1524,abu_musa,hormozgan,2025-12-17,3,10,7
1524,abu_musa,hormozgan,2025-12-18,2,8,6
1524,abu_musa,hormozgan,2025-12-19,1,4,3
1524,abu_musa,hormozgan,2025-12-20,0,0,0
1524,abu_musa,hormozgan,2025-12-21,0,0,0
8695,abyaneh,isfahan,2025-11-22,33,37,4
8695,abyaneh,isfahan,2025-11-23,58,72,14
8695,abyaneh,isfahan,2025-11-24,48,62,14
8695,abyaneh,isfahan,2025-11-25,45,62,17
8695,abyaneh,isfahan,2025-11-26,53,97,44
8695,abyaneh,isfahan,2025-11-27,51,132,81
8695,abyaneh,isfahan,2025-11-28,2,18,16
8695,abyaneh,isfahan,2025-11-29,2,17,15
8695,abyaneh,isfahan,2025-11-30,8,25,17
8695,abyaneh,isfahan,2025-12-01,4,26,22
8695,abyaneh,isfahan,2025-12-02,10,32,22
8695,abyaneh,isfahan,2025-12-03,14,51,37
8695,abyaneh,isfahan,2025-12-04,23,153,130
8695,abyaneh,isfahan,2025-12-05,8,33,25
8695,abyaneh,isfahan,2025-12-06,7,37,30
8695,abyaneh,isfahan,2025-12-07,5,32,27
8695,abyaneh,isfahan,2025-12-08,4,31,27
8695,abyaneh,isfahan,2025-12-09,5,36,31
8695,abyaneh,isfahan,2025-12-10,3,52,49
8695,abyaneh,isfahan,2025-12-11,3,135,132
8695,abyaneh,isfahan,2025-12-12,0,30,30
8695,abyaneh,isfahan,2025-12-13,1,29,28
8695,abyaneh,isfahan,2025-12-14,8,32,24
8695,abyaneh,isfahan,2025-12-15,0,34,34
8695,abyaneh,isfahan,2025-12-16,1,40,39
8695,abyaneh,isfahan,2025-12-17,0,59,59
8695,abyaneh,isfahan,2025-12-18,7,122,115
8695,abyaneh,isfahan,2025-12-19,1,40,39
8695,abyaneh,isfahan,2025-12-20,3,34,31
8695,abyaneh,isfahan,2025-12-21,0,21,21
7896,ahmadabade_mostowfi,tehran,2025-11-22,14,17,3
7896,ahmadabade_mostowfi,tehran,2025-11-23,17,24,7
7896,ahmadabade_mostowfi,tehran,2025-11-24,12,22,10
7896,ahmadabade_mostowfi,tehran,2025-11-25,21,34,13
7896,ahmadabade_mostowfi,tehran,2025-11-26,17,31,14
7896,ahmadabade_mostowfi,tehran,2025-11-27,64,118,54
7896,ahmadabade_mostowfi,tehran,2025-11-28,6,21,15
7896,ahmadabade_mostowfi,tehran,2025-11-29,5,17,12
7896,ahmadabade_mostowfi,tehran,2025-11-30,7,20,13
7896,ahmadabade_mostowfi,tehran,2025-12-01,5,20,15
7896,ahmadabade_mostowfi,tehran,2025-12-02,6,21,15
7896,ahmadabade_mostowfi,tehran,2025-12-03,6,25,19
7896,ahmadabade_mostowfi,tehran,2025-12-04,26,117,91
7896,ahmadabade_mostowfi,tehran,2025-12-05,3,24,21
7896,ahmadabade_mostowfi,tehran,2025-12-06,10,29,19
7896,ahmadabade_mostowfi,tehran,2025-12-07,9,29,20
7896,ahmadabade_mostowfi,tehran,2025-12-08,3,21,18
7896,ahmadabade_mostowfi,tehran,2025-12-09,3,22,19
7896,ahmadabade_mostowfi,tehran,2025-12-10,3,26,23
7896,ahmadabade_mostowfi,tehran,2025-12-11,13,102,89
7896,ahmadabade_mostowfi,tehran,2025-12-12,4,31,27
7896,ahmadabade_mostowfi,tehran,2025-12-13,3,23,20
7896,ahmadabade_mostowfi,tehran,2025-12-14,3,22,19
7896,ahmadabade_mostowfi,tehran,2025-12-15,3,27,24
7896,ahmadabade_mostowfi,tehran,2025-12-16,3,27,24
7896,ahmadabade_mostowfi,tehran,2025-12-17,3,30,27
7896,ahmadabade_mostowfi,tehran,2025-12-18,20,98,78
7896,ahmadabade_mostowfi,tehran,2025-12-19,1,30,29
7896,ahmadabade_mostowfi,tehran,2025-12-20,1,21,20
7896,ahmadabade_mostowfi,tehran,2025-12-21,3,20,17
4541,ahmadsargoorab,gilan,2025-11-22,0,0,0
4541,ahmadsargoorab,gilan,2025-11-23,0,0,0
4541,ahmadsargoorab,gilan,2025-11-24,2,2,0
4541,ahmadsargoorab,gilan,2025-11-25,3,3,0
4541,ahmadsargoorab,gilan,2025-11-26,1,2,1
4541,ahmadsargoorab,gilan,2025-11-27,1,3,2
4541,ahmadsargoorab,gilan,2025-11-28,0,0,0
4541,ahmadsargoorab,gilan,2025-11-29,0,0,0
4541,ahmadsargoorab,gilan,2025-11-30,0,0,0
4541,ahmadsargoorab,gilan,2025-12-01,0,0,0
4541,ahmadsargoorab,gilan,2025-12-02,2,2,0
4541,ahmadsargoorab,gilan,2025-12-03,0,1,1
4541,ahmadsargoorab,gilan,2025-12-04,0,2,2
4541,ahmadsargoorab,gilan,2025-12-05,0,0,0
4541,ahmadsargoorab,gilan,2025-12-06,0,1,1
4541,ahmadsargoorab,gilan,2025-12-07,0,0,0
4541,ahmadsargoorab,gilan,2025-12-08,0,0,0
4541,ahmadsargoorab,gilan,2025-12-09,2,3,1
4541,ahmadsargoorab,gilan,2025-12-10,0,1,1
4541,ahmadsargoorab,gilan,2025-12-11,0,1,1
4541,ahmadsargoorab,gilan,2025-12-12,0,0,0
4541,ahmadsargoorab,gilan,2025-12-13,0,0,0
4541,ahmadsargoorab,gilan,2025-12-14,0,0,0
4541,ahmadsargoorab,gilan,2025-12-15,0,0,0
4541,ahmadsargoorab,gilan,2025-12-16,0,0,0
4541,ahmadsargoorab,gilan,2025-12-17,0,1,1
4541,ahmadsargoorab,gilan,2025-12-18,0,1,1
4541,ahmadsargoorab,gilan,2025-12-19,0,1,1
4541,ahmadsargoorab,gilan,2025-12-20,0,0,0
4541,ahmadsargoorab,gilan,2025-12-21,0,0,0
3933,alasht,mazandaran,2025-11-22,52,56,4
3933,alasht,mazandaran,2025-11-23,43,52,9
3933,alasht,mazandaran,2025-11-24,17,25,8
3933,alasht,mazandaran,2025-11-25,16,26,10
3933,alasht,mazandaran,2025-11-26,19,40,21
3933,alasht,mazandaran,2025-11-27,26,93,67
3933,alasht,mazandaran,2025-11-28,0,10,10
3933,alasht,mazandaran,2025-11-29,1,10,9
3933,alasht,mazandaran,2025-11-30,3,16,13
3933,alasht,mazandaran,2025-12-01,5,16,11
3933,alasht,mazandaran,2025-12-02,2,16,14
3933,alasht,mazandaran,2025-12-03,16,49,33
3933,alasht,mazandaran,2025-12-04,17,142,125
3933,alasht,mazandaran,2025-12-05,3,24,21
3933,alasht,mazandaran,2025-12-06,7,24,17
3933,alasht,mazandaran,2025-12-07,6,22,16
3933,alasht,mazandaran,2025-12-08,2,19,17
3933,alasht,mazandaran,2025-12-09,3,21,18
3933,alasht,mazandaran,2025-12-10,6,37,31
3933,alasht,mazandaran,2025-12-11,10,131,121
3933,alasht,mazandaran,2025-12-12,2,22,20
3933,alasht,mazandaran,2025-12-13,1,17,16
3933,alasht,mazandaran,2025-12-14,1,16,15
3933,alasht,mazandaran,2025-12-15,1,17,16
3933,alasht,mazandaran,2025-12-16,2,21,19
3933,alasht,mazandaran,2025-12-17,8,51,43
3933,alasht,mazandaran,2025-12-18,8,99,91
3933,alasht,mazandaran,2025-12-19,1,25,24
3933,alasht,mazandaran,2025-12-20,1,17,16
3933,alasht,mazandaran,2025-12-21,0,12,12
1297,alavijeh,isfahan,2025-11-22,0,0,0
1297,alavijeh,isfahan,2025-11-23,0,0,0
1297,alavijeh,isfahan,2025-11-24,0,0,0
1297,alavijeh,isfahan,2025-11-25,0,0,0
1297,alavijeh,isfahan,2025-11-26,1,1,0
1297,alavijeh,isfahan,2025-11-27,1,2,1
1297,alavijeh,isfahan,2025-11-28,0,0,0
1297,alavijeh,isfahan,2025-11-29,0,0,0
1297,alavijeh,isfahan,2025-11-30,0,0,0
1297,alavijeh,isfahan,2025-12-01,0,0,0
1297,alavijeh,isfahan,2025-12-02,0,0,0
1297,alavijeh,isfahan,2025-12-03,0,0,0
1297,alavijeh,isfahan,2025-12-04,0,0,0
1297,alavijeh,isfahan,2025-12-05,0,0,0
1297,alavijeh,isfahan,2025-12-06,0,0,0
1297,alavijeh,isfahan,2025-12-07,0,0,0
1297,alavijeh,isfahan,2025-12-08,0,0,0
1297,alavijeh,isfahan,2025-12-09,0,0,0
1297,alavijeh,isfahan,2025-12-10,0,0,0
1297,alavijeh,isfahan,2025-12-11,0,1,1
1297,alavijeh,isfahan,2025-12-12,0,0,0
1297,alavijeh,isfahan,2025-12-13,0,0,0
1297,alavijeh,isfahan,2025-12-14,0,0,0
1297,alavijeh,isfahan,2025-12-15,0,0,0
1297,alavijeh,isfahan,2025-12-16,0,0,0
1297,alavijeh,isfahan,2025-12-17,0,0,0
1297,alavijeh,isfahan,2025-12-18,0,1,1
1297,alavijeh,isfahan,2025-12-19,0,0,0
1297,alavijeh,isfahan,2025-12-20,0,0,0
1297,alavijeh,isfahan,2025-12-21,0,0,0
2894,amirkola,mazandaran,2025-11-22,0,0,0
2894,amirkola,mazandaran,2025-11-23,0,0,0
2894,amirkola,mazandaran,2025-11-24,0,0,0
2894,amirkola,mazandaran,2025-11-25,0,0,0
2894,amirkola,mazandaran,2025-11-26,0,0,0
2894,amirkola,mazandaran,2025-11-27,0,0,0
2894,amirkola,mazandaran,2025-11-28,0,0,0
2894,amirkola,mazandaran,2025-11-29,0,0,0
2894,amirkola,mazandaran,2025-11-30,0,0,0
2894,amirkola,mazandaran,2025-12-01,0,0,0
2894,amirkola,mazandaran,2025-12-02,0,0,0
2894,amirkola,mazandaran,2025-12-03,0,0,0
2894,amirkola,mazandaran,2025-12-04,0,0,0
2894,amirkola,mazandaran,2025-12-05,0,0,0
2894,amirkola,mazandaran,2025-12-06,0,0,0
2894,amirkola,mazandaran,2025-12-07,0,0,0
2894,amirkola,mazandaran,2025-12-08,0,0,0
2894,amirkola,mazandaran,2025-12-09,0,0,0
2894,amirkola,mazandaran,2025-12-10,0,0,0
2894,amirkola,mazandaran,2025-12-11,0,0,0
2894,amirkola,mazandaran,2025-12-12,0,0,0
2894,amirkola,mazandaran,2025-12-13,0,0,0
2894,amirkola,mazandaran,2025-12-14,0,0,0
2894,amirkola,mazandaran,2025-12-15,0,0,0
2894,amirkola,mazandaran,2025-12-16,0,0,0
2894,amirkola,mazandaran,2025-12-17,0,0,0
2894,amirkola,mazandaran,2025-12-18,0,0,0
2894,amirkola,mazandaran,2025-12-19,0,0,0
2894,amirkola,mazandaran,2025-12-20,0,0,0
2894,amirkola,mazandaran,2025-12-21,0,0,0
5947,amlash,gilan,2025-11-22,137,154,17
5947,amlash,gilan,2025-11-23,97,124,27
5947,amlash,gilan,2025-11-24,91,127,36
5947,amlash,gilan,2025-11-25,89,139,50
5947,amlash,gilan,2025-11-26,133,232,99
5947,amlash,gilan,2025-11-27,91,218,127
5947,amlash,gilan,2025-11-28,20,50,30
5947,amlash,gilan,2025-11-29,17,46,29
5947,amlash,gilan,2025-11-30,17,54,37
5947,amlash,gilan,2025-12-01,16,51,35
5947,amlash,gilan,2025-12-02,21,69,48
5947,amlash,gilan,2025-12-03,31,120,89
5947,amlash,gilan,2025-12-04,17,174,157
5947,amlash,gilan,2025-12-05,10,55,45
5947,amlash,gilan,2025-12-06,12,64,52
5947,amlash,gilan,2025-12-07,12,60,48
5947,amlash,gilan,2025-12-08,14,62,48
5947,amlash,gilan,2025-12-09,10,60,50
5947,amlash,gilan,2025-12-10,14,95,81
5947,amlash,gilan,2025-12-11,17,198,181
5947,amlash,gilan,2025-12-12,8,63,55
5947,amlash,gilan,2025-12-13,0,38,38
5947,amlash,gilan,2025-12-14,1,37,36
5947,amlash,gilan,2025-12-15,6,52,46
5947,amlash,gilan,2025-12-16,3,56,53
5947,amlash,gilan,2025-12-17,0,70,70
5947,amlash,gilan,2025-12-18,4,131,127
5947,amlash,gilan,2025-12-19,0,52,52
5947,amlash,gilan,2025-12-20,0,39,39
5947,amlash,gilan,2025-12-21,0,26,26
2195,amol,mazandaran,2025-11-22,618,736,118
2195,amol,mazandaran,2025-11-23,540,762,222
2195,amol,mazandaran,2025-11-24,406,661,255
2195,amol,mazandaran,2025-11-25,339,679,340
2195,amol,mazandaran,2025-11-26,439,1057,618
2195,amol,mazandaran,2025-11-27,489,1393,904
2195,amol,mazandaran,2025-11-28,130,481,351
2195,amol,mazandaran,2025-11-29,153,454,301
2195,amol,mazandaran,2025-11-30,119,461,342
2195,amol,mazandaran,2025-12-01,98,421,323
2195,amol,mazandaran,2025-12-02,103,483,380
2195,amol,mazandaran,2025-12-03,136,720,584
2195,amol,mazandaran,2025-12-04,143,1243,1100
2195,amol,mazandaran,2025-12-05,77,584,507
2195,amol,mazandaran,2025-12-06,96,455,359
2195,amol,mazandaran,2025-12-07,104,498,394
2195,amol,mazandaran,2025-12-08,122,542,420
2195,amol,mazandaran,2025-12-09,90,485,395
2195,amol,mazandaran,2025-12-10,96,687,591
2195,amol,mazandaran,2025-12-11,79,1220,1141
2195,amol,mazandaran,2025-12-12,61,518,457
2195,amol,mazandaran,2025-12-13,73,446,373
2195,amol,mazandaran,2025-12-14,41,358,317
2195,amol,mazandaran,2025-12-15,40,416,376
2195,amol,mazandaran,2025-12-16,39,458,419
2195,amol,mazandaran,2025-12-17,45,632,587
2195,amol,mazandaran,2025-12-18,41,918,877
2195,amol,mazandaran,2025-12-19,23,521,498
2195,amol,mazandaran,2025-12-20,20,396,376
2195,amol,mazandaran,2025-12-21,28,299,271
6197,anarak,isfahan,2025-11-22,4,4,0
6197,anarak,isfahan,2025-11-23,4,4,0
6197,anarak,isfahan,2025-11-24,0,0,0
6197,anarak,isfahan,2025-11-25,4,4,0
6197,anarak,isfahan,2025-11-26,0,0,0
6197,anarak,isfahan,2025-11-27,0,0,0
6197,anarak,isfahan,2025-11-28,0,0,0
6197,anarak,isfahan,2025-11-29,0,0,0
6197,anarak,isfahan,2025-11-30,0,0,0
6197,anarak,isfahan,2025-12-01,0,0,0
6197,anarak,isfahan,2025-12-02,0,0,0
6197,anarak,isfahan,2025-12-03,0,0,0
6197,anarak,isfahan,2025-12-04,1,3,2
6197,anarak,isfahan,2025-12-05,0,0,0
6197,anarak,isfahan,2025-12-06,0,0,0
6197,anarak,isfahan,2025-12-07,0,0,0
6197,anarak,isfahan,2025-12-08,0,0,0
6197,anarak,isfahan,2025-12-09,0,0,0
6197,anarak,isfahan,2025-12-10,0,0,0
6197,anarak,isfahan,2025-12-11,0,0,0
6197,anarak,isfahan,2025-12-12,0,0,0
6197,anarak,isfahan,2025-12-13,0,0,0
6197,anarak,isfahan,2025-12-14,0,0,0
6197,anarak,isfahan,2025-12-15,0,0,0
6197,anarak,isfahan,2025-12-16,0,0,0
6197,anarak,isfahan,2025-12-17,0,0,0
6197,anarak,isfahan,2025-12-18,0,0,0
6197,anarak,isfahan,2025-12-19,0,0,0
6197,anarak,isfahan,2025-12-20,0,0,0
6197,anarak,isfahan,2025-12-21,0,0,0
3312,andisheh,tehran,2025-11-22,41,51,10
3312,andisheh,tehran,2025-11-23,43,64,21
3312,andisheh,tehran,2025-11-24,28,51,23
3312,andisheh,tehran,2025-11-25,21,44,23
3312,andisheh,tehran,2025-11-26,23,55,32
3312,andisheh,tehran,2025-11-27,25,75,50
3312,andisheh,tehran,2025-11-28,14,42,28
3312,andisheh,tehran,2025-11-29,11,39,28
3312,andisheh,tehran,2025-11-30,17,54,37
3312,andisheh,tehran,2025-12-01,10,42,32
3312,andisheh,tehran,2025-12-02,8,43,35
3312,andisheh,tehran,2025-12-03,7,42,35
3312,andisheh,tehran,2025-12-04,8,70,62
3312,andisheh,tehran,2025-12-05,9,54,45
3312,andisheh,tehran,2025-12-06,12,62,50
3312,andisheh,tehran,2025-12-07,8,54,46
3312,andisheh,tehran,2025-12-08,8,53,45
3312,andisheh,tehran,2025-12-09,7,54,47
3312,andisheh,tehran,2025-12-10,6,54,48
3312,andisheh,tehran,2025-12-11,12,115,103
3312,andisheh,tehran,2025-12-12,12,67,55
3312,andisheh,tehran,2025-12-13,12,67,55
3312,andisheh,tehran,2025-12-14,4,53,49
3312,andisheh,tehran,2025-12-15,6,64,58
3312,andisheh,tehran,2025-12-16,6,65,59
3312,andisheh,tehran,2025-12-17,4,63,59
3312,andisheh,tehran,2025-12-18,6,92,86
3312,andisheh,tehran,2025-12-19,3,61,58
3312,andisheh,tehran,2025-12-20,2,54,52
3312,andisheh,tehran,2025-12-21,0,43,43
4397,aran_va_bidgol,isfahan,2025-11-22,6,6,0
4397,aran_va_bidgol,isfahan,2025-11-23,6,8,2
4397,aran_va_bidgol,isfahan,2025-11-24,1,3,2
4397,aran_va_bidgol,isfahan,2025-11-25,1,3,2
4397,aran_va_bidgol,isfahan,2025-11-26,3,9,6
4397,aran_va_bidgol,isfahan,2025-11-27,9,23,14
4397,aran_va_bidgol,isfahan,2025-11-28,4,8,4
4397,aran_va_bidgol,isfahan,2025-11-29,0,4,4
4397,aran_va_bidgol,isfahan,2025-11-30,0,4,4
4397,aran_va_bidgol,isfahan,2025-12-01,1,6,5
4397,aran_va_bidgol,isfahan,2025-12-02,0,5,5
4397,aran_va_bidgol,isfahan,2025-12-03,2,10,8
4397,aran_va_bidgol,isfahan,2025-12-04,4,30,26
4397,aran_va_bidgol,isfahan,2025-12-05,4,12,8
4397,aran_va_bidgol,isfahan,2025-12-06,0,8,8
4397,aran_va_bidgol,isfahan,2025-12-07,0,6,6
4397,aran_va_bidgol,isfahan,2025-12-08,0,7,7
4397,aran_va_bidgol,isfahan,2025-12-09,0,7,7
4397,aran_va_bidgol,isfahan,2025-12-10,5,22,17
4397,aran_va_bidgol,isfahan,2025-12-11,0,35,35
4397,aran_va_bidgol,isfahan,2025-12-12,0,9,9
4397,aran_va_bidgol,isfahan,2025-12-13,0,7,7
4397,aran_va_bidgol,isfahan,2025-12-14,0,7,7
4397,aran_va_bidgol,isfahan,2025-12-15,0,9,9
4397,aran_va_bidgol,isfahan,2025-12-16,0,10,10
4397,aran_va_bidgol,isfahan,2025-12-17,0,17,17
4397,aran_va_bidgol,isfahan,2025-12-18,2,40,38
4397,aran_va_bidgol,isfahan,2025-12-19,0,11,11
4397,aran_va_bidgol,isfahan,2025-12-20,0,8,8
4397,aran_va_bidgol,isfahan,2025-12-21,0,6,6
1986,ardestan,isfahan,2025-11-22,4,6,2
1986,ardestan,isfahan,2025-11-23,15,20,5
1986,ardestan,isfahan,2025-11-24,8,13,5
1986,ardestan,isfahan,2025-11-25,5,10,5
1986,ardestan,isfahan,2025-11-26,4,13,9
1986,ardestan,isfahan,2025-11-27,3,14,11
1986,ardestan,isfahan,2025-11-28,0,4,4
1986,ardestan,isfahan,2025-11-29,0,4,4
1986,ardestan,isfahan,2025-11-30,0,5,5
1986,ardestan,isfahan,2025-12-01,0,5,5
1986,ardestan,isfahan,2025-12-02,1,7,6
1986,ardestan,isfahan,2025-12-03,0,7,7
1986,ardestan,isfahan,2025-12-04,0,12,12
1986,ardestan,isfahan,2025-12-05,0,6,6
1986,ardestan,isfahan,2025-12-06,0,8,8
1986,ardestan,isfahan,2025-12-07,0,7,7
1986,ardestan,isfahan,2025-12-08,0,7,7
1986,ardestan,isfahan,2025-12-09,0,8,8
1986,ardestan,isfahan,2025-12-10,0,12,12
1986,ardestan,isfahan,2025-12-11,0,16,16
1986,ardestan,isfahan,2025-12-12,0,7,7
1986,ardestan,isfahan,2025-12-13,0,8,8
1986,ardestan,isfahan,2025-12-14,0,7,7
1986,ardestan,isfahan,2025-12-15,0,9,9
1986,ardestan,isfahan,2025-12-16,0,10,10
1986,ardestan,isfahan,2025-12-17,1,15,14
1986,ardestan,isfahan,2025-12-18,0,16,16
1986,ardestan,isfahan,2025-12-19,0,8,8
1986,ardestan,isfahan,2025-12-20,0,8,8
1986,ardestan,isfahan,2025-12-21,0,6,6
1173,arjomand,tehran,2025-11-22,0,0,0
1173,arjomand,tehran,2025-11-23,0,0,0
1173,arjomand,tehran,2025-11-24,7,8,1
1173,arjomand,tehran,2025-11-25,2,3,1
1173,arjomand,tehran,2025-11-26,0,1,1
1173,arjomand,tehran,2025-11-27,3,7,4
1173,arjomand,tehran,2025-11-28,0,0,0
1173,arjomand,tehran,2025-11-29,0,0,0
1173,arjomand,tehran,2025-11-30,0,1,1
1173,arjomand,tehran,2025-12-01,0,1,1
1173,arjomand,tehran,2025-12-02,0,1,1
1173,arjomand,tehran,2025-12-03,0,2,2
1173,arjomand,tehran,2025-12-04,0,6,6
1173,arjomand,tehran,2025-12-05,0,1,1
1173,arjomand,tehran,2025-12-06,0,1,1
1173,arjomand,tehran,2025-12-07,0,1,1
1173,arjomand,tehran,2025-12-08,0,1,1
1173,arjomand,tehran,2025-12-09,0,1,1
1173,arjomand,tehran,2025-12-10,0,2,2
1173,arjomand,tehran,2025-12-11,0,9,9
1173,arjomand,tehran,2025-12-12,0,1,1
1173,arjomand,tehran,2025-12-13,0,1,1
1173,arjomand,tehran,2025-12-14,0,1,1
1173,arjomand,tehran,2025-12-15,0,1,1
1173,arjomand,tehran,2025-12-16,0,2,2
1173,arjomand,tehran,2025-12-17,0,3,3
1173,arjomand,tehran,2025-12-18,0,7,7
1173,arjomand,tehran,2025-12-19,0,2,2
1173,arjomand,tehran,2025-12-20,0,1,1
1173,arjomand,tehran,2025-12-21,0,1,1
5927,asalem,gilan,2025-11-22,914,1005,91
5927,asalem,gilan,2025-11-23,763,964,201
5927,asalem,gilan,2025-11-24,481,680,199
5927,asalem,gilan,2025-11-25,438,721,283
5927,asalem,gilan,2025-11-26,478,979,501
5927,asalem,gilan,2025-11-27,547,1278,731
5927,asalem,gilan,2025-11-28,188,455,267
5927,asalem,gilan,2025-11-29,147,337,190
5927,asalem,gilan,2025-11-30,124,320,196
5927,asalem,gilan,2025-12-01,97,263,166
5927,asalem,gilan,2025-12-02,115,345,230
5927,asalem,gilan,2025-12-03,159,619,460
5927,asalem,gilan,2025-12-04,194,1202,1008
5927,asalem,gilan,2025-12-05,66,299,233
5927,asalem,gilan,2025-12-06,69,330,261
5927,asalem,gilan,2025-12-07,65,313,248
5927,asalem,gilan,2025-12-08,56,263,207
5927,asalem,gilan,2025-12-09,53,294,241
5927,asalem,gilan,2025-12-10,61,447,386
5927,asalem,gilan,2025-12-11,52,642,590
5927,asalem,gilan,2025-12-12,24,296,272
5927,asalem,gilan,2025-12-13,25,271,246
5927,asalem,gilan,2025-12-14,23,242,219
5927,asalem,gilan,2025-12-15,23,270,247
5927,asalem,gilan,2025-12-16,47,413,366
5927,asalem,gilan,2025-12-17,45,454,409
5927,asalem,gilan,2025-12-18,32,516,484
5927,asalem,gilan,2025-12-19,15,286,271
5927,asalem,gilan,2025-12-20,13,212,199
5927,asalem,gilan,2025-12-21,12,159,147
3364,asara,alborz,2025-11-22,7,7,0
3364,asara,alborz,2025-11-23,5,7,2
3364,asara,alborz,2025-11-24,6,8,2
3364,asara,alborz,2025-11-25,5,8,3
3364,asara,alborz,2025-11-26,2,7,5
3364,asara,alborz,2025-11-27,0,10,10
3364,asara,alborz,2025-11-28,0,4,4
3364,asara,alborz,2025-11-29,0,3,3
3364,asara,alborz,2025-11-30,0,4,4
3364,asara,alborz,2025-12-01,0,4,4
3364,asara,alborz,2025-12-02,0,5,5
3364,asara,alborz,2025-12-03,2,10,8
3364,asara,alborz,2025-12-04,1,26,25
3364,asara,alborz,2025-12-05,0,5,5
3364,asara,alborz,2025-12-06,0,5,5
3364,asara,alborz,2025-12-07,1,6,5
3364,asara,alborz,2025-12-08,1,6,5
3364,asara,alborz,2025-12-09,0,5,5
3364,asara,alborz,2025-12-10,0,8,8
3364,asara,alborz,2025-12-11,0,22,22
3364,asara,alborz,2025-12-12,0,6,6
3364,asara,alborz,2025-12-13,0,5,5
3364,asara,alborz,2025-12-14,0,5,5
3364,asara,alborz,2025-12-15,0,6,6
3364,asara,alborz,2025-12-16,0,6,6
3364,asara,alborz,2025-12-17,0,9,9
3364,asara,alborz,2025-12-18,2,31,29
3364,asara,alborz,2025-12-19,0,6,6
3364,asara,alborz,2025-12-20,0,5,5
3364,asara,alborz,2025-12-21,0,4,4
7049,astaneh_ye_ashrafiyeh,gilan,2025-11-22,109,129,20
7049,astaneh_ye_ashrafiyeh,gilan,2025-11-23,104,140,36
7049,astaneh_ye_ashrafiyeh,gilan,2025-11-24,76,120,44
7049,astaneh_ye_ashrafiyeh,gilan,2025-11-25,119,188,69
7049,astaneh_ye_ashrafiyeh,gilan,2025-11-26,147,288,141
7049,astaneh_ye_ashrafiyeh,gilan,2025-11-27,103,253,150
7049,astaneh_ye_ashrafiyeh,gilan,2025-11-28,27,79,52
7049,astaneh_ye_ashrafiyeh,gilan,2025-11-29,25,70,45
7049,astaneh_ye_ashrafiyeh,gilan,2025-11-30,23,70,47
7049,astaneh_ye_ashrafiyeh,gilan,2025-12-01,22,71,49
7049,astaneh_ye_ashrafiyeh,gilan,2025-12-02,23,82,59
7049,astaneh_ye_ashrafiyeh,gilan,2025-12-03,18,115,97
7049,astaneh_ye_ashrafiyeh,gilan,2025-12-04,40,267,227
7049,astaneh_ye_ashrafiyeh,gilan,2025-12-05,3,54,51
7049,astaneh_ye_ashrafiyeh,gilan,2025-12-06,3,57,54
7049,astaneh_ye_ashrafiyeh,gilan,2025-12-07,3,53,50
7049,astaneh_ye_ashrafiyeh,gilan,2025-12-08,10,63,53
7049,astaneh_ye_ashrafiyeh,gilan,2025-12-09,27,93,66
7049,astaneh_ye_ashrafiyeh,gilan,2025-12-10,31,135,104
7049,astaneh_ye_ashrafiyeh,gilan,2025-12-11,25,248,223
7049,astaneh_ye_ashrafiyeh,gilan,2025-12-12,2,58,56
7049,astaneh_ye_ashrafiyeh,gilan,2025-12-13,9,54,45
7049,astaneh_ye_ashrafiyeh,gilan,2025-12-14,9,50,41
7049,astaneh_ye_ashrafiyeh,gilan,2025-12-15,9,59,50
7049,astaneh_ye_ashrafiyeh,gilan,2025-12-16,9,71,62
7049,astaneh_ye_ashrafiyeh,gilan,2025-12-17,9,91,82
7049,astaneh_ye_ashrafiyeh,gilan,2025-12-18,9,140,131
7049,astaneh_ye_ashrafiyeh,gilan,2025-12-19,9,69,60
7049,astaneh_ye_ashrafiyeh,gilan,2025-12-20,9,58,49
7049,astaneh_ye_ashrafiyeh,gilan,2025-12-21,7,43,36
2692,astara,gilan,2025-11-22,445,577,132
2692,astara,gilan,2025-11-23,382,601,219
2692,astara,gilan,2025-11-24,298,575,277
2692,astara,gilan,2025-11-25,226,486,260
2692,astara,gilan,2025-11-26,331,950,619
2692,astara,gilan,2025-11-27,368,1183,815
2692,astara,gilan,2025-11-28,107,379,272
2692,astara,gilan,2025-11-29,131,388,257
2692,astara,gilan,2025-11-30,94,345,251
2692,astara,gilan,2025-12-01,94,316,222
2692,astara,gilan,2025-12-02,154,540,386
2692,astara,gilan,2025-12-03,153,717,564
2692,astara,gilan,2025-12-04,180,1512,1332
2692,astara,gilan,2025-12-05,39,365,326
2692,astara,gilan,2025-12-06,20,258,238
2692,astara,gilan,2025-12-07,14,228,214
2692,astara,gilan,2025-12-08,16,225,209
2692,astara,gilan,2025-12-09,17,246,229
2692,astara,gilan,2025-12-10,34,419,385
2692,astara,gilan,2025-12-11,52,938,886
2692,astara,gilan,2025-12-12,8,317,309
2692,astara,gilan,2025-12-13,26,292,266
2692,astara,gilan,2025-12-14,32,282,250
2692,astara,gilan,2025-12-15,16,319,303
2692,astara,gilan,2025-12-16,31,350,319
2692,astara,gilan,2025-12-17,66,572,506
2692,astara,gilan,2025-12-18,45,717,672
2692,astara,gilan,2025-12-19,24,381,357
2692,astara,gilan,2025-12-20,30,312,282
2692,astara,gilan,2025-12-21,22,218,196
4933,ataghor,gilan,2025-11-22,10,10,0
4933,ataghor,gilan,2025-11-23,10,12,2
4933,ataghor,gilan,2025-11-24,9,11,2
4933,ataghor,gilan,2025-11-25,8,11,3
4933,ataghor,gilan,2025-11-26,11,19,8
4933,ataghor,gilan,2025-11-27,9,20,11
4933,ataghor,gilan,2025-11-28,8,10,2
4933,ataghor,gilan,2025-11-29,3,5,2
4933,ataghor,gilan,2025-11-30,3,5,2
4933,ataghor,gilan,2025-12-01,4,6,2
4933,ataghor,gilan,2025-12-02,4,7,3
4933,ataghor,gilan,2025-12-03,3,10,7
4933,ataghor,gilan,2025-12-04,2,17,15
4933,ataghor,gilan,2025-12-05,6,10,4
4933,ataghor,gilan,2025-12-06,5,11,6
4933,ataghor,gilan,2025-12-07,5,10,5
4933,ataghor,gilan,2025-12-08,3,8,5
4933,ataghor,gilan,2025-12-09,5,11,6
4933,ataghor,gilan,2025-12-10,6,14,8
4933,ataghor,gilan,2025-12-11,6,20,14
4933,ataghor,gilan,2025-12-12,2,6,4
4933,ataghor,gilan,2025-12-13,1,5,4
4933,ataghor,gilan,2025-12-14,0,3,3
4933,ataghor,gilan,2025-12-15,0,4,4
4933,ataghor,gilan,2025-12-16,0,5,5
4933,ataghor,gilan,2025-12-17,0,7,7
4933,ataghor,gilan,2025-12-18,0,10,10
4933,ataghor,gilan,2025-12-19,0,4,4
4933,ataghor,gilan,2025-12-20,0,4,4
4933,ataghor,gilan,2025-12-21,0,2,2
5414,babol,mazandaran,2025-11-22,913,1043,130
5414,babol,mazandaran,2025-11-23,790,1018,228
5414,babol,mazandaran,2025-11-24,508,784,276
5414,babol,mazandaran,2025-11-25,460,783,323
5414,babol,mazandaran,2025-11-26,678,1395,717
5414,babol,mazandaran,2025-11-27,851,2270,1419
5414,babol,mazandaran,2025-11-28,355,903,548
5414,babol,mazandaran,2025-11-29,168,469,301
5414,babol,mazandaran,2025-11-30,98,401,303
5414,babol,mazandaran,2025-12-01,99,436,337
5414,babol,mazandaran,2025-12-02,78,446,368
5414,babol,mazandaran,2025-12-03,197,866,669
5414,babol,mazandaran,2025-12-04,227,1835,1608
5414,babol,mazandaran,2025-12-05,68,571,503
5414,babol,mazandaran,2025-12-06,60,499,439
5414,babol,mazandaran,2025-12-07,75,507,432
5414,babol,mazandaran,2025-12-08,113,540,427
5414,babol,mazandaran,2025-12-09,131,677,546
5414,babol,mazandaran,2025-12-10,110,791,681
5414,babol,mazandaran,2025-12-11,126,1950,1824
5414,babol,mazandaran,2025-12-12,38,558,520
5414,babol,mazandaran,2025-12-13,41,498,457
5414,babol,mazandaran,2025-12-14,40,396,356
5414,babol,mazandaran,2025-12-15,34,499,465
5414,babol,mazandaran,2025-12-16,53,622,569
5414,babol,mazandaran,2025-12-17,57,833,776
5414,babol,mazandaran,2025-12-18,99,1595,1496
5414,babol,mazandaran,2025-12-19,38,633,595
5414,babol,mazandaran,2025-12-20,28,518,490
5414,babol,mazandaran,2025-12-21,17,357,340
7127,babolsar,mazandaran,2025-11-22,3255,3777,522
7127,babolsar,mazandaran,2025-11-23,2630,3521,891
7127,babolsar,mazandaran,2025-11-24,1803,2783,980
7127,babolsar,mazandaran,2025-11-25,1738,3144,1406
7127,babolsar,mazandaran,2025-11-26,2171,4694,2523
7127,babolsar,mazandaran,2025-11-27,2422,6268,3846
7127,babolsar,mazandaran,2025-11-28,971,2744,1773
7127,babolsar,mazandaran,2025-11-29,607,1783,1176
7127,babolsar,mazandaran,2025-11-30,503,1796,1293
7127,babolsar,mazandaran,2025-12-01,556,2023,1467
7127,babolsar,mazandaran,2025-12-02,569,2123,1554
7127,babolsar,mazandaran,2025-12-03,776,3778,3002
7127,babolsar,mazandaran,2025-12-04,806,5683,4877
7127,babolsar,mazandaran,2025-12-05,382,2589,2207
7127,babolsar,mazandaran,2025-12-06,311,1830,1519
7127,babolsar,mazandaran,2025-12-07,241,1670,1429
7127,babolsar,mazandaran,2025-12-08,228,1724,1496
7127,babolsar,mazandaran,2025-12-09,199,1863,1664
7127,babolsar,mazandaran,2025-12-10,255,2948,2693
7127,babolsar,mazandaran,2025-12-11,309,5315,5006
7127,babolsar,mazandaran,2025-12-12,132,2032,1900
7127,babolsar,mazandaran,2025-12-13,107,1670,1563
7127,babolsar,mazandaran,2025-12-14,160,1476,1316
7127,babolsar,mazandaran,2025-12-15,153,1806,1653
7127,babolsar,mazandaran,2025-12-16,161,2076,1915
7127,babolsar,mazandaran,2025-12-17,273,3098,2825
7127,babolsar,mazandaran,2025-12-18,265,4384,4119
7127,babolsar,mazandaran,2025-12-19,117,2194,2077
7127,babolsar,mazandaran,2025-12-20,109,1818,1709
7127,babolsar,mazandaran,2025-12-21,26,1260,1234
3837,badrood,isfahan,2025-11-22,13,13,0
3837,badrood,isfahan,2025-11-23,13,14,1
3837,badrood,isfahan,2025-11-24,11,13,2
3837,badrood,isfahan,2025-11-25,11,13,2
3837,badrood,isfahan,2025-11-26,11,14,3
3837,badrood,isfahan,2025-11-27,8,15,7
3837,badrood,isfahan,2025-11-28,7,8,1
3837,badrood,isfahan,2025-11-29,7,8,1
3837,badrood,isfahan,2025-11-30,7,9,2
3837,badrood,isfahan,2025-12-01,4,6,2
3837,badrood,isfahan,2025-12-02,4,6,2
3837,badrood,isfahan,2025-12-03,4,7,3
3837,badrood,isfahan,2025-12-04,4,17,13
3837,badrood,isfahan,2025-12-05,4,7,3
3837,badrood,isfahan,2025-12-06,3,5,2
3837,badrood,isfahan,2025-12-07,0,3,3
3837,badrood,isfahan,2025-12-08,0,2,2
3837,badrood,isfahan,2025-12-09,0,2,2
3837,badrood,isfahan,2025-12-10,0,4,4
3837,badrood,isfahan,2025-12-11,0,12,12
3837,badrood,isfahan,2025-12-12,0,3,3
3837,badrood,isfahan,2025-12-13,0,2,2
3837,badrood,isfahan,2025-12-14,0,2,2
3837,badrood,isfahan,2025-12-15,0,3,3
3837,badrood,isfahan,2025-12-16,0,3,3
3837,badrood,isfahan,2025-12-17,0,5,5
3837,badrood,isfahan,2025-12-18,3,15,12
3837,badrood,isfahan,2025-12-19,0,3,3
3837,badrood,isfahan,2025-12-20,0,3,3
3837,badrood,isfahan,2025-12-21,0,2,2
1299,bagh_bahadoran,isfahan,2025-11-22,139,163,24
1299,bagh_bahadoran,isfahan,2025-11-23,287,398,111
1299,bagh_bahadoran,isfahan,2025-11-24,90,155,65
1299,bagh_bahadoran,isfahan,2025-11-25,114,207,93
1299,bagh_bahadoran,isfahan,2025-11-26,152,323,171
1299,bagh_bahadoran,isfahan,2025-11-27,395,1288,893
1299,bagh_bahadoran,isfahan,2025-11-28,63,198,135
1299,bagh_bahadoran,isfahan,2025-11-29,69,186,117
1299,bagh_bahadoran,isfahan,2025-11-30,68,194,126
1299,bagh_bahadoran,isfahan,2025-12-01,61,201,140
1299,bagh_bahadoran,isfahan,2025-12-02,44,164,120
1299,bagh_bahadoran,isfahan,2025-12-03,75,369,294
1299,bagh_bahadoran,isfahan,2025-12-04,97,921,824
1299,bagh_bahadoran,isfahan,2025-12-05,53,269,216
1299,bagh_bahadoran,isfahan,2025-12-06,45,189,144
1299,bagh_bahadoran,isfahan,2025-12-07,36,168,132
1299,bagh_bahadoran,isfahan,2025-12-08,60,264,204
1299,bagh_bahadoran,isfahan,2025-12-09,60,290,230
1299,bagh_bahadoran,isfahan,2025-12-10,42,305,263
1299,bagh_bahadoran,isfahan,2025-12-11,57,960,903
1299,bagh_bahadoran,isfahan,2025-12-12,35,267,232
1299,bagh_bahadoran,isfahan,2025-12-13,39,197,158
1299,bagh_bahadoran,isfahan,2025-12-14,32,168,136
1299,bagh_bahadoran,isfahan,2025-12-15,9,177,168
1299,bagh_bahadoran,isfahan,2025-12-16,22,231,209
1299,bagh_bahadoran,isfahan,2025-12-17,34,354,320
1299,bagh_bahadoran,isfahan,2025-12-18,46,954,908
1299,bagh_bahadoran,isfahan,2025-12-19,18,277,259
1299,bagh_bahadoran,isfahan,2025-12-20,41,232,191
1299,bagh_bahadoran,isfahan,2025-12-21,17,182,165
7285,baghbahadoran,isfahan,2025-11-22,3,3,0
7285,baghbahadoran,isfahan,2025-11-23,10,12,2
7285,baghbahadoran,isfahan,2025-11-24,6,8,2
7285,baghbahadoran,isfahan,2025-11-25,1,2,1
7285,baghbahadoran,isfahan,2025-11-26,3,7,4
7285,baghbahadoran,isfahan,2025-11-27,4,12,8
7285,baghbahadoran,isfahan,2025-11-28,0,2,2
7285,baghbahadoran,isfahan,2025-11-29,0,2,2
7285,baghbahadoran,isfahan,2025-11-30,0,2,2
7285,baghbahadoran,isfahan,2025-12-01,0,2,2
7285,baghbahadoran,isfahan,2025-12-02,0,2,2
7285,baghbahadoran,isfahan,2025-12-03,8,19,11
7285,baghbahadoran,isfahan,2025-12-04,9,45,36
7285,baghbahadoran,isfahan,2025-12-05,0,3,3
7285,baghbahadoran,isfahan,2025-12-06,0,4,4
7285,baghbahadoran,isfahan,2025-12-07,0,4,4
7285,baghbahadoran,isfahan,2025-12-08,0,3,3
7285,baghbahadoran,isfahan,2025-12-09,0,3,3
7285,baghbahadoran,isfahan,2025-12-10,0,6,6
7285,baghbahadoran,isfahan,2025-12-11,0,19,19
7285,baghbahadoran,isfahan,2025-12-12,0,4,4
7285,baghbahadoran,isfahan,2025-12-13,0,4,4
7285,baghbahadoran,isfahan,2025-12-14,0,3,3
7285,baghbahadoran,isfahan,2025-12-15,0,4,4
7285,baghbahadoran,isfahan,2025-12-16,0,4,4
7285,baghbahadoran,isfahan,2025-12-17,0,7,7
7285,baghbahadoran,isfahan,2025-12-18,9,26,17
7285,baghbahadoran,isfahan,2025-12-19,0,4,4
7285,baghbahadoran,isfahan,2025-12-20,0,4,4
7285,baghbahadoran,isfahan,2025-12-21,0,3,3
4729,baghershahr,tehran,2025-11-22,0,0,0
4729,baghershahr,tehran,2025-11-23,0,0,0
4729,baghershahr,tehran,2025-11-24,0,0,0
4729,baghershahr,tehran,2025-11-25,0,0,0
4729,baghershahr,tehran,2025-11-26,0,0,0
4729,baghershahr,tehran,2025-11-27,0,0,0
4729,baghershahr,tehran,2025-11-28,0,0,0
4729,baghershahr,tehran,2025-11-29,0,0,0
4729,baghershahr,tehran,2025-11-30,0,0,0
4729,baghershahr,tehran,2025-12-01,0,0,0
4729,baghershahr,tehran,2025-12-02,0,0,0
4729,baghershahr,tehran,2025-12-03,0,0,0
4729,baghershahr,tehran,2025-12-04,0,0,0
4729,baghershahr,tehran,2025-12-05,0,0,0
4729,baghershahr,tehran,2025-12-06,0,0,0
4729,baghershahr,tehran,2025-12-07,0,0,0
4729,baghershahr,tehran,2025-12-08,0,0,0
4729,baghershahr,tehran,2025-12-09,0,0,0
4729,baghershahr,tehran,2025-12-10,0,0,0
4729,baghershahr,tehran,2025-12-11,0,0,0
4729,baghershahr,tehran,2025-12-12,0,0,0
4729,baghershahr,tehran,2025-12-13,0,0,0
4729,baghershahr,tehran,2025-12-14,0,0,0
4729,baghershahr,tehran,2025-12-15,0,0,0
4729,baghershahr,tehran,2025-12-16,0,0,0
4729,baghershahr,tehran,2025-12-17,0,0,0
4729,baghershahr,tehran,2025-12-18,0,0,0
4729,baghershahr,tehran,2025-12-19,0,0,0
4729,baghershahr,tehran,2025-12-20,0,0,0
4729,baghershahr,tehran,2025-12-21,0,0,0
8270,baghestan,tehran,2025-11-22,2,3,1
8270,baghestan,tehran,2025-11-23,8,13,5
8270,baghestan,tehran,2025-11-24,6,11,5
8270,baghestan,tehran,2025-11-25,1,6,5
8270,baghestan,tehran,2025-11-26,1,9,8
8270,baghestan,tehran,2025-11-27,13,36,23
8270,baghestan,tehran,2025-11-28,5,14,9
8270,baghestan,tehran,2025-11-29,0,7,7
8270,baghestan,tehran,2025-11-30,0,7,7
8270,baghestan,tehran,2025-12-01,0,9,9
8270,baghestan,tehran,2025-12-02,0,10,10
8270,baghestan,tehran,2025-12-03,1,11,10
8270,baghestan,tehran,2025-12-04,1,25,24
8270,baghestan,tehran,2025-12-05,1,15,14
8270,baghestan,tehran,2025-12-06,3,14,11
8270,baghestan,tehran,2025-12-07,3,13,10
8270,baghestan,tehran,2025-12-08,0,12,12
8270,baghestan,tehran,2025-12-09,0,12,12
8270,baghestan,tehran,2025-12-10,3,16,13
8270,baghestan,tehran,2025-12-11,6,47,41
8270,baghestan,tehran,2025-12-12,6,21,15
8270,baghestan,tehran,2025-12-13,1,12,11
8270,baghestan,tehran,2025-12-14,0,10,10
8270,baghestan,tehran,2025-12-15,0,15,15
8270,baghestan,tehran,2025-12-16,0,15,15
8270,baghestan,tehran,2025-12-17,0,17,17
8270,baghestan,tehran,2025-12-18,6,46,40
8270,baghestan,tehran,2025-12-19,1,20,19
8270,baghestan,tehran,2025-12-20,5,17,12
8270,baghestan,tehran,2025-12-21,0,10,10
5850,baharanshahr,isfahan,2025-11-22,0,0,0
5850,baharanshahr,isfahan,2025-11-23,0,0,0
5850,baharanshahr,isfahan,2025-11-24,0,0,0
5850,baharanshahr,isfahan,2025-11-25,0,0,0
5850,baharanshahr,isfahan,2025-11-26,0,0,0
5850,baharanshahr,isfahan,2025-11-27,0,0,0
5850,baharanshahr,isfahan,2025-11-28,0,0,0
5850,baharanshahr,isfahan,2025-11-29,0,0,0
5850,baharanshahr,isfahan,2025-11-30,0,0,0
5850,baharanshahr,isfahan,2025-12-01,0,0,0
5850,baharanshahr,isfahan,2025-12-02,0,0,0
5850,baharanshahr,isfahan,2025-12-03,0,0,0
5850,baharanshahr,isfahan,2025-12-04,0,0,0
5850,baharanshahr,isfahan,2025-12-05,0,0,0
5850,baharanshahr,isfahan,2025-12-06,0,0,0
5850,baharanshahr,isfahan,2025-12-07,0,0,0
5850,baharanshahr,isfahan,2025-12-08,0,0,0
5850,baharanshahr,isfahan,2025-12-09,0,0,0
5850,baharanshahr,isfahan,2025-12-10,0,0,0
5850,baharanshahr,isfahan,2025-12-11,0,0,0
5850,baharanshahr,isfahan,2025-12-12,0,0,0
5850,baharanshahr,isfahan,2025-12-13,0,0,0
5850,baharanshahr,isfahan,2025-12-14,0,0,0
5850,baharanshahr,isfahan,2025-12-15,0,0,0
5850,baharanshahr,isfahan,2025-12-16,0,0,0
5850,baharanshahr,isfahan,2025-12-17,0,0,0
5850,baharanshahr,isfahan,2025-12-18,0,0,0
5850,baharanshahr,isfahan,2025-12-19,0,0,0
5850,baharanshahr,isfahan,2025-12-20,0,0,0
5850,baharanshahr,isfahan,2025-12-21,0,0,0
1859,baharestan,isfahan,2025-11-22,11,13,2
1859,baharestan,isfahan,2025-11-23,11,15,4
1859,baharestan,isfahan,2025-11-24,10,15,5
1859,baharestan,isfahan,2025-11-25,11,17,6
1859,baharestan,isfahan,2025-11-26,7,15,8
1859,baharestan,isfahan,2025-11-27,7,18,11
1859,baharestan,isfahan,2025-11-28,4,9,5
1859,baharestan,isfahan,2025-11-29,4,10,6
1859,baharestan,isfahan,2025-11-30,4,12,8
1859,baharestan,isfahan,2025-12-01,4,12,8
1859,baharestan,isfahan,2025-12-02,4,12,8
1859,baharestan,isfahan,2025-12-03,7,17,10
1859,baharestan,isfahan,2025-12-04,6,21,15
1859,baharestan,isfahan,2025-12-05,4,12,8
1859,baharestan,isfahan,2025-12-06,7,15,8
1859,baharestan,isfahan,2025-12-07,7,15,8
1859,baharestan,isfahan,2025-12-08,4,13,9
1859,baharestan,isfahan,2025-12-09,4,13,9
1859,baharestan,isfahan,2025-12-10,5,15,10
1859,baharestan,isfahan,2025-12-11,7,22,15
1859,baharestan,isfahan,2025-12-12,4,12,8
1859,baharestan,isfahan,2025-12-13,4,13,9
1859,baharestan,isfahan,2025-12-14,4,13,9
1859,baharestan,isfahan,2025-12-15,6,15,9
1859,baharestan,isfahan,2025-12-16,5,15,10
1859,baharestan,isfahan,2025-12-17,5,16,11
1859,baharestan,isfahan,2025-12-18,4,19,15
1859,baharestan,isfahan,2025-12-19,4,13,9
1859,baharestan,isfahan,2025-12-20,4,14,10
1859,baharestan,isfahan,2025-12-21,2,9,7
3935,bakharz,khorasan_razavi,2025-11-22,0,0,0
3935,bakharz,khorasan_razavi,2025-11-23,0,0,0
3935,bakharz,khorasan_razavi,2025-11-24,0,0,0
3935,bakharz,khorasan_razavi,2025-11-25,0,0,0
3935,bakharz,khorasan_razavi,2025-11-26,0,0,0
3935,bakharz,khorasan_razavi,2025-11-27,0,0,0
3935,bakharz,khorasan_razavi,2025-11-28,0,0,0
3935,bakharz,khorasan_razavi,2025-11-29,0,0,0
3935,bakharz,khorasan_razavi,2025-11-30,0,0,0
3935,bakharz,khorasan_razavi,2025-12-01,0,0,0
3935,bakharz,khorasan_razavi,2025-12-02,0,0,0
3935,bakharz,khorasan_razavi,2025-12-03,0,0,0
3935,bakharz,khorasan_razavi,2025-12-04,0,0,0
3935,bakharz,khorasan_razavi,2025-12-05,0,0,0
3935,bakharz,khorasan_razavi,2025-12-06,0,0,0
3935,bakharz,khorasan_razavi,2025-12-07,0,0,0
3935,bakharz,khorasan_razavi,2025-12-08,0,0,0
3935,bakharz,khorasan_razavi,2025-12-09,0,0,0
3935,bakharz,khorasan_razavi,2025-12-10,0,0,0
3935,bakharz,khorasan_razavi,2025-12-11,0,0,0
3935,bakharz,khorasan_razavi,2025-12-12,0,0,0
3935,bakharz,khorasan_razavi,2025-12-13,0,0,0
3935,bakharz,khorasan_razavi,2025-12-14,0,0,0
3935,bakharz,khorasan_razavi,2025-12-15,0,0,0
3935,bakharz,khorasan_razavi,2025-12-16,0,0,0
3935,bakharz,khorasan_razavi,2025-12-17,0,0,0
3935,bakharz,khorasan_razavi,2025-12-18,0,0,0
3935,bakharz,khorasan_razavi,2025-12-19,0,0,0
3935,bakharz,khorasan_razavi,2025-12-20,0,0,0
3935,bakharz,khorasan_razavi,2025-12-21,0,0,0
4247,baladeh,mazandaran,2025-11-22,11,11,0
4247,baladeh,mazandaran,2025-11-23,9,10,1
4247,baladeh,mazandaran,2025-11-24,5,7,2
4247,baladeh,mazandaran,2025-11-25,5,8,3
4247,baladeh,mazandaran,2025-11-26,5,10,5
4247,baladeh,mazandaran,2025-11-27,10,20,10
4247,baladeh,mazandaran,2025-11-28,3,6,3
4247,baladeh,mazandaran,2025-11-29,1,3,2
4247,baladeh,mazandaran,2025-11-30,1,4,3
4247,baladeh,mazandaran,2025-12-01,1,4,3
4247,baladeh,mazandaran,2025-12-02,1,5,4
4247,baladeh,mazandaran,2025-12-03,1,7,6
4247,baladeh,mazandaran,2025-12-04,1,14,13
4247,baladeh,mazandaran,2025-12-05,1,6,5
4247,baladeh,mazandaran,2025-12-06,1,5,4
4247,baladeh,mazandaran,2025-12-07,1,5,4
4247,baladeh,mazandaran,2025-12-08,2,6,4
4247,baladeh,mazandaran,2025-12-09,3,8,5
4247,baladeh,mazandaran,2025-12-10,2,8,6
4247,baladeh,mazandaran,2025-12-11,2,17,15
4247,baladeh,mazandaran,2025-12-12,1,5,4
4247,baladeh,mazandaran,2025-12-13,1,5,4
4247,baladeh,mazandaran,2025-12-14,1,5,4
4247,baladeh,mazandaran,2025-12-15,1,6,5
4247,baladeh,mazandaran,2025-12-16,1,8,7
4247,baladeh,mazandaran,2025-12-17,1,9,8
4247,baladeh,mazandaran,2025-12-18,1,14,13
4247,baladeh,mazandaran,2025-12-19,1,7,6
4247,baladeh,mazandaran,2025-12-20,1,6,5
4247,baladeh,mazandaran,2025-12-21,0,3,3
8715,bandar_abbas,hormozgan,2025-11-22,2418,2776,358
8715,bandar_abbas,hormozgan,2025-11-23,2187,2776,589
8715,bandar_abbas,hormozgan,2025-11-24,1893,2633,740
8715,bandar_abbas,hormozgan,2025-11-25,1798,2747,949
8715,bandar_abbas,hormozgan,2025-11-26,1674,2979,1305
8715,bandar_abbas,hormozgan,2025-11-27,1345,2627,1282
8715,bandar_abbas,hormozgan,2025-11-28,683,1452,769
8715,bandar_abbas,hormozgan,2025-11-29,627,1353,726
8715,bandar_abbas,hormozgan,2025-11-30,596,1504,908
8715,bandar_abbas,hormozgan,2025-12-01,719,1843,1124
8715,bandar_abbas,hormozgan,2025-12-02,679,1894,1215
8715,bandar_abbas,hormozgan,2025-12-03,634,2018,1384
8715,bandar_abbas,hormozgan,2025-12-04,527,2247,1720
8715,bandar_abbas,hormozgan,2025-12-05,373,1513,1140
8715,bandar_abbas,hormozgan,2025-12-06,349,1612,1263
8715,bandar_abbas,hormozgan,2025-12-07,376,1759,1383
8715,bandar_abbas,hormozgan,2025-12-08,376,1756,1380
8715,bandar_abbas,hormozgan,2025-12-09,432,2101,1669
8715,bandar_abbas,hormozgan,2025-12-10,494,2337,1843
8715,bandar_abbas,hormozgan,2025-12-11,480,2878,2398
8715,bandar_abbas,hormozgan,2025-12-12,323,1799,1476
8715,bandar_abbas,hormozgan,2025-12-13,396,2262,1866
8715,bandar_abbas,hormozgan,2025-12-14,318,1945,1627
8715,bandar_abbas,hormozgan,2025-12-15,363,2492,2129
8715,bandar_abbas,hormozgan,2025-12-16,405,2748,2343
8715,bandar_abbas,hormozgan,2025-12-17,500,3272,2772
8715,bandar_abbas,hormozgan,2025-12-18,419,2821,2402
8715,bandar_abbas,hormozgan,2025-12-19,241,1960,1719
8715,bandar_abbas,hormozgan,2025-12-20,226,2101,1875
8715,bandar_abbas,hormozgan,2025-12-21,137,1463,1326
9814,bandar_anzali,gilan,2025-11-22,9989,11577,1588
9814,bandar_anzali,gilan,2025-11-23,7673,10449,2776
9814,bandar_anzali,gilan,2025-11-24,6188,9684,3496
9814,bandar_anzali,gilan,2025-11-25,6180,10968,4788
9814,bandar_anzali,gilan,2025-11-26,7506,16539,9033
9814,bandar_anzali,gilan,2025-11-27,7315,18724,11409
9814,bandar_anzali,gilan,2025-11-28,2613,7733,5120
9814,bandar_anzali,gilan,2025-11-29,1963,5160,3197
9814,bandar_anzali,gilan,2025-11-30,1760,5363,3603
9814,bandar_anzali,gilan,2025-12-01,1461,4828,3367
9814,bandar_anzali,gilan,2025-12-02,1518,5802,4284
9814,bandar_anzali,gilan,2025-12-03,1998,9226,7228
9814,bandar_anzali,gilan,2025-12-04,2396,14959,12563
9814,bandar_anzali,gilan,2025-12-05,1129,6959,5830
9814,bandar_anzali,gilan,2025-12-06,976,6104,5128
9814,bandar_anzali,gilan,2025-12-07,691,4475,3784
9814,bandar_anzali,gilan,2025-12-08,649,4219,3570
9814,bandar_anzali,gilan,2025-12-09,726,5542,4816
9814,bandar_anzali,gilan,2025-12-10,1008,9065,8057
9814,bandar_anzali,gilan,2025-12-11,971,15072,14101
9814,bandar_anzali,gilan,2025-12-12,413,4980,4567
9814,bandar_anzali,gilan,2025-12-13,435,4473,4038
9814,bandar_anzali,gilan,2025-12-14,401,4055,3654
9814,bandar_anzali,gilan,2025-12-15,515,5322,4807
9814,bandar_anzali,gilan,2025-12-16,573,6696,6123
9814,bandar_anzali,gilan,2025-12-17,1035,11008,9973
9814,bandar_anzali,gilan,2025-12-18,1113,13092,11979
9814,bandar_anzali,gilan,2025-12-19,406,5644,5238
9814,bandar_anzali,gilan,2025-12-20,340,4820,4480
9814,bandar_anzali,gilan,2025-12-21,211,3536,3325
4516,bandar_charak,hormozgan,2025-11-22,13,15,2
4516,bandar_charak,hormozgan,2025-11-23,11,14,3
4516,bandar_charak,hormozgan,2025-11-24,8,12,4
4516,bandar_charak,hormozgan,2025-11-25,3,7,4
4516,bandar_charak,hormozgan,2025-11-26,3,10,7
4516,bandar_charak,hormozgan,2025-11-27,2,8,6
4516,bandar_charak,hormozgan,2025-11-28,6,8,2
4516,bandar_charak,hormozgan,2025-11-29,2,5,3
4516,bandar_charak,hormozgan,2025-11-30,4,8,4
4516,bandar_charak,hormozgan,2025-12-01,8,12,4
4516,bandar_charak,hormozgan,2025-12-02,5,11,6
4516,bandar_charak,hormozgan,2025-12-03,4,12,8
4516,bandar_charak,hormozgan,2025-12-04,2,14,12
4516,bandar_charak,hormozgan,2025-12-05,1,8,7
4516,bandar_charak,hormozgan,2025-12-06,1,9,8
4516,bandar_charak,hormozgan,2025-12-07,1,9,8
4516,bandar_charak,hormozgan,2025-12-08,1,9,8
4516,bandar_charak,hormozgan,2025-12-09,3,12,9
4516,bandar_charak,hormozgan,2025-12-10,3,12,9
4516,bandar_charak,hormozgan,2025-12-11,1,12,11
4516,bandar_charak,hormozgan,2025-12-12,0,6,6
4516,bandar_charak,hormozgan,2025-12-13,0,7,7
4516,bandar_charak,hormozgan,2025-12-14,0,6,6
4516,bandar_charak,hormozgan,2025-12-15,0,10,10
4516,bandar_charak,hormozgan,2025-12-16,0,11,11
4516,bandar_charak,hormozgan,2025-12-17,0,12,12
4516,bandar_charak,hormozgan,2025-12-18,0,10,10
4516,bandar_charak,hormozgan,2025-12-19,0,8,8
4516,bandar_charak,hormozgan,2025-12-20,0,8,8
4516,bandar_charak,hormozgan,2025-12-21,0,4,4
3723,bandar_lengeh,hormozgan,2025-11-22,54,63,9
3723,bandar_lengeh,hormozgan,2025-11-23,42,57,15
3723,bandar_lengeh,hormozgan,2025-11-24,42,64,22
3723,bandar_lengeh,hormozgan,2025-11-25,42,68,26
3723,bandar_lengeh,hormozgan,2025-11-26,40,78,38
3723,bandar_lengeh,hormozgan,2025-11-27,35,75,40
3723,bandar_lengeh,hormozgan,2025-11-28,20,39,19
3723,bandar_lengeh,hormozgan,2025-11-29,14,33,19
3723,bandar_lengeh,hormozgan,2025-11-30,17,41,24
3723,bandar_lengeh,hormozgan,2025-12-01,15,40,25
3723,bandar_lengeh,hormozgan,2025-12-02,16,45,29
3723,bandar_lengeh,hormozgan,2025-12-03,14,47,33
3723,bandar_lengeh,hormozgan,2025-12-04,10,57,47
3723,bandar_lengeh,hormozgan,2025-12-05,6,39,33
3723,bandar_lengeh,hormozgan,2025-12-06,6,44,38
3723,bandar_lengeh,hormozgan,2025-12-07,3,37,34
3723,bandar_lengeh,hormozgan,2025-12-08,6,46,40
3723,bandar_lengeh,hormozgan,2025-12-09,6,47,41
3723,bandar_lengeh,hormozgan,2025-12-10,4,44,40
3723,bandar_lengeh,hormozgan,2025-12-11,3,61,58
3723,bandar_lengeh,hormozgan,2025-12-12,3,32,29
3723,bandar_lengeh,hormozgan,2025-12-13,5,40,35
3723,bandar_lengeh,hormozgan,2025-12-14,6,39,33
3723,bandar_lengeh,hormozgan,2025-12-15,6,57,51
3723,bandar_lengeh,hormozgan,2025-12-16,7,63,56
3723,bandar_lengeh,hormozgan,2025-12-17,6,65,59
3723,bandar_lengeh,hormozgan,2025-12-18,4,62,58
3723,bandar_lengeh,hormozgan,2025-12-19,1,37,36
3723,bandar_lengeh,hormozgan,2025-12-20,3,46,43
3723,bandar_lengeh,hormozgan,2025-12-21,0,23,23
9221,bandarjask,hormozgan,2025-11-22,0,0,0
9221,bandarjask,hormozgan,2025-11-23,0,0,0
9221,bandarjask,hormozgan,2025-11-24,0,0,0
9221,bandarjask,hormozgan,2025-11-25,0,0,0
9221,bandarjask,hormozgan,2025-11-26,0,0,0
9221,bandarjask,hormozgan,2025-11-27,0,0,0
9221,bandarjask,hormozgan,2025-11-28,0,0,0
9221,bandarjask,hormozgan,2025-11-29,0,0,0
9221,bandarjask,hormozgan,2025-11-30,0,0,0
9221,bandarjask,hormozgan,2025-12-01,0,0,0
9221,bandarjask,hormozgan,2025-12-02,0,0,0
9221,bandarjask,hormozgan,2025-12-03,0,0,0
9221,bandarjask,hormozgan,2025-12-04,0,0,0
9221,bandarjask,hormozgan,2025-12-05,0,0,0
9221,bandarjask,hormozgan,2025-12-06,0,0,0
9221,bandarjask,hormozgan,2025-12-07,0,0,0
9221,bandarjask,hormozgan,2025-12-08,0,0,0
9221,bandarjask,hormozgan,2025-12-09,0,0,0
9221,bandarjask,hormozgan,2025-12-10,0,0,0
9221,bandarjask,hormozgan,2025-12-11,0,0,0
9221,bandarjask,hormozgan,2025-12-12,0,0,0
9221,bandarjask,hormozgan,2025-12-13,0,0,0
9221,bandarjask,hormozgan,2025-12-14,0,0,0
9221,bandarjask,hormozgan,2025-12-15,0,0,0
9221,bandarjask,hormozgan,2025-12-16,0,0,0
9221,bandarjask,hormozgan,2025-12-17,0,0,0
9221,bandarjask,hormozgan,2025-12-18,0,0,0
9221,bandarjask,hormozgan,2025-12-19,0,0,0
9221,bandarjask,hormozgan,2025-12-20,0,0,0
9221,bandarjask,hormozgan,2025-12-21,0,0,0
3456,bardeskan,khorasan_razavi,2025-11-22,5,5,0
3456,bardeskan,khorasan_razavi,2025-11-23,3,3,0
3456,bardeskan,khorasan_razavi,2025-11-24,3,3,0
3456,bardeskan,khorasan_razavi,2025-11-25,3,4,1
3456,bardeskan,khorasan_razavi,2025-11-26,3,4,1
3456,bardeskan,khorasan_razavi,2025-11-27,3,4,1
3456,bardeskan,khorasan_razavi,2025-11-28,3,4,1
3456,bardeskan,khorasan_razavi,2025-11-29,3,4,1
3456,bardeskan,khorasan_razavi,2025-11-30,3,4,1
3456,bardeskan,khorasan_razavi,2025-12-01,3,4,1
3456,bardeskan,khorasan_razavi,2025-12-02,3,4,1
3456,bardeskan,khorasan_razavi,2025-12-03,3,5,2
3456,bardeskan,khorasan_razavi,2025-12-04,3,5,2
3456,bardeskan,khorasan_razavi,2025-12-05,3,4,1
3456,bardeskan,khorasan_razavi,2025-12-06,3,5,2
3456,bardeskan,khorasan_razavi,2025-12-07,3,4,1
3456,bardeskan,khorasan_razavi,2025-12-08,3,4,1
3456,bardeskan,khorasan_razavi,2025-12-09,3,5,2
3456,bardeskan,khorasan_razavi,2025-12-10,3,5,2
3456,bardeskan,khorasan_razavi,2025-12-11,3,5,2
3456,bardeskan,khorasan_razavi,2025-12-12,3,4,1
3456,bardeskan,khorasan_razavi,2025-12-13,3,4,1
3456,bardeskan,khorasan_razavi,2025-12-14,3,4,1
3456,bardeskan,khorasan_razavi,2025-12-15,3,4,1
3456,bardeskan,khorasan_razavi,2025-12-16,3,5,2
3456,bardeskan,khorasan_razavi,2025-12-17,3,5,2
3456,bardeskan,khorasan_razavi,2025-12-18,3,5,2
3456,bardeskan,khorasan_razavi,2025-12-19,3,4,1
3456,bardeskan,khorasan_razavi,2025-12-20,3,4,1
3456,bardeskan,khorasan_razavi,2025-12-21,3,4,1
4198,barehsar,gilan,2025-11-22,36,38,2
4198,barehsar,gilan,2025-11-23,26,30,4
4198,barehsar,gilan,2025-11-24,5,9,4
4198,barehsar,gilan,2025-11-25,8,14,6
4198,barehsar,gilan,2025-11-26,2,9,7
4198,barehsar,gilan,2025-11-27,5,19,14
4198,barehsar,gilan,2025-11-28,0,4,4
4198,barehsar,gilan,2025-11-29,0,3,3
4198,barehsar,gilan,2025-11-30,2,5,3
4198,barehsar,gilan,2025-12-01,2,6,4
4198,barehsar,gilan,2025-12-02,3,8,5
4198,barehsar,gilan,2025-12-03,3,14,11
4198,barehsar,gilan,2025-12-04,3,33,30
4198,barehsar,gilan,2025-12-05,0,5,5
4198,barehsar,gilan,2025-12-06,0,7,7
4198,barehsar,gilan,2025-12-07,0,6,6
4198,barehsar,gilan,2025-12-08,0,6,6
4198,barehsar,gilan,2025-12-09,0,6,6
4198,barehsar,gilan,2025-12-10,0,9,9
4198,barehsar,gilan,2025-12-11,3,36,33
4198,barehsar,gilan,2025-12-12,0,6,6
4198,barehsar,gilan,2025-12-13,0,5,5
4198,barehsar,gilan,2025-12-14,0,5,5
4198,barehsar,gilan,2025-12-15,2,8,6
4198,barehsar,gilan,2025-12-16,0,7,7
4198,barehsar,gilan,2025-12-17,0,10,10
4198,barehsar,gilan,2025-12-18,0,19,19
4198,barehsar,gilan,2025-12-19,0,8,8
4198,barehsar,gilan,2025-12-20,0,5,5
4198,barehsar,gilan,2025-12-21,0,4,4
7280,barzok,isfahan,2025-11-22,0,0,0
7280,barzok,isfahan,2025-11-23,4,4,0
7280,barzok,isfahan,2025-11-24,0,0,0
7280,barzok,isfahan,2025-11-25,0,1,1
7280,barzok,isfahan,2025-11-26,0,2,2
7280,barzok,isfahan,2025-11-27,0,5,5
7280,barzok,isfahan,2025-11-28,1,2,1
7280,barzok,isfahan,2025-11-29,0,1,1
7280,barzok,isfahan,2025-11-30,0,1,1
7280,barzok,isfahan,2025-12-01,0,1,1
7280,barzok,isfahan,2025-12-02,0,1,1
7280,barzok,isfahan,2025-12-03,0,2,2
7280,barzok,isfahan,2025-12-04,11,29,18
7280,barzok,isfahan,2025-12-05,0,2,2
7280,barzok,isfahan,2025-12-06,0,2,2
7280,barzok,isfahan,2025-12-07,0,2,2
7280,barzok,isfahan,2025-12-08,0,2,2
7280,barzok,isfahan,2025-12-09,0,2,2
7280,barzok,isfahan,2025-12-10,0,2,2
7280,barzok,isfahan,2025-12-11,1,12,11
7280,barzok,isfahan,2025-12-12,0,2,2
7280,barzok,isfahan,2025-12-13,0,1,1
7280,barzok,isfahan,2025-12-14,0,1,1
7280,barzok,isfahan,2025-12-15,0,2,2
7280,barzok,isfahan,2025-12-16,0,2,2
7280,barzok,isfahan,2025-12-17,0,3,3
7280,barzok,isfahan,2025-12-18,0,9,9
7280,barzok,isfahan,2025-12-19,0,2,2
7280,barzok,isfahan,2025-12-20,0,2,2
7280,barzok,isfahan,2025-12-21,0,1,1
7458,bazarjome,gilan,2025-11-22,0,0,0
7458,bazarjome,gilan,2025-11-23,0,0,0
7458,bazarjome,gilan,2025-11-24,3,3,0
7458,bazarjome,gilan,2025-11-25,0,0,0
7458,bazarjome,gilan,2025-11-26,0,0,0
7458,bazarjome,gilan,2025-11-27,0,0,0
7458,bazarjome,gilan,2025-11-28,0,0,0
7458,bazarjome,gilan,2025-11-29,0,0,0
7458,bazarjome,gilan,2025-11-30,0,0,0
7458,bazarjome,gilan,2025-12-01,0,0,0
7458,bazarjome,gilan,2025-12-02,0,0,0
7458,bazarjome,gilan,2025-12-03,0,0,0
7458,bazarjome,gilan,2025-12-04,0,0,0
7458,bazarjome,gilan,2025-12-05,0,0,0
7458,bazarjome,gilan,2025-12-06,0,0,0
7458,bazarjome,gilan,2025-12-07,0,0,0
7458,bazarjome,gilan,2025-12-08,0,0,0
7458,bazarjome,gilan,2025-12-09,0,0,0
7458,bazarjome,gilan,2025-12-10,0,0,0
7458,bazarjome,gilan,2025-12-11,0,1,1
7458,bazarjome,gilan,2025-12-12,0,0,0
7458,bazarjome,gilan,2025-12-13,0,0,0
7458,bazarjome,gilan,2025-12-14,0,0,0
7458,bazarjome,gilan,2025-12-15,0,0,0
7458,bazarjome,gilan,2025-12-16,0,0,0
7458,bazarjome,gilan,2025-12-17,0,0,0
7458,bazarjome,gilan,2025-12-18,2,3,1
7458,bazarjome,gilan,2025-12-19,0,0,0
7458,bazarjome,gilan,2025-12-20,0,0,0
7458,bazarjome,gilan,2025-12-21,0,0,0
3478,behnamir,mazandaran,2025-11-22,6,7,1
3478,behnamir,mazandaran,2025-11-23,2,4,2
3478,behnamir,mazandaran,2025-11-24,4,7,3
3478,behnamir,mazandaran,2025-11-25,1,4,3
3478,behnamir,mazandaran,2025-11-26,0,6,6
3478,behnamir,mazandaran,2025-11-27,2,11,9
3478,behnamir,mazandaran,2025-11-28,0,3,3
3478,behnamir,mazandaran,2025-11-29,0,3,3
3478,behnamir,mazandaran,2025-11-30,0,3,3
3478,behnamir,mazandaran,2025-12-01,0,3,3
3478,behnamir,mazandaran,2025-12-02,0,3,3
3478,behnamir,mazandaran,2025-12-03,2,10,8
3478,behnamir,mazandaran,2025-12-04,2,18,16
3478,behnamir,mazandaran,2025-12-05,0,3,3
3478,behnamir,mazandaran,2025-12-06,2,5,3
3478,behnamir,mazandaran,2025-12-07,5,9,4
3478,behnamir,mazandaran,2025-12-08,0,3,3
3478,behnamir,mazandaran,2025-12-09,0,3,3
3478,behnamir,mazandaran,2025-12-10,2,8,6
3478,behnamir,mazandaran,2025-12-11,2,14,12
3478,behnamir,mazandaran,2025-12-12,3,7,4
3478,behnamir,mazandaran,2025-12-13,3,7,4
3478,behnamir,mazandaran,2025-12-14,2,5,3
3478,behnamir,mazandaran,2025-12-15,2,6,4
3478,behnamir,mazandaran,2025-12-16,0,4,4
3478,behnamir,mazandaran,2025-12-17,0,8,8
3478,behnamir,mazandaran,2025-12-18,1,12,11
3478,behnamir,mazandaran,2025-12-19,0,5,5
3478,behnamir,mazandaran,2025-12-20,0,3,3
3478,behnamir,mazandaran,2025-12-21,0,3,3
3333,behshahr,mazandaran,2025-11-22,582,665,83
3333,behshahr,mazandaran,2025-11-23,485,624,139
3333,behshahr,mazandaran,2025-11-24,359,545,186
3333,behshahr,mazandaran,2025-11-25,407,622,215
3333,behshahr,mazandaran,2025-11-26,334,718,384
3333,behshahr,mazandaran,2025-11-27,438,1115,677
3333,behshahr,mazandaran,2025-11-28,135,372,237
3333,behshahr,mazandaran,2025-11-29,112,299,187
3333,behshahr,mazandaran,2025-11-30,71,273,202
3333,behshahr,mazandaran,2025-12-01,99,316,217
3333,behshahr,mazandaran,2025-12-02,127,382,255
3333,behshahr,mazandaran,2025-12-03,114,518,404
3333,behshahr,mazandaran,2025-12-04,138,975,837
3333,behshahr,mazandaran,2025-12-05,44,314,270
3333,behshahr,mazandaran,2025-12-06,54,329,275
3333,behshahr,mazandaran,2025-12-07,47,310,263
3333,behshahr,mazandaran,2025-12-08,61,323,262
3333,behshahr,mazandaran,2025-12-09,40,309,269
3333,behshahr,mazandaran,2025-12-10,86,481,395
3333,behshahr,mazandaran,2025-12-11,105,1077,972
3333,behshahr,mazandaran,2025-12-12,37,317,280
3333,behshahr,mazandaran,2025-12-13,44,298,254
3333,behshahr,mazandaran,2025-12-14,31,260,229
3333,behshahr,mazandaran,2025-12-15,31,320,289
3333,behshahr,mazandaran,2025-12-16,42,376,334
3333,behshahr,mazandaran,2025-12-17,28,457,429
3333,behshahr,mazandaran,2025-12-18,51,758,707
3333,behshahr,mazandaran,2025-12-19,20,348,328
3333,behshahr,mazandaran,2025-12-20,19,287,268
3333,behshahr,mazandaran,2025-12-21,9,214,205
6379,bejestan,khorasan_razavi,2025-11-22,0,0,0
6379,bejestan,khorasan_razavi,2025-11-23,0,0,0
6379,bejestan,khorasan_razavi,2025-11-24,0,0,0
6379,bejestan,khorasan_razavi,2025-11-25,0,0,0
6379,bejestan,khorasan_razavi,2025-11-26,0,0,0
6379,bejestan,khorasan_razavi,2025-11-27,0,0,0
6379,bejestan,khorasan_razavi,2025-11-28,0,0,0
6379,bejestan,khorasan_razavi,2025-11-29,0,0,0
6379,bejestan,khorasan_razavi,2025-11-30,0,0,0
6379,bejestan,khorasan_razavi,2025-12-01,0,0,0
6379,bejestan,khorasan_razavi,2025-12-02,0,0,0
6379,bejestan,khorasan_razavi,2025-12-03,0,0,0
6379,bejestan,khorasan_razavi,2025-12-04,0,0,0
6379,bejestan,khorasan_razavi,2025-12-05,0,0,0
6379,bejestan,khorasan_razavi,2025-12-06,0,0,0
6379,bejestan,khorasan_razavi,2025-12-07,0,0,0
6379,bejestan,khorasan_razavi,2025-12-08,0,0,0
6379,bejestan,khorasan_razavi,2025-12-09,0,0,0
6379,bejestan,khorasan_razavi,2025-12-10,0,0,0
6379,bejestan,khorasan_razavi,2025-12-11,0,0,0
6379,bejestan,khorasan_razavi,2025-12-12,0,0,0
6379,bejestan,khorasan_razavi,2025-12-13,0,0,0
6379,bejestan,khorasan_razavi,2025-12-14,0,0,0
6379,bejestan,khorasan_razavi,2025-12-15,0,0,0
6379,bejestan,khorasan_razavi,2025-12-16,0,0,0
6379,bejestan,khorasan_razavi,2025-12-17,0,0,0
6379,bejestan,khorasan_razavi,2025-12-18,0,0,0
6379,bejestan,khorasan_razavi,2025-12-19,0,0,0
6379,bejestan,khorasan_razavi,2025-12-20,0,0,0
6379,bejestan,khorasan_razavi,2025-12-21,0,0,0
3752,bika,hormozgan,2025-11-22,0,0,0
3752,bika,hormozgan,2025-11-23,0,0,0
3752,bika,hormozgan,2025-11-24,0,0,0
3752,bika,hormozgan,2025-11-25,0,0,0
3752,bika,hormozgan,2025-11-26,0,0,0
3752,bika,hormozgan,2025-11-27,0,0,0
3752,bika,hormozgan,2025-11-28,0,0,0
3752,bika,hormozgan,2025-11-29,0,0,0
3752,bika,hormozgan,2025-11-30,0,0,0
3752,bika,hormozgan,2025-12-01,0,0,0
3752,bika,hormozgan,2025-12-02,0,0,0
3752,bika,hormozgan,2025-12-03,0,0,0
3752,bika,hormozgan,2025-12-04,0,0,0
3752,bika,hormozgan,2025-12-05,0,0,0
3752,bika,hormozgan,2025-12-06,0,0,0
3752,bika,hormozgan,2025-12-07,0,0,0
3752,bika,hormozgan,2025-12-08,0,0,0
3752,bika,hormozgan,2025-12-09,0,0,0
3752,bika,hormozgan,2025-12-10,0,0,0
3752,bika,hormozgan,2025-12-11,0,0,0
3752,bika,hormozgan,2025-12-12,0,0,0
3752,bika,hormozgan,2025-12-13,0,0,0
3752,bika,hormozgan,2025-12-14,0,0,0
3752,bika,hormozgan,2025-12-15,0,0,0
3752,bika,hormozgan,2025-12-16,0,0,0
3752,bika,hormozgan,2025-12-17,0,0,0
3752,bika,hormozgan,2025-12-18,0,0,0
3752,bika,hormozgan,2025-12-19,0,0,0
3752,bika,hormozgan,2025-12-20,0,0,0
3752,bika,hormozgan,2025-12-21,0,0,0
7599,binalood,khorasan_razavi,2025-11-22,1,1,0
7599,binalood,khorasan_razavi,2025-11-23,1,1,0
7599,binalood,khorasan_razavi,2025-11-24,1,1,0
7599,binalood,khorasan_razavi,2025-11-25,0,0,0
7599,binalood,khorasan_razavi,2025-11-26,0,0,0
7599,binalood,khorasan_razavi,2025-11-27,0,0,0
7599,binalood,khorasan_razavi,2025-11-28,0,0,0
7599,binalood,khorasan_razavi,2025-11-29,0,0,0
7599,binalood,khorasan_razavi,2025-11-30,0,0,0
7599,binalood,khorasan_razavi,2025-12-01,0,0,0
7599,binalood,khorasan_razavi,2025-12-02,0,0,0
7599,binalood,khorasan_razavi,2025-12-03,0,0,0
7599,binalood,khorasan_razavi,2025-12-04,0,0,0
7599,binalood,khorasan_razavi,2025-12-05,0,0,0
7599,binalood,khorasan_razavi,2025-12-06,0,0,0
7599,binalood,khorasan_razavi,2025-12-07,0,0,0
7599,binalood,khorasan_razavi,2025-12-08,0,0,0
7599,binalood,khorasan_razavi,2025-12-09,0,0,0
7599,binalood,khorasan_razavi,2025-12-10,0,0,0
7599,binalood,khorasan_razavi,2025-12-11,0,0,0
7599,binalood,khorasan_razavi,2025-12-12,0,0,0
7599,binalood,khorasan_razavi,2025-12-13,0,0,0
7599,binalood,khorasan_razavi,2025-12-14,0,0,0
7599,binalood,khorasan_razavi,2025-12-15,0,0,0
7599,binalood,khorasan_razavi,2025-12-16,0,0,0
7599,binalood,khorasan_razavi,2025-12-17,0,0,0
7599,binalood,khorasan_razavi,2025-12-18,0,0,0
7599,binalood,khorasan_razavi,2025-12-19,0,0,0
7599,binalood,khorasan_razavi,2025-12-20,0,0,0
7599,binalood,khorasan_razavi,2025-12-21,0,0,0
9647,buin_va_miandasht,isfahan,2025-11-22,0,0,0
9647,buin_va_miandasht,isfahan,2025-11-23,0,0,0
9647,buin_va_miandasht,isfahan,2025-11-24,0,0,0
9647,buin_va_miandasht,isfahan,2025-11-25,0,0,0
9647,buin_va_miandasht,isfahan,2025-11-26,0,0,0
9647,buin_va_miandasht,isfahan,2025-11-27,0,0,0
9647,buin_va_miandasht,isfahan,2025-11-28,0,0,0
9647,buin_va_miandasht,isfahan,2025-11-29,0,0,0
9647,buin_va_miandasht,isfahan,2025-11-30,0,0,0
9647,buin_va_miandasht,isfahan,2025-12-01,0,0,0
9647,buin_va_miandasht,isfahan,2025-12-02,0,0,0
9647,buin_va_miandasht,isfahan,2025-12-03,0,0,0
9647,buin_va_miandasht,isfahan,2025-12-04,0,0,0
9647,buin_va_miandasht,isfahan,2025-12-05,0,0,0
9647,buin_va_miandasht,isfahan,2025-12-06,0,0,0
9647,buin_va_miandasht,isfahan,2025-12-07,0,0,0
9647,buin_va_miandasht,isfahan,2025-12-08,0,0,0
9647,buin_va_miandasht,isfahan,2025-12-09,0,0,0
9647,buin_va_miandasht,isfahan,2025-12-10,0,0,0
9647,buin_va_miandasht,isfahan,2025-12-11,0,0,0
9647,buin_va_miandasht,isfahan,2025-12-12,0,0,0
9647,buin_va_miandasht,isfahan,2025-12-13,0,0,0
9647,buin_va_miandasht,isfahan,2025-12-14,0,0,0
9647,buin_va_miandasht,isfahan,2025-12-15,0,0,0
9647,buin_va_miandasht,isfahan,2025-12-16,0,0,0
9647,buin_va_miandasht,isfahan,2025-12-17,0,0,0
9647,buin_va_miandasht,isfahan,2025-12-18,0,0,0
9647,buin_va_miandasht,isfahan,2025-12-19,0,0,0
9647,buin_va_miandasht,isfahan,2025-12-20,0,0,0
9647,buin_va_miandasht,isfahan,2025-12-21,0,0,0
3217,bumehen,tehran,2025-11-22,49,62,13
3217,bumehen,tehran,2025-11-23,59,87,28
3217,bumehen,tehran,2025-11-24,57,94,37
3217,bumehen,tehran,2025-11-25,38,79,41
3217,bumehen,tehran,2025-11-26,29,89,60
3217,bumehen,tehran,2025-11-27,108,293,185
3217,bumehen,tehran,2025-11-28,16,80,64
3217,bumehen,tehran,2025-11-29,18,62,44
3217,bumehen,tehran,2025-11-30,11,63,52
3217,bumehen,tehran,2025-12-01,16,69,53
3217,bumehen,tehran,2025-12-02,4,53,49
3217,bumehen,tehran,2025-12-03,12,81,69
3217,bumehen,tehran,2025-12-04,38,311,273
3217,bumehen,tehran,2025-12-05,17,112,95
3217,bumehen,tehran,2025-12-06,8,76,68
3217,bumehen,tehran,2025-12-07,5,69,64
3217,bumehen,tehran,2025-12-08,10,72,62
3217,bumehen,tehran,2025-12-09,7,81,74
3217,bumehen,tehran,2025-12-10,8,90,82
3217,bumehen,tehran,2025-12-11,21,339,318
3217,bumehen,tehran,2025-12-12,1,108,107
3217,bumehen,tehran,2025-12-13,1,66,65
3217,bumehen,tehran,2025-12-14,1,63,62
3217,bumehen,tehran,2025-12-15,1,79,78
3217,bumehen,tehran,2025-12-16,4,93,89
3217,bumehen,tehran,2025-12-17,1,100,99
3217,bumehen,tehran,2025-12-18,16,321,305
3217,bumehen,tehran,2025-12-19,4,149,145
3217,bumehen,tehran,2025-12-20,5,85,80
3217,bumehen,tehran,2025-12-21,7,56,49
9879,chaboksar,gilan,2025-11-22,736,815,79
9879,chaboksar,gilan,2025-11-23,582,739,157
9879,chaboksar,gilan,2025-11-24,398,578,180
9879,chaboksar,gilan,2025-11-25,389,633,244
9879,chaboksar,gilan,2025-11-26,494,993,499
9879,chaboksar,gilan,2025-11-27,355,882,527
9879,chaboksar,gilan,2025-11-28,107,307,200
9879,chaboksar,gilan,2025-11-29,134,343,209
9879,chaboksar,gilan,2025-11-30,188,443,255
9879,chaboksar,gilan,2025-12-01,171,428,257
9879,chaboksar,gilan,2025-12-02,158,459,301
9879,chaboksar,gilan,2025-12-03,157,672,515
9879,chaboksar,gilan,2025-12-04,183,1196,1013
9879,chaboksar,gilan,2025-12-05,46,300,254
9879,chaboksar,gilan,2025-12-06,52,345,293
9879,chaboksar,gilan,2025-12-07,77,369,292
9879,chaboksar,gilan,2025-12-08,76,354,278
9879,chaboksar,gilan,2025-12-09,59,388,329
9879,chaboksar,gilan,2025-12-10,61,531,470
9879,chaboksar,gilan,2025-12-11,44,755,711
9879,chaboksar,gilan,2025-12-12,36,385,349
9879,chaboksar,gilan,2025-12-13,44,317,273
9879,chaboksar,gilan,2025-12-14,50,317,267
9879,chaboksar,gilan,2025-12-15,40,355,315
9879,chaboksar,gilan,2025-12-16,40,378,338
9879,chaboksar,gilan,2025-12-17,60,543,483
9879,chaboksar,gilan,2025-12-18,66,859,793
9879,chaboksar,gilan,2025-12-19,51,431,380
9879,chaboksar,gilan,2025-12-20,33,299,266
9879,chaboksar,gilan,2025-12-21,26,235,209
9880,chadegan,isfahan,2025-11-22,50,55,5
9880,chadegan,isfahan,2025-11-23,131,160,29
9880,chadegan,isfahan,2025-11-24,65,86,21
9880,chadegan,isfahan,2025-11-25,30,46,16
9880,chadegan,isfahan,2025-11-26,59,108,49
9880,chadegan,isfahan,2025-11-27,122,323,201
9880,chadegan,isfahan,2025-11-28,14,38,24
9880,chadegan,isfahan,2025-11-29,14,32,18
9880,chadegan,isfahan,2025-11-30,19,46,27
9880,chadegan,isfahan,2025-12-01,8,30,22
9880,chadegan,isfahan,2025-12-02,3,33,30
9880,chadegan,isfahan,2025-12-03,19,78,59
9880,chadegan,isfahan,2025-12-04,28,227,199
9880,chadegan,isfahan,2025-12-05,4,34,30
9880,chadegan,isfahan,2025-12-06,4,46,42
9880,chadegan,isfahan,2025-12-07,2,41,39
9880,chadegan,isfahan,2025-12-08,5,40,35
9880,chadegan,isfahan,2025-12-09,3,44,41
9880,chadegan,isfahan,2025-12-10,0,64,64
9880,chadegan,isfahan,2025-12-11,10,255,245
9880,chadegan,isfahan,2025-12-12,2,48,46
9880,chadegan,isfahan,2025-12-13,2,43,41
9880,chadegan,isfahan,2025-12-14,0,37,37
9880,chadegan,isfahan,2025-12-15,0,48,48
9880,chadegan,isfahan,2025-12-16,0,50,50
9880,chadegan,isfahan,2025-12-17,6,103,97
9880,chadegan,isfahan,2025-12-18,19,265,246
9880,chadegan,isfahan,2025-12-19,5,74,69
9880,chadegan,isfahan,2025-12-20,1,47,46
9880,chadegan,isfahan,2025-12-21,2,32,30
4609,chaharbagh,alborz,2025-11-22,222,269,47
4609,chaharbagh,alborz,2025-11-23,318,445,127
4609,chaharbagh,alborz,2025-11-24,256,410,154
4609,chaharbagh,alborz,2025-11-25,158,320,162
4609,chaharbagh,alborz,2025-11-26,140,377,237
4609,chaharbagh,alborz,2025-11-27,295,881,586
4609,chaharbagh,alborz,2025-11-28,187,497,310
4609,chaharbagh,alborz,2025-11-29,56,221,165
4609,chaharbagh,alborz,2025-11-30,74,259,185
4609,chaharbagh,alborz,2025-12-01,65,271,206
4609,chaharbagh,alborz,2025-12-02,97,341,244
4609,chaharbagh,alborz,2025-12-03,50,328,278
4609,chaharbagh,alborz,2025-12-04,151,1103,952
4609,chaharbagh,alborz,2025-12-05,49,424,375
4609,chaharbagh,alborz,2025-12-06,24,272,248
4609,chaharbagh,alborz,2025-12-07,35,235,200
4609,chaharbagh,alborz,2025-12-08,37,248,211
4609,chaharbagh,alborz,2025-12-09,30,250,220
4609,chaharbagh,alborz,2025-12-10,54,383,329
4609,chaharbagh,alborz,2025-12-11,102,963,861
4609,chaharbagh,alborz,2025-12-12,21,387,366
4609,chaharbagh,alborz,2025-12-13,13,287,274
4609,chaharbagh,alborz,2025-12-14,13,241,228
4609,chaharbagh,alborz,2025-12-15,17,276,259
4609,chaharbagh,alborz,2025-12-16,20,290,270
4609,chaharbagh,alborz,2025-12-17,42,348,306
4609,chaharbagh,alborz,2025-12-18,108,1010,902
4609,chaharbagh,alborz,2025-12-19,58,467,409
4609,chaharbagh,alborz,2025-12-20,12,298,286
4609,chaharbagh,alborz,2025-12-21,5,261,256
4797,chahardangeh,tehran,2025-11-22,0,0,0
4797,chahardangeh,tehran,2025-11-23,0,0,0
4797,chahardangeh,tehran,2025-11-24,0,0,0
4797,chahardangeh,tehran,2025-11-25,0,0,0
4797,chahardangeh,tehran,2025-11-26,0,0,0
4797,chahardangeh,tehran,2025-11-27,0,0,0
4797,chahardangeh,tehran,2025-11-28,0,0,0
4797,chahardangeh,tehran,2025-11-29,0,0,0
4797,chahardangeh,tehran,2025-11-30,0,0,0
4797,chahardangeh,tehran,2025-12-01,0,0,0
4797,chahardangeh,tehran,2025-12-02,0,0,0
4797,chahardangeh,tehran,2025-12-03,0,0,0
4797,chahardangeh,tehran,2025-12-04,0,0,0
4797,chahardangeh,tehran,2025-12-05,0,0,0
4797,chahardangeh,tehran,2025-12-06,0,0,0
4797,chahardangeh,tehran,2025-12-07,0,0,0
4797,chahardangeh,tehran,2025-12-08,0,0,0
4797,chahardangeh,tehran,2025-12-09,0,0,0
4797,chahardangeh,tehran,2025-12-10,0,0,0
4797,chahardangeh,tehran,2025-12-11,0,0,0
4797,chahardangeh,tehran,2025-12-12,0,0,0
4797,chahardangeh,tehran,2025-12-13,0,0,0
4797,chahardangeh,tehran,2025-12-14,0,0,0
4797,chahardangeh,tehran,2025-12-15,0,0,0
4797,chahardangeh,tehran,2025-12-16,0,0,0
4797,chahardangeh,tehran,2025-12-17,0,0,0
4797,chahardangeh,tehran,2025-12-18,0,0,0
4797,chahardangeh,tehran,2025-12-19,0,0,0
4797,chahardangeh,tehran,2025-12-20,0,0,0
4797,chahardangeh,tehran,2025-12-21,0,0,0
8139,chalandar,mazandaran,2025-11-22,44,47,3
8139,chalandar,mazandaran,2025-11-23,15,19,4
8139,chalandar,mazandaran,2025-11-24,27,34,7
8139,chalandar,mazandaran,2025-11-25,31,40,9
8139,chalandar,mazandaran,2025-11-26,15,33,18
8139,chalandar,mazandaran,2025-11-27,15,37,22
8139,chalandar,mazandaran,2025-11-28,7,14,7
8139,chalandar,mazandaran,2025-11-29,4,10,6
8139,chalandar,mazandaran,2025-11-30,5,12,7
8139,chalandar,mazandaran,2025-12-01,5,12,7
8139,chalandar,mazandaran,2025-12-02,6,15,9
8139,chalandar,mazandaran,2025-12-03,10,24,14
8139,chalandar,mazandaran,2025-12-04,6,39,33
8139,chalandar,mazandaran,2025-12-05,1,10,9
8139,chalandar,mazandaran,2025-12-06,1,11,10
8139,chalandar,mazandaran,2025-12-07,1,10,9
8139,chalandar,mazandaran,2025-12-08,1,10,9
8139,chalandar,mazandaran,2025-12-09,2,12,10
8139,chalandar,mazandaran,2025-12-10,2,18,16
8139,chalandar,mazandaran,2025-12-11,2,34,32
8139,chalandar,mazandaran,2025-12-12,3,14,11
8139,chalandar,mazandaran,2025-12-13,1,10,9
8139,chalandar,mazandaran,2025-12-14,2,11,9
8139,chalandar,mazandaran,2025-12-15,2,13,11
8139,chalandar,mazandaran,2025-12-16,2,14,12
8139,chalandar,mazandaran,2025-12-17,2,21,19
8139,chalandar,mazandaran,2025-12-18,3,27,24
8139,chalandar,mazandaran,2025-12-19,4,16,12
8139,chalandar,mazandaran,2025-12-20,1,11,10
8139,chalandar,mazandaran,2025-12-21,1,9,8
8728,chali,mazandaran,2025-11-22,0,0,0
8728,chali,mazandaran,2025-11-23,0,0,0
8728,chali,mazandaran,2025-11-24,0,0,0
8728,chali,mazandaran,2025-11-25,0,0,0
8728,chali,mazandaran,2025-11-26,0,0,0
8728,chali,mazandaran,2025-11-27,0,0,0
8728,chali,mazandaran,2025-11-28,0,0,0
8728,chali,mazandaran,2025-11-29,0,0,0
8728,chali,mazandaran,2025-11-30,0,0,0
8728,chali,mazandaran,2025-12-01,0,0,0
8728,chali,mazandaran,2025-12-02,0,0,0
8728,chali,mazandaran,2025-12-03,0,0,0
8728,chali,mazandaran,2025-12-04,0,0,0
8728,chali,mazandaran,2025-12-05,0,0,0
8728,chali,mazandaran,2025-12-06,0,0,0
8728,chali,mazandaran,2025-12-07,0,0,0
8728,chali,mazandaran,2025-12-08,0,0,0
8728,chali,mazandaran,2025-12-09,0,0,0
8728,chali,mazandaran,2025-12-10,0,0,0
8728,chali,mazandaran,2025-12-11,0,0,0
8728,chali,mazandaran,2025-12-12,0,0,0
8728,chali,mazandaran,2025-12-13,0,0,0
8728,chali,mazandaran,2025-12-14,0,0,0
8728,chali,mazandaran,2025-12-15,0,0,0
8728,chali,mazandaran,2025-12-16,0,0,0
8728,chali,mazandaran,2025-12-17,0,0,0
8728,chali,mazandaran,2025-12-18,0,0,0
8728,chali,mazandaran,2025-12-19,0,0,0
8728,chali,mazandaran,2025-12-20,0,0,0
8728,chali,mazandaran,2025-12-21,0,0,0
9770,chalus,mazandaran,2025-11-22,6994,8033,1039
9770,chalus,mazandaran,2025-11-23,6066,8438,2372
9770,chalus,mazandaran,2025-11-24,4539,7097,2558
9770,chalus,mazandaran,2025-11-25,3683,6998,3315
9770,chalus,mazandaran,2025-11-26,4922,11949,7027
9770,chalus,mazandaran,2025-11-27,5493,16814,11321
9770,chalus,mazandaran,2025-11-28,1804,5407,3603
9770,chalus,mazandaran,2025-11-29,1588,4483,2895
9770,chalus,mazandaran,2025-11-30,1425,4568,3143
9770,chalus,mazandaran,2025-12-01,1159,4116,2957
9770,chalus,mazandaran,2025-12-02,1023,4238,3215
9770,chalus,mazandaran,2025-12-03,1386,7493,6107
9770,chalus,mazandaran,2025-12-04,1704,13726,12022
9770,chalus,mazandaran,2025-12-05,757,5218,4461
9770,chalus,mazandaran,2025-12-06,709,4257,3548
9770,chalus,mazandaran,2025-12-07,592,3774,3182
9770,chalus,mazandaran,2025-12-08,617,3999,3382
9770,chalus,mazandaran,2025-12-09,590,4277,3687
9770,chalus,mazandaran,2025-12-10,691,7286,6595
9770,chalus,mazandaran,2025-12-11,884,14802,13918
9770,chalus,mazandaran,2025-12-12,451,5206,4755
9770,chalus,mazandaran,2025-12-13,357,3911,3554
9770,chalus,mazandaran,2025-12-14,323,3456,3133
9770,chalus,mazandaran,2025-12-15,370,4464,4094
9770,chalus,mazandaran,2025-12-16,413,5151,4738
9770,chalus,mazandaran,2025-12-17,578,8326,7748
9770,chalus,mazandaran,2025-12-18,773,12322,11549
9770,chalus,mazandaran,2025-12-19,472,6110,5638
9770,chalus,mazandaran,2025-12-20,387,4950,4563
9770,chalus,mazandaran,2025-12-21,100,2704,2604
8979,chamestan,mazandaran,2025-11-22,443,513,70
8979,chamestan,mazandaran,2025-11-23,327,455,128
8979,chamestan,mazandaran,2025-11-24,183,322,139
8979,chamestan,mazandaran,2025-11-25,138,322,184
8979,chamestan,mazandaran,2025-11-26,290,740,450
8979,chamestan,mazandaran,2025-11-27,414,1270,856
8979,chamestan,mazandaran,2025-11-28,116,379,263
8979,chamestan,mazandaran,2025-11-29,56,233,177
8979,chamestan,mazandaran,2025-11-30,48,246,198
8979,chamestan,mazandaran,2025-12-01,67,270,203
8979,chamestan,mazandaran,2025-12-02,59,292,233
8979,chamestan,mazandaran,2025-12-03,122,558,436
8979,chamestan,mazandaran,2025-12-04,129,1091,962
8979,chamestan,mazandaran,2025-12-05,46,312,266
8979,chamestan,mazandaran,2025-12-06,43,252,209
8979,chamestan,mazandaran,2025-12-07,46,240,194
8979,chamestan,mazandaran,2025-12-08,36,231,195
8979,chamestan,mazandaran,2025-12-09,26,285,259
8979,chamestan,mazandaran,2025-12-10,16,368,352
8979,chamestan,mazandaran,2025-12-11,20,768,748
8979,chamestan,mazandaran,2025-12-12,11,288,277
8979,chamestan,mazandaran,2025-12-13,19,246,227
8979,chamestan,mazandaran,2025-12-14,13,236,223
8979,chamestan,mazandaran,2025-12-15,23,226,203
8979,chamestan,mazandaran,2025-12-16,46,320,274
8979,chamestan,mazandaran,2025-12-17,60,550,490
8979,chamestan,mazandaran,2025-12-18,51,700,649
8979,chamestan,mazandaran,2025-12-19,38,394,356
8979,chamestan,mazandaran,2025-12-20,14,220,206
8979,chamestan,mazandaran,2025-12-21,0,171,171
1751,chamgordan,isfahan,2025-11-22,0,0,0
1751,chamgordan,isfahan,2025-11-23,0,0,0
1751,chamgordan,isfahan,2025-11-24,0,0,0
1751,chamgordan,isfahan,2025-11-25,0,0,0
1751,chamgordan,isfahan,2025-11-26,0,0,0
1751,chamgordan,isfahan,2025-11-27,0,0,0
1751,chamgordan,isfahan,2025-11-28,0,0,0
1751,chamgordan,isfahan,2025-11-29,0,0,0
1751,chamgordan,isfahan,2025-11-30,0,0,0
1751,chamgordan,isfahan,2025-12-01,0,0,0
1751,chamgordan,isfahan,2025-12-02,0,0,0
1751,chamgordan,isfahan,2025-12-03,0,0,0
1751,chamgordan,isfahan,2025-12-04,0,0,0
1751,chamgordan,isfahan,2025-12-05,0,0,0
1751,chamgordan,isfahan,2025-12-06,0,0,0
1751,chamgordan,isfahan,2025-12-07,0,0,0
1751,chamgordan,isfahan,2025-12-08,0,0,0
1751,chamgordan,isfahan,2025-12-09,0,0,0
1751,chamgordan,isfahan,2025-12-10,0,0,0
1751,chamgordan,isfahan,2025-12-11,0,0,0
1751,chamgordan,isfahan,2025-12-12,0,0,0
1751,chamgordan,isfahan,2025-12-13,0,0,0
1751,chamgordan,isfahan,2025-12-14,0,0,0
1751,chamgordan,isfahan,2025-12-15,0,0,0
1751,chamgordan,isfahan,2025-12-16,0,0,0
1751,chamgordan,isfahan,2025-12-17,0,0,0
1751,chamgordan,isfahan,2025-12-18,0,0,0
1751,chamgordan,isfahan,2025-12-19,0,0,0
1751,chamgordan,isfahan,2025-12-20,0,0,0
1751,chamgordan,isfahan,2025-12-21,0,0,0
7201,chamkhaleh,gilan,2025-11-22,346,395,49
7201,chamkhaleh,gilan,2025-11-23,229,298,69
7201,chamkhaleh,gilan,2025-11-24,244,365,121
7201,chamkhaleh,gilan,2025-11-25,248,425,177
7201,chamkhaleh,gilan,2025-11-26,347,738,391
7201,chamkhaleh,gilan,2025-11-27,322,833,511
7201,chamkhaleh,gilan,2025-11-28,148,360,212
7201,chamkhaleh,gilan,2025-11-29,94,242,148
7201,chamkhaleh,gilan,2025-11-30,43,190,147
7201,chamkhaleh,gilan,2025-12-01,49,209,160
7201,chamkhaleh,gilan,2025-12-02,49,243,194
7201,chamkhaleh,gilan,2025-12-03,69,452,383
7201,chamkhaleh,gilan,2025-12-04,92,707,615
7201,chamkhaleh,gilan,2025-12-05,51,290,239
7201,chamkhaleh,gilan,2025-12-06,32,241,209
7201,chamkhaleh,gilan,2025-12-07,40,244,204
7201,chamkhaleh,gilan,2025-12-08,44,241,197
7201,chamkhaleh,gilan,2025-12-09,47,237,190
7201,chamkhaleh,gilan,2025-12-10,41,326,285
7201,chamkhaleh,gilan,2025-12-11,38,647,609
7201,chamkhaleh,gilan,2025-12-12,36,310,274
7201,chamkhaleh,gilan,2025-12-13,28,232,204
7201,chamkhaleh,gilan,2025-12-14,24,204,180
7201,chamkhaleh,gilan,2025-12-15,21,246,225
7201,chamkhaleh,gilan,2025-12-16,22,270,248
7201,chamkhaleh,gilan,2025-12-17,22,383,361
7201,chamkhaleh,gilan,2025-12-18,51,615,564
7201,chamkhaleh,gilan,2025-12-19,24,292,268
7201,chamkhaleh,gilan,2025-12-20,31,217,186
7201,chamkhaleh,gilan,2025-12-21,3,138,135
5933,charak,hormozgan,2025-11-22,2,4,2
5933,charak,hormozgan,2025-11-23,7,12,5
5933,charak,hormozgan,2025-11-24,7,14,7
5933,charak,hormozgan,2025-11-25,2,7,5
5933,charak,hormozgan,2025-11-26,6,17,11
5933,charak,hormozgan,2025-11-27,2,10,8
5933,charak,hormozgan,2025-11-28,4,8,4
5933,charak,hormozgan,2025-11-29,1,4,3
5933,charak,hormozgan,2025-11-30,1,6,5
5933,charak,hormozgan,2025-12-01,2,8,6
5933,charak,hormozgan,2025-12-02,2,10,8
5933,charak,hormozgan,2025-12-03,3,12,9
5933,charak,hormozgan,2025-12-04,2,16,14
5933,charak,hormozgan,2025-12-05,2,12,10
5933,charak,hormozgan,2025-12-06,2,12,10
5933,charak,hormozgan,2025-12-07,1,8,7
5933,charak,hormozgan,2025-12-08,2,11,9
5933,charak,hormozgan,2025-12-09,2,11,9
5933,charak,hormozgan,2025-12-10,1,9,8
5933,charak,hormozgan,2025-12-11,1,12,11
5933,charak,hormozgan,2025-12-12,2,10,8
5933,charak,hormozgan,2025-12-13,1,8,7
5933,charak,hormozgan,2025-12-14,1,7,6
5933,charak,hormozgan,2025-12-15,1,13,12
5933,charak,hormozgan,2025-12-16,1,13,12
5933,charak,hormozgan,2025-12-17,1,13,12
5933,charak,hormozgan,2025-12-18,1,12,11
5933,charak,hormozgan,2025-12-19,1,8,7
5933,charak,hormozgan,2025-12-20,0,8,8
5933,charak,hormozgan,2025-12-21,0,4,4
6430,chenaran,khorasan_razavi,2025-11-22,2,2,0
6430,chenaran,khorasan_razavi,2025-11-23,2,3,1
6430,chenaran,khorasan_razavi,2025-11-24,1,3,2
6430,chenaran,khorasan_razavi,2025-11-25,1,3,2
6430,chenaran,khorasan_razavi,2025-11-26,0,3,3
6430,chenaran,khorasan_razavi,2025-11-27,5,13,8
6430,chenaran,khorasan_razavi,2025-11-28,0,3,3
6430,chenaran,khorasan_razavi,2025-11-29,1,4,3
6430,chenaran,khorasan_razavi,2025-11-30,0,3,3
6430,chenaran,khorasan_razavi,2025-12-01,2,5,3
6430,chenaran,khorasan_razavi,2025-12-02,0,3,3
6430,chenaran,khorasan_razavi,2025-12-03,2,6,4
6430,chenaran,khorasan_razavi,2025-12-04,1,14,13
6430,chenaran,khorasan_razavi,2025-12-05,0,4,4
6430,chenaran,khorasan_razavi,2025-12-06,0,4,4
6430,chenaran,khorasan_razavi,2025-12-07,0,4,4
6430,chenaran,khorasan_razavi,2025-12-08,0,4,4
6430,chenaran,khorasan_razavi,2025-12-09,0,4,4
6430,chenaran,khorasan_razavi,2025-12-10,0,5,5
6430,chenaran,khorasan_razavi,2025-12-11,0,13,13
6430,chenaran,khorasan_razavi,2025-12-12,0,4,4
6430,chenaran,khorasan_razavi,2025-12-13,0,4,4
6430,chenaran,khorasan_razavi,2025-12-14,0,4,4
6430,chenaran,khorasan_razavi,2025-12-15,0,5,5
6430,chenaran,khorasan_razavi,2025-12-16,0,5,5
6430,chenaran,khorasan_razavi,2025-12-17,0,5,5
6430,chenaran,khorasan_razavi,2025-12-18,0,11,11
6430,chenaran,khorasan_razavi,2025-12-19,0,4,4
6430,chenaran,khorasan_razavi,2025-12-20,0,4,4
6430,chenaran,khorasan_razavi,2025-12-21,0,3,3
2854,choobar,gilan,2025-11-22,15,17,2
2854,choobar,gilan,2025-11-23,11,14,3
2854,choobar,gilan,2025-11-24,5,8,3
2854,choobar,gilan,2025-11-25,8,14,6
2854,choobar,gilan,2025-11-26,10,19,9
2854,choobar,gilan,2025-11-27,7,17,10
2854,choobar,gilan,2025-11-28,3,6,3
2854,choobar,gilan,2025-11-29,4,7,3
2854,choobar,gilan,2025-11-30,5,8,3
2854,choobar,gilan,2025-12-01,3,6,3
2854,choobar,gilan,2025-12-02,0,3,3
2854,choobar,gilan,2025-12-03,0,5,5
2854,choobar,gilan,2025-12-04,0,13,13
2854,choobar,gilan,2025-12-05,0,4,4
2854,choobar,gilan,2025-12-06,0,5,5
2854,choobar,gilan,2025-12-07,0,4,4
2854,choobar,gilan,2025-12-08,0,3,3
2854,choobar,gilan,2025-12-09,0,4,4
2854,choobar,gilan,2025-12-10,0,5,5
2854,choobar,gilan,2025-12-11,2,16,14
2854,choobar,gilan,2025-12-12,2,6,4
2854,choobar,gilan,2025-12-13,2,6,4
2854,choobar,gilan,2025-12-14,0,3,3
2854,choobar,gilan,2025-12-15,0,3,3
2854,choobar,gilan,2025-12-16,0,4,4
2854,choobar,gilan,2025-12-17,0,6,6
2854,choobar,gilan,2025-12-18,0,10,10
2854,choobar,gilan,2025-12-19,0,4,4
2854,choobar,gilan,2025-12-20,0,3,3
2854,choobar,gilan,2025-12-21,0,2,2
5986,damavand,tehran,2025-11-22,488,557,69
5986,damavand,tehran,2025-11-23,885,1215,330
5986,damavand,tehran,2025-11-24,517,793,276
5986,damavand,tehran,2025-11-25,333,592,259
5986,damavand,tehran,2025-11-26,367,826,459
5986,damavand,tehran,2025-11-27,970,2887,1917
5986,damavand,tehran,2025-11-28,267,938,671
5986,damavand,tehran,2025-11-29,270,695,425
5986,damavand,tehran,2025-11-30,192,584,392
5986,damavand,tehran,2025-12-01,186,665,479
5986,damavand,tehran,2025-12-02,183,722,539
5986,damavand,tehran,2025-12-03,266,1113,847
5986,damavand,tehran,2025-12-04,611,4883,4272
5986,damavand,tehran,2025-12-05,154,940,786
5986,damavand,tehran,2025-12-06,143,801,658
5986,damavand,tehran,2025-12-07,100,674,574
5986,damavand,tehran,2025-12-08,113,697,584
5986,damavand,tehran,2025-12-09,115,807,692
5986,damavand,tehran,2025-12-10,130,1075,945
5986,damavand,tehran,2025-12-11,266,4131,3865
5986,damavand,tehran,2025-12-12,104,1131,1027
5986,damavand,tehran,2025-12-13,83,783,700
5986,damavand,tehran,2025-12-14,65,704,639
5986,damavand,tehran,2025-12-15,68,856,788
5986,damavand,tehran,2025-12-16,67,926,859
5986,damavand,tehran,2025-12-17,100,1388,1288
5986,damavand,tehran,2025-12-18,317,4142,3825
5986,damavand,tehran,2025-12-19,73,1267,1194
5986,damavand,tehran,2025-12-20,82,923,841
5986,damavand,tehran,2025-12-21,30,597,567
6553,daran,isfahan,2025-11-22,2,2,0
6553,daran,isfahan,2025-11-23,2,2,0
6553,daran,isfahan,2025-11-24,0,0,0
6553,daran,isfahan,2025-11-25,0,1,1
6553,daran,isfahan,2025-11-26,0,1,1
6553,daran,isfahan,2025-11-27,0,2,2
6553,daran,isfahan,2025-11-28,0,1,1
6553,daran,isfahan,2025-11-29,1,2,1
6553,daran,isfahan,2025-11-30,1,2,1
6553,daran,isfahan,2025-12-01,1,2,1
6553,daran,isfahan,2025-12-02,0,1,1
6553,daran,isfahan,2025-12-03,0,2,2
6553,daran,isfahan,2025-12-04,0,5,5
6553,daran,isfahan,2025-12-05,0,1,1
6553,daran,isfahan,2025-12-06,0,2,2
6553,daran,isfahan,2025-12-07,0,2,2
6553,daran,isfahan,2025-12-08,0,2,2
6553,daran,isfahan,2025-12-09,0,2,2
6553,daran,isfahan,2025-12-10,0,2,2
6553,daran,isfahan,2025-12-11,0,6,6
6553,daran,isfahan,2025-12-12,0,1,1
6553,daran,isfahan,2025-12-13,0,1,1
6553,daran,isfahan,2025-12-14,0,1,1
6553,daran,isfahan,2025-12-15,0,2,2
6553,daran,isfahan,2025-12-16,1,3,2
6553,daran,isfahan,2025-12-17,1,4,3
6553,daran,isfahan,2025-12-18,1,6,5
6553,daran,isfahan,2025-12-19,1,3,2
6553,daran,isfahan,2025-12-20,1,3,2
6553,daran,isfahan,2025-12-21,0,1,1
1054,daregaz,khorasan_razavi,2025-11-22,19,20,1
1054,daregaz,khorasan_razavi,2025-11-23,20,24,4
1054,daregaz,khorasan_razavi,2025-11-24,4,6,2
1054,daregaz,khorasan_razavi,2025-11-25,5,8,3
1054,daregaz,khorasan_razavi,2025-11-26,2,7,5
1054,daregaz,khorasan_razavi,2025-11-27,2,8,6
1054,daregaz,khorasan_razavi,2025-11-28,0,3,3
1054,daregaz,khorasan_razavi,2025-11-29,0,2,2
1054,daregaz,khorasan_razavi,2025-11-30,0,3,3
1054,daregaz,khorasan_razavi,2025-12-01,0,3,3
1054,daregaz,khorasan_razavi,2025-12-02,0,4,4
1054,daregaz,khorasan_razavi,2025-12-03,2,10,8
1054,daregaz,khorasan_razavi,2025-12-04,0,10,10
1054,daregaz,khorasan_razavi,2025-12-05,0,4,4
1054,daregaz,khorasan_razavi,2025-12-06,0,4,4
1054,daregaz,khorasan_razavi,2025-12-07,0,4,4
1054,daregaz,khorasan_razavi,2025-12-08,0,3,3
1054,daregaz,khorasan_razavi,2025-12-09,1,6,5
1054,daregaz,khorasan_razavi,2025-12-10,1,7,6
1054,daregaz,khorasan_razavi,2025-12-11,1,18,17
1054,daregaz,khorasan_razavi,2025-12-12,0,5,5
1054,daregaz,khorasan_razavi,2025-12-13,0,4,4
1054,daregaz,khorasan_razavi,2025-12-14,0,3,3
1054,daregaz,khorasan_razavi,2025-12-15,0,5,5
1054,daregaz,khorasan_razavi,2025-12-16,0,6,6
1054,daregaz,khorasan_razavi,2025-12-17,0,7,7
1054,daregaz,khorasan_razavi,2025-12-18,0,12,12
1054,daregaz,khorasan_razavi,2025-12-19,0,6,6
1054,daregaz,khorasan_razavi,2025-12-20,0,4,4
1054,daregaz,khorasan_razavi,2025-12-21,0,3,3
2483,dargahan,hormozgan,2025-11-22,1289,1418,129
2483,dargahan,hormozgan,2025-11-23,1161,1418,257
2483,dargahan,hormozgan,2025-11-24,1262,1647,385
2483,dargahan,hormozgan,2025-11-25,1258,1757,499
2483,dargahan,hormozgan,2025-11-26,1142,1736,594
2483,dargahan,hormozgan,2025-11-27,819,1400,581
2483,dargahan,hormozgan,2025-11-28,319,598,279
2483,dargahan,hormozgan,2025-11-29,387,755,368
2483,dargahan,hormozgan,2025-11-30,385,820,435
2483,dargahan,hormozgan,2025-12-01,399,868,469
2483,dargahan,hormozgan,2025-12-02,388,902,514
2483,dargahan,hormozgan,2025-12-03,376,1025,649
2483,dargahan,hormozgan,2025-12-04,277,1047,770
2483,dargahan,hormozgan,2025-12-05,206,759,553
2483,dargahan,hormozgan,2025-12-06,202,859,657
2483,dargahan,hormozgan,2025-12-07,184,830,646
2483,dargahan,hormozgan,2025-12-08,223,863,640
2483,dargahan,hormozgan,2025-12-09,258,977,719
2483,dargahan,hormozgan,2025-12-10,222,898,676
2483,dargahan,hormozgan,2025-12-11,130,817,687
2483,dargahan,hormozgan,2025-12-12,103,589,486
2483,dargahan,hormozgan,2025-12-13,138,733,595
2483,dargahan,hormozgan,2025-12-14,195,801,606
2483,dargahan,hormozgan,2025-12-15,215,980,765
2483,dargahan,hormozgan,2025-12-16,190,1060,870
2483,dargahan,hormozgan,2025-12-17,189,1054,865
2483,dargahan,hormozgan,2025-12-18,135,902,767
2483,dargahan,hormozgan,2025-12-19,76,692,616
2483,dargahan,hormozgan,2025-12-20,69,746,677
2483,dargahan,hormozgan,2025-12-21,51,438,387
7029,darrood,khorasan_razavi,2025-11-22,0,0,0
7029,darrood,khorasan_razavi,2025-11-23,0,0,0
7029,darrood,khorasan_razavi,2025-11-24,0,0,0
7029,darrood,khorasan_razavi,2025-11-25,0,0,0
7029,darrood,khorasan_razavi,2025-11-26,0,0,0
7029,darrood,khorasan_razavi,2025-11-27,0,0,0
7029,darrood,khorasan_razavi,2025-11-28,0,0,0
7029,darrood,khorasan_razavi,2025-11-29,0,0,0
7029,darrood,khorasan_razavi,2025-11-30,0,0,0
7029,darrood,khorasan_razavi,2025-12-01,0,0,0
7029,darrood,khorasan_razavi,2025-12-02,0,0,0
7029,darrood,khorasan_razavi,2025-12-03,0,0,0
7029,darrood,khorasan_razavi,2025-12-04,0,0,0
7029,darrood,khorasan_razavi,2025-12-05,0,0,0
7029,darrood,khorasan_razavi,2025-12-06,0,0,0
7029,darrood,khorasan_razavi,2025-12-07,0,0,0
7029,darrood,khorasan_razavi,2025-12-08,0,0,0
7029,darrood,khorasan_razavi,2025-12-09,0,0,0
7029,darrood,khorasan_razavi,2025-12-10,0,0,0
7029,darrood,khorasan_razavi,2025-12-11,0,0,0
7029,darrood,khorasan_razavi,2025-12-12,0,0,0
7029,darrood,khorasan_razavi,2025-12-13,0,0,0
7029,darrood,khorasan_razavi,2025-12-14,0,0,0
7029,darrood,khorasan_razavi,2025-12-15,0,0,0
7029,darrood,khorasan_razavi,2025-12-16,0,0,0
7029,darrood,khorasan_razavi,2025-12-17,0,0,0
7029,darrood,khorasan_razavi,2025-12-18,0,0,0
7029,darrood,khorasan_razavi,2025-12-19,0,0,0
7029,darrood,khorasan_razavi,2025-12-20,0,0,0
7029,darrood,khorasan_razavi,2025-12-21,0,0,0
8503,dastjerd,isfahan,2025-11-22,0,0,0
8503,dastjerd,isfahan,2025-11-23,0,0,0
8503,dastjerd,isfahan,2025-11-24,0,0,0
8503,dastjerd,isfahan,2025-11-25,0,0,0
8503,dastjerd,isfahan,2025-11-26,0,0,0
8503,dastjerd,isfahan,2025-11-27,0,0,0
8503,dastjerd,isfahan,2025-11-28,0,0,0
8503,dastjerd,isfahan,2025-11-29,0,0,0
8503,dastjerd,isfahan,2025-11-30,0,0,0
8503,dastjerd,isfahan,2025-12-01,0,0,0
8503,dastjerd,isfahan,2025-12-02,0,0,0
8503,dastjerd,isfahan,2025-12-03,0,0,0
8503,dastjerd,isfahan,2025-12-04,0,0,0
8503,dastjerd,isfahan,2025-12-05,0,0,0
8503,dastjerd,isfahan,2025-12-06,0,0,0
8503,dastjerd,isfahan,2025-12-07,0,0,0
8503,dastjerd,isfahan,2025-12-08,0,0,0
8503,dastjerd,isfahan,2025-12-09,0,0,0
8503,dastjerd,isfahan,2025-12-10,0,0,0
8503,dastjerd,isfahan,2025-12-11,0,0,0
8503,dastjerd,isfahan,2025-12-12,0,0,0
8503,dastjerd,isfahan,2025-12-13,0,0,0
8503,dastjerd,isfahan,2025-12-14,0,0,0
8503,dastjerd,isfahan,2025-12-15,0,0,0
8503,dastjerd,isfahan,2025-12-16,0,0,0
8503,dastjerd,isfahan,2025-12-17,0,0,0
8503,dastjerd,isfahan,2025-12-18,0,0,0
8503,dastjerd,isfahan,2025-12-19,0,0,0
8503,dastjerd,isfahan,2025-12-20,0,0,0
8503,dastjerd,isfahan,2025-12-21,0,0,0
2575,davarzan,khorasan_razavi,2025-11-22,0,0,0
2575,davarzan,khorasan_razavi,2025-11-23,0,0,0
2575,davarzan,khorasan_razavi,2025-11-24,0,0,0
2575,davarzan,khorasan_razavi,2025-11-25,0,0,0
2575,davarzan,khorasan_razavi,2025-11-26,0,0,0
2575,davarzan,khorasan_razavi,2025-11-27,0,0,0
2575,davarzan,khorasan_razavi,2025-11-28,0,0,0
2575,davarzan,khorasan_razavi,2025-11-29,0,0,0
2575,davarzan,khorasan_razavi,2025-11-30,0,0,0
2575,davarzan,khorasan_razavi,2025-12-01,0,0,0
2575,davarzan,khorasan_razavi,2025-12-02,0,0,0
2575,davarzan,khorasan_razavi,2025-12-03,0,0,0
2575,davarzan,khorasan_razavi,2025-12-04,0,0,0
2575,davarzan,khorasan_razavi,2025-12-05,0,0,0
2575,davarzan,khorasan_razavi,2025-12-06,0,0,0
2575,davarzan,khorasan_razavi,2025-12-07,0,0,0
2575,davarzan,khorasan_razavi,2025-12-08,0,0,0
2575,davarzan,khorasan_razavi,2025-12-09,0,0,0
2575,davarzan,khorasan_razavi,2025-12-10,0,0,0
2575,davarzan,khorasan_razavi,2025-12-11,0,0,0
2575,davarzan,khorasan_razavi,2025-12-12,0,0,0
2575,davarzan,khorasan_razavi,2025-12-13,0,0,0
2575,davarzan,khorasan_razavi,2025-12-14,0,0,0
2575,davarzan,khorasan_razavi,2025-12-15,0,0,0
2575,davarzan,khorasan_razavi,2025-12-16,0,0,0
2575,davarzan,khorasan_razavi,2025-12-17,0,0,0
2575,davarzan,khorasan_razavi,2025-12-18,0,0,0
2575,davarzan,khorasan_razavi,2025-12-19,0,0,0
2575,davarzan,khorasan_razavi,2025-12-20,0,0,0
2575,davarzan,khorasan_razavi,2025-12-21,0,0,0
1668,dehaqan,isfahan,2025-11-22,0,0,0
1668,dehaqan,isfahan,2025-11-23,0,0,0
1668,dehaqan,isfahan,2025-11-24,0,0,0
1668,dehaqan,isfahan,2025-11-25,0,0,0
1668,dehaqan,isfahan,2025-11-26,0,1,1
1668,dehaqan,isfahan,2025-11-27,0,1,1
1668,dehaqan,isfahan,2025-11-28,0,0,0
1668,dehaqan,isfahan,2025-11-29,0,0,0
1668,dehaqan,isfahan,2025-11-30,0,0,0
1668,dehaqan,isfahan,2025-12-01,0,0,0
1668,dehaqan,isfahan,2025-12-02,0,0,0
1668,dehaqan,isfahan,2025-12-03,0,1,1
1668,dehaqan,isfahan,2025-12-04,0,2,2
1668,dehaqan,isfahan,2025-12-05,0,0,0
1668,dehaqan,isfahan,2025-12-06,0,1,1
1668,dehaqan,isfahan,2025-12-07,0,1,1
1668,dehaqan,isfahan,2025-12-08,0,1,1
1668,dehaqan,isfahan,2025-12-09,0,1,1
1668,dehaqan,isfahan,2025-12-10,0,1,1
1668,dehaqan,isfahan,2025-12-11,0,2,2
1668,dehaqan,isfahan,2025-12-12,0,1,1
1668,dehaqan,isfahan,2025-12-13,0,1,1
1668,dehaqan,isfahan,2025-12-14,0,1,1
1668,dehaqan,isfahan,2025-12-15,0,1,1
1668,dehaqan,isfahan,2025-12-16,0,1,1
1668,dehaqan,isfahan,2025-12-17,0,1,1
1668,dehaqan,isfahan,2025-12-18,0,2,2
1668,dehaqan,isfahan,2025-12-19,0,1,1
1668,dehaqan,isfahan,2025-12-20,0,1,1
1668,dehaqan,isfahan,2025-12-21,0,0,0
9091,deylaman,gilan,2025-11-22,122,137,15
9091,deylaman,gilan,2025-11-23,92,124,32
9091,deylaman,gilan,2025-11-24,56,81,25
9091,deylaman,gilan,2025-11-25,47,77,30
9091,deylaman,gilan,2025-11-26,78,160,82
9091,deylaman,gilan,2025-11-27,92,219,127
9091,deylaman,gilan,2025-11-28,44,97,53
9091,deylaman,gilan,2025-11-29,31,68,37
9091,deylaman,gilan,2025-11-30,24,68,44
9091,deylaman,gilan,2025-12-01,22,65,43
9091,deylaman,gilan,2025-12-02,19,63,44
9091,deylaman,gilan,2025-12-03,31,127,96
9091,deylaman,gilan,2025-12-04,36,269,233
9091,deylaman,gilan,2025-12-05,29,104,75
9091,deylaman,gilan,2025-12-06,18,66,48
9091,deylaman,gilan,2025-12-07,19,67,48
9091,deylaman,gilan,2025-12-08,10,51,41
9091,deylaman,gilan,2025-12-09,11,59,48
9091,deylaman,gilan,2025-12-10,16,89,73
9091,deylaman,gilan,2025-12-11,15,196,181
9091,deylaman,gilan,2025-12-12,5,61,56
9091,deylaman,gilan,2025-12-13,8,54,46
9091,deylaman,gilan,2025-12-14,4,41,37
9091,deylaman,gilan,2025-12-15,8,61,53
9091,deylaman,gilan,2025-12-16,4,53,49
9091,deylaman,gilan,2025-12-17,7,92,85
9091,deylaman,gilan,2025-12-18,12,181,169
9091,deylaman,gilan,2025-12-19,2,61,59
9091,deylaman,gilan,2025-12-20,8,54,46
9091,deylaman,gilan,2025-12-21,5,33,28
6418,dizin,tehran,2025-11-22,42,48,6
6418,dizin,tehran,2025-11-23,49,63,14
6418,dizin,tehran,2025-11-24,33,49,16
6418,dizin,tehran,2025-11-25,22,36,14
6418,dizin,tehran,2025-11-26,25,51,26
6418,dizin,tehran,2025-11-27,34,121,87
6418,dizin,tehran,2025-11-28,13,40,27
6418,dizin,tehran,2025-11-29,2,19,17
6418,dizin,tehran,2025-11-30,3,24,21
6418,dizin,tehran,2025-12-01,5,25,20
6418,dizin,tehran,2025-12-02,3,29,26
6418,dizin,tehran,2025-12-03,5,37,32
6418,dizin,tehran,2025-12-04,8,115,107
6418,dizin,tehran,2025-12-05,0,25,25
6418,dizin,tehran,2025-12-06,5,47,42
6418,dizin,tehran,2025-12-07,6,51,45
6418,dizin,tehran,2025-12-08,7,51,44
6418,dizin,tehran,2025-12-09,7,59,52
6418,dizin,tehran,2025-12-10,7,81,74
6418,dizin,tehran,2025-12-11,13,269,256
6418,dizin,tehran,2025-12-12,2,66,64
6418,dizin,tehran,2025-12-13,0,44,44
6418,dizin,tehran,2025-12-14,1,45,44
6418,dizin,tehran,2025-12-15,2,57,55
6418,dizin,tehran,2025-12-16,5,68,63
6418,dizin,tehran,2025-12-17,4,91,87
6418,dizin,tehran,2025-12-18,7,199,192
6418,dizin,tehran,2025-12-19,0,69,69
6418,dizin,tehran,2025-12-20,3,59,56
6418,dizin,tehran,2025-12-21,0,37,37
3396,dolatabad,khorasan_razavi,2025-11-22,0,0,0
3396,dolatabad,khorasan_razavi,2025-11-23,0,0,0
3396,dolatabad,khorasan_razavi,2025-11-24,0,0,0
3396,dolatabad,khorasan_razavi,2025-11-25,0,0,0
3396,dolatabad,khorasan_razavi,2025-11-26,0,0,0
3396,dolatabad,khorasan_razavi,2025-11-27,0,0,0
3396,dolatabad,khorasan_razavi,2025-11-28,0,0,0
3396,dolatabad,khorasan_razavi,2025-11-29,0,0,0
3396,dolatabad,khorasan_razavi,2025-11-30,0,0,0
3396,dolatabad,khorasan_razavi,2025-12-01,0,0,0
3396,dolatabad,khorasan_razavi,2025-12-02,0,0,0
3396,dolatabad,khorasan_razavi,2025-12-03,0,0,0
3396,dolatabad,khorasan_razavi,2025-12-04,0,0,0
3396,dolatabad,khorasan_razavi,2025-12-05,0,0,0
3396,dolatabad,khorasan_razavi,2025-12-06,0,0,0
3396,dolatabad,khorasan_razavi,2025-12-07,0,0,0
3396,dolatabad,khorasan_razavi,2025-12-08,0,0,0
3396,dolatabad,khorasan_razavi,2025-12-09,0,0,0
3396,dolatabad,khorasan_razavi,2025-12-10,0,0,0
3396,dolatabad,khorasan_razavi,2025-12-11,0,0,0
3396,dolatabad,khorasan_razavi,2025-12-12,0,0,0
3396,dolatabad,khorasan_razavi,2025-12-13,0,0,0
3396,dolatabad,khorasan_razavi,2025-12-14,0,0,0
3396,dolatabad,khorasan_razavi,2025-12-15,0,0,0
3396,dolatabad,khorasan_razavi,2025-12-16,0,0,0
3396,dolatabad,khorasan_razavi,2025-12-17,0,0,0
3396,dolatabad,khorasan_razavi,2025-12-18,0,0,0
3396,dolatabad,khorasan_razavi,2025-12-19,0,0,0
3396,dolatabad,khorasan_razavi,2025-12-20,0,0,0
3396,dolatabad,khorasan_razavi,2025-12-21,0,0,0
7992,dolatabad_isfahan,isfahan,2025-11-22,1,1,0
7992,dolatabad_isfahan,isfahan,2025-11-23,1,1,0
7992,dolatabad_isfahan,isfahan,2025-11-24,1,1,0
7992,dolatabad_isfahan,isfahan,2025-11-25,1,2,1
7992,dolatabad_isfahan,isfahan,2025-11-26,1,2,1
7992,dolatabad_isfahan,isfahan,2025-11-27,1,2,1
7992,dolatabad_isfahan,isfahan,2025-11-28,1,1,0
7992,dolatabad_isfahan,isfahan,2025-11-29,1,2,1
7992,dolatabad_isfahan,isfahan,2025-11-30,1,2,1
7992,dolatabad_isfahan,isfahan,2025-12-01,2,3,1
7992,dolatabad_isfahan,isfahan,2025-12-02,1,2,1
7992,dolatabad_isfahan,isfahan,2025-12-03,1,2,1
7992,dolatabad_isfahan,isfahan,2025-12-04,1,3,2
7992,dolatabad_isfahan,isfahan,2025-12-05,1,2,1
7992,dolatabad_isfahan,isfahan,2025-12-06,1,2,1
7992,dolatabad_isfahan,isfahan,2025-12-07,1,2,1
7992,dolatabad_isfahan,isfahan,2025-12-08,1,2,1
7992,dolatabad_isfahan,isfahan,2025-12-09,1,2,1
7992,dolatabad_isfahan,isfahan,2025-12-10,1,2,1
7992,dolatabad_isfahan,isfahan,2025-12-11,2,4,2
7992,dolatabad_isfahan,isfahan,2025-12-12,1,2,1
7992,dolatabad_isfahan,isfahan,2025-12-13,1,2,1
7992,dolatabad_isfahan,isfahan,2025-12-14,1,2,1
7992,dolatabad_isfahan,isfahan,2025-12-15,1,3,2
7992,dolatabad_isfahan,isfahan,2025-12-16,1,3,2
7992,dolatabad_isfahan,isfahan,2025-12-17,1,3,2
7992,dolatabad_isfahan,isfahan,2025-12-18,1,3,2
7992,dolatabad_isfahan,isfahan,2025-12-19,1,3,2
7992,dolatabad_isfahan,isfahan,2025-12-20,1,3,2
7992,dolatabad_isfahan,isfahan,2025-12-21,0,1,1
5683,dorche,isfahan,2025-11-22,4,4,0
5683,dorche,isfahan,2025-11-23,4,4,0
5683,dorche,isfahan,2025-11-24,4,4,0
5683,dorche,isfahan,2025-11-25,4,4,0
5683,dorche,isfahan,2025-11-26,4,5,1
5683,dorche,isfahan,2025-11-27,4,5,1
5683,dorche,isfahan,2025-11-28,0,0,0
5683,dorche,isfahan,2025-11-29,0,0,0
5683,dorche,isfahan,2025-11-30,0,0,0
5683,dorche,isfahan,2025-12-01,0,1,1
5683,dorche,isfahan,2025-12-02,0,1,1
5683,dorche,isfahan,2025-12-03,0,1,1
5683,dorche,isfahan,2025-12-04,0,2,2
5683,dorche,isfahan,2025-12-05,0,1,1
5683,dorche,isfahan,2025-12-06,0,2,2
5683,dorche,isfahan,2025-12-07,0,2,2
5683,dorche,isfahan,2025-12-08,0,1,1
5683,dorche,isfahan,2025-12-09,0,2,2
5683,dorche,isfahan,2025-12-10,0,2,2
5683,dorche,isfahan,2025-12-11,0,3,3
5683,dorche,isfahan,2025-12-12,0,1,1
5683,dorche,isfahan,2025-12-13,0,1,1
5683,dorche,isfahan,2025-12-14,0,1,1
5683,dorche,isfahan,2025-12-15,0,1,1
5683,dorche,isfahan,2025-12-16,0,2,2
5683,dorche,isfahan,2025-12-17,0,2,2
5683,dorche,isfahan,2025-12-18,0,2,2
5683,dorche,isfahan,2025-12-19,0,1,1
5683,dorche,isfahan,2025-12-20,0,2,2
5683,dorche,isfahan,2025-12-21,0,1,1
2730,eshtehard,alborz,2025-11-22,1,1,0
2730,eshtehard,alborz,2025-11-23,1,1,0
2730,eshtehard,alborz,2025-11-24,2,3,1
2730,eshtehard,alborz,2025-11-25,1,3,2
2730,eshtehard,alborz,2025-11-26,1,3,2
2730,eshtehard,alborz,2025-11-27,2,4,2
2730,eshtehard,alborz,2025-11-28,1,3,2
2730,eshtehard,alborz,2025-11-29,1,3,2
2730,eshtehard,alborz,2025-11-30,1,3,2
2730,eshtehard,alborz,2025-12-01,1,3,2
2730,eshtehard,alborz,2025-12-02,2,4,2
2730,eshtehard,alborz,2025-12-03,1,4,3
2730,eshtehard,alborz,2025-12-04,1,4,3
2730,eshtehard,alborz,2025-12-05,0,0,0
2730,eshtehard,alborz,2025-12-06,0,0,0
2730,eshtehard,alborz,2025-12-07,0,0,0
2730,eshtehard,alborz,2025-12-08,1,4,3
2730,eshtehard,alborz,2025-12-09,0,0,0
2730,eshtehard,alborz,2025-12-10,0,0,0
2730,eshtehard,alborz,2025-12-11,0,0,0
2730,eshtehard,alborz,2025-12-12,0,0,0
2730,eshtehard,alborz,2025-12-13,0,0,0
2730,eshtehard,alborz,2025-12-14,0,0,0
2730,eshtehard,alborz,2025-12-15,0,0,0
2730,eshtehard,alborz,2025-12-16,0,0,0
2730,eshtehard,alborz,2025-12-17,0,0,0
2730,eshtehard,alborz,2025-12-18,0,0,0
2730,eshtehard,alborz,2025-12-19,0,0,0
2730,eshtehard,alborz,2025-12-20,0,0,0
2730,eshtehard,alborz,2025-12-21,0,0,0
6037,eslamshahr,tehran,2025-11-22,75,91,16
6037,eslamshahr,tehran,2025-11-23,59,84,25
6037,eslamshahr,tehran,2025-11-24,49,80,31
6037,eslamshahr,tehran,2025-11-25,51,90,39
6037,eslamshahr,tehran,2025-11-26,48,96,48
6037,eslamshahr,tehran,2025-11-27,45,109,64
6037,eslamshahr,tehran,2025-11-28,22,60,38
6037,eslamshahr,tehran,2025-11-29,24,65,41
6037,eslamshahr,tehran,2025-11-30,24,72,48
6037,eslamshahr,tehran,2025-12-01,20,70,50
6037,eslamshahr,tehran,2025-12-02,14,58,44
6037,eslamshahr,tehran,2025-12-03,8,51,43
6037,eslamshahr,tehran,2025-12-04,15,94,79
6037,eslamshahr,tehran,2025-12-05,6,52,46
6037,eslamshahr,tehran,2025-12-06,10,67,57
6037,eslamshahr,tehran,2025-12-07,8,66,58
6037,eslamshahr,tehran,2025-12-08,10,79,69
6037,eslamshahr,tehran,2025-12-09,8,68,60
6037,eslamshahr,tehran,2025-12-10,11,82,71
6037,eslamshahr,tehran,2025-12-11,9,119,110
6037,eslamshahr,tehran,2025-12-12,9,73,64
6037,eslamshahr,tehran,2025-12-13,8,76,68
6037,eslamshahr,tehran,2025-12-14,8,75,67
6037,eslamshahr,tehran,2025-12-15,8,85,77
6037,eslamshahr,tehran,2025-12-16,8,85,77
6037,eslamshahr,tehran,2025-12-17,11,97,86
6037,eslamshahr,tehran,2025-12-18,13,124,111
6037,eslamshahr,tehran,2025-12-19,7,88,81
6037,eslamshahr,tehran,2025-12-20,9,91,82
6037,eslamshahr,tehran,2025-12-21,4,64,60
3927,falavarjan,isfahan,2025-11-22,2,2,0
3927,falavarjan,isfahan,2025-11-23,1,1,0
3927,falavarjan,isfahan,2025-11-24,0,1,1
3927,falavarjan,isfahan,2025-11-25,0,1,1
3927,falavarjan,isfahan,2025-11-26,0,2,2
3927,falavarjan,isfahan,2025-11-27,2,5,3
3927,falavarjan,isfahan,2025-11-28,1,2,1
3927,falavarjan,isfahan,2025-11-29,1,2,1
3927,falavarjan,isfahan,2025-11-30,0,2,2
3927,falavarjan,isfahan,2025-12-01,0,2,2
3927,falavarjan,isfahan,2025-12-02,0,2,2
3927,falavarjan,isfahan,2025-12-03,0,3,3
3927,falavarjan,isfahan,2025-12-04,2,8,6
3927,falavarjan,isfahan,2025-12-05,2,5,3
3927,falavarjan,isfahan,2025-12-06,0,3,3
3927,falavarjan,isfahan,2025-12-07,0,3,3
3927,falavarjan,isfahan,2025-12-08,0,2,2
3927,falavarjan,isfahan,2025-12-09,0,2,2
3927,falavarjan,isfahan,2025-12-10,0,3,3
3927,falavarjan,isfahan,2025-12-11,0,5,5
3927,falavarjan,isfahan,2025-12-12,0,2,2
3927,falavarjan,isfahan,2025-12-13,3,6,3
3927,falavarjan,isfahan,2025-12-14,3,6,3
3927,falavarjan,isfahan,2025-12-15,5,9,4
3927,falavarjan,isfahan,2025-12-16,3,7,4
3927,falavarjan,isfahan,2025-12-17,3,7,4
3927,falavarjan,isfahan,2025-12-18,3,9,6
3927,falavarjan,isfahan,2025-12-19,0,3,3
3927,falavarjan,isfahan,2025-12-20,0,3,3
3927,falavarjan,isfahan,2025-12-21,0,2,2
7766,fardis,alborz,2025-11-22,138,162,24
7766,fardis,alborz,2025-11-23,104,143,39
7766,fardis,alborz,2025-11-24,90,135,45
7766,fardis,alborz,2025-11-25,110,178,68
7766,fardis,alborz,2025-11-26,96,180,84
7766,fardis,alborz,2025-11-27,118,255,137
7766,fardis,alborz,2025-11-28,57,127,70
7766,fardis,alborz,2025-11-29,58,128,70
7766,fardis,alborz,2025-11-30,46,118,72
7766,fardis,alborz,2025-12-01,45,115,70
7766,fardis,alborz,2025-12-02,45,131,86
7766,fardis,alborz,2025-12-03,32,111,79
7766,fardis,alborz,2025-12-04,63,225,162
7766,fardis,alborz,2025-12-05,24,109,85
7766,fardis,alborz,2025-12-06,17,87,70
7766,fardis,alborz,2025-12-07,13,84,71
7766,fardis,alborz,2025-12-08,12,84,72
7766,fardis,alborz,2025-12-09,9,86,77
7766,fardis,alborz,2025-12-10,15,101,86
7766,fardis,alborz,2025-12-11,18,182,164
7766,fardis,alborz,2025-12-12,7,91,84
7766,fardis,alborz,2025-12-13,2,71,69
7766,fardis,alborz,2025-12-14,2,67,65
7766,fardis,alborz,2025-12-15,5,81,76
7766,fardis,alborz,2025-12-16,10,100,90
7766,fardis,alborz,2025-12-17,8,106,98
7766,fardis,alborz,2025-12-18,56,272,216
7766,fardis,alborz,2025-12-19,48,172,124
7766,fardis,alborz,2025-12-20,4,96,92
7766,fardis,alborz,2025-12-21,7,82,75
3382,farim,mazandaran,2025-11-22,5,5,0
3382,farim,mazandaran,2025-11-23,6,6,0
3382,farim,mazandaran,2025-11-24,1,2,1
3382,farim,mazandaran,2025-11-25,0,1,1
3382,farim,mazandaran,2025-11-26,0,2,2
3382,farim,mazandaran,2025-11-27,0,4,4
3382,farim,mazandaran,2025-11-28,0,1,1
3382,farim,mazandaran,2025-11-29,0,1,1
3382,farim,mazandaran,2025-11-30,0,1,1
3382,farim,mazandaran,2025-12-01,0,1,1
3382,farim,mazandaran,2025-12-02,0,1,1
3382,farim,mazandaran,2025-12-03,1,3,2
3382,farim,mazandaran,2025-12-04,1,10,9
3382,farim,mazandaran,2025-12-05,0,1,1
3382,farim,mazandaran,2025-12-06,0,1,1
3382,farim,mazandaran,2025-12-07,0,1,1
3382,farim,mazandaran,2025-12-08,2,3,1
3382,farim,mazandaran,2025-12-09,0,1,1
3382,farim,mazandaran,2025-12-10,0,2,2
3382,farim,mazandaran,2025-12-11,0,7,7
3382,farim,mazandaran,2025-12-12,0,1,1
3382,farim,mazandaran,2025-12-13,0,1,1
3382,farim,mazandaran,2025-12-14,0,1,1
3382,farim,mazandaran,2025-12-15,0,2,2
3382,farim,mazandaran,2025-12-16,0,2,2
3382,farim,mazandaran,2025-12-17,0,3,3
3382,farim,mazandaran,2025-12-18,0,7,7
3382,farim,mazandaran,2025-12-19,0,2,2
3382,farim,mazandaran,2025-12-20,0,2,2
3382,farim,mazandaran,2025-12-21,0,1,1
7963,fariman,khorasan_razavi,2025-11-22,7,7,0
7963,fariman,khorasan_razavi,2025-11-23,4,4,0
7963,fariman,khorasan_razavi,2025-11-24,4,5,1
7963,fariman,khorasan_razavi,2025-11-25,2,3,1
7963,fariman,khorasan_razavi,2025-11-26,3,5,2
7963,fariman,khorasan_razavi,2025-11-27,3,7,4
7963,fariman,khorasan_razavi,2025-11-28,2,4,2
7963,fariman,khorasan_razavi,2025-11-29,2,4,2
7963,fariman,khorasan_razavi,2025-11-30,2,5,3
7963,fariman,khorasan_razavi,2025-12-01,2,5,3
7963,fariman,khorasan_razavi,2025-12-02,2,5,3
7963,fariman,khorasan_razavi,2025-12-03,2,6,4
7963,fariman,khorasan_razavi,2025-12-04,2,9,7
7963,fariman,khorasan_razavi,2025-12-05,2,5,3
7963,fariman,khorasan_razavi,2025-12-06,2,6,4
7963,fariman,khorasan_razavi,2025-12-07,2,5,3
7963,fariman,khorasan_razavi,2025-12-08,3,7,4
7963,fariman,khorasan_razavi,2025-12-09,2,5,3
7963,fariman,khorasan_razavi,2025-12-10,1,3,2
7963,fariman,khorasan_razavi,2025-12-11,1,4,3
7963,fariman,khorasan_razavi,2025-12-12,1,3,2
7963,fariman,khorasan_razavi,2025-12-13,1,3,2
7963,fariman,khorasan_razavi,2025-12-14,1,3,2
7963,fariman,khorasan_razavi,2025-12-15,1,3,2
7963,fariman,khorasan_razavi,2025-12-16,1,4,3
7963,fariman,khorasan_razavi,2025-12-17,1,4,3
7963,fariman,khorasan_razavi,2025-12-18,1,5,4
7963,fariman,khorasan_razavi,2025-12-19,1,4,3
7963,fariman,khorasan_razavi,2025-12-20,1,5,4
7963,fariman,khorasan_razavi,2025-12-21,1,4,3
4981,fasham,tehran,2025-11-22,156,187,31
4981,fasham,tehran,2025-11-23,225,332,107
4981,fasham,tehran,2025-11-24,148,270,122
4981,fasham,tehran,2025-11-25,108,231,123
4981,fasham,tehran,2025-11-26,158,398,240
4981,fasham,tehran,2025-11-27,257,890,633
4981,fasham,tehran,2025-11-28,60,269,209
4981,fasham,tehran,2025-11-29,62,201,139
4981,fasham,tehran,2025-11-30,36,185,149
4981,fasham,tehran,2025-12-01,39,225,186
4981,fasham,tehran,2025-12-02,42,234,192
4981,fasham,tehran,2025-12-03,51,286,235
4981,fasham,tehran,2025-12-04,98,1083,985
4981,fasham,tehran,2025-12-05,38,344,306
4981,fasham,tehran,2025-12-06,26,243,217
4981,fasham,tehran,2025-12-07,37,250,213
4981,fasham,tehran,2025-12-08,44,264,220
4981,fasham,tehran,2025-12-09,43,281,238
4981,fasham,tehran,2025-12-10,42,363,321
4981,fasham,tehran,2025-12-11,91,1647,1556
4981,fasham,tehran,2025-12-12,34,386,352
4981,fasham,tehran,2025-12-13,24,254,230
4981,fasham,tehran,2025-12-14,12,214,202
4981,fasham,tehran,2025-12-15,23,299,276
4981,fasham,tehran,2025-12-16,20,281,261
4981,fasham,tehran,2025-12-17,18,414,396
4981,fasham,tehran,2025-12-18,44,1046,1002
4981,fasham,tehran,2025-12-19,18,428,410
4981,fasham,tehran,2025-12-20,12,236,224
4981,fasham,tehran,2025-12-21,9,200,191
6179,ferdosieh,tehran,2025-11-22,1,1,0
6179,ferdosieh,tehran,2025-11-23,0,0,0
6179,ferdosieh,tehran,2025-11-24,0,0,0
6179,ferdosieh,tehran,2025-11-25,1,3,2
6179,ferdosieh,tehran,2025-11-26,1,4,3
6179,ferdosieh,tehran,2025-11-27,1,6,5
6179,ferdosieh,tehran,2025-11-28,1,5,4
6179,ferdosieh,tehran,2025-11-29,0,0,0
6179,ferdosieh,tehran,2025-11-30,0,0,0
6179,ferdosieh,tehran,2025-12-01,0,0,0
6179,ferdosieh,tehran,2025-12-02,0,0,0
6179,ferdosieh,tehran,2025-12-03,0,0,0
6179,ferdosieh,tehran,2025-12-04,0,0,0
6179,ferdosieh,tehran,2025-12-05,0,0,0
6179,ferdosieh,tehran,2025-12-06,0,0,0
6179,ferdosieh,tehran,2025-12-07,0,0,0
6179,ferdosieh,tehran,2025-12-08,0,0,0
6179,ferdosieh,tehran,2025-12-09,0,0,0
6179,ferdosieh,tehran,2025-12-10,0,0,0
6179,ferdosieh,tehran,2025-12-11,0,0,0
6179,ferdosieh,tehran,2025-12-12,3,6,3
6179,ferdosieh,tehran,2025-12-13,0,0,0
6179,ferdosieh,tehran,2025-12-14,1,4,3
6179,ferdosieh,tehran,2025-12-15,0,0,0
6179,ferdosieh,tehran,2025-12-16,0,0,0
6179,ferdosieh,tehran,2025-12-17,0,0,0
6179,ferdosieh,tehran,2025-12-18,0,0,0
6179,ferdosieh,tehran,2025-12-19,0,0,0
6179,ferdosieh,tehran,2025-12-20,0,0,0
6179,ferdosieh,tehran,2025-12-21,0,0,0
8628,fereydoon_shahr,isfahan,2025-11-22,8,8,0
8628,fereydoon_shahr,isfahan,2025-11-23,1,1,0
8628,fereydoon_shahr,isfahan,2025-11-24,0,1,1
8628,fereydoon_shahr,isfahan,2025-11-25,0,1,1
8628,fereydoon_shahr,isfahan,2025-11-26,0,2,2
8628,fereydoon_shahr,isfahan,2025-11-27,3,10,7
8628,fereydoon_shahr,isfahan,2025-11-28,0,1,1
8628,fereydoon_shahr,isfahan,2025-11-29,0,1,1
8628,fereydoon_shahr,isfahan,2025-11-30,0,2,2
8628,fereydoon_shahr,isfahan,2025-12-01,0,2,2
8628,fereydoon_shahr,isfahan,2025-12-02,0,2,2
8628,fereydoon_shahr,isfahan,2025-12-03,1,5,4
8628,fereydoon_shahr,isfahan,2025-12-04,4,27,23
8628,fereydoon_shahr,isfahan,2025-12-05,3,9,6
8628,fereydoon_shahr,isfahan,2025-12-06,3,8,5
8628,fereydoon_shahr,isfahan,2025-12-07,3,8,5
8628,fereydoon_shahr,isfahan,2025-12-08,3,8,5
8628,fereydoon_shahr,isfahan,2025-12-09,3,8,5
8628,fereydoon_shahr,isfahan,2025-12-10,3,12,9
8628,fereydoon_shahr,isfahan,2025-12-11,7,36,29
8628,fereydoon_shahr,isfahan,2025-12-12,5,10,5
8628,fereydoon_shahr,isfahan,2025-12-13,5,11,6
8628,fereydoon_shahr,isfahan,2025-12-14,5,10,5
8628,fereydoon_shahr,isfahan,2025-12-15,5,12,7
8628,fereydoon_shahr,isfahan,2025-12-16,5,12,7
8628,fereydoon_shahr,isfahan,2025-12-17,5,19,14
8628,fereydoon_shahr,isfahan,2025-12-18,5,30,25
8628,fereydoon_shahr,isfahan,2025-12-19,5,12,7
8628,fereydoon_shahr,isfahan,2025-12-20,5,11,6
8628,fereydoon_shahr,isfahan,2025-12-21,2,6,4
7221,fereydunkenar,mazandaran,2025-11-22,674,793,119
7221,fereydunkenar,mazandaran,2025-11-23,475,700,225
7221,fereydunkenar,mazandaran,2025-11-24,337,605,268
7221,fereydunkenar,mazandaran,2025-11-25,370,703,333
7221,fereydunkenar,mazandaran,2025-11-26,391,951,560
7221,fereydunkenar,mazandaran,2025-11-27,398,1272,874
7221,fereydunkenar,mazandaran,2025-11-28,135,529,394
7221,fereydunkenar,mazandaran,2025-11-29,111,436,325
7221,fereydunkenar,mazandaran,2025-11-30,107,460,353
7221,fereydunkenar,mazandaran,2025-12-01,113,445,332
7221,fereydunkenar,mazandaran,2025-12-02,90,443,353
7221,fereydunkenar,mazandaran,2025-12-03,161,811,650
7221,fereydunkenar,mazandaran,2025-12-04,143,1402,1259
7221,fereydunkenar,mazandaran,2025-12-05,84,558,474
7221,fereydunkenar,mazandaran,2025-12-06,74,476,402
7221,fereydunkenar,mazandaran,2025-12-07,82,506,424
7221,fereydunkenar,mazandaran,2025-12-08,88,490,402
7221,fereydunkenar,mazandaran,2025-12-09,84,540,456
7221,fereydunkenar,mazandaran,2025-12-10,98,783,685
7221,fereydunkenar,mazandaran,2025-12-11,110,1440,1330
7221,fereydunkenar,mazandaran,2025-12-12,57,574,517
7221,fereydunkenar,mazandaran,2025-12-13,58,425,367
7221,fereydunkenar,mazandaran,2025-12-14,50,388,338
7221,fereydunkenar,mazandaran,2025-12-15,53,438,385
7221,fereydunkenar,mazandaran,2025-12-16,54,522,468
7221,fereydunkenar,mazandaran,2025-12-17,63,736,673
7221,fereydunkenar,mazandaran,2025-12-18,121,1194,1073
7221,fereydunkenar,mazandaran,2025-12-19,62,579,517
7221,fereydunkenar,mazandaran,2025-12-20,51,452,401
7221,fereydunkenar,mazandaran,2025-12-21,38,323,285
8304,firuzkuh,tehran,2025-11-22,174,199,25
8304,firuzkuh,tehran,2025-11-23,257,356,99
8304,firuzkuh,tehran,2025-11-24,127,198,71
8304,firuzkuh,tehran,2025-11-25,94,178,84
8304,firuzkuh,tehran,2025-11-26,91,254,163
8304,firuzkuh,tehran,2025-11-27,149,607,458
8304,firuzkuh,tehran,2025-11-28,61,233,172
8304,firuzkuh,tehran,2025-11-29,26,96,70
8304,firuzkuh,tehran,2025-11-30,19,101,82
8304,firuzkuh,tehran,2025-12-01,14,114,100
8304,firuzkuh,tehran,2025-12-02,19,129,110
8304,firuzkuh,tehran,2025-12-03,33,224,191
8304,firuzkuh,tehran,2025-12-04,49,621,572
8304,firuzkuh,tehran,2025-12-05,18,245,227
8304,firuzkuh,tehran,2025-12-06,11,123,112
8304,firuzkuh,tehran,2025-12-07,6,131,125
8304,firuzkuh,tehran,2025-12-08,4,121,117
8304,firuzkuh,tehran,2025-12-09,10,145,135
8304,firuzkuh,tehran,2025-12-10,26,286,260
8304,firuzkuh,tehran,2025-12-11,66,1301,1235
8304,firuzkuh,tehran,2025-12-12,10,233,223
8304,firuzkuh,tehran,2025-12-13,10,147,137
8304,firuzkuh,tehran,2025-12-14,11,154,143
8304,firuzkuh,tehran,2025-12-15,5,189,184
8304,firuzkuh,tehran,2025-12-16,5,210,205
8304,firuzkuh,tehran,2025-12-17,8,344,336
8304,firuzkuh,tehran,2025-12-18,20,714,694
8304,firuzkuh,tehran,2025-12-19,14,301,287
8304,firuzkuh,tehran,2025-12-20,8,164,156
8304,firuzkuh,tehran,2025-12-21,5,125,120
2423,fooladshahr,isfahan,2025-11-22,21,24,3
2423,fooladshahr,isfahan,2025-11-23,18,23,5
2423,fooladshahr,isfahan,2025-11-24,10,16,6
2423,fooladshahr,isfahan,2025-11-25,7,13,6
2423,fooladshahr,isfahan,2025-11-26,9,18,9
2423,fooladshahr,isfahan,2025-11-27,8,19,11
2423,fooladshahr,isfahan,2025-11-28,5,13,8
2423,fooladshahr,isfahan,2025-11-29,5,14,9
2423,fooladshahr,isfahan,2025-11-30,6,15,9
2423,fooladshahr,isfahan,2025-12-01,5,14,9
2423,fooladshahr,isfahan,2025-12-02,5,15,10
2423,fooladshahr,isfahan,2025-12-03,5,16,11
2423,fooladshahr,isfahan,2025-12-04,7,21,14
2423,fooladshahr,isfahan,2025-12-05,7,18,11
2423,fooladshahr,isfahan,2025-12-06,6,18,12
2423,fooladshahr,isfahan,2025-12-07,5,17,12
2423,fooladshahr,isfahan,2025-12-08,6,19,13
2423,fooladshahr,isfahan,2025-12-09,5,18,13
2423,fooladshahr,isfahan,2025-12-10,5,18,13
2423,fooladshahr,isfahan,2025-12-11,5,18,13
2423,fooladshahr,isfahan,2025-12-12,5,16,11
2423,fooladshahr,isfahan,2025-12-13,6,17,11
2423,fooladshahr,isfahan,2025-12-14,6,17,11
2423,fooladshahr,isfahan,2025-12-15,6,19,13
2423,fooladshahr,isfahan,2025-12-16,6,19,13
2423,fooladshahr,isfahan,2025-12-17,6,22,16
2423,fooladshahr,isfahan,2025-12-18,6,22,16
2423,fooladshahr,isfahan,2025-12-19,4,16,12
2423,fooladshahr,isfahan,2025-12-20,4,18,14
2423,fooladshahr,isfahan,2025-12-21,4,18,14
4791,fuman,gilan,2025-11-22,2162,2469,307
4791,fuman,gilan,2025-11-23,1553,2119,566
4791,fuman,gilan,2025-11-24,1443,2228,785
4791,fuman,gilan,2025-11-25,1332,2369,1037
4791,fuman,gilan,2025-11-26,1508,3184,1676
4791,fuman,gilan,2025-11-27,1222,3292,2070
4791,fuman,gilan,2025-11-28,302,943,641
4791,fuman,gilan,2025-11-29,346,945,599
4791,fuman,gilan,2025-11-30,340,1100,760
4791,fuman,gilan,2025-12-01,310,1033,723
4791,fuman,gilan,2025-12-02,360,1323,963
4791,fuman,gilan,2025-12-03,460,2210,1750
4791,fuman,gilan,2025-12-04,401,3230,2829
4791,fuman,gilan,2025-12-05,116,859,743
4791,fuman,gilan,2025-12-06,195,1211,1016
4791,fuman,gilan,2025-12-07,168,929,761
4791,fuman,gilan,2025-12-08,155,915,760
4791,fuman,gilan,2025-12-09,183,1162,979
4791,fuman,gilan,2025-12-10,249,1896,1647
4791,fuman,gilan,2025-12-11,272,3735,3463
4791,fuman,gilan,2025-12-12,119,1219,1100
4791,fuman,gilan,2025-12-13,106,900,794
4791,fuman,gilan,2025-12-14,76,821,745
4791,fuman,gilan,2025-12-15,74,962,888
4791,fuman,gilan,2025-12-16,106,1249,1143
4791,fuman,gilan,2025-12-17,106,1856,1750
4791,fuman,gilan,2025-12-18,108,2160,2052
4791,fuman,gilan,2025-12-19,63,1126,1063
4791,fuman,gilan,2025-12-20,36,806,770
4791,fuman,gilan,2025-12-21,10,507,497
7278,galugah,mazandaran,2025-11-22,37,44,7
7278,galugah,mazandaran,2025-11-23,36,50,14
7278,galugah,mazandaran,2025-11-24,21,35,14
7278,galugah,mazandaran,2025-11-25,12,26,14
7278,galugah,mazandaran,2025-11-26,11,39,28
7278,galugah,mazandaran,2025-11-27,27,91,64
7278,galugah,mazandaran,2025-11-28,10,26,16
7278,galugah,mazandaran,2025-11-29,9,21,12
7278,galugah,mazandaran,2025-11-30,8,23,15
7278,galugah,mazandaran,2025-12-01,0,20,20
7278,galugah,mazandaran,2025-12-02,1,16,15
7278,galugah,mazandaran,2025-12-03,7,35,28
7278,galugah,mazandaran,2025-12-04,6,79,73
7278,galugah,mazandaran,2025-12-05,3,21,18
7278,galugah,mazandaran,2025-12-06,3,24,21
7278,galugah,mazandaran,2025-12-07,1,23,22
7278,galugah,mazandaran,2025-12-08,5,24,19
7278,galugah,mazandaran,2025-12-09,7,26,19
7278,galugah,mazandaran,2025-12-10,0,29,29
7278,galugah,mazandaran,2025-12-11,0,78,78
7278,galugah,mazandaran,2025-12-12,2,19,17
7278,galugah,mazandaran,2025-12-13,0,18,18
7278,galugah,mazandaran,2025-12-14,0,17,17
7278,galugah,mazandaran,2025-12-15,1,20,19
7278,galugah,mazandaran,2025-12-16,0,24,24
7278,galugah,mazandaran,2025-12-17,2,36,34
7278,galugah,mazandaran,2025-12-18,0,64,64
7278,galugah,mazandaran,2025-12-19,0,23,23
7278,galugah,mazandaran,2025-12-20,0,21,21
7278,galugah,mazandaran,2025-12-21,1,16,15
4973,garmdarreh,alborz,2025-11-22,25,28,3
4973,garmdarreh,alborz,2025-11-23,16,22,6
4973,garmdarreh,alborz,2025-11-24,10,18,8
4973,garmdarreh,alborz,2025-11-25,5,13,8
4973,garmdarreh,alborz,2025-11-26,7,22,15
4973,garmdarreh,alborz,2025-11-27,9,28,19
4973,garmdarreh,alborz,2025-11-28,6,20,14
4973,garmdarreh,alborz,2025-11-29,2,15,13
4973,garmdarreh,alborz,2025-11-30,2,19,17
4973,garmdarreh,alborz,2025-12-01,2,19,17
4973,garmdarreh,alborz,2025-12-02,6,23,17
4973,garmdarreh,alborz,2025-12-03,7,28,21
4973,garmdarreh,alborz,2025-12-04,24,84,60
4973,garmdarreh,alborz,2025-12-05,4,28,24
4973,garmdarreh,alborz,2025-12-06,3,23,20
4973,garmdarreh,alborz,2025-12-07,3,22,19
4973,garmdarreh,alborz,2025-12-08,5,25,20
4973,garmdarreh,alborz,2025-12-09,8,30,22
4973,garmdarreh,alborz,2025-12-10,12,40,28
4973,garmdarreh,alborz,2025-12-11,11,67,56
4973,garmdarreh,alborz,2025-12-12,8,35,27
4973,garmdarreh,alborz,2025-12-13,2,24,22
4973,garmdarreh,alborz,2025-12-14,2,22,20
4973,garmdarreh,alborz,2025-12-15,2,27,25
4973,garmdarreh,alborz,2025-12-16,4,31,27
4973,garmdarreh,alborz,2025-12-17,10,44,34
4973,garmdarreh,alborz,2025-12-18,15,76,61
4973,garmdarreh,alborz,2025-12-19,5,36,31
4973,garmdarreh,alborz,2025-12-20,3,29,26
4973,garmdarreh,alborz,2025-12-21,1,19,18
4174,gatab,mazandaran,2025-11-22,0,0,0
4174,gatab,mazandaran,2025-11-23,0,0,0
4174,gatab,mazandaran,2025-11-24,0,0,0
4174,gatab,mazandaran,2025-11-25,0,0,0
4174,gatab,mazandaran,2025-11-26,0,0,0
4174,gatab,mazandaran,2025-11-27,0,0,0
4174,gatab,mazandaran,2025-11-28,0,0,0
4174,gatab,mazandaran,2025-11-29,0,0,0
4174,gatab,mazandaran,2025-11-30,0,0,0
4174,gatab,mazandaran,2025-12-01,0,0,0
4174,gatab,mazandaran,2025-12-02,0,0,0
4174,gatab,mazandaran,2025-12-03,0,0,0
4174,gatab,mazandaran,2025-12-04,0,0,0
4174,gatab,mazandaran,2025-12-05,0,0,0
4174,gatab,mazandaran,2025-12-06,0,0,0
4174,gatab,mazandaran,2025-12-07,0,0,0
4174,gatab,mazandaran,2025-12-08,0,0,0
4174,gatab,mazandaran,2025-12-09,0,0,0
4174,gatab,mazandaran,2025-12-10,0,0,0
4174,gatab,mazandaran,2025-12-11,1,2,1
4174,gatab,mazandaran,2025-12-12,0,0,0
4174,gatab,mazandaran,2025-12-13,0,0,0
4174,gatab,mazandaran,2025-12-14,0,0,0
4174,gatab,mazandaran,2025-12-15,0,0,0
4174,gatab,mazandaran,2025-12-16,0,0,0
4174,gatab,mazandaran,2025-12-17,0,0,0
4174,gatab,mazandaran,2025-12-18,0,0,0
4174,gatab,mazandaran,2025-12-19,0,0,0
4174,gatab,mazandaran,2025-12-20,0,0,0
4174,gatab,mazandaran,2025-12-21,0,0,0
5686,gazanak,mazandaran,2025-11-22,0,0,0
5686,gazanak,mazandaran,2025-11-23,0,0,0
5686,gazanak,mazandaran,2025-11-24,0,0,0
5686,gazanak,mazandaran,2025-11-25,0,0,0
5686,gazanak,mazandaran,2025-11-26,0,0,0
5686,gazanak,mazandaran,2025-11-27,0,0,0
5686,gazanak,mazandaran,2025-11-28,0,0,0
5686,gazanak,mazandaran,2025-11-29,0,0,0
5686,gazanak,mazandaran,2025-11-30,0,0,0
5686,gazanak,mazandaran,2025-12-01,0,0,0
5686,gazanak,mazandaran,2025-12-02,0,0,0
5686,gazanak,mazandaran,2025-12-03,0,0,0
5686,gazanak,mazandaran,2025-12-04,0,0,0
5686,gazanak,mazandaran,2025-12-05,0,0,0
5686,gazanak,mazandaran,2025-12-06,0,0,0
5686,gazanak,mazandaran,2025-12-07,0,0,0
5686,gazanak,mazandaran,2025-12-08,0,0,0
5686,gazanak,mazandaran,2025-12-09,0,0,0
5686,gazanak,mazandaran,2025-12-10,0,0,0
5686,gazanak,mazandaran,2025-12-11,0,0,0
5686,gazanak,mazandaran,2025-12-12,0,0,0
5686,gazanak,mazandaran,2025-12-13,0,0,0
5686,gazanak,mazandaran,2025-12-14,0,0,0
5686,gazanak,mazandaran,2025-12-15,0,0,0
5686,gazanak,mazandaran,2025-12-16,0,0,0
5686,gazanak,mazandaran,2025-12-17,0,0,0
5686,gazanak,mazandaran,2025-12-18,0,0,0
5686,gazanak,mazandaran,2025-12-19,0,0,0
5686,gazanak,mazandaran,2025-12-20,0,0,0
5686,gazanak,mazandaran,2025-12-21,0,0,0
2126,gazbarkhar,isfahan,2025-11-22,0,0,0
2126,gazbarkhar,isfahan,2025-11-23,0,0,0
2126,gazbarkhar,isfahan,2025-11-24,0,0,0
2126,gazbarkhar,isfahan,2025-11-25,0,0,0
2126,gazbarkhar,isfahan,2025-11-26,0,0,0
2126,gazbarkhar,isfahan,2025-11-27,0,0,0
2126,gazbarkhar,isfahan,2025-11-28,0,0,0
2126,gazbarkhar,isfahan,2025-11-29,0,0,0
2126,gazbarkhar,isfahan,2025-11-30,0,0,0
2126,gazbarkhar,isfahan,2025-12-01,0,0,0
2126,gazbarkhar,isfahan,2025-12-02,0,0,0
2126,gazbarkhar,isfahan,2025-12-03,0,0,0
2126,gazbarkhar,isfahan,2025-12-04,0,0,0
2126,gazbarkhar,isfahan,2025-12-05,0,0,0
2126,gazbarkhar,isfahan,2025-12-06,0,0,0
2126,gazbarkhar,isfahan,2025-12-07,0,0,0
2126,gazbarkhar,isfahan,2025-12-08,0,0,0
2126,gazbarkhar,isfahan,2025-12-09,0,0,0
2126,gazbarkhar,isfahan,2025-12-10,0,0,0
2126,gazbarkhar,isfahan,2025-12-11,0,0,0
2126,gazbarkhar,isfahan,2025-12-12,0,0,0
2126,gazbarkhar,isfahan,2025-12-13,0,0,0
2126,gazbarkhar,isfahan,2025-12-14,0,0,0
2126,gazbarkhar,isfahan,2025-12-15,0,0,0
2126,gazbarkhar,isfahan,2025-12-16,0,0,0
2126,gazbarkhar,isfahan,2025-12-17,0,0,0
2126,gazbarkhar,isfahan,2025-12-18,0,0,0
2126,gazbarkhar,isfahan,2025-12-19,0,0,0
2126,gazbarkhar,isfahan,2025-12-20,0,0,0
2126,gazbarkhar,isfahan,2025-12-21,0,0,0
6692,ghadamgah,khorasan_razavi,2025-11-22,0,0,0
6692,ghadamgah,khorasan_razavi,2025-11-23,0,0,0
6692,ghadamgah,khorasan_razavi,2025-11-24,0,0,0
6692,ghadamgah,khorasan_razavi,2025-11-25,0,0,0
6692,ghadamgah,khorasan_razavi,2025-11-26,0,0,0
6692,ghadamgah,khorasan_razavi,2025-11-27,0,0,0
6692,ghadamgah,khorasan_razavi,2025-11-28,0,0,0
6692,ghadamgah,khorasan_razavi,2025-11-29,0,0,0
6692,ghadamgah,khorasan_razavi,2025-11-30,0,0,0
6692,ghadamgah,khorasan_razavi,2025-12-01,0,0,0
6692,ghadamgah,khorasan_razavi,2025-12-02,0,0,0
6692,ghadamgah,khorasan_razavi,2025-12-03,0,0,0
6692,ghadamgah,khorasan_razavi,2025-12-04,0,0,0
6692,ghadamgah,khorasan_razavi,2025-12-05,0,0,0
6692,ghadamgah,khorasan_razavi,2025-12-06,0,0,0
6692,ghadamgah,khorasan_razavi,2025-12-07,0,0,0
6692,ghadamgah,khorasan_razavi,2025-12-08,0,0,0
6692,ghadamgah,khorasan_razavi,2025-12-09,0,0,0
6692,ghadamgah,khorasan_razavi,2025-12-10,0,0,0
6692,ghadamgah,khorasan_razavi,2025-12-11,0,0,0
6692,ghadamgah,khorasan_razavi,2025-12-12,0,0,0
6692,ghadamgah,khorasan_razavi,2025-12-13,0,0,0
6692,ghadamgah,khorasan_razavi,2025-12-14,0,0,0
6692,ghadamgah,khorasan_razavi,2025-12-15,0,0,0
6692,ghadamgah,khorasan_razavi,2025-12-16,0,0,0
6692,ghadamgah,khorasan_razavi,2025-12-17,0,0,0
6692,ghadamgah,khorasan_razavi,2025-12-18,0,0,0
6692,ghadamgah,khorasan_razavi,2025-12-19,0,0,0
6692,ghadamgah,khorasan_razavi,2025-12-20,0,0,0
6692,ghadamgah,khorasan_razavi,2025-12-21,0,0,0
8143,ghahderijan,isfahan,2025-11-22,0,0,0
8143,ghahderijan,isfahan,2025-11-23,0,0,0
8143,ghahderijan,isfahan,2025-11-24,0,0,0
8143,ghahderijan,isfahan,2025-11-25,0,0,0
8143,ghahderijan,isfahan,2025-11-26,0,0,0
8143,ghahderijan,isfahan,2025-11-27,0,0,0
8143,ghahderijan,isfahan,2025-11-28,0,0,0
8143,ghahderijan,isfahan,2025-11-29,0,0,0
8143,ghahderijan,isfahan,2025-11-30,0,0,0
8143,ghahderijan,isfahan,2025-12-01,0,0,0
8143,ghahderijan,isfahan,2025-12-02,0,0,0
8143,ghahderijan,isfahan,2025-12-03,0,0,0
8143,ghahderijan,isfahan,2025-12-04,0,0,0
8143,ghahderijan,isfahan,2025-12-05,0,0,0
8143,ghahderijan,isfahan,2025-12-06,0,0,0
8143,ghahderijan,isfahan,2025-12-07,0,0,0
8143,ghahderijan,isfahan,2025-12-08,0,0,0
8143,ghahderijan,isfahan,2025-12-09,0,0,0
8143,ghahderijan,isfahan,2025-12-10,0,0,0
8143,ghahderijan,isfahan,2025-12-11,0,0,0
8143,ghahderijan,isfahan,2025-12-12,0,0,0
8143,ghahderijan,isfahan,2025-12-13,0,0,0
8143,ghahderijan,isfahan,2025-12-14,0,0,0
8143,ghahderijan,isfahan,2025-12-15,0,0,0
8143,ghahderijan,isfahan,2025-12-16,0,0,0
8143,ghahderijan,isfahan,2025-12-17,0,0,0
8143,ghahderijan,isfahan,2025-12-18,0,0,0
8143,ghahderijan,isfahan,2025-12-19,0,0,0
8143,ghahderijan,isfahan,2025-12-20,0,0,0
8143,ghahderijan,isfahan,2025-12-21,0,0,0
5818,ghamsar_isfahan,isfahan,2025-11-22,19,21,2
5818,ghamsar_isfahan,isfahan,2025-11-23,22,28,6
5818,ghamsar_isfahan,isfahan,2025-11-24,10,15,5
5818,ghamsar_isfahan,isfahan,2025-11-25,17,24,7
5818,ghamsar_isfahan,isfahan,2025-11-26,17,31,14
5818,ghamsar_isfahan,isfahan,2025-11-27,15,53,38
5818,ghamsar_isfahan,isfahan,2025-11-28,4,11,7
5818,ghamsar_isfahan,isfahan,2025-11-29,3,8,5
5818,ghamsar_isfahan,isfahan,2025-11-30,3,9,6
5818,ghamsar_isfahan,isfahan,2025-12-01,9,16,7
5818,ghamsar_isfahan,isfahan,2025-12-02,11,20,9
5818,ghamsar_isfahan,isfahan,2025-12-03,10,27,17
5818,ghamsar_isfahan,isfahan,2025-12-04,8,72,64
5818,ghamsar_isfahan,isfahan,2025-12-05,4,15,11
5818,ghamsar_isfahan,isfahan,2025-12-06,4,15,11
5818,ghamsar_isfahan,isfahan,2025-12-07,4,15,11
5818,ghamsar_isfahan,isfahan,2025-12-08,5,17,12
5818,ghamsar_isfahan,isfahan,2025-12-09,6,18,12
5818,ghamsar_isfahan,isfahan,2025-12-10,5,22,17
5818,ghamsar_isfahan,isfahan,2025-12-11,4,62,58
5818,ghamsar_isfahan,isfahan,2025-12-12,4,17,13
5818,ghamsar_isfahan,isfahan,2025-12-13,5,17,12
5818,ghamsar_isfahan,isfahan,2025-12-14,4,15,11
5818,ghamsar_isfahan,isfahan,2025-12-15,4,18,14
5818,ghamsar_isfahan,isfahan,2025-12-16,4,19,15
5818,ghamsar_isfahan,isfahan,2025-12-17,4,23,19
5818,ghamsar_isfahan,isfahan,2025-12-18,7,64,57
5818,ghamsar_isfahan,isfahan,2025-12-19,4,19,15
5818,ghamsar_isfahan,isfahan,2025-12-20,4,16,12
5818,ghamsar_isfahan,isfahan,2025-12-21,3,12,9
2908,gharchak,tehran,2025-11-22,0,0,0
2908,gharchak,tehran,2025-11-23,0,0,0
2908,gharchak,tehran,2025-11-24,0,0,0
2908,gharchak,tehran,2025-11-25,0,0,0
2908,gharchak,tehran,2025-11-26,0,0,0
2908,gharchak,tehran,2025-11-27,0,0,0
2908,gharchak,tehran,2025-11-28,0,0,0
2908,gharchak,tehran,2025-11-29,0,0,0
2908,gharchak,tehran,2025-11-30,0,0,0
2908,gharchak,tehran,2025-12-01,0,0,0
2908,gharchak,tehran,2025-12-02,0,0,0
2908,gharchak,tehran,2025-12-03,0,0,0
2908,gharchak,tehran,2025-12-04,0,0,0
2908,gharchak,tehran,2025-12-05,0,0,0
2908,gharchak,tehran,2025-12-06,0,0,0
2908,gharchak,tehran,2025-12-07,0,0,0
2908,gharchak,tehran,2025-12-08,0,0,0
2908,gharchak,tehran,2025-12-09,0,0,0
2908,gharchak,tehran,2025-12-10,0,0,0
2908,gharchak,tehran,2025-12-11,0,0,0
2908,gharchak,tehran,2025-12-12,0,0,0
2908,gharchak,tehran,2025-12-13,0,0,0
2908,gharchak,tehran,2025-12-14,0,0,0
2908,gharchak,tehran,2025-12-15,0,0,0
2908,gharchak,tehran,2025-12-16,0,0,0
2908,gharchak,tehran,2025-12-17,0,0,0
2908,gharchak,tehran,2025-12-18,0,0,0
2908,gharchak,tehran,2025-12-19,0,0,0
2908,gharchak,tehran,2025-12-20,0,0,0
2908,gharchak,tehran,2025-12-21,0,0,0
8377,ghasemabad,khorasan_razavi,2025-11-22,0,0,0
8377,ghasemabad,khorasan_razavi,2025-11-23,0,0,0
8377,ghasemabad,khorasan_razavi,2025-11-24,0,0,0
8377,ghasemabad,khorasan_razavi,2025-11-25,0,0,0
8377,ghasemabad,khorasan_razavi,2025-11-26,0,0,0
8377,ghasemabad,khorasan_razavi,2025-11-27,0,0,0
8377,ghasemabad,khorasan_razavi,2025-11-28,0,0,0
8377,ghasemabad,khorasan_razavi,2025-11-29,0,0,0
8377,ghasemabad,khorasan_razavi,2025-11-30,0,0,0
8377,ghasemabad,khorasan_razavi,2025-12-01,0,0,0
8377,ghasemabad,khorasan_razavi,2025-12-02,0,0,0
8377,ghasemabad,khorasan_razavi,2025-12-03,0,0,0
8377,ghasemabad,khorasan_razavi,2025-12-04,0,0,0
8377,ghasemabad,khorasan_razavi,2025-12-05,0,0,0
8377,ghasemabad,khorasan_razavi,2025-12-06,0,0,0
8377,ghasemabad,khorasan_razavi,2025-12-07,0,0,0
8377,ghasemabad,khorasan_razavi,2025-12-08,0,0,0
8377,ghasemabad,khorasan_razavi,2025-12-09,0,0,0
8377,ghasemabad,khorasan_razavi,2025-12-10,0,0,0
8377,ghasemabad,khorasan_razavi,2025-12-11,0,0,0
8377,ghasemabad,khorasan_razavi,2025-12-12,0,0,0
8377,ghasemabad,khorasan_razavi,2025-12-13,0,0,0
8377,ghasemabad,khorasan_razavi,2025-12-14,0,0,0
8377,ghasemabad,khorasan_razavi,2025-12-15,0,0,0
8377,ghasemabad,khorasan_razavi,2025-12-16,0,0,0
8377,ghasemabad,khorasan_razavi,2025-12-17,0,0,0
8377,ghasemabad,khorasan_razavi,2025-12-18,0,0,0
8377,ghasemabad,khorasan_razavi,2025-12-19,0,0,0
8377,ghasemabad,khorasan_razavi,2025-12-20,0,0,0
8377,ghasemabad,khorasan_razavi,2025-12-21,0,0,0
5842,ghods,tehran,2025-11-22,11,14,3
5842,ghods,tehran,2025-11-23,10,15,5
5842,ghods,tehran,2025-11-24,7,14,7
5842,ghods,tehran,2025-11-25,7,15,8
5842,ghods,tehran,2025-11-26,7,17,10
5842,ghods,tehran,2025-11-27,8,21,13
5842,ghods,tehran,2025-11-28,5,14,9
5842,ghods,tehran,2025-11-29,6,17,11
5842,ghods,tehran,2025-11-30,5,16,11
5842,ghods,tehran,2025-12-01,6,19,13
5842,ghods,tehran,2025-12-02,3,17,14
5842,ghods,tehran,2025-12-03,3,17,14
5842,ghods,tehran,2025-12-04,8,36,28
5842,ghods,tehran,2025-12-05,3,18,15
5842,ghods,tehran,2025-12-06,3,23,20
5842,ghods,tehran,2025-12-07,3,22,19
5842,ghods,tehran,2025-12-08,5,25,20
5842,ghods,tehran,2025-12-09,5,25,20
5842,ghods,tehran,2025-12-10,3,24,21
5842,ghods,tehran,2025-12-11,3,35,32
5842,ghods,tehran,2025-12-12,7,26,19
5842,ghods,tehran,2025-12-13,3,24,21
5842,ghods,tehran,2025-12-14,3,22,19
5842,ghods,tehran,2025-12-15,3,27,24
5842,ghods,tehran,2025-12-16,2,28,26
5842,ghods,tehran,2025-12-17,1,26,25
5842,ghods,tehran,2025-12-18,0,28,28
5842,ghods,tehran,2025-12-19,0,18,18
5842,ghods,tehran,2025-12-20,1,24,23
5842,ghods,tehran,2025-12-21,2,21,19
5309,golbahar,khorasan_razavi,2025-11-22,5,5,0
5309,golbahar,khorasan_razavi,2025-11-23,11,13,2
5309,golbahar,khorasan_razavi,2025-11-24,7,9,2
5309,golbahar,khorasan_razavi,2025-11-25,5,7,2
5309,golbahar,khorasan_razavi,2025-11-26,5,9,4
5309,golbahar,khorasan_razavi,2025-11-27,6,11,5
5309,golbahar,khorasan_razavi,2025-11-28,3,5,2
5309,golbahar,khorasan_razavi,2025-11-29,6,11,5
5309,golbahar,khorasan_razavi,2025-11-30,10,16,6
5309,golbahar,khorasan_razavi,2025-12-01,11,17,6
5309,golbahar,khorasan_razavi,2025-12-02,3,7,4
5309,golbahar,khorasan_razavi,2025-12-03,3,8,5
5309,golbahar,khorasan_razavi,2025-12-04,3,13,10
5309,golbahar,khorasan_razavi,2025-12-05,3,9,6
5309,golbahar,khorasan_razavi,2025-12-06,3,6,3
5309,golbahar,khorasan_razavi,2025-12-07,3,7,4
5309,golbahar,khorasan_razavi,2025-12-08,3,6,3
5309,golbahar,khorasan_razavi,2025-12-09,3,7,4
5309,golbahar,khorasan_razavi,2025-12-10,3,8,5
5309,golbahar,khorasan_razavi,2025-12-11,1,4,3
5309,golbahar,khorasan_razavi,2025-12-12,1,2,1
5309,golbahar,khorasan_razavi,2025-12-13,0,0,0
5309,golbahar,khorasan_razavi,2025-12-14,5,8,3
5309,golbahar,khorasan_razavi,2025-12-15,0,1,1
5309,golbahar,khorasan_razavi,2025-12-16,2,5,3
5309,golbahar,khorasan_razavi,2025-12-17,2,6,4
5309,golbahar,khorasan_razavi,2025-12-18,2,8,6
5309,golbahar,khorasan_razavi,2025-12-19,2,6,4
5309,golbahar,khorasan_razavi,2025-12-20,2,5,3
5309,golbahar,khorasan_razavi,2025-12-21,0,0,0
8619,goldasht,isfahan,2025-11-22,0,0,0
8619,goldasht,isfahan,2025-11-23,0,0,0
8619,goldasht,isfahan,2025-11-24,1,1,0
8619,goldasht,isfahan,2025-11-25,0,1,1
8619,goldasht,isfahan,2025-11-26,0,1,1
8619,goldasht,isfahan,2025-11-27,0,2,2
8619,goldasht,isfahan,2025-11-28,2,3,1
8619,goldasht,isfahan,2025-11-29,0,0,0
8619,goldasht,isfahan,2025-11-30,0,1,1
8619,goldasht,isfahan,2025-12-01,0,1,1
8619,goldasht,isfahan,2025-12-02,0,1,1
8619,goldasht,isfahan,2025-12-03,0,1,1
8619,goldasht,isfahan,2025-12-04,0,3,3
8619,goldasht,isfahan,2025-12-05,0,1,1
8619,goldasht,isfahan,2025-12-06,0,1,1
8619,goldasht,isfahan,2025-12-07,0,1,1
8619,goldasht,isfahan,2025-12-08,0,1,1
8619,goldasht,isfahan,2025-12-09,1,3,2
8619,goldasht,isfahan,2025-12-10,1,3,2
8619,goldasht,isfahan,2025-12-11,1,6,5
8619,goldasht,isfahan,2025-12-12,0,1,1
8619,goldasht,isfahan,2025-12-13,0,1,1
8619,goldasht,isfahan,2025-12-14,0,1,1
8619,goldasht,isfahan,2025-12-15,0,2,2
8619,goldasht,isfahan,2025-12-16,0,2,2
8619,goldasht,isfahan,2025-12-17,0,2,2
8619,goldasht,isfahan,2025-12-18,0,3,3
8619,goldasht,isfahan,2025-12-19,0,1,1
8619,goldasht,isfahan,2025-12-20,0,2,2
8619,goldasht,isfahan,2025-12-21,0,1,1
4879,golestan,tehran,2025-11-22,37,38,1
4879,golestan,tehran,2025-11-23,37,39,2
4879,golestan,tehran,2025-11-24,13,14,1
4879,golestan,tehran,2025-11-25,11,12,1
4879,golestan,tehran,2025-11-26,17,20,3
4879,golestan,tehran,2025-11-27,23,30,7
4879,golestan,tehran,2025-11-28,0,0,0
4879,golestan,tehran,2025-11-29,0,0,0
4879,golestan,tehran,2025-11-30,0,0,0
4879,golestan,tehran,2025-12-01,0,0,0
4879,golestan,tehran,2025-12-02,0,0,0
4879,golestan,tehran,2025-12-03,0,0,0
4879,golestan,tehran,2025-12-04,0,1,1
4879,golestan,tehran,2025-12-05,0,0,0
4879,golestan,tehran,2025-12-06,0,0,0
4879,golestan,tehran,2025-12-07,0,0,0
4879,golestan,tehran,2025-12-08,0,0,0
4879,golestan,tehran,2025-12-09,0,0,0
4879,golestan,tehran,2025-12-10,0,1,1
4879,golestan,tehran,2025-12-11,0,3,3
4879,golestan,tehran,2025-12-12,0,0,0
4879,golestan,tehran,2025-12-13,0,0,0
4879,golestan,tehran,2025-12-14,0,0,0
4879,golestan,tehran,2025-12-15,0,0,0
4879,golestan,tehran,2025-12-16,0,0,0
4879,golestan,tehran,2025-12-17,0,1,1
4879,golestan,tehran,2025-12-18,0,2,2
4879,golestan,tehran,2025-12-19,0,0,0
4879,golestan,tehran,2025-12-20,0,0,0
4879,golestan,tehran,2025-12-21,0,0,0
1209,golmakan,khorasan_razavi,2025-11-22,0,0,0
1209,golmakan,khorasan_razavi,2025-11-23,1,1,0
1209,golmakan,khorasan_razavi,2025-11-24,0,0,0
1209,golmakan,khorasan_razavi,2025-11-25,0,0,0
1209,golmakan,khorasan_razavi,2025-11-26,0,0,0
1209,golmakan,khorasan_razavi,2025-11-27,2,6,4
1209,golmakan,khorasan_razavi,2025-11-28,0,0,0
1209,golmakan,khorasan_razavi,2025-11-29,0,0,0
1209,golmakan,khorasan_razavi,2025-11-30,0,0,0
1209,golmakan,khorasan_razavi,2025-12-01,1,3,2
1209,golmakan,khorasan_razavi,2025-12-02,1,3,2
1209,golmakan,khorasan_razavi,2025-12-03,0,0,0
1209,golmakan,khorasan_razavi,2025-12-04,0,0,0
1209,golmakan,khorasan_razavi,2025-12-05,0,0,0
1209,golmakan,khorasan_razavi,2025-12-06,3,4,1
1209,golmakan,khorasan_razavi,2025-12-07,3,5,2
1209,golmakan,khorasan_razavi,2025-12-08,3,5,2
1209,golmakan,khorasan_razavi,2025-12-09,2,4,2
1209,golmakan,khorasan_razavi,2025-12-10,2,5,3
1209,golmakan,khorasan_razavi,2025-12-11,2,6,4
1209,golmakan,khorasan_razavi,2025-12-12,2,4,2
1209,golmakan,khorasan_razavi,2025-12-13,2,4,2
1209,golmakan,khorasan_razavi,2025-12-14,2,4,2
1209,golmakan,khorasan_razavi,2025-12-15,2,5,3
1209,golmakan,khorasan_razavi,2025-12-16,2,5,3
1209,golmakan,khorasan_razavi,2025-12-17,2,5,3
1209,golmakan,khorasan_razavi,2025-12-18,2,6,4
1209,golmakan,khorasan_razavi,2025-12-19,0,0,0
1209,golmakan,khorasan_razavi,2025-12-20,0,0,0
1209,golmakan,khorasan_razavi,2025-12-21,0,0,0
3042,golpayegan,isfahan,2025-11-22,56,63,7
3042,golpayegan,isfahan,2025-11-23,51,62,11
3042,golpayegan,isfahan,2025-11-24,20,31,11
3042,golpayegan,isfahan,2025-11-25,15,28,13
3042,golpayegan,isfahan,2025-11-26,16,42,26
3042,golpayegan,isfahan,2025-11-27,52,125,73
3042,golpayegan,isfahan,2025-11-28,10,26,16
3042,golpayegan,isfahan,2025-11-29,10,26,16
3042,golpayegan,isfahan,2025-11-30,9,27,18
3042,golpayegan,isfahan,2025-12-01,5,25,20
3042,golpayegan,isfahan,2025-12-02,13,35,22
3042,golpayegan,isfahan,2025-12-03,11,43,32
3042,golpayegan,isfahan,2025-12-04,11,109,98
3042,golpayegan,isfahan,2025-12-05,8,32,24
3042,golpayegan,isfahan,2025-12-06,6,37,31
3042,golpayegan,isfahan,2025-12-07,6,34,28
3042,golpayegan,isfahan,2025-12-08,7,36,29
3042,golpayegan,isfahan,2025-12-09,5,36,31
3042,golpayegan,isfahan,2025-12-10,17,74,57
3042,golpayegan,isfahan,2025-12-11,9,117,108
3042,golpayegan,isfahan,2025-12-12,7,42,35
3042,golpayegan,isfahan,2025-12-13,7,43,36
3042,golpayegan,isfahan,2025-12-14,5,38,33
3042,golpayegan,isfahan,2025-12-15,5,47,42
3042,golpayegan,isfahan,2025-12-16,5,52,47
3042,golpayegan,isfahan,2025-12-17,8,70,62
3042,golpayegan,isfahan,2025-12-18,12,140,128
3042,golpayegan,isfahan,2025-12-19,5,45,40
3042,golpayegan,isfahan,2025-12-20,9,52,43
3042,golpayegan,isfahan,2025-12-21,3,31,28
9681,golsar,alborz,2025-11-22,5,5,0
9681,golsar,alborz,2025-11-23,10,11,1
9681,golsar,alborz,2025-11-24,7,9,2
9681,golsar,alborz,2025-11-25,1,2,1
9681,golsar,alborz,2025-11-26,1,4,3
9681,golsar,alborz,2025-11-27,1,6,5
9681,golsar,alborz,2025-11-28,1,3,2
9681,golsar,alborz,2025-11-29,3,5,2
9681,golsar,alborz,2025-11-30,3,5,2
9681,golsar,alborz,2025-12-01,1,3,2
9681,golsar,alborz,2025-12-02,1,3,2
9681,golsar,alborz,2025-12-03,0,4,4
9681,golsar,alborz,2025-12-04,0,8,8
9681,golsar,alborz,2025-12-05,0,3,3
9681,golsar,alborz,2025-12-06,0,3,3
9681,golsar,alborz,2025-12-07,0,3,3
9681,golsar,alborz,2025-12-08,0,3,3
9681,golsar,alborz,2025-12-09,0,3,3
9681,golsar,alborz,2025-12-10,0,5,5
9681,golsar,alborz,2025-12-11,0,9,9
9681,golsar,alborz,2025-12-12,0,4,4
9681,golsar,alborz,2025-12-13,0,3,3
9681,golsar,alborz,2025-12-14,0,3,3
9681,golsar,alborz,2025-12-15,0,4,4
9681,golsar,alborz,2025-12-16,0,4,4
9681,golsar,alborz,2025-12-17,1,8,7
9681,golsar,alborz,2025-12-18,1,11,10
9681,golsar,alborz,2025-12-19,0,4,4
9681,golsar,alborz,2025-12-20,0,4,4
9681,golsar,alborz,2025-12-21,0,3,3
9600,gonabad,khorasan_razavi,2025-11-22,28,31,3
9600,gonabad,khorasan_razavi,2025-11-23,42,48,6
9600,gonabad,khorasan_razavi,2025-11-24,25,31,6
9600,gonabad,khorasan_razavi,2025-11-25,23,31,8
9600,gonabad,khorasan_razavi,2025-11-26,35,53,18
9600,gonabad,khorasan_razavi,2025-11-27,26,46,20
9600,gonabad,khorasan_razavi,2025-11-28,0,5,5
9600,gonabad,khorasan_razavi,2025-11-29,1,7,6
9600,gonabad,khorasan_razavi,2025-11-30,2,8,6
9600,gonabad,khorasan_razavi,2025-12-01,4,12,8
9600,gonabad,khorasan_razavi,2025-12-02,4,13,9
9600,gonabad,khorasan_razavi,2025-12-03,1,12,11
9600,gonabad,khorasan_razavi,2025-12-04,0,16,16
9600,gonabad,khorasan_razavi,2025-12-05,0,8,8
9600,gonabad,khorasan_razavi,2025-12-06,1,12,11
9600,gonabad,khorasan_razavi,2025-12-07,2,12,10
9600,gonabad,khorasan_razavi,2025-12-08,1,11,10
9600,gonabad,khorasan_razavi,2025-12-09,2,13,11
9600,gonabad,khorasan_razavi,2025-12-10,2,15,13
9600,gonabad,khorasan_razavi,2025-12-11,0,24,24
9600,gonabad,khorasan_razavi,2025-12-12,0,9,9
9600,gonabad,khorasan_razavi,2025-12-13,0,11,11
9600,gonabad,khorasan_razavi,2025-12-14,0,10,10
9600,gonabad,khorasan_razavi,2025-12-15,1,12,11
9600,gonabad,khorasan_razavi,2025-12-16,1,14,13
9600,gonabad,khorasan_razavi,2025-12-17,0,17,17
9600,gonabad,khorasan_razavi,2025-12-18,0,25,25
9600,gonabad,khorasan_razavi,2025-12-19,0,12,12
9600,gonabad,khorasan_razavi,2025-12-20,0,12,12
9600,gonabad,khorasan_razavi,2025-12-21,0,9,9
3771,gorabzarmikh,gilan,2025-11-22,5,5,0
3771,gorabzarmikh,gilan,2025-11-23,1,1,0
3771,gorabzarmikh,gilan,2025-11-24,1,2,1
3771,gorabzarmikh,gilan,2025-11-25,1,3,2
3771,gorabzarmikh,gilan,2025-11-26,1,5,4
3771,gorabzarmikh,gilan,2025-11-27,0,4,4
3771,gorabzarmikh,gilan,2025-11-28,0,1,1
3771,gorabzarmikh,gilan,2025-11-29,1,2,1
3771,gorabzarmikh,gilan,2025-11-30,1,3,2
3771,gorabzarmikh,gilan,2025-12-01,1,2,1
3771,gorabzarmikh,gilan,2025-12-02,1,3,2
3771,gorabzarmikh,gilan,2025-12-03,1,4,3
3771,gorabzarmikh,gilan,2025-12-04,0,8,8
3771,gorabzarmikh,gilan,2025-12-05,0,2,2
3771,gorabzarmikh,gilan,2025-12-06,0,3,3
3771,gorabzarmikh,gilan,2025-12-07,0,3,3
3771,gorabzarmikh,gilan,2025-12-08,0,2,2
3771,gorabzarmikh,gilan,2025-12-09,0,3,3
3771,gorabzarmikh,gilan,2025-12-10,0,3,3
3771,gorabzarmikh,gilan,2025-12-11,0,6,6
3771,gorabzarmikh,gilan,2025-12-12,0,2,2
3771,gorabzarmikh,gilan,2025-12-13,0,3,3
3771,gorabzarmikh,gilan,2025-12-14,0,2,2
3771,gorabzarmikh,gilan,2025-12-15,0,3,3
3771,gorabzarmikh,gilan,2025-12-16,0,3,3
3771,gorabzarmikh,gilan,2025-12-17,0,4,4
3771,gorabzarmikh,gilan,2025-12-18,0,5,5
3771,gorabzarmikh,gilan,2025-12-19,0,3,3
3771,gorabzarmikh,gilan,2025-12-20,0,3,3
3771,gorabzarmikh,gilan,2025-12-21,0,2,2
6126,habibabad,isfahan,2025-11-22,0,0,0
6126,habibabad,isfahan,2025-11-23,0,0,0
6126,habibabad,isfahan,2025-11-24,0,0,0
6126,habibabad,isfahan,2025-11-25,0,0,0
6126,habibabad,isfahan,2025-11-26,0,0,0
6126,habibabad,isfahan,2025-11-27,0,0,0
6126,habibabad,isfahan,2025-11-28,0,0,0
6126,habibabad,isfahan,2025-11-29,0,0,0
6126,habibabad,isfahan,2025-11-30,0,0,0
6126,habibabad,isfahan,2025-12-01,0,0,0
6126,habibabad,isfahan,2025-12-02,0,0,0
6126,habibabad,isfahan,2025-12-03,0,0,0
6126,habibabad,isfahan,2025-12-04,0,0,0
6126,habibabad,isfahan,2025-12-05,0,0,0
6126,habibabad,isfahan,2025-12-06,0,0,0
6126,habibabad,isfahan,2025-12-07,0,0,0
6126,habibabad,isfahan,2025-12-08,0,0,0
6126,habibabad,isfahan,2025-12-09,0,0,0
6126,habibabad,isfahan,2025-12-10,0,0,0
6126,habibabad,isfahan,2025-12-11,0,0,0
6126,habibabad,isfahan,2025-12-12,0,0,0
6126,habibabad,isfahan,2025-12-13,0,0,0
6126,habibabad,isfahan,2025-12-14,0,0,0
6126,habibabad,isfahan,2025-12-15,0,0,0
6126,habibabad,isfahan,2025-12-16,0,0,0
6126,habibabad,isfahan,2025-12-17,0,0,0
6126,habibabad,isfahan,2025-12-18,0,0,0
6126,habibabad,isfahan,2025-12-19,0,0,0
6126,habibabad,isfahan,2025-12-20,0,0,0
6126,habibabad,isfahan,2025-12-21,0,0,0
5802,hachirood,mazandaran,2025-11-22,95,112,17
5802,hachirood,mazandaran,2025-11-23,58,82,24
5802,hachirood,mazandaran,2025-11-24,29,56,27
5802,hachirood,mazandaran,2025-11-25,16,43,27
5802,hachirood,mazandaran,2025-11-26,34,114,80
5802,hachirood,mazandaran,2025-11-27,47,170,123
5802,hachirood,mazandaran,2025-11-28,15,53,38
5802,hachirood,mazandaran,2025-11-29,17,51,34
5802,hachirood,mazandaran,2025-11-30,7,50,43
5802,hachirood,mazandaran,2025-12-01,9,51,42
5802,hachirood,mazandaran,2025-12-02,5,46,41
5802,hachirood,mazandaran,2025-12-03,3,61,58
5802,hachirood,mazandaran,2025-12-04,9,128,119
5802,hachirood,mazandaran,2025-12-05,9,58,49
5802,hachirood,mazandaran,2025-12-06,3,51,48
5802,hachirood,mazandaran,2025-12-07,3,48,45
5802,hachirood,mazandaran,2025-12-08,5,54,49
5802,hachirood,mazandaran,2025-12-09,3,53,50
5802,hachirood,mazandaran,2025-12-10,3,73,70
5802,hachirood,mazandaran,2025-12-11,3,154,151
5802,hachirood,mazandaran,2025-12-12,3,55,52
5802,hachirood,mazandaran,2025-12-13,3,48,45
5802,hachirood,mazandaran,2025-12-14,2,46,44
5802,hachirood,mazandaran,2025-12-15,1,52,51
5802,hachirood,mazandaran,2025-12-16,1,56,55
5802,hachirood,mazandaran,2025-12-17,1,80,79
5802,hachirood,mazandaran,2025-12-18,1,110,109
5802,hachirood,mazandaran,2025-12-19,1,58,57
5802,hachirood,mazandaran,2025-12-20,1,45,44
5802,hachirood,mazandaran,2025-12-21,0,39,39
2136,hajjiabad_hormozgan,hormozgan,2025-11-22,0,0,0
2136,hajjiabad_hormozgan,hormozgan,2025-11-23,0,0,0
2136,hajjiabad_hormozgan,hormozgan,2025-11-24,0,0,0
2136,hajjiabad_hormozgan,hormozgan,2025-11-25,0,0,0
2136,hajjiabad_hormozgan,hormozgan,2025-11-26,0,0,0
2136,hajjiabad_hormozgan,hormozgan,2025-11-27,0,0,0
2136,hajjiabad_hormozgan,hormozgan,2025-11-28,0,0,0
2136,hajjiabad_hormozgan,hormozgan,2025-11-29,0,0,0
2136,hajjiabad_hormozgan,hormozgan,2025-11-30,0,0,0
2136,hajjiabad_hormozgan,hormozgan,2025-12-01,0,0,0
2136,hajjiabad_hormozgan,hormozgan,2025-12-02,0,0,0
2136,hajjiabad_hormozgan,hormozgan,2025-12-03,0,0,0
2136,hajjiabad_hormozgan,hormozgan,2025-12-04,0,0,0
2136,hajjiabad_hormozgan,hormozgan,2025-12-05,0,0,0
2136,hajjiabad_hormozgan,hormozgan,2025-12-06,0,0,0
2136,hajjiabad_hormozgan,hormozgan,2025-12-07,0,0,0
2136,hajjiabad_hormozgan,hormozgan,2025-12-08,0,0,0
2136,hajjiabad_hormozgan,hormozgan,2025-12-09,0,0,0
2136,hajjiabad_hormozgan,hormozgan,2025-12-10,0,0,0
2136,hajjiabad_hormozgan,hormozgan,2025-12-11,0,0,0
2136,hajjiabad_hormozgan,hormozgan,2025-12-12,0,0,0
2136,hajjiabad_hormozgan,hormozgan,2025-12-13,0,0,0
2136,hajjiabad_hormozgan,hormozgan,2025-12-14,0,0,0
2136,hajjiabad_hormozgan,hormozgan,2025-12-15,0,0,0
2136,hajjiabad_hormozgan,hormozgan,2025-12-16,0,0,0
2136,hajjiabad_hormozgan,hormozgan,2025-12-17,0,0,0
2136,hajjiabad_hormozgan,hormozgan,2025-12-18,0,0,0
2136,hajjiabad_hormozgan,hormozgan,2025-12-19,0,0,0
2136,hajjiabad_hormozgan,hormozgan,2025-12-20,0,0,0
2136,hajjiabad_hormozgan,hormozgan,2025-12-21,0,0,0
6235,hasanabad_esf,isfahan,2025-11-22,2,2,0
6235,hasanabad_esf,isfahan,2025-11-23,2,2,0
6235,hasanabad_esf,isfahan,2025-11-24,1,1,0
6235,hasanabad_esf,isfahan,2025-11-25,1,1,0
6235,hasanabad_esf,isfahan,2025-11-26,1,1,0
6235,hasanabad_esf,isfahan,2025-11-27,1,1,0
6235,hasanabad_esf,isfahan,2025-11-28,1,1,0
6235,hasanabad_esf,isfahan,2025-11-29,1,1,0
6235,hasanabad_esf,isfahan,2025-11-30,1,1,0
6235,hasanabad_esf,isfahan,2025-12-01,1,1,0
6235,hasanabad_esf,isfahan,2025-12-02,1,1,0
6235,hasanabad_esf,isfahan,2025-12-03,1,1,0
6235,hasanabad_esf,isfahan,2025-12-04,1,1,0
6235,hasanabad_esf,isfahan,2025-12-05,1,1,0
6235,hasanabad_esf,isfahan,2025-12-06,1,1,0
6235,hasanabad_esf,isfahan,2025-12-07,3,3,0
6235,hasanabad_esf,isfahan,2025-12-08,1,1,0
6235,hasanabad_esf,isfahan,2025-12-09,1,1,0
6235,hasanabad_esf,isfahan,2025-12-10,1,1,0
6235,hasanabad_esf,isfahan,2025-12-11,1,2,1
6235,hasanabad_esf,isfahan,2025-12-12,1,1,0
6235,hasanabad_esf,isfahan,2025-12-13,1,1,0
6235,hasanabad_esf,isfahan,2025-12-14,1,1,0
6235,hasanabad_esf,isfahan,2025-12-15,1,1,0
6235,hasanabad_esf,isfahan,2025-12-16,1,1,0
6235,hasanabad_esf,isfahan,2025-12-17,1,1,0
6235,hasanabad_esf,isfahan,2025-12-18,1,2,1
6235,hasanabad_esf,isfahan,2025-12-19,1,1,0
6235,hasanabad_esf,isfahan,2025-12-20,1,1,0
6235,hasanabad_esf,isfahan,2025-12-21,0,0,0
9704,hasanabad_teh,tehran,2025-11-22,2,2,0
9704,hasanabad_teh,tehran,2025-11-23,2,2,0
9704,hasanabad_teh,tehran,2025-11-24,1,1,0
9704,hasanabad_teh,tehran,2025-11-25,1,2,1
9704,hasanabad_teh,tehran,2025-11-26,1,2,1
9704,hasanabad_teh,tehran,2025-11-27,1,2,1
9704,hasanabad_teh,tehran,2025-11-28,1,2,1
9704,hasanabad_teh,tehran,2025-11-29,1,2,1
9704,hasanabad_teh,tehran,2025-11-30,1,2,1
9704,hasanabad_teh,tehran,2025-12-01,1,2,1
9704,hasanabad_teh,tehran,2025-12-02,1,2,1
9704,hasanabad_teh,tehran,2025-12-03,1,2,1
9704,hasanabad_teh,tehran,2025-12-04,1,3,2
9704,hasanabad_teh,tehran,2025-12-05,1,2,1
9704,hasanabad_teh,tehran,2025-12-06,1,3,2
9704,hasanabad_teh,tehran,2025-12-07,1,3,2
9704,hasanabad_teh,tehran,2025-12-08,1,3,2
9704,hasanabad_teh,tehran,2025-12-09,1,3,2
9704,hasanabad_teh,tehran,2025-12-10,1,3,2
9704,hasanabad_teh,tehran,2025-12-11,1,4,3
9704,hasanabad_teh,tehran,2025-12-12,1,3,2
9704,hasanabad_teh,tehran,2025-12-13,1,3,2
9704,hasanabad_teh,tehran,2025-12-14,1,3,2
9704,hasanabad_teh,tehran,2025-12-15,1,4,3
9704,hasanabad_teh,tehran,2025-12-16,1,4,3
9704,hasanabad_teh,tehran,2025-12-17,1,4,3
9704,hasanabad_teh,tehran,2025-12-18,1,4,3
9704,hasanabad_teh,tehran,2025-12-19,1,4,3
9704,hasanabad_teh,tehran,2025-12-20,1,4,3
9704,hasanabad_teh,tehran,2025-12-21,1,3,2
5244,hashtgerd,alborz,2025-11-22,47,59,12
5244,hashtgerd,alborz,2025-11-23,31,57,26
5244,hashtgerd,alborz,2025-11-24,21,49,28
5244,hashtgerd,alborz,2025-11-25,21,51,30
5244,hashtgerd,alborz,2025-11-26,24,69,45
5244,hashtgerd,alborz,2025-11-27,64,170,106
5244,hashtgerd,alborz,2025-11-28,33,84,51
5244,hashtgerd,alborz,2025-11-29,14,57,43
5244,hashtgerd,alborz,2025-11-30,18,67,49
5244,hashtgerd,alborz,2025-12-01,44,88,44
5244,hashtgerd,alborz,2025-12-02,40,93,53
5244,hashtgerd,alborz,2025-12-03,40,101,61
5244,hashtgerd,alborz,2025-12-04,23,166,143
5244,hashtgerd,alborz,2025-12-05,13,80,67
5244,hashtgerd,alborz,2025-12-06,12,64,52
5244,hashtgerd,alborz,2025-12-07,12,63,51
5244,hashtgerd,alborz,2025-12-08,10,63,53
5244,hashtgerd,alborz,2025-12-09,10,64,54
5244,hashtgerd,alborz,2025-12-10,5,72,67
5244,hashtgerd,alborz,2025-12-11,17,175,158
5244,hashtgerd,alborz,2025-12-12,6,75,69
5244,hashtgerd,alborz,2025-12-13,2,64,62
5244,hashtgerd,alborz,2025-12-14,2,57,55
5244,hashtgerd,alborz,2025-12-15,4,77,73
5244,hashtgerd,alborz,2025-12-16,5,78,73
5244,hashtgerd,alborz,2025-12-17,4,83,79
5244,hashtgerd,alborz,2025-12-18,5,154,149
5244,hashtgerd,alborz,2025-12-19,2,73,71
5244,hashtgerd,alborz,2025-12-20,2,64,62
5244,hashtgerd,alborz,2025-12-21,1,54,53
7366,havigh,gilan,2025-11-22,4,4,0
7366,havigh,gilan,2025-11-23,2,3,1
7366,havigh,gilan,2025-11-24,1,3,2
7366,havigh,gilan,2025-11-25,6,9,3
7366,havigh,gilan,2025-11-26,4,9,5
7366,havigh,gilan,2025-11-27,4,10,6
7366,havigh,gilan,2025-11-28,2,4,2
7366,havigh,gilan,2025-11-29,2,4,2
7366,havigh,gilan,2025-11-30,0,2,2
7366,havigh,gilan,2025-12-01,0,2,2
7366,havigh,gilan,2025-12-02,0,2,2
7366,havigh,gilan,2025-12-03,0,4,4
7366,havigh,gilan,2025-12-04,0,9,9
7366,havigh,gilan,2025-12-05,0,3,3
7366,havigh,gilan,2025-12-06,0,3,3
7366,havigh,gilan,2025-12-07,0,3,3
7366,havigh,gilan,2025-12-08,0,2,2
7366,havigh,gilan,2025-12-09,0,3,3
7366,havigh,gilan,2025-12-10,0,4,4
7366,havigh,gilan,2025-12-11,0,8,8
7366,havigh,gilan,2025-12-12,0,2,2
7366,havigh,gilan,2025-12-13,0,2,2
7366,havigh,gilan,2025-12-14,4,7,3
7366,havigh,gilan,2025-12-15,4,8,4
7366,havigh,gilan,2025-12-16,4,9,5
7366,havigh,gilan,2025-12-17,4,10,6
7366,havigh,gilan,2025-12-18,0,6,6
7366,havigh,gilan,2025-12-19,0,3,3
7366,havigh,gilan,2025-12-20,0,2,2
7366,havigh,gilan,2025-12-21,0,1,1
5752,hemmatabad,khorasan_razavi,2025-11-22,0,0,0
5752,hemmatabad,khorasan_razavi,2025-11-23,0,0,0
5752,hemmatabad,khorasan_razavi,2025-11-24,0,0,0
5752,hemmatabad,khorasan_razavi,2025-11-25,0,0,0
5752,hemmatabad,khorasan_razavi,2025-11-26,0,0,0
5752,hemmatabad,khorasan_razavi,2025-11-27,0,0,0
5752,hemmatabad,khorasan_razavi,2025-11-28,0,0,0
5752,hemmatabad,khorasan_razavi,2025-11-29,0,0,0
5752,hemmatabad,khorasan_razavi,2025-11-30,0,0,0
5752,hemmatabad,khorasan_razavi,2025-12-01,0,0,0
5752,hemmatabad,khorasan_razavi,2025-12-02,0,0,0
5752,hemmatabad,khorasan_razavi,2025-12-03,0,0,0
5752,hemmatabad,khorasan_razavi,2025-12-04,0,0,0
5752,hemmatabad,khorasan_razavi,2025-12-05,0,0,0
5752,hemmatabad,khorasan_razavi,2025-12-06,0,0,0
5752,hemmatabad,khorasan_razavi,2025-12-07,0,0,0
5752,hemmatabad,khorasan_razavi,2025-12-08,0,0,0
5752,hemmatabad,khorasan_razavi,2025-12-09,0,0,0
5752,hemmatabad,khorasan_razavi,2025-12-10,0,0,0
5752,hemmatabad,khorasan_razavi,2025-12-11,0,0,0
5752,hemmatabad,khorasan_razavi,2025-12-12,0,0,0
5752,hemmatabad,khorasan_razavi,2025-12-13,0,0,0
5752,hemmatabad,khorasan_razavi,2025-12-14,0,0,0
5752,hemmatabad,khorasan_razavi,2025-12-15,0,0,0
5752,hemmatabad,khorasan_razavi,2025-12-16,0,0,0
5752,hemmatabad,khorasan_razavi,2025-12-17,0,0,0
5752,hemmatabad,khorasan_razavi,2025-12-18,0,0,0
5752,hemmatabad,khorasan_razavi,2025-12-19,0,0,0
5752,hemmatabad,khorasan_razavi,2025-12-20,0,0,0
5752,hemmatabad,khorasan_razavi,2025-12-21,0,0,0
7399,hengam,hormozgan,2025-11-22,981,1024,43
7399,hengam,hormozgan,2025-11-23,884,980,96
7399,hengam,hormozgan,2025-11-24,750,872,122
7399,hengam,hormozgan,2025-11-25,711,870,159
7399,hengam,hormozgan,2025-11-26,732,966,234
7399,hengam,hormozgan,2025-11-27,564,808,244
7399,hengam,hormozgan,2025-11-28,312,493,181
7399,hengam,hormozgan,2025-11-29,337,522,185
7399,hengam,hormozgan,2025-11-30,278,486,208
7399,hengam,hormozgan,2025-12-01,322,543,221
7399,hengam,hormozgan,2025-12-02,361,652,291
7399,hengam,hormozgan,2025-12-03,347,708,361
7399,hengam,hormozgan,2025-12-04,291,760,469
7399,hengam,hormozgan,2025-12-05,135,428,293
7399,hengam,hormozgan,2025-12-06,176,516,340
7399,hengam,hormozgan,2025-12-07,224,559,335
7399,hengam,hormozgan,2025-12-08,232,580,348
7399,hengam,hormozgan,2025-12-09,251,629,378
7399,hengam,hormozgan,2025-12-10,277,735,458
7399,hengam,hormozgan,2025-12-11,253,885,632
7399,hengam,hormozgan,2025-12-12,163,546,383
7399,hengam,hormozgan,2025-12-13,185,567,382
7399,hengam,hormozgan,2025-12-14,212,594,382
7399,hengam,hormozgan,2025-12-15,236,695,459
7399,hengam,hormozgan,2025-12-16,230,739,509
7399,hengam,hormozgan,2025-12-17,231,768,537
7399,hengam,hormozgan,2025-12-18,104,640,536
7399,hengam,hormozgan,2025-12-19,54,417,363
7399,hengam,hormozgan,2025-12-20,82,560,478
7399,hengam,hormozgan,2025-12-21,38,334,296
6520,hormuz_islan,hormozgan,2025-11-22,4052,4251,199
6520,hormuz_islan,hormozgan,2025-11-23,3374,3728,354
6520,hormuz_islan,hormozgan,2025-11-24,3016,3530,514
6520,hormuz_islan,hormozgan,2025-11-25,3074,3852,778
6520,hormuz_islan,hormozgan,2025-11-26,2844,3776,932
6520,hormuz_islan,hormozgan,2025-11-27,2364,3415,1051
6520,hormuz_islan,hormozgan,2025-11-28,1159,1797,638
6520,hormuz_islan,hormozgan,2025-11-29,1163,1815,652
6520,hormuz_islan,hormozgan,2025-11-30,1061,1833,772
6520,hormuz_islan,hormozgan,2025-12-01,1426,2532,1106
6520,hormuz_islan,hormozgan,2025-12-02,1449,2649,1200
6520,hormuz_islan,hormozgan,2025-12-03,1535,3028,1493
6520,hormuz_islan,hormozgan,2025-12-04,1630,3911,2281
6520,hormuz_islan,hormozgan,2025-12-05,832,2355,1523
6520,hormuz_islan,hormozgan,2025-12-06,950,2742,1792
6520,hormuz_islan,hormozgan,2025-12-07,968,2911,1943
6520,hormuz_islan,hormozgan,2025-12-08,1012,2867,1855
6520,hormuz_islan,hormozgan,2025-12-09,1148,3312,2164
6520,hormuz_islan,hormozgan,2025-12-10,928,3139,2211
6520,hormuz_islan,hormozgan,2025-12-11,1038,4054,3016
6520,hormuz_islan,hormozgan,2025-12-12,631,2650,2019
6520,hormuz_islan,hormozgan,2025-12-13,636,2509,1873
6520,hormuz_islan,hormozgan,2025-12-14,570,2354,1784
6520,hormuz_islan,hormozgan,2025-12-15,648,2811,2163
6520,hormuz_islan,hormozgan,2025-12-16,789,3340,2551
6520,hormuz_islan,hormozgan,2025-12-17,1185,4411,3226
6520,hormuz_islan,hormozgan,2025-12-18,1052,4156,3104
6520,hormuz_islan,hormozgan,2025-12-19,492,2837,2345
6520,hormuz_islan,hormozgan,2025-12-20,444,2857,2413
6520,hormuz_islan,hormozgan,2025-12-21,203,1748,1545
9749,imanshahr,isfahan,2025-11-22,0,0,0
9749,imanshahr,isfahan,2025-11-23,0,0,0
9749,imanshahr,isfahan,2025-11-24,0,0,0
9749,imanshahr,isfahan,2025-11-25,0,0,0
9749,imanshahr,isfahan,2025-11-26,0,0,0
9749,imanshahr,isfahan,2025-11-27,0,0,0
9749,imanshahr,isfahan,2025-11-28,0,0,0
9749,imanshahr,isfahan,2025-11-29,0,0,0
9749,imanshahr,isfahan,2025-11-30,0,0,0
9749,imanshahr,isfahan,2025-12-01,0,0,0
9749,imanshahr,isfahan,2025-12-02,0,0,0
9749,imanshahr,isfahan,2025-12-03,0,0,0
9749,imanshahr,isfahan,2025-12-04,0,0,0
9749,imanshahr,isfahan,2025-12-05,0,0,0
9749,imanshahr,isfahan,2025-12-06,0,0,0
9749,imanshahr,isfahan,2025-12-07,0,0,0
9749,imanshahr,isfahan,2025-12-08,0,0,0
9749,imanshahr,isfahan,2025-12-09,0,0,0
9749,imanshahr,isfahan,2025-12-10,0,0,0
9749,imanshahr,isfahan,2025-12-11,0,0,0
9749,imanshahr,isfahan,2025-12-12,0,0,0
9749,imanshahr,isfahan,2025-12-13,0,0,0
9749,imanshahr,isfahan,2025-12-14,0,0,0
9749,imanshahr,isfahan,2025-12-15,0,0,0
9749,imanshahr,isfahan,2025-12-16,0,0,0
9749,imanshahr,isfahan,2025-12-17,0,0,0
9749,imanshahr,isfahan,2025-12-18,0,0,0
9749,imanshahr,isfahan,2025-12-19,0,0,0
9749,imanshahr,isfahan,2025-12-20,0,0,0
9749,imanshahr,isfahan,2025-12-21,0,0,0
7619,isfahan,isfahan,2025-11-22,7978,9107,1129
7619,isfahan,isfahan,2025-11-23,6264,8265,2001
7619,isfahan,isfahan,2025-11-24,5012,7391,2379
7619,isfahan,isfahan,2025-11-25,4910,8039,3129
7619,isfahan,isfahan,2025-11-26,5363,10626,5263
7619,isfahan,isfahan,2025-11-27,5225,12627,7402
7619,isfahan,isfahan,2025-11-28,2039,5100,3061
7619,isfahan,isfahan,2025-11-29,1973,4946,2973
7619,isfahan,isfahan,2025-11-30,1854,5136,3282
7619,isfahan,isfahan,2025-12-01,1769,5161,3392
7619,isfahan,isfahan,2025-12-02,1710,5532,3822
7619,isfahan,isfahan,2025-12-03,2162,8431,6269
7619,isfahan,isfahan,2025-12-04,2417,13469,11052
7619,isfahan,isfahan,2025-12-05,951,4792,3841
7619,isfahan,isfahan,2025-12-06,1111,5461,4350
7619,isfahan,isfahan,2025-12-07,980,5295,4315
7619,isfahan,isfahan,2025-12-08,922,5074,4152
7619,isfahan,isfahan,2025-12-09,850,5600,4750
7619,isfahan,isfahan,2025-12-10,1045,8183,7138
7619,isfahan,isfahan,2025-12-11,1163,12547,11384
7619,isfahan,isfahan,2025-12-12,716,6057,5341
7619,isfahan,isfahan,2025-12-13,852,6179,5327
7619,isfahan,isfahan,2025-12-14,828,5918,5090
7619,isfahan,isfahan,2025-12-15,831,6250,5419
7619,isfahan,isfahan,2025-12-16,931,7900,6969
7619,isfahan,isfahan,2025-12-17,1012,9989,8977
7619,isfahan,isfahan,2025-12-18,982,11459,10477
7619,isfahan,isfahan,2025-12-19,672,6743,6071
7619,isfahan,isfahan,2025-12-20,713,6631,5918
7619,isfahan,isfahan,2025-12-21,403,5425,5022
3892,izadshahr,mazandaran,2025-11-22,421,479,58
3892,izadshahr,mazandaran,2025-11-23,411,527,116
3892,izadshahr,mazandaran,2025-11-24,353,517,164
3892,izadshahr,mazandaran,2025-11-25,333,533,200
3892,izadshahr,mazandaran,2025-11-26,401,832,431
3892,izadshahr,mazandaran,2025-11-27,393,1016,623
3892,izadshahr,mazandaran,2025-11-28,235,558,323
3892,izadshahr,mazandaran,2025-11-29,186,404,218
3892,izadshahr,mazandaran,2025-11-30,178,447,269
3892,izadshahr,mazandaran,2025-12-01,106,339,233
3892,izadshahr,mazandaran,2025-12-02,90,362,272
3892,izadshahr,mazandaran,2025-12-03,192,735,543
3892,izadshahr,mazandaran,2025-12-04,166,1165,999
3892,izadshahr,mazandaran,2025-12-05,121,568,447
3892,izadshahr,mazandaran,2025-12-06,97,403,306
3892,izadshahr,mazandaran,2025-12-07,54,312,258
3892,izadshahr,mazandaran,2025-12-08,58,294,236
3892,izadshahr,mazandaran,2025-12-09,39,348,309
3892,izadshahr,mazandaran,2025-12-10,26,453,427
3892,izadshahr,mazandaran,2025-12-11,42,982,940
3892,izadshahr,mazandaran,2025-12-12,24,435,411
3892,izadshahr,mazandaran,2025-12-13,23,328,305
3892,izadshahr,mazandaran,2025-12-14,24,292,268
3892,izadshahr,mazandaran,2025-12-15,13,316,303
3892,izadshahr,mazandaran,2025-12-16,14,365,351
3892,izadshahr,mazandaran,2025-12-17,25,456,431
3892,izadshahr,mazandaran,2025-12-18,30,661,631
3892,izadshahr,mazandaran,2025-12-19,37,412,375
3892,izadshahr,mazandaran,2025-12-20,47,289,242
3892,izadshahr,mazandaran,2025-12-21,6,209,203
6888,jandagh,isfahan,2025-11-22,0,0,0
6888,jandagh,isfahan,2025-11-23,0,0,0
6888,jandagh,isfahan,2025-11-24,0,0,0
6888,jandagh,isfahan,2025-11-25,0,0,0
6888,jandagh,isfahan,2025-11-26,0,0,0
6888,jandagh,isfahan,2025-11-27,0,0,0
6888,jandagh,isfahan,2025-11-28,0,0,0
6888,jandagh,isfahan,2025-11-29,0,0,0
6888,jandagh,isfahan,2025-11-30,0,0,0
6888,jandagh,isfahan,2025-12-01,0,0,0
6888,jandagh,isfahan,2025-12-02,0,0,0
6888,jandagh,isfahan,2025-12-03,0,0,0
6888,jandagh,isfahan,2025-12-04,0,0,0
6888,jandagh,isfahan,2025-12-05,0,0,0
6888,jandagh,isfahan,2025-12-06,0,0,0
6888,jandagh,isfahan,2025-12-07,0,0,0
6888,jandagh,isfahan,2025-12-08,0,0,0
6888,jandagh,isfahan,2025-12-09,0,0,0
6888,jandagh,isfahan,2025-12-10,0,0,0
6888,jandagh,isfahan,2025-12-11,0,0,0
6888,jandagh,isfahan,2025-12-12,0,0,0
6888,jandagh,isfahan,2025-12-13,0,0,0
6888,jandagh,isfahan,2025-12-14,0,0,0
6888,jandagh,isfahan,2025-12-15,0,0,0
6888,jandagh,isfahan,2025-12-16,0,0,0
6888,jandagh,isfahan,2025-12-17,0,0,0
6888,jandagh,isfahan,2025-12-18,0,0,0
6888,jandagh,isfahan,2025-12-19,0,0,0
6888,jandagh,isfahan,2025-12-20,0,0,0
6888,jandagh,isfahan,2025-12-21,0,0,0
4353,jask,hormozgan,2025-11-22,4,5,1
4353,jask,hormozgan,2025-11-23,5,7,2
4353,jask,hormozgan,2025-11-24,7,10,3
4353,jask,hormozgan,2025-11-25,8,12,4
4353,jask,hormozgan,2025-11-26,7,12,5
4353,jask,hormozgan,2025-11-27,4,8,4
4353,jask,hormozgan,2025-11-28,2,4,2
4353,jask,hormozgan,2025-11-29,4,7,3
4353,jask,hormozgan,2025-11-30,5,10,5
4353,jask,hormozgan,2025-12-01,3,8,5
4353,jask,hormozgan,2025-12-02,3,9,6
4353,jask,hormozgan,2025-12-03,4,11,7
4353,jask,hormozgan,2025-12-04,1,8,7
4353,jask,hormozgan,2025-12-05,1,7,6
4353,jask,hormozgan,2025-12-06,2,9,7
4353,jask,hormozgan,2025-12-07,3,11,8
4353,jask,hormozgan,2025-12-08,4,12,8
4353,jask,hormozgan,2025-12-09,5,14,9
4353,jask,hormozgan,2025-12-10,2,9,7
4353,jask,hormozgan,2025-12-11,1,8,7
4353,jask,hormozgan,2025-12-12,1,5,4
4353,jask,hormozgan,2025-12-13,2,9,7
4353,jask,hormozgan,2025-12-14,1,7,6
4353,jask,hormozgan,2025-12-15,2,11,9
4353,jask,hormozgan,2025-12-16,1,10,9
4353,jask,hormozgan,2025-12-17,1,11,10
4353,jask,hormozgan,2025-12-18,1,9,8
4353,jask,hormozgan,2025-12-19,1,7,6
4353,jask,hormozgan,2025-12-20,1,9,8
4353,jask,hormozgan,2025-12-21,0,5,5
2451,javadabad,tehran,2025-11-22,0,0,0
2451,javadabad,tehran,2025-11-23,0,0,0
2451,javadabad,tehran,2025-11-24,0,0,0
2451,javadabad,tehran,2025-11-25,0,0,0
2451,javadabad,tehran,2025-11-26,0,0,0
2451,javadabad,tehran,2025-11-27,0,0,0
2451,javadabad,tehran,2025-11-28,0,0,0
2451,javadabad,tehran,2025-11-29,0,0,0
2451,javadabad,tehran,2025-11-30,0,0,0
2451,javadabad,tehran,2025-12-01,0,0,0
2451,javadabad,tehran,2025-12-02,0,0,0
2451,javadabad,tehran,2025-12-03,0,0,0
2451,javadabad,tehran,2025-12-04,0,0,0
2451,javadabad,tehran,2025-12-05,0,0,0
2451,javadabad,tehran,2025-12-06,0,0,0
2451,javadabad,tehran,2025-12-07,0,0,0
2451,javadabad,tehran,2025-12-08,0,0,0
2451,javadabad,tehran,2025-12-09,0,0,0
2451,javadabad,tehran,2025-12-10,0,0,0
2451,javadabad,tehran,2025-12-11,0,0,0
2451,javadabad,tehran,2025-12-12,0,0,0
2451,javadabad,tehran,2025-12-13,0,0,0
2451,javadabad,tehran,2025-12-14,0,0,0
2451,javadabad,tehran,2025-12-15,0,0,0
2451,javadabad,tehran,2025-12-16,0,0,0
2451,javadabad,tehran,2025-12-17,0,0,0
2451,javadabad,tehran,2025-12-18,0,0,0
2451,javadabad,tehran,2025-12-19,0,0,0
2451,javadabad,tehran,2025-12-20,0,0,0
2451,javadabad,tehran,2025-12-21,0,0,0
7412,javaherdeh,mazandaran,2025-11-22,817,899,82
7412,javaherdeh,mazandaran,2025-11-23,631,782,151
7412,javaherdeh,mazandaran,2025-11-24,652,901,249
7412,javaherdeh,mazandaran,2025-11-25,638,958,320
7412,javaherdeh,mazandaran,2025-11-26,597,1010,413
7412,javaherdeh,mazandaran,2025-11-27,467,877,410
7412,javaherdeh,mazandaran,2025-11-28,264,518,254
7412,javaherdeh,mazandaran,2025-11-29,303,567,264
7412,javaherdeh,mazandaran,2025-11-30,273,544,271
7412,javaherdeh,mazandaran,2025-12-01,286,616,330
7412,javaherdeh,mazandaran,2025-12-02,247,578,331
7412,javaherdeh,mazandaran,2025-12-03,268,747,479
7412,javaherdeh,mazandaran,2025-12-04,293,1077,784
7412,javaherdeh,mazandaran,2025-12-05,206,588,382
7412,javaherdeh,mazandaran,2025-12-06,212,542,330
7412,javaherdeh,mazandaran,2025-12-07,196,505,309
7412,javaherdeh,mazandaran,2025-12-08,172,461,289
7412,javaherdeh,mazandaran,2025-12-09,164,462,298
7412,javaherdeh,mazandaran,2025-12-10,157,522,365
7412,javaherdeh,mazandaran,2025-12-11,136,823,687
7412,javaherdeh,mazandaran,2025-12-12,96,383,287
7412,javaherdeh,mazandaran,2025-12-13,86,330,244
7412,javaherdeh,mazandaran,2025-12-14,72,276,204
7412,javaherdeh,mazandaran,2025-12-15,61,284,223
7412,javaherdeh,mazandaran,2025-12-16,31,253,222
7412,javaherdeh,mazandaran,2025-12-17,38,313,275
7412,javaherdeh,mazandaran,2025-12-18,44,447,403
7412,javaherdeh,mazandaran,2025-12-19,26,256,230
7412,javaherdeh,mazandaran,2025-12-20,15,202,187
7412,javaherdeh,mazandaran,2025-12-21,10,144,134
5951,jenah,hormozgan,2025-11-22,0,0,0
5951,jenah,hormozgan,2025-11-23,0,0,0
5951,jenah,hormozgan,2025-11-24,0,0,0
5951,jenah,hormozgan,2025-11-25,0,0,0
5951,jenah,hormozgan,2025-11-26,0,0,0
5951,jenah,hormozgan,2025-11-27,0,0,0
5951,jenah,hormozgan,2025-11-28,0,0,0
5951,jenah,hormozgan,2025-11-29,0,0,0
5951,jenah,hormozgan,2025-11-30,0,0,0
5951,jenah,hormozgan,2025-12-01,0,0,0
5951,jenah,hormozgan,2025-12-02,0,0,0
5951,jenah,hormozgan,2025-12-03,0,0,0
5951,jenah,hormozgan,2025-12-04,0,0,0
5951,jenah,hormozgan,2025-12-05,0,0,0
5951,jenah,hormozgan,2025-12-06,0,0,0
5951,jenah,hormozgan,2025-12-07,0,0,0
5951,jenah,hormozgan,2025-12-08,0,0,0
5951,jenah,hormozgan,2025-12-09,0,0,0
5951,jenah,hormozgan,2025-12-10,0,0,0
5951,jenah,hormozgan,2025-12-11,0,0,0
5951,jenah,hormozgan,2025-12-12,0,0,0
5951,jenah,hormozgan,2025-12-13,0,0,0
5951,jenah,hormozgan,2025-12-14,0,0,0
5951,jenah,hormozgan,2025-12-15,0,0,0
5951,jenah,hormozgan,2025-12-16,0,0,0
5951,jenah,hormozgan,2025-12-17,0,0,0
5951,jenah,hormozgan,2025-12-18,0,0,0
5951,jenah,hormozgan,2025-12-19,0,0,0
5951,jenah,hormozgan,2025-12-20,0,0,0
5951,jenah,hormozgan,2025-12-21,0,0,0
9062,jirandeh,gilan,2025-11-22,0,0,0
9062,jirandeh,gilan,2025-11-23,0,0,0
9062,jirandeh,gilan,2025-11-24,0,0,0
9062,jirandeh,gilan,2025-11-25,0,0,0
9062,jirandeh,gilan,2025-11-26,0,0,0
9062,jirandeh,gilan,2025-11-27,0,0,0
9062,jirandeh,gilan,2025-11-28,0,0,0
9062,jirandeh,gilan,2025-11-29,0,0,0
9062,jirandeh,gilan,2025-11-30,0,0,0
9062,jirandeh,gilan,2025-12-01,0,0,0
9062,jirandeh,gilan,2025-12-02,0,0,0
9062,jirandeh,gilan,2025-12-03,0,0,0
9062,jirandeh,gilan,2025-12-04,0,0,0
9062,jirandeh,gilan,2025-12-05,0,0,0
9062,jirandeh,gilan,2025-12-06,0,0,0
9062,jirandeh,gilan,2025-12-07,0,0,0
9062,jirandeh,gilan,2025-12-08,0,0,0
9062,jirandeh,gilan,2025-12-09,0,0,0
9062,jirandeh,gilan,2025-12-10,0,0,0
9062,jirandeh,gilan,2025-12-11,0,0,0
9062,jirandeh,gilan,2025-12-12,0,0,0
9062,jirandeh,gilan,2025-12-13,0,0,0
9062,jirandeh,gilan,2025-12-14,0,0,0
9062,jirandeh,gilan,2025-12-15,0,0,0
9062,jirandeh,gilan,2025-12-16,0,0,0
9062,jirandeh,gilan,2025-12-17,0,0,0
9062,jirandeh,gilan,2025-12-18,0,0,0
9062,jirandeh,gilan,2025-12-19,0,0,0
9062,jirandeh,gilan,2025-12-20,0,0,0
9062,jirandeh,gilan,2025-12-21,0,0,0
8593,josheghankamo,isfahan,2025-11-22,0,0,0
8593,josheghankamo,isfahan,2025-11-23,0,0,0
8593,josheghankamo,isfahan,2025-11-24,0,0,0
8593,josheghankamo,isfahan,2025-11-25,0,0,0
8593,josheghankamo,isfahan,2025-11-26,0,0,0
8593,josheghankamo,isfahan,2025-11-27,0,0,0
8593,josheghankamo,isfahan,2025-11-28,0,0,0
8593,josheghankamo,isfahan,2025-11-29,0,0,0
8593,josheghankamo,isfahan,2025-11-30,0,0,0
8593,josheghankamo,isfahan,2025-12-01,0,0,0
8593,josheghankamo,isfahan,2025-12-02,0,0,0
8593,josheghankamo,isfahan,2025-12-03,0,0,0
8593,josheghankamo,isfahan,2025-12-04,0,0,0
8593,josheghankamo,isfahan,2025-12-05,0,0,0
8593,josheghankamo,isfahan,2025-12-06,0,0,0
8593,josheghankamo,isfahan,2025-12-07,0,0,0
8593,josheghankamo,isfahan,2025-12-08,0,0,0
8593,josheghankamo,isfahan,2025-12-09,0,0,0
8593,josheghankamo,isfahan,2025-12-10,0,0,0
8593,josheghankamo,isfahan,2025-12-11,0,0,0
8593,josheghankamo,isfahan,2025-12-12,0,0,0
8593,josheghankamo,isfahan,2025-12-13,0,0,0
8593,josheghankamo,isfahan,2025-12-14,0,0,0
8593,josheghankamo,isfahan,2025-12-15,0,0,0
8593,josheghankamo,isfahan,2025-12-16,0,0,0
8593,josheghankamo,isfahan,2025-12-17,0,0,0
8593,josheghankamo,isfahan,2025-12-18,0,0,0
8593,josheghankamo,isfahan,2025-12-19,0,0,0
8593,josheghankamo,isfahan,2025-12-20,0,0,0
8593,josheghankamo,isfahan,2025-12-21,0,0,0
5529,jowzdan,isfahan,2025-11-22,0,0,0
5529,jowzdan,isfahan,2025-11-23,0,0,0
5529,jowzdan,isfahan,2025-11-24,0,0,0
5529,jowzdan,isfahan,2025-11-25,0,0,0
5529,jowzdan,isfahan,2025-11-26,0,0,0
5529,jowzdan,isfahan,2025-11-27,1,1,0
5529,jowzdan,isfahan,2025-11-28,0,0,0
5529,jowzdan,isfahan,2025-11-29,0,0,0
5529,jowzdan,isfahan,2025-11-30,0,0,0
5529,jowzdan,isfahan,2025-12-01,0,0,0
5529,jowzdan,isfahan,2025-12-02,0,0,0
5529,jowzdan,isfahan,2025-12-03,0,0,0
5529,jowzdan,isfahan,2025-12-04,0,0,0
5529,jowzdan,isfahan,2025-12-05,0,0,0
5529,jowzdan,isfahan,2025-12-06,0,0,0
5529,jowzdan,isfahan,2025-12-07,1,1,0
5529,jowzdan,isfahan,2025-12-08,1,1,0
5529,jowzdan,isfahan,2025-12-09,0,0,0
5529,jowzdan,isfahan,2025-12-10,0,0,0
5529,jowzdan,isfahan,2025-12-11,1,1,0
5529,jowzdan,isfahan,2025-12-12,0,0,0
5529,jowzdan,isfahan,2025-12-13,0,0,0
5529,jowzdan,isfahan,2025-12-14,0,0,0
5529,jowzdan,isfahan,2025-12-15,0,0,0
5529,jowzdan,isfahan,2025-12-16,0,0,0
5529,jowzdan,isfahan,2025-12-17,0,0,0
5529,jowzdan,isfahan,2025-12-18,0,0,0
5529,jowzdan,isfahan,2025-12-19,0,0,0
5529,jowzdan,isfahan,2025-12-20,0,0,0
5529,jowzdan,isfahan,2025-12-21,0,0,0
6930,juybar,mazandaran,2025-11-22,5,7,2
6930,juybar,mazandaran,2025-11-23,2,5,3
6930,juybar,mazandaran,2025-11-24,2,7,5
6930,juybar,mazandaran,2025-11-25,2,7,5
6930,juybar,mazandaran,2025-11-26,3,13,10
6930,juybar,mazandaran,2025-11-27,13,37,24
6930,juybar,mazandaran,2025-11-28,4,10,6
6930,juybar,mazandaran,2025-11-29,0,6,6
6930,juybar,mazandaran,2025-11-30,0,8,8
6930,juybar,mazandaran,2025-12-01,0,9,9
6930,juybar,mazandaran,2025-12-02,0,9,9
6930,juybar,mazandaran,2025-12-03,0,12,12
6930,juybar,mazandaran,2025-12-04,0,22,22
6930,juybar,mazandaran,2025-12-05,0,9,9
6930,juybar,mazandaran,2025-12-06,0,10,10
6930,juybar,mazandaran,2025-12-07,3,12,9
6930,juybar,mazandaran,2025-12-08,0,9,9
6930,juybar,mazandaran,2025-12-09,1,10,9
6930,juybar,mazandaran,2025-12-10,1,11,10
6930,juybar,mazandaran,2025-12-11,0,21,21
6930,juybar,mazandaran,2025-12-12,0,10,10
6930,juybar,mazandaran,2025-12-13,0,10,10
6930,juybar,mazandaran,2025-12-14,0,9,9
6930,juybar,mazandaran,2025-12-15,0,11,11
6930,juybar,mazandaran,2025-12-16,0,13,13
6930,juybar,mazandaran,2025-12-17,0,14,14
6930,juybar,mazandaran,2025-12-18,0,22,22
6930,juybar,mazandaran,2025-12-19,0,12,12
6930,juybar,mazandaran,2025-12-20,0,10,10
6930,juybar,mazandaran,2025-12-21,0,8,8
8699,kahrizak,tehran,2025-11-22,0,0,0
8699,kahrizak,tehran,2025-11-23,0,0,0
8699,kahrizak,tehran,2025-11-24,0,0,0
8699,kahrizak,tehran,2025-11-25,0,0,0
8699,kahrizak,tehran,2025-11-26,0,0,0
8699,kahrizak,tehran,2025-11-27,0,0,0
8699,kahrizak,tehran,2025-11-28,0,0,0
8699,kahrizak,tehran,2025-11-29,0,0,0
8699,kahrizak,tehran,2025-11-30,0,0,0
8699,kahrizak,tehran,2025-12-01,0,0,0
8699,kahrizak,tehran,2025-12-02,0,0,0
8699,kahrizak,tehran,2025-12-03,0,0,0
8699,kahrizak,tehran,2025-12-04,0,0,0
8699,kahrizak,tehran,2025-12-05,0,0,0
8699,kahrizak,tehran,2025-12-06,0,0,0
8699,kahrizak,tehran,2025-12-07,0,0,0
8699,kahrizak,tehran,2025-12-08,0,0,0
8699,kahrizak,tehran,2025-12-09,0,0,0
8699,kahrizak,tehran,2025-12-10,0,0,0
8699,kahrizak,tehran,2025-12-11,0,0,0
8699,kahrizak,tehran,2025-12-12,0,0,0
8699,kahrizak,tehran,2025-12-13,0,0,0
8699,kahrizak,tehran,2025-12-14,0,0,0
8699,kahrizak,tehran,2025-12-15,0,0,0
8699,kahrizak,tehran,2025-12-16,0,0,0
8699,kahrizak,tehran,2025-12-17,0,0,0
8699,kahrizak,tehran,2025-12-18,0,0,0
8699,kahrizak,tehran,2025-12-19,0,0,0
8699,kahrizak,tehran,2025-12-20,0,0,0
8699,kahrizak,tehran,2025-12-21,0,0,0
2335,kahrizsang,isfahan,2025-11-22,0,0,0
2335,kahrizsang,isfahan,2025-11-23,0,0,0
2335,kahrizsang,isfahan,2025-11-24,0,0,0
2335,kahrizsang,isfahan,2025-11-25,0,0,0
2335,kahrizsang,isfahan,2025-11-26,0,0,0
2335,kahrizsang,isfahan,2025-11-27,0,0,0
2335,kahrizsang,isfahan,2025-11-28,0,0,0
2335,kahrizsang,isfahan,2025-11-29,0,0,0
2335,kahrizsang,isfahan,2025-11-30,0,0,0
2335,kahrizsang,isfahan,2025-12-01,0,0,0
2335,kahrizsang,isfahan,2025-12-02,0,0,0
2335,kahrizsang,isfahan,2025-12-03,0,0,0
2335,kahrizsang,isfahan,2025-12-04,0,0,0
2335,kahrizsang,isfahan,2025-12-05,0,0,0
2335,kahrizsang,isfahan,2025-12-06,0,0,0
2335,kahrizsang,isfahan,2025-12-07,0,0,0
2335,kahrizsang,isfahan,2025-12-08,0,0,0
2335,kahrizsang,isfahan,2025-12-09,0,0,0
2335,kahrizsang,isfahan,2025-12-10,0,0,0
2335,kahrizsang,isfahan,2025-12-11,0,0,0
2335,kahrizsang,isfahan,2025-12-12,0,0,0
2335,kahrizsang,isfahan,2025-12-13,0,0,0
2335,kahrizsang,isfahan,2025-12-14,0,0,0
2335,kahrizsang,isfahan,2025-12-15,0,0,0
2335,kahrizsang,isfahan,2025-12-16,0,0,0
2335,kahrizsang,isfahan,2025-12-17,0,0,0
2335,kahrizsang,isfahan,2025-12-18,0,0,0
2335,kahrizsang,isfahan,2025-12-19,0,0,0
2335,kahrizsang,isfahan,2025-12-20,0,0,0
2335,kahrizsang,isfahan,2025-12-21,0,0,0
7058,kalachay,gilan,2025-11-22,91,103,12
7058,kalachay,gilan,2025-11-23,59,76,17
7058,kalachay,gilan,2025-11-24,56,77,21
7058,kalachay,gilan,2025-11-25,51,79,28
7058,kalachay,gilan,2025-11-26,75,146,71
7058,kalachay,gilan,2025-11-27,62,169,107
7058,kalachay,gilan,2025-11-28,48,95,47
7058,kalachay,gilan,2025-11-29,39,73,34
7058,kalachay,gilan,2025-11-30,21,54,33
7058,kalachay,gilan,2025-12-01,11,42,31
7058,kalachay,gilan,2025-12-02,4,36,32
7058,kalachay,gilan,2025-12-03,19,91,72
7058,kalachay,gilan,2025-12-04,21,164,143
7058,kalachay,gilan,2025-12-05,6,41,35
7058,kalachay,gilan,2025-12-06,15,60,45
7058,kalachay,gilan,2025-12-07,11,44,33
7058,kalachay,gilan,2025-12-08,4,40,36
7058,kalachay,gilan,2025-12-09,6,47,41
7058,kalachay,gilan,2025-12-10,16,82,66
7058,kalachay,gilan,2025-12-11,10,141,131
7058,kalachay,gilan,2025-12-12,4,50,46
7058,kalachay,gilan,2025-12-13,2,38,36
7058,kalachay,gilan,2025-12-14,2,36,34
7058,kalachay,gilan,2025-12-15,2,43,41
7058,kalachay,gilan,2025-12-16,6,60,54
7058,kalachay,gilan,2025-12-17,14,94,80
7058,kalachay,gilan,2025-12-18,12,136,124
7058,kalachay,gilan,2025-12-19,0,47,47
7058,kalachay,gilan,2025-12-20,1,39,38
7058,kalachay,gilan,2025-12-21,0,31,31
5506,kalat,khorasan_razavi,2025-11-22,31,32,1
5506,kalat,khorasan_razavi,2025-11-23,14,17,3
5506,kalat,khorasan_razavi,2025-11-24,14,18,4
5506,kalat,khorasan_razavi,2025-11-25,12,17,5
5506,kalat,khorasan_razavi,2025-11-26,6,13,7
5506,kalat,khorasan_razavi,2025-11-27,7,24,17
5506,kalat,khorasan_razavi,2025-11-28,5,9,4
5506,kalat,khorasan_razavi,2025-11-29,0,3,3
5506,kalat,khorasan_razavi,2025-11-30,0,4,4
5506,kalat,khorasan_razavi,2025-12-01,2,6,4
5506,kalat,khorasan_razavi,2025-12-02,4,9,5
5506,kalat,khorasan_razavi,2025-12-03,5,13,8
5506,kalat,khorasan_razavi,2025-12-04,6,56,50
5506,kalat,khorasan_razavi,2025-12-05,1,11,10
5506,kalat,khorasan_razavi,2025-12-06,0,6,6
5506,kalat,khorasan_razavi,2025-12-07,0,6,6
5506,kalat,khorasan_razavi,2025-12-08,1,7,6
5506,kalat,khorasan_razavi,2025-12-09,3,10,7
5506,kalat,khorasan_razavi,2025-12-10,0,8,8
5506,kalat,khorasan_razavi,2025-12-11,1,30,29
5506,kalat,khorasan_razavi,2025-12-12,0,6,6
5506,kalat,khorasan_razavi,2025-12-13,0,6,6
5506,kalat,khorasan_razavi,2025-12-14,1,8,7
5506,kalat,khorasan_razavi,2025-12-15,1,10,9
5506,kalat,khorasan_razavi,2025-12-16,1,11,10
5506,kalat,khorasan_razavi,2025-12-17,1,12,11
5506,kalat,khorasan_razavi,2025-12-18,0,21,21
5506,kalat,khorasan_razavi,2025-12-19,0,9,9
5506,kalat,khorasan_razavi,2025-12-20,0,6,6
5506,kalat,khorasan_razavi,2025-12-21,0,5,5
2992,kalebast,mazandaran,2025-11-22,0,0,0
2992,kalebast,mazandaran,2025-11-23,1,1,0
2992,kalebast,mazandaran,2025-11-24,0,0,0
2992,kalebast,mazandaran,2025-11-25,0,0,0
2992,kalebast,mazandaran,2025-11-26,0,0,0
2992,kalebast,mazandaran,2025-11-27,0,0,0
2992,kalebast,mazandaran,2025-11-28,0,0,0
2992,kalebast,mazandaran,2025-11-29,0,0,0
2992,kalebast,mazandaran,2025-11-30,0,0,0
2992,kalebast,mazandaran,2025-12-01,0,0,0
2992,kalebast,mazandaran,2025-12-02,0,0,0
2992,kalebast,mazandaran,2025-12-03,0,0,0
2992,kalebast,mazandaran,2025-12-04,0,0,0
2992,kalebast,mazandaran,2025-12-05,0,0,0
2992,kalebast,mazandaran,2025-12-06,0,0,0
2992,kalebast,mazandaran,2025-12-07,0,0,0
2992,kalebast,mazandaran,2025-12-08,0,0,0
2992,kalebast,mazandaran,2025-12-09,0,0,0
2992,kalebast,mazandaran,2025-12-10,0,0,0
2992,kalebast,mazandaran,2025-12-11,0,0,0
2992,kalebast,mazandaran,2025-12-12,0,0,0
2992,kalebast,mazandaran,2025-12-13,0,0,0
2992,kalebast,mazandaran,2025-12-14,0,0,0
2992,kalebast,mazandaran,2025-12-15,0,0,0
2992,kalebast,mazandaran,2025-12-16,0,0,0
2992,kalebast,mazandaran,2025-12-17,0,0,0
2992,kalebast,mazandaran,2025-12-18,0,0,0
2992,kalebast,mazandaran,2025-12-19,0,0,0
2992,kalebast,mazandaran,2025-12-20,0,0,0
2992,kalebast,mazandaran,2025-12-21,0,0,0
8428,kamalshahr,alborz,2025-11-22,0,0,0
8428,kamalshahr,alborz,2025-11-23,4,5,1
8428,kamalshahr,alborz,2025-11-24,0,1,1
8428,kamalshahr,alborz,2025-11-25,1,2,1
8428,kamalshahr,alborz,2025-11-26,1,3,2
8428,kamalshahr,alborz,2025-11-27,1,4,3
8428,kamalshahr,alborz,2025-11-28,1,2,1
8428,kamalshahr,alborz,2025-11-29,0,1,1
8428,kamalshahr,alborz,2025-11-30,0,2,2
8428,kamalshahr,alborz,2025-12-01,3,5,2
8428,kamalshahr,alborz,2025-12-02,0,2,2
8428,kamalshahr,alborz,2025-12-03,0,2,2
8428,kamalshahr,alborz,2025-12-04,0,6,6
8428,kamalshahr,alborz,2025-12-05,0,3,3
8428,kamalshahr,alborz,2025-12-06,0,3,3
8428,kamalshahr,alborz,2025-12-07,0,2,2
8428,kamalshahr,alborz,2025-12-08,0,2,2
8428,kamalshahr,alborz,2025-12-09,0,2,2
8428,kamalshahr,alborz,2025-12-10,0,3,3
8428,kamalshahr,alborz,2025-12-11,0,6,6
8428,kamalshahr,alborz,2025-12-12,0,3,3
8428,kamalshahr,alborz,2025-12-13,0,2,2
8428,kamalshahr,alborz,2025-12-14,0,2,2
8428,kamalshahr,alborz,2025-12-15,0,3,3
8428,kamalshahr,alborz,2025-12-16,0,3,3
8428,kamalshahr,alborz,2025-12-17,0,3,3
8428,kamalshahr,alborz,2025-12-18,0,6,6
8428,kamalshahr,alborz,2025-12-19,0,3,3
8428,kamalshahr,alborz,2025-12-20,0,3,3
8428,kamalshahr,alborz,2025-12-21,0,2,2
2302,kameh,isfahan,2025-11-22,0,0,0
2302,kameh,isfahan,2025-11-23,0,0,0
2302,kameh,isfahan,2025-11-24,0,0,0
2302,kameh,isfahan,2025-11-25,0,0,0
2302,kameh,isfahan,2025-11-26,0,0,0
2302,kameh,isfahan,2025-11-27,0,0,0
2302,kameh,isfahan,2025-11-28,0,0,0
2302,kameh,isfahan,2025-11-29,0,0,0
2302,kameh,isfahan,2025-11-30,0,0,0
2302,kameh,isfahan,2025-12-01,0,0,0
2302,kameh,isfahan,2025-12-02,0,0,0
2302,kameh,isfahan,2025-12-03,0,0,0
2302,kameh,isfahan,2025-12-04,0,0,0
2302,kameh,isfahan,2025-12-05,0,0,0
2302,kameh,isfahan,2025-12-06,0,0,0
2302,kameh,isfahan,2025-12-07,0,0,0
2302,kameh,isfahan,2025-12-08,0,0,0
2302,kameh,isfahan,2025-12-09,0,0,0
2302,kameh,isfahan,2025-12-10,0,0,0
2302,kameh,isfahan,2025-12-11,0,0,0
2302,kameh,isfahan,2025-12-12,0,0,0
2302,kameh,isfahan,2025-12-13,0,0,0
2302,kameh,isfahan,2025-12-14,0,0,0
2302,kameh,isfahan,2025-12-15,0,0,0
2302,kameh,isfahan,2025-12-16,0,0,0
2302,kameh,isfahan,2025-12-17,0,0,0
2302,kameh,isfahan,2025-12-18,0,0,0
2302,kameh,isfahan,2025-12-19,0,0,0
2302,kameh,isfahan,2025-12-20,0,0,0
2302,kameh,isfahan,2025-12-21,0,0,0
9059,karaj,alborz,2025-11-22,1312,1641,329
9059,karaj,alborz,2025-11-23,1512,2276,764
9059,karaj,alborz,2025-11-24,1084,1858,774
9059,karaj,alborz,2025-11-25,883,1735,852
9059,karaj,alborz,2025-11-26,842,1965,1123
9059,karaj,alborz,2025-11-27,1209,3366,2157
9059,karaj,alborz,2025-11-28,599,1837,1238
9059,karaj,alborz,2025-11-29,440,1329,889
9059,karaj,alborz,2025-11-30,446,1546,1100
9059,karaj,alborz,2025-12-01,407,1514,1107
9059,karaj,alborz,2025-12-02,432,1686,1254
9059,karaj,alborz,2025-12-03,439,1918,1479
9059,karaj,alborz,2025-12-04,631,4003,3372
9059,karaj,alborz,2025-12-05,341,2060,1719
9059,karaj,alborz,2025-12-06,314,1849,1535
9059,karaj,alborz,2025-12-07,319,1710,1391
9059,karaj,alborz,2025-12-08,300,1788,1488
9059,karaj,alborz,2025-12-09,303,1851,1548
9059,karaj,alborz,2025-12-10,300,2024,1724
9059,karaj,alborz,2025-12-11,384,4062,3678
9059,karaj,alborz,2025-12-12,253,1966,1713
9059,karaj,alborz,2025-12-13,239,1818,1579
9059,karaj,alborz,2025-12-14,235,1835,1600
9059,karaj,alborz,2025-12-15,240,2042,1802
9059,karaj,alborz,2025-12-16,250,2386,2136
9059,karaj,alborz,2025-12-17,264,2404,2140
9059,karaj,alborz,2025-12-18,336,3957,3621
9059,karaj,alborz,2025-12-19,254,2399,2145
9059,karaj,alborz,2025-12-20,219,1871,1652
9059,karaj,alborz,2025-12-21,120,1800,1680
8999,kashan,isfahan,2025-11-22,1168,1473,305
8999,kashan,isfahan,2025-11-23,1181,1743,562
8999,kashan,isfahan,2025-11-24,860,1468,608
8999,kashan,isfahan,2025-11-25,702,1371,669
8999,kashan,isfahan,2025-11-26,1036,2373,1337
8999,kashan,isfahan,2025-11-27,1326,3793,2467
8999,kashan,isfahan,2025-11-28,337,1039,702
8999,kashan,isfahan,2025-11-29,290,880,590
8999,kashan,isfahan,2025-11-30,214,770,556
8999,kashan,isfahan,2025-12-01,305,1056,751
8999,kashan,isfahan,2025-12-02,361,1269,908
8999,kashan,isfahan,2025-12-03,338,1733,1395
8999,kashan,isfahan,2025-12-04,538,3959,3421
8999,kashan,isfahan,2025-12-05,232,1457,1225
8999,kashan,isfahan,2025-12-06,267,1205,938
8999,kashan,isfahan,2025-12-07,135,978,843
8999,kashan,isfahan,2025-12-08,122,1023,901
8999,kashan,isfahan,2025-12-09,143,1106,963
8999,kashan,isfahan,2025-12-10,203,1898,1695
8999,kashan,isfahan,2025-12-11,291,3935,3644
8999,kashan,isfahan,2025-12-12,123,1331,1208
8999,kashan,isfahan,2025-12-13,112,1086,974
8999,kashan,isfahan,2025-12-14,137,1081,944
8999,kashan,isfahan,2025-12-15,163,1318,1155
8999,kashan,isfahan,2025-12-16,143,1372,1229
8999,kashan,isfahan,2025-12-17,239,2602,2363
8999,kashan,isfahan,2025-12-18,231,3992,3761
8999,kashan,isfahan,2025-12-19,89,1412,1323
8999,kashan,isfahan,2025-12-20,86,1088,1002
8999,kashan,isfahan,2025-12-21,50,927,877
4820,kashmar,khorasan_razavi,2025-11-22,14,15,1
4820,kashmar,khorasan_razavi,2025-11-23,5,8,3
4820,kashmar,khorasan_razavi,2025-11-24,3,7,4
4820,kashmar,khorasan_razavi,2025-11-25,2,6,4
4820,kashmar,khorasan_razavi,2025-11-26,6,13,7
4820,kashmar,khorasan_razavi,2025-11-27,4,12,8
4820,kashmar,khorasan_razavi,2025-11-28,2,7,5
4820,kashmar,khorasan_razavi,2025-11-29,6,11,5
4820,kashmar,khorasan_razavi,2025-11-30,2,8,6
4820,kashmar,khorasan_razavi,2025-12-01,4,10,6
4820,kashmar,khorasan_razavi,2025-12-02,4,11,7
4820,kashmar,khorasan_razavi,2025-12-03,4,15,11
4820,kashmar,khorasan_razavi,2025-12-04,2,19,17
4820,kashmar,khorasan_razavi,2025-12-05,0,7,7
4820,kashmar,khorasan_razavi,2025-12-06,0,8,8
4820,kashmar,khorasan_razavi,2025-12-07,0,7,7
4820,kashmar,khorasan_razavi,2025-12-08,0,7,7
4820,kashmar,khorasan_razavi,2025-12-09,0,9,9
4820,kashmar,khorasan_razavi,2025-12-10,0,10,10
4820,kashmar,khorasan_razavi,2025-12-11,0,19,19
4820,kashmar,khorasan_razavi,2025-12-12,0,8,8
4820,kashmar,khorasan_razavi,2025-12-13,1,9,8
4820,kashmar,khorasan_razavi,2025-12-14,1,9,8
4820,kashmar,khorasan_razavi,2025-12-15,1,10,9
4820,kashmar,khorasan_razavi,2025-12-16,2,15,13
4820,kashmar,khorasan_razavi,2025-12-17,2,15,13
4820,kashmar,khorasan_razavi,2025-12-18,4,24,20
4820,kashmar,khorasan_razavi,2025-12-19,1,10,9
4820,kashmar,khorasan_razavi,2025-12-20,2,11,9
4820,kashmar,khorasan_razavi,2025-12-21,0,6,6
1307,kelachay,mazandaran,2025-11-22,1,1,0
1307,kelachay,mazandaran,2025-11-23,0,0,0
1307,kelachay,mazandaran,2025-11-24,0,0,0
1307,kelachay,mazandaran,2025-11-25,0,0,0
1307,kelachay,mazandaran,2025-11-26,0,0,0
1307,kelachay,mazandaran,2025-11-27,0,0,0
1307,kelachay,mazandaran,2025-11-28,0,0,0
1307,kelachay,mazandaran,2025-11-29,0,0,0
1307,kelachay,mazandaran,2025-11-30,0,0,0
1307,kelachay,mazandaran,2025-12-01,0,0,0
1307,kelachay,mazandaran,2025-12-02,0,0,0
1307,kelachay,mazandaran,2025-12-03,0,0,0
1307,kelachay,mazandaran,2025-12-04,0,0,0
1307,kelachay,mazandaran,2025-12-05,0,0,0
1307,kelachay,mazandaran,2025-12-06,0,0,0
1307,kelachay,mazandaran,2025-12-07,0,0,0
1307,kelachay,mazandaran,2025-12-08,0,0,0
1307,kelachay,mazandaran,2025-12-09,0,0,0
1307,kelachay,mazandaran,2025-12-10,0,0,0
1307,kelachay,mazandaran,2025-12-11,0,0,0
1307,kelachay,mazandaran,2025-12-12,0,0,0
1307,kelachay,mazandaran,2025-12-13,0,0,0
1307,kelachay,mazandaran,2025-12-14,0,0,0
1307,kelachay,mazandaran,2025-12-15,0,0,0
1307,kelachay,mazandaran,2025-12-16,0,0,0
1307,kelachay,mazandaran,2025-12-17,0,0,0
1307,kelachay,mazandaran,2025-12-18,0,0,0
1307,kelachay,mazandaran,2025-12-19,0,0,0
1307,kelachay,mazandaran,2025-12-20,0,0,0
1307,kelachay,mazandaran,2025-12-21,0,0,0
1496,kelarabad,mazandaran,2025-11-22,138,163,25
1496,kelarabad,mazandaran,2025-11-23,71,108,37
1496,kelarabad,mazandaran,2025-11-24,88,148,60
1496,kelarabad,mazandaran,2025-11-25,89,166,77
1496,kelarabad,mazandaran,2025-11-26,101,271,170
1496,kelarabad,mazandaran,2025-11-27,83,299,216
1496,kelarabad,mazandaran,2025-11-28,43,133,90
1496,kelarabad,mazandaran,2025-11-29,75,143,68
1496,kelarabad,mazandaran,2025-11-30,67,146,79
1496,kelarabad,mazandaran,2025-12-01,44,125,81
1496,kelarabad,mazandaran,2025-12-02,30,106,76
1496,kelarabad,mazandaran,2025-12-03,35,184,149
1496,kelarabad,mazandaran,2025-12-04,24,284,260
1496,kelarabad,mazandaran,2025-12-05,8,98,90
1496,kelarabad,mazandaran,2025-12-06,3,82,79
1496,kelarabad,mazandaran,2025-12-07,15,82,67
1496,kelarabad,mazandaran,2025-12-08,12,82,70
1496,kelarabad,mazandaran,2025-12-09,7,88,81
1496,kelarabad,mazandaran,2025-12-10,6,121,115
1496,kelarabad,mazandaran,2025-12-11,9,271,262
1496,kelarabad,mazandaran,2025-12-12,3,95,92
1496,kelarabad,mazandaran,2025-12-13,6,84,78
1496,kelarabad,mazandaran,2025-12-14,7,75,68
1496,kelarabad,mazandaran,2025-12-15,4,85,81
1496,kelarabad,mazandaran,2025-12-16,6,98,92
1496,kelarabad,mazandaran,2025-12-17,5,146,141
1496,kelarabad,mazandaran,2025-12-18,5,196,191
1496,kelarabad,mazandaran,2025-12-19,3,97,94
1496,kelarabad,mazandaran,2025-12-20,3,81,78
1496,kelarabad,mazandaran,2025-12-21,1,65,64
5640,kelardasht,mazandaran,2025-11-22,1605,1808,203
5640,kelardasht,mazandaran,2025-11-23,1395,1782,387
5640,kelardasht,mazandaran,2025-11-24,891,1305,414
5640,kelardasht,mazandaran,2025-11-25,763,1259,496
5640,kelardasht,mazandaran,2025-11-26,828,1902,1074
5640,kelardasht,mazandaran,2025-11-27,977,2706,1729
5640,kelardasht,mazandaran,2025-11-28,353,1025,672
5640,kelardasht,mazandaran,2025-11-29,401,972,571
5640,kelardasht,mazandaran,2025-11-30,362,1064,702
5640,kelardasht,mazandaran,2025-12-01,339,1052,713
5640,kelardasht,mazandaran,2025-12-02,286,980,694
5640,kelardasht,mazandaran,2025-12-03,401,1624,1223
5640,kelardasht,mazandaran,2025-12-04,452,3458,3006
5640,kelardasht,mazandaran,2025-12-05,197,1283,1086
5640,kelardasht,mazandaran,2025-12-06,237,1194,957
5640,kelardasht,mazandaran,2025-12-07,214,1148,934
5640,kelardasht,mazandaran,2025-12-08,204,1070,866
5640,kelardasht,mazandaran,2025-12-09,205,1148,943
5640,kelardasht,mazandaran,2025-12-10,205,1675,1470
5640,kelardasht,mazandaran,2025-12-11,224,3624,3400
5640,kelardasht,mazandaran,2025-12-12,120,1220,1100
5640,kelardasht,mazandaran,2025-12-13,81,684,603
5640,kelardasht,mazandaran,2025-12-14,73,665,592
5640,kelardasht,mazandaran,2025-12-15,76,749,673
5640,kelardasht,mazandaran,2025-12-16,82,870,788
5640,kelardasht,mazandaran,2025-12-17,119,1642,1523
5640,kelardasht,mazandaran,2025-12-18,121,2399,2278
5640,kelardasht,mazandaran,2025-12-19,38,965,927
5640,kelardasht,mazandaran,2025-12-20,31,713,682
5640,kelardasht,mazandaran,2025-12-21,35,543,508
9581,ketalem,mazandaran,2025-11-22,45,50,5
9581,ketalem,mazandaran,2025-11-23,23,32,9
9581,ketalem,mazandaran,2025-11-24,22,34,12
9581,ketalem,mazandaran,2025-11-25,32,49,17
9581,ketalem,mazandaran,2025-11-26,30,62,32
9581,ketalem,mazandaran,2025-11-27,38,81,43
9581,ketalem,mazandaran,2025-11-28,23,38,15
9581,ketalem,mazandaran,2025-11-29,26,41,15
9581,ketalem,mazandaran,2025-11-30,11,25,14
9581,ketalem,mazandaran,2025-12-01,14,30,16
9581,ketalem,mazandaran,2025-12-02,11,26,15
9581,ketalem,mazandaran,2025-12-03,12,39,27
9581,ketalem,mazandaran,2025-12-04,10,58,48
9581,ketalem,mazandaran,2025-12-05,14,32,18
9581,ketalem,mazandaran,2025-12-06,2,24,22
9581,ketalem,mazandaran,2025-12-07,0,22,22
9581,ketalem,mazandaran,2025-12-08,0,21,21
9581,ketalem,mazandaran,2025-12-09,0,22,22
9581,ketalem,mazandaran,2025-12-10,1,27,26
9581,ketalem,mazandaran,2025-12-11,3,53,50
9581,ketalem,mazandaran,2025-12-12,3,19,16
9581,ketalem,mazandaran,2025-12-13,2,20,18
9581,ketalem,mazandaran,2025-12-14,2,20,18
9581,ketalem,mazandaran,2025-12-15,7,28,21
9581,ketalem,mazandaran,2025-12-16,6,30,24
9581,ketalem,mazandaran,2025-12-17,0,30,30
9581,ketalem,mazandaran,2025-12-18,0,41,41
9581,ketalem,mazandaran,2025-12-19,0,21,21
9581,ketalem,mazandaran,2025-12-20,0,19,19
9581,ketalem,mazandaran,2025-12-21,0,16,16
6081,khaf,khorasan_razavi,2025-11-22,1,1,0
6081,khaf,khorasan_razavi,2025-11-23,0,0,0
6081,khaf,khorasan_razavi,2025-11-24,4,4,0
6081,khaf,khorasan_razavi,2025-11-25,1,1,0
6081,khaf,khorasan_razavi,2025-11-26,1,2,1
6081,khaf,khorasan_razavi,2025-11-27,1,2,1
6081,khaf,khorasan_razavi,2025-11-28,0,1,1
6081,khaf,khorasan_razavi,2025-11-29,0,1,1
6081,khaf,khorasan_razavi,2025-11-30,0,2,2
6081,khaf,khorasan_razavi,2025-12-01,2,4,2
6081,khaf,khorasan_razavi,2025-12-02,0,2,2
6081,khaf,khorasan_razavi,2025-12-03,0,2,2
6081,khaf,khorasan_razavi,2025-12-04,0,4,4
6081,khaf,khorasan_razavi,2025-12-05,0,3,3
6081,khaf,khorasan_razavi,2025-12-06,0,4,4
6081,khaf,khorasan_razavi,2025-12-07,0,3,3
6081,khaf,khorasan_razavi,2025-12-08,0,3,3
6081,khaf,khorasan_razavi,2025-12-09,0,4,4
6081,khaf,khorasan_razavi,2025-12-10,1,5,4
6081,khaf,khorasan_razavi,2025-12-11,1,6,5
6081,khaf,khorasan_razavi,2025-12-12,1,4,3
6081,khaf,khorasan_razavi,2025-12-13,1,5,4
6081,khaf,khorasan_razavi,2025-12-14,0,3,3
6081,khaf,khorasan_razavi,2025-12-15,0,4,4
6081,khaf,khorasan_razavi,2025-12-16,0,4,4
6081,khaf,khorasan_razavi,2025-12-17,0,4,4
6081,khaf,khorasan_razavi,2025-12-18,0,4,4
6081,khaf,khorasan_razavi,2025-12-19,0,4,4
6081,khaf,khorasan_razavi,2025-12-20,0,4,4
6081,khaf,khorasan_razavi,2025-12-21,0,3,3
8957,khaledabad,isfahan,2025-11-22,0,0,0
8957,khaledabad,isfahan,2025-11-23,0,0,0
8957,khaledabad,isfahan,2025-11-24,0,0,0
8957,khaledabad,isfahan,2025-11-25,0,0,0
8957,khaledabad,isfahan,2025-11-26,0,0,0
8957,khaledabad,isfahan,2025-11-27,0,0,0
8957,khaledabad,isfahan,2025-11-28,0,0,0
8957,khaledabad,isfahan,2025-11-29,0,0,0
8957,khaledabad,isfahan,2025-11-30,0,0,0
8957,khaledabad,isfahan,2025-12-01,0,0,0
8957,khaledabad,isfahan,2025-12-02,0,0,0
8957,khaledabad,isfahan,2025-12-03,0,0,0
8957,khaledabad,isfahan,2025-12-04,0,0,0
8957,khaledabad,isfahan,2025-12-05,0,0,0
8957,khaledabad,isfahan,2025-12-06,0,0,0
8957,khaledabad,isfahan,2025-12-07,0,0,0
8957,khaledabad,isfahan,2025-12-08,0,0,0
8957,khaledabad,isfahan,2025-12-09,0,0,0
8957,khaledabad,isfahan,2025-12-10,0,0,0
8957,khaledabad,isfahan,2025-12-11,0,0,0
8957,khaledabad,isfahan,2025-12-12,0,0,0
8957,khaledabad,isfahan,2025-12-13,0,0,0
8957,khaledabad,isfahan,2025-12-14,0,0,0
8957,khaledabad,isfahan,2025-12-15,0,0,0
8957,khaledabad,isfahan,2025-12-16,0,0,0
8957,khaledabad,isfahan,2025-12-17,0,0,0
8957,khaledabad,isfahan,2025-12-18,0,0,0
8957,khaledabad,isfahan,2025-12-19,0,0,0
8957,khaledabad,isfahan,2025-12-20,0,0,0
8957,khaledabad,isfahan,2025-12-21,0,0,0
2363,khalilshahr,mazandaran,2025-11-22,6,7,1
2363,khalilshahr,mazandaran,2025-11-23,11,14,3
2363,khalilshahr,mazandaran,2025-11-24,4,7,3
2363,khalilshahr,mazandaran,2025-11-25,9,14,5
2363,khalilshahr,mazandaran,2025-11-26,5,13,8
2363,khalilshahr,mazandaran,2025-11-27,8,26,18
2363,khalilshahr,mazandaran,2025-11-28,2,6,4
2363,khalilshahr,mazandaran,2025-11-29,7,9,2
2363,khalilshahr,mazandaran,2025-11-30,7,10,3
2363,khalilshahr,mazandaran,2025-12-01,7,10,3
2363,khalilshahr,mazandaran,2025-12-02,8,12,4
2363,khalilshahr,mazandaran,2025-12-03,8,17,9
2363,khalilshahr,mazandaran,2025-12-04,15,55,40
2363,khalilshahr,mazandaran,2025-12-05,2,9,7
2363,khalilshahr,mazandaran,2025-12-06,2,9,7
2363,khalilshahr,mazandaran,2025-12-07,0,6,6
2363,khalilshahr,mazandaran,2025-12-08,0,5,5
2363,khalilshahr,mazandaran,2025-12-09,0,5,5
2363,khalilshahr,mazandaran,2025-12-10,0,9,9
2363,khalilshahr,mazandaran,2025-12-11,5,33,28
2363,khalilshahr,mazandaran,2025-12-12,0,5,5
2363,khalilshahr,mazandaran,2025-12-13,0,5,5
2363,khalilshahr,mazandaran,2025-12-14,0,4,4
2363,khalilshahr,mazandaran,2025-12-15,0,5,5
2363,khalilshahr,mazandaran,2025-12-16,0,8,8
2363,khalilshahr,mazandaran,2025-12-17,0,11,11
2363,khalilshahr,mazandaran,2025-12-18,6,33,27
2363,khalilshahr,mazandaran,2025-12-19,0,8,8
2363,khalilshahr,mazandaran,2025-12-20,0,6,6
2363,khalilshahr,mazandaran,2025-12-21,0,4,4
9220,khamir,hormozgan,2025-11-22,6,8,2
9220,khamir,hormozgan,2025-11-23,9,14,5
9220,khamir,hormozgan,2025-11-24,6,13,7
9220,khamir,hormozgan,2025-11-25,4,11,7
9220,khamir,hormozgan,2025-11-26,2,11,9
9220,khamir,hormozgan,2025-11-27,2,13,11
9220,khamir,hormozgan,2025-11-28,3,8,5
9220,khamir,hormozgan,2025-11-29,1,5,4
9220,khamir,hormozgan,2025-11-30,1,7,6
9220,khamir,hormozgan,2025-12-01,1,7,6
9220,khamir,hormozgan,2025-12-02,1,9,8
9220,khamir,hormozgan,2025-12-03,1,10,9
9220,khamir,hormozgan,2025-12-04,1,20,19
9220,khamir,hormozgan,2025-12-05,0,7,7
9220,khamir,hormozgan,2025-12-06,0,11,11
9220,khamir,hormozgan,2025-12-07,1,11,10
9220,khamir,hormozgan,2025-12-08,1,12,11
9220,khamir,hormozgan,2025-12-09,2,14,12
9220,khamir,hormozgan,2025-12-10,1,12,11
9220,khamir,hormozgan,2025-12-11,0,23,23
9220,khamir,hormozgan,2025-12-12,0,10,10
9220,khamir,hormozgan,2025-12-13,0,12,12
9220,khamir,hormozgan,2025-12-14,0,11,11
9220,khamir,hormozgan,2025-12-15,0,18,18
9220,khamir,hormozgan,2025-12-16,0,18,18
9220,khamir,hormozgan,2025-12-17,0,20,20
9220,khamir,hormozgan,2025-12-18,0,25,25
9220,khamir,hormozgan,2025-12-19,0,14,14
9220,khamir,hormozgan,2025-12-20,0,13,13
9220,khamir,hormozgan,2025-12-21,0,7,7
4078,kharv,khorasan_razavi,2025-11-22,0,0,0
4078,kharv,khorasan_razavi,2025-11-23,0,0,0
4078,kharv,khorasan_razavi,2025-11-24,0,0,0
4078,kharv,khorasan_razavi,2025-11-25,0,0,0
4078,kharv,khorasan_razavi,2025-11-26,0,0,0
4078,kharv,khorasan_razavi,2025-11-27,0,0,0
4078,kharv,khorasan_razavi,2025-11-28,0,0,0
4078,kharv,khorasan_razavi,2025-11-29,0,0,0
4078,kharv,khorasan_razavi,2025-11-30,0,0,0
4078,kharv,khorasan_razavi,2025-12-01,0,0,0
4078,kharv,khorasan_razavi,2025-12-02,0,0,0
4078,kharv,khorasan_razavi,2025-12-03,0,0,0
4078,kharv,khorasan_razavi,2025-12-04,0,0,0
4078,kharv,khorasan_razavi,2025-12-05,0,0,0
4078,kharv,khorasan_razavi,2025-12-06,0,0,0
4078,kharv,khorasan_razavi,2025-12-07,0,0,0
4078,kharv,khorasan_razavi,2025-12-08,0,0,0
4078,kharv,khorasan_razavi,2025-12-09,0,0,0
4078,kharv,khorasan_razavi,2025-12-10,0,0,0
4078,kharv,khorasan_razavi,2025-12-11,0,0,0
4078,kharv,khorasan_razavi,2025-12-12,0,0,0
4078,kharv,khorasan_razavi,2025-12-13,0,0,0
4078,kharv,khorasan_razavi,2025-12-14,0,0,0
4078,kharv,khorasan_razavi,2025-12-15,0,0,0
4078,kharv,khorasan_razavi,2025-12-16,0,0,0
4078,kharv,khorasan_razavi,2025-12-17,0,0,0
4078,kharv,khorasan_razavi,2025-12-18,0,0,0
4078,kharv,khorasan_razavi,2025-12-19,0,0,0
4078,kharv,khorasan_razavi,2025-12-20,0,0,0
4078,kharv,khorasan_razavi,2025-12-21,0,0,0
8840,khezer_shahr,mazandaran,2025-11-22,105,113,8
8840,khezer_shahr,mazandaran,2025-11-23,99,115,16
8840,khezer_shahr,mazandaran,2025-11-24,78,100,22
8840,khezer_shahr,mazandaran,2025-11-25,74,102,28
8840,khezer_shahr,mazandaran,2025-11-26,76,133,57
8840,khezer_shahr,mazandaran,2025-11-27,63,141,78
8840,khezer_shahr,mazandaran,2025-11-28,30,58,28
8840,khezer_shahr,mazandaran,2025-11-29,24,53,29
8840,khezer_shahr,mazandaran,2025-11-30,23,61,38
8840,khezer_shahr,mazandaran,2025-12-01,15,54,39
8840,khezer_shahr,mazandaran,2025-12-02,15,56,41
8840,khezer_shahr,mazandaran,2025-12-03,18,79,61
8840,khezer_shahr,mazandaran,2025-12-04,19,119,100
8840,khezer_shahr,mazandaran,2025-12-05,10,55,45
8840,khezer_shahr,mazandaran,2025-12-06,13,66,53
8840,khezer_shahr,mazandaran,2025-12-07,17,74,57
8840,khezer_shahr,mazandaran,2025-12-08,18,72,54
8840,khezer_shahr,mazandaran,2025-12-09,20,78,58
8840,khezer_shahr,mazandaran,2025-12-10,16,84,68
8840,khezer_shahr,mazandaran,2025-12-11,11,124,113
8840,khezer_shahr,mazandaran,2025-12-12,5,55,50
8840,khezer_shahr,mazandaran,2025-12-13,9,59,50
8840,khezer_shahr,mazandaran,2025-12-14,10,64,54
8840,khezer_shahr,mazandaran,2025-12-15,10,73,63
8840,khezer_shahr,mazandaran,2025-12-16,10,79,69
8840,khezer_shahr,mazandaran,2025-12-17,6,91,85
8840,khezer_shahr,mazandaran,2025-12-18,12,125,113
8840,khezer_shahr,mazandaran,2025-12-19,4,62,58
8840,khezer_shahr,mazandaran,2025-12-20,5,59,54
8840,khezer_shahr,mazandaran,2025-12-21,0,41,41
3124,khomam,gilan,2025-11-22,465,514,49
3124,khomam,gilan,2025-11-23,366,458,92
3124,khomam,gilan,2025-11-24,206,302,96
3124,khomam,gilan,2025-11-25,219,352,133
3124,khomam,gilan,2025-11-26,252,528,276
3124,khomam,gilan,2025-11-27,210,537,327
3124,khomam,gilan,2025-11-28,84,211,127
3124,khomam,gilan,2025-11-29,61,142,81
3124,khomam,gilan,2025-11-30,58,158,100
3124,khomam,gilan,2025-12-01,71,180,109
3124,khomam,gilan,2025-12-02,94,229,135
3124,khomam,gilan,2025-12-03,102,359,257
3124,khomam,gilan,2025-12-04,112,682,570
3124,khomam,gilan,2025-12-05,50,240,190
3124,khomam,gilan,2025-12-06,43,189,146
3124,khomam,gilan,2025-12-07,23,133,110
3124,khomam,gilan,2025-12-08,24,132,108
3124,khomam,gilan,2025-12-09,24,144,120
3124,khomam,gilan,2025-12-10,22,202,180
3124,khomam,gilan,2025-12-11,27,479,452
3124,khomam,gilan,2025-12-12,10,145,135
3124,khomam,gilan,2025-12-13,10,108,98
3124,khomam,gilan,2025-12-14,20,129,109
3124,khomam,gilan,2025-12-15,20,152,132
3124,khomam,gilan,2025-12-16,21,168,147
3124,khomam,gilan,2025-12-17,28,233,205
3124,khomam,gilan,2025-12-18,35,337,302
3124,khomam,gilan,2025-12-19,5,140,135
3124,khomam,gilan,2025-12-20,10,112,102
3124,khomam,gilan,2025-12-21,13,93,80
5265,khomeinishahr,isfahan,2025-11-22,21,23,2
5265,khomeinishahr,isfahan,2025-11-23,14,17,3
5265,khomeinishahr,isfahan,2025-11-24,13,18,5
5265,khomeinishahr,isfahan,2025-11-25,12,18,6
5265,khomeinishahr,isfahan,2025-11-26,16,25,9
5265,khomeinishahr,isfahan,2025-11-27,11,21,10
5265,khomeinishahr,isfahan,2025-11-28,5,11,6
5265,khomeinishahr,isfahan,2025-11-29,4,10,6
5265,khomeinishahr,isfahan,2025-11-30,5,12,7
5265,khomeinishahr,isfahan,2025-12-01,5,13,8
5265,khomeinishahr,isfahan,2025-12-02,6,14,8
5265,khomeinishahr,isfahan,2025-12-03,4,15,11
5265,khomeinishahr,isfahan,2025-12-04,2,20,18
5265,khomeinishahr,isfahan,2025-12-05,2,11,9
5265,khomeinishahr,isfahan,2025-12-06,2,11,9
5265,khomeinishahr,isfahan,2025-12-07,2,11,9
5265,khomeinishahr,isfahan,2025-12-08,3,13,10
5265,khomeinishahr,isfahan,2025-12-09,4,16,12
5265,khomeinishahr,isfahan,2025-12-10,2,15,13
5265,khomeinishahr,isfahan,2025-12-11,3,23,20
5265,khomeinishahr,isfahan,2025-12-12,3,13,10
5265,khomeinishahr,isfahan,2025-12-13,3,14,11
5265,khomeinishahr,isfahan,2025-12-14,4,15,11
5265,khomeinishahr,isfahan,2025-12-15,4,17,13
5265,khomeinishahr,isfahan,2025-12-16,4,20,16
5265,khomeinishahr,isfahan,2025-12-17,3,21,18
5265,khomeinishahr,isfahan,2025-12-18,4,24,20
5265,khomeinishahr,isfahan,2025-12-19,3,15,12
5265,khomeinishahr,isfahan,2025-12-20,3,14,11
5265,khomeinishahr,isfahan,2025-12-21,1,10,9
8930,khoorasgan,isfahan,2025-11-22,0,0,0
8930,khoorasgan,isfahan,2025-11-23,0,0,0
8930,khoorasgan,isfahan,2025-11-24,0,0,0
8930,khoorasgan,isfahan,2025-11-25,0,0,0
8930,khoorasgan,isfahan,2025-11-26,0,0,0
8930,khoorasgan,isfahan,2025-11-27,0,0,0
8930,khoorasgan,isfahan,2025-11-28,0,0,0
8930,khoorasgan,isfahan,2025-11-29,0,0,0
8930,khoorasgan,isfahan,2025-11-30,0,0,0
8930,khoorasgan,isfahan,2025-12-01,0,0,0
8930,khoorasgan,isfahan,2025-12-02,0,0,0
8930,khoorasgan,isfahan,2025-12-03,0,0,0
8930,khoorasgan,isfahan,2025-12-04,0,0,0
8930,khoorasgan,isfahan,2025-12-05,0,0,0
8930,khoorasgan,isfahan,2025-12-06,0,0,0
8930,khoorasgan,isfahan,2025-12-07,0,0,0
8930,khoorasgan,isfahan,2025-12-08,0,0,0
8930,khoorasgan,isfahan,2025-12-09,0,0,0
8930,khoorasgan,isfahan,2025-12-10,0,0,0
8930,khoorasgan,isfahan,2025-12-11,0,0,0
8930,khoorasgan,isfahan,2025-12-12,0,0,0
8930,khoorasgan,isfahan,2025-12-13,0,0,0
8930,khoorasgan,isfahan,2025-12-14,0,0,0
8930,khoorasgan,isfahan,2025-12-15,0,0,0
8930,khoorasgan,isfahan,2025-12-16,0,0,0
8930,khoorasgan,isfahan,2025-12-17,0,0,0
8930,khoorasgan,isfahan,2025-12-18,0,0,0
8930,khoorasgan,isfahan,2025-12-19,0,0,0
8930,khoorasgan,isfahan,2025-12-20,0,0,0
8930,khoorasgan,isfahan,2025-12-21,0,0,0
5936,khoramabad,mazandaran,2025-11-22,15,18,3
5936,khoramabad,mazandaran,2025-11-23,14,19,5
5936,khoramabad,mazandaran,2025-11-24,5,10,5
5936,khoramabad,mazandaran,2025-11-25,0,4,4
5936,khoramabad,mazandaran,2025-11-26,2,12,10
5936,khoramabad,mazandaran,2025-11-27,1,12,11
5936,khoramabad,mazandaran,2025-11-28,15,27,12
5936,khoramabad,mazandaran,2025-11-29,4,11,7
5936,khoramabad,mazandaran,2025-11-30,4,13,9
5936,khoramabad,mazandaran,2025-12-01,4,14,10
5936,khoramabad,mazandaran,2025-12-02,4,13,9
5936,khoramabad,mazandaran,2025-12-03,0,11,11
5936,khoramabad,mazandaran,2025-12-04,1,25,24
5936,khoramabad,mazandaran,2025-12-05,0,9,9
5936,khoramabad,mazandaran,2025-12-06,2,12,10
5936,khoramabad,mazandaran,2025-12-07,0,9,9
5936,khoramabad,mazandaran,2025-12-08,0,9,9
5936,khoramabad,mazandaran,2025-12-09,0,9,9
5936,khoramabad,mazandaran,2025-12-10,0,13,13
5936,khoramabad,mazandaran,2025-12-11,0,28,28
5936,khoramabad,mazandaran,2025-12-12,0,10,10
5936,khoramabad,mazandaran,2025-12-13,0,8,8
5936,khoramabad,mazandaran,2025-12-14,0,7,7
5936,khoramabad,mazandaran,2025-12-15,0,9,9
5936,khoramabad,mazandaran,2025-12-16,0,11,11
5936,khoramabad,mazandaran,2025-12-17,0,16,16
5936,khoramabad,mazandaran,2025-12-18,0,24,24
5936,khoramabad,mazandaran,2025-12-19,0,13,13
5936,khoramabad,mazandaran,2025-12-20,0,9,9
5936,khoramabad,mazandaran,2025-12-21,0,8,8
7888,khorzough,isfahan,2025-11-22,0,0,0
7888,khorzough,isfahan,2025-11-23,0,0,0
7888,khorzough,isfahan,2025-11-24,0,0,0
7888,khorzough,isfahan,2025-11-25,0,0,0
7888,khorzough,isfahan,2025-11-26,0,0,0
7888,khorzough,isfahan,2025-11-27,0,0,0
7888,khorzough,isfahan,2025-11-28,0,0,0
7888,khorzough,isfahan,2025-11-29,0,0,0
7888,khorzough,isfahan,2025-11-30,0,0,0
7888,khorzough,isfahan,2025-12-01,0,0,0
7888,khorzough,isfahan,2025-12-02,0,0,0
7888,khorzough,isfahan,2025-12-03,0,0,0
7888,khorzough,isfahan,2025-12-04,0,0,0
7888,khorzough,isfahan,2025-12-05,0,0,0
7888,khorzough,isfahan,2025-12-06,0,0,0
7888,khorzough,isfahan,2025-12-07,0,0,0
7888,khorzough,isfahan,2025-12-08,0,0,0
7888,khorzough,isfahan,2025-12-09,0,0,0
7888,khorzough,isfahan,2025-12-10,0,0,0
7888,khorzough,isfahan,2025-12-11,0,0,0
7888,khorzough,isfahan,2025-12-12,0,0,0
7888,khorzough,isfahan,2025-12-13,0,0,0
7888,khorzough,isfahan,2025-12-14,0,0,0
7888,khorzough,isfahan,2025-12-15,0,0,0
7888,khorzough,isfahan,2025-12-16,0,0,0
7888,khorzough,isfahan,2025-12-17,0,0,0
7888,khorzough,isfahan,2025-12-18,0,0,0
7888,khorzough,isfahan,2025-12-19,0,0,0
7888,khorzough,isfahan,2025-12-20,0,0,0
7888,khorzough,isfahan,2025-12-21,0,0,0
8216,khoshke_bijar,gilan,2025-11-22,7,8,1
8216,khoshke_bijar,gilan,2025-11-23,10,14,4
8216,khoshke_bijar,gilan,2025-11-24,17,23,6
8216,khoshke_bijar,gilan,2025-11-25,8,17,9
8216,khoshke_bijar,gilan,2025-11-26,4,17,13
8216,khoshke_bijar,gilan,2025-11-27,7,27,20
8216,khoshke_bijar,gilan,2025-11-28,11,18,7
8216,khoshke_bijar,gilan,2025-11-29,11,17,6
8216,khoshke_bijar,gilan,2025-11-30,5,10,5
8216,khoshke_bijar,gilan,2025-12-01,3,9,6
8216,khoshke_bijar,gilan,2025-12-02,2,11,9
8216,khoshke_bijar,gilan,2025-12-03,1,16,15
8216,khoshke_bijar,gilan,2025-12-04,3,42,39
8216,khoshke_bijar,gilan,2025-12-05,3,13,10
8216,khoshke_bijar,gilan,2025-12-06,3,15,12
8216,khoshke_bijar,gilan,2025-12-07,1,11,10
8216,khoshke_bijar,gilan,2025-12-08,1,10,9
8216,khoshke_bijar,gilan,2025-12-09,1,12,11
8216,khoshke_bijar,gilan,2025-12-10,1,18,17
8216,khoshke_bijar,gilan,2025-12-11,3,36,33
8216,khoshke_bijar,gilan,2025-12-12,1,12,11
8216,khoshke_bijar,gilan,2025-12-13,1,11,10
8216,khoshke_bijar,gilan,2025-12-14,1,10,9
8216,khoshke_bijar,gilan,2025-12-15,1,12,11
8216,khoshke_bijar,gilan,2025-12-16,0,12,12
8216,khoshke_bijar,gilan,2025-12-17,0,21,21
8216,khoshke_bijar,gilan,2025-12-18,1,28,27
8216,khoshke_bijar,gilan,2025-12-19,0,12,12
8216,khoshke_bijar,gilan,2025-12-20,0,10,10
8216,khoshke_bijar,gilan,2025-12-21,5,11,6
6728,khoshrodpey,mazandaran,2025-11-22,0,0,0
6728,khoshrodpey,mazandaran,2025-11-23,0,0,0
6728,khoshrodpey,mazandaran,2025-11-24,0,0,0
6728,khoshrodpey,mazandaran,2025-11-25,0,0,0
6728,khoshrodpey,mazandaran,2025-11-26,1,1,0
6728,khoshrodpey,mazandaran,2025-11-27,1,1,0
6728,khoshrodpey,mazandaran,2025-11-28,1,1,0
6728,khoshrodpey,mazandaran,2025-11-29,1,1,0
6728,khoshrodpey,mazandaran,2025-11-30,1,1,0
6728,khoshrodpey,mazandaran,2025-12-01,1,1,0
6728,khoshrodpey,mazandaran,2025-12-02,1,1,0
6728,khoshrodpey,mazandaran,2025-12-03,0,0,0
6728,khoshrodpey,mazandaran,2025-12-04,0,0,0
6728,khoshrodpey,mazandaran,2025-12-05,0,0,0
6728,khoshrodpey,mazandaran,2025-12-06,0,0,0
6728,khoshrodpey,mazandaran,2025-12-07,0,0,0
6728,khoshrodpey,mazandaran,2025-12-08,0,0,0
6728,khoshrodpey,mazandaran,2025-12-09,0,0,0
6728,khoshrodpey,mazandaran,2025-12-10,0,0,0
6728,khoshrodpey,mazandaran,2025-12-11,0,0,0
6728,khoshrodpey,mazandaran,2025-12-12,0,0,0
6728,khoshrodpey,mazandaran,2025-12-13,0,0,0
6728,khoshrodpey,mazandaran,2025-12-14,0,0,0
6728,khoshrodpey,mazandaran,2025-12-15,0,0,0
6728,khoshrodpey,mazandaran,2025-12-16,0,0,0
6728,khoshrodpey,mazandaran,2025-12-17,0,0,0
6728,khoshrodpey,mazandaran,2025-12-18,0,0,0
6728,khoshrodpey,mazandaran,2025-12-19,0,0,0
6728,khoshrodpey,mazandaran,2025-12-20,0,0,0
6728,khoshrodpey,mazandaran,2025-12-21,0,0,0
1782,khur_and_biabanak,isfahan,2025-11-22,17,18,1
1782,khur_and_biabanak,isfahan,2025-11-23,8,9,1
1782,khur_and_biabanak,isfahan,2025-11-24,15,17,2
1782,khur_and_biabanak,isfahan,2025-11-25,15,18,3
1782,khur_and_biabanak,isfahan,2025-11-26,30,39,9
1782,khur_and_biabanak,isfahan,2025-11-27,27,42,15
1782,khur_and_biabanak,isfahan,2025-11-28,6,9,3
1782,khur_and_biabanak,isfahan,2025-11-29,0,2,2
1782,khur_and_biabanak,isfahan,2025-11-30,0,3,3
1782,khur_and_biabanak,isfahan,2025-12-01,0,3,3
1782,khur_and_biabanak,isfahan,2025-12-02,0,4,4
1782,khur_and_biabanak,isfahan,2025-12-03,0,5,5
1782,khur_and_biabanak,isfahan,2025-12-04,0,9,9
1782,khur_and_biabanak,isfahan,2025-12-05,0,5,5
1782,khur_and_biabanak,isfahan,2025-12-06,0,6,6
1782,khur_and_biabanak,isfahan,2025-12-07,0,6,6
1782,khur_and_biabanak,isfahan,2025-12-08,0,6,6
1782,khur_and_biabanak,isfahan,2025-12-09,0,6,6
1782,khur_and_biabanak,isfahan,2025-12-10,0,10,10
1782,khur_and_biabanak,isfahan,2025-12-11,0,23,23
1782,khur_and_biabanak,isfahan,2025-12-12,0,6,6
1782,khur_and_biabanak,isfahan,2025-12-13,0,7,7
1782,khur_and_biabanak,isfahan,2025-12-14,1,8,7
1782,khur_and_biabanak,isfahan,2025-12-15,1,9,8
1782,khur_and_biabanak,isfahan,2025-12-16,0,8,8
1782,khur_and_biabanak,isfahan,2025-12-17,0,13,13
1782,khur_and_biabanak,isfahan,2025-12-18,0,23,23
1782,khur_and_biabanak,isfahan,2025-12-19,0,8,8
1782,khur_and_biabanak,isfahan,2025-12-20,0,8,8
1782,khur_and_biabanak,isfahan,2025-12-21,0,6,6
6095,khvansar,isfahan,2025-11-22,186,197,11
6095,khvansar,isfahan,2025-11-23,235,283,48
6095,khvansar,isfahan,2025-11-24,111,144,33
6095,khvansar,isfahan,2025-11-25,98,144,46
6095,khvansar,isfahan,2025-11-26,122,217,95
6095,khvansar,isfahan,2025-11-27,210,501,291
6095,khvansar,isfahan,2025-11-28,26,56,30
6095,khvansar,isfahan,2025-11-29,24,53,29
6095,khvansar,isfahan,2025-11-30,17,41,24
6095,khvansar,isfahan,2025-12-01,20,54,34
6095,khvansar,isfahan,2025-12-02,24,66,42
6095,khvansar,isfahan,2025-12-03,37,133,96
6095,khvansar,isfahan,2025-12-04,33,275,242
6095,khvansar,isfahan,2025-12-05,14,72,58
6095,khvansar,isfahan,2025-12-06,25,99,74
6095,khvansar,isfahan,2025-12-07,23,96,73
6095,khvansar,isfahan,2025-12-08,19,85,66
6095,khvansar,isfahan,2025-12-09,16,75,59
6095,khvansar,isfahan,2025-12-10,28,170,142
6095,khvansar,isfahan,2025-12-11,24,346,322
6095,khvansar,isfahan,2025-12-12,8,72,64
6095,khvansar,isfahan,2025-12-13,9,76,67
6095,khvansar,isfahan,2025-12-14,8,71,63
6095,khvansar,isfahan,2025-12-15,9,81,72
6095,khvansar,isfahan,2025-12-16,24,140,116
6095,khvansar,isfahan,2025-12-17,23,191,168
6095,khvansar,isfahan,2025-12-18,24,312,288
6095,khvansar,isfahan,2025-12-19,8,89,81
6095,khvansar,isfahan,2025-12-20,16,99,83
6095,khvansar,isfahan,2025-12-21,4,45,41
1553,kiakala,mazandaran,2025-11-22,0,0,0
1553,kiakala,mazandaran,2025-11-23,0,0,0
1553,kiakala,mazandaran,2025-11-24,0,0,0
1553,kiakala,mazandaran,2025-11-25,0,0,0
1553,kiakala,mazandaran,2025-11-26,0,0,0
1553,kiakala,mazandaran,2025-11-27,0,0,0
1553,kiakala,mazandaran,2025-11-28,0,0,0
1553,kiakala,mazandaran,2025-11-29,0,0,0
1553,kiakala,mazandaran,2025-11-30,0,0,0
1553,kiakala,mazandaran,2025-12-01,0,0,0
1553,kiakala,mazandaran,2025-12-02,0,0,0
1553,kiakala,mazandaran,2025-12-03,0,0,0
1553,kiakala,mazandaran,2025-12-04,0,0,0
1553,kiakala,mazandaran,2025-12-05,0,0,0
1553,kiakala,mazandaran,2025-12-06,0,0,0
1553,kiakala,mazandaran,2025-12-07,0,0,0
1553,kiakala,mazandaran,2025-12-08,0,0,0
1553,kiakala,mazandaran,2025-12-09,0,0,0
1553,kiakala,mazandaran,2025-12-10,0,0,0
1553,kiakala,mazandaran,2025-12-11,0,0,0
1553,kiakala,mazandaran,2025-12-12,0,0,0
1553,kiakala,mazandaran,2025-12-13,0,0,0
1553,kiakala,mazandaran,2025-12-14,0,0,0
1553,kiakala,mazandaran,2025-12-15,0,0,0
1553,kiakala,mazandaran,2025-12-16,0,0,0
1553,kiakala,mazandaran,2025-12-17,0,0,0
1553,kiakala,mazandaran,2025-12-18,0,0,0
1553,kiakala,mazandaran,2025-12-19,0,0,0
1553,kiakala,mazandaran,2025-12-20,0,0,0
1553,kiakala,mazandaran,2025-12-21,0,0,0
1177,kiasar,mazandaran,2025-11-22,36,42,6
1177,kiasar,mazandaran,2025-11-23,44,59,15
1177,kiasar,mazandaran,2025-11-24,31,45,14
1177,kiasar,mazandaran,2025-11-25,27,43,16
1177,kiasar,mazandaran,2025-11-26,40,82,42
1177,kiasar,mazandaran,2025-11-27,38,130,92
1177,kiasar,mazandaran,2025-11-28,4,20,16
1177,kiasar,mazandaran,2025-11-29,1,10,9
1177,kiasar,mazandaran,2025-11-30,4,16,12
1177,kiasar,mazandaran,2025-12-01,6,19,13
1177,kiasar,mazandaran,2025-12-02,8,25,17
1177,kiasar,mazandaran,2025-12-03,7,41,34
1177,kiasar,mazandaran,2025-12-04,14,117,103
1177,kiasar,mazandaran,2025-12-05,2,23,21
1177,kiasar,mazandaran,2025-12-06,1,25,24
1177,kiasar,mazandaran,2025-12-07,1,24,23
1177,kiasar,mazandaran,2025-12-08,1,21,20
1177,kiasar,mazandaran,2025-12-09,2,22,20
1177,kiasar,mazandaran,2025-12-10,1,31,30
1177,kiasar,mazandaran,2025-12-11,1,105,104
1177,kiasar,mazandaran,2025-12-12,0,25,25
1177,kiasar,mazandaran,2025-12-13,0,19,19
1177,kiasar,mazandaran,2025-12-14,2,17,15
1177,kiasar,mazandaran,2025-12-15,2,21,19
1177,kiasar,mazandaran,2025-12-16,0,23,23
1177,kiasar,mazandaran,2025-12-17,3,47,44
1177,kiasar,mazandaran,2025-12-18,6,87,81
1177,kiasar,mazandaran,2025-12-19,2,34,32
1177,kiasar,mazandaran,2025-12-20,1,21,20
1177,kiasar,mazandaran,2025-12-21,1,16,15
8271,kiashahr,gilan,2025-11-22,110,133,23
8271,kiashahr,gilan,2025-11-23,87,122,35
8271,kiashahr,gilan,2025-11-24,87,140,53
8271,kiashahr,gilan,2025-11-25,98,160,62
8271,kiashahr,gilan,2025-11-26,111,223,112
8271,kiashahr,gilan,2025-11-27,95,255,160
8271,kiashahr,gilan,2025-11-28,24,78,54
8271,kiashahr,gilan,2025-11-29,28,74,46
8271,kiashahr,gilan,2025-11-30,17,63,46
8271,kiashahr,gilan,2025-12-01,16,57,41
8271,kiashahr,gilan,2025-12-02,21,75,54
8271,kiashahr,gilan,2025-12-03,16,124,108
8271,kiashahr,gilan,2025-12-04,17,206,189
8271,kiashahr,gilan,2025-12-05,10,83,73
8271,kiashahr,gilan,2025-12-06,17,80,63
8271,kiashahr,gilan,2025-12-07,13,62,49
8271,kiashahr,gilan,2025-12-08,11,66,55
8271,kiashahr,gilan,2025-12-09,22,90,68
8271,kiashahr,gilan,2025-12-10,24,138,114
8271,kiashahr,gilan,2025-12-11,17,278,261
8271,kiashahr,gilan,2025-12-12,5,77,72
8271,kiashahr,gilan,2025-12-13,5,55,50
8271,kiashahr,gilan,2025-12-14,5,46,41
8271,kiashahr,gilan,2025-12-15,11,68,57
8271,kiashahr,gilan,2025-12-16,6,79,73
8271,kiashahr,gilan,2025-12-17,5,121,116
8271,kiashahr,gilan,2025-12-18,6,158,152
8271,kiashahr,gilan,2025-12-19,2,86,84
8271,kiashahr,gilan,2025-12-20,3,53,50
8271,kiashahr,gilan,2025-12-21,1,36,35
1916,kilan,tehran,2025-11-22,8,8,0
1916,kilan,tehran,2025-11-23,5,7,2
1916,kilan,tehran,2025-11-24,4,6,2
1916,kilan,tehran,2025-11-25,4,6,2
1916,kilan,tehran,2025-11-26,5,11,6
1916,kilan,tehran,2025-11-27,9,20,11
1916,kilan,tehran,2025-11-28,3,6,3
1916,kilan,tehran,2025-11-29,2,5,3
1916,kilan,tehran,2025-11-30,2,5,3
1916,kilan,tehran,2025-12-01,2,6,4
1916,kilan,tehran,2025-12-02,2,7,5
1916,kilan,tehran,2025-12-03,4,12,8
1916,kilan,tehran,2025-12-04,3,23,20
1916,kilan,tehran,2025-12-05,1,7,6
1916,kilan,tehran,2025-12-06,3,10,7
1916,kilan,tehran,2025-12-07,3,10,7
1916,kilan,tehran,2025-12-08,5,12,7
1916,kilan,tehran,2025-12-09,2,8,6
1916,kilan,tehran,2025-12-10,1,9,8
1916,kilan,tehran,2025-12-11,1,22,21
1916,kilan,tehran,2025-12-12,1,6,5
1916,kilan,tehran,2025-12-13,2,8,6
1916,kilan,tehran,2025-12-14,2,8,6
1916,kilan,tehran,2025-12-15,2,10,8
1916,kilan,tehran,2025-12-16,2,12,10
1916,kilan,tehran,2025-12-17,2,14,12
1916,kilan,tehran,2025-12-18,2,21,19
1916,kilan,tehran,2025-12-19,1,8,7
1916,kilan,tehran,2025-12-20,1,7,6
1916,kilan,tehran,2025-12-21,0,3,3
2099,kish,hormozgan,2025-11-22,24987,25646,659
2099,kish,hormozgan,2025-11-23,23351,25144,1793
2099,kish,hormozgan,2025-11-24,22964,25996,3032
2099,kish,hormozgan,2025-11-25,22870,28009,5139
2099,kish,hormozgan,2025-11-26,21881,28865,6984
2099,kish,hormozgan,2025-11-27,18818,26636,7818
2099,kish,hormozgan,2025-11-28,9528,15419,5891
2099,kish,hormozgan,2025-11-29,9844,17121,7277
2099,kish,hormozgan,2025-11-30,9113,16310,7197
2099,kish,hormozgan,2025-12-01,10417,19349,8932
2099,kish,hormozgan,2025-12-02,14516,25826,11310
2099,kish,hormozgan,2025-12-03,20461,37693,17232
2099,kish,hormozgan,2025-12-04,21906,38976,17070
2099,kish,hormozgan,2025-12-05,17063,34733,17670
2099,kish,hormozgan,2025-12-06,10828,26038,15210
2099,kish,hormozgan,2025-12-07,7511,22289,14778
2099,kish,hormozgan,2025-12-08,7095,21260,14165
2099,kish,hormozgan,2025-12-09,6814,21233,14419
2099,kish,hormozgan,2025-12-10,6931,21916,14985
2099,kish,hormozgan,2025-12-11,6681,23102,16421
2099,kish,hormozgan,2025-12-12,4722,18598,13876
2099,kish,hormozgan,2025-12-13,4749,21213,16464
2099,kish,hormozgan,2025-12-14,4340,19539,15199
2099,kish,hormozgan,2025-12-15,4495,21252,16757
2099,kish,hormozgan,2025-12-16,5479,23698,18219
2099,kish,hormozgan,2025-12-17,5870,23976,18106
2099,kish,hormozgan,2025-12-18,6146,25305,19159
2099,kish,hormozgan,2025-12-19,4466,22322,17856
2099,kish,hormozgan,2025-12-20,3317,19541,16224
2099,kish,hormozgan,2025-12-21,1496,14408,12912
3109,kodkan,khorasan_razavi,2025-11-22,0,0,0
3109,kodkan,khorasan_razavi,2025-11-23,0,0,0
3109,kodkan,khorasan_razavi,2025-11-24,0,0,0
3109,kodkan,khorasan_razavi,2025-11-25,0,0,0
3109,kodkan,khorasan_razavi,2025-11-26,0,0,0
3109,kodkan,khorasan_razavi,2025-11-27,0,0,0
3109,kodkan,khorasan_razavi,2025-11-28,0,0,0
3109,kodkan,khorasan_razavi,2025-11-29,0,0,0
3109,kodkan,khorasan_razavi,2025-11-30,0,0,0
3109,kodkan,khorasan_razavi,2025-12-01,0,0,0
3109,kodkan,khorasan_razavi,2025-12-02,0,0,0
3109,kodkan,khorasan_razavi,2025-12-03,0,0,0
3109,kodkan,khorasan_razavi,2025-12-04,0,0,0
3109,kodkan,khorasan_razavi,2025-12-05,0,0,0
3109,kodkan,khorasan_razavi,2025-12-06,0,0,0
3109,kodkan,khorasan_razavi,2025-12-07,0,0,0
3109,kodkan,khorasan_razavi,2025-12-08,0,0,0
3109,kodkan,khorasan_razavi,2025-12-09,0,0,0
3109,kodkan,khorasan_razavi,2025-12-10,0,0,0
3109,kodkan,khorasan_razavi,2025-12-11,0,0,0
3109,kodkan,khorasan_razavi,2025-12-12,0,0,0
3109,kodkan,khorasan_razavi,2025-12-13,0,0,0
3109,kodkan,khorasan_razavi,2025-12-14,0,0,0
3109,kodkan,khorasan_razavi,2025-12-15,0,0,0
3109,kodkan,khorasan_razavi,2025-12-16,0,0,0
3109,kodkan,khorasan_razavi,2025-12-17,0,0,0
3109,kodkan,khorasan_razavi,2025-12-18,0,0,0
3109,kodkan,khorasan_razavi,2025-12-19,0,0,0
3109,kodkan,khorasan_razavi,2025-12-20,0,0,0
3109,kodkan,khorasan_razavi,2025-12-21,0,0,0
3578,kohikheyl,mazandaran,2025-11-22,0,0,0
3578,kohikheyl,mazandaran,2025-11-23,0,0,0
3578,kohikheyl,mazandaran,2025-11-24,0,0,0
3578,kohikheyl,mazandaran,2025-11-25,0,0,0
3578,kohikheyl,mazandaran,2025-11-26,0,0,0
3578,kohikheyl,mazandaran,2025-11-27,0,0,0
3578,kohikheyl,mazandaran,2025-11-28,0,0,0
3578,kohikheyl,mazandaran,2025-11-29,0,0,0
3578,kohikheyl,mazandaran,2025-11-30,0,0,0
3578,kohikheyl,mazandaran,2025-12-01,0,0,0
3578,kohikheyl,mazandaran,2025-12-02,0,0,0
3578,kohikheyl,mazandaran,2025-12-03,0,0,0
3578,kohikheyl,mazandaran,2025-12-04,0,0,0
3578,kohikheyl,mazandaran,2025-12-05,0,0,0
3578,kohikheyl,mazandaran,2025-12-06,0,0,0
3578,kohikheyl,mazandaran,2025-12-07,0,0,0
3578,kohikheyl,mazandaran,2025-12-08,0,0,0
3578,kohikheyl,mazandaran,2025-12-09,0,0,0
3578,kohikheyl,mazandaran,2025-12-10,0,0,0
3578,kohikheyl,mazandaran,2025-12-11,0,0,0
3578,kohikheyl,mazandaran,2025-12-12,0,0,0
3578,kohikheyl,mazandaran,2025-12-13,0,0,0
3578,kohikheyl,mazandaran,2025-12-14,0,0,0
3578,kohikheyl,mazandaran,2025-12-15,0,0,0
3578,kohikheyl,mazandaran,2025-12-16,0,0,0
3578,kohikheyl,mazandaran,2025-12-17,0,0,0
3578,kohikheyl,mazandaran,2025-12-18,0,0,0
3578,kohikheyl,mazandaran,2025-12-19,0,0,0
3578,kohikheyl,mazandaran,2025-12-20,0,0,0
3578,kohikheyl,mazandaran,2025-12-21,0,0,0
4684,komeshcheh,isfahan,2025-11-22,0,0,0
4684,komeshcheh,isfahan,2025-11-23,0,0,0
4684,komeshcheh,isfahan,2025-11-24,0,0,0
4684,komeshcheh,isfahan,2025-11-25,0,0,0
4684,komeshcheh,isfahan,2025-11-26,0,0,0
4684,komeshcheh,isfahan,2025-11-27,0,0,0
4684,komeshcheh,isfahan,2025-11-28,0,0,0
4684,komeshcheh,isfahan,2025-11-29,0,0,0
4684,komeshcheh,isfahan,2025-11-30,0,0,0
4684,komeshcheh,isfahan,2025-12-01,0,0,0
4684,komeshcheh,isfahan,2025-12-02,0,0,0
4684,komeshcheh,isfahan,2025-12-03,0,0,0
4684,komeshcheh,isfahan,2025-12-04,0,0,0
4684,komeshcheh,isfahan,2025-12-05,0,0,0
4684,komeshcheh,isfahan,2025-12-06,0,0,0
4684,komeshcheh,isfahan,2025-12-07,0,0,0
4684,komeshcheh,isfahan,2025-12-08,0,0,0
4684,komeshcheh,isfahan,2025-12-09,0,0,0
4684,komeshcheh,isfahan,2025-12-10,0,0,0
4684,komeshcheh,isfahan,2025-12-11,0,0,0
4684,komeshcheh,isfahan,2025-12-12,0,0,0
4684,komeshcheh,isfahan,2025-12-13,0,0,0
4684,komeshcheh,isfahan,2025-12-14,0,0,0
4684,komeshcheh,isfahan,2025-12-15,0,0,0
4684,komeshcheh,isfahan,2025-12-16,0,0,0
4684,komeshcheh,isfahan,2025-12-17,0,0,0
4684,komeshcheh,isfahan,2025-12-18,0,0,0
4684,komeshcheh,isfahan,2025-12-19,0,0,0
4684,komeshcheh,isfahan,2025-12-20,0,0,0
4684,komeshcheh,isfahan,2025-12-21,0,0,0
9767,kong,hormozgan,2025-11-22,0,0,0
9767,kong,hormozgan,2025-11-23,0,0,0
9767,kong,hormozgan,2025-11-24,0,0,0
9767,kong,hormozgan,2025-11-25,0,0,0
9767,kong,hormozgan,2025-11-26,0,0,0
9767,kong,hormozgan,2025-11-27,0,0,0
9767,kong,hormozgan,2025-11-28,0,0,0
9767,kong,hormozgan,2025-11-29,0,0,0
9767,kong,hormozgan,2025-11-30,0,0,0
9767,kong,hormozgan,2025-12-01,0,0,0
9767,kong,hormozgan,2025-12-02,0,0,0
9767,kong,hormozgan,2025-12-03,0,0,0
9767,kong,hormozgan,2025-12-04,0,0,0
9767,kong,hormozgan,2025-12-05,0,0,0
9767,kong,hormozgan,2025-12-06,0,0,0
9767,kong,hormozgan,2025-12-07,0,0,0
9767,kong,hormozgan,2025-12-08,0,0,0
9767,kong,hormozgan,2025-12-09,0,0,0
9767,kong,hormozgan,2025-12-10,0,0,0
9767,kong,hormozgan,2025-12-11,0,0,0
9767,kong,hormozgan,2025-12-12,0,0,0
9767,kong,hormozgan,2025-12-13,0,0,0
9767,kong,hormozgan,2025-12-14,0,0,0
9767,kong,hormozgan,2025-12-15,0,0,0
9767,kong,hormozgan,2025-12-16,0,0,0
9767,kong,hormozgan,2025-12-17,0,0,0
9767,kong,hormozgan,2025-12-18,0,0,0
9767,kong,hormozgan,2025-12-19,0,0,0
9767,kong,hormozgan,2025-12-20,0,0,0
9767,kong,hormozgan,2025-12-21,0,0,0
6733,koochesfehan,gilan,2025-11-22,86,99,13
6733,koochesfehan,gilan,2025-11-23,63,85,22
6733,koochesfehan,gilan,2025-11-24,61,94,33
6733,koochesfehan,gilan,2025-11-25,50,91,41
6733,koochesfehan,gilan,2025-11-26,49,127,78
6733,koochesfehan,gilan,2025-11-27,41,141,100
6733,koochesfehan,gilan,2025-11-28,22,66,44
6733,koochesfehan,gilan,2025-11-29,26,61,35
6733,koochesfehan,gilan,2025-11-30,23,58,35
6733,koochesfehan,gilan,2025-12-01,27,62,35
6733,koochesfehan,gilan,2025-12-02,18,62,44
6733,koochesfehan,gilan,2025-12-03,15,105,90
6733,koochesfehan,gilan,2025-12-04,18,201,183
6733,koochesfehan,gilan,2025-12-05,14,69,55
6733,koochesfehan,gilan,2025-12-06,5,58,53
6733,koochesfehan,gilan,2025-12-07,3,53,50
6733,koochesfehan,gilan,2025-12-08,6,50,44
6733,koochesfehan,gilan,2025-12-09,6,55,49
6733,koochesfehan,gilan,2025-12-10,6,77,71
6733,koochesfehan,gilan,2025-12-11,5,149,144
6733,koochesfehan,gilan,2025-12-12,5,57,52
6733,koochesfehan,gilan,2025-12-13,5,46,41
6733,koochesfehan,gilan,2025-12-14,5,50,45
6733,koochesfehan,gilan,2025-12-15,10,56,46
6733,koochesfehan,gilan,2025-12-16,9,66,57
6733,koochesfehan,gilan,2025-12-17,9,89,80
6733,koochesfehan,gilan,2025-12-18,7,137,130
6733,koochesfehan,gilan,2025-12-19,3,64,61
6733,koochesfehan,gilan,2025-12-20,3,46,43
6733,koochesfehan,gilan,2025-12-21,0,34,34
3832,koohpayeh,isfahan,2025-11-22,2,2,0
3832,koohpayeh,isfahan,2025-11-23,2,2,0
3832,koohpayeh,isfahan,2025-11-24,1,1,0
3832,koohpayeh,isfahan,2025-11-25,0,1,1
3832,koohpayeh,isfahan,2025-11-26,0,1,1
3832,koohpayeh,isfahan,2025-11-27,1,3,2
3832,koohpayeh,isfahan,2025-11-28,1,2,1
3832,koohpayeh,isfahan,2025-11-29,0,1,1
3832,koohpayeh,isfahan,2025-11-30,0,1,1
3832,koohpayeh,isfahan,2025-12-01,0,1,1
3832,koohpayeh,isfahan,2025-12-02,0,1,1
3832,koohpayeh,isfahan,2025-12-03,0,2,2
3832,koohpayeh,isfahan,2025-12-04,0,4,4
3832,koohpayeh,isfahan,2025-12-05,0,2,2
3832,koohpayeh,isfahan,2025-12-06,0,2,2
3832,koohpayeh,isfahan,2025-12-07,0,2,2
3832,koohpayeh,isfahan,2025-12-08,0,2,2
3832,koohpayeh,isfahan,2025-12-09,0,2,2
3832,koohpayeh,isfahan,2025-12-10,0,2,2
3832,koohpayeh,isfahan,2025-12-11,0,4,4
3832,koohpayeh,isfahan,2025-12-12,0,2,2
3832,koohpayeh,isfahan,2025-12-13,0,2,2
3832,koohpayeh,isfahan,2025-12-14,0,2,2
3832,koohpayeh,isfahan,2025-12-15,0,3,3
3832,koohpayeh,isfahan,2025-12-16,0,3,3
3832,koohpayeh,isfahan,2025-12-17,0,3,3
3832,koohpayeh,isfahan,2025-12-18,0,4,4
3832,koohpayeh,isfahan,2025-12-19,0,3,3
3832,koohpayeh,isfahan,2025-12-20,0,3,3
3832,koohpayeh,isfahan,2025-12-21,0,2,2
5262,koohsar,alborz,2025-11-22,29,37,8
5262,koohsar,alborz,2025-11-23,20,36,16
5262,koohsar,alborz,2025-11-24,24,42,18
5262,koohsar,alborz,2025-11-25,8,29,21
5262,koohsar,alborz,2025-11-26,13,43,30
5262,koohsar,alborz,2025-11-27,40,139,99
5262,koohsar,alborz,2025-11-28,0,31,31
5262,koohsar,alborz,2025-11-29,0,26,26
5262,koohsar,alborz,2025-11-30,1,31,30
5262,koohsar,alborz,2025-12-01,3,38,35
5262,koohsar,alborz,2025-12-02,6,37,31
5262,koohsar,alborz,2025-12-03,29,75,46
5262,koohsar,alborz,2025-12-04,10,146,136
5262,koohsar,alborz,2025-12-05,3,52,49
5262,koohsar,alborz,2025-12-06,8,43,35
5262,koohsar,alborz,2025-12-07,0,37,37
5262,koohsar,alborz,2025-12-08,0,36,36
5262,koohsar,alborz,2025-12-09,6,42,36
5262,koohsar,alborz,2025-12-10,6,58,52
5262,koohsar,alborz,2025-12-11,12,179,167
5262,koohsar,alborz,2025-12-12,4,60,56
5262,koohsar,alborz,2025-12-13,4,43,39
5262,koohsar,alborz,2025-12-14,1,35,34
5262,koohsar,alborz,2025-12-15,1,40,39
5262,koohsar,alborz,2025-12-16,1,43,42
5262,koohsar,alborz,2025-12-17,1,57,56
5262,koohsar,alborz,2025-12-18,4,155,151
5262,koohsar,alborz,2025-12-19,7,70,63
5262,koohsar,alborz,2025-12-20,9,50,41
5262,koohsar,alborz,2025-12-21,7,39,32
3870,koomleh,gilan,2025-11-22,7,7,0
3870,koomleh,gilan,2025-11-23,2,3,1
3870,koomleh,gilan,2025-11-24,8,10,2
3870,koomleh,gilan,2025-11-25,8,11,3
3870,koomleh,gilan,2025-11-26,10,15,5
3870,koomleh,gilan,2025-11-27,9,14,5
3870,koomleh,gilan,2025-11-28,2,4,2
3870,koomleh,gilan,2025-11-29,1,3,2
3870,koomleh,gilan,2025-11-30,0,2,2
3870,koomleh,gilan,2025-12-01,0,2,2
3870,koomleh,gilan,2025-12-02,0,3,3
3870,koomleh,gilan,2025-12-03,1,7,6
3870,koomleh,gilan,2025-12-04,1,13,12
3870,koomleh,gilan,2025-12-05,0,3,3
3870,koomleh,gilan,2025-12-06,3,7,4
3870,koomleh,gilan,2025-12-07,2,5,3
3870,koomleh,gilan,2025-12-08,0,3,3
3870,koomleh,gilan,2025-12-09,0,4,4
3870,koomleh,gilan,2025-12-10,2,6,4
3870,koomleh,gilan,2025-12-11,5,14,9
3870,koomleh,gilan,2025-12-12,0,3,3
3870,koomleh,gilan,2025-12-13,0,3,3
3870,koomleh,gilan,2025-12-14,0,3,3
3870,koomleh,gilan,2025-12-15,0,3,3
3870,koomleh,gilan,2025-12-16,0,4,4
3870,koomleh,gilan,2025-12-17,0,5,5
3870,koomleh,gilan,2025-12-18,0,6,6
3870,koomleh,gilan,2025-12-19,0,4,4
3870,koomleh,gilan,2025-12-20,0,3,3
3870,koomleh,gilan,2025-12-21,0,2,2
1629,kooshk,isfahan,2025-11-22,0,0,0
1629,kooshk,isfahan,2025-11-23,0,0,0
1629,kooshk,isfahan,2025-11-24,0,0,0
1629,kooshk,isfahan,2025-11-25,0,0,0
1629,kooshk,isfahan,2025-11-26,0,0,0
1629,kooshk,isfahan,2025-11-27,0,0,0
1629,kooshk,isfahan,2025-11-28,0,0,0
1629,kooshk,isfahan,2025-11-29,0,0,0
1629,kooshk,isfahan,2025-11-30,0,0,0
1629,kooshk,isfahan,2025-12-01,0,0,0
1629,kooshk,isfahan,2025-12-02,0,0,0
1629,kooshk,isfahan,2025-12-03,0,0,0
1629,kooshk,isfahan,2025-12-04,0,0,0
1629,kooshk,isfahan,2025-12-05,0,0,0
1629,kooshk,isfahan,2025-12-06,0,0,0
1629,kooshk,isfahan,2025-12-07,0,0,0
1629,kooshk,isfahan,2025-12-08,0,0,0
1629,kooshk,isfahan,2025-12-09,0,0,0
1629,kooshk,isfahan,2025-12-10,0,0,0
1629,kooshk,isfahan,2025-12-11,0,0,0
1629,kooshk,isfahan,2025-12-12,0,0,0
1629,kooshk,isfahan,2025-12-13,0,0,0
1629,kooshk,isfahan,2025-12-14,0,0,0
1629,kooshk,isfahan,2025-12-15,0,0,0
1629,kooshk,isfahan,2025-12-16,0,0,0
1629,kooshk,isfahan,2025-12-17,0,0,0
1629,kooshk,isfahan,2025-12-18,0,0,0
1629,kooshk,isfahan,2025-12-19,0,0,0
1629,kooshk,isfahan,2025-12-20,0,0,0
1629,kooshk,isfahan,2025-12-21,0,0,0
9547,kordan,alborz,2025-11-22,6418,7667,1249
9547,kordan,alborz,2025-11-23,8302,12032,3730
9547,kordan,alborz,2025-11-24,5361,9335,3974
9547,kordan,alborz,2025-11-25,3364,6922,3558
9547,kordan,alborz,2025-11-26,3871,9657,5786
9547,kordan,alborz,2025-11-27,10718,32622,21904
9547,kordan,alborz,2025-11-28,3314,11348,8034
9547,kordan,alborz,2025-11-29,1645,5759,4114
9547,kordan,alborz,2025-11-30,1616,6305,4689
9547,kordan,alborz,2025-12-01,1363,5707,4344
9547,kordan,alborz,2025-12-02,1463,6726,5263
9547,kordan,alborz,2025-12-03,1900,9896,7996
9547,kordan,alborz,2025-12-04,5808,38035,32227
9547,kordan,alborz,2025-12-05,1755,13376,11621
9547,kordan,alborz,2025-12-06,842,6556,5714
9547,kordan,alborz,2025-12-07,637,5834,5197
9547,kordan,alborz,2025-12-08,766,5976,5210
9547,kordan,alborz,2025-12-09,783,7123,6340
9547,kordan,alborz,2025-12-10,1249,11451,10202
9547,kordan,alborz,2025-12-11,3638,37511,33873
9547,kordan,alborz,2025-12-12,1350,13735,12385
9547,kordan,alborz,2025-12-13,650,6976,6326
9547,kordan,alborz,2025-12-14,480,6494,6014
9547,kordan,alborz,2025-12-15,480,7453,6973
9547,kordan,alborz,2025-12-16,537,7597,7060
9547,kordan,alborz,2025-12-17,839,12352,11513
9547,kordan,alborz,2025-12-18,2771,33534,30763
9547,kordan,alborz,2025-12-19,796,12962,12166
9547,kordan,alborz,2025-12-20,545,7930,7385
9547,kordan,alborz,2025-12-21,593,8763,8170
7256,kushkenar,hormozgan,2025-11-22,0,0,0
7256,kushkenar,hormozgan,2025-11-23,0,0,0
7256,kushkenar,hormozgan,2025-11-24,0,0,0
7256,kushkenar,hormozgan,2025-11-25,0,0,0
7256,kushkenar,hormozgan,2025-11-26,0,0,0
7256,kushkenar,hormozgan,2025-11-27,0,0,0
7256,kushkenar,hormozgan,2025-11-28,0,0,0
7256,kushkenar,hormozgan,2025-11-29,0,0,0
7256,kushkenar,hormozgan,2025-11-30,0,0,0
7256,kushkenar,hormozgan,2025-12-01,0,0,0
7256,kushkenar,hormozgan,2025-12-02,0,0,0
7256,kushkenar,hormozgan,2025-12-03,0,0,0
7256,kushkenar,hormozgan,2025-12-04,0,0,0
7256,kushkenar,hormozgan,2025-12-05,0,0,0
7256,kushkenar,hormozgan,2025-12-06,0,0,0
7256,kushkenar,hormozgan,2025-12-07,0,0,0
7256,kushkenar,hormozgan,2025-12-08,0,0,0
7256,kushkenar,hormozgan,2025-12-09,0,0,0
7256,kushkenar,hormozgan,2025-12-10,0,0,0
7256,kushkenar,hormozgan,2025-12-11,0,0,0
7256,kushkenar,hormozgan,2025-12-12,0,0,0
7256,kushkenar,hormozgan,2025-12-13,0,0,0
7256,kushkenar,hormozgan,2025-12-14,0,0,0
7256,kushkenar,hormozgan,2025-12-15,0,0,0
7256,kushkenar,hormozgan,2025-12-16,0,0,0
7256,kushkenar,hormozgan,2025-12-17,0,0,0
7256,kushkenar,hormozgan,2025-12-18,0,0,0
7256,kushkenar,hormozgan,2025-12-19,0,0,0
7256,kushkenar,hormozgan,2025-12-20,0,0,0
7256,kushkenar,hormozgan,2025-12-21,0,0,0
2778,lahijan,gilan,2025-11-22,3448,3988,540
2778,lahijan,gilan,2025-11-23,2507,3375,868
2778,lahijan,gilan,2025-11-24,2199,3357,1158
2778,lahijan,gilan,2025-11-25,2145,3672,1527
2778,lahijan,gilan,2025-11-26,2401,5078,2677
2778,lahijan,gilan,2025-11-27,2022,4960,2938
2778,lahijan,gilan,2025-11-28,758,2079,1321
2778,lahijan,gilan,2025-11-29,830,2134,1304
2778,lahijan,gilan,2025-11-30,747,2226,1479
2778,lahijan,gilan,2025-12-01,672,2102,1430
2778,lahijan,gilan,2025-12-02,677,2351,1674
2778,lahijan,gilan,2025-12-03,698,3335,2637
2778,lahijan,gilan,2025-12-04,802,5472,4670
2778,lahijan,gilan,2025-12-05,426,2498,2072
2778,lahijan,gilan,2025-12-06,382,1941,1559
2778,lahijan,gilan,2025-12-07,380,1937,1557
2778,lahijan,gilan,2025-12-08,379,1949,1570
2778,lahijan,gilan,2025-12-09,340,2024,1684
2778,lahijan,gilan,2025-12-10,395,3215,2820
2778,lahijan,gilan,2025-12-11,414,5345,4931
2778,lahijan,gilan,2025-12-12,259,2213,1954
2778,lahijan,gilan,2025-12-13,194,1667,1473
2778,lahijan,gilan,2025-12-14,134,1426,1292
2778,lahijan,gilan,2025-12-15,147,1659,1512
2778,lahijan,gilan,2025-12-16,187,2099,1912
2778,lahijan,gilan,2025-12-17,217,3150,2933
2778,lahijan,gilan,2025-12-18,277,4047,3770
2778,lahijan,gilan,2025-12-19,172,2115,1943
2778,lahijan,gilan,2025-12-20,134,1465,1331
2778,lahijan,gilan,2025-12-21,72,1078,1006
2587,langarud,gilan,2025-11-22,439,503,64
2587,langarud,gilan,2025-11-23,318,422,104
2587,langarud,gilan,2025-11-24,211,341,130
2587,langarud,gilan,2025-11-25,162,319,157
2587,langarud,gilan,2025-11-26,174,456,282
2587,langarud,gilan,2025-11-27,179,531,352
2587,langarud,gilan,2025-11-28,48,191,143
2587,langarud,gilan,2025-11-29,56,190,134
2587,langarud,gilan,2025-11-30,49,202,153
2587,langarud,gilan,2025-12-01,68,222,154
2587,langarud,gilan,2025-12-02,78,265,187
2587,langarud,gilan,2025-12-03,74,352,278
2587,langarud,gilan,2025-12-04,129,784,655
2587,langarud,gilan,2025-12-05,69,295,226
2587,langarud,gilan,2025-12-06,55,250,195
2587,langarud,gilan,2025-12-07,46,212,166
2587,langarud,gilan,2025-12-08,40,207,167
2587,langarud,gilan,2025-12-09,34,254,220
2587,langarud,gilan,2025-12-10,37,296,259
2587,langarud,gilan,2025-12-11,45,668,623
2587,langarud,gilan,2025-12-12,30,266,236
2587,langarud,gilan,2025-12-13,16,203,187
2587,langarud,gilan,2025-12-14,23,204,181
2587,langarud,gilan,2025-12-15,26,213,187
2587,langarud,gilan,2025-12-16,20,265,245
2587,langarud,gilan,2025-12-17,34,327,293
2587,langarud,gilan,2025-12-18,39,472,433
2587,langarud,gilan,2025-12-19,17,289,272
2587,langarud,gilan,2025-12-20,5,180,175
2587,langarud,gilan,2025-12-21,4,134,130
5270,larijan,gilan,2025-11-22,19,21,2
5270,larijan,gilan,2025-11-23,24,29,5
5270,larijan,gilan,2025-11-24,10,15,5
5270,larijan,gilan,2025-11-25,11,18,7
5270,larijan,gilan,2025-11-26,11,25,14
5270,larijan,gilan,2025-11-27,25,59,34
5270,larijan,gilan,2025-11-28,3,9,6
5270,larijan,gilan,2025-11-29,3,9,6
5270,larijan,gilan,2025-11-30,4,12,8
5270,larijan,gilan,2025-12-01,4,12,8
5270,larijan,gilan,2025-12-02,4,14,10
5270,larijan,gilan,2025-12-03,2,15,13
5270,larijan,gilan,2025-12-04,8,47,39
5270,larijan,gilan,2025-12-05,1,11,10
5270,larijan,gilan,2025-12-06,1,6,5
5270,larijan,gilan,2025-12-07,1,6,5
5270,larijan,gilan,2025-12-08,0,0,0
5270,larijan,gilan,2025-12-09,0,0,0
5270,larijan,gilan,2025-12-10,1,10,9
5270,larijan,gilan,2025-12-11,2,35,33
5270,larijan,gilan,2025-12-12,0,0,0
5270,larijan,gilan,2025-12-13,0,0,0
5270,larijan,gilan,2025-12-14,0,0,0
5270,larijan,gilan,2025-12-15,0,0,0
5270,larijan,gilan,2025-12-16,0,0,0
5270,larijan,gilan,2025-12-17,0,0,0
5270,larijan,gilan,2025-12-18,1,29,28
5270,larijan,gilan,2025-12-19,2,15,13
5270,larijan,gilan,2025-12-20,1,10,9
5270,larijan,gilan,2025-12-21,1,10,9
4192,lashtnesha,gilan,2025-11-22,11,13,2
4192,lashtnesha,gilan,2025-11-23,16,21,5
4192,lashtnesha,gilan,2025-11-24,15,21,6
4192,lashtnesha,gilan,2025-11-25,31,41,10
4192,lashtnesha,gilan,2025-11-26,39,60,21
4192,lashtnesha,gilan,2025-11-27,32,60,28
4192,lashtnesha,gilan,2025-11-28,1,8,7
4192,lashtnesha,gilan,2025-11-29,1,7,6
4192,lashtnesha,gilan,2025-11-30,2,9,7
4192,lashtnesha,gilan,2025-12-01,3,10,7
4192,lashtnesha,gilan,2025-12-02,2,10,8
4192,lashtnesha,gilan,2025-12-03,7,27,20
4192,lashtnesha,gilan,2025-12-04,15,58,43
4192,lashtnesha,gilan,2025-12-05,10,24,14
4192,lashtnesha,gilan,2025-12-06,1,12,11
4192,lashtnesha,gilan,2025-12-07,1,9,8
4192,lashtnesha,gilan,2025-12-08,2,12,10
4192,lashtnesha,gilan,2025-12-09,1,12,11
4192,lashtnesha,gilan,2025-12-10,2,20,18
4192,lashtnesha,gilan,2025-12-11,1,36,35
4192,lashtnesha,gilan,2025-12-12,0,9,9
4192,lashtnesha,gilan,2025-12-13,0,8,8
4192,lashtnesha,gilan,2025-12-14,2,10,8
4192,lashtnesha,gilan,2025-12-15,0,9,9
4192,lashtnesha,gilan,2025-12-16,3,17,14
4192,lashtnesha,gilan,2025-12-17,3,21,18
4192,lashtnesha,gilan,2025-12-18,1,29,28
4192,lashtnesha,gilan,2025-12-19,0,11,11
4192,lashtnesha,gilan,2025-12-20,0,8,8
4192,lashtnesha,gilan,2025-12-21,0,6,6
2728,lavan,hormozgan,2025-11-22,203,208,5
2728,lavan,hormozgan,2025-11-23,166,176,10
2728,lavan,hormozgan,2025-11-24,173,198,25
2728,lavan,hormozgan,2025-11-25,167,196,29
2728,lavan,hormozgan,2025-11-26,169,210,41
2728,lavan,hormozgan,2025-11-27,134,172,38
2728,lavan,hormozgan,2025-11-28,52,69,17
2728,lavan,hormozgan,2025-11-29,81,109,28
2728,lavan,hormozgan,2025-11-30,70,101,31
2728,lavan,hormozgan,2025-12-01,68,104,36
2728,lavan,hormozgan,2025-12-02,67,123,56
2728,lavan,hormozgan,2025-12-03,54,98,44
2728,lavan,hormozgan,2025-12-04,36,81,45
2728,lavan,hormozgan,2025-12-05,18,43,25
2728,lavan,hormozgan,2025-12-06,31,110,79
2728,lavan,hormozgan,2025-12-07,33,113,80
2728,lavan,hormozgan,2025-12-08,45,143,98
2728,lavan,hormozgan,2025-12-09,48,153,105
2728,lavan,hormozgan,2025-12-10,40,139,99
2728,lavan,hormozgan,2025-12-11,23,107,84
2728,lavan,hormozgan,2025-12-12,20,85,65
2728,lavan,hormozgan,2025-12-13,24,95,71
2728,lavan,hormozgan,2025-12-14,20,85,65
2728,lavan,hormozgan,2025-12-15,23,103,80
2728,lavan,hormozgan,2025-12-16,33,145,112
2728,lavan,hormozgan,2025-12-17,34,152,118
2728,lavan,hormozgan,2025-12-18,38,172,134
2728,lavan,hormozgan,2025-12-19,35,150,115
2728,lavan,hormozgan,2025-12-20,21,106,85
2728,lavan,hormozgan,2025-12-21,4,27,23
1960,lavandevil,gilan,2025-11-22,5,6,1
1960,lavandevil,gilan,2025-11-23,9,12,3
1960,lavandevil,gilan,2025-11-24,4,7,3
1960,lavandevil,gilan,2025-11-25,4,8,4
1960,lavandevil,gilan,2025-11-26,5,13,8
1960,lavandevil,gilan,2025-11-27,10,22,12
1960,lavandevil,gilan,2025-11-28,3,5,2
1960,lavandevil,gilan,2025-11-29,5,7,2
1960,lavandevil,gilan,2025-11-30,5,8,3
1960,lavandevil,gilan,2025-12-01,4,7,3
1960,lavandevil,gilan,2025-12-02,4,8,4
1960,lavandevil,gilan,2025-12-03,4,11,7
1960,lavandevil,gilan,2025-12-04,3,20,17
1960,lavandevil,gilan,2025-12-05,3,8,5
1960,lavandevil,gilan,2025-12-06,3,8,5
1960,lavandevil,gilan,2025-12-07,3,7,4
1960,lavandevil,gilan,2025-12-08,3,7,4
1960,lavandevil,gilan,2025-12-09,3,7,4
1960,lavandevil,gilan,2025-12-10,3,10,7
1960,lavandevil,gilan,2025-12-11,3,17,14
1960,lavandevil,gilan,2025-12-12,3,7,4
1960,lavandevil,gilan,2025-12-13,3,7,4
1960,lavandevil,gilan,2025-12-14,3,7,4
1960,lavandevil,gilan,2025-12-15,3,7,4
1960,lavandevil,gilan,2025-12-16,3,8,5
1960,lavandevil,gilan,2025-12-17,8,15,7
1960,lavandevil,gilan,2025-12-18,6,16,10
1960,lavandevil,gilan,2025-12-19,3,8,5
1960,lavandevil,gilan,2025-12-20,3,7,4
1960,lavandevil,gilan,2025-12-21,3,6,3
8856,lavasan,tehran,2025-11-22,531,623,92
8856,lavasan,tehran,2025-11-23,614,854,240
8856,lavasan,tehran,2025-11-24,370,586,216
8856,lavasan,tehran,2025-11-25,247,477,230
8856,lavasan,tehran,2025-11-26,325,756,431
8856,lavasan,tehran,2025-11-27,759,2141,1382
8856,lavasan,tehran,2025-11-28,197,719,522
8856,lavasan,tehran,2025-11-29,171,485,314
8856,lavasan,tehran,2025-11-30,100,434,334
8856,lavasan,tehran,2025-12-01,153,557,404
8856,lavasan,tehran,2025-12-02,142,602,460
8856,lavasan,tehran,2025-12-03,133,739,606
8856,lavasan,tehran,2025-12-04,325,2390,2065
8856,lavasan,tehran,2025-12-05,135,937,802
8856,lavasan,tehran,2025-12-06,97,602,505
8856,lavasan,tehran,2025-12-07,87,597,510
8856,lavasan,tehran,2025-12-08,110,655,545
8856,lavasan,tehran,2025-12-09,93,677,584
8856,lavasan,tehran,2025-12-10,130,949,819
8856,lavasan,tehran,2025-12-11,259,3296,3037
8856,lavasan,tehran,2025-12-12,98,970,872
8856,lavasan,tehran,2025-12-13,49,606,557
8856,lavasan,tehran,2025-12-14,51,627,576
8856,lavasan,tehran,2025-12-15,65,743,678
8856,lavasan,tehran,2025-12-16,76,863,787
8856,lavasan,tehran,2025-12-17,120,1204,1084
8856,lavasan,tehran,2025-12-18,159,2300,2141
8856,lavasan,tehran,2025-12-19,83,1175,1092
8856,lavasan,tehran,2025-12-20,67,677,610
8856,lavasan,tehran,2025-12-21,71,629,558
2852,lisar,gilan,2025-11-22,26,28,2
2852,lisar,gilan,2025-11-23,19,23,4
2852,lisar,gilan,2025-11-24,17,22,5
2852,lisar,gilan,2025-11-25,11,18,7
2852,lisar,gilan,2025-11-26,3,14,11
2852,lisar,gilan,2025-11-27,9,24,15
2852,lisar,gilan,2025-11-28,3,7,4
2852,lisar,gilan,2025-11-29,19,23,4
2852,lisar,gilan,2025-11-30,13,17,4
2852,lisar,gilan,2025-12-01,13,18,5
2852,lisar,gilan,2025-12-02,1,6,5
2852,lisar,gilan,2025-12-03,1,10,9
2852,lisar,gilan,2025-12-04,1,23,22
2852,lisar,gilan,2025-12-05,1,7,6
2852,lisar,gilan,2025-12-06,1,9,8
2852,lisar,gilan,2025-12-07,1,8,7
2852,lisar,gilan,2025-12-08,1,7,6
2852,lisar,gilan,2025-12-09,1,8,7
2852,lisar,gilan,2025-12-10,5,15,10
2852,lisar,gilan,2025-12-11,5,26,21
2852,lisar,gilan,2025-12-12,1,7,6
2852,lisar,gilan,2025-12-13,1,7,6
2852,lisar,gilan,2025-12-14,1,7,6
2852,lisar,gilan,2025-12-15,1,9,8
2852,lisar,gilan,2025-12-16,1,11,10
2852,lisar,gilan,2025-12-17,5,16,11
2852,lisar,gilan,2025-12-18,5,21,16
2852,lisar,gilan,2025-12-19,1,10,9
2852,lisar,gilan,2025-12-20,1,8,7
2852,lisar,gilan,2025-12-21,0,4,4
8122,looleman,gilan,2025-11-22,5,5,0
8122,looleman,gilan,2025-11-23,6,7,1
8122,looleman,gilan,2025-11-24,5,7,2
8122,looleman,gilan,2025-11-25,4,7,3
8122,looleman,gilan,2025-11-26,0,5,5
8122,looleman,gilan,2025-11-27,0,5,5
8122,looleman,gilan,2025-11-28,0,1,1
8122,looleman,gilan,2025-11-29,0,1,1
8122,looleman,gilan,2025-11-30,0,2,2
8122,looleman,gilan,2025-12-01,1,3,2
8122,looleman,gilan,2025-12-02,1,4,3
8122,looleman,gilan,2025-12-03,0,5,5
8122,looleman,gilan,2025-12-04,0,9,9
8122,looleman,gilan,2025-12-05,0,2,2
8122,looleman,gilan,2025-12-06,0,3,3
8122,looleman,gilan,2025-12-07,0,3,3
8122,looleman,gilan,2025-12-08,0,2,2
8122,looleman,gilan,2025-12-09,0,3,3
8122,looleman,gilan,2025-12-10,0,4,4
8122,looleman,gilan,2025-12-11,0,7,7
8122,looleman,gilan,2025-12-12,0,2,2
8122,looleman,gilan,2025-12-13,0,2,2
8122,looleman,gilan,2025-12-14,0,2,2
8122,looleman,gilan,2025-12-15,2,6,4
8122,looleman,gilan,2025-12-16,0,3,3
8122,looleman,gilan,2025-12-17,0,4,4
8122,looleman,gilan,2025-12-18,0,6,6
8122,looleman,gilan,2025-12-19,0,3,3
8122,looleman,gilan,2025-12-20,0,3,3
8122,looleman,gilan,2025-12-21,0,2,2
3127,loshan,gilan,2025-11-22,0,0,0
3127,loshan,gilan,2025-11-23,0,0,0
3127,loshan,gilan,2025-11-24,0,0,0
3127,loshan,gilan,2025-11-25,0,0,0
3127,loshan,gilan,2025-11-26,0,0,0
3127,loshan,gilan,2025-11-27,0,0,0
3127,loshan,gilan,2025-11-28,0,0,0
3127,loshan,gilan,2025-11-29,0,0,0
3127,loshan,gilan,2025-11-30,0,0,0
3127,loshan,gilan,2025-12-01,0,0,0
3127,loshan,gilan,2025-12-02,0,0,0
3127,loshan,gilan,2025-12-03,0,0,0
3127,loshan,gilan,2025-12-04,0,0,0
3127,loshan,gilan,2025-12-05,0,0,0
3127,loshan,gilan,2025-12-06,0,0,0
3127,loshan,gilan,2025-12-07,0,0,0
3127,loshan,gilan,2025-12-08,0,0,0
3127,loshan,gilan,2025-12-09,0,0,0
3127,loshan,gilan,2025-12-10,0,0,0
3127,loshan,gilan,2025-12-11,0,0,0
3127,loshan,gilan,2025-12-12,0,0,0
3127,loshan,gilan,2025-12-13,0,0,0
3127,loshan,gilan,2025-12-14,0,0,0
3127,loshan,gilan,2025-12-15,0,0,0
3127,loshan,gilan,2025-12-16,0,0,0
3127,loshan,gilan,2025-12-17,0,0,0
3127,loshan,gilan,2025-12-18,0,0,0
3127,loshan,gilan,2025-12-19,0,0,0
3127,loshan,gilan,2025-12-20,0,0,0
3127,loshan,gilan,2025-12-21,0,0,0
1460,mahabad_esf,isfahan,2025-11-22,0,0,0
1460,mahabad_esf,isfahan,2025-11-23,0,0,0
1460,mahabad_esf,isfahan,2025-11-24,0,1,1
1460,mahabad_esf,isfahan,2025-11-25,0,1,1
1460,mahabad_esf,isfahan,2025-11-26,0,2,2
1460,mahabad_esf,isfahan,2025-11-27,0,1,1
1460,mahabad_esf,isfahan,2025-11-28,0,2,2
1460,mahabad_esf,isfahan,2025-11-29,0,2,2
1460,mahabad_esf,isfahan,2025-11-30,0,2,2
1460,mahabad_esf,isfahan,2025-12-01,0,3,3
1460,mahabad_esf,isfahan,2025-12-02,0,3,3
1460,mahabad_esf,isfahan,2025-12-03,0,3,3
1460,mahabad_esf,isfahan,2025-12-04,0,4,4
1460,mahabad_esf,isfahan,2025-12-05,0,3,3
1460,mahabad_esf,isfahan,2025-12-06,0,8,8
1460,mahabad_esf,isfahan,2025-12-07,0,8,8
1460,mahabad_esf,isfahan,2025-12-08,0,10,10
1460,mahabad_esf,isfahan,2025-12-09,0,10,10
1460,mahabad_esf,isfahan,2025-12-10,0,11,11
1460,mahabad_esf,isfahan,2025-12-11,0,14,14
1460,mahabad_esf,isfahan,2025-12-12,0,9,9
1460,mahabad_esf,isfahan,2025-12-13,0,10,10
1460,mahabad_esf,isfahan,2025-12-14,0,10,10
1460,mahabad_esf,isfahan,2025-12-15,0,12,12
1460,mahabad_esf,isfahan,2025-12-16,0,13,13
1460,mahabad_esf,isfahan,2025-12-17,0,13,13
1460,mahabad_esf,isfahan,2025-12-18,0,14,14
1460,mahabad_esf,isfahan,2025-12-19,0,10,10
1460,mahabad_esf,isfahan,2025-12-20,0,11,11
1460,mahabad_esf,isfahan,2025-12-21,0,10,10
5657,mahdasht_albrz,alborz,2025-11-22,41,51,10
5657,mahdasht_albrz,alborz,2025-11-23,28,46,18
5657,mahdasht_albrz,alborz,2025-11-24,33,57,24
5657,mahdasht_albrz,alborz,2025-11-25,14,35,21
5657,mahdasht_albrz,alborz,2025-11-26,21,58,37
5657,mahdasht_albrz,alborz,2025-11-27,57,172,115
5657,mahdasht_albrz,alborz,2025-11-28,78,149,71
5657,mahdasht_albrz,alborz,2025-11-29,11,36,25
5657,mahdasht_albrz,alborz,2025-11-30,20,52,32
5657,mahdasht_albrz,alborz,2025-12-01,17,54,37
5657,mahdasht_albrz,alborz,2025-12-02,8,45,37
5657,mahdasht_albrz,alborz,2025-12-03,7,54,47
5657,mahdasht_albrz,alborz,2025-12-04,33,187,154
5657,mahdasht_albrz,alborz,2025-12-05,5,58,53
5657,mahdasht_albrz,alborz,2025-12-06,6,41,35
5657,mahdasht_albrz,alborz,2025-12-07,6,40,34
5657,mahdasht_albrz,alborz,2025-12-08,9,49,40
5657,mahdasht_albrz,alborz,2025-12-09,12,53,41
5657,mahdasht_albrz,alborz,2025-12-10,5,62,57
5657,mahdasht_albrz,alborz,2025-12-11,22,186,164
5657,mahdasht_albrz,alborz,2025-12-12,3,62,59
5657,mahdasht_albrz,alborz,2025-12-13,20,54,34
5657,mahdasht_albrz,alborz,2025-12-14,4,42,38
5657,mahdasht_albrz,alborz,2025-12-15,2,47,45
5657,mahdasht_albrz,alborz,2025-12-16,5,53,48
5657,mahdasht_albrz,alborz,2025-12-17,2,62,60
5657,mahdasht_albrz,alborz,2025-12-18,15,154,139
5657,mahdasht_albrz,alborz,2025-12-19,6,80,74
5657,mahdasht_albrz,alborz,2025-12-20,2,43,41
5657,mahdasht_albrz,alborz,2025-12-21,0,33,33
8545,mahmudabad,mazandaran,2025-11-22,2543,2962,419
8545,mahmudabad,mazandaran,2025-11-23,2132,2962,830
8545,mahmudabad,mazandaran,2025-11-24,1939,3103,1164
8545,mahmudabad,mazandaran,2025-11-25,1772,3285,1513
8545,mahmudabad,mazandaran,2025-11-26,2134,4967,2833
8545,mahmudabad,mazandaran,2025-11-27,2078,5884,3806
8545,mahmudabad,mazandaran,2025-11-28,820,2542,1722
8545,mahmudabad,mazandaran,2025-11-29,715,1972,1257
8545,mahmudabad,mazandaran,2025-11-30,589,1951,1362
8545,mahmudabad,mazandaran,2025-12-01,650,2146,1496
8545,mahmudabad,mazandaran,2025-12-02,592,2312,1720
8545,mahmudabad,mazandaran,2025-12-03,650,3466,2816
8545,mahmudabad,mazandaran,2025-12-04,616,5078,4462
8545,mahmudabad,mazandaran,2025-12-05,360,2610,2250
8545,mahmudabad,mazandaran,2025-12-06,370,2146,1776
8545,mahmudabad,mazandaran,2025-12-07,279,1768,1489
8545,mahmudabad,mazandaran,2025-12-08,329,2056,1727
8545,mahmudabad,mazandaran,2025-12-09,327,2182,1855
8545,mahmudabad,mazandaran,2025-12-10,284,2946,2662
8545,mahmudabad,mazandaran,2025-12-11,386,5943,5557
8545,mahmudabad,mazandaran,2025-12-12,207,2510,2303
8545,mahmudabad,mazandaran,2025-12-13,225,1946,1721
8545,mahmudabad,mazandaran,2025-12-14,159,1490,1331
8545,mahmudabad,mazandaran,2025-12-15,138,1539,1401
8545,mahmudabad,mazandaran,2025-12-16,144,1914,1770
8545,mahmudabad,mazandaran,2025-12-17,131,2631,2500
8545,mahmudabad,mazandaran,2025-12-18,147,3800,3653
8545,mahmudabad,mazandaran,2025-12-19,74,2041,1967
8545,mahmudabad,mazandaran,2025-12-20,85,1569,1484
8545,mahmudabad,mazandaran,2025-12-21,47,1097,1050
6593,majlesi,isfahan,2025-11-22,0,0,0
6593,majlesi,isfahan,2025-11-23,0,0,0
6593,majlesi,isfahan,2025-11-24,0,0,0
6593,majlesi,isfahan,2025-11-25,0,0,0
6593,majlesi,isfahan,2025-11-26,0,0,0
6593,majlesi,isfahan,2025-11-27,1,1,0
6593,majlesi,isfahan,2025-11-28,0,0,0
6593,majlesi,isfahan,2025-11-29,0,0,0
6593,majlesi,isfahan,2025-11-30,0,0,0
6593,majlesi,isfahan,2025-12-01,0,0,0
6593,majlesi,isfahan,2025-12-02,0,0,0
6593,majlesi,isfahan,2025-12-03,0,0,0
6593,majlesi,isfahan,2025-12-04,0,0,0
6593,majlesi,isfahan,2025-12-05,0,0,0
6593,majlesi,isfahan,2025-12-06,0,0,0
6593,majlesi,isfahan,2025-12-07,0,0,0
6593,majlesi,isfahan,2025-12-08,0,0,0
6593,majlesi,isfahan,2025-12-09,0,0,0
6593,majlesi,isfahan,2025-12-10,0,0,0
6593,majlesi,isfahan,2025-12-11,0,0,0
6593,majlesi,isfahan,2025-12-12,0,0,0
6593,majlesi,isfahan,2025-12-13,0,0,0
6593,majlesi,isfahan,2025-12-14,1,1,0
6593,majlesi,isfahan,2025-12-15,0,0,0
6593,majlesi,isfahan,2025-12-16,0,0,0
6593,majlesi,isfahan,2025-12-17,0,0,0
6593,majlesi,isfahan,2025-12-18,0,0,0
6593,majlesi,isfahan,2025-12-19,0,0,0
6593,majlesi,isfahan,2025-12-20,0,0,0
6593,majlesi,isfahan,2025-12-21,0,0,0
7222,malard,tehran,2025-11-22,182,230,48
7222,malard,tehran,2025-11-23,103,170,67
7222,malard,tehran,2025-11-24,123,233,110
7222,malard,tehran,2025-11-25,78,173,95
7222,malard,tehran,2025-11-26,98,270,172
7222,malard,tehran,2025-11-27,207,612,405
7222,malard,tehran,2025-11-28,85,266,181
7222,malard,tehran,2025-11-29,34,127,93
7222,malard,tehran,2025-11-30,35,161,126
7222,malard,tehran,2025-12-01,56,217,161
7222,malard,tehran,2025-12-02,51,217,166
7222,malard,tehran,2025-12-03,37,224,187
7222,malard,tehran,2025-12-04,189,1036,847
7222,malard,tehran,2025-12-05,30,259,229
7222,malard,tehran,2025-12-06,26,183,157
7222,malard,tehran,2025-12-07,23,178,155
7222,malard,tehran,2025-12-08,29,190,161
7222,malard,tehran,2025-12-09,24,194,170
7222,malard,tehran,2025-12-10,14,192,178
7222,malard,tehran,2025-12-11,75,808,733
7222,malard,tehran,2025-12-12,45,330,285
7222,malard,tehran,2025-12-13,20,173,153
7222,malard,tehran,2025-12-14,22,185,163
7222,malard,tehran,2025-12-15,14,182,168
7222,malard,tehran,2025-12-16,16,205,189
7222,malard,tehran,2025-12-17,15,212,197
7222,malard,tehran,2025-12-18,28,591,563
7222,malard,tehran,2025-12-19,25,355,330
7222,malard,tehran,2025-12-20,29,237,208
7222,malard,tehran,2025-12-21,56,251,195
2751,manjil,gilan,2025-11-22,15,21,6
2751,manjil,gilan,2025-11-23,9,19,10
2751,manjil,gilan,2025-11-24,6,16,10
2751,manjil,gilan,2025-11-25,9,24,15
2751,manjil,gilan,2025-11-26,8,27,19
2751,manjil,gilan,2025-11-27,6,33,27
2751,manjil,gilan,2025-11-28,1,12,11
2751,manjil,gilan,2025-11-29,0,10,10
2751,manjil,gilan,2025-11-30,0,13,13
2751,manjil,gilan,2025-12-01,1,13,12
2751,manjil,gilan,2025-12-02,2,14,12
2751,manjil,gilan,2025-12-03,5,22,17
2751,manjil,gilan,2025-12-04,5,53,48
2751,manjil,gilan,2025-12-05,1,16,15
2751,manjil,gilan,2025-12-06,1,14,13
2751,manjil,gilan,2025-12-07,1,14,13
2751,manjil,gilan,2025-12-08,0,12,12
2751,manjil,gilan,2025-12-09,0,12,12
2751,manjil,gilan,2025-12-10,0,17,17
2751,manjil,gilan,2025-12-11,0,41,41
2751,manjil,gilan,2025-12-12,0,15,15
2751,manjil,gilan,2025-12-13,0,14,14
2751,manjil,gilan,2025-12-14,0,13,13
2751,manjil,gilan,2025-12-15,0,15,15
2751,manjil,gilan,2025-12-16,0,16,16
2751,manjil,gilan,2025-12-17,0,20,20
2751,manjil,gilan,2025-12-18,3,34,31
2751,manjil,gilan,2025-12-19,0,17,17
2751,manjil,gilan,2025-12-20,0,14,14
2751,manjil,gilan,2025-12-21,0,10,10
8008,marjaghal,gilan,2025-11-22,0,0,0
8008,marjaghal,gilan,2025-11-23,0,0,0
8008,marjaghal,gilan,2025-11-24,0,0,0
8008,marjaghal,gilan,2025-11-25,0,0,0
8008,marjaghal,gilan,2025-11-26,0,0,0
8008,marjaghal,gilan,2025-11-27,0,0,0
8008,marjaghal,gilan,2025-11-28,0,0,0
8008,marjaghal,gilan,2025-11-29,0,0,0
8008,marjaghal,gilan,2025-11-30,0,0,0
8008,marjaghal,gilan,2025-12-01,0,0,0
8008,marjaghal,gilan,2025-12-02,0,0,0
8008,marjaghal,gilan,2025-12-03,0,0,0
8008,marjaghal,gilan,2025-12-04,0,0,0
8008,marjaghal,gilan,2025-12-05,0,0,0
8008,marjaghal,gilan,2025-12-06,0,0,0
8008,marjaghal,gilan,2025-12-07,0,0,0
8008,marjaghal,gilan,2025-12-08,0,0,0
8008,marjaghal,gilan,2025-12-09,0,0,0
8008,marjaghal,gilan,2025-12-10,0,0,0
8008,marjaghal,gilan,2025-12-11,0,0,0
8008,marjaghal,gilan,2025-12-12,0,0,0
8008,marjaghal,gilan,2025-12-13,0,0,0
8008,marjaghal,gilan,2025-12-14,0,0,0
8008,marjaghal,gilan,2025-12-15,0,0,0
8008,marjaghal,gilan,2025-12-16,0,0,0
8008,marjaghal,gilan,2025-12-17,0,0,0
8008,marjaghal,gilan,2025-12-18,0,0,0
8008,marjaghal,gilan,2025-12-19,0,0,0
8008,marjaghal,gilan,2025-12-20,0,0,0
8008,marjaghal,gilan,2025-12-21,0,0,0
6752,marzanabad,mazandaran,2025-11-22,125,162,37
6752,marzanabad,mazandaran,2025-11-23,92,141,49
6752,marzanabad,mazandaran,2025-11-24,94,158,64
6752,marzanabad,mazandaran,2025-11-25,111,197,86
6752,marzanabad,mazandaran,2025-11-26,126,288,162
6752,marzanabad,mazandaran,2025-11-27,131,396,265
6752,marzanabad,mazandaran,2025-11-28,47,151,104
6752,marzanabad,mazandaran,2025-11-29,23,72,49
6752,marzanabad,mazandaran,2025-11-30,16,75,59
6752,marzanabad,mazandaran,2025-12-01,29,90,61
6752,marzanabad,mazandaran,2025-12-02,18,86,68
6752,marzanabad,mazandaran,2025-12-03,26,148,122
6752,marzanabad,mazandaran,2025-12-04,46,370,324
6752,marzanabad,mazandaran,2025-12-05,6,104,98
6752,marzanabad,mazandaran,2025-12-06,15,82,67
6752,marzanabad,mazandaran,2025-12-07,20,88,68
6752,marzanabad,mazandaran,2025-12-08,18,88,70
6752,marzanabad,mazandaran,2025-12-09,17,92,75
6752,marzanabad,mazandaran,2025-12-10,12,131,119
6752,marzanabad,mazandaran,2025-12-11,16,313,297
6752,marzanabad,mazandaran,2025-12-12,6,117,111
6752,marzanabad,mazandaran,2025-12-13,6,85,79
6752,marzanabad,mazandaran,2025-12-14,6,70,64
6752,marzanabad,mazandaran,2025-12-15,10,85,75
6752,marzanabad,mazandaran,2025-12-16,11,96,85
6752,marzanabad,mazandaran,2025-12-17,19,141,122
6752,marzanabad,mazandaran,2025-12-18,17,246,229
6752,marzanabad,mazandaran,2025-12-19,10,132,122
6752,marzanabad,mazandaran,2025-12-20,11,78,67
6752,marzanabad,mazandaran,2025-12-21,4,60,56
2028,marzikola,mazandaran,2025-11-22,29,33,4
2028,marzikola,mazandaran,2025-11-23,43,53,10
2028,marzikola,mazandaran,2025-11-24,29,42,13
2028,marzikola,mazandaran,2025-11-25,45,66,21
2028,marzikola,mazandaran,2025-11-26,52,92,40
2028,marzikola,mazandaran,2025-11-27,21,81,60
2028,marzikola,mazandaran,2025-11-28,7,26,19
2028,marzikola,mazandaran,2025-11-29,10,24,14
2028,marzikola,mazandaran,2025-11-30,7,23,16
2028,marzikola,mazandaran,2025-12-01,10,23,13
2028,marzikola,mazandaran,2025-12-02,10,24,14
2028,marzikola,mazandaran,2025-12-03,23,50,27
2028,marzikola,mazandaran,2025-12-04,6,88,82
2028,marzikola,mazandaran,2025-12-05,6,25,19
2028,marzikola,mazandaran,2025-12-06,6,28,22
2028,marzikola,mazandaran,2025-12-07,0,23,23
2028,marzikola,mazandaran,2025-12-08,1,22,21
2028,marzikola,mazandaran,2025-12-09,1,22,21
2028,marzikola,mazandaran,2025-12-10,1,31,30
2028,marzikola,mazandaran,2025-12-11,4,94,90
2028,marzikola,mazandaran,2025-12-12,0,22,22
2028,marzikola,mazandaran,2025-12-13,0,20,20
2028,marzikola,mazandaran,2025-12-14,0,19,19
2028,marzikola,mazandaran,2025-12-15,0,24,24
2028,marzikola,mazandaran,2025-12-16,10,34,24
2028,marzikola,mazandaran,2025-12-17,0,33,33
2028,marzikola,mazandaran,2025-12-18,0,66,66
2028,marzikola,mazandaran,2025-12-19,0,30,30
2028,marzikola,mazandaran,2025-12-20,0,23,23
2028,marzikola,mazandaran,2025-12-21,1,17,16
5413,masal,gilan,2025-11-22,8594,9557,963
5413,masal,gilan,2025-11-23,6999,8841,1842
5413,masal,gilan,2025-11-24,4937,7602,2665
5413,masal,gilan,2025-11-25,4646,7520,2874
5413,masal,gilan,2025-11-26,5216,10793,5577
5413,masal,gilan,2025-11-27,4538,11491,6953
5413,masal,gilan,2025-11-28,1409,4090,2681
5413,masal,gilan,2025-11-29,1357,3755,2398
5413,masal,gilan,2025-11-30,1030,3312,2282
5413,masal,gilan,2025-12-01,1096,3566,2470
5413,masal,gilan,2025-12-02,1261,4465,3204
5413,masal,gilan,2025-12-03,1371,6144,4773
5413,masal,gilan,2025-12-04,1447,9445,7998
5413,masal,gilan,2025-12-05,671,3962,3291
5413,masal,gilan,2025-12-06,783,4547,3764
5413,masal,gilan,2025-12-07,640,4069,3429
5413,masal,gilan,2025-12-08,538,3300,2762
5413,masal,gilan,2025-12-09,478,3422,2944
5413,masal,gilan,2025-12-10,659,5664,5005
5413,masal,gilan,2025-12-11,860,10822,9962
5413,masal,gilan,2025-12-12,510,5262,4752
5413,masal,gilan,2025-12-13,504,4519,4015
5413,masal,gilan,2025-12-14,354,3322,2968
5413,masal,gilan,2025-12-15,335,3299,2964
5413,masal,gilan,2025-12-16,316,3529,3213
5413,masal,gilan,2025-12-17,483,6233,5750
5413,masal,gilan,2025-12-18,560,7598,7038
5413,masal,gilan,2025-12-19,277,3729,3452
5413,masal,gilan,2025-12-20,161,2922,2761
5413,masal,gilan,2025-12-21,65,2020,1955
9356,mashhad,khorasan_razavi,2025-11-22,26486,27863,1377
9356,mashhad,khorasan_razavi,2025-11-23,24152,27092,2940
9356,mashhad,khorasan_razavi,2025-11-24,21997,27293,5296
9356,mashhad,khorasan_razavi,2025-11-25,20661,27721,7060
9356,mashhad,khorasan_razavi,2025-11-26,19169,28602,9433
9356,mashhad,khorasan_razavi,2025-11-27,14421,24125,9704
9356,mashhad,khorasan_razavi,2025-11-28,6680,12520,5840
9356,mashhad,khorasan_razavi,2025-11-29,6346,12460,6114
9356,mashhad,khorasan_razavi,2025-11-30,6191,14001,7810
9356,mashhad,khorasan_razavi,2025-12-01,6521,15270,8749
9356,mashhad,khorasan_razavi,2025-12-02,7227,17111,9884
9356,mashhad,khorasan_razavi,2025-12-03,8049,22968,14919
9356,mashhad,khorasan_razavi,2025-12-04,7780,26223,18443
9356,mashhad,khorasan_razavi,2025-12-05,4533,16206,11673
9356,mashhad,khorasan_razavi,2025-12-06,4092,15185,11093
9356,mashhad,khorasan_razavi,2025-12-07,3499,13098,9599
9356,mashhad,khorasan_razavi,2025-12-08,3616,14333,10717
9356,mashhad,khorasan_razavi,2025-12-09,3987,16133,12146
9356,mashhad,khorasan_razavi,2025-12-10,4591,18768,14177
9356,mashhad,khorasan_razavi,2025-12-11,4650,22115,17465
9356,mashhad,khorasan_razavi,2025-12-12,2932,14921,11989
9356,mashhad,khorasan_razavi,2025-12-13,2971,14806,11835
9356,mashhad,khorasan_razavi,2025-12-14,2600,14366,11766
9356,mashhad,khorasan_razavi,2025-12-15,2546,15102,12556
9356,mashhad,khorasan_razavi,2025-12-16,2781,17353,14572
9356,mashhad,khorasan_razavi,2025-12-17,3350,20385,17035
9356,mashhad,khorasan_razavi,2025-12-18,3243,20446,17203
9356,mashhad,khorasan_razavi,2025-12-19,2188,15784,13596
9356,mashhad,khorasan_razavi,2025-12-20,1633,13461,11828
9356,mashhad,khorasan_razavi,2025-12-21,854,10821,9967
7432,mashhad_ardahal,isfahan,2025-11-22,0,0,0
7432,mashhad_ardahal,isfahan,2025-11-23,0,0,0
7432,mashhad_ardahal,isfahan,2025-11-24,0,0,0
7432,mashhad_ardahal,isfahan,2025-11-25,0,0,0
7432,mashhad_ardahal,isfahan,2025-11-26,0,0,0
7432,mashhad_ardahal,isfahan,2025-11-27,0,0,0
7432,mashhad_ardahal,isfahan,2025-11-28,0,0,0
7432,mashhad_ardahal,isfahan,2025-11-29,0,0,0
7432,mashhad_ardahal,isfahan,2025-11-30,0,0,0
7432,mashhad_ardahal,isfahan,2025-12-01,0,0,0
7432,mashhad_ardahal,isfahan,2025-12-02,0,0,0
7432,mashhad_ardahal,isfahan,2025-12-03,0,0,0
7432,mashhad_ardahal,isfahan,2025-12-04,1,2,1
7432,mashhad_ardahal,isfahan,2025-12-05,0,0,0
7432,mashhad_ardahal,isfahan,2025-12-06,0,0,0
7432,mashhad_ardahal,isfahan,2025-12-07,1,2,1
7432,mashhad_ardahal,isfahan,2025-12-08,0,0,0
7432,mashhad_ardahal,isfahan,2025-12-09,0,0,0
7432,mashhad_ardahal,isfahan,2025-12-10,0,0,0
7432,mashhad_ardahal,isfahan,2025-12-11,0,0,0
7432,mashhad_ardahal,isfahan,2025-12-12,0,0,0
7432,mashhad_ardahal,isfahan,2025-12-13,0,0,0
7432,mashhad_ardahal,isfahan,2025-12-14,0,0,0
7432,mashhad_ardahal,isfahan,2025-12-15,0,0,0
7432,mashhad_ardahal,isfahan,2025-12-16,1,2,1
7432,mashhad_ardahal,isfahan,2025-12-17,0,0,0
7432,mashhad_ardahal,isfahan,2025-12-18,1,3,2
7432,mashhad_ardahal,isfahan,2025-12-19,0,0,0
7432,mashhad_ardahal,isfahan,2025-12-20,0,0,0
7432,mashhad_ardahal,isfahan,2025-12-21,0,0,0
9936,mashhadrize,khorasan_razavi,2025-11-22,0,0,0
9936,mashhadrize,khorasan_razavi,2025-11-23,0,0,0
9936,mashhadrize,khorasan_razavi,2025-11-24,0,0,0
9936,mashhadrize,khorasan_razavi,2025-11-25,0,0,0
9936,mashhadrize,khorasan_razavi,2025-11-26,0,0,0
9936,mashhadrize,khorasan_razavi,2025-11-27,0,0,0
9936,mashhadrize,khorasan_razavi,2025-11-28,0,0,0
9936,mashhadrize,khorasan_razavi,2025-11-29,0,0,0
9936,mashhadrize,khorasan_razavi,2025-11-30,0,0,0
9936,mashhadrize,khorasan_razavi,2025-12-01,0,0,0
9936,mashhadrize,khorasan_razavi,2025-12-02,0,0,0
9936,mashhadrize,khorasan_razavi,2025-12-03,0,0,0
9936,mashhadrize,khorasan_razavi,2025-12-04,0,0,0
9936,mashhadrize,khorasan_razavi,2025-12-05,0,0,0
9936,mashhadrize,khorasan_razavi,2025-12-06,0,0,0
9936,mashhadrize,khorasan_razavi,2025-12-07,0,0,0
9936,mashhadrize,khorasan_razavi,2025-12-08,0,0,0
9936,mashhadrize,khorasan_razavi,2025-12-09,0,0,0
9936,mashhadrize,khorasan_razavi,2025-12-10,0,0,0
9936,mashhadrize,khorasan_razavi,2025-12-11,0,0,0
9936,mashhadrize,khorasan_razavi,2025-12-12,0,0,0
9936,mashhadrize,khorasan_razavi,2025-12-13,0,0,0
9936,mashhadrize,khorasan_razavi,2025-12-14,0,0,0
9936,mashhadrize,khorasan_razavi,2025-12-15,0,0,0
9936,mashhadrize,khorasan_razavi,2025-12-16,0,0,0
9936,mashhadrize,khorasan_razavi,2025-12-17,0,0,0
9936,mashhadrize,khorasan_razavi,2025-12-18,0,0,0
9936,mashhadrize,khorasan_razavi,2025-12-19,0,0,0
9936,mashhadrize,khorasan_razavi,2025-12-20,0,0,0
9936,mashhadrize,khorasan_razavi,2025-12-21,0,0,0
1572,mashhadsamen,khorasan_razavi,2025-11-22,4,4,0
1572,mashhadsamen,khorasan_razavi,2025-11-23,6,6,0
1572,mashhadsamen,khorasan_razavi,2025-11-24,6,6,0
1572,mashhadsamen,khorasan_razavi,2025-11-25,4,4,0
1572,mashhadsamen,khorasan_razavi,2025-11-26,3,4,1
1572,mashhadsamen,khorasan_razavi,2025-11-27,8,10,2
1572,mashhadsamen,khorasan_razavi,2025-11-28,8,10,2
1572,mashhadsamen,khorasan_razavi,2025-11-29,8,10,2
1572,mashhadsamen,khorasan_razavi,2025-11-30,9,12,3
1572,mashhadsamen,khorasan_razavi,2025-12-01,3,6,3
1572,mashhadsamen,khorasan_razavi,2025-12-02,2,5,3
1572,mashhadsamen,khorasan_razavi,2025-12-03,1,4,3
1572,mashhadsamen,khorasan_razavi,2025-12-04,1,6,5
1572,mashhadsamen,khorasan_razavi,2025-12-05,1,4,3
1572,mashhadsamen,khorasan_razavi,2025-12-06,0,6,6
1572,mashhadsamen,khorasan_razavi,2025-12-07,0,5,5
1572,mashhadsamen,khorasan_razavi,2025-12-08,0,5,5
1572,mashhadsamen,khorasan_razavi,2025-12-09,1,7,6
1572,mashhadsamen,khorasan_razavi,2025-12-10,1,7,6
1572,mashhadsamen,khorasan_razavi,2025-12-11,1,9,8
1572,mashhadsamen,khorasan_razavi,2025-12-12,0,5,5
1572,mashhadsamen,khorasan_razavi,2025-12-13,0,5,5
1572,mashhadsamen,khorasan_razavi,2025-12-14,0,5,5
1572,mashhadsamen,khorasan_razavi,2025-12-15,0,7,7
1572,mashhadsamen,khorasan_razavi,2025-12-16,0,7,7
1572,mashhadsamen,khorasan_razavi,2025-12-17,0,7,7
1572,mashhadsamen,khorasan_razavi,2025-12-18,0,7,7
1572,mashhadsamen,khorasan_razavi,2025-12-19,0,6,6
1572,mashhadsamen,khorasan_razavi,2025-12-20,0,6,6
1572,mashhadsamen,khorasan_razavi,2025-12-21,0,4,4
2101,masuleh,gilan,2025-11-22,1350,1587,237
2101,masuleh,gilan,2025-11-23,1013,1429,416
2101,masuleh,gilan,2025-11-24,686,1124,438
2101,masuleh,gilan,2025-11-25,635,1154,519
2101,masuleh,gilan,2025-11-26,770,1737,967
2101,masuleh,gilan,2025-11-27,809,2219,1410
2101,masuleh,gilan,2025-11-28,215,700,485
2101,masuleh,gilan,2025-11-29,216,649,433
2101,masuleh,gilan,2025-11-30,234,766,532
2101,masuleh,gilan,2025-12-01,155,618,463
2101,masuleh,gilan,2025-12-02,134,594,460
2101,masuleh,gilan,2025-12-03,221,1201,980
2101,masuleh,gilan,2025-12-04,244,1996,1752
2101,masuleh,gilan,2025-12-05,119,824,705
2101,masuleh,gilan,2025-12-06,170,926,756
2101,masuleh,gilan,2025-12-07,127,786,659
2101,masuleh,gilan,2025-12-08,129,698,569
2101,masuleh,gilan,2025-12-09,113,767,654
2101,masuleh,gilan,2025-12-10,124,1032,908
2101,masuleh,gilan,2025-12-11,129,2017,1888
2101,masuleh,gilan,2025-12-12,59,741,682
2101,masuleh,gilan,2025-12-13,111,780,669
2101,masuleh,gilan,2025-12-14,29,490,461
2101,masuleh,gilan,2025-12-15,43,614,571
2101,masuleh,gilan,2025-12-16,67,887,820
2101,masuleh,gilan,2025-12-17,91,1166,1075
2101,masuleh,gilan,2025-12-18,103,1641,1538
2101,masuleh,gilan,2025-12-19,48,805,757
2101,masuleh,gilan,2025-12-20,52,697,645
2101,masuleh,gilan,2025-12-21,25,478,453
4380,meshkindasht,alborz,2025-11-22,3,3,0
4380,meshkindasht,alborz,2025-11-23,0,1,1
4380,meshkindasht,alborz,2025-11-24,0,1,1
4380,meshkindasht,alborz,2025-11-25,0,1,1
4380,meshkindasht,alborz,2025-11-26,0,2,2
4380,meshkindasht,alborz,2025-11-27,2,6,4
4380,meshkindasht,alborz,2025-11-28,2,4,2
4380,meshkindasht,alborz,2025-11-29,0,1,1
4380,meshkindasht,alborz,2025-11-30,0,2,2
4380,meshkindasht,alborz,2025-12-01,0,2,2
4380,meshkindasht,alborz,2025-12-02,0,3,3
4380,meshkindasht,alborz,2025-12-03,0,3,3
4380,meshkindasht,alborz,2025-12-04,2,10,8
4380,meshkindasht,alborz,2025-12-05,0,2,2
4380,meshkindasht,alborz,2025-12-06,0,2,2
4380,meshkindasht,alborz,2025-12-07,0,2,2
4380,meshkindasht,alborz,2025-12-08,0,2,2
4380,meshkindasht,alborz,2025-12-09,0,2,2
4380,meshkindasht,alborz,2025-12-10,2,6,4
4380,meshkindasht,alborz,2025-12-11,2,10,8
4380,meshkindasht,alborz,2025-12-12,0,3,3
4380,meshkindasht,alborz,2025-12-13,0,2,2
4380,meshkindasht,alborz,2025-12-14,0,2,2
4380,meshkindasht,alborz,2025-12-15,0,3,3
4380,meshkindasht,alborz,2025-12-16,0,3,3
4380,meshkindasht,alborz,2025-12-17,0,4,4
4380,meshkindasht,alborz,2025-12-18,3,11,8
4380,meshkindasht,alborz,2025-12-19,3,8,5
4380,meshkindasht,alborz,2025-12-20,0,2,2
4380,meshkindasht,alborz,2025-12-21,0,2,2
3914,meygoon,tehran,2025-11-22,72,84,12
3914,meygoon,tehran,2025-11-23,77,112,35
3914,meygoon,tehran,2025-11-24,32,62,30
3914,meygoon,tehran,2025-11-25,26,59,33
3914,meygoon,tehran,2025-11-26,24,72,48
3914,meygoon,tehran,2025-11-27,50,225,175
3914,meygoon,tehran,2025-11-28,24,104,80
3914,meygoon,tehran,2025-11-29,21,72,51
3914,meygoon,tehran,2025-11-30,15,59,44
3914,meygoon,tehran,2025-12-01,17,74,57
3914,meygoon,tehran,2025-12-02,15,74,59
3914,meygoon,tehran,2025-12-03,21,130,109
3914,meygoon,tehran,2025-12-04,30,377,347
3914,meygoon,tehran,2025-12-05,20,150,130
3914,meygoon,tehran,2025-12-06,14,107,93
3914,meygoon,tehran,2025-12-07,21,123,102
3914,meygoon,tehran,2025-12-08,22,121,99
3914,meygoon,tehran,2025-12-09,20,123,103
3914,meygoon,tehran,2025-12-10,22,176,154
3914,meygoon,tehran,2025-12-11,38,647,609
3914,meygoon,tehran,2025-12-12,22,212,190
3914,meygoon,tehran,2025-12-13,15,113,98
3914,meygoon,tehran,2025-12-14,13,101,88
3914,meygoon,tehran,2025-12-15,15,133,118
3914,meygoon,tehran,2025-12-16,13,133,120
3914,meygoon,tehran,2025-12-17,13,179,166
3914,meygoon,tehran,2025-12-18,16,411,395
3914,meygoon,tehran,2025-12-19,13,210,197
3914,meygoon,tehran,2025-12-20,13,123,110
3914,meygoon,tehran,2025-12-21,0,59,59
7634,meymeh,isfahan,2025-11-22,0,0,0
7634,meymeh,isfahan,2025-11-23,0,0,0
7634,meymeh,isfahan,2025-11-24,0,0,0
7634,meymeh,isfahan,2025-11-25,0,0,0
7634,meymeh,isfahan,2025-11-26,0,0,0
7634,meymeh,isfahan,2025-11-27,0,0,0
7634,meymeh,isfahan,2025-11-28,0,0,0
7634,meymeh,isfahan,2025-11-29,0,0,0
7634,meymeh,isfahan,2025-11-30,0,0,0
7634,meymeh,isfahan,2025-12-01,0,0,0
7634,meymeh,isfahan,2025-12-02,0,0,0
7634,meymeh,isfahan,2025-12-03,0,0,0
7634,meymeh,isfahan,2025-12-04,0,0,0
7634,meymeh,isfahan,2025-12-05,0,0,0
7634,meymeh,isfahan,2025-12-06,0,0,0
7634,meymeh,isfahan,2025-12-07,0,0,0
7634,meymeh,isfahan,2025-12-08,0,0,0
7634,meymeh,isfahan,2025-12-09,0,0,0
7634,meymeh,isfahan,2025-12-10,0,0,0
7634,meymeh,isfahan,2025-12-11,0,0,0
7634,meymeh,isfahan,2025-12-12,0,0,0
7634,meymeh,isfahan,2025-12-13,0,0,0
7634,meymeh,isfahan,2025-12-14,0,0,0
7634,meymeh,isfahan,2025-12-15,0,0,0
7634,meymeh,isfahan,2025-12-16,0,0,0
7634,meymeh,isfahan,2025-12-17,0,0,0
7634,meymeh,isfahan,2025-12-18,0,0,0
7634,meymeh,isfahan,2025-12-19,0,0,0
7634,meymeh,isfahan,2025-12-20,0,0,0
7634,meymeh,isfahan,2025-12-21,0,0,0
1675,miandoroud,mazandaran,2025-11-22,0,0,0
1675,miandoroud,mazandaran,2025-11-23,1,1,0
1675,miandoroud,mazandaran,2025-11-24,2,2,0
1675,miandoroud,mazandaran,2025-11-25,0,0,0
1675,miandoroud,mazandaran,2025-11-26,1,1,0
1675,miandoroud,mazandaran,2025-11-27,1,2,1
1675,miandoroud,mazandaran,2025-11-28,0,0,0
1675,miandoroud,mazandaran,2025-11-29,0,0,0
1675,miandoroud,mazandaran,2025-11-30,0,0,0
1675,miandoroud,mazandaran,2025-12-01,0,0,0
1675,miandoroud,mazandaran,2025-12-02,0,0,0
1675,miandoroud,mazandaran,2025-12-03,0,0,0
1675,miandoroud,mazandaran,2025-12-04,0,0,0
1675,miandoroud,mazandaran,2025-12-05,0,0,0
1675,miandoroud,mazandaran,2025-12-06,0,0,0
1675,miandoroud,mazandaran,2025-12-07,0,0,0
1675,miandoroud,mazandaran,2025-12-08,0,0,0
1675,miandoroud,mazandaran,2025-12-09,0,0,0
1675,miandoroud,mazandaran,2025-12-10,0,0,0
1675,miandoroud,mazandaran,2025-12-11,0,0,0
1675,miandoroud,mazandaran,2025-12-12,0,0,0
1675,miandoroud,mazandaran,2025-12-13,0,0,0
1675,miandoroud,mazandaran,2025-12-14,0,0,0
1675,miandoroud,mazandaran,2025-12-15,0,0,0
1675,miandoroud,mazandaran,2025-12-16,0,0,0
1675,miandoroud,mazandaran,2025-12-17,0,0,0
1675,miandoroud,mazandaran,2025-12-18,0,0,0
1675,miandoroud,mazandaran,2025-12-19,0,0,0
1675,miandoroud,mazandaran,2025-12-20,0,0,0
1675,miandoroud,mazandaran,2025-12-21,0,0,0
5799,minab,hormozgan,2025-11-22,0,0,0
5799,minab,hormozgan,2025-11-23,0,0,0
5799,minab,hormozgan,2025-11-24,0,0,0
5799,minab,hormozgan,2025-11-25,0,0,0
5799,minab,hormozgan,2025-11-26,0,0,0
5799,minab,hormozgan,2025-11-27,0,0,0
5799,minab,hormozgan,2025-11-28,0,0,0
5799,minab,hormozgan,2025-11-29,0,0,0
5799,minab,hormozgan,2025-11-30,0,0,0
5799,minab,hormozgan,2025-12-01,0,0,0
5799,minab,hormozgan,2025-12-02,0,0,0
5799,minab,hormozgan,2025-12-03,0,0,0
5799,minab,hormozgan,2025-12-04,0,0,0
5799,minab,hormozgan,2025-12-05,0,0,0
5799,minab,hormozgan,2025-12-06,0,0,0
5799,minab,hormozgan,2025-12-07,0,0,0
5799,minab,hormozgan,2025-12-08,0,0,0
5799,minab,hormozgan,2025-12-09,0,0,0
5799,minab,hormozgan,2025-12-10,0,0,0
5799,minab,hormozgan,2025-12-11,0,0,0
5799,minab,hormozgan,2025-12-12,0,0,0
5799,minab,hormozgan,2025-12-13,0,0,0
5799,minab,hormozgan,2025-12-14,0,0,0
5799,minab,hormozgan,2025-12-15,0,0,0
5799,minab,hormozgan,2025-12-16,0,0,0
5799,minab,hormozgan,2025-12-17,0,0,0
5799,minab,hormozgan,2025-12-18,0,0,0
5799,minab,hormozgan,2025-12-19,0,0,0
5799,minab,hormozgan,2025-12-20,0,0,0
5799,minab,hormozgan,2025-12-21,0,0,0
5241,mobarakeh,isfahan,2025-11-22,0,0,0
5241,mobarakeh,isfahan,2025-11-23,0,0,0
5241,mobarakeh,isfahan,2025-11-24,0,0,0
5241,mobarakeh,isfahan,2025-11-25,0,0,0
5241,mobarakeh,isfahan,2025-11-26,0,0,0
5241,mobarakeh,isfahan,2025-11-27,0,0,0
5241,mobarakeh,isfahan,2025-11-28,0,0,0
5241,mobarakeh,isfahan,2025-11-29,0,0,0
5241,mobarakeh,isfahan,2025-11-30,0,0,0
5241,mobarakeh,isfahan,2025-12-01,0,0,0
5241,mobarakeh,isfahan,2025-12-02,0,0,0
5241,mobarakeh,isfahan,2025-12-03,0,0,0
5241,mobarakeh,isfahan,2025-12-04,0,0,0
5241,mobarakeh,isfahan,2025-12-05,0,0,0
5241,mobarakeh,isfahan,2025-12-06,0,0,0
5241,mobarakeh,isfahan,2025-12-07,0,0,0
5241,mobarakeh,isfahan,2025-12-08,0,0,0
5241,mobarakeh,isfahan,2025-12-09,0,0,0
5241,mobarakeh,isfahan,2025-12-10,0,0,0
5241,mobarakeh,isfahan,2025-12-11,0,0,0
5241,mobarakeh,isfahan,2025-12-12,0,0,0
5241,mobarakeh,isfahan,2025-12-13,0,0,0
5241,mobarakeh,isfahan,2025-12-14,0,0,0
5241,mobarakeh,isfahan,2025-12-15,0,0,0
5241,mobarakeh,isfahan,2025-12-16,0,0,0
5241,mobarakeh,isfahan,2025-12-17,0,0,0
5241,mobarakeh,isfahan,2025-12-18,0,0,0
5241,mobarakeh,isfahan,2025-12-19,0,0,0
5241,mobarakeh,isfahan,2025-12-20,0,0,0
5241,mobarakeh,isfahan,2025-12-21,0,0,0
8656,mohammadabad_esf,isfahan,2025-11-22,0,0,0
8656,mohammadabad_esf,isfahan,2025-11-23,0,0,0
8656,mohammadabad_esf,isfahan,2025-11-24,0,0,0
8656,mohammadabad_esf,isfahan,2025-11-25,0,0,0
8656,mohammadabad_esf,isfahan,2025-11-26,0,0,0
8656,mohammadabad_esf,isfahan,2025-11-27,0,0,0
8656,mohammadabad_esf,isfahan,2025-11-28,0,0,0
8656,mohammadabad_esf,isfahan,2025-11-29,0,0,0
8656,mohammadabad_esf,isfahan,2025-11-30,0,0,0
8656,mohammadabad_esf,isfahan,2025-12-01,0,0,0
8656,mohammadabad_esf,isfahan,2025-12-02,0,0,0
8656,mohammadabad_esf,isfahan,2025-12-03,0,0,0
8656,mohammadabad_esf,isfahan,2025-12-04,0,0,0
8656,mohammadabad_esf,isfahan,2025-12-05,0,0,0
8656,mohammadabad_esf,isfahan,2025-12-06,0,0,0
8656,mohammadabad_esf,isfahan,2025-12-07,0,0,0
8656,mohammadabad_esf,isfahan,2025-12-08,0,0,0
8656,mohammadabad_esf,isfahan,2025-12-09,0,0,0
8656,mohammadabad_esf,isfahan,2025-12-10,0,0,0
8656,mohammadabad_esf,isfahan,2025-12-11,0,0,0
8656,mohammadabad_esf,isfahan,2025-12-12,0,0,0
8656,mohammadabad_esf,isfahan,2025-12-13,0,0,0
8656,mohammadabad_esf,isfahan,2025-12-14,0,0,0
8656,mohammadabad_esf,isfahan,2025-12-15,0,0,0
8656,mohammadabad_esf,isfahan,2025-12-16,0,0,0
8656,mohammadabad_esf,isfahan,2025-12-17,0,0,0
8656,mohammadabad_esf,isfahan,2025-12-18,0,0,0
8656,mohammadabad_esf,isfahan,2025-12-19,0,0,0
8656,mohammadabad_esf,isfahan,2025-12-20,0,0,0
8656,mohammadabad_esf,isfahan,2025-12-21,0,0,0
8738,mohammadshahr_albrz,alborz,2025-11-22,8,9,1
8738,mohammadshahr_albrz,alborz,2025-11-23,5,9,4
8738,mohammadshahr_albrz,alborz,2025-11-24,12,18,6
8738,mohammadshahr_albrz,alborz,2025-11-25,8,15,7
8738,mohammadshahr_albrz,alborz,2025-11-26,6,14,8
8738,mohammadshahr_albrz,alborz,2025-11-27,12,33,21
8738,mohammadshahr_albrz,alborz,2025-11-28,5,13,8
8738,mohammadshahr_albrz,alborz,2025-11-29,2,8,6
8738,mohammadshahr_albrz,alborz,2025-11-30,3,9,6
8738,mohammadshahr_albrz,alborz,2025-12-01,5,14,9
8738,mohammadshahr_albrz,alborz,2025-12-02,6,15,9
8738,mohammadshahr_albrz,alborz,2025-12-03,3,13,10
8738,mohammadshahr_albrz,alborz,2025-12-04,10,49,39
8738,mohammadshahr_albrz,alborz,2025-12-05,2,16,14
8738,mohammadshahr_albrz,alborz,2025-12-06,3,14,11
8738,mohammadshahr_albrz,alborz,2025-12-07,0,10,10
8738,mohammadshahr_albrz,alborz,2025-12-08,1,11,10
8738,mohammadshahr_albrz,alborz,2025-12-09,1,12,11
8738,mohammadshahr_albrz,alborz,2025-12-10,2,16,14
8738,mohammadshahr_albrz,alborz,2025-12-11,0,32,32
8738,mohammadshahr_albrz,alborz,2025-12-12,0,12,12
8738,mohammadshahr_albrz,alborz,2025-12-13,0,10,10
8738,mohammadshahr_albrz,alborz,2025-12-14,2,12,10
8738,mohammadshahr_albrz,alborz,2025-12-15,2,15,13
8738,mohammadshahr_albrz,alborz,2025-12-16,3,17,14
8738,mohammadshahr_albrz,alborz,2025-12-17,4,19,15
8738,mohammadshahr_albrz,alborz,2025-12-18,8,48,40
8738,mohammadshahr_albrz,alborz,2025-12-19,7,24,17
8738,mohammadshahr_albrz,alborz,2025-12-20,2,13,11
8738,mohammadshahr_albrz,alborz,2025-12-21,1,9,8
5303,molkabad,khorasan_razavi,2025-11-22,0,0,0
5303,molkabad,khorasan_razavi,2025-11-23,0,0,0
5303,molkabad,khorasan_razavi,2025-11-24,0,0,0
5303,molkabad,khorasan_razavi,2025-11-25,0,0,0
5303,molkabad,khorasan_razavi,2025-11-26,0,0,0
5303,molkabad,khorasan_razavi,2025-11-27,0,0,0
5303,molkabad,khorasan_razavi,2025-11-28,0,0,0
5303,molkabad,khorasan_razavi,2025-11-29,0,0,0
5303,molkabad,khorasan_razavi,2025-11-30,0,0,0
5303,molkabad,khorasan_razavi,2025-12-01,0,0,0
5303,molkabad,khorasan_razavi,2025-12-02,0,0,0
5303,molkabad,khorasan_razavi,2025-12-03,0,0,0
5303,molkabad,khorasan_razavi,2025-12-04,0,0,0
5303,molkabad,khorasan_razavi,2025-12-05,0,0,0
5303,molkabad,khorasan_razavi,2025-12-06,0,0,0
5303,molkabad,khorasan_razavi,2025-12-07,0,0,0
5303,molkabad,khorasan_razavi,2025-12-08,0,0,0
5303,molkabad,khorasan_razavi,2025-12-09,0,0,0
5303,molkabad,khorasan_razavi,2025-12-10,0,0,0
5303,molkabad,khorasan_razavi,2025-12-11,0,0,0
5303,molkabad,khorasan_razavi,2025-12-12,0,0,0
5303,molkabad,khorasan_razavi,2025-12-13,0,0,0
5303,molkabad,khorasan_razavi,2025-12-14,0,0,0
5303,molkabad,khorasan_razavi,2025-12-15,0,0,0
5303,molkabad,khorasan_razavi,2025-12-16,0,0,0
5303,molkabad,khorasan_razavi,2025-12-17,0,0,0
5303,molkabad,khorasan_razavi,2025-12-18,0,0,0
5303,molkabad,khorasan_razavi,2025-12-19,0,0,0
5303,molkabad,khorasan_razavi,2025-12-20,0,0,0
5303,molkabad,khorasan_razavi,2025-12-21,0,0,0
4655,motelghoo,mazandaran,2025-11-22,4648,5411,763
4655,motelghoo,mazandaran,2025-11-23,3614,4942,1328
4655,motelghoo,mazandaran,2025-11-24,2672,4405,1733
4655,motelghoo,mazandaran,2025-11-25,2447,4319,1872
4655,motelghoo,mazandaran,2025-11-26,2787,6164,3377
4655,motelghoo,mazandaran,2025-11-27,2559,6871,4312
4655,motelghoo,mazandaran,2025-11-28,1089,3194,2105
4655,motelghoo,mazandaran,2025-11-29,886,2600,1714
4655,motelghoo,mazandaran,2025-11-30,799,2715,1916
4655,motelghoo,mazandaran,2025-12-01,739,2687,1948
4655,motelghoo,mazandaran,2025-12-02,659,2668,2009
4655,motelghoo,mazandaran,2025-12-03,907,4389,3482
4655,motelghoo,mazandaran,2025-12-04,1033,7866,6833
4655,motelghoo,mazandaran,2025-12-05,409,3049,2640
4655,motelghoo,mazandaran,2025-12-06,450,3147,2697
4655,motelghoo,mazandaran,2025-12-07,416,2902,2486
4655,motelghoo,mazandaran,2025-12-08,401,2810,2409
4655,motelghoo,mazandaran,2025-12-09,384,3058,2674
4655,motelghoo,mazandaran,2025-12-10,414,4635,4221
4655,motelghoo,mazandaran,2025-12-11,402,7934,7532
4655,motelghoo,mazandaran,2025-12-12,173,2883,2710
4655,motelghoo,mazandaran,2025-12-13,180,2860,2680
4655,motelghoo,mazandaran,2025-12-14,170,2604,2434
4655,motelghoo,mazandaran,2025-12-15,196,2657,2461
4655,motelghoo,mazandaran,2025-12-16,201,3104,2903
4655,motelghoo,mazandaran,2025-12-17,226,4534,4308
4655,motelghoo,mazandaran,2025-12-18,243,5272,5029
4655,motelghoo,mazandaran,2025-12-19,138,2816,2678
4655,motelghoo,mazandaran,2025-12-20,139,2781,2642
4655,motelghoo,mazandaran,2025-12-21,59,1811,1752
6753,nain,isfahan,2025-11-22,8,18,10
6753,nain,isfahan,2025-11-23,31,48,17
6753,nain,isfahan,2025-11-24,3,19,16
6753,nain,isfahan,2025-11-25,5,28,23
6753,nain,isfahan,2025-11-26,9,39,30
6753,nain,isfahan,2025-11-27,18,58,40
6753,nain,isfahan,2025-11-28,0,20,20
6753,nain,isfahan,2025-11-29,0,20,20
6753,nain,isfahan,2025-11-30,0,24,24
6753,nain,isfahan,2025-12-01,6,32,26
6753,nain,isfahan,2025-12-02,6,32,26
6753,nain,isfahan,2025-12-03,2,34,32
6753,nain,isfahan,2025-12-04,0,40,40
6753,nain,isfahan,2025-12-05,0,23,23
6753,nain,isfahan,2025-12-06,0,29,29
6753,nain,isfahan,2025-12-07,0,30,30
6753,nain,isfahan,2025-12-08,0,32,32
6753,nain,isfahan,2025-12-09,4,35,31
6753,nain,isfahan,2025-12-10,3,39,36
6753,nain,isfahan,2025-12-11,6,55,49
6753,nain,isfahan,2025-12-12,3,31,28
6753,nain,isfahan,2025-12-13,3,33,30
6753,nain,isfahan,2025-12-14,0,30,30
6753,nain,isfahan,2025-12-15,2,38,36
6753,nain,isfahan,2025-12-16,0,38,38
6753,nain,isfahan,2025-12-17,0,40,40
6753,nain,isfahan,2025-12-18,0,52,52
6753,nain,isfahan,2025-12-19,0,33,33
6753,nain,isfahan,2025-12-20,0,33,33
6753,nain,isfahan,2025-12-21,0,28,28
7039,najafabad,isfahan,2025-11-22,24,28,4
7039,najafabad,isfahan,2025-11-23,13,20,7
7039,najafabad,isfahan,2025-11-24,20,32,12
7039,najafabad,isfahan,2025-11-25,7,17,10
7039,najafabad,isfahan,2025-11-26,5,22,17
7039,najafabad,isfahan,2025-11-27,5,23,18
7039,najafabad,isfahan,2025-11-28,4,17,13
7039,najafabad,isfahan,2025-11-29,4,18,14
7039,najafabad,isfahan,2025-11-30,7,21,14
7039,najafabad,isfahan,2025-12-01,7,21,14
7039,najafabad,isfahan,2025-12-02,7,22,15
7039,najafabad,isfahan,2025-12-03,7,24,17
7039,najafabad,isfahan,2025-12-04,5,36,31
7039,najafabad,isfahan,2025-12-05,4,20,16
7039,najafabad,isfahan,2025-12-06,4,24,20
7039,najafabad,isfahan,2025-12-07,4,22,18
7039,najafabad,isfahan,2025-12-08,4,22,18
7039,najafabad,isfahan,2025-12-09,7,23,16
7039,najafabad,isfahan,2025-12-10,2,27,25
7039,najafabad,isfahan,2025-12-11,2,42,40
7039,najafabad,isfahan,2025-12-12,2,21,19
7039,najafabad,isfahan,2025-12-13,2,24,22
7039,najafabad,isfahan,2025-12-14,2,22,20
7039,najafabad,isfahan,2025-12-15,0,27,27
7039,najafabad,isfahan,2025-12-16,0,27,27
7039,najafabad,isfahan,2025-12-17,1,32,31
7039,najafabad,isfahan,2025-12-18,3,40,37
7039,najafabad,isfahan,2025-12-19,1,26,25
7039,najafabad,isfahan,2025-12-20,1,27,26
7039,najafabad,isfahan,2025-12-21,0,24,24
6268,namak_abrud,mazandaran,2025-11-22,2134,2477,343
6268,namak_abrud,mazandaran,2025-11-23,1694,2385,691
6268,namak_abrud,mazandaran,2025-11-24,1347,2205,858
6268,namak_abrud,mazandaran,2025-11-25,1199,2292,1093
6268,namak_abrud,mazandaran,2025-11-26,1530,3601,2071
6268,namak_abrud,mazandaran,2025-11-27,1701,4589,2888
6268,namak_abrud,mazandaran,2025-11-28,582,1701,1119
6268,namak_abrud,mazandaran,2025-11-29,594,1598,1004
6268,namak_abrud,mazandaran,2025-11-30,432,1495,1063
6268,namak_abrud,mazandaran,2025-12-01,418,1501,1083
6268,namak_abrud,mazandaran,2025-12-02,307,1342,1035
6268,namak_abrud,mazandaran,2025-12-03,443,2474,2031
6268,namak_abrud,mazandaran,2025-12-04,500,3990,3490
6268,namak_abrud,mazandaran,2025-12-05,260,1815,1555
6268,namak_abrud,mazandaran,2025-12-06,173,1376,1203
6268,namak_abrud,mazandaran,2025-12-07,153,1179,1026
6268,namak_abrud,mazandaran,2025-12-08,158,1282,1124
6268,namak_abrud,mazandaran,2025-12-09,157,1398,1241
6268,namak_abrud,mazandaran,2025-12-10,241,2309,2068
6268,namak_abrud,mazandaran,2025-12-11,249,4482,4233
6268,namak_abrud,mazandaran,2025-12-12,117,1610,1493
6268,namak_abrud,mazandaran,2025-12-13,79,1164,1085
6268,namak_abrud,mazandaran,2025-12-14,61,975,914
6268,namak_abrud,mazandaran,2025-12-15,60,1149,1089
6268,namak_abrud,mazandaran,2025-12-16,85,1310,1225
6268,namak_abrud,mazandaran,2025-12-17,147,2333,2186
6268,namak_abrud,mazandaran,2025-12-18,170,3262,3092
6268,namak_abrud,mazandaran,2025-12-19,85,1556,1471
6268,namak_abrud,mazandaran,2025-12-20,54,1208,1154
6268,namak_abrud,mazandaran,2025-12-21,20,819,799
8043,nashtarud,mazandaran,2025-11-22,346,397,51
8043,nashtarud,mazandaran,2025-11-23,252,348,96
8043,nashtarud,mazandaran,2025-11-24,167,286,119
8043,nashtarud,mazandaran,2025-11-25,133,276,143
8043,nashtarud,mazandaran,2025-11-26,171,449,278
8043,nashtarud,mazandaran,2025-11-27,170,511,341
8043,nashtarud,mazandaran,2025-11-28,67,221,154
8043,nashtarud,mazandaran,2025-11-29,70,185,115
8043,nashtarud,mazandaran,2025-11-30,73,215,142
8043,nashtarud,mazandaran,2025-12-01,63,220,157
8043,nashtarud,mazandaran,2025-12-02,52,204,152
8043,nashtarud,mazandaran,2025-12-03,66,340,274
8043,nashtarud,mazandaran,2025-12-04,48,564,516
8043,nashtarud,mazandaran,2025-12-05,22,207,185
8043,nashtarud,mazandaran,2025-12-06,33,202,169
8043,nashtarud,mazandaran,2025-12-07,27,195,168
8043,nashtarud,mazandaran,2025-12-08,31,196,165
8043,nashtarud,mazandaran,2025-12-09,30,204,174
8043,nashtarud,mazandaran,2025-12-10,33,294,261
8043,nashtarud,mazandaran,2025-12-11,33,567,534
8043,nashtarud,mazandaran,2025-12-12,21,236,215
8043,nashtarud,mazandaran,2025-12-13,14,198,184
8043,nashtarud,mazandaran,2025-12-14,11,176,165
8043,nashtarud,mazandaran,2025-12-15,11,208,197
8043,nashtarud,mazandaran,2025-12-16,18,220,202
8043,nashtarud,mazandaran,2025-12-17,29,300,271
8043,nashtarud,mazandaran,2025-12-18,28,380,352
8043,nashtarud,mazandaran,2025-12-19,22,229,207
8043,nashtarud,mazandaran,2025-12-20,18,174,156
8043,nashtarud,mazandaran,2025-12-21,8,124,116
7515,nasimshahr,tehran,2025-11-22,0,0,0
7515,nasimshahr,tehran,2025-11-23,0,0,0
7515,nasimshahr,tehran,2025-11-24,0,0,0
7515,nasimshahr,tehran,2025-11-25,0,0,0
7515,nasimshahr,tehran,2025-11-26,0,0,0
7515,nasimshahr,tehran,2025-11-27,0,0,0
7515,nasimshahr,tehran,2025-11-28,0,0,0
7515,nasimshahr,tehran,2025-11-29,0,0,0
7515,nasimshahr,tehran,2025-11-30,0,0,0
7515,nasimshahr,tehran,2025-12-01,0,0,0
7515,nasimshahr,tehran,2025-12-02,0,0,0
7515,nasimshahr,tehran,2025-12-03,0,0,0
7515,nasimshahr,tehran,2025-12-04,0,0,0
7515,nasimshahr,tehran,2025-12-05,0,0,0
7515,nasimshahr,tehran,2025-12-06,0,0,0
7515,nasimshahr,tehran,2025-12-07,0,0,0
7515,nasimshahr,tehran,2025-12-08,0,0,0
7515,nasimshahr,tehran,2025-12-09,0,0,0
7515,nasimshahr,tehran,2025-12-10,0,0,0
7515,nasimshahr,tehran,2025-12-11,0,0,0
7515,nasimshahr,tehran,2025-12-12,0,0,0
7515,nasimshahr,tehran,2025-12-13,0,0,0
7515,nasimshahr,tehran,2025-12-14,0,0,0
7515,nasimshahr,tehran,2025-12-15,0,0,0
7515,nasimshahr,tehran,2025-12-16,0,0,0
7515,nasimshahr,tehran,2025-12-17,0,0,0
7515,nasimshahr,tehran,2025-12-18,0,0,0
7515,nasimshahr,tehran,2025-12-19,0,0,0
7515,nasimshahr,tehran,2025-12-20,0,0,0
7515,nasimshahr,tehran,2025-12-21,0,0,0
2406,nasirabad,tehran,2025-11-22,5,5,0
2406,nasirabad,tehran,2025-11-23,4,4,0
2406,nasirabad,tehran,2025-11-24,4,4,0
2406,nasirabad,tehran,2025-11-25,5,5,0
2406,nasirabad,tehran,2025-11-26,5,5,0
2406,nasirabad,tehran,2025-11-27,5,5,0
2406,nasirabad,tehran,2025-11-28,5,5,0
2406,nasirabad,tehran,2025-11-29,5,5,0
2406,nasirabad,tehran,2025-11-30,5,6,1
2406,nasirabad,tehran,2025-12-01,4,4,0
2406,nasirabad,tehran,2025-12-02,4,5,1
2406,nasirabad,tehran,2025-12-03,4,5,1
2406,nasirabad,tehran,2025-12-04,4,5,1
2406,nasirabad,tehran,2025-12-05,4,5,1
2406,nasirabad,tehran,2025-12-06,4,4,0
2406,nasirabad,tehran,2025-12-07,4,4,0
2406,nasirabad,tehran,2025-12-08,4,4,0
2406,nasirabad,tehran,2025-12-09,4,4,0
2406,nasirabad,tehran,2025-12-10,4,5,1
2406,nasirabad,tehran,2025-12-11,4,5,1
2406,nasirabad,tehran,2025-12-12,4,4,0
2406,nasirabad,tehran,2025-12-13,4,5,1
2406,nasirabad,tehran,2025-12-14,4,4,0
2406,nasirabad,tehran,2025-12-15,4,5,1
2406,nasirabad,tehran,2025-12-16,4,5,1
2406,nasirabad,tehran,2025-12-17,4,5,1
2406,nasirabad,tehran,2025-12-18,4,5,1
2406,nasirabad,tehran,2025-12-19,4,5,1
2406,nasirabad,tehran,2025-12-20,4,5,1
2406,nasirabad,tehran,2025-12-21,4,4,0
1895,natanz,isfahan,2025-11-22,21,25,4
1895,natanz,isfahan,2025-11-23,20,28,8
1895,natanz,isfahan,2025-11-24,7,15,8
1895,natanz,isfahan,2025-11-25,8,18,10
1895,natanz,isfahan,2025-11-26,9,29,20
1895,natanz,isfahan,2025-11-27,17,68,51
1895,natanz,isfahan,2025-11-28,4,17,13
1895,natanz,isfahan,2025-11-29,1,13,12
1895,natanz,isfahan,2025-11-30,4,17,13
1895,natanz,isfahan,2025-12-01,4,21,17
1895,natanz,isfahan,2025-12-02,1,19,18
1895,natanz,isfahan,2025-12-03,4,29,25
1895,natanz,isfahan,2025-12-04,6,88,82
1895,natanz,isfahan,2025-12-05,1,21,20
1895,natanz,isfahan,2025-12-06,1,22,21
1895,natanz,isfahan,2025-12-07,1,20,19
1895,natanz,isfahan,2025-12-08,1,21,20
1895,natanz,isfahan,2025-12-09,3,24,21
1895,natanz,isfahan,2025-12-10,3,34,31
1895,natanz,isfahan,2025-12-11,3,90,87
1895,natanz,isfahan,2025-12-12,8,29,21
1895,natanz,isfahan,2025-12-13,3,23,20
1895,natanz,isfahan,2025-12-14,1,19,18
1895,natanz,isfahan,2025-12-15,1,26,25
1895,natanz,isfahan,2025-12-16,4,30,26
1895,natanz,isfahan,2025-12-17,3,39,36
1895,natanz,isfahan,2025-12-18,16,90,74
1895,natanz,isfahan,2025-12-19,8,36,28
1895,natanz,isfahan,2025-12-20,8,31,23
1895,natanz,isfahan,2025-12-21,0,16,16
1239,nazar_abad,alborz,2025-11-22,5,5,0
1239,nazar_abad,alborz,2025-11-23,5,7,2
1239,nazar_abad,alborz,2025-11-24,7,10,3
1239,nazar_abad,alborz,2025-11-25,7,10,3
1239,nazar_abad,alborz,2025-11-26,8,12,4
1239,nazar_abad,alborz,2025-11-27,8,16,8
1239,nazar_abad,alborz,2025-11-28,5,8,3
1239,nazar_abad,alborz,2025-11-29,5,8,3
1239,nazar_abad,alborz,2025-11-30,5,8,3
1239,nazar_abad,alborz,2025-12-01,5,9,4
1239,nazar_abad,alborz,2025-12-02,2,7,5
1239,nazar_abad,alborz,2025-12-03,2,8,6
1239,nazar_abad,alborz,2025-12-04,2,17,15
1239,nazar_abad,alborz,2025-12-05,2,8,6
1239,nazar_abad,alborz,2025-12-06,2,8,6
1239,nazar_abad,alborz,2025-12-07,2,8,6
1239,nazar_abad,alborz,2025-12-08,2,8,6
1239,nazar_abad,alborz,2025-12-09,2,8,6
1239,nazar_abad,alborz,2025-12-10,4,11,7
1239,nazar_abad,alborz,2025-12-11,4,19,15
1239,nazar_abad,alborz,2025-12-12,2,8,6
1239,nazar_abad,alborz,2025-12-13,2,8,6
1239,nazar_abad,alborz,2025-12-14,2,8,6
1239,nazar_abad,alborz,2025-12-15,2,9,7
1239,nazar_abad,alborz,2025-12-16,2,10,8
1239,nazar_abad,alborz,2025-12-17,2,10,8
1239,nazar_abad,alborz,2025-12-18,2,16,14
1239,nazar_abad,alborz,2025-12-19,2,9,7
1239,nazar_abad,alborz,2025-12-20,2,8,6
1239,nazar_abad,alborz,2025-12-21,2,7,5
2108,neghab,khorasan_razavi,2025-11-22,0,0,0
2108,neghab,khorasan_razavi,2025-11-23,0,0,0
2108,neghab,khorasan_razavi,2025-11-24,0,0,0
2108,neghab,khorasan_razavi,2025-11-25,0,0,0
2108,neghab,khorasan_razavi,2025-11-26,0,0,0
2108,neghab,khorasan_razavi,2025-11-27,0,0,0
2108,neghab,khorasan_razavi,2025-11-28,0,0,0
2108,neghab,khorasan_razavi,2025-11-29,0,0,0
2108,neghab,khorasan_razavi,2025-11-30,0,0,0
2108,neghab,khorasan_razavi,2025-12-01,0,0,0
2108,neghab,khorasan_razavi,2025-12-02,0,0,0
2108,neghab,khorasan_razavi,2025-12-03,0,0,0
2108,neghab,khorasan_razavi,2025-12-04,0,0,0
2108,neghab,khorasan_razavi,2025-12-05,0,0,0
2108,neghab,khorasan_razavi,2025-12-06,0,0,0
2108,neghab,khorasan_razavi,2025-12-07,0,0,0
2108,neghab,khorasan_razavi,2025-12-08,0,0,0
2108,neghab,khorasan_razavi,2025-12-09,0,0,0
2108,neghab,khorasan_razavi,2025-12-10,0,0,0
2108,neghab,khorasan_razavi,2025-12-11,0,0,0
2108,neghab,khorasan_razavi,2025-12-12,0,0,0
2108,neghab,khorasan_razavi,2025-12-13,0,0,0
2108,neghab,khorasan_razavi,2025-12-14,0,0,0
2108,neghab,khorasan_razavi,2025-12-15,0,0,0
2108,neghab,khorasan_razavi,2025-12-16,0,0,0
2108,neghab,khorasan_razavi,2025-12-17,0,0,0
2108,neghab,khorasan_razavi,2025-12-18,0,0,0
2108,neghab,khorasan_razavi,2025-12-19,0,0,0
2108,neghab,khorasan_razavi,2025-12-20,0,0,0
2108,neghab,khorasan_razavi,2025-12-21,0,0,0
7008,neka,mazandaran,2025-11-22,68,80,12
7008,neka,mazandaran,2025-11-23,43,59,16
7008,neka,mazandaran,2025-11-24,34,53,19
7008,neka,mazandaran,2025-11-25,33,55,22
7008,neka,mazandaran,2025-11-26,34,77,43
7008,neka,mazandaran,2025-11-27,24,81,57
7008,neka,mazandaran,2025-11-28,0,22,22
7008,neka,mazandaran,2025-11-29,5,23,18
7008,neka,mazandaran,2025-11-30,2,26,24
7008,neka,mazandaran,2025-12-01,2,26,24
7008,neka,mazandaran,2025-12-02,3,28,25
7008,neka,mazandaran,2025-12-03,4,51,47
7008,neka,mazandaran,2025-12-04,5,85,80
7008,neka,mazandaran,2025-12-05,0,27,27
7008,neka,mazandaran,2025-12-06,0,28,28
7008,neka,mazandaran,2025-12-07,3,31,28
7008,neka,mazandaran,2025-12-08,5,31,26
7008,neka,mazandaran,2025-12-09,7,33,26
7008,neka,mazandaran,2025-12-10,3,42,39
7008,neka,mazandaran,2025-12-11,4,103,99
7008,neka,mazandaran,2025-12-12,0,29,29
7008,neka,mazandaran,2025-12-13,0,27,27
7008,neka,mazandaran,2025-12-14,0,26,26
7008,neka,mazandaran,2025-12-15,0,31,31
7008,neka,mazandaran,2025-12-16,0,34,34
7008,neka,mazandaran,2025-12-17,0,48,48
7008,neka,mazandaran,2025-12-18,0,77,77
7008,neka,mazandaran,2025-12-19,0,36,36
7008,neka,mazandaran,2025-12-20,2,31,29
7008,neka,mazandaran,2025-12-21,0,24,24
2670,niasar,isfahan,2025-11-22,11,13,2
2670,niasar,isfahan,2025-11-23,9,12,3
2670,niasar,isfahan,2025-11-24,1,4,3
2670,niasar,isfahan,2025-11-25,0,3,3
2670,niasar,isfahan,2025-11-26,5,12,7
2670,niasar,isfahan,2025-11-27,7,37,30
2670,niasar,isfahan,2025-11-28,2,7,5
2670,niasar,isfahan,2025-11-29,0,4,4
2670,niasar,isfahan,2025-11-30,9,16,7
2670,niasar,isfahan,2025-12-01,9,17,8
2670,niasar,isfahan,2025-12-02,11,22,11
2670,niasar,isfahan,2025-12-03,6,19,13
2670,niasar,isfahan,2025-12-04,8,73,65
2670,niasar,isfahan,2025-12-05,0,8,8
2670,niasar,isfahan,2025-12-06,0,6,6
2670,niasar,isfahan,2025-12-07,1,8,7
2670,niasar,isfahan,2025-12-08,1,7,6
2670,niasar,isfahan,2025-12-09,0,6,6
2670,niasar,isfahan,2025-12-10,0,10,10
2670,niasar,isfahan,2025-12-11,1,45,44
2670,niasar,isfahan,2025-12-12,0,8,8
2670,niasar,isfahan,2025-12-13,0,7,7
2670,niasar,isfahan,2025-12-14,0,6,6
2670,niasar,isfahan,2025-12-15,0,8,8
2670,niasar,isfahan,2025-12-16,0,8,8
2670,niasar,isfahan,2025-12-17,0,13,13
2670,niasar,isfahan,2025-12-18,2,36,34
2670,niasar,isfahan,2025-12-19,0,10,10
2670,niasar,isfahan,2025-12-20,0,8,8
2670,niasar,isfahan,2025-12-21,0,6,6
1931,nikabad,isfahan,2025-11-22,0,0,0
1931,nikabad,isfahan,2025-11-23,0,0,0
1931,nikabad,isfahan,2025-11-24,0,0,0
1931,nikabad,isfahan,2025-11-25,0,0,0
1931,nikabad,isfahan,2025-11-26,0,0,0
1931,nikabad,isfahan,2025-11-27,0,0,0
1931,nikabad,isfahan,2025-11-28,0,0,0
1931,nikabad,isfahan,2025-11-29,0,0,0
1931,nikabad,isfahan,2025-11-30,0,0,0
1931,nikabad,isfahan,2025-12-01,0,0,0
1931,nikabad,isfahan,2025-12-02,0,0,0
1931,nikabad,isfahan,2025-12-03,0,0,0
1931,nikabad,isfahan,2025-12-04,0,0,0
1931,nikabad,isfahan,2025-12-05,0,0,0
1931,nikabad,isfahan,2025-12-06,0,0,0
1931,nikabad,isfahan,2025-12-07,0,0,0
1931,nikabad,isfahan,2025-12-08,0,0,0
1931,nikabad,isfahan,2025-12-09,0,0,0
1931,nikabad,isfahan,2025-12-10,0,0,0
1931,nikabad,isfahan,2025-12-11,0,0,0
1931,nikabad,isfahan,2025-12-12,0,0,0
1931,nikabad,isfahan,2025-12-13,0,0,0
1931,nikabad,isfahan,2025-12-14,0,0,0
1931,nikabad,isfahan,2025-12-15,0,0,0
1931,nikabad,isfahan,2025-12-16,0,0,0
1931,nikabad,isfahan,2025-12-17,0,0,0
1931,nikabad,isfahan,2025-12-18,0,0,0
1931,nikabad,isfahan,2025-12-19,0,0,0
1931,nikabad,isfahan,2025-12-20,0,0,0
1931,nikabad,isfahan,2025-12-21,0,0,0
4419,nishapur,khorasan_razavi,2025-11-22,276,321,45
4419,nishapur,khorasan_razavi,2025-11-23,153,222,69
4419,nishapur,khorasan_razavi,2025-11-24,142,227,85
4419,nishapur,khorasan_razavi,2025-11-25,79,158,79
4419,nishapur,khorasan_razavi,2025-11-26,54,146,92
4419,nishapur,khorasan_razavi,2025-11-27,70,276,206
4419,nishapur,khorasan_razavi,2025-11-28,41,118,77
4419,nishapur,khorasan_razavi,2025-11-29,64,136,72
4419,nishapur,khorasan_razavi,2025-11-30,42,117,75
4419,nishapur,khorasan_razavi,2025-12-01,67,165,98
4419,nishapur,khorasan_razavi,2025-12-02,56,172,116
4419,nishapur,khorasan_razavi,2025-12-03,73,263,190
4419,nishapur,khorasan_razavi,2025-12-04,45,459,414
4419,nishapur,khorasan_razavi,2025-12-05,22,138,116
4419,nishapur,khorasan_razavi,2025-12-06,22,127,105
4419,nishapur,khorasan_razavi,2025-12-07,16,106,90
4419,nishapur,khorasan_razavi,2025-12-08,17,122,105
4419,nishapur,khorasan_razavi,2025-12-09,15,128,113
4419,nishapur,khorasan_razavi,2025-12-10,35,198,163
4419,nishapur,khorasan_razavi,2025-12-11,25,412,387
4419,nishapur,khorasan_razavi,2025-12-12,25,158,133
4419,nishapur,khorasan_razavi,2025-12-13,17,123,106
4419,nishapur,khorasan_razavi,2025-12-14,17,135,118
4419,nishapur,khorasan_razavi,2025-12-15,14,145,131
4419,nishapur,khorasan_razavi,2025-12-16,11,160,149
4419,nishapur,khorasan_razavi,2025-12-17,16,204,188
4419,nishapur,khorasan_razavi,2025-12-18,28,373,345
4419,nishapur,khorasan_razavi,2025-12-19,50,237,187
4419,nishapur,khorasan_razavi,2025-12-20,30,144,114
4419,nishapur,khorasan_razavi,2025-12-21,18,111,93
1638,noor,mazandaran,2025-11-22,2487,2924,437
1638,noor,mazandaran,2025-11-23,1871,2658,787
1638,noor,mazandaran,2025-11-24,1328,2140,812
1638,noor,mazandaran,2025-11-25,1245,2332,1087
1638,noor,mazandaran,2025-11-26,1327,3529,2202
1638,noor,mazandaran,2025-11-27,1280,4190,2910
1638,noor,mazandaran,2025-11-28,448,1437,989
1638,noor,mazandaran,2025-11-29,385,1181,796
1638,noor,mazandaran,2025-11-30,350,1307,957
1638,noor,mazandaran,2025-12-01,319,1272,953
1638,noor,mazandaran,2025-12-02,236,1242,1006
1638,noor,mazandaran,2025-12-03,364,2300,1936
1638,noor,mazandaran,2025-12-04,544,4466,3922
1638,noor,mazandaran,2025-12-05,237,1671,1434
1638,noor,mazandaran,2025-12-06,166,1325,1159
1638,noor,mazandaran,2025-12-07,90,1233,1143
1638,noor,mazandaran,2025-12-08,104,1240,1136
1638,noor,mazandaran,2025-12-09,94,1389,1295
1638,noor,mazandaran,2025-12-10,148,1964,1816
1638,noor,mazandaran,2025-12-11,166,3590,3424
1638,noor,mazandaran,2025-12-12,106,1478,1372
1638,noor,mazandaran,2025-12-13,89,1251,1162
1638,noor,mazandaran,2025-12-14,62,1126,1064
1638,noor,mazandaran,2025-12-15,57,1245,1188
1638,noor,mazandaran,2025-12-16,50,1454,1404
1638,noor,mazandaran,2025-12-17,110,2087,1977
1638,noor,mazandaran,2025-12-18,91,2695,2604
1638,noor,mazandaran,2025-12-19,15,1050,1035
1638,noor,mazandaran,2025-12-20,27,1142,1115
1638,noor,mazandaran,2025-12-21,14,923,909
7040,nooshabad,isfahan,2025-11-22,4,4,0
7040,nooshabad,isfahan,2025-11-23,4,4,0
7040,nooshabad,isfahan,2025-11-24,0,0,0
7040,nooshabad,isfahan,2025-11-25,0,0,0
7040,nooshabad,isfahan,2025-11-26,0,1,1
7040,nooshabad,isfahan,2025-11-27,0,1,1
7040,nooshabad,isfahan,2025-11-28,0,0,0
7040,nooshabad,isfahan,2025-11-29,0,0,0
7040,nooshabad,isfahan,2025-11-30,2,2,0
7040,nooshabad,isfahan,2025-12-01,0,0,0
7040,nooshabad,isfahan,2025-12-02,0,0,0
7040,nooshabad,isfahan,2025-12-03,4,5,1
7040,nooshabad,isfahan,2025-12-04,0,2,2
7040,nooshabad,isfahan,2025-12-05,0,0,0
7040,nooshabad,isfahan,2025-12-06,0,0,0
7040,nooshabad,isfahan,2025-12-07,0,0,0
7040,nooshabad,isfahan,2025-12-08,2,2,0
7040,nooshabad,isfahan,2025-12-09,0,0,0
7040,nooshabad,isfahan,2025-12-10,5,6,1
7040,nooshabad,isfahan,2025-12-11,0,2,2
7040,nooshabad,isfahan,2025-12-12,0,0,0
7040,nooshabad,isfahan,2025-12-13,0,0,0
7040,nooshabad,isfahan,2025-12-14,0,0,0
7040,nooshabad,isfahan,2025-12-15,0,0,0
7040,nooshabad,isfahan,2025-12-16,0,0,0
7040,nooshabad,isfahan,2025-12-17,0,1,1
7040,nooshabad,isfahan,2025-12-18,0,1,1
7040,nooshabad,isfahan,2025-12-19,0,1,1
7040,nooshabad,isfahan,2025-12-20,0,0,0
7040,nooshabad,isfahan,2025-12-21,0,0,0
7810,nowshahr,mazandaran,2025-11-22,6584,7347,763
7810,nowshahr,mazandaran,2025-11-23,4990,6540,1550
7810,nowshahr,mazandaran,2025-11-24,3694,5571,1877
7810,nowshahr,mazandaran,2025-11-25,3723,6461,2738
7810,nowshahr,mazandaran,2025-11-26,4533,10078,5545
7810,nowshahr,mazandaran,2025-11-27,4382,11960,7578
7810,nowshahr,mazandaran,2025-11-28,1513,4167,2654
7810,nowshahr,mazandaran,2025-11-29,1261,3387,2126
7810,nowshahr,mazandaran,2025-11-30,1233,3796,2563
7810,nowshahr,mazandaran,2025-12-01,1087,3634,2547
7810,nowshahr,mazandaran,2025-12-02,1118,4180,3062
7810,nowshahr,mazandaran,2025-12-03,1455,6980,5525
7810,nowshahr,mazandaran,2025-12-04,1497,10509,9012
7810,nowshahr,mazandaran,2025-12-05,636,4206,3570
7810,nowshahr,mazandaran,2025-12-06,576,3785,3209
7810,nowshahr,mazandaran,2025-12-07,508,3533,3025
7810,nowshahr,mazandaran,2025-12-08,482,3341,2859
7810,nowshahr,mazandaran,2025-12-09,473,3610,3137
7810,nowshahr,mazandaran,2025-12-10,587,5949,5362
7810,nowshahr,mazandaran,2025-12-11,654,10250,9596
7810,nowshahr,mazandaran,2025-12-12,345,4077,3732
7810,nowshahr,mazandaran,2025-12-13,377,3349,2972
7810,nowshahr,mazandaran,2025-12-14,352,3160,2808
7810,nowshahr,mazandaran,2025-12-15,352,3230,2878
7810,nowshahr,mazandaran,2025-12-16,424,4438,4014
7810,nowshahr,mazandaran,2025-12-17,477,6242,5765
7810,nowshahr,mazandaran,2025-12-18,666,8516,7850
7810,nowshahr,mazandaran,2025-12-19,357,4005,3648
7810,nowshahr,mazandaran,2025-12-20,250,3196,2946
7810,nowshahr,mazandaran,2025-12-21,94,2145,2051
1494,paein_hular,mazandaran,2025-11-22,0,0,0
1494,paein_hular,mazandaran,2025-11-23,0,0,0
1494,paein_hular,mazandaran,2025-11-24,0,0,0
1494,paein_hular,mazandaran,2025-11-25,0,0,0
1494,paein_hular,mazandaran,2025-11-26,0,0,0
1494,paein_hular,mazandaran,2025-11-27,0,0,0
1494,paein_hular,mazandaran,2025-11-28,0,0,0
1494,paein_hular,mazandaran,2025-11-29,0,0,0
1494,paein_hular,mazandaran,2025-11-30,0,0,0
1494,paein_hular,mazandaran,2025-12-01,0,0,0
1494,paein_hular,mazandaran,2025-12-02,0,0,0
1494,paein_hular,mazandaran,2025-12-03,0,0,0
1494,paein_hular,mazandaran,2025-12-04,0,0,0
1494,paein_hular,mazandaran,2025-12-05,0,0,0
1494,paein_hular,mazandaran,2025-12-06,0,0,0
1494,paein_hular,mazandaran,2025-12-07,0,0,0
1494,paein_hular,mazandaran,2025-12-08,0,0,0
1494,paein_hular,mazandaran,2025-12-09,0,0,0
1494,paein_hular,mazandaran,2025-12-10,0,0,0
1494,paein_hular,mazandaran,2025-12-11,0,0,0
1494,paein_hular,mazandaran,2025-12-12,0,0,0
1494,paein_hular,mazandaran,2025-12-13,0,0,0
1494,paein_hular,mazandaran,2025-12-14,0,0,0
1494,paein_hular,mazandaran,2025-12-15,0,0,0
1494,paein_hular,mazandaran,2025-12-16,0,0,0
1494,paein_hular,mazandaran,2025-12-17,0,0,0
1494,paein_hular,mazandaran,2025-12-18,0,0,0
1494,paein_hular,mazandaran,2025-12-19,0,0,0
1494,paein_hular,mazandaran,2025-12-20,0,0,0
1494,paein_hular,mazandaran,2025-12-21,0,0,0
8445,pakdasht,tehran,2025-11-22,40,47,7
8445,pakdasht,tehran,2025-11-23,43,59,16
8445,pakdasht,tehran,2025-11-24,39,60,21
8445,pakdasht,tehran,2025-11-25,32,57,25
8445,pakdasht,tehran,2025-11-26,32,63,31
8445,pakdasht,tehran,2025-11-27,53,123,70
8445,pakdasht,tehran,2025-11-28,14,32,18
8445,pakdasht,tehran,2025-11-29,9,27,18
8445,pakdasht,tehran,2025-11-30,12,33,21
8445,pakdasht,tehran,2025-12-01,13,37,24
8445,pakdasht,tehran,2025-12-02,15,46,31
8445,pakdasht,tehran,2025-12-03,12,43,31
8445,pakdasht,tehran,2025-12-04,19,108,89
8445,pakdasht,tehran,2025-12-05,21,71,50
8445,pakdasht,tehran,2025-12-06,8,40,32
8445,pakdasht,tehran,2025-12-07,3,36,33
8445,pakdasht,tehran,2025-12-08,3,36,33
8445,pakdasht,tehran,2025-12-09,6,38,32
8445,pakdasht,tehran,2025-12-10,17,81,64
8445,pakdasht,tehran,2025-12-11,25,173,148
8445,pakdasht,tehran,2025-12-12,3,34,31
8445,pakdasht,tehran,2025-12-13,1,33,32
8445,pakdasht,tehran,2025-12-14,9,49,40
8445,pakdasht,tehran,2025-12-15,4,41,37
8445,pakdasht,tehran,2025-12-16,5,49,44
8445,pakdasht,tehran,2025-12-17,14,81,67
8445,pakdasht,tehran,2025-12-18,3,69,66
8445,pakdasht,tehran,2025-12-19,1,38,37
8445,pakdasht,tehran,2025-12-20,3,42,39
8445,pakdasht,tehran,2025-12-21,6,46,40
6287,parand,tehran,2025-11-22,48,62,14
6287,parand,tehran,2025-11-23,50,76,26
6287,parand,tehran,2025-11-24,34,62,28
6287,parand,tehran,2025-11-25,27,57,30
6287,parand,tehran,2025-11-26,29,74,45
6287,parand,tehran,2025-11-27,35,106,71
6287,parand,tehran,2025-11-28,21,57,36
6287,parand,tehran,2025-11-29,12,46,34
6287,parand,tehran,2025-11-30,16,56,40
6287,parand,tehran,2025-12-01,8,45,37
6287,parand,tehran,2025-12-02,11,57,46
6287,parand,tehran,2025-12-03,10,61,51
6287,parand,tehran,2025-12-04,14,103,89
6287,parand,tehran,2025-12-05,14,60,46
6287,parand,tehran,2025-12-06,8,61,53
6287,parand,tehran,2025-12-07,8,59,51
6287,parand,tehran,2025-12-08,7,56,49
6287,parand,tehran,2025-12-09,7,59,52
6287,parand,tehran,2025-12-10,7,63,56
6287,parand,tehran,2025-12-11,9,115,106
6287,parand,tehran,2025-12-12,8,58,50
6287,parand,tehran,2025-12-13,7,62,55
6287,parand,tehran,2025-12-14,7,56,49
6287,parand,tehran,2025-12-15,8,64,56
6287,parand,tehran,2025-12-16,6,72,66
6287,parand,tehran,2025-12-17,6,73,67
6287,parand,tehran,2025-12-18,8,110,102
6287,parand,tehran,2025-12-19,6,70,64
6287,parand,tehran,2025-12-20,7,65,58
6287,parand,tehran,2025-12-21,2,45,43
2969,pardis,tehran,2025-11-22,72,89,17
2969,pardis,tehran,2025-11-23,84,121,37
2969,pardis,tehran,2025-11-24,64,104,40
2969,pardis,tehran,2025-11-25,44,85,41
2969,pardis,tehran,2025-11-26,63,133,70
2969,pardis,tehran,2025-11-27,115,286,171
2969,pardis,tehran,2025-11-28,48,121,73
2969,pardis,tehran,2025-11-29,37,96,59
2969,pardis,tehran,2025-11-30,30,92,62
2969,pardis,tehran,2025-12-01,40,114,74
2969,pardis,tehran,2025-12-02,36,122,86
2969,pardis,tehran,2025-12-03,18,93,75
2969,pardis,tehran,2025-12-04,25,201,176
2969,pardis,tehran,2025-12-05,29,131,102
2969,pardis,tehran,2025-12-06,8,79,71
2969,pardis,tehran,2025-12-07,12,90,78
2969,pardis,tehran,2025-12-08,10,89,79
2969,pardis,tehran,2025-12-09,9,93,84
2969,pardis,tehran,2025-12-10,16,114,98
2969,pardis,tehran,2025-12-11,12,231,219
2969,pardis,tehran,2025-12-12,12,121,109
2969,pardis,tehran,2025-12-13,10,96,86
2969,pardis,tehran,2025-12-14,11,100,89
2969,pardis,tehran,2025-12-15,10,113,103
2969,pardis,tehran,2025-12-16,10,120,110
2969,pardis,tehran,2025-12-17,18,142,124
2969,pardis,tehran,2025-12-18,32,302,270
2969,pardis,tehran,2025-12-19,9,139,130
2969,pardis,tehran,2025-12-20,16,111,95
2969,pardis,tehran,2025-12-21,13,96,83
9063,parehsar,gilan,2025-11-22,113,128,15
9063,parehsar,gilan,2025-11-23,92,119,27
9063,parehsar,gilan,2025-11-24,50,79,29
9063,parehsar,gilan,2025-11-25,33,66,33
9063,parehsar,gilan,2025-11-26,52,122,70
9063,parehsar,gilan,2025-11-27,57,152,95
9063,parehsar,gilan,2025-11-28,23,57,34
9063,parehsar,gilan,2025-11-29,12,41,29
9063,parehsar,gilan,2025-11-30,5,26,21
9063,parehsar,gilan,2025-12-01,5,27,22
9063,parehsar,gilan,2025-12-02,7,38,31
9063,parehsar,gilan,2025-12-03,30,121,91
9063,parehsar,gilan,2025-12-04,30,201,171
9063,parehsar,gilan,2025-12-05,9,54,45
9063,parehsar,gilan,2025-12-06,6,46,40
9063,parehsar,gilan,2025-12-07,6,41,35
9063,parehsar,gilan,2025-12-08,4,36,32
9063,parehsar,gilan,2025-12-09,2,31,29
9063,parehsar,gilan,2025-12-10,10,62,52
9063,parehsar,gilan,2025-12-11,23,185,162
9063,parehsar,gilan,2025-12-12,15,57,42
9063,parehsar,gilan,2025-12-13,2,29,27
9063,parehsar,gilan,2025-12-14,0,24,24
9063,parehsar,gilan,2025-12-15,0,30,30
9063,parehsar,gilan,2025-12-16,0,31,31
9063,parehsar,gilan,2025-12-17,0,45,45
9063,parehsar,gilan,2025-12-18,7,84,77
9063,parehsar,gilan,2025-12-19,0,36,36
9063,parehsar,gilan,2025-12-20,0,28,28
9063,parehsar,gilan,2025-12-21,0,20,20
2642,parsian,hormozgan,2025-11-22,583,622,39
2642,parsian,hormozgan,2025-11-23,540,623,83
2642,parsian,hormozgan,2025-11-24,726,889,163
2642,parsian,hormozgan,2025-11-25,761,1008,247
2642,parsian,hormozgan,2025-11-26,741,1087,346
2642,parsian,hormozgan,2025-11-27,564,891,327
2642,parsian,hormozgan,2025-11-28,166,277,111
2642,parsian,hormozgan,2025-11-29,198,317,119
2642,parsian,hormozgan,2025-11-30,187,355,168
2642,parsian,hormozgan,2025-12-01,217,374,157
2642,parsian,hormozgan,2025-12-02,216,428,212
2642,parsian,hormozgan,2025-12-03,214,513,299
2642,parsian,hormozgan,2025-12-04,152,547,395
2642,parsian,hormozgan,2025-12-05,79,259,180
2642,parsian,hormozgan,2025-12-06,112,351,239
2642,parsian,hormozgan,2025-12-07,72,301,229
2642,parsian,hormozgan,2025-12-08,78,291,213
2642,parsian,hormozgan,2025-12-09,94,334,240
2642,parsian,hormozgan,2025-12-10,108,404,296
2642,parsian,hormozgan,2025-12-11,105,549,444
2642,parsian,hormozgan,2025-12-12,62,321,259
2642,parsian,hormozgan,2025-12-13,65,291,226
2642,parsian,hormozgan,2025-12-14,68,282,214
2642,parsian,hormozgan,2025-12-15,70,353,283
2642,parsian,hormozgan,2025-12-16,77,447,370
2642,parsian,hormozgan,2025-12-17,65,414,349
2642,parsian,hormozgan,2025-12-18,54,390,336
2642,parsian,hormozgan,2025-12-19,41,287,246
2642,parsian,hormozgan,2025-12-20,50,340,290
2642,parsian,hormozgan,2025-12-21,13,119,106
7154,pirbakran,isfahan,2025-11-22,0,0,0
7154,pirbakran,isfahan,2025-11-23,0,0,0
7154,pirbakran,isfahan,2025-11-24,0,0,0
7154,pirbakran,isfahan,2025-11-25,0,0,0
7154,pirbakran,isfahan,2025-11-26,0,0,0
7154,pirbakran,isfahan,2025-11-27,0,0,0
7154,pirbakran,isfahan,2025-11-28,0,0,0
7154,pirbakran,isfahan,2025-11-29,0,0,0
7154,pirbakran,isfahan,2025-11-30,0,0,0
7154,pirbakran,isfahan,2025-12-01,0,0,0
7154,pirbakran,isfahan,2025-12-02,0,0,0
7154,pirbakran,isfahan,2025-12-03,0,0,0
7154,pirbakran,isfahan,2025-12-04,0,0,0
7154,pirbakran,isfahan,2025-12-05,0,0,0
7154,pirbakran,isfahan,2025-12-06,0,0,0
7154,pirbakran,isfahan,2025-12-07,0,0,0
7154,pirbakran,isfahan,2025-12-08,0,0,0
7154,pirbakran,isfahan,2025-12-09,0,0,0
7154,pirbakran,isfahan,2025-12-10,0,0,0
7154,pirbakran,isfahan,2025-12-11,0,0,0
7154,pirbakran,isfahan,2025-12-12,0,0,0
7154,pirbakran,isfahan,2025-12-13,0,0,0
7154,pirbakran,isfahan,2025-12-14,0,0,0
7154,pirbakran,isfahan,2025-12-15,0,0,0
7154,pirbakran,isfahan,2025-12-16,0,0,0
7154,pirbakran,isfahan,2025-12-17,0,0,0
7154,pirbakran,isfahan,2025-12-18,0,0,0
7154,pirbakran,isfahan,2025-12-19,0,0,0
7154,pirbakran,isfahan,2025-12-20,0,0,0
7154,pirbakran,isfahan,2025-12-21,0,0,0
8504,pishva,tehran,2025-11-22,0,0,0
8504,pishva,tehran,2025-11-23,0,0,0
8504,pishva,tehran,2025-11-24,0,0,0
8504,pishva,tehran,2025-11-25,0,0,0
8504,pishva,tehran,2025-11-26,0,0,0
8504,pishva,tehran,2025-11-27,0,0,0
8504,pishva,tehran,2025-11-28,0,0,0
8504,pishva,tehran,2025-11-29,0,0,0
8504,pishva,tehran,2025-11-30,0,0,0
8504,pishva,tehran,2025-12-01,0,0,0
8504,pishva,tehran,2025-12-02,0,0,0
8504,pishva,tehran,2025-12-03,0,0,0
8504,pishva,tehran,2025-12-04,0,0,0
8504,pishva,tehran,2025-12-05,0,0,0
8504,pishva,tehran,2025-12-06,0,0,0
8504,pishva,tehran,2025-12-07,0,0,0
8504,pishva,tehran,2025-12-08,0,0,0
8504,pishva,tehran,2025-12-09,0,0,0
8504,pishva,tehran,2025-12-10,0,0,0
8504,pishva,tehran,2025-12-11,0,0,0
8504,pishva,tehran,2025-12-12,0,0,0
8504,pishva,tehran,2025-12-13,0,0,0
8504,pishva,tehran,2025-12-14,0,0,0
8504,pishva,tehran,2025-12-15,0,0,0
8504,pishva,tehran,2025-12-16,0,0,0
8504,pishva,tehran,2025-12-17,0,0,0
8504,pishva,tehran,2025-12-18,0,0,0
8504,pishva,tehran,2025-12-19,0,0,0
8504,pishva,tehran,2025-12-20,0,0,0
8504,pishva,tehran,2025-12-21,0,0,0
8913,polsefid,mazandaran,2025-11-22,79,89,10
8913,polsefid,mazandaran,2025-11-23,82,102,20
8913,polsefid,mazandaran,2025-11-24,25,44,19
8913,polsefid,mazandaran,2025-11-25,27,52,25
8913,polsefid,mazandaran,2025-11-26,35,95,60
8913,polsefid,mazandaran,2025-11-27,65,210,145
8913,polsefid,mazandaran,2025-11-28,15,48,33
8913,polsefid,mazandaran,2025-11-29,4,27,23
8913,polsefid,mazandaran,2025-11-30,11,31,20
8913,polsefid,mazandaran,2025-12-01,12,37,25
8913,polsefid,mazandaran,2025-12-02,17,43,26
8913,polsefid,mazandaran,2025-12-03,16,74,58
8913,polsefid,mazandaran,2025-12-04,32,252,220
8913,polsefid,mazandaran,2025-12-05,16,68,52
8913,polsefid,mazandaran,2025-12-06,4,33,29
8913,polsefid,mazandaran,2025-12-07,7,38,31
8913,polsefid,mazandaran,2025-12-08,6,36,30
8913,polsefid,mazandaran,2025-12-09,10,46,36
8913,polsefid,mazandaran,2025-12-10,6,58,52
8913,polsefid,mazandaran,2025-12-11,4,180,176
8913,polsefid,mazandaran,2025-12-12,3,44,41
8913,polsefid,mazandaran,2025-12-13,5,35,30
8913,polsefid,mazandaran,2025-12-14,3,34,31
8913,polsefid,mazandaran,2025-12-15,5,39,34
8913,polsefid,mazandaran,2025-12-16,6,47,41
8913,polsefid,mazandaran,2025-12-17,9,62,53
8913,polsefid,mazandaran,2025-12-18,6,133,127
8913,polsefid,mazandaran,2025-12-19,0,42,42
8913,polsefid,mazandaran,2025-12-20,0,28,28
8913,polsefid,mazandaran,2025-12-21,0,22,22
5410,pul,mazandaran,2025-11-22,2,2,0
5410,pul,mazandaran,2025-11-23,2,2,0
5410,pul,mazandaran,2025-11-24,0,0,0
5410,pul,mazandaran,2025-11-25,0,0,0
5410,pul,mazandaran,2025-11-26,0,0,0
5410,pul,mazandaran,2025-11-27,0,0,0
5410,pul,mazandaran,2025-11-28,0,0,0
5410,pul,mazandaran,2025-11-29,0,0,0
5410,pul,mazandaran,2025-11-30,0,0,0
5410,pul,mazandaran,2025-12-01,4,4,0
5410,pul,mazandaran,2025-12-02,4,4,0
5410,pul,mazandaran,2025-12-03,0,0,0
5410,pul,mazandaran,2025-12-04,0,0,0
5410,pul,mazandaran,2025-12-05,0,0,0
5410,pul,mazandaran,2025-12-06,0,0,0
5410,pul,mazandaran,2025-12-07,0,0,0
5410,pul,mazandaran,2025-12-08,0,0,0
5410,pul,mazandaran,2025-12-09,0,0,0
5410,pul,mazandaran,2025-12-10,0,0,0
5410,pul,mazandaran,2025-12-11,0,0,0
5410,pul,mazandaran,2025-12-12,0,0,0
5410,pul,mazandaran,2025-12-13,0,0,0
5410,pul,mazandaran,2025-12-14,0,0,0
5410,pul,mazandaran,2025-12-15,0,0,0
5410,pul,mazandaran,2025-12-16,0,0,0
5410,pul,mazandaran,2025-12-17,0,0,0
5410,pul,mazandaran,2025-12-18,0,0,0
5410,pul,mazandaran,2025-12-19,0,0,0
5410,pul,mazandaran,2025-12-20,0,0,0
5410,pul,mazandaran,2025-12-21,0,0,0
6093,qaemshahr,mazandaran,2025-11-22,382,466,84
6093,qaemshahr,mazandaran,2025-11-23,328,471,143
6093,qaemshahr,mazandaran,2025-11-24,261,437,176
6093,qaemshahr,mazandaran,2025-11-25,203,415,212
6093,qaemshahr,mazandaran,2025-11-26,197,521,324
6093,qaemshahr,mazandaran,2025-11-27,427,1115,688
6093,qaemshahr,mazandaran,2025-11-28,221,616,395
6093,qaemshahr,mazandaran,2025-11-29,92,298,206
6093,qaemshahr,mazandaran,2025-11-30,69,277,208
6093,qaemshahr,mazandaran,2025-12-01,100,311,211
6093,qaemshahr,mazandaran,2025-12-02,110,337,227
6093,qaemshahr,mazandaran,2025-12-03,139,539,400
6093,qaemshahr,mazandaran,2025-12-04,155,1047,892
6093,qaemshahr,mazandaran,2025-12-05,130,691,561
6093,qaemshahr,mazandaran,2025-12-06,81,380,299
6093,qaemshahr,mazandaran,2025-12-07,53,335,282
6093,qaemshahr,mazandaran,2025-12-08,65,361,296
6093,qaemshahr,mazandaran,2025-12-09,62,378,316
6093,qaemshahr,mazandaran,2025-12-10,52,428,376
6093,qaemshahr,mazandaran,2025-12-11,103,1049,946
6093,qaemshahr,mazandaran,2025-12-12,82,555,473
6093,qaemshahr,mazandaran,2025-12-13,82,471,389
6093,qaemshahr,mazandaran,2025-12-14,49,344,295
6093,qaemshahr,mazandaran,2025-12-15,37,312,275
6093,qaemshahr,mazandaran,2025-12-16,37,385,348
6093,qaemshahr,mazandaran,2025-12-17,45,445,400
6093,qaemshahr,mazandaran,2025-12-18,52,733,681
6093,qaemshahr,mazandaran,2025-12-19,29,386,357
6093,qaemshahr,mazandaran,2025-12-20,26,312,286
6093,qaemshahr,mazandaran,2025-12-21,17,254,237
4995,qeshm,hormozgan,2025-11-22,41607,43166,1559
4995,qeshm,hormozgan,2025-11-23,39677,43041,3364
4995,qeshm,hormozgan,2025-11-24,40442,46771,6329
4995,qeshm,hormozgan,2025-11-25,40703,50024,9321
4995,qeshm,hormozgan,2025-11-26,38327,51245,12918
4995,qeshm,hormozgan,2025-11-27,29621,44071,14450
4995,qeshm,hormozgan,2025-11-28,12542,20810,8268
4995,qeshm,hormozgan,2025-11-29,14788,24585,9797
4995,qeshm,hormozgan,2025-11-30,13862,25937,12075
4995,qeshm,hormozgan,2025-12-01,14694,28216,13522
4995,qeshm,hormozgan,2025-12-02,15305,29405,14100
4995,qeshm,hormozgan,2025-12-03,14768,32877,18109
4995,qeshm,hormozgan,2025-12-04,14192,36290,22098
4995,qeshm,hormozgan,2025-12-05,8469,24690,16221
4995,qeshm,hormozgan,2025-12-06,8784,26776,17992
4995,qeshm,hormozgan,2025-12-07,8495,26365,17870
4995,qeshm,hormozgan,2025-12-08,8909,27759,18850
4995,qeshm,hormozgan,2025-12-09,9720,31286,21566
4995,qeshm,hormozgan,2025-12-10,9681,32919,23238
4995,qeshm,hormozgan,2025-12-11,9118,35575,26457
4995,qeshm,hormozgan,2025-12-12,5644,26615,20971
4995,qeshm,hormozgan,2025-12-13,6563,28188,21625
4995,qeshm,hormozgan,2025-12-14,6417,29089,22672
4995,qeshm,hormozgan,2025-12-15,6709,31895,25186
4995,qeshm,hormozgan,2025-12-16,7774,37584,29810
4995,qeshm,hormozgan,2025-12-17,7811,37824,30013
4995,qeshm,hormozgan,2025-12-18,7193,36861,29668
4995,qeshm,hormozgan,2025-12-19,4070,27029,22959
4995,qeshm,hormozgan,2025-12-20,3768,26894,23126
4995,qeshm,hormozgan,2025-12-21,2136,21205,19069
1013,quchan,khorasan_razavi,2025-11-22,0,0,0
1013,quchan,khorasan_razavi,2025-11-23,0,0,0
1013,quchan,khorasan_razavi,2025-11-24,0,0,0
1013,quchan,khorasan_razavi,2025-11-25,0,0,0
1013,quchan,khorasan_razavi,2025-11-26,0,0,0
1013,quchan,khorasan_razavi,2025-11-27,0,0,0
1013,quchan,khorasan_razavi,2025-11-28,0,0,0
1013,quchan,khorasan_razavi,2025-11-29,0,0,0
1013,quchan,khorasan_razavi,2025-11-30,0,0,0
1013,quchan,khorasan_razavi,2025-12-01,0,0,0
1013,quchan,khorasan_razavi,2025-12-02,0,0,0
1013,quchan,khorasan_razavi,2025-12-03,0,0,0
1013,quchan,khorasan_razavi,2025-12-04,0,0,0
1013,quchan,khorasan_razavi,2025-12-05,0,0,0
1013,quchan,khorasan_razavi,2025-12-06,0,0,0
1013,quchan,khorasan_razavi,2025-12-07,0,0,0
1013,quchan,khorasan_razavi,2025-12-08,0,0,0
1013,quchan,khorasan_razavi,2025-12-09,0,0,0
1013,quchan,khorasan_razavi,2025-12-10,0,0,0
1013,quchan,khorasan_razavi,2025-12-11,0,0,0
1013,quchan,khorasan_razavi,2025-12-12,0,0,0
1013,quchan,khorasan_razavi,2025-12-13,0,0,0
1013,quchan,khorasan_razavi,2025-12-14,0,0,0
1013,quchan,khorasan_razavi,2025-12-15,0,0,0
1013,quchan,khorasan_razavi,2025-12-16,0,0,0
1013,quchan,khorasan_razavi,2025-12-17,0,0,0
1013,quchan,khorasan_razavi,2025-12-18,0,0,0
1013,quchan,khorasan_razavi,2025-12-19,0,0,0
1013,quchan,khorasan_razavi,2025-12-20,0,0,0
1013,quchan,khorasan_razavi,2025-12-21,0,0,0
1317,rahimabad,gilan,2025-11-22,29,31,2
1317,rahimabad,gilan,2025-11-23,18,22,4
1317,rahimabad,gilan,2025-11-24,22,29,7
1317,rahimabad,gilan,2025-11-25,14,22,8
1317,rahimabad,gilan,2025-11-26,12,28,16
1317,rahimabad,gilan,2025-11-27,6,22,16
1317,rahimabad,gilan,2025-11-28,0,4,4
1317,rahimabad,gilan,2025-11-29,0,4,4
1317,rahimabad,gilan,2025-11-30,0,5,5
1317,rahimabad,gilan,2025-12-01,0,5,5
1317,rahimabad,gilan,2025-12-02,4,11,7
1317,rahimabad,gilan,2025-12-03,7,25,18
1317,rahimabad,gilan,2025-12-04,5,45,40
1317,rahimabad,gilan,2025-12-05,0,6,6
1317,rahimabad,gilan,2025-12-06,0,9,9
1317,rahimabad,gilan,2025-12-07,0,8,8
1317,rahimabad,gilan,2025-12-08,1,8,7
1317,rahimabad,gilan,2025-12-09,2,11,9
1317,rahimabad,gilan,2025-12-10,1,15,14
1317,rahimabad,gilan,2025-12-11,1,30,29
1317,rahimabad,gilan,2025-12-12,0,8,8
1317,rahimabad,gilan,2025-12-13,0,7,7
1317,rahimabad,gilan,2025-12-14,0,6,6
1317,rahimabad,gilan,2025-12-15,2,12,10
1317,rahimabad,gilan,2025-12-16,1,12,11
1317,rahimabad,gilan,2025-12-17,0,18,18
1317,rahimabad,gilan,2025-12-18,2,26,24
1317,rahimabad,gilan,2025-12-19,0,10,10
1317,rahimabad,gilan,2025-12-20,0,8,8
1317,rahimabad,gilan,2025-12-21,0,5,5
8978,ramsar,mazandaran,2025-11-22,27620,30244,2624
8978,ramsar,mazandaran,2025-11-23,21358,26478,5120
8978,ramsar,mazandaran,2025-11-24,17625,25119,7494
8978,ramsar,mazandaran,2025-11-25,16311,26012,9701
8978,ramsar,mazandaran,2025-11-26,18292,36555,18263
8978,ramsar,mazandaran,2025-11-27,15982,36320,20338
8978,ramsar,mazandaran,2025-11-28,5878,14059,8181
8978,ramsar,mazandaran,2025-11-29,5734,14162,8428
8978,ramsar,mazandaran,2025-11-30,4756,13151,8395
8978,ramsar,mazandaran,2025-12-01,4478,14029,9551
8978,ramsar,mazandaran,2025-12-02,4208,13827,9619
8978,ramsar,mazandaran,2025-12-03,5132,19927,14795
8978,ramsar,mazandaran,2025-12-04,5297,26948,21651
8978,ramsar,mazandaran,2025-12-05,2274,12099,9825
8978,ramsar,mazandaran,2025-12-06,2385,12622,10237
8978,ramsar,mazandaran,2025-12-07,2173,12223,10050
8978,ramsar,mazandaran,2025-12-08,2044,11536,9492
8978,ramsar,mazandaran,2025-12-09,2089,12456,10367
8978,ramsar,mazandaran,2025-12-10,2606,20607,18001
8978,ramsar,mazandaran,2025-12-11,2681,27410,24729
8978,ramsar,mazandaran,2025-12-12,1361,12711,11350
8978,ramsar,mazandaran,2025-12-13,1170,9768,8598
8978,ramsar,mazandaran,2025-12-14,1142,9243,8101
8978,ramsar,mazandaran,2025-12-15,1146,10870,9724
8978,ramsar,mazandaran,2025-12-16,1265,13095,11830
8978,ramsar,mazandaran,2025-12-17,1582,18525,16943
8978,ramsar,mazandaran,2025-12-18,1868,23145,21277
8978,ramsar,mazandaran,2025-12-19,1076,12237,11161
8978,ramsar,mazandaran,2025-12-20,815,9618,8803
8978,ramsar,mazandaran,2025-12-21,414,7367,6953
6507,rankoh,gilan,2025-11-22,6,6,0
6507,rankoh,gilan,2025-11-23,6,6,0
6507,rankoh,gilan,2025-11-24,3,3,0
6507,rankoh,gilan,2025-11-25,2,3,1
6507,rankoh,gilan,2025-11-26,4,7,3
6507,rankoh,gilan,2025-11-27,4,8,4
6507,rankoh,gilan,2025-11-28,2,3,1
6507,rankoh,gilan,2025-11-29,0,0,0
6507,rankoh,gilan,2025-11-30,1,2,1
6507,rankoh,gilan,2025-12-01,1,2,1
6507,rankoh,gilan,2025-12-02,1,2,1
6507,rankoh,gilan,2025-12-03,3,6,3
6507,rankoh,gilan,2025-12-04,0,4,4
6507,rankoh,gilan,2025-12-05,0,1,1
6507,rankoh,gilan,2025-12-06,3,5,2
6507,rankoh,gilan,2025-12-07,3,5,2
6507,rankoh,gilan,2025-12-08,1,3,2
6507,rankoh,gilan,2025-12-09,2,4,2
6507,rankoh,gilan,2025-12-10,0,2,2
6507,rankoh,gilan,2025-12-11,0,4,4
6507,rankoh,gilan,2025-12-12,0,1,1
6507,rankoh,gilan,2025-12-13,0,1,1
6507,rankoh,gilan,2025-12-14,0,1,1
6507,rankoh,gilan,2025-12-15,0,2,2
6507,rankoh,gilan,2025-12-16,0,2,2
6507,rankoh,gilan,2025-12-17,0,3,3
6507,rankoh,gilan,2025-12-18,0,3,3
6507,rankoh,gilan,2025-12-19,0,2,2
6507,rankoh,gilan,2025-12-20,0,2,2
6507,rankoh,gilan,2025-12-21,0,1,1
7339,rasht,gilan,2025-11-22,28695,31865,3170
7339,rasht,gilan,2025-11-23,22209,28086,5877
7339,rasht,gilan,2025-11-24,17605,25810,8205
7339,rasht,gilan,2025-11-25,16710,26468,9758
7339,rasht,gilan,2025-11-26,21281,42782,21501
7339,rasht,gilan,2025-11-27,19216,42563,23347
7339,rasht,gilan,2025-11-28,6653,15560,8907
7339,rasht,gilan,2025-11-29,5877,13719,7842
7339,rasht,gilan,2025-11-30,5160,12634,7474
7339,rasht,gilan,2025-12-01,4649,13326,8677
7339,rasht,gilan,2025-12-02,5182,16319,11137
7339,rasht,gilan,2025-12-03,8064,31968,23904
7339,rasht,gilan,2025-12-04,8577,37530,28953
7339,rasht,gilan,2025-12-05,3469,15968,12499
7339,rasht,gilan,2025-12-06,2668,14147,11479
7339,rasht,gilan,2025-12-07,2186,11854,9668
7339,rasht,gilan,2025-12-08,2180,11903,9723
7339,rasht,gilan,2025-12-09,2605,16231,13626
7339,rasht,gilan,2025-12-10,3768,26090,22322
7339,rasht,gilan,2025-12-11,3995,35928,31933
7339,rasht,gilan,2025-12-12,1583,13916,12333
7339,rasht,gilan,2025-12-13,1551,11993,10442
7339,rasht,gilan,2025-12-14,1542,11147,9605
7339,rasht,gilan,2025-12-15,1460,13069,11609
7339,rasht,gilan,2025-12-16,1666,15561,13895
7339,rasht,gilan,2025-12-17,2261,22866,20605
7339,rasht,gilan,2025-12-18,2446,27272,24826
7339,rasht,gilan,2025-12-19,1119,12952,11833
7339,rasht,gilan,2025-12-20,876,10348,9472
7339,rasht,gilan,2025-12-21,456,7059,6603
4404,rashtkhar,khorasan_razavi,2025-11-22,0,0,0
4404,rashtkhar,khorasan_razavi,2025-11-23,0,0,0
4404,rashtkhar,khorasan_razavi,2025-11-24,0,0,0
4404,rashtkhar,khorasan_razavi,2025-11-25,0,0,0
4404,rashtkhar,khorasan_razavi,2025-11-26,0,0,0
4404,rashtkhar,khorasan_razavi,2025-11-27,0,0,0
4404,rashtkhar,khorasan_razavi,2025-11-28,0,0,0
4404,rashtkhar,khorasan_razavi,2025-11-29,0,0,0
4404,rashtkhar,khorasan_razavi,2025-11-30,0,0,0
4404,rashtkhar,khorasan_razavi,2025-12-01,0,0,0
4404,rashtkhar,khorasan_razavi,2025-12-02,0,0,0
4404,rashtkhar,khorasan_razavi,2025-12-03,0,0,0
4404,rashtkhar,khorasan_razavi,2025-12-04,0,0,0
4404,rashtkhar,khorasan_razavi,2025-12-05,0,0,0
4404,rashtkhar,khorasan_razavi,2025-12-06,0,0,0
4404,rashtkhar,khorasan_razavi,2025-12-07,0,0,0
4404,rashtkhar,khorasan_razavi,2025-12-08,0,0,0
4404,rashtkhar,khorasan_razavi,2025-12-09,0,0,0
4404,rashtkhar,khorasan_razavi,2025-12-10,0,0,0
4404,rashtkhar,khorasan_razavi,2025-12-11,0,0,0
4404,rashtkhar,khorasan_razavi,2025-12-12,0,0,0
4404,rashtkhar,khorasan_razavi,2025-12-13,0,0,0
4404,rashtkhar,khorasan_razavi,2025-12-14,0,0,0
4404,rashtkhar,khorasan_razavi,2025-12-15,0,0,0
4404,rashtkhar,khorasan_razavi,2025-12-16,0,0,0
4404,rashtkhar,khorasan_razavi,2025-12-17,0,0,0
4404,rashtkhar,khorasan_razavi,2025-12-18,0,0,0
4404,rashtkhar,khorasan_razavi,2025-12-19,0,0,0
4404,rashtkhar,khorasan_razavi,2025-12-20,0,0,0
4404,rashtkhar,khorasan_razavi,2025-12-21,0,0,0
1265,rey,tehran,2025-11-22,35,43,8
1265,rey,tehran,2025-11-23,29,43,14
1265,rey,tehran,2025-11-24,23,44,21
1265,rey,tehran,2025-11-25,23,48,25
1265,rey,tehran,2025-11-26,17,48,31
1265,rey,tehran,2025-11-27,23,58,35
1265,rey,tehran,2025-11-28,5,19,14
1265,rey,tehran,2025-11-29,7,31,24
1265,rey,tehran,2025-11-30,14,43,29
1265,rey,tehran,2025-12-01,17,49,32
1265,rey,tehran,2025-12-02,26,54,28
1265,rey,tehran,2025-12-03,27,58,31
1265,rey,tehran,2025-12-04,28,80,52
1265,rey,tehran,2025-12-05,23,46,23
1265,rey,tehran,2025-12-06,11,50,39
1265,rey,tehran,2025-12-07,8,42,34
1265,rey,tehran,2025-12-08,11,46,35
1265,rey,tehran,2025-12-09,19,56,37
1265,rey,tehran,2025-12-10,20,56,36
1265,rey,tehran,2025-12-11,16,58,42
1265,rey,tehran,2025-12-12,14,35,21
1265,rey,tehran,2025-12-13,14,50,36
1265,rey,tehran,2025-12-14,14,45,31
1265,rey,tehran,2025-12-15,9,49,40
1265,rey,tehran,2025-12-16,9,50,41
1265,rey,tehran,2025-12-17,9,48,39
1265,rey,tehran,2025-12-18,9,50,41
1265,rey,tehran,2025-12-19,9,34,25
1265,rey,tehran,2025-12-20,9,46,37
1265,rey,tehran,2025-12-21,9,40,31
1011,reyneh,mazandaran,2025-11-22,121,139,18
1011,reyneh,mazandaran,2025-11-23,129,181,52
1011,reyneh,mazandaran,2025-11-24,77,135,58
1011,reyneh,mazandaran,2025-11-25,61,130,69
1011,reyneh,mazandaran,2025-11-26,51,149,98
1011,reyneh,mazandaran,2025-11-27,120,459,339
1011,reyneh,mazandaran,2025-11-28,32,150,118
1011,reyneh,mazandaran,2025-11-29,23,90,67
1011,reyneh,mazandaran,2025-11-30,19,96,77
1011,reyneh,mazandaran,2025-12-01,28,132,104
1011,reyneh,mazandaran,2025-12-02,12,90,78
1011,reyneh,mazandaran,2025-12-03,29,199,170
1011,reyneh,mazandaran,2025-12-04,38,500,462
1011,reyneh,mazandaran,2025-12-05,6,132,126
1011,reyneh,mazandaran,2025-12-06,0,99,99
1011,reyneh,mazandaran,2025-12-07,0,100,100
1011,reyneh,mazandaran,2025-12-08,6,124,118
1011,reyneh,mazandaran,2025-12-09,4,120,116
1011,reyneh,mazandaran,2025-12-10,4,175,171
1011,reyneh,mazandaran,2025-12-11,12,580,568
1011,reyneh,mazandaran,2025-12-12,11,214,203
1011,reyneh,mazandaran,2025-12-13,3,137,134
1011,reyneh,mazandaran,2025-12-14,1,108,107
1011,reyneh,mazandaran,2025-12-15,3,148,145
1011,reyneh,mazandaran,2025-12-16,2,162,160
1011,reyneh,mazandaran,2025-12-17,5,233,228
1011,reyneh,mazandaran,2025-12-18,13,577,564
1011,reyneh,mazandaran,2025-12-19,0,173,173
1011,reyneh,mazandaran,2025-12-20,3,145,142
1011,reyneh,mazandaran,2025-12-21,0,94,94
8789,rezvan_shahr,isfahan,2025-11-22,0,0,0
8789,rezvan_shahr,isfahan,2025-11-23,0,0,0
8789,rezvan_shahr,isfahan,2025-11-24,0,0,0
8789,rezvan_shahr,isfahan,2025-11-25,0,1,1
8789,rezvan_shahr,isfahan,2025-11-26,0,1,1
8789,rezvan_shahr,isfahan,2025-11-27,0,1,1
8789,rezvan_shahr,isfahan,2025-11-28,0,1,1
8789,rezvan_shahr,isfahan,2025-11-29,0,1,1
8789,rezvan_shahr,isfahan,2025-11-30,0,1,1
8789,rezvan_shahr,isfahan,2025-12-01,0,1,1
8789,rezvan_shahr,isfahan,2025-12-02,0,1,1
8789,rezvan_shahr,isfahan,2025-12-03,0,1,1
8789,rezvan_shahr,isfahan,2025-12-04,0,2,2
8789,rezvan_shahr,isfahan,2025-12-05,0,1,1
8789,rezvan_shahr,isfahan,2025-12-06,0,2,2
8789,rezvan_shahr,isfahan,2025-12-07,0,2,2
8789,rezvan_shahr,isfahan,2025-12-08,0,2,2
8789,rezvan_shahr,isfahan,2025-12-09,0,2,2
8789,rezvan_shahr,isfahan,2025-12-10,0,2,2
8789,rezvan_shahr,isfahan,2025-12-11,0,3,3
8789,rezvan_shahr,isfahan,2025-12-12,0,2,2
8789,rezvan_shahr,isfahan,2025-12-13,0,2,2
8789,rezvan_shahr,isfahan,2025-12-14,0,1,1
8789,rezvan_shahr,isfahan,2025-12-15,0,2,2
8789,rezvan_shahr,isfahan,2025-12-16,0,2,2
8789,rezvan_shahr,isfahan,2025-12-17,0,2,2
8789,rezvan_shahr,isfahan,2025-12-18,0,2,2
8789,rezvan_shahr,isfahan,2025-12-19,0,2,2
8789,rezvan_shahr,isfahan,2025-12-20,0,2,2
8789,rezvan_shahr,isfahan,2025-12-21,0,1,1
7651,rezvanshahr,gilan,2025-11-22,349,396,47
7651,rezvanshahr,gilan,2025-11-23,215,282,67
7651,rezvanshahr,gilan,2025-11-24,258,359,101
7651,rezvanshahr,gilan,2025-11-25,234,382,148
7651,rezvanshahr,gilan,2025-11-26,180,399,219
7651,rezvanshahr,gilan,2025-11-27,116,356,240
7651,rezvanshahr,gilan,2025-11-28,97,217,120
7651,rezvanshahr,gilan,2025-11-29,101,197,96
7651,rezvanshahr,gilan,2025-11-30,70,148,78
7651,rezvanshahr,gilan,2025-12-01,58,132,74
7651,rezvanshahr,gilan,2025-12-02,47,140,93
7651,rezvanshahr,gilan,2025-12-03,32,180,148
7651,rezvanshahr,gilan,2025-12-04,40,375,335
7651,rezvanshahr,gilan,2025-12-05,21,110,89
7651,rezvanshahr,gilan,2025-12-06,21,111,90
7651,rezvanshahr,gilan,2025-12-07,17,111,94
7651,rezvanshahr,gilan,2025-12-08,27,105,78
7651,rezvanshahr,gilan,2025-12-09,8,113,105
7651,rezvanshahr,gilan,2025-12-10,11,145,134
7651,rezvanshahr,gilan,2025-12-11,18,305,287
7651,rezvanshahr,gilan,2025-12-12,11,109,98
7651,rezvanshahr,gilan,2025-12-13,3,78,75
7651,rezvanshahr,gilan,2025-12-14,13,85,72
7651,rezvanshahr,gilan,2025-12-15,23,134,111
7651,rezvanshahr,gilan,2025-12-16,29,139,110
7651,rezvanshahr,gilan,2025-12-17,24,206,182
7651,rezvanshahr,gilan,2025-12-18,15,261,246
7651,rezvanshahr,gilan,2025-12-19,6,101,95
7651,rezvanshahr,gilan,2025-12-20,1,70,69
7651,rezvanshahr,gilan,2025-12-21,1,50,49
1402,rivash,khorasan_razavi,2025-11-22,0,0,0
1402,rivash,khorasan_razavi,2025-11-23,0,0,0
1402,rivash,khorasan_razavi,2025-11-24,0,0,0
1402,rivash,khorasan_razavi,2025-11-25,0,0,0
1402,rivash,khorasan_razavi,2025-11-26,0,0,0
1402,rivash,khorasan_razavi,2025-11-27,1,1,0
1402,rivash,khorasan_razavi,2025-11-28,0,0,0
1402,rivash,khorasan_razavi,2025-11-29,0,0,0
1402,rivash,khorasan_razavi,2025-11-30,0,0,0
1402,rivash,khorasan_razavi,2025-12-01,0,0,0
1402,rivash,khorasan_razavi,2025-12-02,0,0,0
1402,rivash,khorasan_razavi,2025-12-03,0,0,0
1402,rivash,khorasan_razavi,2025-12-04,0,0,0
1402,rivash,khorasan_razavi,2025-12-05,0,0,0
1402,rivash,khorasan_razavi,2025-12-06,0,0,0
1402,rivash,khorasan_razavi,2025-12-07,0,0,0
1402,rivash,khorasan_razavi,2025-12-08,0,0,0
1402,rivash,khorasan_razavi,2025-12-09,0,0,0
1402,rivash,khorasan_razavi,2025-12-10,0,0,0
1402,rivash,khorasan_razavi,2025-12-11,0,0,0
1402,rivash,khorasan_razavi,2025-12-12,0,0,0
1402,rivash,khorasan_razavi,2025-12-13,0,0,0
1402,rivash,khorasan_razavi,2025-12-14,0,0,0
1402,rivash,khorasan_razavi,2025-12-15,0,0,0
1402,rivash,khorasan_razavi,2025-12-16,0,0,0
1402,rivash,khorasan_razavi,2025-12-17,0,0,0
1402,rivash,khorasan_razavi,2025-12-18,0,0,0
1402,rivash,khorasan_razavi,2025-12-19,0,0,0
1402,rivash,khorasan_razavi,2025-12-20,0,0,0
1402,rivash,khorasan_razavi,2025-12-21,0,0,0
1224,robatkarim,tehran,2025-11-22,17,22,5
1224,robatkarim,tehran,2025-11-23,11,20,9
1224,robatkarim,tehran,2025-11-24,8,19,11
1224,robatkarim,tehran,2025-11-25,2,12,10
1224,robatkarim,tehran,2025-11-26,11,27,16
1224,robatkarim,tehran,2025-11-27,15,42,27
1224,robatkarim,tehran,2025-11-28,5,21,16
1224,robatkarim,tehran,2025-11-29,2,18,16
1224,robatkarim,tehran,2025-11-30,2,21,19
1224,robatkarim,tehran,2025-12-01,4,23,19
1224,robatkarim,tehran,2025-12-02,9,26,17
1224,robatkarim,tehran,2025-12-03,12,30,18
1224,robatkarim,tehran,2025-12-04,9,46,37
1224,robatkarim,tehran,2025-12-05,8,28,20
1224,robatkarim,tehran,2025-12-06,2,23,21
1224,robatkarim,tehran,2025-12-07,4,26,22
1224,robatkarim,tehran,2025-12-08,2,25,23
1224,robatkarim,tehran,2025-12-09,3,25,22
1224,robatkarim,tehran,2025-12-10,2,27,25
1224,robatkarim,tehran,2025-12-11,8,57,49
1224,robatkarim,tehran,2025-12-12,3,25,22
1224,robatkarim,tehran,2025-12-13,3,26,23
1224,robatkarim,tehran,2025-12-14,4,25,21
1224,robatkarim,tehran,2025-12-15,5,30,25
1224,robatkarim,tehran,2025-12-16,2,29,27
1224,robatkarim,tehran,2025-12-17,2,31,29
1224,robatkarim,tehran,2025-12-18,5,49,44
1224,robatkarim,tehran,2025-12-19,2,30,28
1224,robatkarim,tehran,2025-12-20,2,28,26
1224,robatkarim,tehran,2025-12-21,2,22,20
6473,robatsang,khorasan_razavi,2025-11-22,0,0,0
6473,robatsang,khorasan_razavi,2025-11-23,0,0,0
6473,robatsang,khorasan_razavi,2025-11-24,0,0,0
6473,robatsang,khorasan_razavi,2025-11-25,0,0,0
6473,robatsang,khorasan_razavi,2025-11-26,0,0,0
6473,robatsang,khorasan_razavi,2025-11-27,0,0,0
6473,robatsang,khorasan_razavi,2025-11-28,0,0,0
6473,robatsang,khorasan_razavi,2025-11-29,0,0,0
6473,robatsang,khorasan_razavi,2025-11-30,0,0,0
6473,robatsang,khorasan_razavi,2025-12-01,0,0,0
6473,robatsang,khorasan_razavi,2025-12-02,0,0,0
6473,robatsang,khorasan_razavi,2025-12-03,0,0,0
6473,robatsang,khorasan_razavi,2025-12-04,0,0,0
6473,robatsang,khorasan_razavi,2025-12-05,0,0,0
6473,robatsang,khorasan_razavi,2025-12-06,0,0,0
6473,robatsang,khorasan_razavi,2025-12-07,0,0,0
6473,robatsang,khorasan_razavi,2025-12-08,0,0,0
6473,robatsang,khorasan_razavi,2025-12-09,0,0,0
6473,robatsang,khorasan_razavi,2025-12-10,0,0,0
6473,robatsang,khorasan_razavi,2025-12-11,0,0,0
6473,robatsang,khorasan_razavi,2025-12-12,0,0,0
6473,robatsang,khorasan_razavi,2025-12-13,0,0,0
6473,robatsang,khorasan_razavi,2025-12-14,0,0,0
6473,robatsang,khorasan_razavi,2025-12-15,0,0,0
6473,robatsang,khorasan_razavi,2025-12-16,0,0,0
6473,robatsang,khorasan_razavi,2025-12-17,0,0,0
6473,robatsang,khorasan_razavi,2025-12-18,0,0,0
6473,robatsang,khorasan_razavi,2025-12-19,0,0,0
6473,robatsang,khorasan_razavi,2025-12-20,0,0,0
6473,robatsang,khorasan_razavi,2025-12-21,0,0,0
6613,rodboneh,gilan,2025-11-22,5,5,0
6613,rodboneh,gilan,2025-11-23,3,4,1
6613,rodboneh,gilan,2025-11-24,1,2,1
6613,rodboneh,gilan,2025-11-25,1,3,2
6613,rodboneh,gilan,2025-11-26,1,6,5
6613,rodboneh,gilan,2025-11-27,1,7,6
6613,rodboneh,gilan,2025-11-28,0,2,2
6613,rodboneh,gilan,2025-11-29,0,2,2
6613,rodboneh,gilan,2025-11-30,0,2,2
6613,rodboneh,gilan,2025-12-01,0,2,2
6613,rodboneh,gilan,2025-12-02,0,2,2
6613,rodboneh,gilan,2025-12-03,8,12,4
6613,rodboneh,gilan,2025-12-04,10,21,11
6613,rodboneh,gilan,2025-12-05,8,12,4
6613,rodboneh,gilan,2025-12-06,0,4,4
6613,rodboneh,gilan,2025-12-07,0,3,3
6613,rodboneh,gilan,2025-12-08,0,2,2
6613,rodboneh,gilan,2025-12-09,1,4,3
6613,rodboneh,gilan,2025-12-10,0,4,4
6613,rodboneh,gilan,2025-12-11,0,9,9
6613,rodboneh,gilan,2025-12-12,0,3,3
6613,rodboneh,gilan,2025-12-13,0,3,3
6613,rodboneh,gilan,2025-12-14,0,2,2
6613,rodboneh,gilan,2025-12-15,0,2,2
6613,rodboneh,gilan,2025-12-16,0,3,3
6613,rodboneh,gilan,2025-12-17,0,4,4
6613,rodboneh,gilan,2025-12-18,1,9,8
6613,rodboneh,gilan,2025-12-19,0,3,3
6613,rodboneh,gilan,2025-12-20,0,3,3
6613,rodboneh,gilan,2025-12-21,0,2,2
6782,rostamabad,gilan,2025-11-22,91,104,13
6782,rostamabad,gilan,2025-11-23,91,117,26
6782,rostamabad,gilan,2025-11-24,82,112,30
6782,rostamabad,gilan,2025-11-25,36,63,27
6782,rostamabad,gilan,2025-11-26,29,85,56
6782,rostamabad,gilan,2025-11-27,42,157,115
6782,rostamabad,gilan,2025-11-28,11,41,30
6782,rostamabad,gilan,2025-11-29,14,38,24
6782,rostamabad,gilan,2025-11-30,13,37,24
6782,rostamabad,gilan,2025-12-01,11,37,26
6782,rostamabad,gilan,2025-12-02,11,44,33
6782,rostamabad,gilan,2025-12-03,17,84,67
6782,rostamabad,gilan,2025-12-04,26,250,224
6782,rostamabad,gilan,2025-12-05,4,51,47
6782,rostamabad,gilan,2025-12-06,7,42,35
6782,rostamabad,gilan,2025-12-07,1,31,30
6782,rostamabad,gilan,2025-12-08,1,29,28
6782,rostamabad,gilan,2025-12-09,1,29,28
6782,rostamabad,gilan,2025-12-10,5,69,64
6782,rostamabad,gilan,2025-12-11,7,197,190
6782,rostamabad,gilan,2025-12-12,4,60,56
6782,rostamabad,gilan,2025-12-13,4,37,33
6782,rostamabad,gilan,2025-12-14,1,28,27
6782,rostamabad,gilan,2025-12-15,4,38,34
6782,rostamabad,gilan,2025-12-16,4,39,35
6782,rostamabad,gilan,2025-12-17,1,59,58
6782,rostamabad,gilan,2025-12-18,10,161,151
6782,rostamabad,gilan,2025-12-19,1,50,49
6782,rostamabad,gilan,2025-12-20,1,31,30
6782,rostamabad,gilan,2025-12-21,0,21,21
9508,rostamkola,mazandaran,2025-11-22,8,8,0
9508,rostamkola,mazandaran,2025-11-23,14,16,2
9508,rostamkola,mazandaran,2025-11-24,3,4,1
9508,rostamkola,mazandaran,2025-11-25,4,6,2
9508,rostamkola,mazandaran,2025-11-26,11,15,4
9508,rostamkola,mazandaran,2025-11-27,7,16,9
9508,rostamkola,mazandaran,2025-11-28,5,7,2
9508,rostamkola,mazandaran,2025-11-29,7,9,2
9508,rostamkola,mazandaran,2025-11-30,4,6,2
9508,rostamkola,mazandaran,2025-12-01,3,5,2
9508,rostamkola,mazandaran,2025-12-02,3,6,3
9508,rostamkola,mazandaran,2025-12-03,3,7,4
9508,rostamkola,mazandaran,2025-12-04,7,16,9
9508,rostamkola,mazandaran,2025-12-05,3,6,3
9508,rostamkola,mazandaran,2025-12-06,0,3,3
9508,rostamkola,mazandaran,2025-12-07,0,3,3
9508,rostamkola,mazandaran,2025-12-08,2,5,3
9508,rostamkola,mazandaran,2025-12-09,0,3,3
9508,rostamkola,mazandaran,2025-12-10,0,4,4
9508,rostamkola,mazandaran,2025-12-11,0,11,11
9508,rostamkola,mazandaran,2025-12-12,0,3,3
9508,rostamkola,mazandaran,2025-12-13,0,3,3
9508,rostamkola,mazandaran,2025-12-14,1,4,3
9508,rostamkola,mazandaran,2025-12-15,1,5,4
9508,rostamkola,mazandaran,2025-12-16,0,4,4
9508,rostamkola,mazandaran,2025-12-17,0,4,4
9508,rostamkola,mazandaran,2025-12-18,0,9,9
9508,rostamkola,mazandaran,2025-12-19,0,4,4
9508,rostamkola,mazandaran,2025-12-20,0,3,3
9508,rostamkola,mazandaran,2025-12-21,0,2,2
4756,royan,mazandaran,2025-11-22,690,797,107
4756,royan,mazandaran,2025-11-23,537,759,222
4756,royan,mazandaran,2025-11-24,377,599,222
4756,royan,mazandaran,2025-11-25,385,716,331
4756,royan,mazandaran,2025-11-26,419,995,576
4756,royan,mazandaran,2025-11-27,425,1201,776
4756,royan,mazandaran,2025-11-28,172,519,347
4756,royan,mazandaran,2025-11-29,162,422,260
4756,royan,mazandaran,2025-11-30,140,446,306
4756,royan,mazandaran,2025-12-01,106,408,302
4756,royan,mazandaran,2025-12-02,100,426,326
4756,royan,mazandaran,2025-12-03,144,733,589
4756,royan,mazandaran,2025-12-04,187,1449,1262
4756,royan,mazandaran,2025-12-05,105,583,478
4756,royan,mazandaran,2025-12-06,103,474,371
4756,royan,mazandaran,2025-12-07,69,389,320
4756,royan,mazandaran,2025-12-08,63,387,324
4756,royan,mazandaran,2025-12-09,49,450,401
4756,royan,mazandaran,2025-12-10,46,637,591
4756,royan,mazandaran,2025-12-11,54,1228,1174
4756,royan,mazandaran,2025-12-12,23,506,483
4756,royan,mazandaran,2025-12-13,14,337,323
4756,royan,mazandaran,2025-12-14,17,320,303
4756,royan,mazandaran,2025-12-15,13,378,365
4756,royan,mazandaran,2025-12-16,18,493,475
4756,royan,mazandaran,2025-12-17,46,621,575
4756,royan,mazandaran,2025-12-18,23,802,779
4756,royan,mazandaran,2025-12-19,15,479,464
4756,royan,mazandaran,2025-12-20,17,327,310
4756,royan,mazandaran,2025-12-21,8,250,242
9951,rudbar,gilan,2025-11-22,314,386,72
9951,rudbar,gilan,2025-11-23,283,411,128
9951,rudbar,gilan,2025-11-24,231,384,153
9951,rudbar,gilan,2025-11-25,212,419,207
9951,rudbar,gilan,2025-11-26,216,599,383
9951,rudbar,gilan,2025-11-27,231,830,599
9951,rudbar,gilan,2025-11-28,47,221,174
9951,rudbar,gilan,2025-11-29,68,206,138
9951,rudbar,gilan,2025-11-30,56,200,144
9951,rudbar,gilan,2025-12-01,29,149,120
9951,rudbar,gilan,2025-12-02,42,213,171
9951,rudbar,gilan,2025-12-03,38,331,293
9951,rudbar,gilan,2025-12-04,53,762,709
9951,rudbar,gilan,2025-12-05,22,283,261
9951,rudbar,gilan,2025-12-06,39,231,192
9951,rudbar,gilan,2025-12-07,11,177,166
9951,rudbar,gilan,2025-12-08,7,159,152
9951,rudbar,gilan,2025-12-09,8,175,167
9951,rudbar,gilan,2025-12-10,11,276,265
9951,rudbar,gilan,2025-12-11,29,799,770
9951,rudbar,gilan,2025-12-12,20,289,269
9951,rudbar,gilan,2025-12-13,8,179,171
9951,rudbar,gilan,2025-12-14,3,141,138
9951,rudbar,gilan,2025-12-15,3,175,172
9951,rudbar,gilan,2025-12-16,7,219,212
9951,rudbar,gilan,2025-12-17,7,313,306
9951,rudbar,gilan,2025-12-18,21,597,576
9951,rudbar,gilan,2025-12-19,5,261,256
9951,rudbar,gilan,2025-12-20,3,160,157
9951,rudbar,gilan,2025-12-21,1,110,109
3365,rudehen,tehran,2025-11-22,413,503,90
3365,rudehen,tehran,2025-11-23,681,983,302
3365,rudehen,tehran,2025-11-24,434,732,298
3365,rudehen,tehran,2025-11-25,354,739,385
3365,rudehen,tehran,2025-11-26,433,981,548
3365,rudehen,tehran,2025-11-27,1043,2705,1662
3365,rudehen,tehran,2025-11-28,224,797,573
3365,rudehen,tehran,2025-11-29,111,433,322
3365,rudehen,tehran,2025-11-30,119,501,382
3365,rudehen,tehran,2025-12-01,122,495,373
3365,rudehen,tehran,2025-12-02,101,489,388
3365,rudehen,tehran,2025-12-03,139,763,624
3365,rudehen,tehran,2025-12-04,498,3078,2580
3365,rudehen,tehran,2025-12-05,207,1137,930
3365,rudehen,tehran,2025-12-06,75,521,446
3365,rudehen,tehran,2025-12-07,38,438,400
3365,rudehen,tehran,2025-12-08,51,513,462
3365,rudehen,tehran,2025-12-09,75,610,535
3365,rudehen,tehran,2025-12-10,58,716,658
3365,rudehen,tehran,2025-12-11,263,3326,3063
3365,rudehen,tehran,2025-12-12,78,996,918
3365,rudehen,tehran,2025-12-13,43,509,466
3365,rudehen,tehran,2025-12-14,30,505,475
3365,rudehen,tehran,2025-12-15,40,608,568
3365,rudehen,tehran,2025-12-16,55,685,630
3365,rudehen,tehran,2025-12-17,77,907,830
3365,rudehen,tehran,2025-12-18,295,3211,2916
3365,rudehen,tehran,2025-12-19,68,1186,1118
3365,rudehen,tehran,2025-12-20,45,567,522
3365,rudehen,tehran,2025-12-21,50,488,438
8838,rudsar,gilan,2025-11-22,372,435,63
8838,rudsar,gilan,2025-11-23,206,297,91
8838,rudsar,gilan,2025-11-24,278,457,179
8838,rudsar,gilan,2025-11-25,248,464,216
8838,rudsar,gilan,2025-11-26,293,744,451
8838,rudsar,gilan,2025-11-27,287,840,553
8838,rudsar,gilan,2025-11-28,78,269,191
8838,rudsar,gilan,2025-11-29,55,204,149
8838,rudsar,gilan,2025-11-30,54,191,137
8838,rudsar,gilan,2025-12-01,42,210,168
8838,rudsar,gilan,2025-12-02,39,232,193
8838,rudsar,gilan,2025-12-03,54,429,375
8838,rudsar,gilan,2025-12-04,73,739,666
8838,rudsar,gilan,2025-12-05,49,305,256
8838,rudsar,gilan,2025-12-06,96,338,242
8838,rudsar,gilan,2025-12-07,95,303,208
8838,rudsar,gilan,2025-12-08,68,239,171
8838,rudsar,gilan,2025-12-09,95,351,256
8838,rudsar,gilan,2025-12-10,37,335,298
8838,rudsar,gilan,2025-12-11,69,804,735
8838,rudsar,gilan,2025-12-12,22,275,253
8838,rudsar,gilan,2025-12-13,18,208,190
8838,rudsar,gilan,2025-12-14,17,177,160
8838,rudsar,gilan,2025-12-15,27,241,214
8838,rudsar,gilan,2025-12-16,12,256,244
8838,rudsar,gilan,2025-12-17,17,390,373
8838,rudsar,gilan,2025-12-18,42,589,547
8838,rudsar,gilan,2025-12-19,16,287,271
8838,rudsar,gilan,2025-12-20,16,201,185
8838,rudsar,gilan,2025-12-21,12,148,136
6563,sabashahr,tehran,2025-11-22,8,8,0
6563,sabashahr,tehran,2025-11-23,6,7,1
6563,sabashahr,tehran,2025-11-24,6,7,1
6563,sabashahr,tehran,2025-11-25,2,3,1
6563,sabashahr,tehran,2025-11-26,4,7,3
6563,sabashahr,tehran,2025-11-27,4,8,4
6563,sabashahr,tehran,2025-11-28,2,3,1
6563,sabashahr,tehran,2025-11-29,2,3,1
6563,sabashahr,tehran,2025-11-30,2,3,1
6563,sabashahr,tehran,2025-12-01,2,4,2
6563,sabashahr,tehran,2025-12-02,2,4,2
6563,sabashahr,tehran,2025-12-03,2,5,3
6563,sabashahr,tehran,2025-12-04,3,9,6
6563,sabashahr,tehran,2025-12-05,4,7,3
6563,sabashahr,tehran,2025-12-06,2,4,2
6563,sabashahr,tehran,2025-12-07,2,4,2
6563,sabashahr,tehran,2025-12-08,2,4,2
6563,sabashahr,tehran,2025-12-09,2,4,2
6563,sabashahr,tehran,2025-12-10,2,5,3
6563,sabashahr,tehran,2025-12-11,3,11,8
6563,sabashahr,tehran,2025-12-12,2,4,2
6563,sabashahr,tehran,2025-12-13,2,4,2
6563,sabashahr,tehran,2025-12-14,2,4,2
6563,sabashahr,tehran,2025-12-15,2,5,3
6563,sabashahr,tehran,2025-12-16,2,5,3
6563,sabashahr,tehran,2025-12-17,2,5,3
6563,sabashahr,tehran,2025-12-18,2,8,6
6563,sabashahr,tehran,2025-12-19,2,5,3
6563,sabashahr,tehran,2025-12-20,2,5,3
6563,sabashahr,tehran,2025-12-21,0,2,2
9150,sabzevar,khorasan_razavi,2025-11-22,56,74,18
9150,sabzevar,khorasan_razavi,2025-11-23,44,72,28
9150,sabzevar,khorasan_razavi,2025-11-24,41,72,31
9150,sabzevar,khorasan_razavi,2025-11-25,45,86,41
9150,sabzevar,khorasan_razavi,2025-11-26,33,87,54
9150,sabzevar,khorasan_razavi,2025-11-27,42,104,62
9150,sabzevar,khorasan_razavi,2025-11-28,34,67,33
9150,sabzevar,khorasan_razavi,2025-11-29,9,42,33
9150,sabzevar,khorasan_razavi,2025-11-30,21,62,41
9150,sabzevar,khorasan_razavi,2025-12-01,15,57,42
9150,sabzevar,khorasan_razavi,2025-12-02,13,59,46
9150,sabzevar,khorasan_razavi,2025-12-03,12,67,55
9150,sabzevar,khorasan_razavi,2025-12-04,10,82,72
9150,sabzevar,khorasan_razavi,2025-12-05,6,49,43
9150,sabzevar,khorasan_razavi,2025-12-06,5,58,53
9150,sabzevar,khorasan_razavi,2025-12-07,5,55,50
9150,sabzevar,khorasan_razavi,2025-12-08,5,55,50
9150,sabzevar,khorasan_razavi,2025-12-09,7,58,51
9150,sabzevar,khorasan_razavi,2025-12-10,7,62,55
9150,sabzevar,khorasan_razavi,2025-12-11,12,101,89
9150,sabzevar,khorasan_razavi,2025-12-12,8,62,54
9150,sabzevar,khorasan_razavi,2025-12-13,5,57,52
9150,sabzevar,khorasan_razavi,2025-12-14,5,60,55
9150,sabzevar,khorasan_razavi,2025-12-15,6,75,69
9150,sabzevar,khorasan_razavi,2025-12-16,4,69,65
9150,sabzevar,khorasan_razavi,2025-12-17,4,85,81
9150,sabzevar,khorasan_razavi,2025-12-18,5,90,85
9150,sabzevar,khorasan_razavi,2025-12-19,2,68,66
9150,sabzevar,khorasan_razavi,2025-12-20,2,59,57
9150,sabzevar,khorasan_razavi,2025-12-21,1,48,47
1120,safadasht,tehran,2025-11-22,16,19,3
1120,safadasht,tehran,2025-11-23,16,22,6
1120,safadasht,tehran,2025-11-24,8,15,7
1120,safadasht,tehran,2025-11-25,5,13,8
1120,safadasht,tehran,2025-11-26,8,19,11
1120,safadasht,tehran,2025-11-27,32,77,45
1120,safadasht,tehran,2025-11-28,7,19,12
1120,safadasht,tehran,2025-11-29,0,9,9
1120,safadasht,tehran,2025-11-30,4,14,10
1120,safadasht,tehran,2025-12-01,2,14,12
1120,safadasht,tehran,2025-12-02,8,19,11
1120,safadasht,tehran,2025-12-03,0,13,13
1120,safadasht,tehran,2025-12-04,6,62,56
1120,safadasht,tehran,2025-12-05,5,23,18
1120,safadasht,tehran,2025-12-06,0,15,15
1120,safadasht,tehran,2025-12-07,0,14,14
1120,safadasht,tehran,2025-12-08,0,15,15
1120,safadasht,tehran,2025-12-09,1,17,16
1120,safadasht,tehran,2025-12-10,0,18,18
1120,safadasht,tehran,2025-12-11,0,59,59
1120,safadasht,tehran,2025-12-12,0,21,21
1120,safadasht,tehran,2025-12-13,0,16,16
1120,safadasht,tehran,2025-12-14,0,14,14
1120,safadasht,tehran,2025-12-15,0,18,18
1120,safadasht,tehran,2025-12-16,0,21,21
1120,safadasht,tehran,2025-12-17,0,21,21
1120,safadasht,tehran,2025-12-18,0,49,49
1120,safadasht,tehran,2025-12-19,2,25,23
1120,safadasht,tehran,2025-12-20,0,17,17
1120,safadasht,tehran,2025-12-21,1,13,12
9308,salehabad_khzr,khorasan_razavi,2025-11-22,0,0,0
9308,salehabad_khzr,khorasan_razavi,2025-11-23,0,0,0
9308,salehabad_khzr,khorasan_razavi,2025-11-24,0,0,0
9308,salehabad_khzr,khorasan_razavi,2025-11-25,0,0,0
9308,salehabad_khzr,khorasan_razavi,2025-11-26,0,0,0
9308,salehabad_khzr,khorasan_razavi,2025-11-27,0,0,0
9308,salehabad_khzr,khorasan_razavi,2025-11-28,0,0,0
9308,salehabad_khzr,khorasan_razavi,2025-11-29,0,0,0
9308,salehabad_khzr,khorasan_razavi,2025-11-30,0,0,0
9308,salehabad_khzr,khorasan_razavi,2025-12-01,0,0,0
9308,salehabad_khzr,khorasan_razavi,2025-12-02,0,0,0
9308,salehabad_khzr,khorasan_razavi,2025-12-03,0,0,0
9308,salehabad_khzr,khorasan_razavi,2025-12-04,0,0,0
9308,salehabad_khzr,khorasan_razavi,2025-12-05,0,0,0
9308,salehabad_khzr,khorasan_razavi,2025-12-06,0,0,0
9308,salehabad_khzr,khorasan_razavi,2025-12-07,0,0,0
9308,salehabad_khzr,khorasan_razavi,2025-12-08,0,0,0
9308,salehabad_khzr,khorasan_razavi,2025-12-09,0,0,0
9308,salehabad_khzr,khorasan_razavi,2025-12-10,0,0,0
9308,salehabad_khzr,khorasan_razavi,2025-12-11,0,0,0
9308,salehabad_khzr,khorasan_razavi,2025-12-12,0,0,0
9308,salehabad_khzr,khorasan_razavi,2025-12-13,0,0,0
9308,salehabad_khzr,khorasan_razavi,2025-12-14,0,0,0
9308,salehabad_khzr,khorasan_razavi,2025-12-15,0,0,0
9308,salehabad_khzr,khorasan_razavi,2025-12-16,0,0,0
9308,salehabad_khzr,khorasan_razavi,2025-12-17,0,0,0
9308,salehabad_khzr,khorasan_razavi,2025-12-18,0,0,0
9308,salehabad_khzr,khorasan_razavi,2025-12-19,0,0,0
9308,salehabad_khzr,khorasan_razavi,2025-12-20,0,0,0
9308,salehabad_khzr,khorasan_razavi,2025-12-21,0,0,0
8234,salehabad_teh,tehran,2025-11-22,0,0,0
8234,salehabad_teh,tehran,2025-11-23,0,0,0
8234,salehabad_teh,tehran,2025-11-24,1,1,0
8234,salehabad_teh,tehran,2025-11-25,0,0,0
8234,salehabad_teh,tehran,2025-11-26,0,0,0
8234,salehabad_teh,tehran,2025-11-27,0,0,0
8234,salehabad_teh,tehran,2025-11-28,0,0,0
8234,salehabad_teh,tehran,2025-11-29,0,0,0
8234,salehabad_teh,tehran,2025-11-30,0,0,0
8234,salehabad_teh,tehran,2025-12-01,0,0,0
8234,salehabad_teh,tehran,2025-12-02,0,0,0
8234,salehabad_teh,tehran,2025-12-03,0,0,0
8234,salehabad_teh,tehran,2025-12-04,0,0,0
8234,salehabad_teh,tehran,2025-12-05,0,0,0
8234,salehabad_teh,tehran,2025-12-06,0,0,0
8234,salehabad_teh,tehran,2025-12-07,0,0,0
8234,salehabad_teh,tehran,2025-12-08,0,0,0
8234,salehabad_teh,tehran,2025-12-09,0,0,0
8234,salehabad_teh,tehran,2025-12-10,0,0,0
8234,salehabad_teh,tehran,2025-12-11,0,0,0
8234,salehabad_teh,tehran,2025-12-12,0,0,0
8234,salehabad_teh,tehran,2025-12-13,0,0,0
8234,salehabad_teh,tehran,2025-12-14,0,0,0
8234,salehabad_teh,tehran,2025-12-15,0,0,0
8234,salehabad_teh,tehran,2025-12-16,0,0,0
8234,salehabad_teh,tehran,2025-12-17,0,0,0
8234,salehabad_teh,tehran,2025-12-18,0,0,0
8234,salehabad_teh,tehran,2025-12-19,0,0,0
8234,salehabad_teh,tehran,2025-12-20,0,0,0
8234,salehabad_teh,tehran,2025-12-21,0,0,0
4161,sangar,gilan,2025-11-22,123,146,23
4161,sangar,gilan,2025-11-23,70,108,38
4161,sangar,gilan,2025-11-24,61,111,50
4161,sangar,gilan,2025-11-25,80,151,71
4161,sangar,gilan,2025-11-26,131,280,149
4161,sangar,gilan,2025-11-27,113,291,178
4161,sangar,gilan,2025-11-28,17,72,55
4161,sangar,gilan,2025-11-29,16,61,45
4161,sangar,gilan,2025-11-30,34,75,41
4161,sangar,gilan,2025-12-01,29,75,46
4161,sangar,gilan,2025-12-02,25,77,52
4161,sangar,gilan,2025-12-03,6,100,94
4161,sangar,gilan,2025-12-04,3,150,147
4161,sangar,gilan,2025-12-05,4,88,84
4161,sangar,gilan,2025-12-06,11,81,70
4161,sangar,gilan,2025-12-07,11,75,64
4161,sangar,gilan,2025-12-08,11,70,59
4161,sangar,gilan,2025-12-09,0,69,69
4161,sangar,gilan,2025-12-10,4,110,106
4161,sangar,gilan,2025-12-11,14,258,244
4161,sangar,gilan,2025-12-12,12,97,85
4161,sangar,gilan,2025-12-13,11,79,68
4161,sangar,gilan,2025-12-14,1,61,60
4161,sangar,gilan,2025-12-15,3,78,75
4161,sangar,gilan,2025-12-16,18,111,93
4161,sangar,gilan,2025-12-17,5,130,125
4161,sangar,gilan,2025-12-18,3,167,164
4161,sangar,gilan,2025-12-19,2,92,90
4161,sangar,gilan,2025-12-20,7,70,63
4161,sangar,gilan,2025-12-21,6,53,47
2424,sarakhs,khorasan_razavi,2025-11-22,0,0,0
2424,sarakhs,khorasan_razavi,2025-11-23,0,0,0
2424,sarakhs,khorasan_razavi,2025-11-24,0,0,0
2424,sarakhs,khorasan_razavi,2025-11-25,0,0,0
2424,sarakhs,khorasan_razavi,2025-11-26,0,0,0
2424,sarakhs,khorasan_razavi,2025-11-27,0,0,0
2424,sarakhs,khorasan_razavi,2025-11-28,0,0,0
2424,sarakhs,khorasan_razavi,2025-11-29,0,0,0
2424,sarakhs,khorasan_razavi,2025-11-30,0,0,0
2424,sarakhs,khorasan_razavi,2025-12-01,0,0,0
2424,sarakhs,khorasan_razavi,2025-12-02,0,0,0
2424,sarakhs,khorasan_razavi,2025-12-03,0,0,0
2424,sarakhs,khorasan_razavi,2025-12-04,0,0,0
2424,sarakhs,khorasan_razavi,2025-12-05,0,0,0
2424,sarakhs,khorasan_razavi,2025-12-06,0,0,0
2424,sarakhs,khorasan_razavi,2025-12-07,0,0,0
2424,sarakhs,khorasan_razavi,2025-12-08,0,0,0
2424,sarakhs,khorasan_razavi,2025-12-09,0,0,0
2424,sarakhs,khorasan_razavi,2025-12-10,0,0,0
2424,sarakhs,khorasan_razavi,2025-12-11,0,0,0
2424,sarakhs,khorasan_razavi,2025-12-12,0,0,0
2424,sarakhs,khorasan_razavi,2025-12-13,0,0,0
2424,sarakhs,khorasan_razavi,2025-12-14,0,0,0
2424,sarakhs,khorasan_razavi,2025-12-15,0,0,0
2424,sarakhs,khorasan_razavi,2025-12-16,0,0,0
2424,sarakhs,khorasan_razavi,2025-12-17,0,0,0
2424,sarakhs,khorasan_razavi,2025-12-18,0,0,0
2424,sarakhs,khorasan_razavi,2025-12-19,0,0,0
2424,sarakhs,khorasan_razavi,2025-12-20,0,0,0
2424,sarakhs,khorasan_razavi,2025-12-21,0,0,0
6397,sardasht_hormozgan,hormozgan,2025-11-22,0,0,0
6397,sardasht_hormozgan,hormozgan,2025-11-23,0,0,0
6397,sardasht_hormozgan,hormozgan,2025-11-24,0,0,0
6397,sardasht_hormozgan,hormozgan,2025-11-25,0,0,0
6397,sardasht_hormozgan,hormozgan,2025-11-26,0,0,0
6397,sardasht_hormozgan,hormozgan,2025-11-27,0,0,0
6397,sardasht_hormozgan,hormozgan,2025-11-28,0,0,0
6397,sardasht_hormozgan,hormozgan,2025-11-29,0,0,0
6397,sardasht_hormozgan,hormozgan,2025-11-30,0,0,0
6397,sardasht_hormozgan,hormozgan,2025-12-01,0,0,0
6397,sardasht_hormozgan,hormozgan,2025-12-02,0,0,0
6397,sardasht_hormozgan,hormozgan,2025-12-03,0,0,0
6397,sardasht_hormozgan,hormozgan,2025-12-04,0,0,0
6397,sardasht_hormozgan,hormozgan,2025-12-05,0,0,0
6397,sardasht_hormozgan,hormozgan,2025-12-06,0,1,1
6397,sardasht_hormozgan,hormozgan,2025-12-07,0,1,1
6397,sardasht_hormozgan,hormozgan,2025-12-08,0,1,1
6397,sardasht_hormozgan,hormozgan,2025-12-09,0,1,1
6397,sardasht_hormozgan,hormozgan,2025-12-10,0,1,1
6397,sardasht_hormozgan,hormozgan,2025-12-11,0,1,1
6397,sardasht_hormozgan,hormozgan,2025-12-12,0,1,1
6397,sardasht_hormozgan,hormozgan,2025-12-13,0,1,1
6397,sardasht_hormozgan,hormozgan,2025-12-14,0,0,0
6397,sardasht_hormozgan,hormozgan,2025-12-15,0,1,1
6397,sardasht_hormozgan,hormozgan,2025-12-16,0,1,1
6397,sardasht_hormozgan,hormozgan,2025-12-17,0,1,1
6397,sardasht_hormozgan,hormozgan,2025-12-18,0,1,1
6397,sardasht_hormozgan,hormozgan,2025-12-19,0,1,1
6397,sardasht_hormozgan,hormozgan,2025-12-20,0,0,0
6397,sardasht_hormozgan,hormozgan,2025-12-21,0,0,0
6738,sargaz,hormozgan,2025-11-22,0,0,0
6738,sargaz,hormozgan,2025-11-23,0,0,0
6738,sargaz,hormozgan,2025-11-24,0,0,0
6738,sargaz,hormozgan,2025-11-25,0,0,0
6738,sargaz,hormozgan,2025-11-26,0,0,0
6738,sargaz,hormozgan,2025-11-27,0,0,0
6738,sargaz,hormozgan,2025-11-28,0,0,0
6738,sargaz,hormozgan,2025-11-29,0,0,0
6738,sargaz,hormozgan,2025-11-30,0,0,0
6738,sargaz,hormozgan,2025-12-01,0,0,0
6738,sargaz,hormozgan,2025-12-02,0,0,0
6738,sargaz,hormozgan,2025-12-03,0,0,0
6738,sargaz,hormozgan,2025-12-04,0,0,0
6738,sargaz,hormozgan,2025-12-05,0,0,0
6738,sargaz,hormozgan,2025-12-06,0,0,0
6738,sargaz,hormozgan,2025-12-07,0,0,0
6738,sargaz,hormozgan,2025-12-08,0,0,0
6738,sargaz,hormozgan,2025-12-09,0,0,0
6738,sargaz,hormozgan,2025-12-10,0,0,0
6738,sargaz,hormozgan,2025-12-11,0,0,0
6738,sargaz,hormozgan,2025-12-12,0,0,0
6738,sargaz,hormozgan,2025-12-13,0,0,0
6738,sargaz,hormozgan,2025-12-14,0,0,0
6738,sargaz,hormozgan,2025-12-15,0,0,0
6738,sargaz,hormozgan,2025-12-16,0,0,0
6738,sargaz,hormozgan,2025-12-17,0,0,0
6738,sargaz,hormozgan,2025-12-18,0,0,0
6738,sargaz,hormozgan,2025-12-19,0,0,0
6738,sargaz,hormozgan,2025-12-20,0,0,0
6738,sargaz,hormozgan,2025-12-21,0,0,0
6886,sari,mazandaran,2025-11-22,2620,3077,457
6886,sari,mazandaran,2025-11-23,2158,3002,844
6886,sari,mazandaran,2025-11-24,1829,2802,973
6886,sari,mazandaran,2025-11-25,1397,2465,1068
6886,sari,mazandaran,2025-11-26,1510,3354,1844
6886,sari,mazandaran,2025-11-27,1482,3858,2376
6886,sari,mazandaran,2025-11-28,532,1533,1001
6886,sari,mazandaran,2025-11-29,497,1402,905
6886,sari,mazandaran,2025-11-30,512,1611,1099
6886,sari,mazandaran,2025-12-01,605,1876,1271
6886,sari,mazandaran,2025-12-02,545,1851,1306
6886,sari,mazandaran,2025-12-03,714,2848,2134
6886,sari,mazandaran,2025-12-04,759,4459,3700
6886,sari,mazandaran,2025-12-05,340,1957,1617
6886,sari,mazandaran,2025-12-06,360,1878,1518
6886,sari,mazandaran,2025-12-07,267,1624,1357
6886,sari,mazandaran,2025-12-08,295,1642,1347
6886,sari,mazandaran,2025-12-09,273,1713,1440
6886,sari,mazandaran,2025-12-10,388,2476,2088
6886,sari,mazandaran,2025-12-11,517,4826,4309
6886,sari,mazandaran,2025-12-12,200,1843,1643
6886,sari,mazandaran,2025-12-13,184,1535,1351
6886,sari,mazandaran,2025-12-14,136,1270,1134
6886,sari,mazandaran,2025-12-15,129,1532,1403
6886,sari,mazandaran,2025-12-16,189,2002,1813
6886,sari,mazandaran,2025-12-17,175,2529,2354
6886,sari,mazandaran,2025-12-18,199,3381,3182
6886,sari,mazandaran,2025-12-19,91,1708,1617
6886,sari,mazandaran,2025-12-20,98,1558,1460
6886,sari,mazandaran,2025-12-21,48,1111,1063
4324,savadkuh,mazandaran,2025-11-22,4618,4893,275
4324,savadkuh,mazandaran,2025-11-23,4002,4744,742
4324,savadkuh,mazandaran,2025-11-24,2712,3631,919
4324,savadkuh,mazandaran,2025-11-25,2438,3684,1246
4324,savadkuh,mazandaran,2025-11-26,3023,6194,3171
4324,savadkuh,mazandaran,2025-11-27,3553,9613,6060
4324,savadkuh,mazandaran,2025-11-28,982,2645,1663
4324,savadkuh,mazandaran,2025-11-29,923,2135,1212
4324,savadkuh,mazandaran,2025-11-30,702,1854,1152
4324,savadkuh,mazandaran,2025-12-01,633,1910,1277
4324,savadkuh,mazandaran,2025-12-02,636,2060,1424
4324,savadkuh,mazandaran,2025-12-03,882,4250,3368
4324,savadkuh,mazandaran,2025-12-04,1137,8867,7730
4324,savadkuh,mazandaran,2025-12-05,299,2138,1839
4324,savadkuh,mazandaran,2025-12-06,233,1504,1271
4324,savadkuh,mazandaran,2025-12-07,207,1405,1198
4324,savadkuh,mazandaran,2025-12-08,239,1488,1249
4324,savadkuh,mazandaran,2025-12-09,239,1729,1490
4324,savadkuh,mazandaran,2025-12-10,361,3398,3037
4324,savadkuh,mazandaran,2025-12-11,477,8507,8030
4324,savadkuh,mazandaran,2025-12-12,176,2641,2465
4324,savadkuh,mazandaran,2025-12-13,136,1450,1314
4324,savadkuh,mazandaran,2025-12-14,110,1210,1100
4324,savadkuh,mazandaran,2025-12-15,93,1371,1278
4324,savadkuh,mazandaran,2025-12-16,144,1997,1853
4324,savadkuh,mazandaran,2025-12-17,185,3444,3259
4324,savadkuh,mazandaran,2025-12-18,231,5380,5149
4324,savadkuh,mazandaran,2025-12-19,110,2510,2400
4324,savadkuh,mazandaran,2025-12-20,155,1823,1668
4324,savadkuh,mazandaran,2025-12-21,97,1228,1131
5383,sedehlenjan,isfahan,2025-11-22,0,0,0
5383,sedehlenjan,isfahan,2025-11-23,0,0,0
5383,sedehlenjan,isfahan,2025-11-24,0,0,0
5383,sedehlenjan,isfahan,2025-11-25,0,0,0
5383,sedehlenjan,isfahan,2025-11-26,0,0,0
5383,sedehlenjan,isfahan,2025-11-27,0,0,0
5383,sedehlenjan,isfahan,2025-11-28,0,0,0
5383,sedehlenjan,isfahan,2025-11-29,0,0,0
5383,sedehlenjan,isfahan,2025-11-30,0,0,0
5383,sedehlenjan,isfahan,2025-12-01,0,0,0
5383,sedehlenjan,isfahan,2025-12-02,0,0,0
5383,sedehlenjan,isfahan,2025-12-03,0,0,0
5383,sedehlenjan,isfahan,2025-12-04,0,0,0
5383,sedehlenjan,isfahan,2025-12-05,0,0,0
5383,sedehlenjan,isfahan,2025-12-06,0,0,0
5383,sedehlenjan,isfahan,2025-12-07,0,0,0
5383,sedehlenjan,isfahan,2025-12-08,0,0,0
5383,sedehlenjan,isfahan,2025-12-09,0,0,0
5383,sedehlenjan,isfahan,2025-12-10,0,0,0
5383,sedehlenjan,isfahan,2025-12-11,0,0,0
5383,sedehlenjan,isfahan,2025-12-12,0,0,0
5383,sedehlenjan,isfahan,2025-12-13,0,0,0
5383,sedehlenjan,isfahan,2025-12-14,0,0,0
5383,sedehlenjan,isfahan,2025-12-15,0,0,0
5383,sedehlenjan,isfahan,2025-12-16,0,0,0
5383,sedehlenjan,isfahan,2025-12-17,0,0,0
5383,sedehlenjan,isfahan,2025-12-18,0,0,0
5383,sedehlenjan,isfahan,2025-12-19,0,0,0
5383,sedehlenjan,isfahan,2025-12-20,0,0,0
5383,sedehlenjan,isfahan,2025-12-21,0,0,0
8592,segzi,isfahan,2025-11-22,0,0,0
8592,segzi,isfahan,2025-11-23,0,0,0
8592,segzi,isfahan,2025-11-24,0,0,0
8592,segzi,isfahan,2025-11-25,0,0,0
8592,segzi,isfahan,2025-11-26,0,0,0
8592,segzi,isfahan,2025-11-27,0,0,0
8592,segzi,isfahan,2025-11-28,0,0,0
8592,segzi,isfahan,2025-11-29,0,0,0
8592,segzi,isfahan,2025-11-30,0,0,0
8592,segzi,isfahan,2025-12-01,0,0,0
8592,segzi,isfahan,2025-12-02,0,0,0
8592,segzi,isfahan,2025-12-03,0,0,0
8592,segzi,isfahan,2025-12-04,0,0,0
8592,segzi,isfahan,2025-12-05,0,0,0
8592,segzi,isfahan,2025-12-06,0,0,0
8592,segzi,isfahan,2025-12-07,0,0,0
8592,segzi,isfahan,2025-12-08,0,0,0
8592,segzi,isfahan,2025-12-09,0,0,0
8592,segzi,isfahan,2025-12-10,0,0,0
8592,segzi,isfahan,2025-12-11,0,0,0
8592,segzi,isfahan,2025-12-12,0,0,0
8592,segzi,isfahan,2025-12-13,0,0,0
8592,segzi,isfahan,2025-12-14,0,0,0
8592,segzi,isfahan,2025-12-15,0,0,0
8592,segzi,isfahan,2025-12-16,0,0,0
8592,segzi,isfahan,2025-12-17,0,0,0
8592,segzi,isfahan,2025-12-18,0,0,0
8592,segzi,isfahan,2025-12-19,0,0,0
8592,segzi,isfahan,2025-12-20,0,0,0
8592,segzi,isfahan,2025-12-21,0,0,0
6720,semirom,isfahan,2025-11-22,15,17,2
6720,semirom,isfahan,2025-11-23,34,44,10
6720,semirom,isfahan,2025-11-24,16,24,8
6720,semirom,isfahan,2025-11-25,6,14,8
6720,semirom,isfahan,2025-11-26,18,37,19
6720,semirom,isfahan,2025-11-27,53,145,92
6720,semirom,isfahan,2025-11-28,14,23,9
6720,semirom,isfahan,2025-11-29,4,12,8
6720,semirom,isfahan,2025-11-30,2,13,11
6720,semirom,isfahan,2025-12-01,5,16,11
6720,semirom,isfahan,2025-12-02,7,20,13
6720,semirom,isfahan,2025-12-03,6,27,21
6720,semirom,isfahan,2025-12-04,8,110,102
6720,semirom,isfahan,2025-12-05,3,16,13
6720,semirom,isfahan,2025-12-06,3,21,18
6720,semirom,isfahan,2025-12-07,3,18,15
6720,semirom,isfahan,2025-12-08,6,21,15
6720,semirom,isfahan,2025-12-09,2,17,15
6720,semirom,isfahan,2025-12-10,2,32,30
6720,semirom,isfahan,2025-12-11,3,95,92
6720,semirom,isfahan,2025-12-12,0,15,15
6720,semirom,isfahan,2025-12-13,0,17,17
6720,semirom,isfahan,2025-12-14,0,16,16
6720,semirom,isfahan,2025-12-15,3,21,18
6720,semirom,isfahan,2025-12-16,0,22,22
6720,semirom,isfahan,2025-12-17,1,37,36
6720,semirom,isfahan,2025-12-18,2,74,72
6720,semirom,isfahan,2025-12-19,0,20,20
6720,semirom,isfahan,2025-12-20,0,18,18
6720,semirom,isfahan,2025-12-21,0,12,12
7562,shaft,gilan,2025-11-22,632,690,58
7562,shaft,gilan,2025-11-23,429,530,101
7562,shaft,gilan,2025-11-24,351,510,159
7562,shaft,gilan,2025-11-25,385,602,217
7562,shaft,gilan,2025-11-26,451,890,439
7562,shaft,gilan,2025-11-27,382,912,530
7562,shaft,gilan,2025-11-28,177,396,219
7562,shaft,gilan,2025-11-29,176,354,178
7562,shaft,gilan,2025-11-30,135,308,173
7562,shaft,gilan,2025-12-01,126,300,174
7562,shaft,gilan,2025-12-02,107,312,205
7562,shaft,gilan,2025-12-03,114,474,360
7562,shaft,gilan,2025-12-04,158,1027,869
7562,shaft,gilan,2025-12-05,88,381,293
7562,shaft,gilan,2025-12-06,82,333,251
7562,shaft,gilan,2025-12-07,74,262,188
7562,shaft,gilan,2025-12-08,96,322,226
7562,shaft,gilan,2025-12-09,64,278,214
7562,shaft,gilan,2025-12-10,74,421,347
7562,shaft,gilan,2025-12-11,91,886,795
7562,shaft,gilan,2025-12-12,31,294,263
7562,shaft,gilan,2025-12-13,23,223,200
7562,shaft,gilan,2025-12-14,21,200,179
7562,shaft,gilan,2025-12-15,29,246,217
7562,shaft,gilan,2025-12-16,23,268,245
7562,shaft,gilan,2025-12-17,38,349,311
7562,shaft,gilan,2025-12-18,65,633,568
7562,shaft,gilan,2025-12-19,29,308,279
7562,shaft,gilan,2025-12-20,22,213,191
7562,shaft,gilan,2025-12-21,11,154,143
4125,shahedshahr,tehran,2025-11-22,3,3,0
4125,shahedshahr,tehran,2025-11-23,1,1,0
4125,shahedshahr,tehran,2025-11-24,0,0,0
4125,shahedshahr,tehran,2025-11-25,0,0,0
4125,shahedshahr,tehran,2025-11-26,0,1,1
4125,shahedshahr,tehran,2025-11-27,0,2,2
4125,shahedshahr,tehran,2025-11-28,0,1,1
4125,shahedshahr,tehran,2025-11-29,0,1,1
4125,shahedshahr,tehran,2025-11-30,0,1,1
4125,shahedshahr,tehran,2025-12-01,0,1,1
4125,shahedshahr,tehran,2025-12-02,0,1,1
4125,shahedshahr,tehran,2025-12-03,0,1,1
4125,shahedshahr,tehran,2025-12-04,3,7,4
4125,shahedshahr,tehran,2025-12-05,1,2,1
4125,shahedshahr,tehran,2025-12-06,0,2,2
4125,shahedshahr,tehran,2025-12-07,0,1,1
4125,shahedshahr,tehran,2025-12-08,0,2,2
4125,shahedshahr,tehran,2025-12-09,0,1,1
4125,shahedshahr,tehran,2025-12-10,0,2,2
4125,shahedshahr,tehran,2025-12-11,8,16,8
4125,shahedshahr,tehran,2025-12-12,0,1,1
4125,shahedshahr,tehran,2025-12-13,0,1,1
4125,shahedshahr,tehran,2025-12-14,0,1,1
4125,shahedshahr,tehran,2025-12-15,0,2,2
4125,shahedshahr,tehran,2025-12-16,0,2,2
4125,shahedshahr,tehran,2025-12-17,0,2,2
4125,shahedshahr,tehran,2025-12-18,0,4,4
4125,shahedshahr,tehran,2025-12-19,0,2,2
4125,shahedshahr,tehran,2025-12-20,0,2,2
4125,shahedshahr,tehran,2025-12-21,0,1,1
5434,shahinshahr,isfahan,2025-11-22,61,74,13
5434,shahinshahr,isfahan,2025-11-23,56,78,22
5434,shahinshahr,isfahan,2025-11-24,32,55,23
5434,shahinshahr,isfahan,2025-11-25,31,58,27
5434,shahinshahr,isfahan,2025-11-26,72,122,50
5434,shahinshahr,isfahan,2025-11-27,77,149,72
5434,shahinshahr,isfahan,2025-11-28,17,43,26
5434,shahinshahr,isfahan,2025-11-29,19,51,32
5434,shahinshahr,isfahan,2025-11-30,15,55,40
5434,shahinshahr,isfahan,2025-12-01,15,57,42
5434,shahinshahr,isfahan,2025-12-02,18,66,48
5434,shahinshahr,isfahan,2025-12-03,19,76,57
5434,shahinshahr,isfahan,2025-12-04,14,98,84
5434,shahinshahr,isfahan,2025-12-05,12,49,37
5434,shahinshahr,isfahan,2025-12-06,9,61,52
5434,shahinshahr,isfahan,2025-12-07,7,61,54
5434,shahinshahr,isfahan,2025-12-08,12,66,54
5434,shahinshahr,isfahan,2025-12-09,10,67,57
5434,shahinshahr,isfahan,2025-12-10,11,71,60
5434,shahinshahr,isfahan,2025-12-11,9,99,90
5434,shahinshahr,isfahan,2025-12-12,9,58,49
5434,shahinshahr,isfahan,2025-12-13,11,63,52
5434,shahinshahr,isfahan,2025-12-14,10,60,50
5434,shahinshahr,isfahan,2025-12-15,9,70,61
5434,shahinshahr,isfahan,2025-12-16,11,80,69
5434,shahinshahr,isfahan,2025-12-17,20,76,56
5434,shahinshahr,isfahan,2025-12-18,25,99,74
5434,shahinshahr,isfahan,2025-12-19,9,67,58
5434,shahinshahr,isfahan,2025-12-20,9,67,58
5434,shahinshahr,isfahan,2025-12-21,7,59,52
7252,shahrak_e_daryakenar,mazandaran,2025-11-22,122,132,10
7252,shahrak_e_daryakenar,mazandaran,2025-11-23,86,107,21
7252,shahrak_e_daryakenar,mazandaran,2025-11-24,67,97,30
7252,shahrak_e_daryakenar,mazandaran,2025-11-25,66,104,38
7252,shahrak_e_daryakenar,mazandaran,2025-11-26,104,179,75
7252,shahrak_e_daryakenar,mazandaran,2025-11-27,92,199,107
7252,shahrak_e_daryakenar,mazandaran,2025-11-28,40,92,52
7252,shahrak_e_daryakenar,mazandaran,2025-11-29,44,86,42
7252,shahrak_e_daryakenar,mazandaran,2025-11-30,37,89,52
7252,shahrak_e_daryakenar,mazandaran,2025-12-01,39,93,54
7252,shahrak_e_daryakenar,mazandaran,2025-12-02,29,85,56
7252,shahrak_e_daryakenar,mazandaran,2025-12-03,38,134,96
7252,shahrak_e_daryakenar,mazandaran,2025-12-04,36,208,172
7252,shahrak_e_daryakenar,mazandaran,2025-12-05,17,84,67
7252,shahrak_e_daryakenar,mazandaran,2025-12-06,28,89,61
7252,shahrak_e_daryakenar,mazandaran,2025-12-07,24,80,56
7252,shahrak_e_daryakenar,mazandaran,2025-12-08,19,75,56
7252,shahrak_e_daryakenar,mazandaran,2025-12-09,21,89,68
7252,shahrak_e_daryakenar,mazandaran,2025-12-10,23,117,94
7252,shahrak_e_daryakenar,mazandaran,2025-12-11,24,205,181
7252,shahrak_e_daryakenar,mazandaran,2025-12-12,14,73,59
7252,shahrak_e_daryakenar,mazandaran,2025-12-13,15,72,57
7252,shahrak_e_daryakenar,mazandaran,2025-12-14,11,63,52
7252,shahrak_e_daryakenar,mazandaran,2025-12-15,10,72,62
7252,shahrak_e_daryakenar,mazandaran,2025-12-16,10,86,76
7252,shahrak_e_daryakenar,mazandaran,2025-12-17,11,124,113
7252,shahrak_e_daryakenar,mazandaran,2025-12-18,15,183,168
7252,shahrak_e_daryakenar,mazandaran,2025-12-19,6,81,75
7252,shahrak_e_daryakenar,mazandaran,2025-12-20,8,68,60
7252,shahrak_e_daryakenar,mazandaran,2025-12-21,0,43,43
1370,shahre_jadide_hashtgerd,alborz,2025-11-22,0,0,0
1370,shahre_jadide_hashtgerd,alborz,2025-11-23,0,0,0
1370,shahre_jadide_hashtgerd,alborz,2025-11-24,0,0,0
1370,shahre_jadide_hashtgerd,alborz,2025-11-25,0,0,0
1370,shahre_jadide_hashtgerd,alborz,2025-11-26,0,0,0
1370,shahre_jadide_hashtgerd,alborz,2025-11-27,0,0,0
1370,shahre_jadide_hashtgerd,alborz,2025-11-28,0,0,0
1370,shahre_jadide_hashtgerd,alborz,2025-11-29,0,0,0
1370,shahre_jadide_hashtgerd,alborz,2025-11-30,0,0,0
1370,shahre_jadide_hashtgerd,alborz,2025-12-01,0,0,0
1370,shahre_jadide_hashtgerd,alborz,2025-12-02,0,0,0
1370,shahre_jadide_hashtgerd,alborz,2025-12-03,0,0,0
1370,shahre_jadide_hashtgerd,alborz,2025-12-04,0,0,0
1370,shahre_jadide_hashtgerd,alborz,2025-12-05,0,0,0
1370,shahre_jadide_hashtgerd,alborz,2025-12-06,0,0,0
1370,shahre_jadide_hashtgerd,alborz,2025-12-07,0,0,0
1370,shahre_jadide_hashtgerd,alborz,2025-12-08,0,0,0
1370,shahre_jadide_hashtgerd,alborz,2025-12-09,0,0,0
1370,shahre_jadide_hashtgerd,alborz,2025-12-10,0,0,0
1370,shahre_jadide_hashtgerd,alborz,2025-12-11,0,0,0
1370,shahre_jadide_hashtgerd,alborz,2025-12-12,0,0,0
1370,shahre_jadide_hashtgerd,alborz,2025-12-13,0,0,0
1370,shahre_jadide_hashtgerd,alborz,2025-12-14,0,0,0
1370,shahre_jadide_hashtgerd,alborz,2025-12-15,0,0,0
1370,shahre_jadide_hashtgerd,alborz,2025-12-16,0,0,0
1370,shahre_jadide_hashtgerd,alborz,2025-12-17,0,0,0
1370,shahre_jadide_hashtgerd,alborz,2025-12-18,0,0,0
1370,shahre_jadide_hashtgerd,alborz,2025-12-19,0,0,0
1370,shahre_jadide_hashtgerd,alborz,2025-12-20,0,0,0
1370,shahre_jadide_hashtgerd,alborz,2025-12-21,0,0,0
6249,shahreza,isfahan,2025-11-22,11,19,8
6249,shahreza,isfahan,2025-11-23,39,56,17
6249,shahreza,isfahan,2025-11-24,8,21,13
6249,shahreza,isfahan,2025-11-25,10,25,15
6249,shahreza,isfahan,2025-11-26,18,40,22
6249,shahreza,isfahan,2025-11-27,18,52,34
6249,shahreza,isfahan,2025-11-28,6,21,15
6249,shahreza,isfahan,2025-11-29,5,23,18
6249,shahreza,isfahan,2025-11-30,11,28,17
6249,shahreza,isfahan,2025-12-01,2,20,18
6249,shahreza,isfahan,2025-12-02,3,22,19
6249,shahreza,isfahan,2025-12-03,6,31,25
6249,shahreza,isfahan,2025-12-04,4,43,39
6249,shahreza,isfahan,2025-12-05,2,22,20
6249,shahreza,isfahan,2025-12-06,2,25,23
6249,shahreza,isfahan,2025-12-07,2,24,22
6249,shahreza,isfahan,2025-12-08,1,22,21
6249,shahreza,isfahan,2025-12-09,1,23,22
6249,shahreza,isfahan,2025-12-10,3,32,29
6249,shahreza,isfahan,2025-12-11,1,40,39
6249,shahreza,isfahan,2025-12-12,1,20,19
6249,shahreza,isfahan,2025-12-13,2,26,24
6249,shahreza,isfahan,2025-12-14,1,22,21
6249,shahreza,isfahan,2025-12-15,1,28,27
6249,shahreza,isfahan,2025-12-16,1,27,26
6249,shahreza,isfahan,2025-12-17,1,32,31
6249,shahreza,isfahan,2025-12-18,2,43,41
6249,shahreza,isfahan,2025-12-19,3,29,26
6249,shahreza,isfahan,2025-12-20,1,25,24
6249,shahreza,isfahan,2025-12-21,1,20,19
2949,shahriar,tehran,2025-11-22,1986,2440,454
2949,shahriar,tehran,2025-11-23,2334,3590,1256
2949,shahriar,tehran,2025-11-24,1592,2862,1270
2949,shahriar,tehran,2025-11-25,983,2116,1133
2949,shahriar,tehran,2025-11-26,1079,2785,1706
2949,shahriar,tehran,2025-11-27,3705,9539,5834
2949,shahriar,tehran,2025-11-28,736,2599,1863
2949,shahriar,tehran,2025-11-29,451,1628,1177
2949,shahriar,tehran,2025-11-30,319,1468,1149
2949,shahriar,tehran,2025-12-01,461,2113,1652
2949,shahriar,tehran,2025-12-02,469,2330,1861
2949,shahriar,tehran,2025-12-03,435,2313,1878
2949,shahriar,tehran,2025-12-04,1726,9839,8113
2949,shahriar,tehran,2025-12-05,635,3787,3152
2949,shahriar,tehran,2025-12-06,344,2247,1903
2949,shahriar,tehran,2025-12-07,234,1789,1555
2949,shahriar,tehran,2025-12-08,302,2203,1901
2949,shahriar,tehran,2025-12-09,255,2136,1881
2949,shahriar,tehran,2025-12-10,241,2436,2195
2949,shahriar,tehran,2025-12-11,1063,10107,9044
2949,shahriar,tehran,2025-12-12,287,3086,2799
2949,shahriar,tehran,2025-12-13,239,2260,2021
2949,shahriar,tehran,2025-12-14,123,1758,1635
2949,shahriar,tehran,2025-12-15,135,1993,1858
2949,shahriar,tehran,2025-12-16,215,2392,2177
2949,shahriar,tehran,2025-12-17,226,2944,2718
2949,shahriar,tehran,2025-12-18,1046,11051,10005
2949,shahriar,tehran,2025-12-19,238,3511,3273
2949,shahriar,tehran,2025-12-20,171,2480,2309
2949,shahriar,tehran,2025-12-21,443,3981,3538
5720,shandiz,khorasan_razavi,2025-11-22,68,78,10
5720,shandiz,khorasan_razavi,2025-11-23,69,93,24
5720,shandiz,khorasan_razavi,2025-11-24,54,84,30
5720,shandiz,khorasan_razavi,2025-11-25,36,72,36
5720,shandiz,khorasan_razavi,2025-11-26,56,123,67
5720,shandiz,khorasan_razavi,2025-11-27,61,208,147
5720,shandiz,khorasan_razavi,2025-11-28,2,29,27
5720,shandiz,khorasan_razavi,2025-11-29,1,23,22
5720,shandiz,khorasan_razavi,2025-11-30,16,47,31
5720,shandiz,khorasan_razavi,2025-12-01,13,54,41
5720,shandiz,khorasan_razavi,2025-12-02,12,57,45
5720,shandiz,khorasan_razavi,2025-12-03,26,108,82
5720,shandiz,khorasan_razavi,2025-12-04,21,192,171
5720,shandiz,khorasan_razavi,2025-12-05,15,84,69
5720,shandiz,khorasan_razavi,2025-12-06,12,62,50
5720,shandiz,khorasan_razavi,2025-12-07,12,58,46
5720,shandiz,khorasan_razavi,2025-12-08,7,56,49
5720,shandiz,khorasan_razavi,2025-12-09,8,61,53
5720,shandiz,khorasan_razavi,2025-12-10,8,79,71
5720,shandiz,khorasan_razavi,2025-12-11,25,249,224
5720,shandiz,khorasan_razavi,2025-12-12,0,44,44
5720,shandiz,khorasan_razavi,2025-12-13,9,58,49
5720,shandiz,khorasan_razavi,2025-12-14,7,56,49
5720,shandiz,khorasan_razavi,2025-12-15,20,86,66
5720,shandiz,khorasan_razavi,2025-12-16,12,75,63
5720,shandiz,khorasan_razavi,2025-12-17,3,80,77
5720,shandiz,khorasan_razavi,2025-12-18,21,205,184
5720,shandiz,khorasan_razavi,2025-12-19,15,89,74
5720,shandiz,khorasan_razavi,2025-12-20,0,44,44
5720,shandiz,khorasan_razavi,2025-12-21,3,40,37
5171,shapoorabad,isfahan,2025-11-22,0,0,0
5171,shapoorabad,isfahan,2025-11-23,0,0,0
5171,shapoorabad,isfahan,2025-11-24,0,0,0
5171,shapoorabad,isfahan,2025-11-25,0,0,0
5171,shapoorabad,isfahan,2025-11-26,0,0,0
5171,shapoorabad,isfahan,2025-11-27,0,0,0
5171,shapoorabad,isfahan,2025-11-28,0,0,0
5171,shapoorabad,isfahan,2025-11-29,0,0,0
5171,shapoorabad,isfahan,2025-11-30,0,0,0
5171,shapoorabad,isfahan,2025-12-01,0,0,0
5171,shapoorabad,isfahan,2025-12-02,0,0,0
5171,shapoorabad,isfahan,2025-12-03,0,0,0
5171,shapoorabad,isfahan,2025-12-04,0,0,0
5171,shapoorabad,isfahan,2025-12-05,0,0,0
5171,shapoorabad,isfahan,2025-12-06,0,0,0
5171,shapoorabad,isfahan,2025-12-07,0,0,0
5171,shapoorabad,isfahan,2025-12-08,0,0,0
5171,shapoorabad,isfahan,2025-12-09,0,0,0
5171,shapoorabad,isfahan,2025-12-10,0,0,0
5171,shapoorabad,isfahan,2025-12-11,0,0,0
5171,shapoorabad,isfahan,2025-12-12,0,0,0
5171,shapoorabad,isfahan,2025-12-13,0,0,0
5171,shapoorabad,isfahan,2025-12-14,0,0,0
5171,shapoorabad,isfahan,2025-12-15,0,0,0
5171,shapoorabad,isfahan,2025-12-16,0,0,0
5171,shapoorabad,isfahan,2025-12-17,0,0,0
5171,shapoorabad,isfahan,2025-12-18,0,0,0
5171,shapoorabad,isfahan,2025-12-19,0,0,0
5171,shapoorabad,isfahan,2025-12-20,0,0,0
5171,shapoorabad,isfahan,2025-12-21,0,0,0
3617,sharifabad,tehran,2025-11-22,2,2,0
3617,sharifabad,tehran,2025-11-23,2,2,0
3617,sharifabad,tehran,2025-11-24,2,2,0
3617,sharifabad,tehran,2025-11-25,2,3,1
3617,sharifabad,tehran,2025-11-26,2,3,1
3617,sharifabad,tehran,2025-11-27,2,3,1
3617,sharifabad,tehran,2025-11-28,2,3,1
3617,sharifabad,tehran,2025-11-29,2,2,0
3617,sharifabad,tehran,2025-11-30,2,3,1
3617,sharifabad,tehran,2025-12-01,2,3,1
3617,sharifabad,tehran,2025-12-02,2,3,1
3617,sharifabad,tehran,2025-12-03,4,5,1
3617,sharifabad,tehran,2025-12-04,4,7,3
3617,sharifabad,tehran,2025-12-05,2,4,2
3617,sharifabad,tehran,2025-12-06,2,3,1
3617,sharifabad,tehran,2025-12-07,2,3,1
3617,sharifabad,tehran,2025-12-08,2,4,2
3617,sharifabad,tehran,2025-12-09,2,4,2
3617,sharifabad,tehran,2025-12-10,2,4,2
3617,sharifabad,tehran,2025-12-11,2,5,3
3617,sharifabad,tehran,2025-12-12,2,4,2
3617,sharifabad,tehran,2025-12-13,2,3,1
3617,sharifabad,tehran,2025-12-14,2,3,1
3617,sharifabad,tehran,2025-12-15,2,4,2
3617,sharifabad,tehran,2025-12-16,2,4,2
3617,sharifabad,tehran,2025-12-17,2,4,2
3617,sharifabad,tehran,2025-12-18,2,5,3
3617,sharifabad,tehran,2025-12-19,2,4,2
3617,sharifabad,tehran,2025-12-20,2,3,1
3617,sharifabad,tehran,2025-12-21,0,1,1
1996,shelman,gilan,2025-11-22,1,1,0
1996,shelman,gilan,2025-11-23,2,2,0
1996,shelman,gilan,2025-11-24,2,3,1
1996,shelman,gilan,2025-11-25,0,1,1
1996,shelman,gilan,2025-11-26,0,2,2
1996,shelman,gilan,2025-11-27,0,3,3
1996,shelman,gilan,2025-11-28,1,2,1
1996,shelman,gilan,2025-11-29,0,1,1
1996,shelman,gilan,2025-11-30,0,1,1
1996,shelman,gilan,2025-12-01,0,1,1
1996,shelman,gilan,2025-12-02,0,1,1
1996,shelman,gilan,2025-12-03,0,2,2
1996,shelman,gilan,2025-12-04,0,5,5
1996,shelman,gilan,2025-12-05,0,2,2
1996,shelman,gilan,2025-12-06,0,2,2
1996,shelman,gilan,2025-12-07,0,2,2
1996,shelman,gilan,2025-12-08,0,2,2
1996,shelman,gilan,2025-12-09,0,2,2
1996,shelman,gilan,2025-12-10,0,2,2
1996,shelman,gilan,2025-12-11,0,3,3
1996,shelman,gilan,2025-12-12,0,2,2
1996,shelman,gilan,2025-12-13,0,2,2
1996,shelman,gilan,2025-12-14,0,2,2
1996,shelman,gilan,2025-12-15,0,2,2
1996,shelman,gilan,2025-12-16,0,2,2
1996,shelman,gilan,2025-12-17,0,2,2
1996,shelman,gilan,2025-12-18,0,3,3
1996,shelman,gilan,2025-12-19,0,2,2
1996,shelman,gilan,2025-12-20,0,2,2
1996,shelman,gilan,2025-12-21,0,2,2
9077,shemshak,tehran,2025-11-22,78,92,14
9077,shemshak,tehran,2025-11-23,152,208,56
9077,shemshak,tehran,2025-11-24,65,104,39
9077,shemshak,tehran,2025-11-25,34,68,34
9077,shemshak,tehran,2025-11-26,46,122,76
9077,shemshak,tehran,2025-11-27,88,366,278
9077,shemshak,tehran,2025-11-28,21,92,71
9077,shemshak,tehran,2025-11-29,16,55,39
9077,shemshak,tehran,2025-11-30,17,61,44
9077,shemshak,tehran,2025-12-01,21,74,53
9077,shemshak,tehran,2025-12-02,19,75,56
9077,shemshak,tehran,2025-12-03,25,121,96
9077,shemshak,tehran,2025-12-04,43,413,370
9077,shemshak,tehran,2025-12-05,8,98,90
9077,shemshak,tehran,2025-12-06,8,112,104
9077,shemshak,tehran,2025-12-07,11,115,104
9077,shemshak,tehran,2025-12-08,17,118,101
9077,shemshak,tehran,2025-12-09,12,117,105
9077,shemshak,tehran,2025-12-10,12,135,123
9077,shemshak,tehran,2025-12-11,27,633,606
9077,shemshak,tehran,2025-12-12,10,169,159
9077,shemshak,tehran,2025-12-13,10,116,106
9077,shemshak,tehran,2025-12-14,10,110,100
9077,shemshak,tehran,2025-12-15,9,137,128
9077,shemshak,tehran,2025-12-16,9,138,129
9077,shemshak,tehran,2025-12-17,10,191,181
9077,shemshak,tehran,2025-12-18,22,482,460
9077,shemshak,tehran,2025-12-19,7,167,160
9077,shemshak,tehran,2025-12-20,9,120,111
9077,shemshak,tehran,2025-12-21,5,91,86
2951,sheshtamad,khorasan_razavi,2025-11-22,0,0,0
2951,sheshtamad,khorasan_razavi,2025-11-23,0,0,0
2951,sheshtamad,khorasan_razavi,2025-11-24,0,0,0
2951,sheshtamad,khorasan_razavi,2025-11-25,0,0,0
2951,sheshtamad,khorasan_razavi,2025-11-26,0,0,0
2951,sheshtamad,khorasan_razavi,2025-11-27,0,0,0
2951,sheshtamad,khorasan_razavi,2025-11-28,0,0,0
2951,sheshtamad,khorasan_razavi,2025-11-29,0,0,0
2951,sheshtamad,khorasan_razavi,2025-11-30,0,0,0
2951,sheshtamad,khorasan_razavi,2025-12-01,0,0,0
2951,sheshtamad,khorasan_razavi,2025-12-02,0,0,0
2951,sheshtamad,khorasan_razavi,2025-12-03,0,0,0
2951,sheshtamad,khorasan_razavi,2025-12-04,0,0,0
2951,sheshtamad,khorasan_razavi,2025-12-05,0,0,0
2951,sheshtamad,khorasan_razavi,2025-12-06,0,0,0
2951,sheshtamad,khorasan_razavi,2025-12-07,0,0,0
2951,sheshtamad,khorasan_razavi,2025-12-08,0,0,0
2951,sheshtamad,khorasan_razavi,2025-12-09,0,0,0
2951,sheshtamad,khorasan_razavi,2025-12-10,0,0,0
2951,sheshtamad,khorasan_razavi,2025-12-11,0,0,0
2951,sheshtamad,khorasan_razavi,2025-12-12,0,0,0
2951,sheshtamad,khorasan_razavi,2025-12-13,0,0,0
2951,sheshtamad,khorasan_razavi,2025-12-14,0,0,0
2951,sheshtamad,khorasan_razavi,2025-12-15,0,0,0
2951,sheshtamad,khorasan_razavi,2025-12-16,0,0,0
2951,sheshtamad,khorasan_razavi,2025-12-17,0,0,0
2951,sheshtamad,khorasan_razavi,2025-12-18,0,0,0
2951,sheshtamad,khorasan_razavi,2025-12-19,0,0,0
2951,sheshtamad,khorasan_razavi,2025-12-20,0,0,0
2951,sheshtamad,khorasan_razavi,2025-12-21,0,0,0
7274,shirgah,mazandaran,2025-11-22,3670,3961,291
7274,shirgah,mazandaran,2025-11-23,3089,3803,714
7274,shirgah,mazandaran,2025-11-24,2147,2962,815
7274,shirgah,mazandaran,2025-11-25,1781,2824,1043
7274,shirgah,mazandaran,2025-11-26,2836,5505,2669
7274,shirgah,mazandaran,2025-11-27,3340,8172,4832
7274,shirgah,mazandaran,2025-11-28,743,2007,1264
7274,shirgah,mazandaran,2025-11-29,630,1493,863
7274,shirgah,mazandaran,2025-11-30,494,1382,888
7274,shirgah,mazandaran,2025-12-01,593,1678,1085
7274,shirgah,mazandaran,2025-12-02,492,1517,1025
7274,shirgah,mazandaran,2025-12-03,886,3612,2726
7274,shirgah,mazandaran,2025-12-04,1136,6721,5585
7274,shirgah,mazandaran,2025-12-05,400,2208,1808
7274,shirgah,mazandaran,2025-12-06,253,1467,1214
7274,shirgah,mazandaran,2025-12-07,198,1249,1051
7274,shirgah,mazandaran,2025-12-08,260,1419,1159
7274,shirgah,mazandaran,2025-12-09,305,1796,1491
7274,shirgah,mazandaran,2025-12-10,383,2897,2514
7274,shirgah,mazandaran,2025-12-11,469,6478,6009
7274,shirgah,mazandaran,2025-12-12,308,2689,2381
7274,shirgah,mazandaran,2025-12-13,227,1771,1544
7274,shirgah,mazandaran,2025-12-14,182,1394,1212
7274,shirgah,mazandaran,2025-12-15,144,1455,1311
7274,shirgah,mazandaran,2025-12-16,191,1802,1611
7274,shirgah,mazandaran,2025-12-17,331,3458,3127
7274,shirgah,mazandaran,2025-12-18,295,4504,4209
7274,shirgah,mazandaran,2025-12-19,100,1755,1655
7274,shirgah,mazandaran,2025-12-20,151,1821,1670
7274,shirgah,mazandaran,2025-12-21,38,810,772
8837,shiroud,mazandaran,2025-11-22,168,186,18
8837,shiroud,mazandaran,2025-11-23,112,141,29
8837,shiroud,mazandaran,2025-11-24,88,127,39
8837,shiroud,mazandaran,2025-11-25,90,140,50
8837,shiroud,mazandaran,2025-11-26,61,135,74
8837,shiroud,mazandaran,2025-11-27,92,229,137
8837,shiroud,mazandaran,2025-11-28,21,57,36
8837,shiroud,mazandaran,2025-11-29,29,63,34
8837,shiroud,mazandaran,2025-11-30,29,69,40
8837,shiroud,mazandaran,2025-12-01,30,75,45
8837,shiroud,mazandaran,2025-12-02,31,78,47
8837,shiroud,mazandaran,2025-12-03,23,92,69
8837,shiroud,mazandaran,2025-12-04,27,171,144
8837,shiroud,mazandaran,2025-12-05,15,68,53
8837,shiroud,mazandaran,2025-12-06,12,56,44
8837,shiroud,mazandaran,2025-12-07,2,47,45
8837,shiroud,mazandaran,2025-12-08,4,48,44
8837,shiroud,mazandaran,2025-12-09,9,55,46
8837,shiroud,mazandaran,2025-12-10,5,61,56
8837,shiroud,mazandaran,2025-12-11,5,117,112
8837,shiroud,mazandaran,2025-12-12,4,47,43
8837,shiroud,mazandaran,2025-12-13,4,46,42
8837,shiroud,mazandaran,2025-12-14,9,57,48
8837,shiroud,mazandaran,2025-12-15,9,60,51
8837,shiroud,mazandaran,2025-12-16,6,62,56
8837,shiroud,mazandaran,2025-12-17,2,62,60
8837,shiroud,mazandaran,2025-12-18,11,106,95
8837,shiroud,mazandaran,2025-12-19,0,49,49
8837,shiroud,mazandaran,2025-12-20,0,40,40
8837,shiroud,mazandaran,2025-12-21,0,31,31
4235,siahkal,gilan,2025-11-22,489,561,72
4235,siahkal,gilan,2025-11-23,374,500,126
4235,siahkal,gilan,2025-11-24,254,405,151
4235,siahkal,gilan,2025-11-25,201,393,192
4235,siahkal,gilan,2025-11-26,247,645,398
4235,siahkal,gilan,2025-11-27,212,724,512
4235,siahkal,gilan,2025-11-28,102,315,213
4235,siahkal,gilan,2025-11-29,124,297,173
4235,siahkal,gilan,2025-11-30,120,302,182
4235,siahkal,gilan,2025-12-01,101,298,197
4235,siahkal,gilan,2025-12-02,63,296,233
4235,siahkal,gilan,2025-12-03,85,473,388
4235,siahkal,gilan,2025-12-04,99,849,750
4235,siahkal,gilan,2025-12-05,65,354,289
4235,siahkal,gilan,2025-12-06,78,326,248
4235,siahkal,gilan,2025-12-07,57,292,235
4235,siahkal,gilan,2025-12-08,72,276,204
4235,siahkal,gilan,2025-12-09,51,267,216
4235,siahkal,gilan,2025-12-10,45,364,319
4235,siahkal,gilan,2025-12-11,35,763,728
4235,siahkal,gilan,2025-12-12,14,306,292
4235,siahkal,gilan,2025-12-13,13,244,231
4235,siahkal,gilan,2025-12-14,13,205,192
4235,siahkal,gilan,2025-12-15,12,245,233
4235,siahkal,gilan,2025-12-16,18,305,287
4235,siahkal,gilan,2025-12-17,30,363,333
4235,siahkal,gilan,2025-12-18,32,481,449
4235,siahkal,gilan,2025-12-19,5,272,267
4235,siahkal,gilan,2025-12-20,12,241,229
4235,siahkal,gilan,2025-12-21,1,144,143
8682,sirri,hormozgan,2025-11-22,0,0,0
8682,sirri,hormozgan,2025-11-23,0,0,0
8682,sirri,hormozgan,2025-11-24,0,0,0
8682,sirri,hormozgan,2025-11-25,0,0,0
8682,sirri,hormozgan,2025-11-26,0,0,0
8682,sirri,hormozgan,2025-11-27,0,0,0
8682,sirri,hormozgan,2025-11-28,0,0,0
8682,sirri,hormozgan,2025-11-29,0,0,0
8682,sirri,hormozgan,2025-11-30,0,0,0
8682,sirri,hormozgan,2025-12-01,0,0,0
8682,sirri,hormozgan,2025-12-02,0,0,0
8682,sirri,hormozgan,2025-12-03,0,0,0
8682,sirri,hormozgan,2025-12-04,0,0,0
8682,sirri,hormozgan,2025-12-05,0,0,0
8682,sirri,hormozgan,2025-12-06,0,0,0
8682,sirri,hormozgan,2025-12-07,0,0,0
8682,sirri,hormozgan,2025-12-08,0,0,0
8682,sirri,hormozgan,2025-12-09,0,0,0
8682,sirri,hormozgan,2025-12-10,0,0,0
8682,sirri,hormozgan,2025-12-11,0,0,0
8682,sirri,hormozgan,2025-12-12,0,0,0
8682,sirri,hormozgan,2025-12-13,0,0,0
8682,sirri,hormozgan,2025-12-14,0,0,0
8682,sirri,hormozgan,2025-12-15,0,0,0
8682,sirri,hormozgan,2025-12-16,0,0,0
8682,sirri,hormozgan,2025-12-17,0,0,0
8682,sirri,hormozgan,2025-12-18,0,0,0
8682,sirri,hormozgan,2025-12-19,0,0,0
8682,sirri,hormozgan,2025-12-20,0,0,0
8682,sirri,hormozgan,2025-12-21,0,0,0
2337,sooza,hormozgan,2025-11-22,89,94,5
2337,sooza,hormozgan,2025-11-23,87,97,10
2337,sooza,hormozgan,2025-11-24,86,101,15
2337,sooza,hormozgan,2025-11-25,74,93,19
2337,sooza,hormozgan,2025-11-26,73,104,31
2337,sooza,hormozgan,2025-11-27,64,93,29
2337,sooza,hormozgan,2025-11-28,21,32,11
2337,sooza,hormozgan,2025-11-29,17,27,10
2337,sooza,hormozgan,2025-11-30,10,18,8
2337,sooza,hormozgan,2025-12-01,10,19,9
2337,sooza,hormozgan,2025-12-02,14,26,12
2337,sooza,hormozgan,2025-12-03,10,24,14
2337,sooza,hormozgan,2025-12-04,10,31,21
2337,sooza,hormozgan,2025-12-05,7,22,15
2337,sooza,hormozgan,2025-12-06,5,20,15
2337,sooza,hormozgan,2025-12-07,9,26,17
2337,sooza,hormozgan,2025-12-08,6,19,13
2337,sooza,hormozgan,2025-12-09,14,34,20
2337,sooza,hormozgan,2025-12-10,29,63,34
2337,sooza,hormozgan,2025-12-11,22,62,40
2337,sooza,hormozgan,2025-12-12,14,36,22
2337,sooza,hormozgan,2025-12-13,29,65,36
2337,sooza,hormozgan,2025-12-14,42,77,35
2337,sooza,hormozgan,2025-12-15,31,75,44
2337,sooza,hormozgan,2025-12-16,23,65,42
2337,sooza,hormozgan,2025-12-17,11,43,32
2337,sooza,hormozgan,2025-12-18,18,62,44
2337,sooza,hormozgan,2025-12-19,13,45,32
2337,sooza,hormozgan,2025-12-20,12,44,32
2337,sooza,hormozgan,2025-12-21,7,23,16
5163,sorak,mazandaran,2025-11-22,2,2,0
5163,sorak,mazandaran,2025-11-23,0,0,0
5163,sorak,mazandaran,2025-11-24,1,1,0
5163,sorak,mazandaran,2025-11-25,0,0,0
5163,sorak,mazandaran,2025-11-26,0,1,1
5163,sorak,mazandaran,2025-11-27,0,2,2
5163,sorak,mazandaran,2025-11-28,0,0,0
5163,sorak,mazandaran,2025-11-29,0,0,0
5163,sorak,mazandaran,2025-11-30,0,0,0
5163,sorak,mazandaran,2025-12-01,0,0,0
5163,sorak,mazandaran,2025-12-02,0,0,0
5163,sorak,mazandaran,2025-12-03,0,1,1
5163,sorak,mazandaran,2025-12-04,0,1,1
5163,sorak,mazandaran,2025-12-05,0,0,0
5163,sorak,mazandaran,2025-12-06,0,0,0
5163,sorak,mazandaran,2025-12-07,0,0,0
5163,sorak,mazandaran,2025-12-08,0,0,0
5163,sorak,mazandaran,2025-12-09,0,0,0
5163,sorak,mazandaran,2025-12-10,0,0,0
5163,sorak,mazandaran,2025-12-11,0,1,1
5163,sorak,mazandaran,2025-12-12,0,0,0
5163,sorak,mazandaran,2025-12-13,0,0,0
5163,sorak,mazandaran,2025-12-14,0,0,0
5163,sorak,mazandaran,2025-12-15,0,0,0
5163,sorak,mazandaran,2025-12-16,0,0,0
5163,sorak,mazandaran,2025-12-17,0,0,0
5163,sorak,mazandaran,2025-12-18,0,1,1
5163,sorak,mazandaran,2025-12-19,0,0,0
5163,sorak,mazandaran,2025-12-20,0,0,0
5163,sorak,mazandaran,2025-12-21,0,0,0
6248,sorkhrud,mazandaran,2025-11-22,1336,1555,219
6248,sorkhrud,mazandaran,2025-11-23,1085,1472,387
6248,sorkhrud,mazandaran,2025-11-24,808,1273,465
6248,sorkhrud,mazandaran,2025-11-25,787,1440,653
6248,sorkhrud,mazandaran,2025-11-26,1090,2398,1308
6248,sorkhrud,mazandaran,2025-11-27,1309,3465,2156
6248,sorkhrud,mazandaran,2025-11-28,357,1038,681
6248,sorkhrud,mazandaran,2025-11-29,161,707,546
6248,sorkhrud,mazandaran,2025-11-30,206,806,600
6248,sorkhrud,mazandaran,2025-12-01,176,726,550
6248,sorkhrud,mazandaran,2025-12-02,184,844,660
6248,sorkhrud,mazandaran,2025-12-03,258,1428,1170
6248,sorkhrud,mazandaran,2025-12-04,393,3155,2762
6248,sorkhrud,mazandaran,2025-12-05,211,1247,1036
6248,sorkhrud,mazandaran,2025-12-06,173,1103,930
6248,sorkhrud,mazandaran,2025-12-07,148,926,778
6248,sorkhrud,mazandaran,2025-12-08,110,856,746
6248,sorkhrud,mazandaran,2025-12-09,140,1020,880
6248,sorkhrud,mazandaran,2025-12-10,173,1447,1274
6248,sorkhrud,mazandaran,2025-12-11,274,3343,3069
6248,sorkhrud,mazandaran,2025-12-12,80,998,918
6248,sorkhrud,mazandaran,2025-12-13,34,870,836
6248,sorkhrud,mazandaran,2025-12-14,75,856,781
6248,sorkhrud,mazandaran,2025-12-15,65,972,907
6248,sorkhrud,mazandaran,2025-12-16,74,996,922
6248,sorkhrud,mazandaran,2025-12-17,51,1407,1356
6248,sorkhrud,mazandaran,2025-12-18,94,2118,2024
6248,sorkhrud,mazandaran,2025-12-19,20,1047,1027
6248,sorkhrud,mazandaran,2025-12-20,23,922,899
6248,sorkhrud,mazandaran,2025-12-21,25,617,592
4252,sowmeeh_sara,gilan,2025-11-22,300,334,34
4252,sowmeeh_sara,gilan,2025-11-23,215,274,59
4252,sowmeeh_sara,gilan,2025-11-24,195,275,80
4252,sowmeeh_sara,gilan,2025-11-25,195,309,114
4252,sowmeeh_sara,gilan,2025-11-26,196,392,196
4252,sowmeeh_sara,gilan,2025-11-27,159,388,229
4252,sowmeeh_sara,gilan,2025-11-28,52,140,88
4252,sowmeeh_sara,gilan,2025-11-29,49,131,82
4252,sowmeeh_sara,gilan,2025-11-30,48,129,81
4252,sowmeeh_sara,gilan,2025-12-01,35,114,79
4252,sowmeeh_sara,gilan,2025-12-02,27,117,90
4252,sowmeeh_sara,gilan,2025-12-03,52,222,170
4252,sowmeeh_sara,gilan,2025-12-04,61,384,323
4252,sowmeeh_sara,gilan,2025-12-05,52,178,126
4252,sowmeeh_sara,gilan,2025-12-06,43,148,105
4252,sowmeeh_sara,gilan,2025-12-07,55,156,101
4252,sowmeeh_sara,gilan,2025-12-08,52,135,83
4252,sowmeeh_sara,gilan,2025-12-09,36,135,99
4252,sowmeeh_sara,gilan,2025-12-10,34,193,159
4252,sowmeeh_sara,gilan,2025-12-11,22,378,356
4252,sowmeeh_sara,gilan,2025-12-12,19,134,115
4252,sowmeeh_sara,gilan,2025-12-13,18,114,96
4252,sowmeeh_sara,gilan,2025-12-14,15,100,85
4252,sowmeeh_sara,gilan,2025-12-15,10,119,109
4252,sowmeeh_sara,gilan,2025-12-16,8,132,124
4252,sowmeeh_sara,gilan,2025-12-17,10,181,171
4252,sowmeeh_sara,gilan,2025-12-18,6,213,207
4252,sowmeeh_sara,gilan,2025-12-19,12,124,112
4252,sowmeeh_sara,gilan,2025-12-20,10,97,87
4252,sowmeeh_sara,gilan,2025-12-21,5,69,64
3140,taleqan,alborz,2025-11-22,101,111,10
3140,taleqan,alborz,2025-11-23,116,155,39
3140,taleqan,alborz,2025-11-24,69,107,38
3140,taleqan,alborz,2025-11-25,42,75,33
3140,taleqan,alborz,2025-11-26,60,139,79
3140,taleqan,alborz,2025-11-27,115,392,277
3140,taleqan,alborz,2025-11-28,32,112,80
3140,taleqan,alborz,2025-11-29,5,36,31
3140,taleqan,alborz,2025-11-30,11,52,41
3140,taleqan,alborz,2025-12-01,16,66,50
3140,taleqan,alborz,2025-12-02,15,69,54
3140,taleqan,alborz,2025-12-03,18,105,87
3140,taleqan,alborz,2025-12-04,29,446,417
3140,taleqan,alborz,2025-12-05,13,137,124
3140,taleqan,alborz,2025-12-06,4,77,73
3140,taleqan,alborz,2025-12-07,2,74,72
3140,taleqan,alborz,2025-12-08,6,82,76
3140,taleqan,alborz,2025-12-09,3,87,84
3140,taleqan,alborz,2025-12-10,10,169,159
3140,taleqan,alborz,2025-12-11,13,543,530
3140,taleqan,alborz,2025-12-12,4,132,128
3140,taleqan,alborz,2025-12-13,3,86,83
3140,taleqan,alborz,2025-12-14,3,76,73
3140,taleqan,alborz,2025-12-15,8,106,98
3140,taleqan,alborz,2025-12-16,10,129,119
3140,taleqan,alborz,2025-12-17,12,196,184
3140,taleqan,alborz,2025-12-18,23,522,499
3140,taleqan,alborz,2025-12-19,7,176,169
3140,taleqan,alborz,2025-12-20,9,104,95
3140,taleqan,alborz,2025-12-21,3,76,73
5297,talesh,gilan,2025-11-22,1354,1496,142
5297,talesh,gilan,2025-11-23,961,1195,234
5297,talesh,gilan,2025-11-24,789,1109,320
5297,talesh,gilan,2025-11-25,679,1060,381
5297,talesh,gilan,2025-11-26,660,1225,565
5297,talesh,gilan,2025-11-27,570,1302,732
5297,talesh,gilan,2025-11-28,205,476,271
5297,talesh,gilan,2025-11-29,133,327,194
5297,talesh,gilan,2025-11-30,199,489,290
5297,talesh,gilan,2025-12-01,192,481,289
5297,talesh,gilan,2025-12-02,210,595,385
5297,talesh,gilan,2025-12-03,207,822,615
5297,talesh,gilan,2025-12-04,241,1655,1414
5297,talesh,gilan,2025-12-05,109,492,383
5297,talesh,gilan,2025-12-06,99,477,378
5297,talesh,gilan,2025-12-07,95,500,405
5297,talesh,gilan,2025-12-08,90,448,358
5297,talesh,gilan,2025-12-09,86,512,426
5297,talesh,gilan,2025-12-10,98,698,600
5297,talesh,gilan,2025-12-11,165,1661,1496
5297,talesh,gilan,2025-12-12,104,727,623
5297,talesh,gilan,2025-12-13,81,517,436
5297,talesh,gilan,2025-12-14,71,485,414
5297,talesh,gilan,2025-12-15,36,438,402
5297,talesh,gilan,2025-12-16,28,440,412
5297,talesh,gilan,2025-12-17,49,649,600
5297,talesh,gilan,2025-12-18,54,762,708
5297,talesh,gilan,2025-12-19,16,483,467
5297,talesh,gilan,2025-12-20,51,466,415
5297,talesh,gilan,2025-12-21,36,333,297
5762,taybad,khorasan_razavi,2025-11-22,0,0,0
5762,taybad,khorasan_razavi,2025-11-23,0,0,0
5762,taybad,khorasan_razavi,2025-11-24,0,0,0
5762,taybad,khorasan_razavi,2025-11-25,0,0,0
5762,taybad,khorasan_razavi,2025-11-26,0,0,0
5762,taybad,khorasan_razavi,2025-11-27,0,0,0
5762,taybad,khorasan_razavi,2025-11-28,0,0,0
5762,taybad,khorasan_razavi,2025-11-29,0,0,0
5762,taybad,khorasan_razavi,2025-11-30,0,0,0
5762,taybad,khorasan_razavi,2025-12-01,0,0,0
5762,taybad,khorasan_razavi,2025-12-02,0,0,0
5762,taybad,khorasan_razavi,2025-12-03,0,0,0
5762,taybad,khorasan_razavi,2025-12-04,0,0,0
5762,taybad,khorasan_razavi,2025-12-05,0,0,0
5762,taybad,khorasan_razavi,2025-12-06,0,0,0
5762,taybad,khorasan_razavi,2025-12-07,0,0,0
5762,taybad,khorasan_razavi,2025-12-08,0,0,0
5762,taybad,khorasan_razavi,2025-12-09,0,0,0
5762,taybad,khorasan_razavi,2025-12-10,0,0,0
5762,taybad,khorasan_razavi,2025-12-11,0,0,0
5762,taybad,khorasan_razavi,2025-12-12,0,0,0
5762,taybad,khorasan_razavi,2025-12-13,0,0,0
5762,taybad,khorasan_razavi,2025-12-14,0,0,0
5762,taybad,khorasan_razavi,2025-12-15,0,0,0
5762,taybad,khorasan_razavi,2025-12-16,0,0,0
5762,taybad,khorasan_razavi,2025-12-17,0,0,0
5762,taybad,khorasan_razavi,2025-12-18,0,0,0
5762,taybad,khorasan_razavi,2025-12-19,0,0,0
5762,taybad,khorasan_razavi,2025-12-20,0,0,0
5762,taybad,khorasan_razavi,2025-12-21,0,0,0
1183,tehran,tehran,2025-11-22,31189,37183,5994
1183,tehran,tehran,2025-11-23,26662,37760,11098
1183,tehran,tehran,2025-11-24,23185,37313,14128
1183,tehran,tehran,2025-11-25,21661,35821,14160
1183,tehran,tehran,2025-11-26,20506,42184,21678
1183,tehran,tehran,2025-11-27,21334,49881,28547
1183,tehran,tehran,2025-11-28,12597,29268,16671
1183,tehran,tehran,2025-11-29,11806,30893,19087
1183,tehran,tehran,2025-11-30,11493,30649,19156
1183,tehran,tehran,2025-12-01,10991,31982,20991
1183,tehran,tehran,2025-12-02,10815,32068,21253
1183,tehran,tehran,2025-12-03,11064,38432,27368
1183,tehran,tehran,2025-12-04,12032,52155,40123
1183,tehran,tehran,2025-12-05,8997,37345,28348
1183,tehran,tehran,2025-12-06,8560,35033,26473
1183,tehran,tehran,2025-12-07,8375,33673,25298
1183,tehran,tehran,2025-12-08,8087,36372,28285
1183,tehran,tehran,2025-12-09,8003,36788,28785
1183,tehran,tehran,2025-12-10,8261,43523,35262
1183,tehran,tehran,2025-12-11,8891,50277,41386
1183,tehran,tehran,2025-12-12,6767,35525,28758
1183,tehran,tehran,2025-12-13,6772,35572,28800
1183,tehran,tehran,2025-12-14,6528,34471,27943
1183,tehran,tehran,2025-12-15,6336,35612,29276
1183,tehran,tehran,2025-12-16,6241,35550,29309
1183,tehran,tehran,2025-12-17,6309,40190,33881
1183,tehran,tehran,2025-12-18,6492,49932,43440
1183,tehran,tehran,2025-12-19,5030,33405,28375
1183,tehran,tehran,2025-12-20,5034,33001,27967
1183,tehran,tehran,2025-12-21,2692,27286,24594
4946,tiran,isfahan,2025-11-22,2,2,0
4946,tiran,isfahan,2025-11-23,4,5,1
4946,tiran,isfahan,2025-11-24,2,3,1
4946,tiran,isfahan,2025-11-25,2,3,1
4946,tiran,isfahan,2025-11-26,0,1,1
4946,tiran,isfahan,2025-11-27,0,2,2
4946,tiran,isfahan,2025-11-28,0,1,1
4946,tiran,isfahan,2025-11-29,0,1,1
4946,tiran,isfahan,2025-11-30,2,3,1
4946,tiran,isfahan,2025-12-01,0,2,2
4946,tiran,isfahan,2025-12-02,0,2,2
4946,tiran,isfahan,2025-12-03,0,3,3
4946,tiran,isfahan,2025-12-04,0,5,5
4946,tiran,isfahan,2025-12-05,0,2,2
4946,tiran,isfahan,2025-12-06,0,3,3
4946,tiran,isfahan,2025-12-07,0,3,3
4946,tiran,isfahan,2025-12-08,0,3,3
4946,tiran,isfahan,2025-12-09,0,3,3
4946,tiran,isfahan,2025-12-10,0,3,3
4946,tiran,isfahan,2025-12-11,0,5,5
4946,tiran,isfahan,2025-12-12,0,3,3
4946,tiran,isfahan,2025-12-13,0,3,3
4946,tiran,isfahan,2025-12-14,0,3,3
4946,tiran,isfahan,2025-12-15,0,4,4
4946,tiran,isfahan,2025-12-16,0,4,4
4946,tiran,isfahan,2025-12-17,0,4,4
4946,tiran,isfahan,2025-12-18,0,5,5
4946,tiran,isfahan,2025-12-19,0,4,4
4946,tiran,isfahan,2025-12-20,0,4,4
4946,tiran,isfahan,2025-12-21,0,3,3
3523,tonekabon,mazandaran,2025-11-22,4017,4499,482
3523,tonekabon,mazandaran,2025-11-23,3116,3991,875
3523,tonekabon,mazandaran,2025-11-24,2240,3327,1087
3523,tonekabon,mazandaran,2025-11-25,2107,3454,1347
3523,tonekabon,mazandaran,2025-11-26,2815,5473,2658
3523,tonekabon,mazandaran,2025-11-27,2563,5892,3329
3523,tonekabon,mazandaran,2025-11-28,908,2289,1381
3523,tonekabon,mazandaran,2025-11-29,734,1760,1026
3523,tonekabon,mazandaran,2025-11-30,765,2042,1277
3523,tonekabon,mazandaran,2025-12-01,568,1858,1290
3523,tonekabon,mazandaran,2025-12-02,631,2124,1493
3523,tonekabon,mazandaran,2025-12-03,801,3375,2574
3523,tonekabon,mazandaran,2025-12-04,840,4938,4098
3523,tonekabon,mazandaran,2025-12-05,350,1938,1588
3523,tonekabon,mazandaran,2025-12-06,401,2012,1611
3523,tonekabon,mazandaran,2025-12-07,346,1792,1446
3523,tonekabon,mazandaran,2025-12-08,334,1824,1490
3523,tonekabon,mazandaran,2025-12-09,322,1864,1542
3523,tonekabon,mazandaran,2025-12-10,389,3317,2928
3523,tonekabon,mazandaran,2025-12-11,464,5558,5094
3523,tonekabon,mazandaran,2025-12-12,307,2288,1981
3523,tonekabon,mazandaran,2025-12-13,283,1719,1436
3523,tonekabon,mazandaran,2025-12-14,256,1469,1213
3523,tonekabon,mazandaran,2025-12-15,236,1639,1403
3523,tonekabon,mazandaran,2025-12-16,300,1958,1658
3523,tonekabon,mazandaran,2025-12-17,329,3193,2864
3523,tonekabon,mazandaran,2025-12-18,356,3892,3536
3523,tonekabon,mazandaran,2025-12-19,188,2180,1992
3523,tonekabon,mazandaran,2025-12-20,166,1622,1456
3523,tonekabon,mazandaran,2025-12-21,98,1024,926
4396,tonkaman,alborz,2025-11-22,0,0,0
4396,tonkaman,alborz,2025-11-23,0,0,0
4396,tonkaman,alborz,2025-11-24,0,0,0
4396,tonkaman,alborz,2025-11-25,0,0,0
4396,tonkaman,alborz,2025-11-26,0,0,0
4396,tonkaman,alborz,2025-11-27,0,0,0
4396,tonkaman,alborz,2025-11-28,0,0,0
4396,tonkaman,alborz,2025-11-29,0,0,0
4396,tonkaman,alborz,2025-11-30,0,0,0
4396,tonkaman,alborz,2025-12-01,0,0,0
4396,tonkaman,alborz,2025-12-02,0,0,0
4396,tonkaman,alborz,2025-12-03,0,0,0
4396,tonkaman,alborz,2025-12-04,0,0,0
4396,tonkaman,alborz,2025-12-05,0,0,0
4396,tonkaman,alborz,2025-12-06,0,0,0
4396,tonkaman,alborz,2025-12-07,0,0,0
4396,tonkaman,alborz,2025-12-08,0,0,0
4396,tonkaman,alborz,2025-12-09,0,0,0
4396,tonkaman,alborz,2025-12-10,0,0,0
4396,tonkaman,alborz,2025-12-11,0,0,0
4396,tonkaman,alborz,2025-12-12,0,0,0
4396,tonkaman,alborz,2025-12-13,0,0,0
4396,tonkaman,alborz,2025-12-14,0,0,0
4396,tonkaman,alborz,2025-12-15,0,0,0
4396,tonkaman,alborz,2025-12-16,0,0,0
4396,tonkaman,alborz,2025-12-17,0,0,0
4396,tonkaman,alborz,2025-12-18,0,0,0
4396,tonkaman,alborz,2025-12-19,0,0,0
4396,tonkaman,alborz,2025-12-20,0,0,0
4396,tonkaman,alborz,2025-12-21,0,0,0
6912,toodeshk,isfahan,2025-11-22,0,0,0
6912,toodeshk,isfahan,2025-11-23,0,0,0
6912,toodeshk,isfahan,2025-11-24,0,0,0
6912,toodeshk,isfahan,2025-11-25,0,0,0
6912,toodeshk,isfahan,2025-11-26,0,0,0
6912,toodeshk,isfahan,2025-11-27,0,0,0
6912,toodeshk,isfahan,2025-11-28,0,0,0
6912,toodeshk,isfahan,2025-11-29,0,0,0
6912,toodeshk,isfahan,2025-11-30,0,0,0
6912,toodeshk,isfahan,2025-12-01,0,0,0
6912,toodeshk,isfahan,2025-12-02,0,0,0
6912,toodeshk,isfahan,2025-12-03,0,0,0
6912,toodeshk,isfahan,2025-12-04,0,0,0
6912,toodeshk,isfahan,2025-12-05,0,0,0
6912,toodeshk,isfahan,2025-12-06,0,0,0
6912,toodeshk,isfahan,2025-12-07,0,0,0
6912,toodeshk,isfahan,2025-12-08,0,0,0
6912,toodeshk,isfahan,2025-12-09,0,0,0
6912,toodeshk,isfahan,2025-12-10,0,0,0
6912,toodeshk,isfahan,2025-12-11,0,0,0
6912,toodeshk,isfahan,2025-12-12,0,0,0
6912,toodeshk,isfahan,2025-12-13,0,0,0
6912,toodeshk,isfahan,2025-12-14,0,0,0
6912,toodeshk,isfahan,2025-12-15,0,0,0
6912,toodeshk,isfahan,2025-12-16,0,0,0
6912,toodeshk,isfahan,2025-12-17,0,0,0
6912,toodeshk,isfahan,2025-12-18,0,0,0
6912,toodeshk,isfahan,2025-12-19,0,0,0
6912,toodeshk,isfahan,2025-12-20,0,0,0
6912,toodeshk,isfahan,2025-12-21,0,0,0
6862,tootekabon,gilan,2025-11-22,51,60,9
6862,tootekabon,gilan,2025-11-23,37,49,12
6862,tootekabon,gilan,2025-11-24,11,24,13
6862,tootekabon,gilan,2025-11-25,10,26,16
6862,tootekabon,gilan,2025-11-26,18,58,40
6862,tootekabon,gilan,2025-11-27,32,121,89
6862,tootekabon,gilan,2025-11-28,4,22,18
6862,tootekabon,gilan,2025-11-29,11,24,13
6862,tootekabon,gilan,2025-11-30,12,26,14
6862,tootekabon,gilan,2025-12-01,0,11,11
6862,tootekabon,gilan,2025-12-02,2,18,16
6862,tootekabon,gilan,2025-12-03,8,49,41
6862,tootekabon,gilan,2025-12-04,10,160,150
6862,tootekabon,gilan,2025-12-05,1,26,25
6862,tootekabon,gilan,2025-12-06,0,22,22
6862,tootekabon,gilan,2025-12-07,0,17,17
6862,tootekabon,gilan,2025-12-08,6,21,15
6862,tootekabon,gilan,2025-12-09,6,23,17
6862,tootekabon,gilan,2025-12-10,0,31,31
6862,tootekabon,gilan,2025-12-11,0,101,101
6862,tootekabon,gilan,2025-12-12,0,24,24
6862,tootekabon,gilan,2025-12-13,0,17,17
6862,tootekabon,gilan,2025-12-14,0,16,16
6862,tootekabon,gilan,2025-12-15,0,18,18
6862,tootekabon,gilan,2025-12-16,0,21,21
6862,tootekabon,gilan,2025-12-17,0,37,37
6862,tootekabon,gilan,2025-12-18,2,80,78
6862,tootekabon,gilan,2025-12-19,0,26,26
6862,tootekabon,gilan,2025-12-20,0,18,18
6862,tootekabon,gilan,2025-12-21,0,12,12
1371,torbat_e_heydarieh,khorasan_razavi,2025-11-22,8,10,2
1371,torbat_e_heydarieh,khorasan_razavi,2025-11-23,7,11,4
1371,torbat_e_heydarieh,khorasan_razavi,2025-11-24,7,13,6
1371,torbat_e_heydarieh,khorasan_razavi,2025-11-25,6,13,7
1371,torbat_e_heydarieh,khorasan_razavi,2025-11-26,6,15,9
1371,torbat_e_heydarieh,khorasan_razavi,2025-11-27,11,21,10
1371,torbat_e_heydarieh,khorasan_razavi,2025-11-28,5,12,7
1371,torbat_e_heydarieh,khorasan_razavi,2025-11-29,9,17,8
1371,torbat_e_heydarieh,khorasan_razavi,2025-11-30,5,15,10
1371,torbat_e_heydarieh,khorasan_razavi,2025-12-01,5,15,10
1371,torbat_e_heydarieh,khorasan_razavi,2025-12-02,13,24,11
1371,torbat_e_heydarieh,khorasan_razavi,2025-12-03,7,20,13
1371,torbat_e_heydarieh,khorasan_razavi,2025-12-04,2,18,16
1371,torbat_e_heydarieh,khorasan_razavi,2025-12-05,7,17,10
1371,torbat_e_heydarieh,khorasan_razavi,2025-12-06,3,15,12
1371,torbat_e_heydarieh,khorasan_razavi,2025-12-07,3,15,12
1371,torbat_e_heydarieh,khorasan_razavi,2025-12-08,3,14,11
1371,torbat_e_heydarieh,khorasan_razavi,2025-12-09,4,17,13
1371,torbat_e_heydarieh,khorasan_razavi,2025-12-10,3,15,12
1371,torbat_e_heydarieh,khorasan_razavi,2025-12-11,2,20,18
1371,torbat_e_heydarieh,khorasan_razavi,2025-12-12,2,13,11
1371,torbat_e_heydarieh,khorasan_razavi,2025-12-13,1,14,13
1371,torbat_e_heydarieh,khorasan_razavi,2025-12-14,1,14,13
1371,torbat_e_heydarieh,khorasan_razavi,2025-12-15,4,18,14
1371,torbat_e_heydarieh,khorasan_razavi,2025-12-16,1,17,16
1371,torbat_e_heydarieh,khorasan_razavi,2025-12-17,0,15,15
1371,torbat_e_heydarieh,khorasan_razavi,2025-12-18,0,18,18
1371,torbat_e_heydarieh,khorasan_razavi,2025-12-19,0,12,12
1371,torbat_e_heydarieh,khorasan_razavi,2025-12-20,0,14,14
1371,torbat_e_heydarieh,khorasan_razavi,2025-12-21,0,11,11
9076,torbat_e_jam,khorasan_razavi,2025-11-22,0,0,0
9076,torbat_e_jam,khorasan_razavi,2025-11-23,0,0,0
9076,torbat_e_jam,khorasan_razavi,2025-11-24,0,0,0
9076,torbat_e_jam,khorasan_razavi,2025-11-25,0,0,0
9076,torbat_e_jam,khorasan_razavi,2025-11-26,0,0,0
9076,torbat_e_jam,khorasan_razavi,2025-11-27,0,0,0
9076,torbat_e_jam,khorasan_razavi,2025-11-28,0,0,0
9076,torbat_e_jam,khorasan_razavi,2025-11-29,0,0,0
9076,torbat_e_jam,khorasan_razavi,2025-11-30,0,0,0
9076,torbat_e_jam,khorasan_razavi,2025-12-01,0,0,0
9076,torbat_e_jam,khorasan_razavi,2025-12-02,0,0,0
9076,torbat_e_jam,khorasan_razavi,2025-12-03,0,0,0
9076,torbat_e_jam,khorasan_razavi,2025-12-04,0,0,0
9076,torbat_e_jam,khorasan_razavi,2025-12-05,0,0,0
9076,torbat_e_jam,khorasan_razavi,2025-12-06,0,0,0
9076,torbat_e_jam,khorasan_razavi,2025-12-07,0,0,0
9076,torbat_e_jam,khorasan_razavi,2025-12-08,0,0,0
9076,torbat_e_jam,khorasan_razavi,2025-12-09,0,0,0
9076,torbat_e_jam,khorasan_razavi,2025-12-10,0,0,0
9076,torbat_e_jam,khorasan_razavi,2025-12-11,0,0,0
9076,torbat_e_jam,khorasan_razavi,2025-12-12,0,0,0
9076,torbat_e_jam,khorasan_razavi,2025-12-13,0,0,0
9076,torbat_e_jam,khorasan_razavi,2025-12-14,0,0,0
9076,torbat_e_jam,khorasan_razavi,2025-12-15,0,0,0
9076,torbat_e_jam,khorasan_razavi,2025-12-16,0,0,0
9076,torbat_e_jam,khorasan_razavi,2025-12-17,0,0,0
9076,torbat_e_jam,khorasan_razavi,2025-12-18,0,0,0
9076,torbat_e_jam,khorasan_razavi,2025-12-19,0,0,0
9076,torbat_e_jam,khorasan_razavi,2025-12-20,0,0,0
9076,torbat_e_jam,khorasan_razavi,2025-12-21,0,0,0
9806,torghabeh,khorasan_razavi,2025-11-22,81,91,10
9806,torghabeh,khorasan_razavi,2025-11-23,104,128,24
9806,torghabeh,khorasan_razavi,2025-11-24,55,79,24
9806,torghabeh,khorasan_razavi,2025-11-25,50,83,33
9806,torghabeh,khorasan_razavi,2025-11-26,39,84,45
9806,torghabeh,khorasan_razavi,2025-11-27,45,137,92
9806,torghabeh,khorasan_razavi,2025-11-28,7,30,23
9806,torghabeh,khorasan_razavi,2025-11-29,5,25,20
9806,torghabeh,khorasan_razavi,2025-11-30,5,29,24
9806,torghabeh,khorasan_razavi,2025-12-01,3,28,25
9806,torghabeh,khorasan_razavi,2025-12-02,3,34,31
9806,torghabeh,khorasan_razavi,2025-12-03,9,51,42
9806,torghabeh,khorasan_razavi,2025-12-04,20,174,154
9806,torghabeh,khorasan_razavi,2025-12-05,8,55,47
9806,torghabeh,khorasan_razavi,2025-12-06,6,43,37
9806,torghabeh,khorasan_razavi,2025-12-07,3,37,34
9806,torghabeh,khorasan_razavi,2025-12-08,5,40,35
9806,torghabeh,khorasan_razavi,2025-12-09,15,59,44
9806,torghabeh,khorasan_razavi,2025-12-10,4,50,46
9806,torghabeh,khorasan_razavi,2025-12-11,7,144,137
9806,torghabeh,khorasan_razavi,2025-12-12,3,37,34
9806,torghabeh,khorasan_razavi,2025-12-13,12,56,44
9806,torghabeh,khorasan_razavi,2025-12-14,3,35,32
9806,torghabeh,khorasan_razavi,2025-12-15,4,43,39
9806,torghabeh,khorasan_razavi,2025-12-16,4,49,45
9806,torghabeh,khorasan_razavi,2025-12-17,6,71,65
9806,torghabeh,khorasan_razavi,2025-12-18,10,144,134
9806,torghabeh,khorasan_razavi,2025-12-19,5,56,51
9806,torghabeh,khorasan_razavi,2025-12-20,2,41,39
9806,torghabeh,khorasan_razavi,2025-12-21,3,34,31
4611,tous,khorasan_razavi,2025-11-22,1,1,0
4611,tous,khorasan_razavi,2025-11-23,4,5,1
4611,tous,khorasan_razavi,2025-11-24,1,1,0
4611,tous,khorasan_razavi,2025-11-25,3,6,3
4611,tous,khorasan_razavi,2025-11-26,0,0,0
4611,tous,khorasan_razavi,2025-11-27,0,0,0
4611,tous,khorasan_razavi,2025-11-28,0,0,0
4611,tous,khorasan_razavi,2025-11-29,5,10,5
4611,tous,khorasan_razavi,2025-11-30,5,11,6
4611,tous,khorasan_razavi,2025-12-01,5,13,8
4611,tous,khorasan_razavi,2025-12-02,0,0,0
4611,tous,khorasan_razavi,2025-12-03,0,0,0
4611,tous,khorasan_razavi,2025-12-04,0,0,0
4611,tous,khorasan_razavi,2025-12-05,0,0,0
4611,tous,khorasan_razavi,2025-12-06,1,5,4
4611,tous,khorasan_razavi,2025-12-07,1,4,3
4611,tous,khorasan_razavi,2025-12-08,1,4,3
4611,tous,khorasan_razavi,2025-12-09,0,0,0
4611,tous,khorasan_razavi,2025-12-10,0,0,0
4611,tous,khorasan_razavi,2025-12-11,0,0,0
4611,tous,khorasan_razavi,2025-12-12,0,0,0
4611,tous,khorasan_razavi,2025-12-13,0,0,0
4611,tous,khorasan_razavi,2025-12-14,0,0,0
4611,tous,khorasan_razavi,2025-12-15,0,0,0
4611,tous,khorasan_razavi,2025-12-16,0,0,0
4611,tous,khorasan_razavi,2025-12-17,2,6,4
4611,tous,khorasan_razavi,2025-12-18,0,0,0
4611,tous,khorasan_razavi,2025-12-19,0,0,0
4611,tous,khorasan_razavi,2025-12-20,0,0,0
4611,tous,khorasan_razavi,2025-12-21,0,0,0
7401,vahidieh,tehran,2025-11-22,0,0,0
7401,vahidieh,tehran,2025-11-23,1,1,0
7401,vahidieh,tehran,2025-11-24,2,2,0
7401,vahidieh,tehran,2025-11-25,2,3,1
7401,vahidieh,tehran,2025-11-26,0,1,1
7401,vahidieh,tehran,2025-11-27,0,2,2
7401,vahidieh,tehran,2025-11-28,0,0,0
7401,vahidieh,tehran,2025-11-29,0,0,0
7401,vahidieh,tehran,2025-11-30,0,1,1
7401,vahidieh,tehran,2025-12-01,0,1,1
7401,vahidieh,tehran,2025-12-02,0,1,1
7401,vahidieh,tehran,2025-12-03,0,1,1
7401,vahidieh,tehran,2025-12-04,2,7,5
7401,vahidieh,tehran,2025-12-05,0,1,1
7401,vahidieh,tehran,2025-12-06,0,1,1
7401,vahidieh,tehran,2025-12-07,0,1,1
7401,vahidieh,tehran,2025-12-08,0,1,1
7401,vahidieh,tehran,2025-12-09,0,1,1
7401,vahidieh,tehran,2025-12-10,0,1,1
7401,vahidieh,tehran,2025-12-11,0,4,4
7401,vahidieh,tehran,2025-12-12,0,1,1
7401,vahidieh,tehran,2025-12-13,0,1,1
7401,vahidieh,tehran,2025-12-14,0,1,1
7401,vahidieh,tehran,2025-12-15,0,1,1
7401,vahidieh,tehran,2025-12-16,0,1,1
7401,vahidieh,tehran,2025-12-17,0,2,2
7401,vahidieh,tehran,2025-12-18,0,3,3
7401,vahidieh,tehran,2025-12-19,0,2,2
7401,vahidieh,tehran,2025-12-20,0,1,1
7401,vahidieh,tehran,2025-12-21,0,1,1
7613,vajargah,gilan,2025-11-22,11,12,1
7613,vajargah,gilan,2025-11-23,3,4,1
7613,vajargah,gilan,2025-11-24,3,5,2
7613,vajargah,gilan,2025-11-25,5,8,3
7613,vajargah,gilan,2025-11-26,4,12,8
7613,vajargah,gilan,2025-11-27,1,8,7
7613,vajargah,gilan,2025-11-28,0,3,3
7613,vajargah,gilan,2025-11-29,3,6,3
7613,vajargah,gilan,2025-11-30,3,6,3
7613,vajargah,gilan,2025-12-01,0,3,3
7613,vajargah,gilan,2025-12-02,0,4,4
7613,vajargah,gilan,2025-12-03,1,8,7
7613,vajargah,gilan,2025-12-04,1,18,17
7613,vajargah,gilan,2025-12-05,0,4,4
7613,vajargah,gilan,2025-12-06,0,5,5
7613,vajargah,gilan,2025-12-07,0,5,5
7613,vajargah,gilan,2025-12-08,0,4,4
7613,vajargah,gilan,2025-12-09,0,5,5
7613,vajargah,gilan,2025-12-10,0,7,7
7613,vajargah,gilan,2025-12-11,0,13,13
7613,vajargah,gilan,2025-12-12,0,4,4
7613,vajargah,gilan,2025-12-13,0,4,4
7613,vajargah,gilan,2025-12-14,0,4,4
7613,vajargah,gilan,2025-12-15,0,4,4
7613,vajargah,gilan,2025-12-16,0,6,6
7613,vajargah,gilan,2025-12-17,0,8,8
7613,vajargah,gilan,2025-12-18,0,11,11
7613,vajargah,gilan,2025-12-19,0,5,5
7613,vajargah,gilan,2025-12-20,0,4,4
7613,vajargah,gilan,2025-12-21,0,3,3
4998,vanak,isfahan,2025-11-22,0,0,0
4998,vanak,isfahan,2025-11-23,0,0,0
4998,vanak,isfahan,2025-11-24,0,0,0
4998,vanak,isfahan,2025-11-25,0,0,0
4998,vanak,isfahan,2025-11-26,0,0,0
4998,vanak,isfahan,2025-11-27,0,0,0
4998,vanak,isfahan,2025-11-28,0,0,0
4998,vanak,isfahan,2025-11-29,0,0,0
4998,vanak,isfahan,2025-11-30,0,0,0
4998,vanak,isfahan,2025-12-01,0,0,0
4998,vanak,isfahan,2025-12-02,0,0,0
4998,vanak,isfahan,2025-12-03,0,0,0
4998,vanak,isfahan,2025-12-04,0,0,0
4998,vanak,isfahan,2025-12-05,0,0,0
4998,vanak,isfahan,2025-12-06,0,0,0
4998,vanak,isfahan,2025-12-07,0,0,0
4998,vanak,isfahan,2025-12-08,0,0,0
4998,vanak,isfahan,2025-12-09,0,0,0
4998,vanak,isfahan,2025-12-10,0,0,0
4998,vanak,isfahan,2025-12-11,0,0,0
4998,vanak,isfahan,2025-12-12,0,0,0
4998,vanak,isfahan,2025-12-13,0,0,0
4998,vanak,isfahan,2025-12-14,0,0,0
4998,vanak,isfahan,2025-12-15,0,0,0
4998,vanak,isfahan,2025-12-16,0,0,0
4998,vanak,isfahan,2025-12-17,0,0,0
4998,vanak,isfahan,2025-12-18,0,0,0
4998,vanak,isfahan,2025-12-19,0,0,0
4998,vanak,isfahan,2025-12-20,0,0,0
4998,vanak,isfahan,2025-12-21,0,0,0
6662,varamin,tehran,2025-11-22,65,77,12
6662,varamin,tehran,2025-11-23,45,67,22
6662,varamin,tehran,2025-11-24,54,87,33
6662,varamin,tehran,2025-11-25,53,89,36
6662,varamin,tehran,2025-11-26,38,89,51
6662,varamin,tehran,2025-11-27,88,227,139
6662,varamin,tehran,2025-11-28,35,85,50
6662,varamin,tehran,2025-11-29,20,60,40
6662,varamin,tehran,2025-11-30,20,66,46
6662,varamin,tehran,2025-12-01,16,70,54
6662,varamin,tehran,2025-12-02,27,83,56
6662,varamin,tehran,2025-12-03,29,85,56
6662,varamin,tehran,2025-12-04,55,288,233
6662,varamin,tehran,2025-12-05,30,101,71
6662,varamin,tehran,2025-12-06,21,88,67
6662,varamin,tehran,2025-12-07,17,77,60
6662,varamin,tehran,2025-12-08,25,88,63
6662,varamin,tehran,2025-12-09,19,83,64
6662,varamin,tehran,2025-12-10,24,95,71
6662,varamin,tehran,2025-12-11,26,242,216
6662,varamin,tehran,2025-12-12,16,90,74
6662,varamin,tehran,2025-12-13,15,79,64
6662,varamin,tehran,2025-12-14,12,80,68
6662,varamin,tehran,2025-12-15,11,94,83
6662,varamin,tehran,2025-12-16,12,89,77
6662,varamin,tehran,2025-12-17,15,94,79
6662,varamin,tehran,2025-12-18,29,241,212
6662,varamin,tehran,2025-12-19,4,91,87
6662,varamin,tehran,2025-12-20,4,84,80
6662,varamin,tehran,2025-12-21,2,58,56
6603,varnamkhast,isfahan,2025-11-22,0,0,0
6603,varnamkhast,isfahan,2025-11-23,0,0,0
6603,varnamkhast,isfahan,2025-11-24,0,0,0
6603,varnamkhast,isfahan,2025-11-25,0,0,0
6603,varnamkhast,isfahan,2025-11-26,0,0,0
6603,varnamkhast,isfahan,2025-11-27,0,0,0
6603,varnamkhast,isfahan,2025-11-28,0,0,0
6603,varnamkhast,isfahan,2025-11-29,0,0,0
6603,varnamkhast,isfahan,2025-11-30,0,0,0
6603,varnamkhast,isfahan,2025-12-01,0,0,0
6603,varnamkhast,isfahan,2025-12-02,0,0,0
6603,varnamkhast,isfahan,2025-12-03,0,0,0
6603,varnamkhast,isfahan,2025-12-04,0,0,0
6603,varnamkhast,isfahan,2025-12-05,0,0,0
6603,varnamkhast,isfahan,2025-12-06,0,0,0
6603,varnamkhast,isfahan,2025-12-07,0,0,0
6603,varnamkhast,isfahan,2025-12-08,0,0,0
6603,varnamkhast,isfahan,2025-12-09,0,0,0
6603,varnamkhast,isfahan,2025-12-10,0,0,0
6603,varnamkhast,isfahan,2025-12-11,0,0,0
6603,varnamkhast,isfahan,2025-12-12,0,0,0
6603,varnamkhast,isfahan,2025-12-13,0,0,0
6603,varnamkhast,isfahan,2025-12-14,0,0,0
6603,varnamkhast,isfahan,2025-12-15,0,0,0
6603,varnamkhast,isfahan,2025-12-16,0,0,0
6603,varnamkhast,isfahan,2025-12-17,0,0,0
6603,varnamkhast,isfahan,2025-12-18,0,0,0
6603,varnamkhast,isfahan,2025-12-19,0,0,0
6603,varnamkhast,isfahan,2025-12-20,0,0,0
6603,varnamkhast,isfahan,2025-12-21,0,0,0
7416,varzaneh,isfahan,2025-11-22,7,8,1
7416,varzaneh,isfahan,2025-11-23,30,36,6
7416,varzaneh,isfahan,2025-11-24,8,12,4
7416,varzaneh,isfahan,2025-11-25,10,15,5
7416,varzaneh,isfahan,2025-11-26,11,22,11
7416,varzaneh,isfahan,2025-11-27,31,108,77
7416,varzaneh,isfahan,2025-11-28,3,10,7
7416,varzaneh,isfahan,2025-11-29,4,9,5
7416,varzaneh,isfahan,2025-11-30,7,14,7
7416,varzaneh,isfahan,2025-12-01,6,14,8
7416,varzaneh,isfahan,2025-12-02,6,15,9
7416,varzaneh,isfahan,2025-12-03,8,23,15
7416,varzaneh,isfahan,2025-12-04,16,148,132
7416,varzaneh,isfahan,2025-12-05,2,12,10
7416,varzaneh,isfahan,2025-12-06,2,12,10
7416,varzaneh,isfahan,2025-12-07,2,11,9
7416,varzaneh,isfahan,2025-12-08,2,11,9
7416,varzaneh,isfahan,2025-12-09,2,12,10
7416,varzaneh,isfahan,2025-12-10,2,21,19
7416,varzaneh,isfahan,2025-12-11,2,96,94
7416,varzaneh,isfahan,2025-12-12,2,14,12
7416,varzaneh,isfahan,2025-12-13,2,13,11
7416,varzaneh,isfahan,2025-12-14,2,11,9
7416,varzaneh,isfahan,2025-12-15,5,19,14
7416,varzaneh,isfahan,2025-12-16,4,19,15
7416,varzaneh,isfahan,2025-12-17,3,28,25
7416,varzaneh,isfahan,2025-12-18,5,92,87
7416,varzaneh,isfahan,2025-12-19,2,18,16
7416,varzaneh,isfahan,2025-12-20,2,14,12
7416,varzaneh,isfahan,2025-12-21,0,7,7
2668,vezvan,isfahan,2025-11-22,0,0,0
2668,vezvan,isfahan,2025-11-23,0,0,0
2668,vezvan,isfahan,2025-11-24,0,0,0
2668,vezvan,isfahan,2025-11-25,0,0,0
2668,vezvan,isfahan,2025-11-26,0,0,0
2668,vezvan,isfahan,2025-11-27,0,0,0
2668,vezvan,isfahan,2025-11-28,0,0,0
2668,vezvan,isfahan,2025-11-29,0,0,0
2668,vezvan,isfahan,2025-11-30,2,2,0
2668,vezvan,isfahan,2025-12-01,0,0,0
2668,vezvan,isfahan,2025-12-02,0,0,0
2668,vezvan,isfahan,2025-12-03,0,0,0
2668,vezvan,isfahan,2025-12-04,0,0,0
2668,vezvan,isfahan,2025-12-05,0,0,0
2668,vezvan,isfahan,2025-12-06,0,0,0
2668,vezvan,isfahan,2025-12-07,0,0,0
2668,vezvan,isfahan,2025-12-08,0,0,0
2668,vezvan,isfahan,2025-12-09,0,0,0
2668,vezvan,isfahan,2025-12-10,0,0,0
2668,vezvan,isfahan,2025-12-11,0,0,0
2668,vezvan,isfahan,2025-12-12,0,0,0
2668,vezvan,isfahan,2025-12-13,0,0,0
2668,vezvan,isfahan,2025-12-14,0,0,0
2668,vezvan,isfahan,2025-12-15,0,0,0
2668,vezvan,isfahan,2025-12-16,0,0,0
2668,vezvan,isfahan,2025-12-17,0,0,0
2668,vezvan,isfahan,2025-12-18,0,0,0
2668,vezvan,isfahan,2025-12-19,0,0,0
2668,vezvan,isfahan,2025-12-20,0,0,0
2668,vezvan,isfahan,2025-12-21,0,0,0
1156,zargarmahaleh,mazandaran,2025-11-22,0,0,0
1156,zargarmahaleh,mazandaran,2025-11-23,0,0,0
1156,zargarmahaleh,mazandaran,2025-11-24,0,0,0
1156,zargarmahaleh,mazandaran,2025-11-25,0,0,0
1156,zargarmahaleh,mazandaran,2025-11-26,0,0,0
1156,zargarmahaleh,mazandaran,2025-11-27,0,0,0
1156,zargarmahaleh,mazandaran,2025-11-28,0,0,0
1156,zargarmahaleh,mazandaran,2025-11-29,0,0,0
1156,zargarmahaleh,mazandaran,2025-11-30,0,0,0
1156,zargarmahaleh,mazandaran,2025-12-01,0,0,0
1156,zargarmahaleh,mazandaran,2025-12-02,0,0,0
1156,zargarmahaleh,mazandaran,2025-12-03,0,0,0
1156,zargarmahaleh,mazandaran,2025-12-04,0,0,0
1156,zargarmahaleh,mazandaran,2025-12-05,0,0,0
1156,zargarmahaleh,mazandaran,2025-12-06,0,0,0
1156,zargarmahaleh,mazandaran,2025-12-07,0,0,0
1156,zargarmahaleh,mazandaran,2025-12-08,0,0,0
1156,zargarmahaleh,mazandaran,2025-12-09,0,0,0
1156,zargarmahaleh,mazandaran,2025-12-10,0,0,0
1156,zargarmahaleh,mazandaran,2025-12-11,0,0,0
1156,zargarmahaleh,mazandaran,2025-12-12,0,0,0
1156,zargarmahaleh,mazandaran,2025-12-13,0,0,0
1156,zargarmahaleh,mazandaran,2025-12-14,0,0,0
1156,zargarmahaleh,mazandaran,2025-12-15,0,0,0
1156,zargarmahaleh,mazandaran,2025-12-16,0,0,0
1156,zargarmahaleh,mazandaran,2025-12-17,0,0,0
1156,zargarmahaleh,mazandaran,2025-12-18,0,0,0
1156,zargarmahaleh,mazandaran,2025-12-19,0,0,0
1156,zargarmahaleh,mazandaran,2025-12-20,0,0,0
1156,zargarmahaleh,mazandaran,2025-12-21,0,0,0
4138,zarrinshahr,isfahan,2025-11-22,6,7,1
4138,zarrinshahr,isfahan,2025-11-23,5,7,2
4138,zarrinshahr,isfahan,2025-11-24,6,9,3
4138,zarrinshahr,isfahan,2025-11-25,3,6,3
4138,zarrinshahr,isfahan,2025-11-26,3,8,5
4138,zarrinshahr,isfahan,2025-11-27,6,15,9
4138,zarrinshahr,isfahan,2025-11-28,1,4,3
4138,zarrinshahr,isfahan,2025-11-29,1,4,3
4138,zarrinshahr,isfahan,2025-11-30,1,5,4
4138,zarrinshahr,isfahan,2025-12-01,1,5,4
4138,zarrinshahr,isfahan,2025-12-02,2,6,4
4138,zarrinshahr,isfahan,2025-12-03,2,7,5
4138,zarrinshahr,isfahan,2025-12-04,4,20,16
4138,zarrinshahr,isfahan,2025-12-05,4,9,5
4138,zarrinshahr,isfahan,2025-12-06,1,7,6
4138,zarrinshahr,isfahan,2025-12-07,1,7,6
4138,zarrinshahr,isfahan,2025-12-08,2,7,5
4138,zarrinshahr,isfahan,2025-12-09,1,6,5
4138,zarrinshahr,isfahan,2025-12-10,1,7,6
4138,zarrinshahr,isfahan,2025-12-11,1,13,12
4138,zarrinshahr,isfahan,2025-12-12,1,6,5
4138,zarrinshahr,isfahan,2025-12-13,1,8,7
4138,zarrinshahr,isfahan,2025-12-14,1,7,6
4138,zarrinshahr,isfahan,2025-12-15,1,8,7
4138,zarrinshahr,isfahan,2025-12-16,0,7,7
4138,zarrinshahr,isfahan,2025-12-17,0,7,7
4138,zarrinshahr,isfahan,2025-12-18,0,11,11
4138,zarrinshahr,isfahan,2025-12-19,0,6,6
4138,zarrinshahr,isfahan,2025-12-20,0,7,7
4138,zarrinshahr,isfahan,2025-12-21,5,10,5
2154,zavareh,isfahan,2025-11-22,2,2,0
2154,zavareh,isfahan,2025-11-23,3,3,0
2154,zavareh,isfahan,2025-11-24,5,6,1
2154,zavareh,isfahan,2025-11-25,3,4,1
2154,zavareh,isfahan,2025-11-26,6,8,2
2154,zavareh,isfahan,2025-11-27,2,5,3
2154,zavareh,isfahan,2025-11-28,1,2,1
2154,zavareh,isfahan,2025-11-29,1,2,1
2154,zavareh,isfahan,2025-11-30,0,1,1
2154,zavareh,isfahan,2025-12-01,0,1,1
2154,zavareh,isfahan,2025-12-02,2,3,1
2154,zavareh,isfahan,2025-12-03,0,1,1
2154,zavareh,isfahan,2025-12-04,0,4,4
2154,zavareh,isfahan,2025-12-05,0,1,1
2154,zavareh,isfahan,2025-12-06,0,2,2
2154,zavareh,isfahan,2025-12-07,2,4,2
2154,zavareh,isfahan,2025-12-08,0,2,2
2154,zavareh,isfahan,2025-12-09,0,2,2
2154,zavareh,isfahan,2025-12-10,0,2,2
2154,zavareh,isfahan,2025-12-11,0,5,5
2154,zavareh,isfahan,2025-12-12,0,2,2
2154,zavareh,isfahan,2025-12-13,0,2,2
2154,zavareh,isfahan,2025-12-14,0,2,2
2154,zavareh,isfahan,2025-12-15,0,3,3
2154,zavareh,isfahan,2025-12-16,0,3,3
2154,zavareh,isfahan,2025-12-17,0,3,3
2154,zavareh,isfahan,2025-12-18,0,4,4
2154,zavareh,isfahan,2025-12-19,0,3,3
2154,zavareh,isfahan,2025-12-20,0,3,3
2154,zavareh,isfahan,2025-12-21,0,1,1
3351,zayanderood,isfahan,2025-11-22,0,0,0
3351,zayanderood,isfahan,2025-11-23,1,1,0
3351,zayanderood,isfahan,2025-11-24,1,1,0
3351,zayanderood,isfahan,2025-11-25,0,0,0
3351,zayanderood,isfahan,2025-11-26,0,0,0
3351,zayanderood,isfahan,2025-11-27,0,0,0
3351,zayanderood,isfahan,2025-11-28,0,0,0
3351,zayanderood,isfahan,2025-11-29,0,0,0
3351,zayanderood,isfahan,2025-11-30,0,0,0
3351,zayanderood,isfahan,2025-12-01,0,0,0
3351,zayanderood,isfahan,2025-12-02,0,0,0
3351,zayanderood,isfahan,2025-12-03,0,0,0
3351,zayanderood,isfahan,2025-12-04,1,6,5
3351,zayanderood,isfahan,2025-12-05,0,0,0
3351,zayanderood,isfahan,2025-12-06,0,0,0
3351,zayanderood,isfahan,2025-12-07,0,0,0
3351,zayanderood,isfahan,2025-12-08,0,0,0
3351,zayanderood,isfahan,2025-12-09,0,0,0
3351,zayanderood,isfahan,2025-12-10,0,0,0
3351,zayanderood,isfahan,2025-12-11,0,0,0
3351,zayanderood,isfahan,2025-12-12,0,0,0
3351,zayanderood,isfahan,2025-12-13,0,0,0
3351,zayanderood,isfahan,2025-12-14,0,0,0
3351,zayanderood,isfahan,2025-12-15,0,0,0
3351,zayanderood,isfahan,2025-12-16,0,0,0
3351,zayanderood,isfahan,2025-12-17,0,0,0
3351,zayanderood,isfahan,2025-12-18,0,0,0
3351,zayanderood,isfahan,2025-12-19,0,0,0
3351,zayanderood,isfahan,2025-12-20,0,0,0
3351,zayanderood,isfahan,2025-12-21,1,4,3
8375,zibakenar,gilan,2025-11-22,336,391,55
8375,zibakenar,gilan,2025-11-23,221,311,90
8375,zibakenar,gilan,2025-11-24,130,223,93
8375,zibakenar,gilan,2025-11-25,88,202,114
8375,zibakenar,gilan,2025-11-26,87,280,193
8375,zibakenar,gilan,2025-11-27,63,293,230
8375,zibakenar,gilan,2025-11-28,17,96,79
8375,zibakenar,gilan,2025-11-29,35,128,93
8375,zibakenar,gilan,2025-11-30,35,144,109
8375,zibakenar,gilan,2025-12-01,46,167,121
8375,zibakenar,gilan,2025-12-02,52,191,139
8375,zibakenar,gilan,2025-12-03,22,210,188
8375,zibakenar,gilan,2025-12-04,32,470,438
8375,zibakenar,gilan,2025-12-05,5,116,111
8375,zibakenar,gilan,2025-12-06,36,182,146
8375,zibakenar,gilan,2025-12-07,32,172,140
8375,zibakenar,gilan,2025-12-08,32,163,131
8375,zibakenar,gilan,2025-12-09,42,185,143
8375,zibakenar,gilan,2025-12-10,26,266,240
8375,zibakenar,gilan,2025-12-11,25,649,624
8375,zibakenar,gilan,2025-12-12,7,211,204
8375,zibakenar,gilan,2025-12-13,0,126,126
8375,zibakenar,gilan,2025-12-14,0,111,111
8375,zibakenar,gilan,2025-12-15,4,143,139
8375,zibakenar,gilan,2025-12-16,4,191,187
8375,zibakenar,gilan,2025-12-17,13,302,289
8375,zibakenar,gilan,2025-12-18,16,449,433
8375,zibakenar,gilan,2025-12-19,6,212,206
8375,zibakenar,gilan,2025-12-20,10,134,124
8375,zibakenar,gilan,2025-12-21,0,91,91
4994,zibashahr,isfahan,2025-11-22,0,0,0
4994,zibashahr,isfahan,2025-11-23,0,0,0
4994,zibashahr,isfahan,2025-11-24,0,0,0
4994,zibashahr,isfahan,2025-11-25,0,0,0
4994,zibashahr,isfahan,2025-11-26,0,0,0
4994,zibashahr,isfahan,2025-11-27,0,0,0
4994,zibashahr,isfahan,2025-11-28,0,0,0
4994,zibashahr,isfahan,2025-11-29,0,0,0
4994,zibashahr,isfahan,2025-11-30,0,0,0
4994,zibashahr,isfahan,2025-12-01,0,0,0
4994,zibashahr,isfahan,2025-12-02,0,0,0
4994,zibashahr,isfahan,2025-12-03,0,0,0
4994,zibashahr,isfahan,2025-12-04,0,0,0
4994,zibashahr,isfahan,2025-12-05,0,0,0
4994,zibashahr,isfahan,2025-12-06,0,0,0
4994,zibashahr,isfahan,2025-12-07,0,0,0
4994,zibashahr,isfahan,2025-12-08,0,0,0
4994,zibashahr,isfahan,2025-12-09,0,0,0
4994,zibashahr,isfahan,2025-12-10,0,0,0
4994,zibashahr,isfahan,2025-12-11,0,0,0
4994,zibashahr,isfahan,2025-12-12,0,0,0
4994,zibashahr,isfahan,2025-12-13,0,0,0
4994,zibashahr,isfahan,2025-12-14,0,0,0
4994,zibashahr,isfahan,2025-12-15,0,0,0
4994,zibashahr,isfahan,2025-12-16,0,0,0
4994,zibashahr,isfahan,2025-12-17,0,0,0
4994,zibashahr,isfahan,2025-12-18,0,0,0
4994,zibashahr,isfahan,2025-12-19,0,0,0
4994,zibashahr,isfahan,2025-12-20,0,0,0
4994,zibashahr,isfahan,2025-12-21,0,0,0
7228,zirab,mazandaran,2025-11-22,120,131,11
7228,zirab,mazandaran,2025-11-23,115,143,28
7228,zirab,mazandaran,2025-11-24,61,84,23
7228,zirab,mazandaran,2025-11-25,65,106,41
7228,zirab,mazandaran,2025-11-26,85,188,103
7228,zirab,mazandaran,2025-11-27,120,331,211
7228,zirab,mazandaran,2025-11-28,20,61,41
7228,zirab,mazandaran,2025-11-29,30,57,27
7228,zirab,mazandaran,2025-11-30,30,64,34
7228,zirab,mazandaran,2025-12-01,24,56,32
7228,zirab,mazandaran,2025-12-02,40,82,42
7228,zirab,mazandaran,2025-12-03,41,150,109
7228,zirab,mazandaran,2025-12-04,59,325,266
7228,zirab,mazandaran,2025-12-05,8,68,60
7228,zirab,mazandaran,2025-12-06,18,69,51
7228,zirab,mazandaran,2025-12-07,8,56,48
7228,zirab,mazandaran,2025-12-08,17,71,54
7228,zirab,mazandaran,2025-12-09,15,72,57
7228,zirab,mazandaran,2025-12-10,15,101,86
7228,zirab,mazandaran,2025-12-11,17,310,293
7228,zirab,mazandaran,2025-12-12,10,83,73
7228,zirab,mazandaran,2025-12-13,16,63,47
7228,zirab,mazandaran,2025-12-14,17,64,47
7228,zirab,mazandaran,2025-12-15,10,60,50
7228,zirab,mazandaran,2025-12-16,7,62,55
7228,zirab,mazandaran,2025-12-17,7,98,91
7228,zirab,mazandaran,2025-12-18,8,200,192
7228,zirab,mazandaran,2025-12-19,8,87,79
7228,zirab,mazandaran,2025-12-20,6,48,42
7228,zirab,mazandaran,2025-12-21,0,29,29
