cluster_code,checkin,predicted_demand
1011,2025-11-22,145
1011,2025-11-23,198
1011,2025-11-24,146
1011,2025-11-25,139
1011,2025-11-26,138
1011,2025-11-27,382
1011,2025-11-28,118
1011,2025-11-29,96
1011,2025-11-30,90
1011,2025-12-01,149
1011,2025-12-02,72
1011,2025-12-03,195
1011,2025-12-04,284
1011,2025-12-05,50
1011,2025-12-06,0
1011,2025-12-07,0
1011,2025-12-08,65
1011,2025-12-09,48
1011,2025-12-10,54
1011,2025-12-11,179
1011,2025-12-12,181
1011,2025-12-13,54
1011,2025-12-14,20
1011,2025-12-15,65
1011,2025-12-16,47
1011,2025-12-17,131
1011,2025-12-18,377
1011,2025-12-19,198
1011,2025-12-20,106
1011,2025-12-21,213
1013,2025-11-22,0
1013,2025-11-23,0
1013,2025-11-24,0
1013,2025-11-25,0
1013,2025-11-26,0
1013,2025-11-27,0
1013,2025-11-28,0
1013,2025-11-29,0
1013,2025-11-30,0
1013,2025-12-01,0
1013,2025-12-02,0
1013,2025-12-03,0
1013,2025-12-04,0
1013,2025-12-05,0
1013,2025-12-06,0
1013,2025-12-07,0
1013,2025-12-08,0
1013,2025-12-09,0
1013,2025-12-10,0
1013,2025-12-11,0
1013,2025-12-12,0
1013,2025-12-13,0
1013,2025-12-14,0
1013,2025-12-15,0
1013,2025-12-16,0
1013,2025-12-17,0
1013,2025-12-18,0
1013,2025-12-19,0
1013,2025-12-20,0
1013,2025-12-21,0
1053,2025-11-22,666
1053,2025-11-23,564
1053,2025-11-24,586
1053,2025-11-25,537
1053,2025-11-26,595
1053,2025-11-27,772
1053,2025-11-28,406
1053,2025-11-29,270
1053,2025-11-30,207
1053,2025-12-01,154
1053,2025-12-02,197
1053,2025-12-03,512
1053,2025-12-04,439
1053,2025-12-05,48
1053,2025-12-06,91
1053,2025-12-07,105
1053,2025-12-08,296
1053,2025-12-09,156
1053,2025-12-10,169
1053,2025-12-11,183
1053,2025-12-12,136
1053,2025-12-13,181
1053,2025-12-14,111
1053,2025-12-15,147
1053,2025-12-16,276
1053,2025-12-17,317
1053,2025-12-18,206
1053,2025-12-19,74
1053,2025-12-20,81
1053,2025-12-21,265
1054,2025-11-22,21
1054,2025-11-23,27
1054,2025-11-24,7
1054,2025-11-25,10
1054,2025-11-26,5
1054,2025-11-27,6
1054,2025-11-28,4
1054,2025-11-29,4
1054,2025-11-30,4
1054,2025-12-01,5
1054,2025-12-02,5
1054,2025-12-03,14
1054,2025-12-04,7
1054,2025-12-05,8
1054,2025-12-06,9
1054,2025-12-07,10
1054,2025-12-08,12
1054,2025-12-09,13
1054,2025-12-10,14
1054,2025-12-11,16
1054,2025-12-12,19
1054,2025-12-13,19
1054,2025-12-14,21
1054,2025-12-15,22
1054,2025-12-16,21
1054,2025-12-17,22
1054,2025-12-18,24
1054,2025-12-19,24
1054,2025-12-20,25
1054,2025-12-21,25
1120,2025-11-22,20
1120,2025-11-23,25
1120,2025-11-24,15
1120,2025-11-25,11
1120,2025-11-26,20
1120,2025-11-27,92
1120,2025-11-28,23
1120,2025-11-29,11
1120,2025-11-30,16
1120,2025-12-01,9
1120,2025-12-02,38
1120,2025-12-03,17
1120,2025-12-04,34
1120,2025-12-05,30
1120,2025-12-06,20
1120,2025-12-07,25
1120,2025-12-08,25
1120,2025-12-09,8
1120,2025-12-10,28
1120,2025-12-11,28
1120,2025-12-12,29
1120,2025-12-13,29
1120,2025-12-14,29
1120,2025-12-15,29
1120,2025-12-16,30
1120,2025-12-17,30
1120,2025-12-18,32
1120,2025-12-19,34
1120,2025-12-20,32
1120,2025-12-21,20
1156,2025-11-22,0
1156,2025-11-23,0
1156,2025-11-24,0
1156,2025-11-25,0
1156,2025-11-26,0
1156,2025-11-27,0
1156,2025-11-28,0
1156,2025-11-29,0
1156,2025-11-30,0
1156,2025-12-01,0
1156,2025-12-02,0
1156,2025-12-03,0
1156,2025-12-04,0
1156,2025-12-05,0
1156,2025-12-06,0
1156,2025-12-07,0
1156,2025-12-08,0
1156,2025-12-09,0
1156,2025-12-10,0
1156,2025-12-11,0
1156,2025-12-12,0
1156,2025-12-13,0
1156,2025-12-14,0
1156,2025-12-15,0
1156,2025-12-16,0
1156,2025-12-17,0
1156,2025-12-18,0
1156,2025-12-19,0
1156,2025-12-20,0
1156,2025-12-21,0
1173,2025-11-22,0
1173,2025-11-23,0
1173,2025-11-24,11
1173,2025-11-25,4
1173,2025-11-26,1
1173,2025-11-27,7
1173,2025-11-28,2
1173,2025-11-29,3
1173,2025-11-30,3
1173,2025-12-01,3
1173,2025-12-02,4
1173,2025-12-03,4
1173,2025-12-04,4
1173,2025-12-05,5
1173,2025-12-06,5
1173,2025-12-07,5
1173,2025-12-08,5
1173,2025-12-09,6
1173,2025-12-10,6
1173,2025-12-11,6
1173,2025-12-12,7
1173,2025-12-13,7
1173,2025-12-14,7
1173,2025-12-15,8
1173,2025-12-16,8
1173,2025-12-17,8
1173,2025-12-18,9
1173,2025-12-19,9
1173,2025-12-20,9
1173,2025-12-21,9
1177,2025-11-22,43
1177,2025-11-23,62
1177,2025-11-24,52
1177,2025-11-25,52
1177,2025-11-26,89
1177,2025-11-27,97
1177,2025-11-28,11
1177,2025-11-29,3
1177,2025-11-30,14
1177,2025-12-01,24
1177,2025-12-02,36
1177,2025-12-03,35
1177,2025-12-04,76
1177,2025-12-05,12
1177,2025-12-06,7
1177,2025-12-07,7
1177,2025-12-08,8
1177,2025-12-09,17
1177,2025-12-10,9
1177,2025-12-11,10
1177,2025-12-12,31
1177,2025-12-13,38
1177,2025-12-14,27
1177,2025-12-15,29
1177,2025-12-16,44
1177,2025-12-17,53
1177,2025-12-18,118
1177,2025-12-19,43
1177,2025-12-20,24
1177,2025-12-21,27
1183,2025-11-22,37400
1183,2025-11-23,37548
1183,2025-11-24,37190
1183,2025-11-25,39027
1183,2025-11-26,41027
1183,2025-11-27,46915
1183,2025-11-28,30168
1183,2025-11-29,30621
1183,2025-11-30,32168
1183,2025-12-01,33098
1183,2025-12-02,34948
1183,2025-12-03,38242
1183,2025-12-04,44382
1183,2025-12-05,35338
1183,2025-12-06,35793
1183,2025-12-07,37295
1183,2025-12-08,38311
1183,2025-12-09,40332
1183,2025-12-10,44299
1183,2025-12-11,50746
1183,2025-12-12,41111
1183,2025-12-13,43816
1183,2025-12-14,45047
1183,2025-12-15,46661
1183,2025-12-16,49125
1183,2025-12-17,53151
1183,2025-12-18,58631
1183,2025-12-19,48773
1183,2025-12-20,52546
1183,2025-12-21,30335
1209,2025-11-22,0
1209,2025-11-23,1
1209,2025-11-24,0
1209,2025-11-25,0
1209,2025-11-26,0
1209,2025-11-27,3
1209,2025-11-28,0
1209,2025-11-29,0
1209,2025-11-30,1
1209,2025-12-01,2
1209,2025-12-02,2
1209,2025-12-03,1
1209,2025-12-04,1
1209,2025-12-05,1
1209,2025-12-06,9
1209,2025-12-07,9
1209,2025-12-08,10
1209,2025-12-09,7
1209,2025-12-10,8
1209,2025-12-11,8
1209,2025-12-12,9
1209,2025-12-13,9
1209,2025-12-14,10
1209,2025-12-15,11
1209,2025-12-16,11
1209,2025-12-17,12
1209,2025-12-18,13
1209,2025-12-19,2
1209,2025-12-20,2
1209,2025-12-21,2
1224,2025-11-22,22
1224,2025-11-23,17
1224,2025-11-24,15
1224,2025-11-25,4
1224,2025-11-26,26
1224,2025-11-27,40
1224,2025-11-28,15
1224,2025-11-29,6
1224,2025-11-30,7
1224,2025-12-01,16
1224,2025-12-02,38
1224,2025-12-03,56
1224,2025-12-04,45
1224,2025-12-05,43
1224,2025-12-06,12
1224,2025-12-07,25
1224,2025-12-08,13
1224,2025-12-09,21
1224,2025-12-10,15
1224,2025-12-11,67
1224,2025-12-12,27
1224,2025-12-13,29
1224,2025-12-14,42
1224,2025-12-15,57
1224,2025-12-16,25
1224,2025-12-17,27
1224,2025-12-18,73
1224,2025-12-19,32
1224,2025-12-20,35
1224,2025-12-21,39
1239,2025-11-22,6
1239,2025-11-23,7
1239,2025-11-24,12
1239,2025-11-25,14
1239,2025-11-26,19
1239,2025-11-27,22
1239,2025-11-28,16
1239,2025-11-29,17
1239,2025-11-30,19
1239,2025-12-01,21
1239,2025-12-02,9
1239,2025-12-03,10
1239,2025-12-04,11
1239,2025-12-05,12
1239,2025-12-06,13
1239,2025-12-07,14
1239,2025-12-08,16
1239,2025-12-09,17
1239,2025-12-10,37
1239,2025-12-11,40
1239,2025-12-12,22
1239,2025-12-13,23
1239,2025-12-14,25
1239,2025-12-15,27
1239,2025-12-16,30
1239,2025-12-17,32
1239,2025-12-18,35
1239,2025-12-19,38
1239,2025-12-20,41
1239,2025-12-21,45
1265,2025-11-22,42
1265,2025-11-23,41
1265,2025-11-24,38
1265,2025-11-25,43
1265,2025-11-26,36
1265,2025-11-27,53
1265,2025-11-28,13
1265,2025-11-29,19
1265,2025-11-30,42
1265,2025-12-01,55
1265,2025-12-02,91
1265,2025-12-03,102
1265,2025-12-04,113
1265,2025-12-05,100
1265,2025-12-06,51
1265,2025-12-07,39
1265,2025-12-08,58
1265,2025-12-09,107
1265,2025-12-10,120
1265,2025-12-11,102
1265,2025-12-12,96
1265,2025-12-13,102
1265,2025-12-14,109
1265,2025-12-15,75
1265,2025-12-16,80
1265,2025-12-17,86
1265,2025-12-18,92
1265,2025-12-19,99
1265,2025-12-20,107
1265,2025-12-21,116
1297,2025-11-22,0
1297,2025-11-23,0
1297,2025-11-24,0
1297,2025-11-25,0
1297,2025-11-26,2
1297,2025-11-27,2
1297,2025-11-28,1
1297,2025-11-29,1
1297,2025-11-30,1
1297,2025-12-01,1
1297,2025-12-02,1
1297,2025-12-03,1
1297,2025-12-04,1
1297,2025-12-05,1
1297,2025-12-06,1
1297,2025-12-07,2
1297,2025-12-08,2
1297,2025-12-09,2
1297,2025-12-10,2
1297,2025-12-11,2
1297,2025-12-12,2
1297,2025-12-13,2
1297,2025-12-14,2
1297,2025-12-15,2
1297,2025-12-16,2
1297,2025-12-17,2
1297,2025-12-18,2
1297,2025-12-19,2
1297,2025-12-20,2
1297,2025-12-21,2
1299,2025-11-22,160
1299,2025-11-23,401
1299,2025-11-24,151
1299,2025-11-25,230
1299,2025-11-26,365
1299,2025-11-27,1119
1299,2025-11-28,207
1299,2025-11-29,259
1299,2025-11-30,289
1299,2025-12-01,294
1299,2025-12-02,239
1299,2025-12-03,457
1299,2025-12-04,660
1299,2025-12-05,400
1299,2025-12-06,372
1299,2025-12-07,326
1299,2025-12-08,597
1299,2025-12-09,656
1299,2025-12-10,504
1299,2025-12-11,753
1299,2025-12-12,508
1299,2025-12-13,614
1299,2025-12-14,550
1299,2025-12-15,170
1299,2025-12-16,452
1299,2025-12-17,768
1299,2025-12-18,1137
1299,2025-12-19,489
1299,2025-12-20,1218
1299,2025-12-21,556
1307,2025-11-22,1
1307,2025-11-23,0
1307,2025-11-24,0
1307,2025-11-25,0
1307,2025-11-26,0
1307,2025-11-27,1
1307,2025-11-28,1
1307,2025-11-29,1
1307,2025-11-30,1
1307,2025-12-01,1
1307,2025-12-02,1
1307,2025-12-03,1
1307,2025-12-04,1
1307,2025-12-05,1
1307,2025-12-06,1
1307,2025-12-07,1
1307,2025-12-08,1
1307,2025-12-09,1
1307,2025-12-10,1
1307,2025-12-11,1
1307,2025-12-12,2
1307,2025-12-13,2
1307,2025-12-14,2
1307,2025-12-15,2
1307,2025-12-16,2
1307,2025-12-17,2
1307,2025-12-18,2
1307,2025-12-19,3
1307,2025-12-20,3
1307,2025-12-21,3
1317,2025-11-22,32
1317,2025-11-23,23
1317,2025-11-24,32
1317,2025-11-25,23
1317,2025-11-26,22
1317,2025-11-27,12
1317,2025-11-28,4
1317,2025-11-29,4
1317,2025-11-30,4
1317,2025-12-01,5
1317,2025-12-02,13
1317,2025-12-03,25
1317,2025-12-04,19
1317,2025-12-05,7
1317,2025-12-06,9
1317,2025-12-07,9
1317,2025-12-08,5
1317,2025-12-09,11
1317,2025-12-10,6
1317,2025-12-11,6
1317,2025-12-12,13
1317,2025-12-13,14
1317,2025-12-14,15
1317,2025-12-15,17
1317,2025-12-16,9
1317,2025-12-17,18
1317,2025-12-18,21
1317,2025-12-19,20
1317,2025-12-20,20
1317,2025-12-21,21
1370,2025-11-22,0
1370,2025-11-23,0
1370,2025-11-24,0
1370,2025-11-25,0
1370,2025-11-26,0
1370,2025-11-27,0
1370,2025-11-28,0
1370,2025-11-29,0
1370,2025-11-30,0
1370,2025-12-01,0
1370,2025-12-02,0
1370,2025-12-03,0
1370,2025-12-04,0
1370,2025-12-05,0
1370,2025-12-06,0
1370,2025-12-07,0
1370,2025-12-08,0
1370,2025-12-09,0
1370,2025-12-10,0
1370,2025-12-11,0
1370,2025-12-12,0
1370,2025-12-13,0
1370,2025-12-14,0
1370,2025-12-15,0
1370,2025-12-16,0
1370,2025-12-17,0
1370,2025-12-18,0
1370,2025-12-19,0
1370,2025-12-20,0
1370,2025-12-21,0
1371,2025-11-22,8
1371,2025-11-23,8
1371,2025-11-24,9
1371,2025-11-25,8
1371,2025-11-26,9
1371,2025-11-27,18
1371,2025-11-28,9
1371,2025-11-29,17
1371,2025-11-30,10
1371,2025-12-01,11
1371,2025-12-02,29
1371,2025-12-03,17
1371,2025-12-04,5
1371,2025-12-05,19
1371,2025-12-06,9
1371,2025-12-07,9
1371,2025-12-08,10
1371,2025-12-09,14
1371,2025-12-10,11
1371,2025-12-11,8
1371,2025-12-12,9
1371,2025-12-13,5
1371,2025-12-14,5
1371,2025-12-15,21
1371,2025-12-16,6
1371,2025-12-17,18
1371,2025-12-18,18
1371,2025-12-19,19
1371,2025-12-20,19
1371,2025-12-21,19
1402,2025-11-22,0
1402,2025-11-23,0
1402,2025-11-24,0
1402,2025-11-25,1
1402,2025-11-26,1
1402,2025-11-27,2
1402,2025-11-28,1
1402,2025-11-29,1
1402,2025-11-30,1
1402,2025-12-01,1
1402,2025-12-02,1
1402,2025-12-03,1
1402,2025-12-04,1
1402,2025-12-05,1
1402,2025-12-06,1
1402,2025-12-07,1
1402,2025-12-08,1
1402,2025-12-09,1
1402,2025-12-10,1
1402,2025-12-11,1
1402,2025-12-12,1
1402,2025-12-13,1
1402,2025-12-14,1
1402,2025-12-15,1
1402,2025-12-16,2
1402,2025-12-17,2
1402,2025-12-18,2
1402,2025-12-19,2
1402,2025-12-20,2
1402,2025-12-21,2
1460,2025-11-22,0
1460,2025-11-23,0
1460,2025-11-24,0
1460,2025-11-25,0
1460,2025-11-26,0
1460,2025-11-27,0
1460,2025-11-28,1
1460,2025-11-29,1
1460,2025-11-30,2
1460,2025-12-01,2
1460,2025-12-02,3
1460,2025-12-03,4
1460,2025-12-04,4
1460,2025-12-05,4
1460,2025-12-06,5
1460,2025-12-07,6
1460,2025-12-08,6
1460,2025-12-09,7
1460,2025-12-10,7
1460,2025-12-11,8
1460,2025-12-12,8
1460,2025-12-13,8
1460,2025-12-14,8
1460,2025-12-15,8
1460,2025-12-16,9
1460,2025-12-17,10
1460,2025-12-18,10
1460,2025-12-19,11
1460,2025-12-20,11
1460,2025-12-21,11
1494,2025-11-22,0
1494,2025-11-23,0
1494,2025-11-24,0
1494,2025-11-25,0
1494,2025-11-26,0
1494,2025-11-27,0
1494,2025-11-28,0
1494,2025-11-29,0
1494,2025-11-30,0
1494,2025-12-01,0
1494,2025-12-02,0
1494,2025-12-03,0
1494,2025-12-04,0
1494,2025-12-05,0
1494,2025-12-06,0
1494,2025-12-07,0
1494,2025-12-08,0
1494,2025-12-09,0
1494,2025-12-10,0
1494,2025-12-11,0
1494,2025-12-12,0
1494,2025-12-13,0
1494,2025-12-14,0
1494,2025-12-15,0
1494,2025-12-16,0
1494,2025-12-17,0
1494,2025-12-18,0
1494,2025-12-19,0
1494,2025-12-20,0
1494,2025-12-21,0
1496,2025-11-22,163
1496,2025-11-23,99
1496,2025-11-24,144
1496,2025-11-25,169
1496,2025-11-26,219
1496,2025-11-27,203
1496,2025-11-28,117
1496,2025-11-29,226
1496,2025-11-30,223
1496,2025-12-01,161
1496,2025-12-02,120
1496,2025-12-03,153
1496,2025-12-04,114
1496,2025-12-05,41
1496,2025-12-06,17
1496,2025-12-07,90
1496,2025-12-08,78
1496,2025-12-09,49
1496,2025-12-10,45
1496,2025-12-11,73
1496,2025-12-12,26
1496,2025-12-13,56
1496,2025-12-14,71
1496,2025-12-15,44
1496,2025-12-16,71
1496,2025-12-17,65
1496,2025-12-18,70
1496,2025-12-19,46
1496,2025-12-20,50
1496,2025-12-21,18
1524,2025-11-22,11
1524,2025-11-23,12
1524,2025-11-24,13
1524,2025-11-25,16
1524,2025-11-26,15
1524,2025-11-27,10
1524,2025-11-28,5
1524,2025-11-29,3
1524,2025-11-30,12
1524,2025-12-01,5
1524,2025-12-02,2
1524,2025-12-03,8
1524,2025-12-04,6
1524,2025-12-05,1
1524,2025-12-06,1
1524,2025-12-07,1
1524,2025-12-08,1
1524,2025-12-09,1
1524,2025-12-10,9
1524,2025-12-11,3
1524,2025-12-12,1
1524,2025-12-13,1
1524,2025-12-14,4
1524,2025-12-15,8
1524,2025-12-16,13
1524,2025-12-17,13
1524,2025-12-18,10
1524,2025-12-19,5
1524,2025-12-20,2
1524,2025-12-21,2
1553,2025-11-22,0
1553,2025-11-23,0
1553,2025-11-24,0
1553,2025-11-25,0
1553,2025-11-26,0
1553,2025-11-27,0
1553,2025-11-28,0
1553,2025-11-29,0
1553,2025-11-30,0
1553,2025-12-01,0
1553,2025-12-02,0
1553,2025-12-03,0
1553,2025-12-04,0
1553,2025-12-05,0
1553,2025-12-06,0
1553,2025-12-07,0
1553,2025-12-08,0
1553,2025-12-09,0
1553,2025-12-10,0
1553,2025-12-11,0
1553,2025-12-12,0
1553,2025-12-13,0
1553,2025-12-14,0
1553,2025-12-15,0
1553,2025-12-16,0
1553,2025-12-17,0
1553,2025-12-18,0
1553,2025-12-19,0
1553,2025-12-20,0
1553,2025-12-21,0
1572,2025-11-22,4
1572,2025-11-23,7
1572,2025-11-24,7
1572,2025-11-25,5
1572,2025-11-26,4
1572,2025-11-27,13
1572,2025-11-28,14
1572,2025-11-29,15
1572,2025-11-30,18
1572,2025-12-01,6
1572,2025-12-02,5
1572,2025-12-03,2
1572,2025-12-04,3
1572,2025-12-05,3
1572,2025-12-06,7
1572,2025-12-07,7
1572,2025-12-08,7
1572,2025-12-09,4
1572,2025-12-10,4
1572,2025-12-11,4
1572,2025-12-12,9
1572,2025-12-13,9
1572,2025-12-14,9
1572,2025-12-15,9
1572,2025-12-16,10
1572,2025-12-17,10
1572,2025-12-18,10
1572,2025-12-19,11
1572,2025-12-20,11
1572,2025-12-21,12
1629,2025-11-22,0
1629,2025-11-23,0
1629,2025-11-24,0
1629,2025-11-25,0
1629,2025-11-26,0
1629,2025-11-27,0
1629,2025-11-28,0
1629,2025-11-29,0
1629,2025-11-30,0
1629,2025-12-01,0
1629,2025-12-02,0
1629,2025-12-03,0
1629,2025-12-04,0
1629,2025-12-05,0
1629,2025-12-06,0
1629,2025-12-07,0
1629,2025-12-08,0
1629,2025-12-09,0
1629,2025-12-10,0
1629,2025-12-11,0
1629,2025-12-12,0
1629,2025-12-13,0
1629,2025-12-14,0
1629,2025-12-15,0
1629,2025-12-16,0
1629,2025-12-17,0
1629,2025-12-18,0
1629,2025-12-19,0
1629,2025-12-20,0
1629,2025-12-21,0
1638,2025-11-22,2891
1638,2025-11-23,2543
1638,2025-11-24,2106
1638,2025-11-25,2285
1638,2025-11-26,2789
1638,2025-11-27,3040
1638,2025-11-28,1187
1638,2025-11-29,1130
1638,2025-11-30,1135
1638,2025-12-01,1140
1638,2025-12-02,926
1638,2025-12-03,1559
1638,2025-12-04,2533
1638,2025-12-05,1194
1638,2025-12-06,902
1638,2025-12-07,528
1638,2025-12-08,659
1638,2025-12-09,644
1638,2025-12-10,1094
1638,2025-12-11,1324
1638,2025-12-12,910
1638,2025-12-13,822
1638,2025-12-14,616
1638,2025-12-15,611
1638,2025-12-16,580
1638,2025-12-17,1381
1638,2025-12-18,1236
1638,2025-12-19,220
1638,2025-12-20,429
1638,2025-12-21,240
1668,2025-11-22,0
1668,2025-11-23,0
1668,2025-11-24,1
1668,2025-11-25,1
1668,2025-11-26,1
1668,2025-11-27,1
1668,2025-11-28,1
1668,2025-11-29,2
1668,2025-11-30,2
1668,2025-12-01,2
1668,2025-12-02,2
1668,2025-12-03,2
1668,2025-12-04,2
1668,2025-12-05,3
1668,2025-12-06,3
1668,2025-12-07,3
1668,2025-12-08,3
1668,2025-12-09,3
1668,2025-12-10,3
1668,2025-12-11,3
1668,2025-12-12,3
1668,2025-12-13,3
1668,2025-12-14,3
1668,2025-12-15,3
1668,2025-12-16,3
1668,2025-12-17,3
1668,2025-12-18,3
1668,2025-12-19,3
1668,2025-12-20,3
1668,2025-12-21,3
1675,2025-11-22,0
1675,2025-11-23,1
1675,2025-11-24,3
1675,2025-11-25,0
1675,2025-11-26,2
1675,2025-11-27,2
1675,2025-11-28,1
1675,2025-11-29,1
1675,2025-11-30,1
1675,2025-12-01,1
1675,2025-12-02,1
1675,2025-12-03,1
1675,2025-12-04,1
1675,2025-12-05,1
1675,2025-12-06,1
1675,2025-12-07,1
1675,2025-12-08,1
1675,2025-12-09,1
1675,2025-12-10,1
1675,2025-12-11,1
1675,2025-12-12,1
1675,2025-12-13,1
1675,2025-12-14,1
1675,2025-12-15,1
1675,2025-12-16,1
1675,2025-12-17,1
1675,2025-12-18,1
1675,2025-12-19,1
1675,2025-12-20,1
1675,2025-12-21,1
1751,2025-11-22,0
1751,2025-11-23,0
1751,2025-11-24,0
1751,2025-11-25,0
1751,2025-11-26,0
1751,2025-11-27,0
1751,2025-11-28,0
1751,2025-11-29,0
1751,2025-11-30,0
1751,2025-12-01,0
1751,2025-12-02,0
1751,2025-12-03,0
1751,2025-12-04,0
1751,2025-12-05,0
1751,2025-12-06,0
1751,2025-12-07,0
1751,2025-12-08,0
1751,2025-12-09,0
1751,2025-12-10,0
1751,2025-12-11,0
1751,2025-12-12,0
1751,2025-12-13,0
1751,2025-12-14,0
1751,2025-12-15,0
1751,2025-12-16,0
1751,2025-12-17,0
1751,2025-12-18,0
1751,2025-12-19,0
1751,2025-12-20,0
1751,2025-12-21,0
1782,2025-11-22,19
1782,2025-11-23,10
1782,2025-11-24,22
1782,2025-11-25,25
1782,2025-11-26,56
1782,2025-11-27,56
1782,2025-11-28,14
1782,2025-11-29,5
1782,2025-11-30,5
1782,2025-12-01,5
1782,2025-12-02,6
1782,2025-12-03,6
1782,2025-12-04,6
1782,2025-12-05,6
1782,2025-12-06,6
1782,2025-12-07,7
1782,2025-12-08,7
1782,2025-12-09,7
1782,2025-12-10,8
1782,2025-12-11,8
1782,2025-12-12,8
1782,2025-12-13,9
1782,2025-12-14,7
1782,2025-12-15,8
1782,2025-12-16,10
1782,2025-12-17,10
1782,2025-12-18,11
1782,2025-12-19,11
1782,2025-12-20,11
1782,2025-12-21,11
1859,2025-11-22,13
1859,2025-11-23,14
1859,2025-11-24,15
1859,2025-11-25,18
1859,2025-11-26,13
1859,2025-11-27,15
1859,2025-11-28,9
1859,2025-11-29,10
1859,2025-11-30,11
1859,2025-12-01,12
1859,2025-12-02,13
1859,2025-12-03,24
1859,2025-12-04,22
1859,2025-12-05,16
1859,2025-12-06,29
1859,2025-12-07,31
1859,2025-12-08,19
1859,2025-12-09,21
1859,2025-12-10,28
1859,2025-12-11,41
1859,2025-12-12,25
1859,2025-12-13,27
1859,2025-12-14,29
1859,2025-12-15,47
1859,2025-12-16,42
1859,2025-12-17,45
1859,2025-12-18,39
1859,2025-12-19,42
1859,2025-12-20,45
1859,2025-12-21,24
1895,2025-11-22,25
1895,2025-11-23,29
1895,2025-11-24,12
1895,2025-11-25,16
1895,2025-11-26,21
1895,2025-11-27,45
1895,2025-11-28,12
1895,2025-11-29,3
1895,2025-11-30,15
1895,2025-12-01,16
1895,2025-12-02,4
1895,2025-12-03,20
1895,2025-12-04,32
1895,2025-12-05,6
1895,2025-12-06,6
1895,2025-12-07,7
1895,2025-12-08,8
1895,2025-12-09,25
1895,2025-12-10,26
1895,2025-12-11,29
1895,2025-12-12,82
1895,2025-12-13,34
1895,2025-12-14,12
1895,2025-12-15,13
1895,2025-12-16,57
1895,2025-12-17,46
1895,2025-12-18,266
1895,2025-12-19,145
1895,2025-12-20,159
1895,2025-12-21,39
1916,2025-11-22,10
1916,2025-11-23,7
1916,2025-11-24,7
1916,2025-11-25,7
1916,2025-11-26,10
1916,2025-11-27,21
1916,2025-11-28,8
1916,2025-11-29,6
1916,2025-11-30,6
1916,2025-12-01,7
1916,2025-12-02,7
1916,2025-12-03,15
1916,2025-12-04,12
1916,2025-12-05,4
1916,2025-12-06,14
1916,2025-12-07,15
1916,2025-12-08,26
1916,2025-12-09,11
1916,2025-12-10,6
1916,2025-12-11,6
1916,2025-12-12,7
1916,2025-12-13,15
1916,2025-12-14,16
1916,2025-12-15,17
1916,2025-12-16,18
1916,2025-12-17,19
1916,2025-12-18,21
1916,2025-12-19,11
1916,2025-12-20,12
1916,2025-12-21,11
1931,2025-11-22,0
1931,2025-11-23,0
1931,2025-11-24,0
1931,2025-11-25,0
1931,2025-11-26,0
1931,2025-11-27,0
1931,2025-11-28,0
1931,2025-11-29,0
1931,2025-11-30,0
1931,2025-12-01,0
1931,2025-12-02,0
1931,2025-12-03,0
1931,2025-12-04,0
1931,2025-12-05,0
1931,2025-12-06,0
1931,2025-12-07,0
1931,2025-12-08,0
1931,2025-12-09,0
1931,2025-12-10,0
1931,2025-12-11,0
1931,2025-12-12,0
1931,2025-12-13,0
1931,2025-12-14,0
1931,2025-12-15,0
1931,2025-12-16,0
1931,2025-12-17,0
1931,2025-12-18,0
1931,2025-12-19,0
1931,2025-12-20,0
1931,2025-12-21,0
1960,2025-11-22,6
1960,2025-11-23,12
1960,2025-11-24,6
1960,2025-11-25,7
1960,2025-11-26,10
1960,2025-11-27,23
1960,2025-11-28,8
1960,2025-11-29,14
1960,2025-11-30,16
1960,2025-12-01,14
1960,2025-12-02,15
1960,2025-12-03,16
1960,2025-12-04,13
1960,2025-12-05,14
1960,2025-12-06,15
1960,2025-12-07,16
1960,2025-12-08,18
1960,2025-12-09,19
1960,2025-12-10,21
1960,2025-12-11,23
1960,2025-12-12,25
1960,2025-12-13,26
1960,2025-12-14,28
1960,2025-12-15,31
1960,2025-12-16,33
1960,2025-12-17,97
1960,2025-12-18,79
1960,2025-12-19,43
1960,2025-12-20,46
1960,2025-12-21,51
1986,2025-11-22,5
1986,2025-11-23,20
1986,2025-11-24,12
1986,2025-11-25,8
1986,2025-11-26,8
1986,2025-11-27,6
1986,2025-11-28,7
1986,2025-11-29,7
1986,2025-11-30,8
1986,2025-12-01,8
1986,2025-12-02,3
1986,2025-12-03,9
1986,2025-12-04,10
1986,2025-12-05,10
1986,2025-12-06,10
1986,2025-12-07,11
1986,2025-12-08,11
1986,2025-12-09,12
1986,2025-12-10,12
1986,2025-12-11,12
1986,2025-12-12,13
1986,2025-12-13,13
1986,2025-12-14,13
1986,2025-12-15,14
1986,2025-12-16,14
1986,2025-12-17,9
1986,2025-12-18,14
1986,2025-12-19,15
1986,2025-12-20,15
1986,2025-12-21,15
1996,2025-11-22,1
1996,2025-11-23,3
1996,2025-11-24,3
1996,2025-11-25,1
1996,2025-11-26,1
1996,2025-11-27,2
1996,2025-11-28,2
1996,2025-11-29,2
1996,2025-11-30,2
1996,2025-12-01,2
1996,2025-12-02,3
1996,2025-12-03,3
1996,2025-12-04,3
1996,2025-12-05,3
1996,2025-12-06,3
1996,2025-12-07,3
1996,2025-12-08,3
1996,2025-12-09,4
1996,2025-12-10,4
1996,2025-12-11,4
1996,2025-12-12,4
1996,2025-12-13,4
1996,2025-12-14,4
1996,2025-12-15,4
1996,2025-12-16,4
1996,2025-12-17,4
1996,2025-12-18,4
1996,2025-12-19,5
1996,2025-12-20,5
1996,2025-12-21,5
2028,2025-11-22,34
2028,2025-11-23,60
2028,2025-11-24,48
2028,2025-11-25,86
2028,2025-11-26,114
2028,2025-11-27,52
2028,2025-11-28,19
2028,2025-11-29,31
2028,2025-11-30,24
2028,2025-12-01,37
2028,2025-12-02,41
2028,2025-12-03,103
2028,2025-12-04,29
2028,2025-12-05,32
2028,2025-12-06,35
2028,2025-12-07,38
2028,2025-12-08,7
2028,2025-12-09,7
2028,2025-12-10,8
2028,2025-12-11,34
2028,2025-12-12,44
2028,2025-12-13,47
2028,2025-12-14,46
2028,2025-12-15,47
2028,2025-12-16,127
2028,2025-12-17,50
2028,2025-12-18,50
2028,2025-12-19,52
2028,2025-12-20,53
2028,2025-12-21,21
2099,2025-11-22,25721
2099,2025-11-23,25194
2099,2025-11-24,26341
2099,2025-11-25,28073
2099,2025-11-26,28798
2099,2025-11-27,26436
2099,2025-11-28,14267
2099,2025-11-29,15694
2099,2025-11-30,15463
2099,2025-12-01,18805
2099,2025-12-02,27855
2099,2025-12-03,41697
2099,2025-12-04,47344
2099,2025-12-05,39049
2099,2025-12-06,26223
2099,2025-12-07,19253
2099,2025-12-08,19258
2099,2025-12-09,19594
2099,2025-12-10,21124
2099,2025-12-11,21574
2099,2025-12-12,16147
2099,2025-12-13,17209
2099,2025-12-14,16690
2099,2025-12-15,18370
2099,2025-12-16,23820
2099,2025-12-17,27153
2099,2025-12-18,30267
2099,2025-12-19,23411
2099,2025-12-20,18528
2099,2025-12-21,8925
2101,2025-11-22,1588
2101,2025-11-23,1390
2101,2025-11-24,1082
2101,2025-11-25,1141
2101,2025-11-26,1562
2101,2025-11-27,1841
2101,2025-11-28,543
2101,2025-11-29,603
2101,2025-11-30,719
2101,2025-12-01,523
2101,2025-12-02,497
2101,2025-12-03,899
2101,2025-12-04,1087
2101,2025-12-05,576
2101,2025-12-06,891
2101,2025-12-07,723
2101,2025-12-08,796
2101,2025-12-09,756
2101,2025-12-10,899
2101,2025-12-11,1014
2101,2025-12-12,501
2101,2025-12-13,1018
2101,2025-12-14,288
2101,2025-12-15,462
2101,2025-12-16,780
2101,2025-12-17,1147
2101,2025-12-18,1407
2101,2025-12-19,707
2101,2025-12-20,827
2101,2025-12-21,431
2108,2025-11-22,0
2108,2025-11-23,0
2108,2025-11-24,0
2108,2025-11-25,0
2108,2025-11-26,0
2108,2025-11-27,0
2108,2025-11-28,0
2108,2025-11-29,0
2108,2025-11-30,0
2108,2025-12-01,0
2108,2025-12-02,0
2108,2025-12-03,0
2108,2025-12-04,0
2108,2025-12-05,0
2108,2025-12-06,0
2108,2025-12-07,0
2108,2025-12-08,0
2108,2025-12-09,0
2108,2025-12-10,0
2108,2025-12-11,0
2108,2025-12-12,0
2108,2025-12-13,0
2108,2025-12-14,0
2108,2025-12-15,0
2108,2025-12-16,0
2108,2025-12-17,0
2108,2025-12-18,0
2108,2025-12-19,0
2108,2025-12-20,0
2108,2025-12-21,0
2126,2025-11-22,0
2126,2025-11-23,0
2126,2025-11-24,0
2126,2025-11-25,0
2126,2025-11-26,0
2126,2025-11-27,0
2126,2025-11-28,0
2126,2025-11-29,0
2126,2025-11-30,0
2126,2025-12-01,0
2126,2025-12-02,0
2126,2025-12-03,0
2126,2025-12-04,0
2126,2025-12-05,0
2126,2025-12-06,0
2126,2025-12-07,0
2126,2025-12-08,0
2126,2025-12-09,0
2126,2025-12-10,0
2126,2025-12-11,0
2126,2025-12-12,0
2126,2025-12-13,0
2126,2025-12-14,0
2126,2025-12-15,0
2126,2025-12-16,0
2126,2025-12-17,0
2126,2025-12-18,0
2126,2025-12-19,0
2126,2025-12-20,0
2126,2025-12-21,0
2136,2025-11-22,0
2136,2025-11-23,0
2136,2025-11-24,0
2136,2025-11-25,0
2136,2025-11-26,0
2136,2025-11-27,0
2136,2025-11-28,0
2136,2025-11-29,0
2136,2025-11-30,0
2136,2025-12-01,0
2136,2025-12-02,0
2136,2025-12-03,0
2136,2025-12-04,0
2136,2025-12-05,0
2136,2025-12-06,0
2136,2025-12-07,0
2136,2025-12-08,0
2136,2025-12-09,0
2136,2025-12-10,0
2136,2025-12-11,0
2136,2025-12-12,0
2136,2025-12-13,0
2136,2025-12-14,0
2136,2025-12-15,0
2136,2025-12-16,0
2136,2025-12-17,0
2136,2025-12-18,0
2136,2025-12-19,0
2136,2025-12-20,0
2136,2025-12-21,0
2154,2025-11-22,2
2154,2025-11-23,4
2154,2025-11-24,7
2154,2025-11-25,5
2154,2025-11-26,11
2154,2025-11-27,4
2154,2025-11-28,2
2154,2025-11-29,2
2154,2025-11-30,2
2154,2025-12-01,2
2154,2025-12-02,6
2154,2025-12-03,3
2154,2025-12-04,3
2154,2025-12-05,3
2154,2025-12-06,3
2154,2025-12-07,9
2154,2025-12-08,3
2154,2025-12-09,3
2154,2025-12-10,3
2154,2025-12-11,4
2154,2025-12-12,4
2154,2025-12-13,4
2154,2025-12-14,4
2154,2025-12-15,4
2154,2025-12-16,4
2154,2025-12-17,4
2154,2025-12-18,4
2154,2025-12-19,5
2154,2025-12-20,5
2154,2025-12-21,5
2168,2025-11-22,3
2168,2025-11-23,8
2168,2025-11-24,4
2168,2025-11-25,5
2168,2025-11-26,6
2168,2025-11-27,2
2168,2025-11-28,1
2168,2025-11-29,2
2168,2025-11-30,3
2168,2025-12-01,3
2168,2025-12-02,1
2168,2025-12-03,1
2168,2025-12-04,1
2168,2025-12-05,2
2168,2025-12-06,2
2168,2025-12-07,2
2168,2025-12-08,2
2168,2025-12-09,2
2168,2025-12-10,2
2168,2025-12-11,2
2168,2025-12-12,2
2168,2025-12-13,2
2168,2025-12-14,2
2168,2025-12-15,8
2168,2025-12-16,2
2168,2025-12-17,2
2168,2025-12-18,2
2168,2025-12-19,2
2168,2025-12-20,2
2168,2025-12-21,2
2195,2025-11-22,761
2195,2025-11-23,805
2195,2025-11-24,722
2195,2025-11-25,711
2195,2025-11-26,1066
2195,2025-11-27,1353
2195,2025-11-28,403
2195,2025-11-29,528
2195,2025-11-30,455
2195,2025-12-01,414
2195,2025-12-02,477
2195,2025-12-03,688
2195,2025-12-04,787
2195,2025-12-05,459
2195,2025-12-06,620
2195,2025-12-07,728
2195,2025-12-08,926
2195,2025-12-09,738
2195,2025-12-10,851
2195,2025-12-11,757
2195,2025-12-12,630
2195,2025-12-13,812
2195,2025-12-14,495
2195,2025-12-15,522
2195,2025-12-16,551
2195,2025-12-17,688
2195,2025-12-18,679
2195,2025-12-19,414
2195,2025-12-20,390
2195,2025-12-21,594
2302,2025-11-22,0
2302,2025-11-23,0
2302,2025-11-24,0
2302,2025-11-25,0
2302,2025-11-26,0
2302,2025-11-27,0
2302,2025-11-28,0
2302,2025-11-29,0
2302,2025-11-30,0
2302,2025-12-01,0
2302,2025-12-02,0
2302,2025-12-03,0
2302,2025-12-04,0
2302,2025-12-05,0
2302,2025-12-06,0
2302,2025-12-07,0
2302,2025-12-08,0
2302,2025-12-09,0
2302,2025-12-10,0
2302,2025-12-11,0
2302,2025-12-12,0
2302,2025-12-13,0
2302,2025-12-14,0
2302,2025-12-15,0
2302,2025-12-16,0
2302,2025-12-17,0
2302,2025-12-18,0
2302,2025-12-19,0
2302,2025-12-20,0
2302,2025-12-21,0
2335,2025-11-22,0
2335,2025-11-23,0
2335,2025-11-24,0
2335,2025-11-25,0
2335,2025-11-26,0
2335,2025-11-27,0
2335,2025-11-28,0
2335,2025-11-29,0
2335,2025-11-30,0
2335,2025-12-01,0
2335,2025-12-02,0
2335,2025-12-03,0
2335,2025-12-04,0
2335,2025-12-05,1
2335,2025-12-06,1
2335,2025-12-07,1
2335,2025-12-08,1
2335,2025-12-09,1
2335,2025-12-10,1
2335,2025-12-11,1
2335,2025-12-12,1
2335,2025-12-13,1
2335,2025-12-14,1
2335,2025-12-15,1
2335,2025-12-16,1
2335,2025-12-17,1
2335,2025-12-18,1
2335,2025-12-19,1
2335,2025-12-20,1
2335,2025-12-21,1
2337,2025-11-22,93
2337,2025-11-23,96
2337,2025-11-24,101
2337,2025-11-25,92
2337,2025-11-26,97
2337,2025-11-27,91
2337,2025-11-28,32
2337,2025-11-29,27
2337,2025-11-30,17
2337,2025-12-01,18
2337,2025-12-02,27
2337,2025-12-03,20
2337,2025-12-04,21
2337,2025-12-05,16
2337,2025-12-06,12
2337,2025-12-07,22
2337,2025-12-08,16
2337,2025-12-09,39
2337,2025-12-10,86
2337,2025-12-11,69
2337,2025-12-12,46
2337,2025-12-13,102
2337,2025-12-14,157
2337,2025-12-15,123
2337,2025-12-16,97
2337,2025-12-17,49
2337,2025-12-18,86
2337,2025-12-19,66
2337,2025-12-20,65
2337,2025-12-21,41
2363,2025-11-22,7
2363,2025-11-23,14
2363,2025-11-24,6
2363,2025-11-25,15
2363,2025-11-26,10
2363,2025-11-27,17
2363,2025-11-28,5
2363,2025-11-29,19
2363,2025-11-30,20
2363,2025-12-01,22
2363,2025-12-02,28
2363,2025-12-03,31
2363,2025-12-04,62
2363,2025-12-05,9
2363,2025-12-06,10
2363,2025-12-07,10
2363,2025-12-08,11
2363,2025-12-09,11
2363,2025-12-10,12
2363,2025-12-11,36
2363,2025-12-12,14
2363,2025-12-13,15
2363,2025-12-14,15
2363,2025-12-15,16
2363,2025-12-16,16
2363,2025-12-17,16
2363,2025-12-18,73
2363,2025-12-19,17
2363,2025-12-20,18
2363,2025-12-21,19
2406,2025-11-22,6
2406,2025-11-23,6
2406,2025-11-24,7
2406,2025-11-25,9
2406,2025-11-26,10
2406,2025-11-27,12
2406,2025-11-28,13
2406,2025-11-29,14
2406,2025-11-30,15
2406,2025-12-01,13
2406,2025-12-02,14
2406,2025-12-03,15
2406,2025-12-04,16
2406,2025-12-05,17
2406,2025-12-06,18
2406,2025-12-07,20
2406,2025-12-08,21
2406,2025-12-09,22
2406,2025-12-10,24
2406,2025-12-11,26
2406,2025-12-12,27
2406,2025-12-13,29
2406,2025-12-14,31
2406,2025-12-15,33
2406,2025-12-16,36
2406,2025-12-17,38
2406,2025-12-18,41
2406,2025-12-19,44
2406,2025-12-20,48
2406,2025-12-21,51
2423,2025-11-22,24
2423,2025-11-23,23
2423,2025-11-24,15
2423,2025-11-25,12
2423,2025-11-26,17
2423,2025-11-27,17
2423,2025-11-28,11
2423,2025-11-29,12
2423,2025-11-30,16
2423,2025-12-01,15
2423,2025-12-02,16
2423,2025-12-03,17
2423,2025-12-04,26
2423,2025-12-05,28
2423,2025-12-06,25
2423,2025-12-07,22
2423,2025-12-08,29
2423,2025-12-09,26
2423,2025-12-10,28
2423,2025-12-11,29
2423,2025-12-12,32
2423,2025-12-13,41
2423,2025-12-14,43
2423,2025-12-15,47
2423,2025-12-16,50
2423,2025-12-17,54
2423,2025-12-18,58
2423,2025-12-19,42
2423,2025-12-20,45
2423,2025-12-21,49
2424,2025-11-22,0
2424,2025-11-23,0
2424,2025-11-24,0
2424,2025-11-25,0
2424,2025-11-26,0
2424,2025-11-27,0
2424,2025-11-28,0
2424,2025-11-29,0
2424,2025-11-30,0
2424,2025-12-01,0
2424,2025-12-02,0
2424,2025-12-03,0
2424,2025-12-04,0
2424,2025-12-05,0
2424,2025-12-06,0
2424,2025-12-07,0
2424,2025-12-08,0
2424,2025-12-09,0
2424,2025-12-10,0
2424,2025-12-11,0
2424,2025-12-12,0
2424,2025-12-13,0
2424,2025-12-14,0
2424,2025-12-15,0
2424,2025-12-16,0
2424,2025-12-17,0
2424,2025-12-18,0
2424,2025-12-19,0
2424,2025-12-20,0
2424,2025-12-21,0
2451,2025-11-22,0
2451,2025-11-23,0
2451,2025-11-24,0
2451,2025-11-25,0
2451,2025-11-26,0
2451,2025-11-27,0
2451,2025-11-28,0
2451,2025-11-29,0
2451,2025-11-30,0
2451,2025-12-01,0
2451,2025-12-02,0
2451,2025-12-03,0
2451,2025-12-04,0
2451,2025-12-05,0
2451,2025-12-06,0
2451,2025-12-07,0
2451,2025-12-08,0
2451,2025-12-09,0
2451,2025-12-10,0
2451,2025-12-11,0
2451,2025-12-12,0
2451,2025-12-13,0
2451,2025-12-14,0
2451,2025-12-15,0
2451,2025-12-16,0
2451,2025-12-17,0
2451,2025-12-18,0
2451,2025-12-19,0
2451,2025-12-20,0
2451,2025-12-21,0
2483,2025-11-22,1420
2483,2025-11-23,1394
2483,2025-11-24,1645
2483,2025-11-25,1774
2483,2025-11-26,1738
2483,2025-11-27,1340
2483,2025-11-28,560
2483,2025-11-29,727
2483,2025-11-30,774
2483,2025-12-01,857
2483,2025-12-02,887
2483,2025-12-03,916
2483,2025-12-04,717
2483,2025-12-05,566
2483,2025-12-06,590
2483,2025-12-07,571
2483,2025-12-08,736
2483,2025-12-09,905
2483,2025-12-10,831
2483,2025-12-11,519
2483,2025-12-12,437
2483,2025-12-13,624
2483,2025-12-14,939
2483,2025-12-15,1108
2483,2025-12-16,1049
2483,2025-12-17,1117
2483,2025-12-18,855
2483,2025-12-19,515
2483,2025-12-20,501
2483,2025-12-21,398
2575,2025-11-22,0
2575,2025-11-23,0
2575,2025-11-24,0
2575,2025-11-25,0
2575,2025-11-26,0
2575,2025-11-27,0
2575,2025-11-28,0
2575,2025-11-29,0
2575,2025-11-30,0
2575,2025-12-01,0
2575,2025-12-02,0
2575,2025-12-03,0
2575,2025-12-04,0
2575,2025-12-05,0
2575,2025-12-06,0
2575,2025-12-07,0
2575,2025-12-08,0
2575,2025-12-09,0
2575,2025-12-10,0
2575,2025-12-11,0
2575,2025-12-12,0
2575,2025-12-13,0
2575,2025-12-14,0
2575,2025-12-15,0
2575,2025-12-16,0
2575,2025-12-17,0
2575,2025-12-18,0
2575,2025-12-19,0
2575,2025-12-20,0
2575,2025-12-21,0
2587,2025-11-22,506
2587,2025-11-23,423
2587,2025-11-24,323
2587,2025-11-25,282
2587,2025-11-26,342
2587,2025-11-27,391
2587,2025-11-28,116
2587,2025-11-29,148
2587,2025-11-30,141
2587,2025-12-01,214
2587,2025-12-02,266
2587,2025-12-03,274
2587,2025-12-04,515
2587,2025-12-05,297
2587,2025-12-06,255
2587,2025-12-07,230
2587,2025-12-08,214
2587,2025-12-09,196
2587,2025-12-10,228
2587,2025-12-11,298
2587,2025-12-12,213
2587,2025-12-13,122
2587,2025-12-14,189
2587,2025-12-15,231
2587,2025-12-16,192
2587,2025-12-17,352
2587,2025-12-18,434
2587,2025-12-19,204
2587,2025-12-20,65
2587,2025-12-21,56
2642,2025-11-22,626
2642,2025-11-23,622
2642,2025-11-24,895
2642,2025-11-25,1002
2642,2025-11-26,1042
2642,2025-11-27,843
2642,2025-11-28,263
2642,2025-11-29,332
2642,2025-11-30,332
2642,2025-12-01,407
2642,2025-12-02,429
2642,2025-12-03,448
2642,2025-12-04,335
2642,2025-12-05,183
2642,2025-12-06,274
2642,2025-12-07,185
2642,2025-12-08,212
2642,2025-12-09,271
2642,2025-12-10,328
2642,2025-12-11,338
2642,2025-12-12,211
2642,2025-12-13,235
2642,2025-12-14,262
2642,2025-12-15,287
2642,2025-12-16,338
2642,2025-12-17,305
2642,2025-12-18,272
2642,2025-12-19,221
2642,2025-12-20,290
2642,2025-12-21,81
2668,2025-11-22,0
2668,2025-11-23,0
2668,2025-11-24,0
2668,2025-11-25,0
2668,2025-11-26,0
2668,2025-11-27,0
2668,2025-11-28,0
2668,2025-11-29,0
2668,2025-11-30,5
2668,2025-12-01,0
2668,2025-12-02,0
2668,2025-12-03,0
2668,2025-12-04,0
2668,2025-12-05,0
2668,2025-12-06,0
2668,2025-12-07,0
2668,2025-12-08,0
2668,2025-12-09,0
2668,2025-12-10,0
2668,2025-12-11,0
2668,2025-12-12,0
2668,2025-12-13,0
2668,2025-12-14,0
2668,2025-12-15,0
2668,2025-12-16,0
2668,2025-12-17,0
2668,2025-12-18,0
2668,2025-12-19,0
2668,2025-12-20,0
2668,2025-12-21,0
2670,2025-11-22,13
2670,2025-11-23,14
2670,2025-11-24,2
2670,2025-11-25,5
2670,2025-11-26,13
2670,2025-11-27,21
2670,2025-11-28,7
2670,2025-11-29,8
2670,2025-11-30,38
2670,2025-12-01,41
2670,2025-12-02,56
2670,2025-12-03,33
2670,2025-12-04,49
2670,2025-12-05,13
2670,2025-12-06,15
2670,2025-12-07,8
2670,2025-12-08,9
2670,2025-12-09,17
2670,2025-12-10,17
2670,2025-12-11,11
2670,2025-12-12,18
2670,2025-12-13,20
2670,2025-12-14,20
2670,2025-12-15,21
2670,2025-12-16,21
2670,2025-12-17,21
2670,2025-12-18,41
2670,2025-12-19,25
2670,2025-12-20,26
2670,2025-12-21,32
2692,2025-11-22,549
2692,2025-11-23,558
2692,2025-11-24,501
2692,2025-11-25,431
2692,2025-11-26,710
2692,2025-11-27,883
2692,2025-11-28,284
2692,2025-11-29,384
2692,2025-11-30,303
2692,2025-12-01,331
2692,2025-12-02,594
2692,2025-12-03,641
2692,2025-12-04,816
2692,2025-12-05,190
2692,2025-12-06,105
2692,2025-12-07,79
2692,2025-12-08,98
2692,2025-12-09,112
2692,2025-12-10,242
2692,2025-12-11,398
2692,2025-12-12,66
2692,2025-12-13,231
2692,2025-12-14,306
2692,2025-12-15,166
2692,2025-12-16,347
2692,2025-12-17,799
2692,2025-12-18,588
2692,2025-12-19,339
2692,2025-12-20,457
2692,2025-12-21,362
2728,2025-11-22,209
2728,2025-11-23,179
2728,2025-11-24,196
2728,2025-11-25,199
2728,2025-11-26,212
2728,2025-11-27,177
2728,2025-11-28,72
2728,2025-11-29,118
2728,2025-11-30,107
2728,2025-12-01,109
2728,2025-12-02,113
2728,2025-12-03,96
2728,2025-12-04,67
2728,2025-12-05,35
2728,2025-12-06,64
2728,2025-12-07,72
2728,2025-12-08,104
2728,2025-12-09,118
2728,2025-12-10,104
2728,2025-12-11,63
2728,2025-12-12,58
2728,2025-12-13,74
2728,2025-12-14,66
2728,2025-12-15,80
2728,2025-12-16,122
2728,2025-12-17,134
2728,2025-12-18,159
2728,2025-12-19,157
2728,2025-12-20,101
2728,2025-12-21,21
2730,2025-11-22,1
2730,2025-11-23,1
2730,2025-11-24,3
2730,2025-11-25,2
2730,2025-11-26,2
2730,2025-11-27,5
2730,2025-11-28,3
2730,2025-11-29,3
2730,2025-11-30,4
2730,2025-12-01,4
2730,2025-12-02,9
2730,2025-12-03,5
2730,2025-12-04,6
2730,2025-12-05,1
2730,2025-12-06,1
2730,2025-12-07,1
2730,2025-12-08,8
2730,2025-12-09,1
2730,2025-12-10,1
2730,2025-12-11,1
2730,2025-12-12,1
2730,2025-12-13,1
2730,2025-12-14,2
2730,2025-12-15,2
2730,2025-12-16,2
2730,2025-12-17,2
2730,2025-12-18,2
2730,2025-12-19,2
2730,2025-12-20,2
2730,2025-12-21,2
2751,2025-11-22,20
2751,2025-11-23,15
2751,2025-11-24,12
2751,2025-11-25,22
2751,2025-11-26,23
2751,2025-11-27,19
2751,2025-11-28,4
2751,2025-11-29,10
2751,2025-11-30,19
2751,2025-12-01,5
2751,2025-12-02,11
2751,2025-12-03,30
2751,2025-12-04,33
2751,2025-12-05,7
2751,2025-12-06,8
2751,2025-12-07,8
2751,2025-12-08,23
2751,2025-12-09,23
2751,2025-12-10,23
2751,2025-12-11,26
2751,2025-12-12,26
2751,2025-12-13,26
2751,2025-12-14,26
2751,2025-12-15,28
2751,2025-12-16,29
2751,2025-12-17,30
2751,2025-12-18,72
2751,2025-12-19,31
2751,2025-12-20,32
2751,2025-12-21,33
2778,2025-11-22,4003
2778,2025-11-23,3349
2778,2025-11-24,3363
2778,2025-11-25,3734
2778,2025-11-26,4716
2778,2025-11-27,4445
2778,2025-11-28,1848
2778,2025-11-29,2225
2778,2025-11-30,2194
2778,2025-12-01,2156
2778,2025-12-02,2368
2778,2025-12-03,2654
2778,2025-12-04,3303
2778,2025-12-05,1893
2778,2025-12-06,1827
2778,2025-12-07,1957
2778,2025-12-08,2102
2778,2025-12-09,2029
2778,2025-12-10,2538
2778,2025-12-11,2862
2778,2025-12-12,1925
2778,2025-12-13,1550
2778,2025-12-14,1151
2778,2025-12-15,1355
2778,2025-12-16,1851
2778,2025-12-17,2311
2778,2025-12-18,3178
2778,2025-12-19,2127
2778,2025-12-20,1784
2778,2025-12-21,1036
2852,2025-11-22,29
2852,2025-11-23,24
2852,2025-11-24,24
2852,2025-11-25,17
2852,2025-11-26,5
2852,2025-11-27,17
2852,2025-11-28,6
2852,2025-11-29,44
2852,2025-11-30,33
2852,2025-12-01,36
2852,2025-12-02,3
2852,2025-12-03,3
2852,2025-12-04,3
2852,2025-12-05,4
2852,2025-12-06,4
2852,2025-12-07,4
2852,2025-12-08,5
2852,2025-12-09,5
2852,2025-12-10,27
2852,2025-12-11,29
2852,2025-12-12,6
2852,2025-12-13,7
2852,2025-12-14,7
2852,2025-12-15,8
2852,2025-12-16,9
2852,2025-12-17,48
2852,2025-12-18,52
2852,2025-12-19,11
2852,2025-12-20,12
2852,2025-12-21,22
2854,2025-11-22,17
2854,2025-11-23,14
2854,2025-11-24,7
2854,2025-11-25,13
2854,2025-11-26,19
2854,2025-11-27,15
2854,2025-11-28,7
2854,2025-11-29,10
2854,2025-11-30,14
2854,2025-12-01,9
2854,2025-12-02,6
2854,2025-12-03,6
2854,2025-12-04,7
2854,2025-12-05,7
2854,2025-12-06,8
2854,2025-12-07,8
2854,2025-12-08,8
2854,2025-12-09,8
2854,2025-12-10,9
2854,2025-12-11,14
2854,2025-12-12,15
2854,2025-12-13,16
2854,2025-12-14,11
2854,2025-12-15,11
2854,2025-12-16,12
2854,2025-12-17,14
2854,2025-12-18,15
2854,2025-12-19,15
2854,2025-12-20,15
2854,2025-12-21,16
2894,2025-11-22,0
2894,2025-11-23,0
2894,2025-11-24,0
2894,2025-11-25,0
2894,2025-11-26,0
2894,2025-11-27,0
2894,2025-11-28,0
2894,2025-11-29,0
2894,2025-11-30,0
2894,2025-12-01,0
2894,2025-12-02,0
2894,2025-12-03,0
2894,2025-12-04,0
2894,2025-12-05,0
2894,2025-12-06,0
2894,2025-12-07,0
2894,2025-12-08,0
2894,2025-12-09,0
2894,2025-12-10,0
2894,2025-12-11,0
2894,2025-12-12,0
2894,2025-12-13,0
2894,2025-12-14,0
2894,2025-12-15,0
2894,2025-12-16,0
2894,2025-12-17,0
2894,2025-12-18,0
2894,2025-12-19,0
2894,2025-12-20,0
2894,2025-12-21,0
2908,2025-11-22,0
2908,2025-11-23,0
2908,2025-11-24,0
2908,2025-11-25,0
2908,2025-11-26,0
2908,2025-11-27,0
2908,2025-11-28,0
2908,2025-11-29,0
2908,2025-11-30,0
2908,2025-12-01,0
2908,2025-12-02,0
2908,2025-12-03,0
2908,2025-12-04,0
2908,2025-12-05,0
2908,2025-12-06,0
2908,2025-12-07,0
2908,2025-12-08,0
2908,2025-12-09,0
2908,2025-12-10,0
2908,2025-12-11,0
2908,2025-12-12,0
2908,2025-12-13,0
2908,2025-12-14,0
2908,2025-12-15,0
2908,2025-12-16,0
2908,2025-12-17,0
2908,2025-12-18,0
2908,2025-12-19,0
2908,2025-12-20,0
2908,2025-12-21,0
2949,2025-11-22,2382
2949,2025-11-23,3499
2949,2025-11-24,2876
2949,2025-11-25,2105
2949,2025-11-26,2706
2949,2025-11-27,10739
2949,2025-11-28,2427
2949,2025-11-29,1665
2949,2025-11-30,1312
2949,2025-12-01,2109
2949,2025-12-02,2372
2949,2025-12-03,2424
2949,2025-12-04,10572
2949,2025-12-05,4242
2949,2025-12-06,2490
2949,2025-12-07,1836
2949,2025-12-08,2576
2949,2025-12-09,2373
2949,2025-12-10,2443
2949,2025-12-11,11765
2949,2025-12-12,3458
2949,2025-12-13,3113
2949,2025-12-14,1732
2949,2025-12-15,2060
2949,2025-12-16,3565
2949,2025-12-17,4071
2949,2025-12-18,20577
2949,2025-12-19,5112
2949,2025-12-20,4000
2949,2025-12-21,11273
2951,2025-11-22,0
2951,2025-11-23,0
2951,2025-11-24,0
2951,2025-11-25,0
2951,2025-11-26,0
2951,2025-11-27,0
2951,2025-11-28,0
2951,2025-11-29,0
2951,2025-11-30,0
2951,2025-12-01,0
2951,2025-12-02,0
2951,2025-12-03,0
2951,2025-12-04,0
2951,2025-12-05,0
2951,2025-12-06,0
2951,2025-12-07,0
2951,2025-12-08,0
2951,2025-12-09,0
2951,2025-12-10,0
2951,2025-12-11,0
2951,2025-12-12,0
2951,2025-12-13,0
2951,2025-12-14,0
2951,2025-12-15,0
2951,2025-12-16,0
2951,2025-12-17,0
2951,2025-12-18,0
2951,2025-12-19,0
2951,2025-12-20,0
2951,2025-12-21,0
2969,2025-11-22,88
2969,2025-11-23,127
2969,2025-11-24,117
2969,2025-11-25,95
2969,2025-11-26,157
2969,2025-11-27,323
2969,2025-11-28,150
2969,2025-11-29,127
2969,2025-11-30,113
2969,2025-12-01,163
2969,2025-12-02,159
2969,2025-12-03,86
2969,2025-12-04,129
2969,2025-12-05,161
2969,2025-12-06,47
2969,2025-12-07,76
2969,2025-12-08,68
2969,2025-12-09,66
2969,2025-12-10,126
2969,2025-12-11,102
2969,2025-12-12,109
2969,2025-12-13,98
2969,2025-12-14,116
2969,2025-12-15,114
2969,2025-12-16,123
2969,2025-12-17,240
2969,2025-12-18,463
2969,2025-12-19,141
2969,2025-12-20,273
2969,2025-12-21,242
2992,2025-11-22,0
2992,2025-11-23,1
2992,2025-11-24,0
2992,2025-11-25,0
2992,2025-11-26,0
2992,2025-11-27,0
2992,2025-11-28,0
2992,2025-11-29,0
2992,2025-11-30,0
2992,2025-12-01,0
2992,2025-12-02,0
2992,2025-12-03,0
2992,2025-12-04,0
2992,2025-12-05,0
2992,2025-12-06,0
2992,2025-12-07,0
2992,2025-12-08,0
2992,2025-12-09,0
2992,2025-12-10,0
2992,2025-12-11,0
2992,2025-12-12,0
2992,2025-12-13,0
2992,2025-12-14,0
2992,2025-12-15,0
2992,2025-12-16,0
2992,2025-12-17,0
2992,2025-12-18,0
2992,2025-12-19,0
2992,2025-12-20,0
2992,2025-12-21,0
3042,2025-11-22,64
3042,2025-11-23,68
3042,2025-11-24,32
3042,2025-11-25,28
3042,2025-11-26,34
3042,2025-11-27,124
3042,2025-11-28,27
3042,2025-11-29,30
3042,2025-11-30,29
3042,2025-12-01,18
3042,2025-12-02,50
3042,2025-12-03,46
3042,2025-12-04,51
3042,2025-12-05,40
3042,2025-12-06,32
3042,2025-12-07,35
3042,2025-12-08,44
3042,2025-12-09,34
3042,2025-12-10,124
3042,2025-12-11,72
3042,2025-12-12,61
3042,2025-12-13,66
3042,2025-12-14,51
3042,2025-12-15,56
3042,2025-12-16,61
3042,2025-12-17,108
3042,2025-12-18,177
3042,2025-12-19,80
3042,2025-12-20,158
3042,2025-12-21,58
3109,2025-11-22,0
3109,2025-11-23,0
3109,2025-11-24,0
3109,2025-11-25,0
3109,2025-11-26,0
3109,2025-11-27,0
3109,2025-11-28,0
3109,2025-11-29,0
3109,2025-11-30,0
3109,2025-12-01,0
3109,2025-12-02,0
3109,2025-12-03,0
3109,2025-12-04,0
3109,2025-12-05,0
3109,2025-12-06,0
3109,2025-12-07,0
3109,2025-12-08,0
3109,2025-12-09,0
3109,2025-12-10,0
3109,2025-12-11,0
3109,2025-12-12,0
3109,2025-12-13,0
3109,2025-12-14,0
3109,2025-12-15,0
3109,2025-12-16,0
3109,2025-12-17,0
3109,2025-12-18,0
3109,2025-12-19,0
3109,2025-12-20,0
3109,2025-12-21,0
3124,2025-11-22,537
3124,2025-11-23,489
3124,2025-11-24,318
3124,2025-11-25,386
3124,2025-11-26,504
3124,2025-11-27,471
3124,2025-11-28,209
3124,2025-11-29,167
3124,2025-11-30,175
3124,2025-12-01,234
3124,2025-12-02,338
3124,2025-12-03,401
3124,2025-12-04,478
3124,2025-12-05,231
3124,2025-12-06,215
3124,2025-12-07,124
3124,2025-12-08,140
3124,2025-12-09,151
3124,2025-12-10,148
3124,2025-12-11,196
3124,2025-12-12,78
3124,2025-12-13,83
3124,2025-12-14,180
3124,2025-12-15,194
3124,2025-12-16,220
3124,2025-12-17,319
3124,2025-12-18,432
3124,2025-12-19,67
3124,2025-12-20,144
3124,2025-12-21,203
3127,2025-11-22,0
3127,2025-11-23,0
3127,2025-11-24,0
3127,2025-11-25,0
3127,2025-11-26,0
3127,2025-11-27,0
3127,2025-11-28,0
3127,2025-11-29,0
3127,2025-11-30,0
3127,2025-12-01,0
3127,2025-12-02,0
3127,2025-12-03,0
3127,2025-12-04,0
3127,2025-12-05,0
3127,2025-12-06,0
3127,2025-12-07,0
3127,2025-12-08,0
3127,2025-12-09,0
3127,2025-12-10,0
3127,2025-12-11,0
3127,2025-12-12,0
3127,2025-12-13,0
3127,2025-12-14,0
3127,2025-12-15,0
3127,2025-12-16,0
3127,2025-12-17,0
3127,2025-12-18,0
3127,2025-12-19,0
3127,2025-12-20,0
3127,2025-12-21,0
3140,2025-11-22,114
3140,2025-11-23,162
3140,2025-11-24,119
3140,2025-11-25,88
3140,2025-11-26,151
3140,2025-11-27,336
3140,2025-11-28,108
3140,2025-11-29,19
3140,2025-11-30,47
3140,2025-12-01,75
3140,2025-12-02,78
3140,2025-12-03,103
3140,2025-12-04,182
3140,2025-12-05,89
3140,2025-12-06,30
3140,2025-12-07,16
3140,2025-12-08,52
3140,2025-12-09,28
3140,2025-12-10,102
3140,2025-12-11,143
3140,2025-12-12,47
3140,2025-12-13,38
3140,2025-12-14,41
3140,2025-12-15,118
3140,2025-12-16,159
3140,2025-12-17,206
3140,2025-12-18,430
3140,2025-12-19,142
3140,2025-12-20,198
3140,2025-12-21,72
3217,2025-11-22,60
3217,2025-11-23,91
3217,2025-11-24,108
3217,2025-11-25,86
3217,2025-11-26,78
3217,2025-11-27,335
3217,2025-11-28,56
3217,2025-11-29,70
3217,2025-11-30,48
3217,2025-12-01,77
3217,2025-12-02,21
3217,2025-12-03,70
3217,2025-12-04,241
3217,2025-12-05,117
3217,2025-12-06,59
3217,2025-12-07,40
3217,2025-12-08,86
3217,2025-12-09,65
3217,2025-12-10,81
3217,2025-12-11,232
3217,2025-12-12,12
3217,2025-12-13,13
3217,2025-12-14,14
3217,2025-12-15,15
3217,2025-12-16,66
3217,2025-12-17,18
3217,2025-12-18,314
3217,2025-12-19,86
3217,2025-12-20,116
3217,2025-12-21,178
3312,2025-11-22,51
3312,2025-11-23,65
3312,2025-11-24,49
3312,2025-11-25,42
3312,2025-11-26,51
3312,2025-11-27,62
3312,2025-11-28,38
3312,2025-11-29,33
3312,2025-11-30,55
3312,2025-12-01,36
3312,2025-12-02,31
3312,2025-12-03,29
3312,2025-12-04,36
3312,2025-12-05,44
3312,2025-12-06,64
3312,2025-12-07,46
3312,2025-12-08,49
3312,2025-12-09,47
3312,2025-12-10,43
3312,2025-12-11,94
3312,2025-12-12,101
3312,2025-12-13,109
3312,2025-12-14,39
3312,2025-12-15,64
3312,2025-12-16,70
3312,2025-12-17,51
3312,2025-12-18,83
3312,2025-12-19,45
3312,2025-12-20,33
3312,2025-12-21,56
3333,2025-11-22,681
3333,2025-11-23,662
3333,2025-11-24,565
3333,2025-11-25,731
3333,2025-11-26,678
3333,2025-11-27,997
3333,2025-11-28,341
3333,2025-11-29,310
3333,2025-11-30,215
3333,2025-12-01,327
3333,2025-12-02,457
3333,2025-12-03,446
3333,2025-12-04,585
3333,2025-12-05,201
3333,2025-12-06,266
3333,2025-12-07,250
3333,2025-12-08,349
3333,2025-12-09,247
3333,2025-12-10,572
3333,2025-12-11,753
3333,2025-12-12,285
3333,2025-12-13,365
3333,2025-12-14,278
3333,2025-12-15,301
3333,2025-12-16,442
3333,2025-12-17,319
3333,2025-12-18,632
3333,2025-12-19,270
3333,2025-12-20,278
3333,2025-12-21,143
3351,2025-11-22,0
3351,2025-11-23,1
3351,2025-11-24,1
3351,2025-11-25,0
3351,2025-11-26,0
3351,2025-11-27,0
3351,2025-11-28,0
3351,2025-11-29,0
3351,2025-11-30,0
3351,2025-12-01,0
3351,2025-12-02,0
3351,2025-12-03,0
3351,2025-12-04,4
3351,2025-12-05,1
3351,2025-12-06,1
3351,2025-12-07,1
3351,2025-12-08,1
3351,2025-12-09,1
3351,2025-12-10,1
3351,2025-12-11,1
3351,2025-12-12,1
3351,2025-12-13,1
3351,2025-12-14,2
3351,2025-12-15,2
3351,2025-12-16,2
3351,2025-12-17,2
3351,2025-12-18,2
3351,2025-12-19,2
3351,2025-12-20,2
3351,2025-12-21,12
3364,2025-11-22,8
3364,2025-11-23,7
3364,2025-11-24,10
3364,2025-11-25,10
3364,2025-11-26,5
3364,2025-11-27,5
3364,2025-11-28,6
3364,2025-11-29,6
3364,2025-11-30,6
3364,2025-12-01,7
3364,2025-12-02,9
3364,2025-12-03,10
3364,2025-12-04,6
3364,2025-12-05,10
3364,2025-12-06,10
3364,2025-12-07,7
3364,2025-12-08,8
3364,2025-12-09,11
3364,2025-12-10,12
3364,2025-12-11,12
3364,2025-12-12,12
3364,2025-12-13,13
3364,2025-12-14,13
3364,2025-12-15,13
3364,2025-12-16,14
3364,2025-12-17,15
3364,2025-12-18,35
3364,2025-12-19,17
3364,2025-12-20,18
3364,2025-12-21,18
3365,2025-11-22,487
3365,2025-11-23,987
3365,2025-11-24,757
3365,2025-11-25,731
3365,2025-11-26,1048
3365,2025-11-27,2923
3365,2025-11-28,711
3365,2025-11-29,392
3365,2025-11-30,466
3365,2025-12-01,532
3365,2025-12-02,488
3365,2025-12-03,738
3365,2025-12-04,2913
3365,2025-12-05,1319
3365,2025-12-06,518
3365,2025-12-07,284
3365,2025-12-08,414
3365,2025-12-09,665
3365,2025-12-10,561
3365,2025-12-11,2772
3365,2025-12-12,895
3365,2025-12-13,531
3365,2025-12-14,402
3365,2025-12-15,583
3365,2025-12-16,875
3365,2025-12-17,1345
3365,2025-12-18,5645
3365,2025-12-19,1420
3365,2025-12-20,1021
3365,2025-12-21,1239
3382,2025-11-22,6
3382,2025-11-23,8
3382,2025-11-24,1
3382,2025-11-25,1
3382,2025-11-26,2
3382,2025-11-27,2
3382,2025-11-28,2
3382,2025-11-29,3
3382,2025-11-30,3
3382,2025-12-01,3
3382,2025-12-02,3
3382,2025-12-03,4
3382,2025-12-04,4
3382,2025-12-05,4
3382,2025-12-06,5
3382,2025-12-07,5
3382,2025-12-08,11
3382,2025-12-09,5
3382,2025-12-10,6
3382,2025-12-11,6
3382,2025-12-12,6
3382,2025-12-13,6
3382,2025-12-14,7
3382,2025-12-15,7
3382,2025-12-16,7
3382,2025-12-17,7
3382,2025-12-18,7
3382,2025-12-19,8
3382,2025-12-20,8
3382,2025-12-21,8
3396,2025-11-22,0
3396,2025-11-23,0
3396,2025-11-24,0
3396,2025-11-25,0
3396,2025-11-26,0
3396,2025-11-27,0
3396,2025-11-28,0
3396,2025-11-29,0
3396,2025-11-30,1
3396,2025-12-01,1
3396,2025-12-02,1
3396,2025-12-03,1
3396,2025-12-04,1
3396,2025-12-05,1
3396,2025-12-06,1
3396,2025-12-07,1
3396,2025-12-08,1
3396,2025-12-09,1
3396,2025-12-10,1
3396,2025-12-11,1
3396,2025-12-12,1
3396,2025-12-13,1
3396,2025-12-14,1
3396,2025-12-15,1
3396,2025-12-16,1
3396,2025-12-17,1
3396,2025-12-18,1
3396,2025-12-19,1
3396,2025-12-20,1
3396,2025-12-21,1
3456,2025-11-22,5
3456,2025-11-23,3
3456,2025-11-24,4
3456,2025-11-25,4
3456,2025-11-26,4
3456,2025-11-27,5
3456,2025-11-28,5
3456,2025-11-29,6
3456,2025-11-30,6
3456,2025-12-01,6
3456,2025-12-02,7
3456,2025-12-03,7
3456,2025-12-04,8
3456,2025-12-05,8
3456,2025-12-06,9
3456,2025-12-07,9
3456,2025-12-08,10
3456,2025-12-09,11
3456,2025-12-10,11
3456,2025-12-11,12
3456,2025-12-12,13
3456,2025-12-13,14
3456,2025-12-14,15
3456,2025-12-15,16
3456,2025-12-16,17
3456,2025-12-17,18
3456,2025-12-18,20
3456,2025-12-19,21
3456,2025-12-20,23
3456,2025-12-21,25
3478,2025-11-22,7
3478,2025-11-23,3
3478,2025-11-24,6
3478,2025-11-25,2
3478,2025-11-26,3
3478,2025-11-27,4
3478,2025-11-28,4
3478,2025-11-29,5
3478,2025-11-30,5
3478,2025-12-01,5
3478,2025-12-02,6
3478,2025-12-03,8
3478,2025-12-04,8
3478,2025-12-05,7
3478,2025-12-06,10
3478,2025-12-07,26
3478,2025-12-08,8
3478,2025-12-09,8
3478,2025-12-10,13
3478,2025-12-11,14
3478,2025-12-12,23
3478,2025-12-13,25
3478,2025-12-14,18
3478,2025-12-15,19
3478,2025-12-16,13
3478,2025-12-17,13
3478,2025-12-18,12
3478,2025-12-19,14
3478,2025-12-20,14
3478,2025-12-21,14
3523,2025-11-22,4505
3523,2025-11-23,3957
3523,2025-11-24,3221
3523,2025-11-25,3412
3523,2025-11-26,5103
3523,2025-11-27,5157
3523,2025-11-28,2012
3523,2025-11-29,1783
3523,2025-11-30,2032
3523,2025-12-01,1648
3523,2025-12-02,1992
3523,2025-12-03,2744
3523,2025-12-04,3121
3523,2025-12-05,1405
3523,2025-12-06,1734
3523,2025-12-07,1615
3523,2025-12-08,1685
3523,2025-12-09,1756
3523,2025-12-10,2293
3523,2025-12-11,2954
3523,2025-12-12,2110
3523,2025-12-13,2099
3523,2025-12-14,2052
3523,2025-12-15,2048
3523,2025-12-16,2820
3523,2025-12-17,3353
3523,2025-12-18,3934
3523,2025-12-19,2247
3523,2025-12-20,2148
3523,2025-12-21,1376
3578,2025-11-22,0
3578,2025-11-23,0
3578,2025-11-24,0
3578,2025-11-25,0
3578,2025-11-26,0
3578,2025-11-27,0
3578,2025-11-28,0
3578,2025-11-29,0
3578,2025-11-30,0
3578,2025-12-01,0
3578,2025-12-02,0
3578,2025-12-03,0
3578,2025-12-04,0
3578,2025-12-05,0
3578,2025-12-06,0
3578,2025-12-07,0
3578,2025-12-08,0
3578,2025-12-09,0
3578,2025-12-10,0
3578,2025-12-11,0
3578,2025-12-12,0
3578,2025-12-13,0
3578,2025-12-14,0
3578,2025-12-15,0
3578,2025-12-16,0
3578,2025-12-17,0
3578,2025-12-18,0
3578,2025-12-19,0
3578,2025-12-20,0
3578,2025-12-21,0
3617,2025-11-22,2
3617,2025-11-23,3
3617,2025-11-24,3
3617,2025-11-25,4
3617,2025-11-26,4
3617,2025-11-27,5
3617,2025-11-28,5
3617,2025-11-29,6
3617,2025-11-30,6
3617,2025-12-01,7
3617,2025-12-02,7
3617,2025-12-03,15
3617,2025-12-04,16
3617,2025-12-05,9
3617,2025-12-06,9
3617,2025-12-07,10
3617,2025-12-08,11
3617,2025-12-09,11
3617,2025-12-10,12
3617,2025-12-11,13
3617,2025-12-12,14
3617,2025-12-13,15
3617,2025-12-14,16
3617,2025-12-15,17
3617,2025-12-16,18
3617,2025-12-17,19
3617,2025-12-18,21
3617,2025-12-19,22
3617,2025-12-20,24
3617,2025-12-21,2
3723,2025-11-22,63
3723,2025-11-23,54
3723,2025-11-24,60
3723,2025-11-25,64
3723,2025-11-26,66
3723,2025-11-27,62
3723,2025-11-28,38
3723,2025-11-29,29
3723,2025-11-30,37
3723,2025-12-01,35
3723,2025-12-02,40
3723,2025-12-03,37
3723,2025-12-04,28
3723,2025-12-05,18
3723,2025-12-06,19
3723,2025-12-07,10
3723,2025-12-08,21
3723,2025-12-09,23
3723,2025-12-10,16
3723,2025-12-11,13
3723,2025-12-12,14
3723,2025-12-13,24
3723,2025-12-14,31
3723,2025-12-15,33
3723,2025-12-16,42
3723,2025-12-17,39
3723,2025-12-18,28
3723,2025-12-19,8
3723,2025-12-20,25
3723,2025-12-21,22
3752,2025-11-22,0
3752,2025-11-23,0
3752,2025-11-24,0
3752,2025-11-25,0
3752,2025-11-26,0
3752,2025-11-27,0
3752,2025-11-28,0
3752,2025-11-29,0
3752,2025-11-30,0
3752,2025-12-01,0
3752,2025-12-02,0
3752,2025-12-03,0
3752,2025-12-04,0
3752,2025-12-05,0
3752,2025-12-06,0
3752,2025-12-07,0
3752,2025-12-08,0
3752,2025-12-09,0
3752,2025-12-10,0
3752,2025-12-11,0
3752,2025-12-12,0
3752,2025-12-13,0
3752,2025-12-14,0
3752,2025-12-15,0
3752,2025-12-16,0
3752,2025-12-17,0
3752,2025-12-18,0
3752,2025-12-19,0
3752,2025-12-20,0
3752,2025-12-21,0
3771,2025-11-22,6
3771,2025-11-23,1
3771,2025-11-24,1
3771,2025-11-25,2
3771,2025-11-26,2
3771,2025-11-27,3
3771,2025-11-28,3
3771,2025-11-29,3
3771,2025-11-30,3
3771,2025-12-01,3
3771,2025-12-02,3
3771,2025-12-03,4
3771,2025-12-04,5
3771,2025-12-05,5
3771,2025-12-06,5
3771,2025-12-07,5
3771,2025-12-08,6
3771,2025-12-09,6
3771,2025-12-10,6
3771,2025-12-11,6
3771,2025-12-12,6
3771,2025-12-13,6
3771,2025-12-14,7
3771,2025-12-15,7
3771,2025-12-16,7
3771,2025-12-17,7
3771,2025-12-18,7
3771,2025-12-19,8
3771,2025-12-20,8
3771,2025-12-21,8
3832,2025-11-22,2
3832,2025-11-23,3
3832,2025-11-24,1
3832,2025-11-25,1
3832,2025-11-26,1
3832,2025-11-27,2
3832,2025-11-28,2
3832,2025-11-29,2
3832,2025-11-30,2
3832,2025-12-01,3
3832,2025-12-02,3
3832,2025-12-03,3
3832,2025-12-04,3
3832,2025-12-05,3
3832,2025-12-06,3
3832,2025-12-07,3
3832,2025-12-08,3
3832,2025-12-09,3
3832,2025-12-10,3
3832,2025-12-11,4
3832,2025-12-12,4
3832,2025-12-13,4
3832,2025-12-14,4
3832,2025-12-15,4
3832,2025-12-16,4
3832,2025-12-17,4
3832,2025-12-18,4
3832,2025-12-19,4
3832,2025-12-20,4
3832,2025-12-21,4
3837,2025-11-22,15
3837,2025-11-23,17
3837,2025-11-24,16
3837,2025-11-25,18
3837,2025-11-26,21
3837,2025-11-27,17
3837,2025-11-28,16
3837,2025-11-29,17
3837,2025-11-30,19
3837,2025-12-01,12
3837,2025-12-02,13
3837,2025-12-03,14
3837,2025-12-04,15
3837,2025-12-05,16
3837,2025-12-06,13
3837,2025-12-07,6
3837,2025-12-08,6
3837,2025-12-09,6
3837,2025-12-10,6
3837,2025-12-11,6
3837,2025-12-12,7
3837,2025-12-13,7
3837,2025-12-14,7
3837,2025-12-15,7
3837,2025-12-16,7
3837,2025-12-17,8
3837,2025-12-18,29
3837,2025-12-19,8
3837,2025-12-20,8
3837,2025-12-21,8
3870,2025-11-22,8
3870,2025-11-23,3
3870,2025-11-24,12
3870,2025-11-25,13
3870,2025-11-26,19
3870,2025-11-27,19
3870,2025-11-28,5
3870,2025-11-29,3
3870,2025-11-30,3
3870,2025-12-01,3
3870,2025-12-02,4
3870,2025-12-03,4
3870,2025-12-04,4
3870,2025-12-05,4
3870,2025-12-06,14
3870,2025-12-07,10
3870,2025-12-08,5
3870,2025-12-09,5
3870,2025-12-10,13
3870,2025-12-11,34
3870,2025-12-12,6
3870,2025-12-13,6
3870,2025-12-14,6
3870,2025-12-15,6
3870,2025-12-16,6
3870,2025-12-17,6
3870,2025-12-18,6
3870,2025-12-19,6
3870,2025-12-20,7
3870,2025-12-21,7
3892,2025-11-22,469
3892,2025-11-23,525
3892,2025-11-24,520
3892,2025-11-25,564
3892,2025-11-26,772
3892,2025-11-27,853
3892,2025-11-28,569
3892,2025-11-29,496
3892,2025-11-30,521
3892,2025-12-01,340
3892,2025-12-02,315
3892,2025-12-03,733
3892,2025-12-04,687
3892,2025-12-05,541
3892,2025-12-06,468
3892,2025-12-07,280
3892,2025-12-08,323
3892,2025-12-09,234
3892,2025-12-10,168
3892,2025-12-11,293
3892,2025-12-12,179
3892,2025-12-13,184
3892,2025-12-14,206
3892,2025-12-15,121
3892,2025-12-16,141
3892,2025-12-17,273
3892,2025-12-18,355
3892,2025-12-19,475
3892,2025-12-20,656
3892,2025-12-21,91
3914,2025-11-22,87
3914,2025-11-23,116
3914,2025-11-24,60
3914,2025-11-25,60
3914,2025-11-26,66
3914,2025-11-27,161
3914,2025-11-28,89
3914,2025-11-29,87
3914,2025-11-30,70
3914,2025-12-01,89
3914,2025-12-02,87
3914,2025-12-03,136
3914,2025-12-04,215
3914,2025-12-05,158
3914,2025-12-06,120
3914,2025-12-07,194
3914,2025-12-08,221
3914,2025-12-09,218
3914,2025-12-10,260
3914,2025-12-11,486
3914,2025-12-12,303
3914,2025-12-13,222
3914,2025-12-14,208
3914,2025-12-15,261
3914,2025-12-16,246
3914,2025-12-17,269
3914,2025-12-18,361
3914,2025-12-19,320
3914,2025-12-20,349
3914,2025-12-21,88
3927,2025-11-22,2
3927,2025-11-23,1
3927,2025-11-24,2
3927,2025-11-25,2
3927,2025-11-26,2
3927,2025-11-27,4
3927,2025-11-28,2
3927,2025-11-29,2
3927,2025-11-30,3
3927,2025-12-01,4
3927,2025-12-02,4
3927,2025-12-03,4
3927,2025-12-04,7
3927,2025-12-05,8
3927,2025-12-06,5
3927,2025-12-07,5
3927,2025-12-08,5
3927,2025-12-09,6
3927,2025-12-10,6
3927,2025-12-11,6
3927,2025-12-12,6
3927,2025-12-13,20
3927,2025-12-14,22
3927,2025-12-15,39
3927,2025-12-16,25
3927,2025-12-17,27
3927,2025-12-18,29
3927,2025-12-19,6
3927,2025-12-20,6
3927,2025-12-21,6
3933,2025-11-22,57
3933,2025-11-23,55
3933,2025-11-24,26
3933,2025-11-25,28
3933,2025-11-26,38
3933,2025-11-27,60
3933,2025-11-28,5
3933,2025-11-29,3
3933,2025-11-30,10
3933,2025-12-01,18
3933,2025-12-02,8
3933,2025-12-03,70
3933,2025-12-04,82
3933,2025-12-05,16
3933,2025-12-06,41
3933,2025-12-07,38
3933,2025-12-08,14
3933,2025-12-09,23
3933,2025-12-10,50
3933,2025-12-11,91
3933,2025-12-12,20
3933,2025-12-13,11
3933,2025-12-14,12
3933,2025-12-15,13
3933,2025-12-16,28
3933,2025-12-17,123
3933,2025-12-18,133
3933,2025-12-19,18
3933,2025-12-20,20
3933,2025-12-21,36
3935,2025-11-22,0
3935,2025-11-23,0
3935,2025-11-24,0
3935,2025-11-25,0
3935,2025-11-26,0
3935,2025-11-27,0
3935,2025-11-28,0
3935,2025-11-29,0
3935,2025-11-30,0
3935,2025-12-01,0
3935,2025-12-02,0
3935,2025-12-03,0
3935,2025-12-04,0
3935,2025-12-05,0
3935,2025-12-06,0
3935,2025-12-07,0
3935,2025-12-08,0
3935,2025-12-09,0
3935,2025-12-10,0
3935,2025-12-11,0
3935,2025-12-12,0
3935,2025-12-13,0
3935,2025-12-14,0
3935,2025-12-15,0
3935,2025-12-16,0
3935,2025-12-17,0
3935,2025-12-18,0
3935,2025-12-19,0
3935,2025-12-20,0
3935,2025-12-21,0
4078,2025-11-22,0
4078,2025-11-23,0
4078,2025-11-24,0
4078,2025-11-25,0
4078,2025-11-26,0
4078,2025-11-27,0
4078,2025-11-28,0
4078,2025-11-29,0
4078,2025-11-30,0
4078,2025-12-01,0
4078,2025-12-02,0
4078,2025-12-03,0
4078,2025-12-04,0
4078,2025-12-05,0
4078,2025-12-06,0
4078,2025-12-07,0
4078,2025-12-08,0
4078,2025-12-09,0
4078,2025-12-10,0
4078,2025-12-11,0
4078,2025-12-12,0
4078,2025-12-13,0
4078,2025-12-14,0
4078,2025-12-15,0
4078,2025-12-16,0
4078,2025-12-17,0
4078,2025-12-18,0
4078,2025-12-19,0
4078,2025-12-20,0
4078,2025-12-21,0
4125,2025-11-22,4
4125,2025-11-23,1
4125,2025-11-24,1
4125,2025-11-25,1
4125,2025-11-26,1
4125,2025-11-27,2
4125,2025-11-28,2
4125,2025-11-29,2
4125,2025-11-30,2
4125,2025-12-01,2
4125,2025-12-02,2
4125,2025-12-03,2
4125,2025-12-04,12
4125,2025-12-05,4
4125,2025-12-06,3
4125,2025-12-07,3
4125,2025-12-08,3
4125,2025-12-09,3
4125,2025-12-10,3
4125,2025-12-11,51
4125,2025-12-12,3
4125,2025-12-13,3
4125,2025-12-14,3
4125,2025-12-15,3
4125,2025-12-16,3
4125,2025-12-17,3
4125,2025-12-18,3
4125,2025-12-19,3
4125,2025-12-20,3
4125,2025-12-21,3
4138,2025-11-22,7
4138,2025-11-23,7
4138,2025-11-24,9
4138,2025-11-25,5
4138,2025-11-26,6
4138,2025-11-27,12
4138,2025-11-28,2
4138,2025-11-29,2
4138,2025-11-30,3
4138,2025-12-01,3
4138,2025-12-02,6
4138,2025-12-03,7
4138,2025-12-04,15
4138,2025-12-05,16
4138,2025-12-06,4
4138,2025-12-07,4
4138,2025-12-08,10
4138,2025-12-09,5
4138,2025-12-10,6
4138,2025-12-11,6
4138,2025-12-12,6
4138,2025-12-13,7
4138,2025-12-14,7
4138,2025-12-15,8
4138,2025-12-16,11
4138,2025-12-17,11
4138,2025-12-18,12
4138,2025-12-19,12
4138,2025-12-20,12
4138,2025-12-21,61
4161,2025-11-22,147
4161,2025-11-23,99
4161,2025-11-24,102
4161,2025-11-25,155
4161,2025-11-26,292
4161,2025-11-27,285
4161,2025-11-28,48
4161,2025-11-29,50
4161,2025-11-30,118
4161,2025-12-01,110
4161,2025-12-02,104
4161,2025-12-03,27
4161,2025-12-04,15
4161,2025-12-05,21
4161,2025-12-06,64
4161,2025-12-07,69
4161,2025-12-08,74
4161,2025-12-09,63
4161,2025-12-10,31
4161,2025-12-11,116
4161,2025-12-12,107
4161,2025-12-13,105
4161,2025-12-14,10
4161,2025-12-15,33
4161,2025-12-16,214
4161,2025-12-17,64
4161,2025-12-18,41
4161,2025-12-19,30
4161,2025-12-20,112
4161,2025-12-21,104
4174,2025-11-22,0
4174,2025-11-23,0
4174,2025-11-24,0
4174,2025-11-25,0
4174,2025-11-26,0
4174,2025-11-27,0
4174,2025-11-28,0
4174,2025-11-29,0
4174,2025-11-30,0
4174,2025-12-01,0
4174,2025-12-02,0
4174,2025-12-03,0
4174,2025-12-04,0
4174,2025-12-05,0
4174,2025-12-06,0
4174,2025-12-07,0
4174,2025-12-08,0
4174,2025-12-09,0
4174,2025-12-10,0
4174,2025-12-11,7
4174,2025-12-12,0
4174,2025-12-13,0
4174,2025-12-14,0
4174,2025-12-15,0
4174,2025-12-16,0
4174,2025-12-17,0
4174,2025-12-18,0
4174,2025-12-19,0
4174,2025-12-20,0
4174,2025-12-21,0
4192,2025-11-22,12
4192,2025-11-23,21
4192,2025-11-24,23
4192,2025-11-25,54
4192,2025-11-26,77
4192,2025-11-27,70
4192,2025-11-28,2
4192,2025-11-29,3
4192,2025-11-30,6
4192,2025-12-01,10
4192,2025-12-02,7
4192,2025-12-03,26
4192,2025-12-04,60
4192,2025-12-05,42
4192,2025-12-06,4
4192,2025-12-07,5
4192,2025-12-08,10
4192,2025-12-09,5
4192,2025-12-10,12
4192,2025-12-11,6
4192,2025-12-12,16
4192,2025-12-13,17
4192,2025-12-14,15
4192,2025-12-15,18
4192,2025-12-16,27
4192,2025-12-17,29
4192,2025-12-18,11
4192,2025-12-19,21
4192,2025-12-20,21
4192,2025-12-21,22
4198,2025-11-22,41
4198,2025-11-23,35
4198,2025-11-24,8
4198,2025-11-25,16
4198,2025-11-26,5
4198,2025-11-27,13
4198,2025-11-28,4
4198,2025-11-29,4
4198,2025-11-30,7
4198,2025-12-01,8
4198,2025-12-02,14
4198,2025-12-03,15
4198,2025-12-04,17
4198,2025-12-05,9
4198,2025-12-06,9
4198,2025-12-07,9
4198,2025-12-08,10
4198,2025-12-09,11
4198,2025-12-10,13
4198,2025-12-11,33
4198,2025-12-12,17
4198,2025-12-13,18
4198,2025-12-14,19
4198,2025-12-15,32
4198,2025-12-16,22
4198,2025-12-17,24
4198,2025-12-18,25
4198,2025-12-19,25
4198,2025-12-20,27
4198,2025-12-21,27
4235,2025-11-22,558
4235,2025-11-23,492
4235,2025-11-24,384
4235,2025-11-25,347
4235,2025-11-26,484
4235,2025-11-27,466
4235,2025-11-28,249
4235,2025-11-29,333
4235,2025-11-30,354
4235,2025-12-01,327
4235,2025-12-02,223
4235,2025-12-03,329
4235,2025-12-04,416
4235,2025-12-05,295
4235,2025-12-06,382
4235,2025-12-07,301
4235,2025-12-08,411
4235,2025-12-09,313
4235,2025-12-10,297
4235,2025-12-11,248
4235,2025-12-12,107
4235,2025-12-13,106
4235,2025-12-14,114
4235,2025-12-15,113
4235,2025-12-16,182
4235,2025-12-17,326
4235,2025-12-18,374
4235,2025-12-19,63
4235,2025-12-20,162
4235,2025-12-21,15
4247,2025-11-22,12
4247,2025-11-23,12
4247,2025-11-24,8
4247,2025-11-25,9
4247,2025-11-26,11
4247,2025-11-27,25
4247,2025-11-28,8
4247,2025-11-29,3
4247,2025-11-30,4
4247,2025-12-01,4
4247,2025-12-02,4
4247,2025-12-03,5
4247,2025-12-04,5
4247,2025-12-05,6
4247,2025-12-06,6
4247,2025-12-07,7
4247,2025-12-08,15
4247,2025-12-09,24
4247,2025-12-10,17
4247,2025-12-11,19
4247,2025-12-12,10
4247,2025-12-13,11
4247,2025-12-14,11
4247,2025-12-15,12
4247,2025-12-16,13
4247,2025-12-17,15
4247,2025-12-18,16
4247,2025-12-19,17
4247,2025-12-20,19
4247,2025-12-21,19
4252,2025-11-22,347
4252,2025-11-23,287
4252,2025-11-24,301
4252,2025-11-25,346
4252,2025-11-26,396
4252,2025-11-27,363
4252,2025-11-28,132
4252,2025-11-29,137
4252,2025-11-30,147
4252,2025-12-01,117
4252,2025-12-02,98
4252,2025-12-03,206
4252,2025-12-04,262
4252,2025-12-05,241
4252,2025-12-06,214
4252,2025-12-07,294
4252,2025-12-08,299
4252,2025-12-09,223
4252,2025-12-10,226
4252,2025-12-11,158
4252,2025-12-12,147
4252,2025-12-13,149
4252,2025-12-14,133
4252,2025-12-15,95
4252,2025-12-16,82
4252,2025-12-17,110
4252,2025-12-18,71
4252,2025-12-19,151
4252,2025-12-20,136
4252,2025-12-21,73
4324,2025-11-22,5031
4324,2025-11-23,5057
4324,2025-11-24,4018
4324,2025-11-25,4210
4324,2025-11-26,6040
4324,2025-11-27,8120
4324,2025-11-28,2523
4324,2025-11-29,2639
4324,2025-11-30,2235
4324,2025-12-01,2240
4324,2025-12-02,2496
4324,2025-12-03,3829
4324,2025-12-04,5444
4324,2025-12-05,1570
4324,2025-12-06,1336
4324,2025-12-07,1298
4324,2025-12-08,1639
4324,2025-12-09,1791
4324,2025-12-10,2956
4324,2025-12-11,4264
4324,2025-12-12,1712
4324,2025-12-13,1438
4324,2025-12-14,1266
4324,2025-12-15,1169
4324,2025-12-16,1983
4324,2025-12-17,2796
4324,2025-12-18,3826
4324,2025-12-19,1986
4324,2025-12-20,3048
4324,2025-12-21,2082
4353,2025-11-22,4
4353,2025-11-23,5
4353,2025-11-24,8
4353,2025-11-25,10
4353,2025-11-26,9
4353,2025-11-27,6
4353,2025-11-28,3
4353,2025-11-29,6
4353,2025-11-30,8
4353,2025-12-01,5
4353,2025-12-02,6
4353,2025-12-03,8
4353,2025-12-04,2
4353,2025-12-05,2
4353,2025-12-06,5
4353,2025-12-07,7
4353,2025-12-08,11
4353,2025-12-09,14
4353,2025-12-10,6
4353,2025-12-11,3
4353,2025-12-12,3
4353,2025-12-13,7
4353,2025-12-14,4
4353,2025-12-15,8
4353,2025-12-16,4
4353,2025-12-17,4
4353,2025-12-18,5
4353,2025-12-19,5
4353,2025-12-20,5
4353,2025-12-21,6
4380,2025-11-22,4
4380,2025-11-23,1
4380,2025-11-24,1
4380,2025-11-25,2
4380,2025-11-26,3
4380,2025-11-27,5
4380,2025-11-28,6
4380,2025-11-29,4
4380,2025-11-30,4
4380,2025-12-01,4
4380,2025-12-02,4
4380,2025-12-03,5
4380,2025-12-04,11
4380,2025-12-05,5
4380,2025-12-06,5
4380,2025-12-07,5
4380,2025-12-08,6
4380,2025-12-09,6
4380,2025-12-10,18
4380,2025-12-11,20
4380,2025-12-12,7
4380,2025-12-13,7
4380,2025-12-14,7
4380,2025-12-15,7
4380,2025-12-16,7
4380,2025-12-17,7
4380,2025-12-18,52
4380,2025-12-19,57
4380,2025-12-20,8
4380,2025-12-21,8
4396,2025-11-22,0
4396,2025-11-23,0
4396,2025-11-24,0
4396,2025-11-25,0
4396,2025-11-26,0
4396,2025-11-27,1
4396,2025-11-28,1
4396,2025-11-29,1
4396,2025-11-30,1
4396,2025-12-01,1
4396,2025-12-02,1
4396,2025-12-03,1
4396,2025-12-04,1
4396,2025-12-05,1
4396,2025-12-06,1
4396,2025-12-07,1
4396,2025-12-08,1
4396,2025-12-09,1
4396,2025-12-10,1
4396,2025-12-11,1
4396,2025-12-12,1
4396,2025-12-13,1
4396,2025-12-14,1
4396,2025-12-15,1
4396,2025-12-16,1
4396,2025-12-17,1
4396,2025-12-18,1
4396,2025-12-19,1
4396,2025-12-20,1
4396,2025-12-21,1
4397,2025-11-22,7
4397,2025-11-23,9
4397,2025-11-24,2
4397,2025-11-25,2
4397,2025-11-26,7
4397,2025-11-27,24
4397,2025-11-28,12
4397,2025-11-29,7
4397,2025-11-30,8
4397,2025-12-01,4
4397,2025-12-02,9
4397,2025-12-03,10
4397,2025-12-04,22
4397,2025-12-05,24
4397,2025-12-06,11
4397,2025-12-07,11
4397,2025-12-08,11
4397,2025-12-09,12
4397,2025-12-10,46
4397,2025-12-11,12
4397,2025-12-12,12
4397,2025-12-13,12
4397,2025-12-14,12
4397,2025-12-15,13
4397,2025-12-16,13
4397,2025-12-17,13
4397,2025-12-18,39
4397,2025-12-19,14
4397,2025-12-20,15
4397,2025-12-21,16
4404,2025-11-22,0
4404,2025-11-23,0
4404,2025-11-24,0
4404,2025-11-25,0
4404,2025-11-26,0
4404,2025-11-27,0
4404,2025-11-28,0
4404,2025-11-29,0
4404,2025-11-30,0
4404,2025-12-01,0
4404,2025-12-02,0
4404,2025-12-03,0
4404,2025-12-04,0
4404,2025-12-05,0
4404,2025-12-06,0
4404,2025-12-07,0
4404,2025-12-08,0
4404,2025-12-09,0
4404,2025-12-10,0
4404,2025-12-11,0
4404,2025-12-12,0
4404,2025-12-13,0
4404,2025-12-14,0
4404,2025-12-15,0
4404,2025-12-16,0
4404,2025-12-17,0
4404,2025-12-18,0
4404,2025-12-19,0
4404,2025-12-20,0
4404,2025-12-21,0
4419,2025-11-22,331
4419,2025-11-23,222
4419,2025-11-24,243
4419,2025-11-25,157
4419,2025-11-26,123
4419,2025-11-27,181
4419,2025-11-28,119
4419,2025-11-29,206
4419,2025-11-30,149
4419,2025-12-01,263
4419,2025-12-02,241
4419,2025-12-03,342
4419,2025-12-04,229
4419,2025-12-05,122
4419,2025-12-06,133
4419,2025-12-07,105
4419,2025-12-08,121
4419,2025-12-09,115
4419,2025-12-10,291
4419,2025-12-11,224
4419,2025-12-12,240
4419,2025-12-13,176
4419,2025-12-14,190
4419,2025-12-15,170
4419,2025-12-16,145
4419,2025-12-17,229
4419,2025-12-18,435
4419,2025-12-19,843
4419,2025-12-20,550
4419,2025-12-21,362
4516,2025-11-22,14
4516,2025-11-23,12
4516,2025-11-24,9
4516,2025-11-25,4
4516,2025-11-26,4
4516,2025-11-27,3
4516,2025-11-28,9
4516,2025-11-29,3
4516,2025-11-30,7
4516,2025-12-01,14
4516,2025-12-02,9
4516,2025-12-03,8
4516,2025-12-04,4
4516,2025-12-05,2
4516,2025-12-06,2
4516,2025-12-07,2
4516,2025-12-08,3
4516,2025-12-09,8
4516,2025-12-10,9
4516,2025-12-11,3
4516,2025-12-12,5
4516,2025-12-13,5
4516,2025-12-14,5
4516,2025-12-15,6
4516,2025-12-16,6
4516,2025-12-17,6
4516,2025-12-18,6
4516,2025-12-19,6
4516,2025-12-20,7
4516,2025-12-21,7
4541,2025-11-22,0
4541,2025-11-23,0
4541,2025-11-24,3
4541,2025-11-25,5
4541,2025-11-26,2
4541,2025-11-27,2
4541,2025-11-28,1
4541,2025-11-29,1
4541,2025-11-30,2
4541,2025-12-01,2
4541,2025-12-02,7
4541,2025-12-03,2
4541,2025-12-04,2
4541,2025-12-05,2
4541,2025-12-06,2
4541,2025-12-07,2
4541,2025-12-08,2
4541,2025-12-09,12
4541,2025-12-10,2
4541,2025-12-11,2
4541,2025-12-12,2
4541,2025-12-13,2
4541,2025-12-14,2
4541,2025-12-15,3
4541,2025-12-16,3
4541,2025-12-17,3
4541,2025-12-18,3
4541,2025-12-19,3
4541,2025-12-20,3
4541,2025-12-21,3
4609,2025-11-22,268
4609,2025-11-23,483
4609,2025-11-24,474
4609,2025-11-25,349
4609,2025-11-26,365
4609,2025-11-27,892
4609,2025-11-28,648
4609,2025-11-29,220
4609,2025-11-30,325
4609,2025-12-01,320
4609,2025-12-02,534
4609,2025-12-03,305
4609,2025-12-04,1016
4609,2025-12-05,361
4609,2025-12-06,194
4609,2025-12-07,310
4609,2025-12-08,358
4609,2025-12-09,319
4609,2025-12-10,630
4609,2025-12-11,1299
4609,2025-12-12,291
4609,2025-12-13,194
4609,2025-12-14,212
4609,2025-12-15,301
4609,2025-12-16,388
4609,2025-12-17,897
4609,2025-12-18,2515
4609,2025-12-19,1478
4609,2025-12-20,332
4609,2025-12-21,152
4611,2025-11-22,1
4611,2025-11-23,5
4611,2025-11-24,1
4611,2025-11-25,4
4611,2025-11-26,0
4611,2025-11-27,0
4611,2025-11-28,1
4611,2025-11-29,9
4611,2025-11-30,10
4611,2025-12-01,11
4611,2025-12-02,1
4611,2025-12-03,1
4611,2025-12-04,1
4611,2025-12-05,1
4611,2025-12-06,3
4611,2025-12-07,3
4611,2025-12-08,3
4611,2025-12-09,2
4611,2025-12-10,2
4611,2025-12-11,2
4611,2025-12-12,2
4611,2025-12-13,3
4611,2025-12-14,3
4611,2025-12-15,3
4611,2025-12-16,3
4611,2025-12-17,12
4611,2025-12-18,4
4611,2025-12-19,4
4611,2025-12-20,4
4611,2025-12-21,4
4655,2025-11-22,5304
4655,2025-11-23,4761
4655,2025-11-24,4062
4655,2025-11-25,4252
4655,2025-11-26,5488
4655,2025-11-27,5652
4655,2025-11-28,2667
4655,2025-11-29,2396
4655,2025-11-30,2379
4655,2025-12-01,2413
4655,2025-12-02,2355
4655,2025-12-03,3532
4655,2025-12-04,4364
4655,2025-12-05,1867
4655,2025-12-06,2215
4655,2025-12-07,2207
4655,2025-12-08,2295
4655,2025-12-09,2375
4655,2025-12-10,2762
4655,2025-12-11,2886
4655,2025-12-12,1332
4655,2025-12-13,1484
4655,2025-12-14,1505
4655,2025-12-15,1865
4655,2025-12-16,2061
4655,2025-12-17,2498
4655,2025-12-18,2898
4655,2025-12-19,1772
4655,2025-12-20,1926
4655,2025-12-21,883
4684,2025-11-22,0
4684,2025-11-23,0
4684,2025-11-24,0
4684,2025-11-25,0
4684,2025-11-26,0
4684,2025-11-27,0
4684,2025-11-28,0
4684,2025-11-29,0
4684,2025-11-30,0
4684,2025-12-01,0
4684,2025-12-02,0
4684,2025-12-03,0
4684,2025-12-04,0
4684,2025-12-05,0
4684,2025-12-06,0
4684,2025-12-07,0
4684,2025-12-08,0
4684,2025-12-09,0
4684,2025-12-10,0
4684,2025-12-11,0
4684,2025-12-12,0
4684,2025-12-13,0
4684,2025-12-14,0
4684,2025-12-15,0
4684,2025-12-16,0
4684,2025-12-17,0
4684,2025-12-18,0
4684,2025-12-19,0
4684,2025-12-20,0
4684,2025-12-21,0
4729,2025-11-22,0
4729,2025-11-23,0
4729,2025-11-24,0
4729,2025-11-25,0
4729,2025-11-26,0
4729,2025-11-27,0
4729,2025-11-28,0
4729,2025-11-29,0
4729,2025-11-30,0
4729,2025-12-01,0
4729,2025-12-02,0
4729,2025-12-03,0
4729,2025-12-04,0
4729,2025-12-05,0
4729,2025-12-06,0
4729,2025-12-07,0
4729,2025-12-08,0
4729,2025-12-09,0
4729,2025-12-10,0
4729,2025-12-11,0
4729,2025-12-12,0
4729,2025-12-13,0
4729,2025-12-14,0
4729,2025-12-15,0
4729,2025-12-16,0
4729,2025-12-17,0
4729,2025-12-18,0
4729,2025-12-19,0
4729,2025-12-20,0
4729,2025-12-21,0
4756,2025-11-22,792
4756,2025-11-23,725
4756,2025-11-24,599
4756,2025-11-25,714
4756,2025-11-26,894
4756,2025-11-27,1031
4756,2025-11-28,469
4756,2025-11-29,492
4756,2025-11-30,471
4756,2025-12-01,393
4756,2025-12-02,408
4756,2025-12-03,641
4756,2025-12-04,904
4756,2025-12-05,549
4756,2025-12-06,579
4756,2025-12-07,416
4756,2025-12-08,409
4756,2025-12-09,344
4756,2025-12-10,349
4756,2025-12-11,442
4756,2025-12-12,204
4756,2025-12-13,134
4756,2025-12-14,175
4756,2025-12-15,145
4756,2025-12-16,217
4756,2025-12-17,605
4756,2025-12-18,330
4756,2025-12-19,234
4756,2025-12-20,289
4756,2025-12-21,148
4791,2025-11-22,2484
4791,2025-11-23,2052
4791,2025-11-24,2190
4791,2025-11-25,2304
4791,2025-11-26,2948
4791,2025-11-27,2672
4791,2025-11-28,732
4791,2025-11-29,923
4791,2025-11-30,996
4791,2025-12-01,994
4791,2025-12-02,1259
4791,2025-12-03,1750
4791,2025-12-04,1654
4791,2025-12-05,517
4791,2025-12-06,937
4791,2025-12-07,873
4791,2025-12-08,870
4791,2025-12-09,1108
4791,2025-12-10,1629
4791,2025-12-11,1920
4791,2025-12-12,903
4791,2025-12-13,866
4791,2025-12-14,669
4791,2025-12-15,703
4791,2025-12-16,1088
4791,2025-12-17,1173
4791,2025-12-18,1289
4791,2025-12-19,812
4791,2025-12-20,502
4791,2025-12-21,151
4797,2025-11-22,0
4797,2025-11-23,0
4797,2025-11-24,0
4797,2025-11-25,0
4797,2025-11-26,0
4797,2025-11-27,0
4797,2025-11-28,0
4797,2025-11-29,0
4797,2025-11-30,0
4797,2025-12-01,0
4797,2025-12-02,0
4797,2025-12-03,0
4797,2025-12-04,0
4797,2025-12-05,0
4797,2025-12-06,0
4797,2025-12-07,0
4797,2025-12-08,0
4797,2025-12-09,0
4797,2025-12-10,0
4797,2025-12-11,0
4797,2025-12-12,0
4797,2025-12-13,0
4797,2025-12-14,0
4797,2025-12-15,0
4797,2025-12-16,0
4797,2025-12-17,0
4797,2025-12-18,0
4797,2025-12-19,0
4797,2025-12-20,0
4797,2025-12-21,0
4820,2025-11-22,15
4820,2025-11-23,6
4820,2025-11-24,4
4820,2025-11-25,3
4820,2025-11-26,9
4820,2025-11-27,6
4820,2025-11-28,3
4820,2025-11-29,11
4820,2025-11-30,4
4820,2025-12-01,8
4820,2025-12-02,9
4820,2025-12-03,10
4820,2025-12-04,5
4820,2025-12-05,11
4820,2025-12-06,11
4820,2025-12-07,11
4820,2025-12-08,11
4820,2025-12-09,12
4820,2025-12-10,12
4820,2025-12-11,13
4820,2025-12-12,14
4820,2025-12-13,5
4820,2025-12-14,5
4820,2025-12-15,5
4820,2025-12-16,11
4820,2025-12-17,12
4820,2025-12-18,26
4820,2025-12-19,7
4820,2025-12-20,15
4820,2025-12-21,16
4879,2025-11-22,44
4879,2025-11-23,53
4879,2025-11-24,21
4879,2025-11-25,21
4879,2025-11-26,36
4879,2025-11-27,53
4879,2025-11-28,2
4879,2025-11-29,3
4879,2025-11-30,3
4879,2025-12-01,3
4879,2025-12-02,3
4879,2025-12-03,4
4879,2025-12-04,4
4879,2025-12-05,4
4879,2025-12-06,4
4879,2025-12-07,4
4879,2025-12-08,5
4879,2025-12-09,5
4879,2025-12-10,5
4879,2025-12-11,5
4879,2025-12-12,5
4879,2025-12-13,5
4879,2025-12-14,6
4879,2025-12-15,6
4879,2025-12-16,6
4879,2025-12-17,6
4879,2025-12-18,6
4879,2025-12-19,6
4879,2025-12-20,7
4879,2025-12-21,7
4933,2025-11-22,11
4933,2025-11-23,13
4933,2025-11-24,13
4933,2025-11-25,13
4933,2025-11-26,21
4933,2025-11-27,19
4933,2025-11-28,19
4933,2025-11-29,8
4933,2025-11-30,8
4933,2025-12-01,12
4933,2025-12-02,13
4933,2025-12-03,11
4933,2025-12-04,8
4933,2025-12-05,26
4933,2025-12-06,23
4933,2025-12-07,25
4933,2025-12-08,16
4933,2025-12-09,29
4933,2025-12-10,38
4933,2025-12-11,41
4933,2025-12-12,15
4933,2025-12-13,8
4933,2025-12-14,11
4933,2025-12-15,11
4933,2025-12-16,11
4933,2025-12-17,12
4933,2025-12-18,12
4933,2025-12-19,12
4933,2025-12-20,12
4933,2025-12-21,12
4946,2025-11-22,2
4946,2025-11-23,5
4946,2025-11-24,3
4946,2025-11-25,3
4946,2025-11-26,2
4946,2025-11-27,2
4946,2025-11-28,3
4946,2025-11-29,3
4946,2025-11-30,5
4946,2025-12-01,3
4946,2025-12-02,3
4946,2025-12-03,3
4946,2025-12-04,4
4946,2025-12-05,4
4946,2025-12-06,4
4946,2025-12-07,4
4946,2025-12-08,4
4946,2025-12-09,5
4946,2025-12-10,5
4946,2025-12-11,5
4946,2025-12-12,5
4946,2025-12-13,5
4946,2025-12-14,5
4946,2025-12-15,5
4946,2025-12-16,5
4946,2025-12-17,5
4946,2025-12-18,5
4946,2025-12-19,5
4946,2025-12-20,5
4946,2025-12-21,5
4973,2025-11-22,29
4973,2025-11-23,22
4973,2025-11-24,15
4973,2025-11-25,8
4973,2025-11-26,13
4973,2025-11-27,19
4973,2025-11-28,14
4973,2025-11-29,5
4973,2025-11-30,5
4973,2025-12-01,6
4973,2025-12-02,19
4973,2025-12-03,24
4973,2025-12-04,88
4973,2025-12-05,16
4973,2025-12-06,13
4973,2025-12-07,14
4973,2025-12-08,24
4973,2025-12-09,42
4973,2025-12-10,67
4973,2025-12-11,66
4973,2025-12-12,52
4973,2025-12-13,14
4973,2025-12-14,15
4973,2025-12-15,16
4973,2025-12-16,35
4973,2025-12-17,97
4973,2025-12-18,160
4973,2025-12-19,57
4973,2025-12-20,38
4973,2025-12-21,14
4981,2025-11-22,185
4981,2025-11-23,333
4981,2025-11-24,269
4981,2025-11-25,238
4981,2025-11-26,414
4981,2025-11-27,781
4981,2025-11-28,207
4981,2025-11-29,240
4981,2025-11-30,155
4981,2025-12-01,187
4981,2025-12-02,224
4981,2025-12-03,299
4981,2025-12-04,630
4981,2025-12-05,266
4981,2025-12-06,196
4981,2025-12-07,302
4981,2025-12-08,388
4981,2025-12-09,411
4981,2025-12-10,436
4981,2025-12-11,1026
4981,2025-12-12,415
4981,2025-12-13,315
4981,2025-12-14,170
4981,2025-12-15,352
4981,2025-12-16,331
4981,2025-12-17,323
4981,2025-12-18,860
4981,2025-12-19,384
4981,2025-12-20,277
4981,2025-12-21,226
4994,2025-11-22,0
4994,2025-11-23,0
4994,2025-11-24,0
4994,2025-11-25,0
4994,2025-11-26,0
4994,2025-11-27,0
4994,2025-11-28,0
4994,2025-11-29,0
4994,2025-11-30,0
4994,2025-12-01,0
4994,2025-12-02,0
4994,2025-12-03,0
4994,2025-12-04,0
4994,2025-12-05,0
4994,2025-12-06,0
4994,2025-12-07,0
4994,2025-12-08,0
4994,2025-12-09,0
4994,2025-12-10,0
4994,2025-12-11,0
4994,2025-12-12,0
4994,2025-12-13,0
4994,2025-12-14,0
4994,2025-12-15,0
4994,2025-12-16,0
4994,2025-12-17,0
4994,2025-12-18,0
4994,2025-12-19,0
4994,2025-12-20,0
4994,2025-12-21,0
4995,2025-11-22,43386
4995,2025-11-23,43490
4995,2025-11-24,47094
4995,2025-11-25,50525
4995,2025-11-26,50756
4995,2025-11-27,41544
4995,2025-11-28,18605
4995,2025-11-29,23194
4995,2025-11-30,22984
4995,2025-12-01,25735
4995,2025-12-02,28305
4995,2025-12-03,28819
4995,2025-12-04,29206
4995,2025-12-05,18373
4995,2025-12-06,20096
4995,2025-12-07,20516
4995,2025-12-08,22739
4995,2025-12-09,26245
4995,2025-12-10,27680
4995,2025-12-11,27622
4995,2025-12-12,18109
4995,2025-12-13,22311
4995,2025-12-14,23142
4995,2025-12-15,25709
4995,2025-12-16,31675
4995,2025-12-17,33880
4995,2025-12-18,33254
4995,2025-12-19,20064
4995,2025-12-20,19853
4995,2025-12-21,12054
4998,2025-11-22,0
4998,2025-11-23,0
4998,2025-11-24,0
4998,2025-11-25,0
4998,2025-11-26,0
4998,2025-11-27,0
4998,2025-11-28,0
4998,2025-11-29,0
4998,2025-11-30,0
4998,2025-12-01,0
4998,2025-12-02,0
4998,2025-12-03,0
4998,2025-12-04,0
4998,2025-12-05,0
4998,2025-12-06,0
4998,2025-12-07,0
4998,2025-12-08,0
4998,2025-12-09,0
4998,2025-12-10,0
4998,2025-12-11,0
4998,2025-12-12,0
4998,2025-12-13,0
4998,2025-12-14,0
4998,2025-12-15,0
4998,2025-12-16,0
4998,2025-12-17,0
4998,2025-12-18,0
4998,2025-12-19,0
4998,2025-12-20,0
4998,2025-12-21,0
5163,2025-11-22,2
5163,2025-11-23,0
5163,2025-11-24,1
5163,2025-11-25,1
5163,2025-11-26,1
5163,2025-11-27,1
5163,2025-11-28,1
5163,2025-11-29,2
5163,2025-11-30,2
5163,2025-12-01,2
5163,2025-12-02,2
5163,2025-12-03,2
5163,2025-12-04,2
5163,2025-12-05,2
5163,2025-12-06,2
5163,2025-12-07,2
5163,2025-12-08,2
5163,2025-12-09,2
5163,2025-12-10,2
5163,2025-12-11,2
5163,2025-12-12,2
5163,2025-12-13,2
5163,2025-12-14,2
5163,2025-12-15,2
5163,2025-12-16,2
5163,2025-12-17,2
5163,2025-12-18,2
5163,2025-12-19,2
5163,2025-12-20,3
5163,2025-12-21,3
5171,2025-11-22,0
5171,2025-11-23,0
5171,2025-11-24,0
5171,2025-11-25,0
5171,2025-11-26,0
5171,2025-11-27,0
5171,2025-11-28,0
5171,2025-11-29,0
5171,2025-11-30,0
5171,2025-12-01,0
5171,2025-12-02,0
5171,2025-12-03,0
5171,2025-12-04,0
5171,2025-12-05,0
5171,2025-12-06,0
5171,2025-12-07,0
5171,2025-12-08,0
5171,2025-12-09,0
5171,2025-12-10,0
5171,2025-12-11,0
5171,2025-12-12,0
5171,2025-12-13,0
5171,2025-12-14,0
5171,2025-12-15,0
5171,2025-12-16,0
5171,2025-12-17,0
5171,2025-12-18,0
5171,2025-12-19,0
5171,2025-12-20,0
5171,2025-12-21,0
5241,2025-11-22,0
5241,2025-11-23,0
5241,2025-11-24,0
5241,2025-11-25,0
5241,2025-11-26,0
5241,2025-11-27,0
5241,2025-11-28,0
5241,2025-11-29,0
5241,2025-11-30,0
5241,2025-12-01,0
5241,2025-12-02,0
5241,2025-12-03,0
5241,2025-12-04,0
5241,2025-12-05,0
5241,2025-12-06,0
5241,2025-12-07,0
5241,2025-12-08,0
5241,2025-12-09,0
5241,2025-12-10,0
5241,2025-12-11,0
5241,2025-12-12,0
5241,2025-12-13,0
5241,2025-12-14,0
5241,2025-12-15,0
5241,2025-12-16,0
5241,2025-12-17,0
5241,2025-12-18,0
5241,2025-12-19,0
5241,2025-12-20,0
5241,2025-12-21,0
5244,2025-11-22,57
5244,2025-11-23,46
5244,2025-11-24,38
5244,2025-11-25,44
5244,2025-11-26,58
5244,2025-11-27,176
5244,2025-11-28,102
5244,2025-11-29,48
5244,2025-11-30,68
5244,2025-12-01,182
5244,2025-12-02,181
5244,2025-12-03,198
5244,2025-12-04,126
5244,2025-12-05,77
5244,2025-12-06,77
5244,2025-12-07,83
5244,2025-12-08,75
5244,2025-12-09,81
5244,2025-12-10,44
5244,2025-12-11,164
5244,2025-12-12,63
5244,2025-12-13,23
5244,2025-12-14,25
5244,2025-12-15,54
5244,2025-12-16,74
5244,2025-12-17,65
5244,2025-12-18,90
5244,2025-12-19,39
5244,2025-12-20,44
5244,2025-12-21,24
5262,2025-11-22,35
5262,2025-11-23,30
5262,2025-11-24,44
5262,2025-11-25,17
5262,2025-11-26,33
5262,2025-11-27,115
5262,2025-11-28,28
5262,2025-11-29,30
5262,2025-11-30,4
5262,2025-12-01,13
5262,2025-12-02,30
5262,2025-12-03,159
5262,2025-12-04,61
5262,2025-12-05,20
5262,2025-12-06,58
5262,2025-12-07,44
5262,2025-12-08,48
5262,2025-12-09,56
5262,2025-12-10,61
5262,2025-12-11,135
5262,2025-12-12,49
5262,2025-12-13,53
5262,2025-12-14,14
5262,2025-12-15,16
5262,2025-12-16,17
5262,2025-12-17,19
5262,2025-12-18,81
5262,2025-12-19,154
5262,2025-12-20,218
5262,2025-12-21,184
5265,2025-11-22,24
5265,2025-11-23,18
5265,2025-11-24,19
5265,2025-11-25,20
5265,2025-11-26,30
5265,2025-11-27,23
5265,2025-11-28,11
5265,2025-11-29,10
5265,2025-11-30,13
5265,2025-12-01,15
5265,2025-12-02,19
5265,2025-12-03,14
5265,2025-12-04,7
5265,2025-12-05,8
5265,2025-12-06,8
5265,2025-12-07,9
5265,2025-12-08,14
5265,2025-12-09,21
5265,2025-12-10,11
5265,2025-12-11,18
5265,2025-12-12,19
5265,2025-12-13,20
5265,2025-12-14,29
5265,2025-12-15,31
5265,2025-12-16,33
5265,2025-12-17,27
5265,2025-12-18,39
5265,2025-12-19,31
5265,2025-12-20,34
5265,2025-12-21,12
5270,2025-11-22,22
5270,2025-11-23,31
5270,2025-11-24,15
5270,2025-11-25,18
5270,2025-11-26,21
5270,2025-11-27,53
5270,2025-11-28,7
5270,2025-11-29,8
5270,2025-11-30,11
5270,2025-12-01,12
5270,2025-12-02,13
5270,2025-12-03,7
5270,2025-12-04,32
5270,2025-12-05,4
5270,2025-12-06,5
5270,2025-12-07,5
5270,2025-12-08,2
5270,2025-12-09,2
5270,2025-12-10,6
5270,2025-12-11,14
5270,2025-12-12,3
5270,2025-12-13,4
5270,2025-12-14,4
5270,2025-12-15,4
5270,2025-12-16,4
5270,2025-12-17,5
5270,2025-12-18,12
5270,2025-12-19,25
5270,2025-12-20,14
5270,2025-12-21,15
5297,2025-11-22,1506
5297,2025-11-23,1199
5297,2025-11-24,1110
5297,2025-11-25,1076
5297,2025-11-26,1170
5297,2025-11-27,1126
5297,2025-11-28,448
5297,2025-11-29,320
5297,2025-11-30,526
5297,2025-12-01,554
5297,2025-12-02,662
5297,2025-12-03,711
5297,2025-12-04,900
5297,2025-12-05,441
5297,2025-12-06,434
5297,2025-12-07,451
5297,2025-12-08,461
5297,2025-12-09,477
5297,2025-12-10,588
5297,2025-12-11,1072
5297,2025-12-12,730
5297,2025-12-13,615
5297,2025-12-14,582
5297,2025-12-15,320
5297,2025-12-16,270
5297,2025-12-17,512
5297,2025-12-18,611
5297,2025-12-19,196
5297,2025-12-20,676
5297,2025-12-21,517
5303,2025-11-22,0
5303,2025-11-23,0
5303,2025-11-24,0
5303,2025-11-25,0
5303,2025-11-26,0
5303,2025-11-27,0
5303,2025-11-28,0
5303,2025-11-29,0
5303,2025-11-30,0
5303,2025-12-01,0
5303,2025-12-02,0
5303,2025-12-03,0
5303,2025-12-04,0
5303,2025-12-05,0
5303,2025-12-06,0
5303,2025-12-07,0
5303,2025-12-08,0
5303,2025-12-09,0
5303,2025-12-10,0
5303,2025-12-11,0
5303,2025-12-12,0
5303,2025-12-13,0
5303,2025-12-14,0
5303,2025-12-15,0
5303,2025-12-16,0
5303,2025-12-17,0
5303,2025-12-18,0
5303,2025-12-19,0
5303,2025-12-20,0
5303,2025-12-21,0
5309,2025-11-22,5
5309,2025-11-23,13
5309,2025-11-24,9
5309,2025-11-25,7
5309,2025-11-26,7
5309,2025-11-27,10
5309,2025-11-28,5
5309,2025-11-29,11
5309,2025-11-30,20
5309,2025-12-01,23
5309,2025-12-02,7
5309,2025-12-03,7
5309,2025-12-04,8
5309,2025-12-05,8
5309,2025-12-06,9
5309,2025-12-07,9
5309,2025-12-08,10
5309,2025-12-09,11
5309,2025-12-10,11
5309,2025-12-11,4
5309,2025-12-12,4
5309,2025-12-13,6
5309,2025-12-14,25
5309,2025-12-15,6
5309,2025-12-16,11
5309,2025-12-17,12
5309,2025-12-18,13
5309,2025-12-19,14
5309,2025-12-20,15
5309,2025-12-21,7
5383,2025-11-22,0
5383,2025-11-23,0
5383,2025-11-24,0
5383,2025-11-25,0
5383,2025-11-26,0
5383,2025-11-27,0
5383,2025-11-28,0
5383,2025-11-29,0
5383,2025-11-30,0
5383,2025-12-01,0
5383,2025-12-02,0
5383,2025-12-03,0
5383,2025-12-04,0
5383,2025-12-05,0
5383,2025-12-06,0
5383,2025-12-07,0
5383,2025-12-08,0
5383,2025-12-09,0
5383,2025-12-10,0
5383,2025-12-11,0
5383,2025-12-12,0
5383,2025-12-13,0
5383,2025-12-14,0
5383,2025-12-15,0
5383,2025-12-16,0
5383,2025-12-17,0
5383,2025-12-18,0
5383,2025-12-19,0
5383,2025-12-20,0
5383,2025-12-21,0
5410,2025-11-22,2
5410,2025-11-23,3
5410,2025-11-24,0
5410,2025-11-25,0
5410,2025-11-26,0
5410,2025-11-27,1
5410,2025-11-28,1
5410,2025-11-29,1
5410,2025-11-30,1
5410,2025-12-01,13
5410,2025-12-02,14
5410,2025-12-03,1
5410,2025-12-04,1
5410,2025-12-05,1
5410,2025-12-06,1
5410,2025-12-07,1
5410,2025-12-08,1
5410,2025-12-09,1
5410,2025-12-10,1
5410,2025-12-11,1
5410,2025-12-12,1
5410,2025-12-13,1
5410,2025-12-14,1
5410,2025-12-15,1
5410,2025-12-16,1
5410,2025-12-17,1
5410,2025-12-18,1
5410,2025-12-19,1
5410,2025-12-20,1
5410,2025-12-21,1
5413,2025-11-22,9470
5413,2025-11-23,8725
5413,2025-11-24,7017
5413,2025-11-25,7510
5413,2025-11-26,9524
5413,2025-11-27,9246
5413,2025-11-28,3177
5413,2025-11-29,3371
5413,2025-11-30,2813
5413,2025-12-01,3287
5413,2025-12-02,4143
5413,2025-12-03,4920
5413,2025-12-04,5652
5413,2025-12-05,2843
5413,2025-12-06,3590
5413,2025-12-07,3176
5413,2025-12-08,2893
5413,2025-12-09,2783
5413,2025-12-10,4155
5413,2025-12-11,5869
5413,2025-12-12,3760
5413,2025-12-13,4014
5413,2025-12-14,3047
5413,2025-12-15,3120
5413,2025-12-16,3186
5413,2025-12-17,5269
5413,2025-12-18,6610
5413,2025-12-19,3532
5413,2025-12-20,2222
5413,2025-12-21,974
5414,2025-11-22,1074
5414,2025-11-23,1107
5414,2025-11-24,839
5414,2025-11-25,885
5414,2025-11-26,1496
5414,2025-11-27,2127
5414,2025-11-28,995
5414,2025-11-29,524
5414,2025-11-30,338
5414,2025-12-01,376
5414,2025-12-02,325
5414,2025-12-03,897
5414,2025-12-04,1127
5414,2025-12-05,366
5414,2025-12-06,348
5414,2025-12-07,470
5414,2025-12-08,762
5414,2025-12-09,955
5414,2025-12-10,866
5414,2025-12-11,1071
5414,2025-12-12,348
5414,2025-12-13,404
5414,2025-12-14,425
5414,2025-12-15,390
5414,2025-12-16,656
5414,2025-12-17,763
5414,2025-12-18,1434
5414,2025-12-19,595
5414,2025-12-20,473
5414,2025-12-21,312
5434,2025-11-22,74
5434,2025-11-23,78
5434,2025-11-24,50
5434,2025-11-25,55
5434,2025-11-26,141
5434,2025-11-27,166
5434,2025-11-28,40
5434,2025-11-29,49
5434,2025-11-30,42
5434,2025-12-01,45
5434,2025-12-02,59
5434,2025-12-03,66
5434,2025-12-04,53
5434,2025-12-05,48
5434,2025-12-06,39
5434,2025-12-07,32
5434,2025-12-08,60
5434,2025-12-09,54
5434,2025-12-10,64
5434,2025-12-11,56
5434,2025-12-12,61
5434,2025-12-13,80
5434,2025-12-14,79
5434,2025-12-15,77
5434,2025-12-16,103
5434,2025-12-17,204
5434,2025-12-18,275
5434,2025-12-19,107
5434,2025-12-20,117
5434,2025-12-21,99
5506,2025-11-22,35
5506,2025-11-23,19
5506,2025-11-24,23
5506,2025-11-25,23
5506,2025-11-26,14
5506,2025-11-27,19
5506,2025-11-28,16
5506,2025-11-29,6
5506,2025-11-30,6
5506,2025-12-01,9
5506,2025-12-02,21
5506,2025-12-03,29
5506,2025-12-04,39
5506,2025-12-05,7
5506,2025-12-06,8
5506,2025-12-07,8
5506,2025-12-08,10
5506,2025-12-09,34
5506,2025-12-10,10
5506,2025-12-11,13
5506,2025-12-12,14
5506,2025-12-13,15
5506,2025-12-14,18
5506,2025-12-15,20
5506,2025-12-16,21
5506,2025-12-17,23
5506,2025-12-18,23
5506,2025-12-19,25
5506,2025-12-20,29
5506,2025-12-21,31
5529,2025-11-22,0
5529,2025-11-23,0
5529,2025-11-24,0
5529,2025-11-25,0
5529,2025-11-26,0
5529,2025-11-27,2
5529,2025-11-28,0
5529,2025-11-29,0
5529,2025-11-30,0
5529,2025-12-01,0
5529,2025-12-02,0
5529,2025-12-03,0
5529,2025-12-04,0
5529,2025-12-05,0
5529,2025-12-06,0
5529,2025-12-07,4
5529,2025-12-08,5
5529,2025-12-09,0
5529,2025-12-10,0
5529,2025-12-11,6
5529,2025-12-12,0
5529,2025-12-13,0
5529,2025-12-14,0
5529,2025-12-15,0
5529,2025-12-16,0
5529,2025-12-17,0
5529,2025-12-18,0
5529,2025-12-19,0
5529,2025-12-20,0
5529,2025-12-21,0
5640,2025-11-22,1813
5640,2025-11-23,1839
5640,2025-11-24,1378
5640,2025-11-25,1376
5640,2025-11-26,1729
5640,2025-11-27,2330
5640,2025-11-28,948
5640,2025-11-29,1204
5640,2025-11-30,1210
5640,2025-12-01,1258
5640,2025-12-02,1177
5640,2025-12-03,1820
5640,2025-12-04,2252
5640,2025-12-05,1071
5640,2025-12-06,1401
5640,2025-12-07,1376
5640,2025-12-08,1430
5640,2025-12-09,1564
5640,2025-12-10,1699
5640,2025-12-11,2015
5640,2025-12-12,1170
5640,2025-12-13,853
5640,2025-12-14,830
5640,2025-12-15,932
5640,2025-12-16,1085
5640,2025-12-17,1704
5640,2025-12-18,1876
5640,2025-12-19,639
5640,2025-12-20,566
5640,2025-12-21,695
5657,2025-11-22,52
5657,2025-11-23,45
5657,2025-11-24,64
5657,2025-11-25,32
5657,2025-11-26,55
5657,2025-11-27,172
5657,2025-11-28,266
5657,2025-11-29,42
5657,2025-11-30,84
5657,2025-12-01,80
5657,2025-12-02,42
5657,2025-12-03,40
5657,2025-12-04,207
5657,2025-12-05,34
5657,2025-12-06,44
5657,2025-12-07,48
5657,2025-12-08,77
5657,2025-12-09,111
5657,2025-12-10,50
5657,2025-12-11,237
5657,2025-12-12,35
5657,2025-12-13,250
5657,2025-12-14,55
5657,2025-12-15,29
5657,2025-12-16,80
5657,2025-12-17,34
5657,2025-12-18,276
5657,2025-12-19,122
5657,2025-12-20,45
5657,2025-12-21,68
5683,2025-11-22,5
5683,2025-11-23,5
5683,2025-11-24,6
5683,2025-11-25,7
5683,2025-11-26,8
5683,2025-11-27,8
5683,2025-11-28,2
5683,2025-11-29,2
5683,2025-11-30,2
5683,2025-12-01,2
5683,2025-12-02,2
5683,2025-12-03,2
5683,2025-12-04,2
5683,2025-12-05,2
5683,2025-12-06,3
5683,2025-12-07,3
5683,2025-12-08,3
5683,2025-12-09,3
5683,2025-12-10,3
5683,2025-12-11,3
5683,2025-12-12,3
5683,2025-12-13,3
5683,2025-12-14,3
5683,2025-12-15,4
5683,2025-12-16,4
5683,2025-12-17,4
5683,2025-12-18,4
5683,2025-12-19,4
5683,2025-12-20,4
5683,2025-12-21,4
5686,2025-11-22,0
5686,2025-11-23,0
5686,2025-11-24,0
5686,2025-11-25,0
5686,2025-11-26,0
5686,2025-11-27,0
5686,2025-11-28,0
5686,2025-11-29,0
5686,2025-11-30,0
5686,2025-12-01,0
5686,2025-12-02,0
5686,2025-12-03,0
5686,2025-12-04,0
5686,2025-12-05,0
5686,2025-12-06,0
5686,2025-12-07,0
5686,2025-12-08,0
5686,2025-12-09,0
5686,2025-12-10,0
5686,2025-12-11,0
5686,2025-12-12,0
5686,2025-12-13,0
5686,2025-12-14,0
5686,2025-12-15,0
5686,2025-12-16,0
5686,2025-12-17,0
5686,2025-12-18,0
5686,2025-12-19,0
5686,2025-12-20,0
5686,2025-12-21,0
5720,2025-11-22,80
5720,2025-11-23,97
5720,2025-11-24,90
5720,2025-11-25,70
5720,2025-11-26,125
5720,2025-11-27,156
5720,2025-11-28,6
5720,2025-11-29,3
5720,2025-11-30,58
5720,2025-12-01,53
5720,2025-12-02,54
5720,2025-12-03,128
5720,2025-12-04,113
5720,2025-12-05,88
5720,2025-12-06,77
5720,2025-12-07,84
5720,2025-12-08,53
5720,2025-12-09,66
5720,2025-12-10,72
5720,2025-12-11,244
5720,2025-12-12,57
5720,2025-12-13,102
5720,2025-12-14,86
5720,2025-12-15,267
5720,2025-12-16,174
5720,2025-12-17,47
5720,2025-12-18,356
5720,2025-12-19,276
5720,2025-12-20,65
5720,2025-12-21,66
5752,2025-11-22,0
5752,2025-11-23,0
5752,2025-11-24,0
5752,2025-11-25,0
5752,2025-11-26,0
5752,2025-11-27,0
5752,2025-11-28,0
5752,2025-11-29,0
5752,2025-11-30,0
5752,2025-12-01,0
5752,2025-12-02,0
5752,2025-12-03,0
5752,2025-12-04,0
5752,2025-12-05,0
5752,2025-12-06,0
5752,2025-12-07,0
5752,2025-12-08,0
5752,2025-12-09,0
5752,2025-12-10,0
5752,2025-12-11,0
5752,2025-12-12,0
5752,2025-12-13,0
5752,2025-12-14,0
5752,2025-12-15,0
5752,2025-12-16,0
5752,2025-12-17,0
5752,2025-12-18,0
5752,2025-12-19,0
5752,2025-12-20,0
5752,2025-12-21,0
5762,2025-11-22,0
5762,2025-11-23,0
5762,2025-11-24,0
5762,2025-11-25,0
5762,2025-11-26,0
5762,2025-11-27,0
5762,2025-11-28,0
5762,2025-11-29,0
5762,2025-11-30,0
5762,2025-12-01,0
5762,2025-12-02,0
5762,2025-12-03,0
5762,2025-12-04,0
5762,2025-12-05,0
5762,2025-12-06,0
5762,2025-12-07,0
5762,2025-12-08,0
5762,2025-12-09,0
5762,2025-12-10,0
5762,2025-12-11,0
5762,2025-12-12,0
5762,2025-12-13,0
5762,2025-12-14,0
5762,2025-12-15,0
5762,2025-12-16,0
5762,2025-12-17,0
5762,2025-12-18,0
5762,2025-12-19,0
5762,2025-12-20,0
5762,2025-12-21,0
5799,2025-11-22,0
5799,2025-11-23,0
5799,2025-11-24,0
5799,2025-11-25,0
5799,2025-11-26,0
5799,2025-11-27,0
5799,2025-11-28,0
5799,2025-11-29,0
5799,2025-11-30,0
5799,2025-12-01,0
5799,2025-12-02,0
5799,2025-12-03,0
5799,2025-12-04,0
5799,2025-12-05,0
5799,2025-12-06,0
5799,2025-12-07,0
5799,2025-12-08,0
5799,2025-12-09,0
5799,2025-12-10,0
5799,2025-12-11,0
5799,2025-12-12,0
5799,2025-12-13,0
5799,2025-12-14,0
5799,2025-12-15,0
5799,2025-12-16,0
5799,2025-12-17,0
5799,2025-12-18,0
5799,2025-12-19,0
5799,2025-12-20,0
5799,2025-12-21,0
5802,2025-11-22,112
5802,2025-11-23,80
5802,2025-11-24,47
5802,2025-11-25,30
5802,2025-11-26,73
5802,2025-11-27,115
5802,2025-11-28,41
5802,2025-11-29,51
5802,2025-11-30,23
5802,2025-12-01,32
5802,2025-12-02,20
5802,2025-12-03,13
5802,2025-12-04,42
5802,2025-12-05,45
5802,2025-12-06,16
5802,2025-12-07,17
5802,2025-12-08,31
5802,2025-12-09,20
5802,2025-12-10,21
5802,2025-12-11,23
5802,2025-12-12,25
5802,2025-12-13,26
5802,2025-12-14,19
5802,2025-12-15,10
5802,2025-12-16,11
5802,2025-12-17,12
5802,2025-12-18,13
5802,2025-12-19,14
5802,2025-12-20,15
5802,2025-12-21,73
5818,2025-11-22,22
5818,2025-11-23,31
5818,2025-11-24,17
5818,2025-11-25,33
5818,2025-11-26,37
5818,2025-11-27,37
5818,2025-11-28,11
5818,2025-11-29,9
5818,2025-11-30,10
5818,2025-12-01,33
5818,2025-12-02,44
5818,2025-12-03,44
5818,2025-12-04,38
5818,2025-12-05,21
5818,2025-12-06,23
5818,2025-12-07,24
5818,2025-12-08,33
5818,2025-12-09,43
5818,2025-12-10,39
5818,2025-12-11,34
5818,2025-12-12,37
5818,2025-12-13,49
5818,2025-12-14,42
5818,2025-12-15,46
5818,2025-12-16,50
5818,2025-12-17,54
5818,2025-12-18,102
5818,2025-12-19,64
5818,2025-12-20,70
5818,2025-12-21,57
5842,2025-11-22,13
5842,2025-11-23,14
5842,2025-11-24,11
5842,2025-11-25,13
5842,2025-11-26,15
5842,2025-11-27,19
5842,2025-11-28,13
5842,2025-11-29,17
5842,2025-11-30,15
5842,2025-12-01,20
5842,2025-12-02,11
5842,2025-12-03,11
5842,2025-12-04,32
5842,2025-12-05,13
5842,2025-12-06,14
5842,2025-12-07,15
5842,2025-12-08,26
5842,2025-12-09,28
5842,2025-12-10,18
5842,2025-12-11,19
5842,2025-12-12,48
5842,2025-12-13,22
5842,2025-12-14,23
5842,2025-12-15,25
5842,2025-12-16,18
5842,2025-12-17,10
5842,2025-12-18,18
5842,2025-12-19,19
5842,2025-12-20,12
5842,2025-12-21,26
5850,2025-11-22,0
5850,2025-11-23,0
5850,2025-11-24,0
5850,2025-11-25,0
5850,2025-11-26,0
5850,2025-11-27,0
5850,2025-11-28,0
5850,2025-11-29,0
5850,2025-11-30,0
5850,2025-12-01,0
5850,2025-12-02,0
5850,2025-12-03,0
5850,2025-12-04,0
5850,2025-12-05,0
5850,2025-12-06,0
5850,2025-12-07,0
5850,2025-12-08,0
5850,2025-12-09,0
5850,2025-12-10,0
5850,2025-12-11,0
5850,2025-12-12,0
5850,2025-12-13,0
5850,2025-12-14,0
5850,2025-12-15,0
5850,2025-12-16,0
5850,2025-12-17,0
5850,2025-12-18,0
5850,2025-12-19,0
5850,2025-12-20,0
5850,2025-12-21,0
5927,2025-11-22,1018
5927,2025-11-23,961
5927,2025-11-24,685
5927,2025-11-25,704
5927,2025-11-26,863
5927,2025-11-27,1103
5927,2025-11-28,421
5927,2025-11-29,365
5927,2025-11-30,341
5927,2025-12-01,294
5927,2025-12-02,383
5927,2025-12-03,581
5927,2025-12-04,776
5927,2025-12-05,288
5927,2025-12-06,327
5927,2025-12-07,334
5927,2025-12-08,313
5927,2025-12-09,323
5927,2025-12-10,404
5927,2025-12-11,373
5927,2025-12-12,187
5927,2025-12-13,211
5927,2025-12-14,211
5927,2025-12-15,229
5927,2025-12-16,509
5927,2025-12-17,529
5927,2025-12-18,408
5927,2025-12-19,207
5927,2025-12-20,194
5927,2025-12-21,195
5933,2025-11-22,2
5933,2025-11-23,8
5933,2025-11-24,8
5933,2025-11-25,2
5933,2025-11-26,8
5933,2025-11-27,3
5933,2025-11-28,6
5933,2025-11-29,2
5933,2025-11-30,2
5933,2025-12-01,4
5933,2025-12-02,4
5933,2025-12-03,6
5933,2025-12-04,4
5933,2025-12-05,4
5933,2025-12-06,5
5933,2025-12-07,2
5933,2025-12-08,5
5933,2025-12-09,6
5933,2025-12-10,3
5933,2025-12-11,3
5933,2025-12-12,7
5933,2025-12-13,4
5933,2025-12-14,4
5933,2025-12-15,4
5933,2025-12-16,4
5933,2025-12-17,4
5933,2025-12-18,5
5933,2025-12-19,5
5933,2025-12-20,7
5933,2025-12-21,7
5936,2025-11-22,17
5936,2025-11-23,18
5936,2025-11-24,7
5936,2025-11-25,4
5936,2025-11-26,4
5936,2025-11-27,2
5936,2025-11-28,33
5936,2025-11-29,9
5936,2025-11-30,10
5936,2025-12-01,11
5936,2025-12-02,12
5936,2025-12-03,10
5936,2025-12-04,3
5936,2025-12-05,13
5936,2025-12-06,8
5936,2025-12-07,14
5936,2025-12-08,15
5936,2025-12-09,17
5936,2025-12-10,18
5936,2025-12-11,19
5936,2025-12-12,20
5936,2025-12-13,21
5936,2025-12-14,21
5936,2025-12-15,21
5936,2025-12-16,22
5936,2025-12-17,22
5936,2025-12-18,22
5936,2025-12-19,23
5936,2025-12-20,24
5936,2025-12-21,26
5947,2025-11-22,152
5947,2025-11-23,121
5947,2025-11-24,129
5947,2025-11-25,142
5947,2025-11-26,236
5947,2025-11-27,179
5947,2025-11-28,43
5947,2025-11-29,41
5947,2025-11-30,44
5947,2025-12-01,45
5947,2025-12-02,65
5947,2025-12-03,104
5947,2025-12-04,62
5947,2025-12-05,39
5947,2025-12-06,51
5947,2025-12-07,55
5947,2025-12-08,69
5947,2025-12-09,53
5947,2025-12-10,80
5947,2025-12-11,104
5947,2025-12-12,53
5947,2025-12-13,35
5947,2025-12-14,8
5947,2025-12-15,49
5947,2025-12-16,26
5947,2025-12-17,42
5947,2025-12-18,41
5947,2025-12-19,44
5947,2025-12-20,45
5947,2025-12-21,45
5951,2025-11-22,0
5951,2025-11-23,0
5951,2025-11-24,0
5951,2025-11-25,0
5951,2025-11-26,0
5951,2025-11-27,0
5951,2025-11-28,0
5951,2025-11-29,0
5951,2025-11-30,0
5951,2025-12-01,0
5951,2025-12-02,0
5951,2025-12-03,0
5951,2025-12-04,0
5951,2025-12-05,0
5951,2025-12-06,0
5951,2025-12-07,0
5951,2025-12-08,0
5951,2025-12-09,0
5951,2025-12-10,0
5951,2025-12-11,0
5951,2025-12-12,0
5951,2025-12-13,0
5951,2025-12-14,0
5951,2025-12-15,0
5951,2025-12-16,0
5951,2025-12-17,0
5951,2025-12-18,0
5951,2025-12-19,0
5951,2025-12-20,0
5951,2025-12-21,0
5986,2025-11-22,560
5986,2025-11-23,1242
5986,2025-11-24,883
5986,2025-11-25,684
5986,2025-11-26,893
5986,2025-11-27,2746
5986,2025-11-28,861
5986,2025-11-29,977
5986,2025-11-30,775
5986,2025-12-01,836
5986,2025-12-02,912
5986,2025-12-03,1464
5986,2025-12-04,3699
5986,2025-12-05,1019
5986,2025-12-06,1023
5986,2025-12-07,775
5986,2025-12-08,948
5986,2025-12-09,1048
5986,2025-12-10,1286
5986,2025-12-11,2860
5986,2025-12-12,1212
5986,2025-12-13,1042
5986,2025-12-14,881
5986,2025-12-15,998
5986,2025-12-16,1068
5986,2025-12-17,1732
5986,2025-12-18,5995
5986,2025-12-19,1504
5986,2025-12-20,1833
5986,2025-12-21,730
6037,2025-11-22,93
6037,2025-11-23,87
6037,2025-11-24,83
6037,2025-11-25,97
6037,2025-11-26,102
6037,2025-11-27,105
6037,2025-11-28,56
6037,2025-11-29,67
6037,2025-11-30,72
6037,2025-12-01,65
6037,2025-12-02,49
6037,2025-12-03,30
6037,2025-12-04,61
6037,2025-12-05,26
6037,2025-12-06,47
6037,2025-12-07,40
6037,2025-12-08,54
6037,2025-12-09,46
6037,2025-12-10,68
6037,2025-12-11,60
6037,2025-12-12,64
6037,2025-12-13,61
6037,2025-12-14,66
6037,2025-12-15,71
6037,2025-12-16,77
6037,2025-12-17,115
6037,2025-12-18,147
6037,2025-12-19,86
6037,2025-12-20,119
6037,2025-12-21,58
6081,2025-11-22,1
6081,2025-11-23,1
6081,2025-11-24,5
6081,2025-11-25,1
6081,2025-11-26,1
6081,2025-11-27,2
6081,2025-11-28,2
6081,2025-11-29,2
6081,2025-11-30,3
6081,2025-12-01,4
6081,2025-12-02,3
6081,2025-12-03,4
6081,2025-12-04,4
6081,2025-12-05,4
6081,2025-12-06,4
6081,2025-12-07,4
6081,2025-12-08,4
6081,2025-12-09,4
6081,2025-12-10,4
6081,2025-12-11,4
6081,2025-12-12,4
6081,2025-12-13,5
6081,2025-12-14,4
6081,2025-12-15,4
6081,2025-12-16,5
6081,2025-12-17,5
6081,2025-12-18,5
6081,2025-12-19,5
6081,2025-12-20,5
6081,2025-12-21,5
6093,2025-11-22,460
6093,2025-11-23,469
6093,2025-11-24,435
6093,2025-11-25,389
6093,2025-11-26,428
6093,2025-11-27,1040
6093,2025-11-28,598
6093,2025-11-29,275
6093,2025-11-30,226
6093,2025-12-01,359
6093,2025-12-02,431
6093,2025-12-03,591
6093,2025-12-04,715
6093,2025-12-05,648
6093,2025-12-06,436
6093,2025-12-07,307
6093,2025-12-08,406
6093,2025-12-09,418
6093,2025-12-10,378
6093,2025-12-11,806
6093,2025-12-12,694
6093,2025-12-13,746
6093,2025-12-14,483
6093,2025-12-15,396
6093,2025-12-16,430
6093,2025-12-17,568
6093,2025-12-18,709
6093,2025-12-19,429
6093,2025-12-20,417
6093,2025-12-21,295
6095,2025-11-22,206
6095,2025-11-23,306
6095,2025-11-24,169
6095,2025-11-25,174
6095,2025-11-26,248
6095,2025-11-27,488
6095,2025-11-28,68
6095,2025-11-29,70
6095,2025-11-30,55
6095,2025-12-01,72
6095,2025-12-02,94
6095,2025-12-03,159
6095,2025-12-04,156
6095,2025-12-05,73
6095,2025-12-06,140
6095,2025-12-07,139
6095,2025-12-08,125
6095,2025-12-09,113
6095,2025-12-10,216
6095,2025-12-11,201
6095,2025-12-12,73
6095,2025-12-13,88
6095,2025-12-14,84
6095,2025-12-15,102
6095,2025-12-16,295
6095,2025-12-17,308
6095,2025-12-18,350
6095,2025-12-19,128
6095,2025-12-20,278
6095,2025-12-21,76
6126,2025-11-22,0
6126,2025-11-23,0
6126,2025-11-24,0
6126,2025-11-25,0
6126,2025-11-26,0
6126,2025-11-27,0
6126,2025-11-28,0
6126,2025-11-29,0
6126,2025-11-30,0
6126,2025-12-01,0
6126,2025-12-02,0
6126,2025-12-03,0
6126,2025-12-04,0
6126,2025-12-05,0
6126,2025-12-06,0
6126,2025-12-07,0
6126,2025-12-08,0
6126,2025-12-09,0
6126,2025-12-10,0
6126,2025-12-11,0
6126,2025-12-12,0
6126,2025-12-13,0
6126,2025-12-14,0
6126,2025-12-15,0
6126,2025-12-16,0
6126,2025-12-17,0
6126,2025-12-18,0
6126,2025-12-19,0
6126,2025-12-20,0
6126,2025-12-21,0
6179,2025-11-22,1
6179,2025-11-23,0
6179,2025-11-24,0
6179,2025-11-25,2
6179,2025-11-26,2
6179,2025-11-27,2
6179,2025-11-28,3
6179,2025-11-29,1
6179,2025-11-30,1
6179,2025-12-01,1
6179,2025-12-02,1
6179,2025-12-03,1
6179,2025-12-04,1
6179,2025-12-05,1
6179,2025-12-06,1
6179,2025-12-07,2
6179,2025-12-08,2
6179,2025-12-09,2
6179,2025-12-10,2
6179,2025-12-11,2
6179,2025-12-12,20
6179,2025-12-13,2
6179,2025-12-14,8
6179,2025-12-15,2
6179,2025-12-16,2
6179,2025-12-17,2
6179,2025-12-18,2
6179,2025-12-19,3
6179,2025-12-20,3
6179,2025-12-21,3
6197,2025-11-22,5
6197,2025-11-23,5
6197,2025-11-24,0
6197,2025-11-25,7
6197,2025-11-26,0
6197,2025-11-27,0
6197,2025-11-28,1
6197,2025-11-29,1
6197,2025-11-30,1
6197,2025-12-01,1
6197,2025-12-02,1
6197,2025-12-03,1
6197,2025-12-04,4
6197,2025-12-05,1
6197,2025-12-06,1
6197,2025-12-07,1
6197,2025-12-08,1
6197,2025-12-09,1
6197,2025-12-10,1
6197,2025-12-11,1
6197,2025-12-12,1
6197,2025-12-13,1
6197,2025-12-14,1
6197,2025-12-15,1
6197,2025-12-16,1
6197,2025-12-17,1
6197,2025-12-18,1
6197,2025-12-19,1
6197,2025-12-20,1
6197,2025-12-21,1
6235,2025-11-22,2
6235,2025-11-23,3
6235,2025-11-24,1
6235,2025-11-25,2
6235,2025-11-26,2
6235,2025-11-27,2
6235,2025-11-28,2
6235,2025-11-29,2
6235,2025-11-30,3
6235,2025-12-01,3
6235,2025-12-02,3
6235,2025-12-03,3
6235,2025-12-04,4
6235,2025-12-05,4
6235,2025-12-06,4
6235,2025-12-07,13
6235,2025-12-08,5
6235,2025-12-09,5
6235,2025-12-10,6
6235,2025-12-11,6
6235,2025-12-12,6
6235,2025-12-13,7
6235,2025-12-14,7
6235,2025-12-15,8
6235,2025-12-16,8
6235,2025-12-17,9
6235,2025-12-18,10
6235,2025-12-19,10
6235,2025-12-20,11
6235,2025-12-21,1
6248,2025-11-22,1518
6248,2025-11-23,1433
6248,2025-11-24,1238
6248,2025-11-25,1388
6248,2025-11-26,2197
6248,2025-11-27,2983
6248,2025-11-28,909
6248,2025-11-29,454
6248,2025-11-30,642
6248,2025-12-01,605
6248,2025-12-02,694
6248,2025-12-03,1066
6248,2025-12-04,1773
6248,2025-12-05,1035
6248,2025-12-06,919
6248,2025-12-07,853
6248,2025-12-08,688
6248,2025-12-09,948
6248,2025-12-10,1268
6248,2025-12-11,2174
6248,2025-12-12,686
6248,2025-12-13,314
6248,2025-12-14,747
6248,2025-12-15,700
6248,2025-12-16,863
6248,2025-12-17,646
6248,2025-12-18,1296
6248,2025-12-19,300
6248,2025-12-20,376
6248,2025-12-21,444
6249,2025-11-22,16
6249,2025-11-23,69
6249,2025-11-24,16
6249,2025-11-25,23
6249,2025-11-26,47
6249,2025-11-27,53
6249,2025-11-28,19
6249,2025-11-29,18
6249,2025-11-30,43
6249,2025-12-01,9
6249,2025-12-02,14
6249,2025-12-03,30
6249,2025-12-04,22
6249,2025-12-05,12
6249,2025-12-06,12
6249,2025-12-07,13
6249,2025-12-08,7
6249,2025-12-09,8
6249,2025-12-10,25
6249,2025-12-11,9
6249,2025-12-12,10
6249,2025-12-13,22
6249,2025-12-14,12
6249,2025-12-15,13
6249,2025-12-16,14
6249,2025-12-17,15
6249,2025-12-18,33
6249,2025-12-19,56
6249,2025-12-20,21
6249,2025-12-21,23
6261,2025-11-22,10
6261,2025-11-23,20
6261,2025-11-24,10
6261,2025-11-25,17
6261,2025-11-26,12
6261,2025-11-27,31
6261,2025-11-28,8
6261,2025-11-29,11
6261,2025-11-30,13
6261,2025-12-01,13
6261,2025-12-02,15
6261,2025-12-03,15
6261,2025-12-04,16
6261,2025-12-05,35
6261,2025-12-06,9
6261,2025-12-07,10
6261,2025-12-08,11
6261,2025-12-09,12
6261,2025-12-10,13
6261,2025-12-11,14
6261,2025-12-12,15
6261,2025-12-13,17
6261,2025-12-14,18
6261,2025-12-15,19
6261,2025-12-16,41
6261,2025-12-17,45
6261,2025-12-18,25
6261,2025-12-19,44
6261,2025-12-20,45
6261,2025-12-21,44
6268,2025-11-22,2499
6268,2025-11-23,2308
6268,2025-11-24,2115
6268,2025-11-25,2150
6268,2025-11-26,3107
6268,2025-11-27,3877
6268,2025-11-28,1475
6268,2025-11-29,1666
6268,2025-11-30,1335
6268,2025-12-01,1422
6268,2025-12-02,1146
6268,2025-12-03,1808
6268,2025-12-04,2223
6268,2025-12-05,1255
6268,2025-12-06,902
6268,2025-12-07,862
6268,2025-12-08,962
6268,2025-12-09,1034
6268,2025-12-10,1716
6268,2025-12-11,1919
6268,2025-12-12,974
6268,2025-12-13,710
6268,2025-12-14,592
6268,2025-12-15,628
6268,2025-12-16,962
6268,2025-12-17,1798
6268,2025-12-18,2241
6268,2025-12-19,1210
6268,2025-12-20,833
6268,2025-12-21,335
6287,2025-11-22,61
6287,2025-11-23,78
6287,2025-11-24,63
6287,2025-11-25,58
6287,2025-11-26,71
6287,2025-11-27,95
6287,2025-11-28,62
6287,2025-11-29,39
6287,2025-11-30,56
6287,2025-12-01,30
6287,2025-12-02,45
6287,2025-12-03,44
6287,2025-12-04,66
6287,2025-12-05,70
6287,2025-12-06,43
6287,2025-12-07,46
6287,2025-12-08,43
6287,2025-12-09,46
6287,2025-12-10,49
6287,2025-12-11,67
6287,2025-12-12,64
6287,2025-12-13,60
6287,2025-12-14,65
6287,2025-12-15,80
6287,2025-12-16,65
6287,2025-12-17,70
6287,2025-12-18,101
6287,2025-12-19,82
6287,2025-12-20,104
6287,2025-12-21,32
6379,2025-11-22,0
6379,2025-11-23,0
6379,2025-11-24,0
6379,2025-11-25,0
6379,2025-11-26,0
6379,2025-11-27,0
6379,2025-11-28,0
6379,2025-11-29,0
6379,2025-11-30,0
6379,2025-12-01,0
6379,2025-12-02,0
6379,2025-12-03,0
6379,2025-12-04,0
6379,2025-12-05,0
6379,2025-12-06,0
6379,2025-12-07,0
6379,2025-12-08,0
6379,2025-12-09,0
6379,2025-12-10,0
6379,2025-12-11,0
6379,2025-12-12,0
6379,2025-12-13,0
6379,2025-12-14,0
6379,2025-12-15,0
6379,2025-12-16,0
6379,2025-12-17,0
6379,2025-12-18,0
6379,2025-12-19,0
6379,2025-12-20,0
6379,2025-12-21,0
6397,2025-11-22,0
6397,2025-11-23,0
6397,2025-11-24,0
6397,2025-11-25,0
6397,2025-11-26,0
6397,2025-11-27,0
6397,2025-11-28,1
6397,2025-11-29,1
6397,2025-11-30,1
6397,2025-12-01,1
6397,2025-12-02,1
6397,2025-12-03,1
6397,2025-12-04,1
6397,2025-12-05,1
6397,2025-12-06,1
6397,2025-12-07,1
6397,2025-12-08,1
6397,2025-12-09,1
6397,2025-12-10,1
6397,2025-12-11,1
6397,2025-12-12,1
6397,2025-12-13,1
6397,2025-12-14,1
6397,2025-12-15,1
6397,2025-12-16,1
6397,2025-12-17,1
6397,2025-12-18,1
6397,2025-12-19,1
6397,2025-12-20,1
6397,2025-12-21,1
6418,2025-11-22,48
6418,2025-11-23,68
6418,2025-11-24,54
6418,2025-11-25,43
6418,2025-11-26,56
6418,2025-11-27,88
6418,2025-11-28,38
6418,2025-11-29,7
6418,2025-11-30,11
6418,2025-12-01,20
6418,2025-12-02,13
6418,2025-12-03,24
6418,2025-12-04,43
6418,2025-12-05,20
6418,2025-12-06,32
6418,2025-12-07,41
6418,2025-12-08,52
6418,2025-12-09,57
6418,2025-12-10,62
6418,2025-12-11,127
6418,2025-12-12,21
6418,2025-12-13,43
6418,2025-12-14,13
6418,2025-12-15,27
6418,2025-12-16,74
6418,2025-12-17,64
6418,2025-12-18,122
6418,2025-12-19,58
6418,2025-12-20,60
6418,2025-12-21,59
6430,2025-11-22,2
6430,2025-11-23,2
6430,2025-11-24,1
6430,2025-11-25,1
6430,2025-11-26,2
6430,2025-11-27,8
6430,2025-11-28,4
6430,2025-11-29,2
6430,2025-11-30,5
6430,2025-12-01,4
6430,2025-12-02,6
6430,2025-12-03,5
6430,2025-12-04,3
6430,2025-12-05,7
6430,2025-12-06,7
6430,2025-12-07,8
6430,2025-12-08,8
6430,2025-12-09,8
6430,2025-12-10,8
6430,2025-12-11,8
6430,2025-12-12,8
6430,2025-12-13,9
6430,2025-12-14,9
6430,2025-12-15,9
6430,2025-12-16,9
6430,2025-12-17,9
6430,2025-12-18,9
6430,2025-12-19,10
6430,2025-12-20,10
6430,2025-12-21,10
6473,2025-11-22,0
6473,2025-11-23,0
6473,2025-11-24,0
6473,2025-11-25,0
6473,2025-11-26,0
6473,2025-11-27,0
6473,2025-11-28,0
6473,2025-11-29,0
6473,2025-11-30,0
6473,2025-12-01,0
6473,2025-12-02,0
6473,2025-12-03,0
6473,2025-12-04,0
6473,2025-12-05,0
6473,2025-12-06,0
6473,2025-12-07,0
6473,2025-12-08,0
6473,2025-12-09,0
6473,2025-12-10,0
6473,2025-12-11,0
6473,2025-12-12,0
6473,2025-12-13,0
6473,2025-12-14,0
6473,2025-12-15,0
6473,2025-12-16,0
6473,2025-12-17,0
6473,2025-12-18,0
6473,2025-12-19,0
6473,2025-12-20,0
6473,2025-12-21,0
6507,2025-11-22,7
6507,2025-11-23,8
6507,2025-11-24,4
6507,2025-11-25,3
6507,2025-11-26,8
6507,2025-11-27,8
6507,2025-11-28,5
6507,2025-11-29,2
6507,2025-11-30,3
6507,2025-12-01,3
6507,2025-12-02,3
6507,2025-12-03,11
6507,2025-12-04,4
6507,2025-12-05,4
6507,2025-12-06,14
6507,2025-12-07,15
6507,2025-12-08,5
6507,2025-12-09,12
6507,2025-12-10,5
6507,2025-12-11,6
6507,2025-12-12,6
6507,2025-12-13,6
6507,2025-12-14,7
6507,2025-12-15,7
6507,2025-12-16,7
6507,2025-12-17,8
6507,2025-12-18,8
6507,2025-12-19,8
6507,2025-12-20,8
6507,2025-12-21,9
6520,2025-11-22,4237
6520,2025-11-23,3711
6520,2025-11-24,3485
6520,2025-11-25,3738
6520,2025-11-26,3644
6520,2025-11-27,3194
6520,2025-11-28,1649
6520,2025-11-29,1744
6520,2025-11-30,1678
6520,2025-12-01,2383
6520,2025-12-02,2557
6520,2025-12-03,2857
6520,2025-12-04,3198
6520,2025-12-05,1720
6520,2025-12-06,2070
6520,2025-12-07,2228
6520,2025-12-08,2465
6520,2025-12-09,2965
6520,2025-12-10,2542
6520,2025-12-11,3014
6520,2025-12-12,1940
6520,2025-12-13,2072
6520,2025-12-14,1971
6520,2025-12-15,2384
6520,2025-12-16,3093
6520,2025-12-17,4953
6520,2025-12-18,4686
6520,2025-12-19,2336
6520,2025-12-20,2257
6520,2025-12-21,1109
6553,2025-11-22,2
6553,2025-11-23,3
6553,2025-11-24,1
6553,2025-11-25,1
6553,2025-11-26,2
6553,2025-11-27,2
6553,2025-11-28,2
6553,2025-11-29,2
6553,2025-11-30,3
6553,2025-12-01,3
6553,2025-12-02,4
6553,2025-12-03,4
6553,2025-12-04,4
6553,2025-12-05,5
6553,2025-12-06,5
6553,2025-12-07,5
6553,2025-12-08,5
6553,2025-12-09,6
6553,2025-12-10,6
6553,2025-12-11,6
6553,2025-12-12,6
6553,2025-12-13,6
6553,2025-12-14,7
6553,2025-12-15,7
6553,2025-12-16,8
6553,2025-12-17,9
6553,2025-12-18,10
6553,2025-12-19,10
6553,2025-12-20,11
6553,2025-12-21,7
6563,2025-11-22,10
6563,2025-11-23,9
6563,2025-11-24,10
6563,2025-11-25,4
6563,2025-11-26,8
6563,2025-11-27,9
6563,2025-11-28,5
6563,2025-11-29,6
6563,2025-11-30,6
6563,2025-12-01,7
6563,2025-12-02,7
6563,2025-12-03,8
6563,2025-12-04,12
6563,2025-12-05,17
6563,2025-12-06,9
6563,2025-12-07,10
6563,2025-12-08,11
6563,2025-12-09,11
6563,2025-12-10,12
6563,2025-12-11,19
6563,2025-12-12,14
6563,2025-12-13,15
6563,2025-12-14,16
6563,2025-12-15,17
6563,2025-12-16,18
6563,2025-12-17,19
6563,2025-12-18,21
6563,2025-12-19,22
6563,2025-12-20,24
6563,2025-12-21,4
6593,2025-11-22,0
6593,2025-11-23,0
6593,2025-11-24,0
6593,2025-11-25,0
6593,2025-11-26,0
6593,2025-11-27,2
6593,2025-11-28,0
6593,2025-11-29,0
6593,2025-11-30,0
6593,2025-12-01,0
6593,2025-12-02,0
6593,2025-12-03,0
6593,2025-12-04,0
6593,2025-12-05,0
6593,2025-12-06,0
6593,2025-12-07,0
6593,2025-12-08,0
6593,2025-12-09,0
6593,2025-12-10,0
6593,2025-12-11,0
6593,2025-12-12,0
6593,2025-12-13,0
6593,2025-12-14,7
6593,2025-12-15,0
6593,2025-12-16,0
6593,2025-12-17,0
6593,2025-12-18,0
6593,2025-12-19,0
6593,2025-12-20,0
6593,2025-12-21,0
6603,2025-11-22,0
6603,2025-11-23,0
6603,2025-11-24,0
6603,2025-11-25,0
6603,2025-11-26,0
6603,2025-11-27,0
6603,2025-11-28,0
6603,2025-11-29,0
6603,2025-11-30,0
6603,2025-12-01,0
6603,2025-12-02,0
6603,2025-12-03,0
6603,2025-12-04,0
6603,2025-12-05,0
6603,2025-12-06,0
6603,2025-12-07,0
6603,2025-12-08,0
6603,2025-12-09,0
6603,2025-12-10,0
6603,2025-12-11,0
6603,2025-12-12,0
6603,2025-12-13,0
6603,2025-12-14,0
6603,2025-12-15,0
6603,2025-12-16,0
6603,2025-12-17,0
6603,2025-12-18,0
6603,2025-12-19,0
6603,2025-12-20,0
6603,2025-12-21,0
6613,2025-11-22,6
6613,2025-11-23,4
6613,2025-11-24,1
6613,2025-11-25,2
6613,2025-11-26,2
6613,2025-11-27,2
6613,2025-11-28,3
6613,2025-11-29,3
6613,2025-11-30,4
6613,2025-12-01,4
6613,2025-12-02,5
6613,2025-12-03,29
6613,2025-12-04,40
6613,2025-12-05,34
6613,2025-12-06,6
6613,2025-12-07,6
6613,2025-12-08,7
6613,2025-12-09,6
6613,2025-12-10,7
6613,2025-12-11,7
6613,2025-12-12,7
6613,2025-12-13,7
6613,2025-12-14,8
6613,2025-12-15,8
6613,2025-12-16,9
6613,2025-12-17,9
6613,2025-12-18,12
6613,2025-12-19,9
6613,2025-12-20,9
6613,2025-12-21,9
6662,2025-11-22,78
6662,2025-11-23,66
6662,2025-11-24,94
6662,2025-11-25,107
6662,2025-11-26,87
6662,2025-11-27,227
6662,2025-11-28,101
6662,2025-11-29,64
6662,2025-11-30,70
6662,2025-12-01,61
6662,2025-12-02,112
6662,2025-12-03,131
6662,2025-12-04,271
6662,2025-12-05,160
6662,2025-12-06,121
6662,2025-12-07,106
6662,2025-12-08,168
6662,2025-12-09,137
6662,2025-12-10,186
6662,2025-12-11,219
6662,2025-12-12,145
6662,2025-12-13,146
6662,2025-12-14,126
6662,2025-12-15,124
6662,2025-12-16,147
6662,2025-12-17,199
6662,2025-12-18,420
6662,2025-12-19,63
6662,2025-12-20,70
6662,2025-12-21,38
6692,2025-11-22,0
6692,2025-11-23,0
6692,2025-11-24,0
6692,2025-11-25,0
6692,2025-11-26,0
6692,2025-11-27,0
6692,2025-11-28,0
6692,2025-11-29,0
6692,2025-11-30,0
6692,2025-12-01,0
6692,2025-12-02,0
6692,2025-12-03,0
6692,2025-12-04,0
6692,2025-12-05,0
6692,2025-12-06,0
6692,2025-12-07,0
6692,2025-12-08,0
6692,2025-12-09,0
6692,2025-12-10,0
6692,2025-12-11,0
6692,2025-12-12,0
6692,2025-12-13,0
6692,2025-12-14,0
6692,2025-12-15,0
6692,2025-12-16,0
6692,2025-12-17,0
6692,2025-12-18,0
6692,2025-12-19,0
6692,2025-12-20,0
6692,2025-12-21,0
6720,2025-11-22,17
6720,2025-11-23,48
6720,2025-11-24,28
6720,2025-11-25,13
6720,2025-11-26,45
6720,2025-11-27,154
6720,2025-11-28,47
6720,2025-11-29,15
6720,2025-11-30,9
6720,2025-12-01,24
6720,2025-12-02,37
6720,2025-12-03,35
6720,2025-12-04,52
6720,2025-12-05,21
6720,2025-12-06,23
6720,2025-12-07,26
6720,2025-12-08,56
6720,2025-12-09,20
6720,2025-12-10,22
6720,2025-12-11,37
6720,2025-12-12,32
6720,2025-12-13,35
6720,2025-12-14,39
6720,2025-12-15,52
6720,2025-12-16,49
6720,2025-12-17,21
6720,2025-12-18,45
6720,2025-12-19,59
6720,2025-12-20,65
6720,2025-12-21,68
6728,2025-11-22,0
6728,2025-11-23,0
6728,2025-11-24,0
6728,2025-11-25,0
6728,2025-11-26,2
6728,2025-11-27,2
6728,2025-11-28,2
6728,2025-11-29,3
6728,2025-11-30,3
6728,2025-12-01,3
6728,2025-12-02,3
6728,2025-12-03,0
6728,2025-12-04,0
6728,2025-12-05,0
6728,2025-12-06,0
6728,2025-12-07,0
6728,2025-12-08,0
6728,2025-12-09,0
6728,2025-12-10,0
6728,2025-12-11,0
6728,2025-12-12,0
6728,2025-12-13,0
6728,2025-12-14,0
6728,2025-12-15,0
6728,2025-12-16,0
6728,2025-12-17,0
6728,2025-12-18,0
6728,2025-12-19,1
6728,2025-12-20,1
6728,2025-12-21,1
6733,2025-11-22,101
6733,2025-11-23,86
6733,2025-11-24,96
6733,2025-11-25,91
6733,2025-11-26,102
6733,2025-11-27,97
6733,2025-11-28,58
6733,2025-11-29,76
6733,2025-11-30,73
6733,2025-12-01,94
6733,2025-12-02,68
6733,2025-12-03,62
6733,2025-12-04,81
6733,2025-12-05,68
6733,2025-12-06,27
6733,2025-12-07,17
6733,2025-12-08,37
6733,2025-12-09,41
6733,2025-12-10,44
6733,2025-12-11,40
6733,2025-12-12,42
6733,2025-12-13,45
6733,2025-12-14,49
6733,2025-12-15,105
6733,2025-12-16,102
6733,2025-12-17,110
6733,2025-12-18,92
6733,2025-12-19,43
6733,2025-12-20,46
6733,2025-12-21,77
6738,2025-11-22,0
6738,2025-11-23,0
6738,2025-11-24,0
6738,2025-11-25,0
6738,2025-11-26,0
6738,2025-11-27,0
6738,2025-11-28,0
6738,2025-11-29,0
6738,2025-11-30,0
6738,2025-12-01,0
6738,2025-12-02,0
6738,2025-12-03,0
6738,2025-12-04,0
6738,2025-12-05,0
6738,2025-12-06,0
6738,2025-12-07,0
6738,2025-12-08,0
6738,2025-12-09,0
6738,2025-12-10,0
6738,2025-12-11,0
6738,2025-12-12,0
6738,2025-12-13,0
6738,2025-12-14,0
6738,2025-12-15,0
6738,2025-12-16,0
6738,2025-12-17,0
6738,2025-12-18,0
6738,2025-12-19,0
6738,2025-12-20,0
6738,2025-12-21,0
6752,2025-11-22,165
6752,2025-11-23,151
6752,2025-11-24,187
6752,2025-11-25,263
6752,2025-11-26,347
6752,2025-11-27,413
6752,2025-11-28,168
6752,2025-11-29,91
6752,2025-11-30,71
6752,2025-12-01,142
6752,2025-12-02,97
6752,2025-12-03,154
6752,2025-12-04,296
6752,2025-12-05,42
6752,2025-12-06,113
6752,2025-12-07,162
6752,2025-12-08,157
6752,2025-12-09,159
6752,2025-12-10,121
6752,2025-12-11,173
6752,2025-12-12,70
6752,2025-12-13,75
6752,2025-12-14,81
6752,2025-12-15,145
6752,2025-12-16,172
6752,2025-12-17,319
6752,2025-12-18,309
6752,2025-12-19,196
6752,2025-12-20,233
6752,2025-12-21,92
6753,2025-11-22,12
6753,2025-11-23,56
6753,2025-11-24,6
6753,2025-11-25,12
6753,2025-11-26,24
6753,2025-11-27,52
6753,2025-11-28,33
6753,2025-11-29,27
6753,2025-11-30,41
6753,2025-12-01,24
6753,2025-12-02,26
6753,2025-12-03,9
6753,2025-12-04,42
6753,2025-12-05,40
6753,2025-12-06,42
6753,2025-12-07,41
6753,2025-12-08,40
6753,2025-12-09,28
6753,2025-12-10,22
6753,2025-12-11,47
6753,2025-12-12,25
6753,2025-12-13,27
6753,2025-12-14,42
6753,2025-12-15,20
6753,2025-12-16,44
6753,2025-12-17,46
6753,2025-12-18,46
6753,2025-12-19,46
6753,2025-12-20,46
6753,2025-12-21,46
6782,2025-11-22,106
6782,2025-11-23,128
6782,2025-11-24,138
6782,2025-11-25,72
6782,2025-11-26,68
6782,2025-11-27,113
6782,2025-11-28,33
6782,2025-11-29,48
6782,2025-11-30,49
6782,2025-12-01,47
6782,2025-12-02,52
6782,2025-12-03,89
6782,2025-12-04,151
6782,2025-12-05,26
6782,2025-12-06,49
6782,2025-12-07,8
6782,2025-12-08,8
6782,2025-12-09,9
6782,2025-12-10,50
6782,2025-12-11,77
6782,2025-12-12,49
6782,2025-12-13,54
6782,2025-12-14,15
6782,2025-12-15,64
6782,2025-12-16,69
6782,2025-12-17,19
6782,2025-12-18,200
6782,2025-12-19,22
6782,2025-12-20,23
6782,2025-12-21,63
6862,2025-11-22,61
6862,2025-11-23,54
6862,2025-11-24,19
6862,2025-11-25,21
6862,2025-11-26,45
6862,2025-11-27,92
6862,2025-11-28,13
6862,2025-11-29,40
6862,2025-11-30,49
6862,2025-12-01,14
6862,2025-12-02,10
6862,2025-12-03,44
6862,2025-12-04,61
6862,2025-12-05,7
6862,2025-12-06,21
6862,2025-12-07,24
6862,2025-12-08,52
6862,2025-12-09,58
6862,2025-12-10,39
6862,2025-12-11,41
6862,2025-12-12,43
6862,2025-12-13,44
6862,2025-12-14,47
6862,2025-12-15,49
6862,2025-12-16,48
6862,2025-12-17,50
6862,2025-12-18,44
6862,2025-12-19,56
6862,2025-12-20,62
6862,2025-12-21,62
6886,2025-11-22,3134
6886,2025-11-23,3029
6886,2025-11-24,2980
6886,2025-11-25,2617
6886,2025-11-26,3212
6886,2025-11-27,3521
6886,2025-11-28,1401
6886,2025-11-29,1440
6886,2025-11-30,1626
6886,2025-12-01,2106
6886,2025-12-02,2073
6886,2025-12-03,2954
6886,2025-12-04,3413
6886,2025-12-05,1659
6886,2025-12-06,1903
6886,2025-12-07,1531
6886,2025-12-08,1835
6886,2025-12-09,1837
6886,2025-12-10,2822
6886,2025-12-11,4061
6886,2025-12-12,1694
6886,2025-12-13,1679
6886,2025-12-14,1341
6886,2025-12-15,1380
6886,2025-12-16,2197
6886,2025-12-17,2216
6886,2025-12-18,2749
6886,2025-12-19,1370
6886,2025-12-20,1605
6886,2025-12-21,859
6888,2025-11-22,0
6888,2025-11-23,0
6888,2025-11-24,0
6888,2025-11-25,0
6888,2025-11-26,0
6888,2025-11-27,0
6888,2025-11-28,0
6888,2025-11-29,0
6888,2025-11-30,0
6888,2025-12-01,0
6888,2025-12-02,0
6888,2025-12-03,0
6888,2025-12-04,0
6888,2025-12-05,0
6888,2025-12-06,0
6888,2025-12-07,0
6888,2025-12-08,0
6888,2025-12-09,0
6888,2025-12-10,0
6888,2025-12-11,0
6888,2025-12-12,0
6888,2025-12-13,0
6888,2025-12-14,0
6888,2025-12-15,0
6888,2025-12-16,0
6888,2025-12-17,0
6888,2025-12-18,0
6888,2025-12-19,0
6888,2025-12-20,0
6888,2025-12-21,0
6912,2025-11-22,0
6912,2025-11-23,0
6912,2025-11-24,0
6912,2025-11-25,0
6912,2025-11-26,0
6912,2025-11-27,0
6912,2025-11-28,0
6912,2025-11-29,0
6912,2025-11-30,0
6912,2025-12-01,0
6912,2025-12-02,0
6912,2025-12-03,0
6912,2025-12-04,0
6912,2025-12-05,0
6912,2025-12-06,0
6912,2025-12-07,0
6912,2025-12-08,0
6912,2025-12-09,0
6912,2025-12-10,0
6912,2025-12-11,0
6912,2025-12-12,0
6912,2025-12-13,0
6912,2025-12-14,0
6912,2025-12-15,0
6912,2025-12-16,0
6912,2025-12-17,0
6912,2025-12-18,0
6912,2025-12-19,0
6912,2025-12-20,0
6912,2025-12-21,0
6930,2025-11-22,6
6930,2025-11-23,3
6930,2025-11-24,3
6930,2025-11-25,3
6930,2025-11-26,6
6930,2025-11-27,29
6930,2025-11-28,10
6930,2025-11-29,15
6930,2025-11-30,15
6930,2025-12-01,14
6930,2025-12-02,16
6930,2025-12-03,16
6930,2025-12-04,16
6930,2025-12-05,16
6930,2025-12-06,16
6930,2025-12-07,15
6930,2025-12-08,16
6930,2025-12-09,6
6930,2025-12-10,6
6930,2025-12-11,17
6930,2025-12-12,20
6930,2025-12-13,20
6930,2025-12-14,20
6930,2025-12-15,20
6930,2025-12-16,20
6930,2025-12-17,21
6930,2025-12-18,22
6930,2025-12-19,23
6930,2025-12-20,25
6930,2025-12-21,25
6986,2025-11-22,9
6986,2025-11-23,52
6986,2025-11-24,23
6986,2025-11-25,11
6986,2025-11-26,48
6986,2025-11-27,91
6986,2025-11-28,6
6986,2025-11-29,3
6986,2025-11-30,5
6986,2025-12-01,6
6986,2025-12-02,6
6986,2025-12-03,10
6986,2025-12-04,46
6986,2025-12-05,8
6986,2025-12-06,8
6986,2025-12-07,9
6986,2025-12-08,70
6986,2025-12-09,10
6986,2025-12-10,53
6986,2025-12-11,200
6986,2025-12-12,54
6986,2025-12-13,12
6986,2025-12-14,13
6986,2025-12-15,14
6986,2025-12-16,14
6986,2025-12-17,15
6986,2025-12-18,138
6986,2025-12-19,16
6986,2025-12-20,17
6986,2025-12-21,19
7008,2025-11-22,83
7008,2025-11-23,62
7008,2025-11-24,57
7008,2025-11-25,64
7008,2025-11-26,75
7008,2025-11-27,59
7008,2025-11-28,0
7008,2025-11-29,15
7008,2025-11-30,7
7008,2025-12-01,7
7008,2025-12-02,12
7008,2025-12-03,17
7008,2025-12-04,23
7008,2025-12-05,26
7008,2025-12-06,29
7008,2025-12-07,18
7008,2025-12-08,32
7008,2025-12-09,48
7008,2025-12-10,23
7008,2025-12-11,33
7008,2025-12-12,42
7008,2025-12-13,40
7008,2025-12-14,48
7008,2025-12-15,49
7008,2025-12-16,49
7008,2025-12-17,50
7008,2025-12-18,50
7008,2025-12-19,50
7008,2025-12-20,37
7008,2025-12-21,51
7029,2025-11-22,0
7029,2025-11-23,0
7029,2025-11-24,0
7029,2025-11-25,0
7029,2025-11-26,0
7029,2025-11-27,0
7029,2025-11-28,0
7029,2025-11-29,0
7029,2025-11-30,0
7029,2025-12-01,0
7029,2025-12-02,0
7029,2025-12-03,0
7029,2025-12-04,0
7029,2025-12-05,0
7029,2025-12-06,0
7029,2025-12-07,0
7029,2025-12-08,0
7029,2025-12-09,0
7029,2025-12-10,0
7029,2025-12-11,0
7029,2025-12-12,0
7029,2025-12-13,0
7029,2025-12-14,0
7029,2025-12-15,0
7029,2025-12-16,0
7029,2025-12-17,0
7029,2025-12-18,0
7029,2025-12-19,0
7029,2025-12-20,0
7029,2025-12-21,0
7039,2025-11-22,25
7039,2025-11-23,14
7039,2025-11-24,21
7039,2025-11-25,8
7039,2025-11-26,5
7039,2025-11-27,6
7039,2025-11-28,4
7039,2025-11-29,4
7039,2025-11-30,8
7039,2025-12-01,8
7039,2025-12-02,8
7039,2025-12-03,8
7039,2025-12-04,6
7039,2025-12-05,5
7039,2025-12-06,5
7039,2025-12-07,5
7039,2025-12-08,5
7039,2025-12-09,8
7039,2025-12-10,2
7039,2025-12-11,3
7039,2025-12-12,3
7039,2025-12-13,3
7039,2025-12-14,3
7039,2025-12-15,33
7039,2025-12-16,34
7039,2025-12-17,2
7039,2025-12-18,5
7039,2025-12-19,2
7039,2025-12-20,2
7039,2025-12-21,38
7040,2025-11-22,5
7040,2025-11-23,5
7040,2025-11-24,1
7040,2025-11-25,1
7040,2025-11-26,1
7040,2025-11-27,1
7040,2025-11-28,1
7040,2025-11-29,2
7040,2025-11-30,5
7040,2025-12-01,2
7040,2025-12-02,2
7040,2025-12-03,14
7040,2025-12-04,2
7040,2025-12-05,2
7040,2025-12-06,2
7040,2025-12-07,2
7040,2025-12-08,10
7040,2025-12-09,3
7040,2025-12-10,28
7040,2025-12-11,3
7040,2025-12-12,3
7040,2025-12-13,3
7040,2025-12-14,3
7040,2025-12-15,3
7040,2025-12-16,3
7040,2025-12-17,3
7040,2025-12-18,3
7040,2025-12-19,3
7040,2025-12-20,3
7040,2025-12-21,3
7049,2025-11-22,127
7049,2025-11-23,141
7049,2025-11-24,120
7049,2025-11-25,216
7049,2025-11-26,302
7049,2025-11-27,238
7049,2025-11-28,69
7049,2025-11-29,71
7049,2025-11-30,72
7049,2025-12-01,76
7049,2025-12-02,86
7049,2025-12-03,73
7049,2025-12-04,176
7049,2025-12-05,14
7049,2025-12-06,15
7049,2025-12-07,16
7049,2025-12-08,58
7049,2025-12-09,169
7049,2025-12-10,209
7049,2025-12-11,181
7049,2025-12-12,15
7049,2025-12-13,74
7049,2025-12-14,79
7049,2025-12-15,84
7049,2025-12-16,90
7049,2025-12-17,96
7049,2025-12-18,102
7049,2025-12-19,108
7049,2025-12-20,115
7049,2025-12-21,95
7058,2025-11-22,103
7058,2025-11-23,76
7058,2025-11-24,82
7058,2025-11-25,84
7058,2025-11-26,138
7058,2025-11-27,127
7058,2025-11-28,108
7058,2025-11-29,96
7058,2025-11-30,57
7058,2025-12-01,33
7058,2025-12-02,13
7058,2025-12-03,67
7058,2025-12-04,80
7058,2025-12-05,25
7058,2025-12-06,67
7058,2025-12-07,53
7058,2025-12-08,21
7058,2025-12-09,34
7058,2025-12-10,97
7058,2025-12-11,65
7058,2025-12-12,28
7058,2025-12-13,15
7058,2025-12-14,16
7058,2025-12-15,18
7058,2025-12-16,57
7058,2025-12-17,143
7058,2025-12-18,133
7058,2025-12-19,50
7058,2025-12-20,13
7058,2025-12-21,56
7127,2025-11-22,3770
7127,2025-11-23,3548
7127,2025-11-24,2816
7127,2025-11-25,3118
7127,2025-11-26,4433
7127,2025-11-27,5576
7127,2025-11-28,2499
7127,2025-11-29,1735
7127,2025-11-30,1591
7127,2025-12-01,1935
7127,2025-12-02,2173
7127,2025-12-03,3238
7127,2025-12-04,3665
7127,2025-12-05,1888
7127,2025-12-06,1667
7127,2025-12-07,1399
7127,2025-12-08,1435
7127,2025-12-09,1359
7127,2025-12-10,1886
7127,2025-12-11,2472
7127,2025-12-12,1141
7127,2025-12-13,999
7127,2025-12-14,1615
7127,2025-12-15,1672
7127,2025-12-16,1906
7127,2025-12-17,3505
7127,2025-12-18,3695
7127,2025-12-19,1769
7127,2025-12-20,1787
7127,2025-12-21,463
7154,2025-11-22,0
7154,2025-11-23,0
7154,2025-11-24,0
7154,2025-11-25,0
7154,2025-11-26,0
7154,2025-11-27,0
7154,2025-11-28,0
7154,2025-11-29,0
7154,2025-11-30,0
7154,2025-12-01,0
7154,2025-12-02,0
7154,2025-12-03,0
7154,2025-12-04,0
7154,2025-12-05,0
7154,2025-12-06,0
7154,2025-12-07,0
7154,2025-12-08,0
7154,2025-12-09,0
7154,2025-12-10,0
7154,2025-12-11,0
7154,2025-12-12,0
7154,2025-12-13,0
7154,2025-12-14,0
7154,2025-12-15,0
7154,2025-12-16,0
7154,2025-12-17,0
7154,2025-12-18,0
7154,2025-12-19,0
7154,2025-12-20,0
7154,2025-12-21,0
7201,2025-11-22,382
7201,2025-11-23,284
7201,2025-11-24,340
7201,2025-11-25,388
7201,2025-11-26,604
7201,2025-11-27,621
7201,2025-11-28,314
7201,2025-11-29,218
7201,2025-11-30,109
7201,2025-12-01,135
7201,2025-12-02,146
7201,2025-12-03,223
7201,2025-12-04,322
7201,2025-12-05,193
7201,2025-12-06,130
7201,2025-12-07,175
7201,2025-12-08,206
7201,2025-12-09,236
7201,2025-12-10,221
7201,2025-12-11,219
7201,2025-12-12,222
7201,2025-12-13,184
7201,2025-12-14,170
7201,2025-12-15,160
7201,2025-12-16,179
7201,2025-12-17,192
7201,2025-12-18,479
7201,2025-12-19,242
7201,2025-12-20,337
7201,2025-12-21,35
7221,2025-11-22,778
7221,2025-11-23,637
7221,2025-11-24,522
7221,2025-11-25,656
7221,2025-11-26,785
7221,2025-11-27,898
7221,2025-11-28,340
7221,2025-11-29,310
7221,2025-11-30,331
7221,2025-12-01,386
7221,2025-12-02,338
7221,2025-12-03,663
7221,2025-12-04,643
7221,2025-12-05,410
7221,2025-12-06,391
7221,2025-12-07,468
7221,2025-12-08,542
7221,2025-12-09,561
7221,2025-12-10,711
7221,2025-12-11,866
7221,2025-12-12,485
7221,2025-12-13,534
7221,2025-12-14,497
7221,2025-12-15,570
7221,2025-12-16,629
7221,2025-12-17,796
7221,2025-12-18,1662
7221,2025-12-19,925
7221,2025-12-20,827
7221,2025-12-21,669
7222,2025-11-22,228
7222,2025-11-23,164
7222,2025-11-24,237
7222,2025-11-25,179
7222,2025-11-26,262
7222,2025-11-27,636
7222,2025-11-28,295
7222,2025-11-29,132
7222,2025-11-30,152
7222,2025-12-01,271
7222,2025-12-02,273
7222,2025-12-03,218
7222,2025-12-04,1225
7222,2025-12-05,213
7222,2025-12-06,202
7222,2025-12-07,194
7222,2025-12-08,265
7222,2025-12-09,239
7222,2025-12-10,151
7222,2025-12-11,875
7222,2025-12-12,571
7222,2025-12-13,275
7222,2025-12-14,324
7222,2025-12-15,223
7222,2025-12-16,280
7222,2025-12-17,287
7222,2025-12-18,590
7222,2025-12-19,577
7222,2025-12-20,724
7222,2025-12-21,1525
7228,2025-11-22,136
7228,2025-11-23,155
7228,2025-11-24,99
7228,2025-11-25,124
7228,2025-11-26,189
7228,2025-11-27,307
7228,2025-11-28,57
7228,2025-11-29,96
7228,2025-11-30,106
7228,2025-12-01,94
7228,2025-12-02,173
7228,2025-12-03,195
7228,2025-12-04,305
7228,2025-12-05,45
7228,2025-12-06,108
7228,2025-12-07,52
7228,2025-12-08,121
7228,2025-12-09,115
7228,2025-12-10,125
7228,2025-12-11,154
7228,2025-12-12,98
7228,2025-12-13,170
7228,2025-12-14,195
7228,2025-12-15,124
7228,2025-12-16,94
7228,2025-12-17,102
7228,2025-12-18,126
7228,2025-12-19,137
7228,2025-12-20,112
7228,2025-12-21,78
7252,2025-11-22,132
7252,2025-11-23,103
7252,2025-11-24,89
7252,2025-11-25,98
7252,2025-11-26,171
7252,2025-11-27,167
7252,2025-11-28,80
7252,2025-11-29,96
7252,2025-11-30,88
7252,2025-12-01,101
7252,2025-12-02,81
7252,2025-12-03,116
7252,2025-12-04,119
7252,2025-12-05,60
7252,2025-12-06,107
7252,2025-12-07,99
7252,2025-12-08,84
7252,2025-12-09,100
7252,2025-12-10,118
7252,2025-12-11,133
7252,2025-12-12,84
7252,2025-12-13,96
7252,2025-12-14,76
7252,2025-12-15,74
7252,2025-12-16,80
7252,2025-12-17,96
7252,2025-12-18,141
7252,2025-12-19,61
7252,2025-12-20,87
7252,2025-12-21,65
7256,2025-11-22,0
7256,2025-11-23,0
7256,2025-11-24,0
7256,2025-11-25,0
7256,2025-11-26,0
7256,2025-11-27,0
7256,2025-11-28,0
7256,2025-11-29,0
7256,2025-11-30,0
7256,2025-12-01,0
7256,2025-12-02,0
7256,2025-12-03,0
7256,2025-12-04,0
7256,2025-12-05,0
7256,2025-12-06,0
7256,2025-12-07,0
7256,2025-12-08,0
7256,2025-12-09,0
7256,2025-12-10,0
7256,2025-12-11,0
7256,2025-12-12,0
7256,2025-12-13,0
7256,2025-12-14,0
7256,2025-12-15,0
7256,2025-12-16,0
7256,2025-12-17,0
7256,2025-12-18,0
7256,2025-12-19,0
7256,2025-12-20,0
7256,2025-12-21,0
7274,2025-11-22,4054
7274,2025-11-23,3965
7274,2025-11-24,3220
7274,2025-11-25,3102
7274,2025-11-26,5678
7274,2025-11-27,7591
7274,2025-11-28,1884
7274,2025-11-29,1767
7274,2025-11-30,1531
7274,2025-12-01,2034
7274,2025-12-02,1864
7274,2025-12-03,3696
7274,2025-12-04,5203
7274,2025-12-05,1999
7274,2025-12-06,1374
7274,2025-12-07,1169
7274,2025-12-08,1669
7274,2025-12-09,2134
7274,2025-12-10,2923
7274,2025-12-11,3907
7274,2025-12-12,2791
7274,2025-12-13,2231
7274,2025-12-14,1943
7274,2025-12-15,1675
7274,2025-12-16,2430
7274,2025-12-17,4611
7274,2025-12-18,4511
7274,2025-12-19,1672
7274,2025-12-20,2755
7274,2025-12-21,760
7278,2025-11-22,45
7278,2025-11-23,53
7278,2025-11-24,36
7278,2025-11-25,24
7278,2025-11-26,25
7278,2025-11-27,69
7278,2025-11-28,29
7278,2025-11-29,28
7278,2025-11-30,28
7278,2025-12-01,28
7278,2025-12-02,4
7278,2025-12-03,32
7278,2025-12-04,30
7278,2025-12-05,16
7278,2025-12-06,18
7278,2025-12-07,6
7278,2025-12-08,34
7278,2025-12-09,52
7278,2025-12-10,27
7278,2025-12-11,29
7278,2025-12-12,19
7278,2025-12-13,32
7278,2025-12-14,32
7278,2025-12-15,12
7278,2025-12-16,36
7278,2025-12-17,27
7278,2025-12-18,39
7278,2025-12-19,43
7278,2025-12-20,44
7278,2025-12-21,20
7280,2025-11-22,0
7280,2025-11-23,5
7280,2025-11-24,1
7280,2025-11-25,1
7280,2025-11-26,2
7280,2025-11-27,2
7280,2025-11-28,2
7280,2025-11-29,3
7280,2025-11-30,4
7280,2025-12-01,4
7280,2025-12-02,5
7280,2025-12-03,5
7280,2025-12-04,40
7280,2025-12-05,6
7280,2025-12-06,7
7280,2025-12-07,7
7280,2025-12-08,7
7280,2025-12-09,7
7280,2025-12-10,8
7280,2025-12-11,6
7280,2025-12-12,8
7280,2025-12-13,8
7280,2025-12-14,9
7280,2025-12-15,9
7280,2025-12-16,9
7280,2025-12-17,9
7280,2025-12-18,9
7280,2025-12-19,9
7280,2025-12-20,9
7280,2025-12-21,10
7285,2025-11-22,3
7285,2025-11-23,13
7285,2025-11-24,9
7285,2025-11-25,2
7285,2025-11-26,6
7285,2025-11-27,8
7285,2025-11-28,4
7285,2025-11-29,5
7285,2025-11-30,6
7285,2025-12-01,7
7285,2025-12-02,7
7285,2025-12-03,27
7285,2025-12-04,33
7285,2025-12-05,10
7285,2025-12-06,11
7285,2025-12-07,11
7285,2025-12-08,11
7285,2025-12-09,12
7285,2025-12-10,13
7285,2025-12-11,14
7285,2025-12-12,14
7285,2025-12-13,15
7285,2025-12-14,16
7285,2025-12-15,17
7285,2025-12-16,17
7285,2025-12-17,18
7285,2025-12-18,87
7285,2025-12-19,19
7285,2025-12-20,20
7285,2025-12-21,20
7339,2025-11-22,32497
7339,2025-11-23,28480
7339,2025-11-24,25598
7339,2025-11-25,27447
7339,2025-11-26,39216
7339,2025-11-27,39282
7339,2025-11-28,14970
7339,2025-11-29,14476
7339,2025-11-30,13895
7339,2025-12-01,13673
7339,2025-12-02,16612
7339,2025-12-03,28122
7339,2025-12-04,32424
7339,2025-12-05,14162
7339,2025-12-06,11735
7339,2025-12-07,10368
7339,2025-12-08,11149
7339,2025-12-09,14374
7339,2025-12-10,22443
7339,2025-12-11,25670
7339,2025-12-12,10952
7339,2025-12-13,11557
7339,2025-12-14,12382
7339,2025-12-15,12642
7339,2025-12-16,15592
7339,2025-12-17,22893
7339,2025-12-18,26813
7339,2025-12-19,13261
7339,2025-12-20,11238
7339,2025-12-21,6345
7366,2025-11-22,5
7366,2025-11-23,3
7366,2025-11-24,1
7366,2025-11-25,10
7366,2025-11-26,8
7366,2025-11-27,8
7366,2025-11-28,5
7366,2025-11-29,5
7366,2025-11-30,4
7366,2025-12-01,4
7366,2025-12-02,4
7366,2025-12-03,4
7366,2025-12-04,5
7366,2025-12-05,5
7366,2025-12-06,5
7366,2025-12-07,6
7366,2025-12-08,6
7366,2025-12-09,6
7366,2025-12-10,7
7366,2025-12-11,7
7366,2025-12-12,8
7366,2025-12-13,8
7366,2025-12-14,34
7366,2025-12-15,37
7366,2025-12-16,40
7366,2025-12-17,43
7366,2025-12-18,9
7366,2025-12-19,10
7366,2025-12-20,10
7366,2025-12-21,10
7399,2025-11-22,1034
7399,2025-11-23,990
7399,2025-11-24,888
7399,2025-11-25,890
7399,2025-11-26,970
7399,2025-11-27,790
7399,2025-11-28,461
7399,2025-11-29,525
7399,2025-11-30,458
7399,2025-12-01,561
7399,2025-12-02,666
7399,2025-12-03,676
7399,2025-12-04,600
7399,2025-12-05,294
7399,2025-12-06,406
7399,2025-12-07,547
7399,2025-12-08,600
7399,2025-12-09,689
7399,2025-12-10,808
7399,2025-12-11,784
7399,2025-12-12,537
7399,2025-12-13,649
7399,2025-12-14,791
7399,2025-12-15,938
7399,2025-12-16,977
7399,2025-12-17,1052
7399,2025-12-18,507
7399,2025-12-19,282
7399,2025-12-20,461
7399,2025-12-21,230
7401,2025-11-22,0
7401,2025-11-23,1
7401,2025-11-24,3
7401,2025-11-25,4
7401,2025-11-26,1
7401,2025-11-27,1
7401,2025-11-28,2
7401,2025-11-29,2
7401,2025-11-30,2
7401,2025-12-01,2
7401,2025-12-02,2
7401,2025-12-03,2
7401,2025-12-04,8
7401,2025-12-05,2
7401,2025-12-06,2
7401,2025-12-07,2
7401,2025-12-08,2
7401,2025-12-09,3
7401,2025-12-10,3
7401,2025-12-11,3
7401,2025-12-12,3
7401,2025-12-13,3
7401,2025-12-14,3
7401,2025-12-15,3
7401,2025-12-16,3
7401,2025-12-17,3
7401,2025-12-18,3
7401,2025-12-19,3
7401,2025-12-20,3
7401,2025-12-21,3
7412,2025-11-22,920
7412,2025-11-23,807
7412,2025-11-24,935
7412,2025-11-25,1018
7412,2025-11-26,1055
7412,2025-11-27,909
7412,2025-11-28,563
7412,2025-11-29,705
7412,2025-11-30,691
7412,2025-12-01,787
7412,2025-12-02,737
7412,2025-12-03,865
7412,2025-12-04,1019
7412,2025-12-05,771
7412,2025-12-06,851
7412,2025-12-07,843
7412,2025-12-08,793
7412,2025-12-09,812
7412,2025-12-10,835
7412,2025-12-11,775
7412,2025-12-12,588
7412,2025-12-13,566
7412,2025-12-14,509
7412,2025-12-15,464
7412,2025-12-16,254
7412,2025-12-17,335
7412,2025-12-18,418
7412,2025-12-19,266
7412,2025-12-20,166
7412,2025-12-21,120
7416,2025-11-22,8
7416,2025-11-23,45
7416,2025-11-24,15
7416,2025-11-25,22
7416,2025-11-26,28
7416,2025-11-27,90
7416,2025-11-28,10
7416,2025-11-29,15
7416,2025-11-30,30
7416,2025-12-01,29
7416,2025-12-02,32
7416,2025-12-03,47
7416,2025-12-04,103
7416,2025-12-05,14
7416,2025-12-06,15
7416,2025-12-07,17
7416,2025-12-08,18
7416,2025-12-09,19
7416,2025-12-10,20
7416,2025-12-11,22
7416,2025-12-12,24
7416,2025-12-13,26
7416,2025-12-14,28
7416,2025-12-15,75
7416,2025-12-16,64
7416,2025-12-17,51
7416,2025-12-18,95
7416,2025-12-19,41
7416,2025-12-20,44
7416,2025-12-21,19
7432,2025-11-22,0
7432,2025-11-23,0
7432,2025-11-24,0
7432,2025-11-25,0
7432,2025-11-26,0
7432,2025-11-27,0
7432,2025-11-28,0
7432,2025-11-29,0
7432,2025-11-30,0
7432,2025-12-01,0
7432,2025-12-02,0
7432,2025-12-03,0
7432,2025-12-04,4
7432,2025-12-05,0
7432,2025-12-06,1
7432,2025-12-07,4
7432,2025-12-08,1
7432,2025-12-09,1
7432,2025-12-10,1
7432,2025-12-11,1
7432,2025-12-12,1
7432,2025-12-13,1
7432,2025-12-14,1
7432,2025-12-15,1
7432,2025-12-16,8
7432,2025-12-17,1
7432,2025-12-18,10
7432,2025-12-19,1
7432,2025-12-20,1
7432,2025-12-21,1
7458,2025-11-22,0
7458,2025-11-23,0
7458,2025-11-24,4
7458,2025-11-25,0
7458,2025-11-26,1
7458,2025-11-27,1
7458,2025-11-28,1
7458,2025-11-29,1
7458,2025-11-30,1
7458,2025-12-01,1
7458,2025-12-02,1
7458,2025-12-03,1
7458,2025-12-04,1
7458,2025-12-05,1
7458,2025-12-06,2
7458,2025-12-07,2
7458,2025-12-08,2
7458,2025-12-09,2
7458,2025-12-10,2
7458,2025-12-11,2
7458,2025-12-12,2
7458,2025-12-13,2
7458,2025-12-14,2
7458,2025-12-15,2
7458,2025-12-16,2
7458,2025-12-17,2
7458,2025-12-18,23
7458,2025-12-19,2
7458,2025-12-20,2
7458,2025-12-21,2
7515,2025-11-22,0
7515,2025-11-23,0
7515,2025-11-24,0
7515,2025-11-25,0
7515,2025-11-26,0
7515,2025-11-27,0
7515,2025-11-28,0
7515,2025-11-29,0
7515,2025-11-30,0
7515,2025-12-01,0
7515,2025-12-02,0
7515,2025-12-03,0
7515,2025-12-04,0
7515,2025-12-05,0
7515,2025-12-06,0
7515,2025-12-07,0
7515,2025-12-08,0
7515,2025-12-09,0
7515,2025-12-10,0
7515,2025-12-11,0
7515,2025-12-12,0
7515,2025-12-13,0
7515,2025-12-14,0
7515,2025-12-15,0
7515,2025-12-16,0
7515,2025-12-17,0
7515,2025-12-18,0
7515,2025-12-19,0
7515,2025-12-20,0
7515,2025-12-21,0
7562,2025-11-22,703
7562,2025-11-23,542
7562,2025-11-24,505
7562,2025-11-25,626
7562,2025-11-26,824
7562,2025-11-27,780
7562,2025-11-28,400
7562,2025-11-29,438
7562,2025-11-30,368
7562,2025-12-01,375
7562,2025-12-02,347
7562,2025-12-03,402
7562,2025-12-04,604
7562,2025-12-05,362
7562,2025-12-06,364
7562,2025-12-07,354
7562,2025-12-08,496
7562,2025-12-09,358
7562,2025-12-10,446
7562,2025-12-11,592
7562,2025-12-12,218
7562,2025-12-13,174
7562,2025-12-14,172
7562,2025-12-15,256
7562,2025-12-16,220
7562,2025-12-17,393
7562,2025-12-18,730
7562,2025-12-19,355
7562,2025-12-20,294
7562,2025-12-21,159
7599,2025-11-22,1
7599,2025-11-23,1
7599,2025-11-24,1
7599,2025-11-25,0
7599,2025-11-26,0
7599,2025-11-27,0
7599,2025-11-28,0
7599,2025-11-29,0
7599,2025-11-30,0
7599,2025-12-01,0
7599,2025-12-02,0
7599,2025-12-03,0
7599,2025-12-04,0
7599,2025-12-05,0
7599,2025-12-06,1
7599,2025-12-07,1
7599,2025-12-08,1
7599,2025-12-09,1
7599,2025-12-10,1
7599,2025-12-11,1
7599,2025-12-12,1
7599,2025-12-13,1
7599,2025-12-14,1
7599,2025-12-15,1
7599,2025-12-16,1
7599,2025-12-17,1
7599,2025-12-18,1
7599,2025-12-19,1
7599,2025-12-20,1
7599,2025-12-21,1
7613,2025-11-22,12
7613,2025-11-23,4
7613,2025-11-24,4
7613,2025-11-25,8
7613,2025-11-26,8
7613,2025-11-27,2
7613,2025-11-28,4
7613,2025-11-29,8
7613,2025-11-30,8
7613,2025-12-01,5
7613,2025-12-02,5
7613,2025-12-03,4
7613,2025-12-04,4
7613,2025-12-05,8
7613,2025-12-06,8
7613,2025-12-07,8
7613,2025-12-08,8
7613,2025-12-09,8
7613,2025-12-10,9
7613,2025-12-11,9
7613,2025-12-12,10
7613,2025-12-13,10
7613,2025-12-14,10
7613,2025-12-15,10
7613,2025-12-16,11
7613,2025-12-17,11
7613,2025-12-18,11
7613,2025-12-19,11
7613,2025-12-20,12
7613,2025-12-21,12
7619,2025-11-22,9006
7619,2025-11-23,8035
7619,2025-11-24,7278
7619,2025-11-25,8002
7619,2025-11-26,9728
7619,2025-11-27,10451
7619,2025-11-28,4456
7619,2025-11-29,4685
7619,2025-11-30,4772
7619,2025-12-01,4928
7619,2025-12-02,5146
7619,2025-12-03,7009
7619,2025-12-04,8420
7619,2025-12-05,3548
7619,2025-12-06,4428
7619,2025-12-07,4173
7619,2025-12-08,4195
7619,2025-12-09,4135
7619,2025-12-10,5440
7619,2025-12-11,6480
7619,2025-12-12,4265
7619,2025-12-13,5424
7619,2025-12-14,5640
7619,2025-12-15,6067
7619,2025-12-16,7297
7619,2025-12-17,8527
7619,2025-12-18,8907
7619,2025-12-19,6563
7619,2025-12-20,7512
7619,2025-12-21,4591
7634,2025-11-22,0
7634,2025-11-23,0
7634,2025-11-24,0
7634,2025-11-25,0
7634,2025-11-26,1
7634,2025-11-27,1
7634,2025-11-28,1
7634,2025-11-29,1
7634,2025-11-30,1
7634,2025-12-01,1
7634,2025-12-02,1
7634,2025-12-03,1
7634,2025-12-04,1
7634,2025-12-05,1
7634,2025-12-06,1
7634,2025-12-07,1
7634,2025-12-08,1
7634,2025-12-09,1
7634,2025-12-10,1
7634,2025-12-11,1
7634,2025-12-12,1
7634,2025-12-13,2
7634,2025-12-14,2
7634,2025-12-15,2
7634,2025-12-16,2
7634,2025-12-17,2
7634,2025-12-18,2
7634,2025-12-19,2
7634,2025-12-20,2
7634,2025-12-21,2
7651,2025-11-22,405
7651,2025-11-23,287
7651,2025-11-24,395
7651,2025-11-25,407
7651,2025-11-26,354
7651,2025-11-27,256
7651,2025-11-28,238
7651,2025-11-29,275
7651,2025-11-30,211
7651,2025-12-01,192
7651,2025-12-02,171
7651,2025-12-03,127
7651,2025-12-04,174
7651,2025-12-05,99
7651,2025-12-06,108
7651,2025-12-07,95
7651,2025-12-08,163
7651,2025-12-09,52
7651,2025-12-10,78
7651,2025-12-11,138
7651,2025-12-12,91
7651,2025-12-13,27
7651,2025-12-14,127
7651,2025-12-15,244
7651,2025-12-16,333
7651,2025-12-17,299
7651,2025-12-18,202
7651,2025-12-19,87
7651,2025-12-20,16
7651,2025-12-21,17
7766,2025-11-22,170
7766,2025-11-23,154
7766,2025-11-24,153
7766,2025-11-25,212
7766,2025-11-26,207
7766,2025-11-27,282
7766,2025-11-28,149
7766,2025-11-29,165
7766,2025-11-30,143
7766,2025-12-01,151
7766,2025-12-02,164
7766,2025-12-03,125
7766,2025-12-04,266
7766,2025-12-05,109
7766,2025-12-06,82
7766,2025-12-07,68
7766,2025-12-08,67
7766,2025-12-09,54
7766,2025-12-10,96
7766,2025-12-11,124
7766,2025-12-12,52
7766,2025-12-13,16
7766,2025-12-14,17
7766,2025-12-15,46
7766,2025-12-16,99
7766,2025-12-17,85
7766,2025-12-18,649
7766,2025-12-19,603
7766,2025-12-20,55
7766,2025-12-21,103
7810,2025-11-22,7361
7810,2025-11-23,6385
7810,2025-11-24,5435
7810,2025-11-25,6265
7810,2025-11-26,8654
7810,2025-11-27,9388
7810,2025-11-28,3596
7810,2025-11-29,3303
7810,2025-11-30,3549
7810,2025-12-01,3430
7810,2025-12-02,3858
7810,2025-12-03,5470
7810,2025-12-04,6105
7810,2025-12-05,2801
7810,2025-12-06,2733
7810,2025-12-07,2597
7810,2025-12-08,2656
7810,2025-12-09,2810
7810,2025-12-10,3760
7810,2025-12-11,4510
7810,2025-12-12,2559
7810,2025-12-13,3006
7810,2025-12-14,3019
7810,2025-12-15,3255
7810,2025-12-16,4229
7810,2025-12-17,5135
7810,2025-12-18,7742
7810,2025-12-19,4475
7810,2025-12-20,3383
7810,2025-12-21,1378
7888,2025-11-22,0
7888,2025-11-23,0
7888,2025-11-24,0
7888,2025-11-25,0
7888,2025-11-26,0
7888,2025-11-27,0
7888,2025-11-28,0
7888,2025-11-29,0
7888,2025-11-30,0
7888,2025-12-01,0
7888,2025-12-02,0
7888,2025-12-03,0
7888,2025-12-04,0
7888,2025-12-05,0
7888,2025-12-06,0
7888,2025-12-07,0
7888,2025-12-08,0
7888,2025-12-09,0
7888,2025-12-10,0
7888,2025-12-11,0
7888,2025-12-12,0
7888,2025-12-13,0
7888,2025-12-14,0
7888,2025-12-15,0
7888,2025-12-16,0
7888,2025-12-17,0
7888,2025-12-18,0
7888,2025-12-19,0
7888,2025-12-20,0
7888,2025-12-21,0
7896,2025-11-22,17
7896,2025-11-23,25
7896,2025-11-24,21
7896,2025-11-25,42
7896,2025-11-26,40
7896,2025-11-27,169
7896,2025-11-28,18
7896,2025-11-29,16
7896,2025-11-30,25
7896,2025-12-01,20
7896,2025-12-02,26
7896,2025-12-03,29
7896,2025-12-04,140
7896,2025-12-05,18
7896,2025-12-06,64
7896,2025-12-07,63
7896,2025-12-08,23
7896,2025-12-09,25
7896,2025-12-10,27
7896,2025-12-11,126
7896,2025-12-12,42
7896,2025-12-13,34
7896,2025-12-14,37
7896,2025-12-15,40
7896,2025-12-16,44
7896,2025-12-17,47
7896,2025-12-18,340
7896,2025-12-19,19
7896,2025-12-20,20
7896,2025-12-21,66
7963,2025-11-22,7
7963,2025-11-23,5
7963,2025-11-24,5
7963,2025-11-25,3
7963,2025-11-26,4
7963,2025-11-27,5
7963,2025-11-28,3
7963,2025-11-29,4
7963,2025-11-30,4
7963,2025-12-01,4
7963,2025-12-02,5
7963,2025-12-03,5
7963,2025-12-04,5
7963,2025-12-05,5
7963,2025-12-06,6
7963,2025-12-07,6
7963,2025-12-08,10
7963,2025-12-09,7
7963,2025-12-10,4
7963,2025-12-11,4
7963,2025-12-12,4
7963,2025-12-13,5
7963,2025-12-14,5
7963,2025-12-15,5
7963,2025-12-16,6
7963,2025-12-17,6
7963,2025-12-18,7
7963,2025-12-19,7
7963,2025-12-20,8
7963,2025-12-21,8
7992,2025-11-22,1
7992,2025-11-23,1
7992,2025-11-24,1
7992,2025-11-25,2
7992,2025-11-26,2
7992,2025-11-27,2
7992,2025-11-28,2
7992,2025-11-29,2
7992,2025-11-30,3
7992,2025-12-01,6
7992,2025-12-02,3
7992,2025-12-03,3
7992,2025-12-04,4
7992,2025-12-05,4
7992,2025-12-06,4
7992,2025-12-07,4
7992,2025-12-08,5
7992,2025-12-09,5
7992,2025-12-10,6
7992,2025-12-11,12
7992,2025-12-12,6
7992,2025-12-13,7
7992,2025-12-14,7
7992,2025-12-15,8
7992,2025-12-16,8
7992,2025-12-17,9
7992,2025-12-18,10
7992,2025-12-19,10
7992,2025-12-20,11
7992,2025-12-21,3
8008,2025-11-22,0
8008,2025-11-23,0
8008,2025-11-24,0
8008,2025-11-25,0
8008,2025-11-26,0
8008,2025-11-27,0
8008,2025-11-28,0
8008,2025-11-29,0
8008,2025-11-30,0
8008,2025-12-01,0
8008,2025-12-02,0
8008,2025-12-03,0
8008,2025-12-04,0
8008,2025-12-05,0
8008,2025-12-06,0
8008,2025-12-07,0
8008,2025-12-08,0
8008,2025-12-09,0
8008,2025-12-10,0
8008,2025-12-11,0
8008,2025-12-12,0
8008,2025-12-13,0
8008,2025-12-14,0
8008,2025-12-15,0
8008,2025-12-16,0
8008,2025-12-17,0
8008,2025-12-18,0
8008,2025-12-19,0
8008,2025-12-20,0
8008,2025-12-21,0
8043,2025-11-22,399
8043,2025-11-23,338
8043,2025-11-24,260
8043,2025-11-25,238
8043,2025-11-26,349
8043,2025-11-27,389
8043,2025-11-28,171
8043,2025-11-29,199
8043,2025-11-30,229
8043,2025-12-01,219
8043,2025-12-02,199
8043,2025-12-03,276
8043,2025-12-04,219
8043,2025-12-05,109
8043,2025-12-06,178
8043,2025-12-07,157
8043,2025-12-08,196
8043,2025-12-09,206
8043,2025-12-10,246
8043,2025-12-11,266
8043,2025-12-12,183
8043,2025-12-13,133
8043,2025-12-14,113
8043,2025-12-15,122
8043,2025-12-16,216
8043,2025-12-17,376
8043,2025-12-18,393
8043,2025-12-19,336
8043,2025-12-20,301
8043,2025-12-21,147
8122,2025-11-22,6
8122,2025-11-23,8
8122,2025-11-24,7
8122,2025-11-25,7
8122,2025-11-26,2
8122,2025-11-27,2
8122,2025-11-28,3
8122,2025-11-29,3
8122,2025-11-30,3
8122,2025-12-01,3
8122,2025-12-02,3
8122,2025-12-03,4
8122,2025-12-04,4
8122,2025-12-05,5
8122,2025-12-06,5
8122,2025-12-07,5
8122,2025-12-08,5
8122,2025-12-09,6
8122,2025-12-10,6
8122,2025-12-11,6
8122,2025-12-12,7
8122,2025-12-13,7
8122,2025-12-14,7
8122,2025-12-15,18
8122,2025-12-16,8
8122,2025-12-17,8
8122,2025-12-18,8
8122,2025-12-19,8
8122,2025-12-20,9
8122,2025-12-21,9
8139,2025-11-22,49
8139,2025-11-23,19
8139,2025-11-24,39
8139,2025-11-25,52
8139,2025-11-26,28
8139,2025-11-27,32
8139,2025-11-28,17
8139,2025-11-29,10
8139,2025-11-30,14
8139,2025-12-01,15
8139,2025-12-02,20
8139,2025-12-03,36
8139,2025-12-04,23
8139,2025-12-05,4
8139,2025-12-06,5
8139,2025-12-07,5
8139,2025-12-08,5
8139,2025-12-09,11
8139,2025-12-10,12
8139,2025-12-11,13
8139,2025-12-12,21
8139,2025-12-13,7
8139,2025-12-14,16
8139,2025-12-15,17
8139,2025-12-16,19
8139,2025-12-17,20
8139,2025-12-18,33
8139,2025-12-19,48
8139,2025-12-20,13
8139,2025-12-21,14
8143,2025-11-22,0
8143,2025-11-23,0
8143,2025-11-24,0
8143,2025-11-25,0
8143,2025-11-26,0
8143,2025-11-27,0
8143,2025-11-28,0
8143,2025-11-29,0
8143,2025-11-30,0
8143,2025-12-01,0
8143,2025-12-02,0
8143,2025-12-03,0
8143,2025-12-04,0
8143,2025-12-05,0
8143,2025-12-06,0
8143,2025-12-07,0
8143,2025-12-08,0
8143,2025-12-09,0
8143,2025-12-10,0
8143,2025-12-11,0
8143,2025-12-12,0
8143,2025-12-13,0
8143,2025-12-14,0
8143,2025-12-15,0
8143,2025-12-16,0
8143,2025-12-17,0
8143,2025-12-18,0
8143,2025-12-19,0
8143,2025-12-20,0
8143,2025-12-21,0
8216,2025-11-22,8
8216,2025-11-23,13
8216,2025-11-24,26
8216,2025-11-25,14
8216,2025-11-26,8
8216,2025-11-27,16
8216,2025-11-28,29
8216,2025-11-29,32
8216,2025-11-30,16
8216,2025-12-01,10
8216,2025-12-02,8
8216,2025-12-03,4
8216,2025-12-04,13
8216,2025-12-05,14
8216,2025-12-06,15
8216,2025-12-07,5
8216,2025-12-08,6
8216,2025-12-09,6
8216,2025-12-10,7
8216,2025-12-11,22
8216,2025-12-12,8
8216,2025-12-13,8
8216,2025-12-14,9
8216,2025-12-15,10
8216,2025-12-16,27
8216,2025-12-17,27
8216,2025-12-18,12
8216,2025-12-19,28
8216,2025-12-20,29
8216,2025-12-21,77
8234,2025-11-22,0
8234,2025-11-23,0
8234,2025-11-24,2
8234,2025-11-25,0
8234,2025-11-26,0
8234,2025-11-27,0
8234,2025-11-28,0
8234,2025-11-29,0
8234,2025-11-30,0
8234,2025-12-01,0
8234,2025-12-02,0
8234,2025-12-03,0
8234,2025-12-04,0
8234,2025-12-05,0
8234,2025-12-06,0
8234,2025-12-07,0
8234,2025-12-08,0
8234,2025-12-09,0
8234,2025-12-10,0
8234,2025-12-11,0
8234,2025-12-12,0
8234,2025-12-13,0
8234,2025-12-14,0
8234,2025-12-15,0
8234,2025-12-16,0
8234,2025-12-17,0
8234,2025-12-18,0
8234,2025-12-19,0
8234,2025-12-20,0
8234,2025-12-21,0
8270,2025-11-22,2
8270,2025-11-23,12
8270,2025-11-24,11
8270,2025-11-25,2
8270,2025-11-26,2
8270,2025-11-27,37
8270,2025-11-28,16
8270,2025-11-29,10
8270,2025-11-30,10
8270,2025-12-01,11
8270,2025-12-02,12
8270,2025-12-03,5
8270,2025-12-04,6
8270,2025-12-05,6
8270,2025-12-06,19
8270,2025-12-07,21
8270,2025-12-08,17
8270,2025-12-09,18
8270,2025-12-10,26
8270,2025-12-11,57
8270,2025-12-12,61
8270,2025-12-13,11
8270,2025-12-14,20
8270,2025-12-15,20
8270,2025-12-16,21
8270,2025-12-17,21
8270,2025-12-18,99
8270,2025-12-19,18
8270,2025-12-20,98
8270,2025-12-21,24
8271,2025-11-22,126
8271,2025-11-23,115
8271,2025-11-24,132
8271,2025-11-25,170
8271,2025-11-26,218
8271,2025-11-27,208
8271,2025-11-28,58
8271,2025-11-29,75
8271,2025-11-30,50
8271,2025-12-01,52
8271,2025-12-02,75
8271,2025-12-03,62
8271,2025-12-04,72
8271,2025-12-05,46
8271,2025-12-06,84
8271,2025-12-07,70
8271,2025-12-08,64
8271,2025-12-09,138
8271,2025-12-10,163
8271,2025-12-11,125
8271,2025-12-12,40
8271,2025-12-13,43
8271,2025-12-14,47
8271,2025-12-15,112
8271,2025-12-16,66
8271,2025-12-17,60
8271,2025-12-18,77
8271,2025-12-19,28
8271,2025-12-20,45
8271,2025-12-21,16
8304,2025-11-22,204
8304,2025-11-23,378
8304,2025-11-24,234
8304,2025-11-25,213
8304,2025-11-26,248
8304,2025-11-27,479
8304,2025-11-28,225
8304,2025-11-29,108
8304,2025-11-30,89
8304,2025-12-01,74
8304,2025-12-02,113
8304,2025-12-03,219
8304,2025-12-04,360
8304,2025-12-05,146
8304,2025-12-06,97
8304,2025-12-07,58
8304,2025-12-08,42
8304,2025-12-09,116
8304,2025-12-10,328
8304,2025-12-11,915
8304,2025-12-12,152
8304,2025-12-13,164
8304,2025-12-14,196
8304,2025-12-15,97
8304,2025-12-16,107
8304,2025-12-17,188
8304,2025-12-18,515
8304,2025-12-19,394
8304,2025-12-20,247
8304,2025-12-21,170
8375,2025-11-22,383
8375,2025-11-23,291
8375,2025-11-24,198
8375,2025-11-25,154
8375,2025-11-26,174
8375,2025-11-27,142
8375,2025-11-28,43
8375,2025-11-29,97
8375,2025-11-30,107
8375,2025-12-01,154
8375,2025-12-02,189
8375,2025-12-03,87
8375,2025-12-04,137
8375,2025-12-05,23
8375,2025-12-06,179
8375,2025-12-07,172
8375,2025-12-08,185
8375,2025-12-09,263
8375,2025-12-10,176
8375,2025-12-11,182
8375,2025-12-12,55
8375,2025-12-13,93
8375,2025-12-14,107
8375,2025-12-15,39
8375,2025-12-16,42
8375,2025-12-17,148
8375,2025-12-18,196
8375,2025-12-19,79
8375,2025-12-20,143
8375,2025-12-21,115
8377,2025-11-22,0
8377,2025-11-23,0
8377,2025-11-24,0
8377,2025-11-25,0
8377,2025-11-26,0
8377,2025-11-27,0
8377,2025-11-28,0
8377,2025-11-29,0
8377,2025-11-30,0
8377,2025-12-01,0
8377,2025-12-02,0
8377,2025-12-03,0
8377,2025-12-04,0
8377,2025-12-05,0
8377,2025-12-06,0
8377,2025-12-07,0
8377,2025-12-08,0
8377,2025-12-09,0
8377,2025-12-10,0
8377,2025-12-11,0
8377,2025-12-12,0
8377,2025-12-13,0
8377,2025-12-14,0
8377,2025-12-15,0
8377,2025-12-16,0
8377,2025-12-17,0
8377,2025-12-18,0
8377,2025-12-19,0
8377,2025-12-20,0
8377,2025-12-21,0
8428,2025-11-22,0
8428,2025-11-23,6
8428,2025-11-24,1
8428,2025-11-25,2
8428,2025-11-26,2
8428,2025-11-27,3
8428,2025-11-28,3
8428,2025-11-29,3
8428,2025-11-30,3
8428,2025-12-01,13
8428,2025-12-02,4
8428,2025-12-03,4
8428,2025-12-04,5
8428,2025-12-05,5
8428,2025-12-06,5
8428,2025-12-07,5
8428,2025-12-08,5
8428,2025-12-09,5
8428,2025-12-10,5
8428,2025-12-11,5
8428,2025-12-12,5
8428,2025-12-13,5
8428,2025-12-14,5
8428,2025-12-15,6
8428,2025-12-16,6
8428,2025-12-17,6
8428,2025-12-18,6
8428,2025-12-19,6
8428,2025-12-20,6
8428,2025-12-21,6
8445,2025-11-22,48
8445,2025-11-23,61
8445,2025-11-24,64
8445,2025-11-25,60
8445,2025-11-26,67
8445,2025-11-27,125
8445,2025-11-28,37
8445,2025-11-29,26
8445,2025-11-30,38
8445,2025-12-01,44
8445,2025-12-02,56
8445,2025-12-03,49
8445,2025-12-04,84
8445,2025-12-05,101
8445,2025-12-06,42
8445,2025-12-07,17
8445,2025-12-08,18
8445,2025-12-09,38
8445,2025-12-10,116
8445,2025-12-11,184
8445,2025-12-12,24
8445,2025-12-13,9
8445,2025-12-14,84
8445,2025-12-15,40
8445,2025-12-16,55
8445,2025-12-17,165
8445,2025-12-18,38
8445,2025-12-19,14
8445,2025-12-20,45
8445,2025-12-21,98
8503,2025-11-22,0
8503,2025-11-23,0
8503,2025-11-24,0
8503,2025-11-25,0
8503,2025-11-26,0
8503,2025-11-27,0
8503,2025-11-28,0
8503,2025-11-29,0
8503,2025-11-30,0
8503,2025-12-01,0
8503,2025-12-02,0
8503,2025-12-03,0
8503,2025-12-04,0
8503,2025-12-05,0
8503,2025-12-06,0
8503,2025-12-07,0
8503,2025-12-08,0
8503,2025-12-09,0
8503,2025-12-10,0
8503,2025-12-11,0
8503,2025-12-12,0
8503,2025-12-13,0
8503,2025-12-14,0
8503,2025-12-15,0
8503,2025-12-16,0
8503,2025-12-17,0
8503,2025-12-18,0
8503,2025-12-19,0
8503,2025-12-20,0
8503,2025-12-21,0
8504,2025-11-22,0
8504,2025-11-23,0
8504,2025-11-24,0
8504,2025-11-25,0
8504,2025-11-26,0
8504,2025-11-27,0
8504,2025-11-28,0
8504,2025-11-29,0
8504,2025-11-30,0
8504,2025-12-01,0
8504,2025-12-02,0
8504,2025-12-03,0
8504,2025-12-04,0
8504,2025-12-05,0
8504,2025-12-06,0
8504,2025-12-07,0
8504,2025-12-08,0
8504,2025-12-09,0
8504,2025-12-10,0
8504,2025-12-11,0
8504,2025-12-12,0
8504,2025-12-13,0
8504,2025-12-14,0
8504,2025-12-15,0
8504,2025-12-16,0
8504,2025-12-17,0
8504,2025-12-18,0
8504,2025-12-19,0
8504,2025-12-20,0
8504,2025-12-21,0
8545,2025-11-22,2963
8545,2025-11-23,2919
8545,2025-11-24,3107
8545,2025-11-25,3292
8545,2025-11-26,4548
8545,2025-11-27,5014
8545,2025-11-28,2217
8545,2025-11-29,2152
8545,2025-11-30,1965
8545,2025-12-01,2398
8545,2025-12-02,2404
8545,2025-12-03,2895
8545,2025-12-04,2996
8545,2025-12-05,1903
8545,2025-12-06,2121
8545,2025-12-07,1735
8545,2025-12-08,2217
8545,2025-12-09,2390
8545,2025-12-10,2253
8545,2025-12-11,3320
8545,2025-12-12,1927
8545,2025-12-13,2258
8545,2025-12-14,1723
8545,2025-12-15,1615
8545,2025-12-16,1824
8545,2025-12-17,1795
8545,2025-12-18,2182
8545,2025-12-19,1192
8545,2025-12-20,1487
8545,2025-12-21,895
8592,2025-11-22,0
8592,2025-11-23,0
8592,2025-11-24,0
8592,2025-11-25,0
8592,2025-11-26,0
8592,2025-11-27,0
8592,2025-11-28,0
8592,2025-11-29,0
8592,2025-11-30,0
8592,2025-12-01,0
8592,2025-12-02,0
8592,2025-12-03,0
8592,2025-12-04,0
8592,2025-12-05,0
8592,2025-12-06,0
8592,2025-12-07,0
8592,2025-12-08,0
8592,2025-12-09,0
8592,2025-12-10,0
8592,2025-12-11,0
8592,2025-12-12,0
8592,2025-12-13,0
8592,2025-12-14,0
8592,2025-12-15,0
8592,2025-12-16,0
8592,2025-12-17,0
8592,2025-12-18,0
8592,2025-12-19,0
8592,2025-12-20,0
8592,2025-12-21,0
8593,2025-11-22,0
8593,2025-11-23,0
8593,2025-11-24,0
8593,2025-11-25,0
8593,2025-11-26,0
8593,2025-11-27,0
8593,2025-11-28,0
8593,2025-11-29,0
8593,2025-11-30,0
8593,2025-12-01,0
8593,2025-12-02,0
8593,2025-12-03,0
8593,2025-12-04,0
8593,2025-12-05,0
8593,2025-12-06,0
8593,2025-12-07,0
8593,2025-12-08,0
8593,2025-12-09,0
8593,2025-12-10,0
8593,2025-12-11,0
8593,2025-12-12,0
8593,2025-12-13,0
8593,2025-12-14,0
8593,2025-12-15,0
8593,2025-12-16,0
8593,2025-12-17,0
8593,2025-12-18,0
8593,2025-12-19,0
8593,2025-12-20,0
8593,2025-12-21,0
8619,2025-11-22,0
8619,2025-11-23,0
8619,2025-11-24,1
8619,2025-11-25,1
8619,2025-11-26,1
8619,2025-11-27,1
8619,2025-11-28,5
8619,2025-11-29,2
8619,2025-11-30,2
8619,2025-12-01,2
8619,2025-12-02,2
8619,2025-12-03,2
8619,2025-12-04,3
8619,2025-12-05,3
8619,2025-12-06,3
8619,2025-12-07,3
8619,2025-12-08,3
8619,2025-12-09,5
8619,2025-12-10,6
8619,2025-12-11,6
8619,2025-12-12,3
8619,2025-12-13,3
8619,2025-12-14,4
8619,2025-12-15,4
8619,2025-12-16,4
8619,2025-12-17,4
8619,2025-12-18,4
8619,2025-12-19,4
8619,2025-12-20,4
8619,2025-12-21,4
8628,2025-11-22,9
8628,2025-11-23,1
8628,2025-11-24,1
8628,2025-11-25,1
8628,2025-11-26,2
8628,2025-11-27,6
8628,2025-11-28,3
8628,2025-11-29,3
8628,2025-11-30,4
8628,2025-12-01,5
8628,2025-12-02,7
8628,2025-12-03,3
8628,2025-12-04,15
8628,2025-12-05,12
8628,2025-12-06,13
8628,2025-12-07,13
8628,2025-12-08,14
8628,2025-12-09,15
8628,2025-12-10,17
8628,2025-12-11,41
8628,2025-12-12,32
8628,2025-12-13,34
8628,2025-12-14,36
8628,2025-12-15,39
8628,2025-12-16,42
8628,2025-12-17,45
8628,2025-12-18,48
8628,2025-12-19,52
8628,2025-12-20,56
8628,2025-12-21,24
8656,2025-11-22,0
8656,2025-11-23,0
8656,2025-11-24,0
8656,2025-11-25,0
8656,2025-11-26,0
8656,2025-11-27,0
8656,2025-11-28,0
8656,2025-11-29,0
8656,2025-11-30,0
8656,2025-12-01,0
8656,2025-12-02,0
8656,2025-12-03,0
8656,2025-12-04,0
8656,2025-12-05,0
8656,2025-12-06,0
8656,2025-12-07,0
8656,2025-12-08,0
8656,2025-12-09,0
8656,2025-12-10,0
8656,2025-12-11,0
8656,2025-12-12,0
8656,2025-12-13,0
8656,2025-12-14,0
8656,2025-12-15,0
8656,2025-12-16,0
8656,2025-12-17,0
8656,2025-12-18,0
8656,2025-12-19,0
8656,2025-12-20,0
8656,2025-12-21,0
8682,2025-11-22,0
8682,2025-11-23,0
8682,2025-11-24,0
8682,2025-11-25,0
8682,2025-11-26,0
8682,2025-11-27,0
8682,2025-11-28,0
8682,2025-11-29,0
8682,2025-11-30,0
8682,2025-12-01,0
8682,2025-12-02,0
8682,2025-12-03,0
8682,2025-12-04,0
8682,2025-12-05,0
8682,2025-12-06,0
8682,2025-12-07,0
8682,2025-12-08,0
8682,2025-12-09,0
8682,2025-12-10,0
8682,2025-12-11,0
8682,2025-12-12,0
8682,2025-12-13,0
8682,2025-12-14,0
8682,2025-12-15,0
8682,2025-12-16,0
8682,2025-12-17,0
8682,2025-12-18,0
8682,2025-12-19,0
8682,2025-12-20,0
8682,2025-12-21,0
8695,2025-11-22,38
8695,2025-11-23,79
8695,2025-11-24,77
8695,2025-11-25,83
8695,2025-11-26,111
8695,2025-11-27,121
8695,2025-11-28,5
8695,2025-11-29,6
8695,2025-11-30,26
8695,2025-12-01,14
8695,2025-12-02,39
8695,2025-12-03,60
8695,2025-12-04,107
8695,2025-12-05,40
8695,2025-12-06,38
8695,2025-12-07,30
8695,2025-12-08,26
8695,2025-12-09,34
8695,2025-12-10,23
8695,2025-12-11,25
8695,2025-12-12,37
8695,2025-12-13,9
8695,2025-12-14,82
8695,2025-12-15,38
8695,2025-12-16,12
8695,2025-12-17,39
8695,2025-12-18,99
8695,2025-12-19,15
8695,2025-12-20,51
8695,2025-12-21,41
8699,2025-11-22,0
8699,2025-11-23,0
8699,2025-11-24,0
8699,2025-11-25,0
8699,2025-11-26,0
8699,2025-11-27,0
8699,2025-11-28,0
8699,2025-11-29,0
8699,2025-11-30,0
8699,2025-12-01,0
8699,2025-12-02,0
8699,2025-12-03,0
8699,2025-12-04,0
8699,2025-12-05,0
8699,2025-12-06,0
8699,2025-12-07,0
8699,2025-12-08,0
8699,2025-12-09,0
8699,2025-12-10,0
8699,2025-12-11,0
8699,2025-12-12,0
8699,2025-12-13,0
8699,2025-12-14,0
8699,2025-12-15,0
8699,2025-12-16,0
8699,2025-12-17,0
8699,2025-12-18,0
8699,2025-12-19,0
8699,2025-12-20,0
8699,2025-12-21,0
8715,2025-11-22,2757
8715,2025-11-23,2743
8715,2025-11-24,2585
8715,2025-11-25,2658
8715,2025-11-26,2668
8715,2025-11-27,2298
8715,2025-11-28,1245
8715,2025-11-29,1216
8715,2025-11-30,1228
8715,2025-12-01,1572
8715,2025-12-02,1573
8715,2025-12-03,1554
8715,2025-12-04,1365
8715,2025-12-05,1019
8715,2025-12-06,1006
8715,2025-12-07,1143
8715,2025-12-08,1207
8715,2025-12-09,1462
8715,2025-12-10,1764
8715,2025-12-11,1807
8715,2025-12-12,1283
8715,2025-12-13,1662
8715,2025-12-14,1412
8715,2025-12-15,1709
8715,2025-12-16,2025
8715,2025-12-17,2658
8715,2025-12-18,2373
8715,2025-12-19,1457
8715,2025-12-20,1462
8715,2025-12-21,951
8728,2025-11-22,0
8728,2025-11-23,0
8728,2025-11-24,0
8728,2025-11-25,0
8728,2025-11-26,0
8728,2025-11-27,0
8728,2025-11-28,0
8728,2025-11-29,0
8728,2025-11-30,0
8728,2025-12-01,0
8728,2025-12-02,0
8728,2025-12-03,0
8728,2025-12-04,0
8728,2025-12-05,0
8728,2025-12-06,0
8728,2025-12-07,0
8728,2025-12-08,0
8728,2025-12-09,0
8728,2025-12-10,0
8728,2025-12-11,0
8728,2025-12-12,0
8728,2025-12-13,0
8728,2025-12-14,0
8728,2025-12-15,0
8728,2025-12-16,0
8728,2025-12-17,0
8728,2025-12-18,0
8728,2025-12-19,0
8728,2025-12-20,0
8728,2025-12-21,0
8738,2025-11-22,10
8738,2025-11-23,7
8738,2025-11-24,21
8738,2025-11-25,16
8738,2025-11-26,14
8738,2025-11-27,31
8738,2025-11-28,15
8738,2025-11-29,6
8738,2025-11-30,11
8738,2025-12-01,20
8738,2025-12-02,26
8738,2025-12-03,14
8738,2025-12-04,52
8738,2025-12-05,11
8738,2025-12-06,18
8738,2025-12-07,11
8738,2025-12-08,7
8738,2025-12-09,8
8738,2025-12-10,16
8738,2025-12-11,13
8738,2025-12-12,13
8738,2025-12-13,14
8738,2025-12-14,23
8738,2025-12-15,25
8738,2025-12-16,40
8738,2025-12-17,57
8738,2025-12-18,121
8738,2025-12-19,114
8738,2025-12-20,35
8738,2025-12-21,19
8789,2025-11-22,0
8789,2025-11-23,0
8789,2025-11-24,0
8789,2025-11-25,0
8789,2025-11-26,1
8789,2025-11-27,1
8789,2025-11-28,1
8789,2025-11-29,1
8789,2025-11-30,1
8789,2025-12-01,2
8789,2025-12-02,2
8789,2025-12-03,2
8789,2025-12-04,2
8789,2025-12-05,2
8789,2025-12-06,2
8789,2025-12-07,3
8789,2025-12-08,3
8789,2025-12-09,3
8789,2025-12-10,3
8789,2025-12-11,3
8789,2025-12-12,3
8789,2025-12-13,3
8789,2025-12-14,3
8789,2025-12-15,3
8789,2025-12-16,3
8789,2025-12-17,3
8789,2025-12-18,4
8789,2025-12-19,4
8789,2025-12-20,4
8789,2025-12-21,4
8837,2025-11-22,195
8837,2025-11-23,150
8837,2025-11-24,134
8837,2025-11-25,156
8837,2025-11-26,119
8837,2025-11-27,201
8837,2025-11-28,51
8837,2025-11-29,78
8837,2025-11-30,86
8837,2025-12-01,97
8837,2025-12-02,108
8837,2025-12-03,88
8837,2025-12-04,114
8837,2025-12-05,69
8837,2025-12-06,60
8837,2025-12-07,11
8837,2025-12-08,24
8837,2025-12-09,58
8837,2025-12-10,35
8837,2025-12-11,38
8837,2025-12-12,33
8837,2025-12-13,36
8837,2025-12-14,86
8837,2025-12-15,94
8837,2025-12-16,68
8837,2025-12-17,24
8837,2025-12-18,145
8837,2025-12-19,68
8837,2025-12-20,68
8837,2025-12-21,73
8838,2025-11-22,430
8838,2025-11-23,275
8838,2025-11-24,426
8838,2025-11-25,432
8838,2025-11-26,576
8838,2025-11-27,630
8838,2025-11-28,190
8838,2025-11-29,148
8838,2025-11-30,160
8838,2025-12-01,136
8838,2025-12-02,138
8838,2025-12-03,207
8838,2025-12-04,302
8838,2025-12-05,218
8838,2025-12-06,460
8838,2025-12-07,490
8838,2025-12-08,377
8838,2025-12-09,568
8838,2025-12-10,238
8838,2025-12-11,478
8838,2025-12-12,164
8838,2025-12-13,145
8838,2025-12-14,148
8838,2025-12-15,254
8838,2025-12-16,122
8838,2025-12-17,187
8838,2025-12-18,501
8838,2025-12-19,207
8838,2025-12-20,225
8838,2025-12-21,185
8840,2025-11-22,113
8840,2025-11-23,116
8840,2025-11-24,101
8840,2025-11-25,105
8840,2025-11-26,119
8840,2025-11-27,108
8840,2025-11-28,56
8840,2025-11-29,48
8840,2025-11-30,50
8840,2025-12-01,35
8840,2025-12-02,38
8840,2025-12-03,49
8840,2025-12-04,56
8840,2025-12-05,32
8840,2025-12-06,44
8840,2025-12-07,62
8840,2025-12-08,70
8840,2025-12-09,83
8840,2025-12-10,72
8840,2025-12-11,53
8840,2025-12-12,26
8840,2025-12-13,50
8840,2025-12-14,59
8840,2025-12-15,64
8840,2025-12-16,69
8840,2025-12-17,44
8840,2025-12-18,95
8840,2025-12-19,34
8840,2025-12-20,45
8840,2025-12-21,68
8856,2025-11-22,614
8856,2025-11-23,857
8856,2025-11-24,619
8856,2025-11-25,489
8856,2025-11-26,754
8856,2025-11-27,2011
8856,2025-11-28,587
8856,2025-11-29,565
8856,2025-11-30,364
8856,2025-12-01,613
8856,2025-12-02,625
8856,2025-12-03,639
8856,2025-12-04,1704
8856,2025-12-05,767
8856,2025-12-06,593
8856,2025-12-07,574
8856,2025-12-08,781
8856,2025-12-09,713
8856,2025-12-10,1076
8856,2025-12-11,2316
8856,2025-12-12,946
8856,2025-12-13,507
8856,2025-12-14,567
8856,2025-12-15,779
8856,2025-12-16,984
8856,2025-12-17,1677
8856,2025-12-18,2405
8856,2025-12-19,1355
8856,2025-12-20,1180
8856,2025-12-21,1351
8913,2025-11-22,94
8913,2025-11-23,120
8913,2025-11-24,45
8913,2025-11-25,58
8913,2025-11-26,90
8913,2025-11-27,193
8913,2025-11-28,50
8913,2025-11-29,15
8913,2025-11-30,47
8913,2025-12-01,57
8913,2025-12-02,90
8913,2025-12-03,94
8913,2025-12-04,205
8913,2025-12-05,112
8913,2025-12-06,31
8913,2025-12-07,59
8913,2025-12-08,55
8913,2025-12-09,100
8913,2025-12-10,65
8913,2025-12-11,48
8913,2025-12-12,40
8913,2025-12-13,72
8913,2025-12-14,47
8913,2025-12-15,86
8913,2025-12-16,112
8913,2025-12-17,184
8913,2025-12-18,134
8913,2025-12-19,71
8913,2025-12-20,71
8913,2025-12-21,72
8930,2025-11-22,0
8930,2025-11-23,0
8930,2025-11-24,0
8930,2025-11-25,0
8930,2025-11-26,0
8930,2025-11-27,0
8930,2025-11-28,0
8930,2025-11-29,0
8930,2025-11-30,0
8930,2025-12-01,0
8930,2025-12-02,0
8930,2025-12-03,0
8930,2025-12-04,0
8930,2025-12-05,0
8930,2025-12-06,0
8930,2025-12-07,0
8930,2025-12-08,0
8930,2025-12-09,0
8930,2025-12-10,0
8930,2025-12-11,0
8930,2025-12-12,0
8930,2025-12-13,0
8930,2025-12-14,0
8930,2025-12-15,0
8930,2025-12-16,0
8930,2025-12-17,0
8930,2025-12-18,0
8930,2025-12-19,0
8930,2025-12-20,0
8930,2025-12-21,0
8957,2025-11-22,0
8957,2025-11-23,0
8957,2025-11-24,0
8957,2025-11-25,0
8957,2025-11-26,0
8957,2025-11-27,0
8957,2025-11-28,0
8957,2025-11-29,0
8957,2025-11-30,0
8957,2025-12-01,0
8957,2025-12-02,0
8957,2025-12-03,0
8957,2025-12-04,0
8957,2025-12-05,0
8957,2025-12-06,0
8957,2025-12-07,0
8957,2025-12-08,0
8957,2025-12-09,0
8957,2025-12-10,0
8957,2025-12-11,0
8957,2025-12-12,0
8957,2025-12-13,0
8957,2025-12-14,0
8957,2025-12-15,0
8957,2025-12-16,0
8957,2025-12-17,0
8957,2025-12-18,0
8957,2025-12-19,0
8957,2025-12-20,0
8957,2025-12-21,0
8978,2025-11-22,30335
8978,2025-11-23,26222
8978,2025-11-24,24325
8978,2025-11-25,25268
8978,2025-11-26,31666
8978,2025-11-27,30649
8978,2025-11-28,12395
8978,2025-11-29,13229
8978,2025-11-30,11989
8978,2025-12-01,12308
8978,2025-12-02,12580
8978,2025-12-03,16637
8978,2025-12-04,18573
8978,2025-12-05,8610
8978,2025-12-06,9736
8978,2025-12-07,9562
8978,2025-12-08,9701
8978,2025-12-09,10688
8978,2025-12-10,14368
8978,2025-12-11,15918
8978,2025-12-12,8686
8978,2025-12-13,8019
8978,2025-12-14,8412
8978,2025-12-15,9093
8978,2025-12-16,10824
8978,2025-12-17,14618
8978,2025-12-18,18618
8978,2025-12-19,11568
8978,2025-12-20,9467
8978,2025-12-21,5205
8979,2025-11-22,507
8979,2025-11-23,442
8979,2025-11-24,295
8979,2025-11-25,263
8979,2025-11-26,640
8979,2025-11-27,1044
8979,2025-11-28,330
8979,2025-11-29,178
8979,2025-11-30,169
8979,2025-12-01,259
8979,2025-12-02,250
8979,2025-12-03,564
8979,2025-12-04,648
8979,2025-12-05,249
8979,2025-12-06,251
8979,2025-12-07,289
8979,2025-12-08,244
8979,2025-12-09,189
8979,2025-12-10,125
8979,2025-12-11,169
8979,2025-12-12,101
8979,2025-12-13,187
8979,2025-12-14,138
8979,2025-12-15,262
8979,2025-12-16,564
8979,2025-12-17,794
8979,2025-12-18,728
8979,2025-12-19,586
8979,2025-12-20,233
8979,2025-12-21,174
8999,2025-11-22,1356
8999,2025-11-23,1601
8999,2025-11-24,1342
8999,2025-11-25,1250
8999,2025-11-26,2091
8999,2025-11-27,3001
8999,2025-11-28,843
8999,2025-11-29,794
8999,2025-11-30,640
8999,2025-12-01,995
8999,2025-12-02,1286
8999,2025-12-03,1313
8999,2025-12-04,2273
8999,2025-12-05,1063
8999,2025-12-06,1319
8999,2025-12-07,719
8999,2025-12-08,701
8999,2025-12-09,887
8999,2025-12-10,1361
8999,2025-12-11,2115
8999,2025-12-12,969
8999,2025-12-13,950
8999,2025-12-14,1253
8999,2025-12-15,1611
8999,2025-12-16,1529
8999,2025-12-17,2776
8999,2025-12-18,2934
8999,2025-12-19,1237
8999,2025-12-20,1308
8999,2025-12-21,836
9059,2025-11-22,1606
9059,2025-11-23,2240
9059,2025-11-24,1876
9059,2025-11-25,1752
9059,2025-11-26,1890
9059,2025-11-27,3030
9059,2025-11-28,1658
9059,2025-11-29,1335
9059,2025-11-30,1478
9059,2025-12-01,1467
9059,2025-12-02,1685
9059,2025-12-03,1849
9059,2025-12-04,2862
9059,2025-12-05,1661
9059,2025-12-06,1640
9059,2025-12-07,1784
9059,2025-12-08,1800
9059,2025-12-09,1951
9059,2025-12-10,2069
9059,2025-12-11,2836
9059,2025-12-12,2004
9059,2025-12-13,2026
9059,2025-12-14,2136
9059,2025-12-15,2342
9059,2025-12-16,2626
9059,2025-12-17,2988
9059,2025-12-18,4095
9059,2025-12-19,3345
9059,2025-12-20,3128
9059,2025-12-21,1864
9062,2025-11-22,0
9062,2025-11-23,0
9062,2025-11-24,0
9062,2025-11-25,0
9062,2025-11-26,0
9062,2025-11-27,0
9062,2025-11-28,0
9062,2025-11-29,0
9062,2025-11-30,0
9062,2025-12-01,0
9062,2025-12-02,0
9062,2025-12-03,0
9062,2025-12-04,0
9062,2025-12-05,0
9062,2025-12-06,0
9062,2025-12-07,0
9062,2025-12-08,0
9062,2025-12-09,0
9062,2025-12-10,0
9062,2025-12-11,0
9062,2025-12-12,0
9062,2025-12-13,0
9062,2025-12-14,0
9062,2025-12-15,0
9062,2025-12-16,0
9062,2025-12-17,0
9062,2025-12-18,0
9062,2025-12-19,0
9062,2025-12-20,0
9062,2025-12-21,0
9063,2025-11-22,129
9063,2025-11-23,120
9063,2025-11-24,74
9063,2025-11-25,55
9063,2025-11-26,98
9063,2025-11-27,120
9063,2025-11-28,54
9063,2025-11-29,31
9063,2025-11-30,14
9063,2025-12-01,15
9063,2025-12-02,24
9063,2025-12-03,111
9063,2025-12-04,121
9063,2025-12-05,40
9063,2025-12-06,29
9063,2025-12-07,31
9063,2025-12-08,22
9063,2025-12-09,12
9063,2025-12-10,64
9063,2025-12-11,158
9063,2025-12-12,110
9063,2025-12-13,16
9063,2025-12-14,41
9063,2025-12-15,43
9063,2025-12-16,45
9063,2025-12-17,48
9063,2025-12-18,80
9063,2025-12-19,51
9063,2025-12-20,53
9063,2025-12-21,55
9076,2025-11-22,0
9076,2025-11-23,0
9076,2025-11-24,0
9076,2025-11-25,0
9076,2025-11-26,0
9076,2025-11-27,0
9076,2025-11-28,0
9076,2025-11-29,0
9076,2025-11-30,0
9076,2025-12-01,0
9076,2025-12-02,0
9076,2025-12-03,0
9076,2025-12-04,0
9076,2025-12-05,0
9076,2025-12-06,0
9076,2025-12-07,0
9076,2025-12-08,0
9076,2025-12-09,0
9076,2025-12-10,0
9076,2025-12-11,0
9076,2025-12-12,0
9076,2025-12-13,0
9076,2025-12-14,0
9076,2025-12-15,0
9076,2025-12-16,0
9076,2025-12-17,0
9076,2025-12-18,0
9076,2025-12-19,0
9076,2025-12-20,0
9076,2025-12-21,0
9077,2025-11-22,92
9077,2025-11-23,220
9077,2025-11-24,114
9077,2025-11-25,72
9077,2025-11-26,115
9077,2025-11-27,253
9077,2025-11-28,68
9077,2025-11-29,58
9077,2025-11-30,68
9077,2025-12-01,93
9077,2025-12-02,93
9077,2025-12-03,134
9077,2025-12-04,253
9077,2025-12-05,51
9077,2025-12-06,55
9077,2025-12-07,82
9077,2025-12-08,137
9077,2025-12-09,105
9077,2025-12-10,114
9077,2025-12-11,279
9077,2025-12-12,111
9077,2025-12-13,120
9077,2025-12-14,129
9077,2025-12-15,125
9077,2025-12-16,134
9077,2025-12-17,161
9077,2025-12-18,385
9077,2025-12-19,133
9077,2025-12-20,186
9077,2025-12-21,112
9091,2025-11-22,138
9091,2025-11-23,119
9091,2025-11-24,83
9091,2025-11-25,80
9091,2025-11-26,149
9091,2025-11-27,198
9091,2025-11-28,106
9091,2025-11-29,83
9091,2025-11-30,71
9091,2025-12-01,71
9091,2025-12-02,67
9091,2025-12-03,120
9091,2025-12-04,153
9091,2025-12-05,134
9091,2025-12-06,90
9091,2025-12-07,103
9091,2025-12-08,59
9091,2025-12-09,70
9091,2025-12-10,111
9091,2025-12-11,113
9091,2025-12-12,41
9091,2025-12-13,72
9091,2025-12-14,39
9091,2025-12-15,84
9091,2025-12-16,45
9091,2025-12-17,86
9091,2025-12-18,160
9091,2025-12-19,29
9091,2025-12-20,125
9091,2025-12-21,85
9150,2025-11-22,75
9150,2025-11-23,69
9150,2025-11-24,73
9150,2025-11-25,90
9150,2025-11-26,74
9150,2025-11-27,103
9150,2025-11-28,91
9150,2025-11-29,26
9150,2025-11-30,67
9150,2025-12-01,53
9150,2025-12-02,50
9150,2025-12-03,50
9150,2025-12-04,45
9150,2025-12-05,29
9150,2025-12-06,26
9150,2025-12-07,28
9150,2025-12-08,30
9150,2025-12-09,45
9150,2025-12-10,49
9150,2025-12-11,91
9150,2025-12-12,66
9150,2025-12-13,45
9150,2025-12-14,49
9150,2025-12-15,64
9150,2025-12-16,46
9150,2025-12-17,50
9150,2025-12-18,69
9150,2025-12-19,30
9150,2025-12-20,33
9150,2025-12-21,18
9220,2025-11-22,6
9220,2025-11-23,10
9220,2025-11-24,7
9220,2025-11-25,5
9220,2025-11-26,3
9220,2025-11-27,3
9220,2025-11-28,5
9220,2025-11-29,2
9220,2025-11-30,2
9220,2025-12-01,2
9220,2025-12-02,2
9220,2025-12-03,2
9220,2025-12-04,2
9220,2025-12-05,5
9220,2025-12-06,6
9220,2025-12-07,2
9220,2025-12-08,3
9220,2025-12-09,6
9220,2025-12-10,3
9220,2025-12-11,7
9220,2025-12-12,7
9220,2025-12-13,8
9220,2025-12-14,8
9220,2025-12-15,8
9220,2025-12-16,8
9220,2025-12-17,8
9220,2025-12-18,9
9220,2025-12-19,9
9220,2025-12-20,9
9220,2025-12-21,10
9221,2025-11-22,0
9221,2025-11-23,0
9221,2025-11-24,0
9221,2025-11-25,0
9221,2025-11-26,0
9221,2025-11-27,0
9221,2025-11-28,0
9221,2025-11-29,0
9221,2025-11-30,0
9221,2025-12-01,0
9221,2025-12-02,0
9221,2025-12-03,0
9221,2025-12-04,0
9221,2025-12-05,0
9221,2025-12-06,0
9221,2025-12-07,0
9221,2025-12-08,0
9221,2025-12-09,0
9221,2025-12-10,0
9221,2025-12-11,0
9221,2025-12-12,0
9221,2025-12-13,0
9221,2025-12-14,0
9221,2025-12-15,0
9221,2025-12-16,0
9221,2025-12-17,0
9221,2025-12-18,0
9221,2025-12-19,0
9221,2025-12-20,0
9221,2025-12-21,0
9308,2025-11-22,0
9308,2025-11-23,0
9308,2025-11-24,0
9308,2025-11-25,0
9308,2025-11-26,0
9308,2025-11-27,0
9308,2025-11-28,0
9308,2025-11-29,0
9308,2025-11-30,0
9308,2025-12-01,0
9308,2025-12-02,0
9308,2025-12-03,0
9308,2025-12-04,0
9308,2025-12-05,0
9308,2025-12-06,0
9308,2025-12-07,0
9308,2025-12-08,0
9308,2025-12-09,0
9308,2025-12-10,0
9308,2025-12-11,0
9308,2025-12-12,0
9308,2025-12-13,0
9308,2025-12-14,0
9308,2025-12-15,0
9308,2025-12-16,0
9308,2025-12-17,0
9308,2025-12-18,0
9308,2025-12-19,0
9308,2025-12-20,0
9308,2025-12-21,0
9356,2025-11-22,27889
9356,2025-11-23,27281
9356,2025-11-24,27031
9356,2025-11-25,27708
9356,2025-11-26,28005
9356,2025-11-27,22739
9356,2025-11-28,11330
9356,2025-11-29,11540
9356,2025-11-30,12055
9356,2025-12-01,13578
9356,2025-12-02,16071
9356,2025-12-03,19089
9356,2025-12-04,19654
9356,2025-12-05,12188
9356,2025-12-06,11716
9356,2025-12-07,10671
9356,2025-12-08,11758
9356,2025-12-09,13840
9356,2025-12-10,17021
9356,2025-12-11,18423
9356,2025-12-12,12422
9356,2025-12-13,13472
9356,2025-12-14,12634
9356,2025-12-15,13277
9356,2025-12-16,15574
9356,2025-12-17,20180
9356,2025-12-18,21035
9356,2025-12-19,15301
9356,2025-12-20,12327
9356,2025-12-21,6973
9508,2025-11-22,9
9508,2025-11-23,18
9508,2025-11-24,4
9508,2025-11-25,7
9508,2025-11-26,21
9508,2025-11-27,15
9508,2025-11-28,12
9508,2025-11-29,19
9508,2025-11-30,12
9508,2025-12-01,10
9508,2025-12-02,10
9508,2025-12-03,11
9508,2025-12-04,29
9508,2025-12-05,13
9508,2025-12-06,7
9508,2025-12-07,7
9508,2025-12-08,11
9508,2025-12-09,8
9508,2025-12-10,8
9508,2025-12-11,9
9508,2025-12-12,9
9508,2025-12-13,9
9508,2025-12-14,9
9508,2025-12-15,10
9508,2025-12-16,9
9508,2025-12-17,9
9508,2025-12-18,10
9508,2025-12-19,11
9508,2025-12-20,11
9508,2025-12-21,11
9547,2025-11-22,7434
9547,2025-11-23,11827
9547,2025-11-24,9216
9547,2025-11-25,6876
9547,2025-11-26,9311
9547,2025-11-27,29778
9547,2025-11-28,10433
9547,2025-11-29,5779
9547,2025-11-30,6317
9547,2025-12-01,5915
9547,2025-12-02,7033
9547,2025-12-03,10092
9547,2025-12-04,33972
9547,2025-12-05,11208
9547,2025-12-06,5826
9547,2025-12-07,4782
9547,2025-12-08,6249
9547,2025-12-09,6947
9547,2025-12-10,12067
9547,2025-12-11,38268
9547,2025-12-12,15415
9547,2025-12-13,7995
9547,2025-12-14,6388
9547,2025-12-15,6926
9547,2025-12-16,8412
9547,2025-12-17,14292
9547,2025-12-18,51467
9547,2025-12-19,16069
9547,2025-12-20,11895
9547,2025-12-21,13988
9581,2025-11-22,51
9581,2025-11-23,29
9581,2025-11-24,32
9581,2025-11-25,51
9581,2025-11-26,53
9581,2025-11-27,74
9581,2025-11-28,49
9581,2025-11-29,59
9581,2025-11-30,27
9581,2025-12-01,37
9581,2025-12-02,31
9581,2025-12-03,37
9581,2025-12-04,33
9581,2025-12-05,50
9581,2025-12-06,8
9581,2025-12-07,19
9581,2025-12-08,21
9581,2025-12-09,23
9581,2025-12-10,5
9581,2025-12-11,16
9581,2025-12-12,17
9581,2025-12-13,12
9581,2025-12-14,13
9581,2025-12-15,48
9581,2025-12-16,44
9581,2025-12-17,28
9581,2025-12-18,28
9581,2025-12-19,30
9581,2025-12-20,31
9581,2025-12-21,33
9600,2025-11-22,30
9600,2025-11-23,48
9600,2025-11-24,31
9600,2025-11-25,31
9600,2025-11-26,52
9600,2025-11-27,41
9600,2025-11-28,6
9600,2025-11-29,2
9600,2025-11-30,4
9600,2025-12-01,8
9600,2025-12-02,9
9600,2025-12-03,2
9600,2025-12-04,10
9600,2025-12-05,11
9600,2025-12-06,3
9600,2025-12-07,6
9600,2025-12-08,3
9600,2025-12-09,7
9600,2025-12-10,8
9600,2025-12-11,14
9600,2025-12-12,14
9600,2025-12-13,15
9600,2025-12-14,16
9600,2025-12-15,5
9600,2025-12-16,6
9600,2025-12-17,17
9600,2025-12-18,17
9600,2025-12-19,17
9600,2025-12-20,18
9600,2025-12-21,17
9647,2025-11-22,0
9647,2025-11-23,0
9647,2025-11-24,0
9647,2025-11-25,0
9647,2025-11-26,0
9647,2025-11-27,0
9647,2025-11-28,0
9647,2025-11-29,0
9647,2025-11-30,0
9647,2025-12-01,0
9647,2025-12-02,0
9647,2025-12-03,0
9647,2025-12-04,0
9647,2025-12-05,0
9647,2025-12-06,0
9647,2025-12-07,0
9647,2025-12-08,0
9647,2025-12-09,0
9647,2025-12-10,0
9647,2025-12-11,0
9647,2025-12-12,0
9647,2025-12-13,0
9647,2025-12-14,0
9647,2025-12-15,0
9647,2025-12-16,0
9647,2025-12-17,0
9647,2025-12-18,0
9647,2025-12-19,0
9647,2025-12-20,0
9647,2025-12-21,0
9681,2025-11-22,6
9681,2025-11-23,14
9681,2025-11-24,12
9681,2025-11-25,2
9681,2025-11-26,2
9681,2025-11-27,3
9681,2025-11-28,3
9681,2025-11-29,10
9681,2025-11-30,12
9681,2025-12-01,4
9681,2025-12-02,5
9681,2025-12-03,4
9681,2025-12-04,5
9681,2025-12-05,5
9681,2025-12-06,5
9681,2025-12-07,6
9681,2025-12-08,6
9681,2025-12-09,6
9681,2025-12-10,6
9681,2025-12-11,7
9681,2025-12-12,7
9681,2025-12-13,7
9681,2025-12-14,7
9681,2025-12-15,7
9681,2025-12-16,7
9681,2025-12-17,16
9681,2025-12-18,17
9681,2025-12-19,8
9681,2025-12-20,8
9681,2025-12-21,8
9704,2025-11-22,2
9704,2025-11-23,3
9704,2025-11-24,2
9704,2025-11-25,2
9704,2025-11-26,2
9704,2025-11-27,2
9704,2025-11-28,3
9704,2025-11-29,3
9704,2025-11-30,3
9704,2025-12-01,3
9704,2025-12-02,4
9704,2025-12-03,4
9704,2025-12-04,4
9704,2025-12-05,4
9704,2025-12-06,5
9704,2025-12-07,5
9704,2025-12-08,5
9704,2025-12-09,6
9704,2025-12-10,6
9704,2025-12-11,6
9704,2025-12-12,7
9704,2025-12-13,7
9704,2025-12-14,8
9704,2025-12-15,8
9704,2025-12-16,9
9704,2025-12-17,10
9704,2025-12-18,10
9704,2025-12-19,11
9704,2025-12-20,12
9704,2025-12-21,13
9749,2025-11-22,0
9749,2025-11-23,0
9749,2025-11-24,0
9749,2025-11-25,0
9749,2025-11-26,0
9749,2025-11-27,0
9749,2025-11-28,0
9749,2025-11-29,0
9749,2025-11-30,0
9749,2025-12-01,0
9749,2025-12-02,0
9749,2025-12-03,0
9749,2025-12-04,0
9749,2025-12-05,0
9749,2025-12-06,0
9749,2025-12-07,0
9749,2025-12-08,0
9749,2025-12-09,0
9749,2025-12-10,0
9749,2025-12-11,0
9749,2025-12-12,0
9749,2025-12-13,0
9749,2025-12-14,0
9749,2025-12-15,0
9749,2025-12-16,0
9749,2025-12-17,0
9749,2025-12-18,0
9749,2025-12-19,0
9749,2025-12-20,0
9749,2025-12-21,0
9767,2025-11-22,0
9767,2025-11-23,0
9767,2025-11-24,0
9767,2025-11-25,0
9767,2025-11-26,0
9767,2025-11-27,0
9767,2025-11-28,0
9767,2025-11-29,0
9767,2025-11-30,0
9767,2025-12-01,0
9767,2025-12-02,0
9767,2025-12-03,0
9767,2025-12-04,0
9767,2025-12-05,0
9767,2025-12-06,0
9767,2025-12-07,0
9767,2025-12-08,0
9767,2025-12-09,0
9767,2025-12-10,0
9767,2025-12-11,0
9767,2025-12-12,0
9767,2025-12-13,0
9767,2025-12-14,0
9767,2025-12-15,0
9767,2025-12-16,0
9767,2025-12-17,0
9767,2025-12-18,0
9767,2025-12-19,0
9767,2025-12-20,0
9767,2025-12-21,0
9770,2025-11-22,8181
9770,2025-11-23,8397
9770,2025-11-24,7385
9770,2025-11-25,6951
9770,2025-11-26,10648
9770,2025-11-27,13432
9770,2025-11-28,4920
9770,2025-11-29,4792
9770,2025-11-30,4750
9770,2025-12-01,4254
9770,2025-12-02,4117
9770,2025-12-03,6092
9770,2025-12-04,8142
9770,2025-12-05,3916
9770,2025-12-06,3959
9770,2025-12-07,3574
9770,2025-12-08,4028
9770,2025-12-09,4170
9770,2025-12-10,5278
9770,2025-12-11,7289
9770,2025-12-12,4008
9770,2025-12-13,3417
9770,2025-12-14,3336
9770,2025-12-15,4123
9770,2025-12-16,4969
9770,2025-12-17,7510
9770,2025-12-18,10851
9770,2025-12-19,7163
9770,2025-12-20,6363
9770,2025-12-21,1785
9806,2025-11-22,95
9806,2025-11-23,147
9806,2025-11-24,92
9806,2025-11-25,96
9806,2025-11-26,86
9806,2025-11-27,111
9806,2025-11-28,19
9806,2025-11-29,15
9806,2025-11-30,17
9806,2025-12-01,11
9806,2025-12-02,12
9806,2025-12-03,40
9806,2025-12-04,95
9806,2025-12-05,41
9806,2025-12-06,34
9806,2025-12-07,18
9806,2025-12-08,32
9806,2025-12-09,105
9806,2025-12-10,30
9806,2025-12-11,57
9806,2025-12-12,26
9806,2025-12-13,111
9806,2025-12-14,30
9806,2025-12-15,43
9806,2025-12-16,46
9806,2025-12-17,75
9806,2025-12-18,134
9806,2025-12-19,73
9806,2025-12-20,32
9806,2025-12-21,51
9814,2025-11-22,11495
9814,2025-11-23,10140
9814,2025-11-24,9340
9814,2025-11-25,10578
9814,2025-11-26,14458
9814,2025-11-27,15713
9814,2025-11-28,6203
9814,2025-11-29,5127
9814,2025-11-30,5046
9814,2025-12-01,4590
9814,2025-12-02,5208
9814,2025-12-03,7456
9814,2025-12-04,9694
9814,2025-12-05,4936
9814,2025-12-06,4603
9814,2025-12-07,3517
9814,2025-12-08,3565
9814,2025-12-09,4305
9814,2025-12-10,6441
9814,2025-12-11,6678
9814,2025-12-12,3054
9814,2025-12-13,3460
9814,2025-12-14,3434
9814,2025-12-15,4753
9814,2025-12-16,5706
9814,2025-12-17,11134
9814,2025-12-18,12941
9814,2025-12-19,5098
9814,2025-12-20,4613
9814,2025-12-21,3097
9879,2025-11-22,821
9879,2025-11-23,732
9879,2025-11-24,563
9879,2025-11-25,618
9879,2025-11-26,875
9879,2025-11-27,698
9879,2025-11-28,232
9879,2025-11-29,319
9879,2025-11-30,491
9879,2025-12-01,488
9879,2025-12-02,492
9879,2025-12-03,531
9879,2025-12-04,673
9879,2025-12-05,184
9879,2025-12-06,226
9879,2025-12-07,362
9879,2025-12-08,386
9879,2025-12-09,323
9879,2025-12-10,361
9879,2025-12-11,281
9879,2025-12-12,247
9879,2025-12-13,324
9879,2025-12-14,395
9879,2025-12-15,341
9879,2025-12-16,367
9879,2025-12-17,596
9879,2025-12-18,711
9879,2025-12-19,597
9879,2025-12-20,419
9879,2025-12-21,359
9880,2025-11-22,54
9880,2025-11-23,163
9880,2025-11-24,94
9880,2025-11-25,50
9880,2025-11-26,113
9880,2025-11-27,268
9880,2025-11-28,35
9880,2025-11-29,39
9880,2025-11-30,60
9880,2025-12-01,28
9880,2025-12-02,12
9880,2025-12-03,82
9880,2025-12-04,134
9880,2025-12-05,21
9880,2025-12-06,23
9880,2025-12-07,13
9880,2025-12-08,34
9880,2025-12-09,23
9880,2025-12-10,66
9880,2025-12-11,89
9880,2025-12-12,19
9880,2025-12-13,21
9880,2025-12-14,56
9880,2025-12-15,57
9880,2025-12-16,57
9880,2025-12-17,89
9880,2025-12-18,309
9880,2025-12-19,90
9880,2025-12-20,20
9880,2025-12-21,43
9899,2025-11-22,16
9899,2025-11-23,19
9899,2025-11-24,14
9899,2025-11-25,22
9899,2025-11-26,15
9899,2025-11-27,57
9899,2025-11-28,21
9899,2025-11-29,23
9899,2025-11-30,21
9899,2025-12-01,33
9899,2025-12-02,26
9899,2025-12-03,57
9899,2025-12-04,113
9899,2025-12-05,14
9899,2025-12-06,7
9899,2025-12-07,8
9899,2025-12-08,9
9899,2025-12-09,19
9899,2025-12-10,10
9899,2025-12-11,87
9899,2025-12-12,12
9899,2025-12-13,13
9899,2025-12-14,14
9899,2025-12-15,15
9899,2025-12-16,16
9899,2025-12-17,35
9899,2025-12-18,38
9899,2025-12-19,21
9899,2025-12-20,23
9899,2025-12-21,99
9936,2025-11-22,0
9936,2025-11-23,0
9936,2025-11-24,0
9936,2025-11-25,0
9936,2025-11-26,0
9936,2025-11-27,0
9936,2025-11-28,0
9936,2025-11-29,0
9936,2025-11-30,0
9936,2025-12-01,0
9936,2025-12-02,0
9936,2025-12-03,0
9936,2025-12-04,0
9936,2025-12-05,0
9936,2025-12-06,0
9936,2025-12-07,0
9936,2025-12-08,0
9936,2025-12-09,0
9936,2025-12-10,0
9936,2025-12-11,0
9936,2025-12-12,0
9936,2025-12-13,0
9936,2025-12-14,0
9936,2025-12-15,0
9936,2025-12-16,0
9936,2025-12-17,0
9936,2025-12-18,0
9936,2025-12-19,0
9936,2025-12-20,0
9936,2025-12-21,0
9951,2025-11-22,384
9951,2025-11-23,419
9951,2025-11-24,408
9951,2025-11-25,440
9951,2025-11-26,519
9951,2025-11-27,634
9951,2025-11-28,145
9951,2025-11-29,232
9951,2025-11-30,212
9951,2025-12-01,121
9951,2025-12-02,193
9951,2025-12-03,190
9951,2025-12-04,290
9951,2025-12-05,131
9951,2025-12-06,250
9951,2025-12-07,76
9951,2025-12-08,53
9951,2025-12-09,65
9951,2025-12-10,98
9951,2025-12-11,280
9951,2025-12-12,209
9951,2025-12-13,90
9951,2025-12-14,37
9951,2025-12-15,40
9951,2025-12-16,103
9951,2025-12-17,113
9951,2025-12-18,369
9951,2025-12-19,96
9951,2025-12-20,63
9951,2025-12-21,23
