cluster_code,checkin,predicted_demand
1011,2025-11-22,139
1011,2025-11-23,181
1011,2025-11-24,135
1011,2025-11-25,130
1011,2025-11-26,149
1011,2025-11-27,459
1011,2025-11-28,150
1011,2025-11-29,90
1011,2025-11-30,96
1011,2025-12-01,132
1011,2025-12-02,90
1011,2025-12-03,199
1011,2025-12-04,500
1011,2025-12-05,132
1011,2025-12-06,99
1011,2025-12-07,100
1011,2025-12-08,124
1011,2025-12-09,120
1011,2025-12-10,175
1011,2025-12-11,580
1011,2025-12-12,214
1011,2025-12-13,137
1011,2025-12-14,108
1011,2025-12-15,148
1011,2025-12-16,162
1011,2025-12-17,233
1011,2025-12-18,577
1011,2025-12-19,173
1011,2025-12-20,145
1011,2025-12-21,94
1013,2025-11-22,0
1013,2025-11-23,0
1013,2025-11-24,0
1013,2025-11-25,0
1013,2025-11-26,0
1013,2025-11-27,0
1013,2025-11-28,0
1013,2025-11-29,0
1013,2025-11-30,0
1013,2025-12-01,0
1013,2025-12-02,0
1013,2025-12-03,0
1013,2025-12-04,0
1013,2025-12-05,0
1013,2025-12-06,0
1013,2025-12-07,0
1013,2025-12-08,0
1013,2025-12-09,0
1013,2025-12-10,0
1013,2025-12-11,0
1013,2025-12-12,0
1013,2025-12-13,0
1013,2025-12-14,0
1013,2025-12-15,0
1013,2025-12-16,0
1013,2025-12-17,0
1013,2025-12-18,0
1013,2025-12-19,0
1013,2025-12-20,0
1013,2025-12-21,0
1053,2025-11-22,659
1053,2025-11-23,560
1053,2025-11-24,588
1053,2025-11-25,545
1053,2025-11-26,757
1053,2025-11-27,1038
1053,2025-11-28,448
1053,2025-11-29,312
1053,2025-11-30,305
1053,2025-12-01,247
1053,2025-12-02,295
1053,2025-12-03,572
1053,2025-12-04,799
1053,2025-12-05,210
1053,2025-12-06,258
1053,2025-12-07,263
1053,2025-12-08,266
1053,2025-12-09,280
1053,2025-12-10,405
1053,2025-12-11,862
1053,2025-12-12,322
1053,2025-12-13,261
1053,2025-12-14,238
1053,2025-12-15,262
1053,2025-12-16,282
1053,2025-12-17,429
1053,2025-12-18,570
1053,2025-12-19,302
1053,2025-12-20,300
1053,2025-12-21,225
1054,2025-11-22,20
1054,2025-11-23,24
1054,2025-11-24,6
1054,2025-11-25,8
1054,2025-11-26,7
1054,2025-11-27,8
1054,2025-11-28,3
1054,2025-11-29,2
1054,2025-11-30,3
1054,2025-12-01,3
1054,2025-12-02,4
1054,2025-12-03,10
1054,2025-12-04,10
1054,2025-12-05,4
1054,2025-12-06,4
1054,2025-12-07,4
1054,2025-12-08,3
1054,2025-12-09,6
1054,2025-12-10,7
1054,2025-12-11,18
1054,2025-12-12,5
1054,2025-12-13,4
1054,2025-12-14,3
1054,2025-12-15,5
1054,2025-12-16,6
1054,2025-12-17,7
1054,2025-12-18,12
1054,2025-12-19,6
1054,2025-12-20,4
1054,2025-12-21,3
1120,2025-11-22,19
1120,2025-11-23,22
1120,2025-11-24,15
1120,2025-11-25,13
1120,2025-11-26,19
1120,2025-11-27,77
1120,2025-11-28,19
1120,2025-11-29,9
1120,2025-11-30,14
1120,2025-12-01,14
1120,2025-12-02,19
1120,2025-12-03,13
1120,2025-12-04,62
1120,2025-12-05,23
1120,2025-12-06,15
1120,2025-12-07,14
1120,2025-12-08,15
1120,2025-12-09,17
1120,2025-12-10,18
1120,2025-12-11,59
1120,2025-12-12,21
1120,2025-12-13,16
1120,2025-12-14,14
1120,2025-12-15,18
1120,2025-12-16,21
1120,2025-12-17,21
1120,2025-12-18,49
1120,2025-12-19,25
1120,2025-12-20,17
1120,2025-12-21,13
1156,2025-11-22,0
1156,2025-11-23,0
1156,2025-11-24,0
1156,2025-11-25,0
1156,2025-11-26,0
1156,2025-11-27,0
1156,2025-11-28,0
1156,2025-11-29,0
1156,2025-11-30,0
1156,2025-12-01,0
1156,2025-12-02,0
1156,2025-12-03,0
1156,2025-12-04,0
1156,2025-12-05,0
1156,2025-12-06,0
1156,2025-12-07,0
1156,2025-12-08,0
1156,2025-12-09,0
1156,2025-12-10,0
1156,2025-12-11,0
1156,2025-12-12,0
1156,2025-12-13,0
1156,2025-12-14,0
1156,2025-12-15,0
1156,2025-12-16,0
1156,2025-12-17,0
1156,2025-12-18,0
1156,2025-12-19,0
1156,2025-12-20,0
1156,2025-12-21,0
1173,2025-11-22,0
1173,2025-11-23,0
1173,2025-11-24,8
1173,2025-11-25,3
1173,2025-11-26,1
1173,2025-11-27,7
1173,2025-11-28,0
1173,2025-11-29,0
1173,2025-11-30,1
1173,2025-12-01,1
1173,2025-12-02,1
1173,2025-12-03,2
1173,2025-12-04,6
1173,2025-12-05,1
1173,2025-12-06,1
1173,2025-12-07,1
1173,2025-12-08,1
1173,2025-12-09,1
1173,2025-12-10,2
1173,2025-12-11,9
1173,2025-12-12,1
1173,2025-12-13,1
1173,2025-12-14,1
1173,2025-12-15,1
1173,2025-12-16,2
1173,2025-12-17,3
1173,2025-12-18,7
1173,2025-12-19,2
1173,2025-12-20,1
1173,2025-12-21,1
1177,2025-11-22,42
1177,2025-11-23,59
1177,2025-11-24,45
1177,2025-11-25,43
1177,2025-11-26,82
1177,2025-11-27,130
1177,2025-11-28,20
1177,2025-11-29,10
1177,2025-11-30,16
1177,2025-12-01,19
1177,2025-12-02,25
1177,2025-12-03,41
1177,2025-12-04,117
1177,2025-12-05,23
1177,2025-12-06,25
1177,2025-12-07,24
1177,2025-12-08,21
1177,2025-12-09,22
1177,2025-12-10,31
1177,2025-12-11,105
1177,2025-12-12,25
1177,2025-12-13,19
1177,2025-12-14,17
1177,2025-12-15,21
1177,2025-12-16,23
1177,2025-12-17,47
1177,2025-12-18,87
1177,2025-12-19,34
1177,2025-12-20,21
1177,2025-12-21,16
1183,2025-11-22,37183
1183,2025-11-23,37760
1183,2025-11-24,37313
1183,2025-11-25,35821
1183,2025-11-26,42184
1183,2025-11-27,49881
1183,2025-11-28,29268
1183,2025-11-29,30893
1183,2025-11-30,30649
1183,2025-12-01,31982
1183,2025-12-02,32068
1183,2025-12-03,38432
1183,2025-12-04,52155
1183,2025-12-05,37345
1183,2025-12-06,35033
1183,2025-12-07,33673
1183,2025-12-08,36372
1183,2025-12-09,36788
1183,2025-12-10,43523
1183,2025-12-11,50277
1183,2025-12-12,35525
1183,2025-12-13,35572
1183,2025-12-14,34471
1183,2025-12-15,35612
1183,2025-12-16,35550
1183,2025-12-17,40190
1183,2025-12-18,49932
1183,2025-12-19,33405
1183,2025-12-20,33001
1183,2025-12-21,27286
1209,2025-11-22,0
1209,2025-11-23,1
1209,2025-11-24,0
1209,2025-11-25,0
1209,2025-11-26,0
1209,2025-11-27,6
1209,2025-11-28,0
1209,2025-11-29,0
1209,2025-11-30,0
1209,2025-12-01,3
1209,2025-12-02,3
1209,2025-12-03,0
1209,2025-12-04,0
1209,2025-12-05,0
1209,2025-12-06,4
1209,2025-12-07,5
1209,2025-12-08,5
1209,2025-12-09,4
1209,2025-12-10,5
1209,2025-12-11,6
1209,2025-12-12,4
1209,2025-12-13,4
1209,2025-12-14,4
1209,2025-12-15,5
1209,2025-12-16,5
1209,2025-12-17,5
1209,2025-12-18,6
1209,2025-12-19,0
1209,2025-12-20,0
1209,2025-12-21,0
1224,2025-11-22,22
1224,2025-11-23,20
1224,2025-11-24,19
1224,2025-11-25,12
1224,2025-11-26,27
1224,2025-11-27,42
1224,2025-11-28,21
1224,2025-11-29,18
1224,2025-11-30,21
1224,2025-12-01,23
1224,2025-12-02,26
1224,2025-12-03,30
1224,2025-12-04,46
1224,2025-12-05,28
1224,2025-12-06,23
1224,2025-12-07,26
1224,2025-12-08,25
1224,2025-12-09,25
1224,2025-12-10,27
1224,2025-12-11,57
1224,2025-12-12,25
1224,2025-12-13,26
1224,2025-12-14,25
1224,2025-12-15,30
1224,2025-12-16,29
1224,2025-12-17,31
1224,2025-12-18,49
1224,2025-12-19,30
1224,2025-12-20,28
1224,2025-12-21,22
1239,2025-11-22,5
1239,2025-11-23,7
1239,2025-11-24,10
1239,2025-11-25,10
1239,2025-11-26,12
1239,2025-11-27,16
1239,2025-11-28,8
1239,2025-11-29,8
1239,2025-11-30,8
1239,2025-12-01,9
1239,2025-12-02,7
1239,2025-12-03,8
1239,2025-12-04,17
1239,2025-12-05,8
1239,2025-12-06,8
1239,2025-12-07,8
1239,2025-12-08,8
1239,2025-12-09,8
1239,2025-12-10,11
1239,2025-12-11,19
1239,2025-12-12,8
1239,2025-12-13,8
1239,2025-12-14,8
1239,2025-12-15,9
1239,2025-12-16,10
1239,2025-12-17,10
1239,2025-12-18,16
1239,2025-12-19,9
1239,2025-12-20,8
1239,2025-12-21,7
1265,2025-11-22,43
1265,2025-11-23,43
1265,2025-11-24,44
1265,2025-11-25,48
1265,2025-11-26,48
1265,2025-11-27,58
1265,2025-11-28,19
1265,2025-11-29,31
1265,2025-11-30,43
1265,2025-12-01,49
1265,2025-12-02,54
1265,2025-12-03,58
1265,2025-12-04,80
1265,2025-12-05,46
1265,2025-12-06,50
1265,2025-12-07,42
1265,2025-12-08,46
1265,2025-12-09,56
1265,2025-12-10,56
1265,2025-12-11,58
1265,2025-12-12,35
1265,2025-12-13,50
1265,2025-12-14,45
1265,2025-12-15,49
1265,2025-12-16,50
1265,2025-12-17,48
1265,2025-12-18,50
1265,2025-12-19,34
1265,2025-12-20,46
1265,2025-12-21,40
1297,2025-11-22,0
1297,2025-11-23,0
1297,2025-11-24,0
1297,2025-11-25,0
1297,2025-11-26,1
1297,2025-11-27,2
1297,2025-11-28,0
1297,2025-11-29,0
1297,2025-11-30,0
1297,2025-12-01,0
1297,2025-12-02,0
1297,2025-12-03,0
1297,2025-12-04,0
1297,2025-12-05,0
1297,2025-12-06,0
1297,2025-12-07,0
1297,2025-12-08,0
1297,2025-12-09,0
1297,2025-12-10,0
1297,2025-12-11,1
1297,2025-12-12,0
1297,2025-12-13,0
1297,2025-12-14,0
1297,2025-12-15,0
1297,2025-12-16,0
1297,2025-12-17,0
1297,2025-12-18,1
1297,2025-12-19,0
1297,2025-12-20,0
1297,2025-12-21,0
1299,2025-11-22,163
1299,2025-11-23,398
1299,2025-11-24,155
1299,2025-11-25,207
1299,2025-11-26,323
1299,2025-11-27,1288
1299,2025-11-28,198
1299,2025-11-29,186
1299,2025-11-30,194
1299,2025-12-01,201
1299,2025-12-02,164
1299,2025-12-03,369
1299,2025-12-04,921
1299,2025-12-05,269
1299,2025-12-06,189
1299,2025-12-07,168
1299,2025-12-08,264
1299,2025-12-09,290
1299,2025-12-10,305
1299,2025-12-11,960
1299,2025-12-12,267
1299,2025-12-13,197
1299,2025-12-14,168
1299,2025-12-15,177
1299,2025-12-16,231
1299,2025-12-17,354
1299,2025-12-18,954
1299,2025-12-19,277
1299,2025-12-20,232
1299,2025-12-21,182
1307,2025-11-22,1
1307,2025-11-23,0
1307,2025-11-24,0
1307,2025-11-25,0
1307,2025-11-26,0
1307,2025-11-27,0
1307,2025-11-28,0
1307,2025-11-29,0
1307,2025-11-30,0
1307,2025-12-01,0
1307,2025-12-02,0
1307,2025-12-03,0
1307,2025-12-04,0
1307,2025-12-05,0
1307,2025-12-06,0
1307,2025-12-07,0
1307,2025-12-08,0
1307,2025-12-09,0
1307,2025-12-10,0
1307,2025-12-11,0
1307,2025-12-12,0
1307,2025-12-13,0
1307,2025-12-14,0
1307,2025-12-15,0
1307,2025-12-16,0
1307,2025-12-17,0
1307,2025-12-18,0
1307,2025-12-19,0
1307,2025-12-20,0
1307,2025-12-21,0
1317,2025-11-22,31
1317,2025-11-23,22
1317,2025-11-24,29
1317,2025-11-25,22
1317,2025-11-26,28
1317,2025-11-27,22
1317,2025-11-28,4
1317,2025-11-29,4
1317,2025-11-30,5
1317,2025-12-01,5
1317,2025-12-02,11
1317,2025-12-03,25
1317,2025-12-04,45
1317,2025-12-05,6
1317,2025-12-06,9
1317,2025-12-07,8
1317,2025-12-08,8
1317,2025-12-09,11
1317,2025-12-10,15
1317,2025-12-11,30
1317,2025-12-12,8
1317,2025-12-13,7
1317,2025-12-14,6
1317,2025-12-15,12
1317,2025-12-16,12
1317,2025-12-17,18
1317,2025-12-18,26
1317,2025-12-19,10
1317,2025-12-20,8
1317,2025-12-21,5
1370,2025-11-22,0
1370,2025-11-23,0
1370,2025-11-24,0
1370,2025-11-25,0
1370,2025-11-26,0
1370,2025-11-27,0
1370,2025-11-28,0
1370,2025-11-29,0
1370,2025-11-30,0
1370,2025-12-01,0
1370,2025-12-02,0
1370,2025-12-03,0
1370,2025-12-04,0
1370,2025-12-05,0
1370,2025-12-06,0
1370,2025-12-07,0
1370,2025-12-08,0
1370,2025-12-09,0
1370,2025-12-10,0
1370,2025-12-11,0
1370,2025-12-12,0
1370,2025-12-13,0
1370,2025-12-14,0
1370,2025-12-15,0
1370,2025-12-16,0
1370,2025-12-17,0
1370,2025-12-18,0
1370,2025-12-19,0
1370,2025-12-20,0
1370,2025-12-21,0
1371,2025-11-22,10
1371,2025-11-23,11
1371,2025-11-24,13
1371,2025-11-25,13
1371,2025-11-26,15
1371,2025-11-27,21
1371,2025-11-28,12
1371,2025-11-29,17
1371,2025-11-30,15
1371,2025-12-01,15
1371,2025-12-02,24
1371,2025-12-03,20
1371,2025-12-04,18
1371,2025-12-05,17
1371,2025-12-06,15
1371,2025-12-07,15
1371,2025-12-08,14
1371,2025-12-09,17
1371,2025-12-10,15
1371,2025-12-11,20
1371,2025-12-12,13
1371,2025-12-13,14
1371,2025-12-14,14
1371,2025-12-15,18
1371,2025-12-16,17
1371,2025-12-17,15
1371,2025-12-18,18
1371,2025-12-19,12
1371,2025-12-20,14
1371,2025-12-21,11
1402,2025-11-22,0
1402,2025-11-23,0
1402,2025-11-24,0
1402,2025-11-25,0
1402,2025-11-26,0
1402,2025-11-27,1
1402,2025-11-28,0
1402,2025-11-29,0
1402,2025-11-30,0
1402,2025-12-01,0
1402,2025-12-02,0
1402,2025-12-03,0
1402,2025-12-04,0
1402,2025-12-05,0
1402,2025-12-06,0
1402,2025-12-07,0
1402,2025-12-08,0
1402,2025-12-09,0
1402,2025-12-10,0
1402,2025-12-11,0
1402,2025-12-12,0
1402,2025-12-13,0
1402,2025-12-14,0
1402,2025-12-15,0
1402,2025-12-16,0
1402,2025-12-17,0
1402,2025-12-18,0
1402,2025-12-19,0
1402,2025-12-20,0
1402,2025-12-21,0
1460,2025-11-22,0
1460,2025-11-23,0
1460,2025-11-24,1
1460,2025-11-25,1
1460,2025-11-26,2
1460,2025-11-27,1
1460,2025-11-28,2
1460,2025-11-29,2
1460,2025-11-30,2
1460,2025-12-01,3
1460,2025-12-02,3
1460,2025-12-03,3
1460,2025-12-04,4
1460,2025-12-05,3
1460,2025-12-06,8
1460,2025-12-07,8
1460,2025-12-08,10
1460,2025-12-09,10
1460,2025-12-10,11
1460,2025-12-11,14
1460,2025-12-12,9
1460,2025-12-13,10
1460,2025-12-14,10
1460,2025-12-15,12
1460,2025-12-16,13
1460,2025-12-17,13
1460,2025-12-18,14
1460,2025-12-19,10
1460,2025-12-20,11
1460,2025-12-21,10
1494,2025-11-22,0
1494,2025-11-23,0
1494,2025-11-24,0
1494,2025-11-25,0
1494,2025-11-26,0
1494,2025-11-27,0
1494,2025-11-28,0
1494,2025-11-29,0
1494,2025-11-30,0
1494,2025-12-01,0
1494,2025-12-02,0
1494,2025-12-03,0
1494,2025-12-04,0
1494,2025-12-05,0
1494,2025-12-06,0
1494,2025-12-07,0
1494,2025-12-08,0
1494,2025-12-09,0
1494,2025-12-10,0
1494,2025-12-11,0
1494,2025-12-12,0
1494,2025-12-13,0
1494,2025-12-14,0
1494,2025-12-15,0
1494,2025-12-16,0
1494,2025-12-17,0
1494,2025-12-18,0
1494,2025-12-19,0
1494,2025-12-20,0
1494,2025-12-21,0
1496,2025-11-22,163
1496,2025-11-23,108
1496,2025-11-24,148
1496,2025-11-25,166
1496,2025-11-26,271
1496,2025-11-27,299
1496,2025-11-28,133
1496,2025-11-29,143
1496,2025-11-30,146
1496,2025-12-01,125
1496,2025-12-02,106
1496,2025-12-03,184
1496,2025-12-04,284
1496,2025-12-05,98
1496,2025-12-06,82
1496,2025-12-07,82
1496,2025-12-08,82
1496,2025-12-09,88
1496,2025-12-10,121
1496,2025-12-11,271
1496,2025-12-12,95
1496,2025-12-13,84
1496,2025-12-14,75
1496,2025-12-15,85
1496,2025-12-16,98
1496,2025-12-17,146
1496,2025-12-18,196
1496,2025-12-19,97
1496,2025-12-20,81
1496,2025-12-21,65
1524,2025-11-22,11
1524,2025-11-23,11
1524,2025-11-24,12
1524,2025-11-25,14
1524,2025-11-26,13
1524,2025-11-27,8
1524,2025-11-28,4
1524,2025-11-29,3
1524,2025-11-30,9
1524,2025-12-01,5
1524,2025-12-02,3
1524,2025-12-03,7
1524,2025-12-04,6
1524,2025-12-05,0
1524,2025-12-06,0
1524,2025-12-07,0
1524,2025-12-08,0
1524,2025-12-09,0
1524,2025-12-10,7
1524,2025-12-11,3
1524,2025-12-12,0
1524,2025-12-13,0
1524,2025-12-14,4
1524,2025-12-15,8
1524,2025-12-16,9
1524,2025-12-17,10
1524,2025-12-18,8
1524,2025-12-19,4
1524,2025-12-20,0
1524,2025-12-21,0
1553,2025-11-22,0
1553,2025-11-23,0
1553,2025-11-24,0
1553,2025-11-25,0
1553,2025-11-26,0
1553,2025-11-27,0
1553,2025-11-28,0
1553,2025-11-29,0
1553,2025-11-30,0
1553,2025-12-01,0
1553,2025-12-02,0
1553,2025-12-03,0
1553,2025-12-04,0
1553,2025-12-05,0
1553,2025-12-06,0
1553,2025-12-07,0
1553,2025-12-08,0
1553,2025-12-09,0
1553,2025-12-10,0
1553,2025-12-11,0
1553,2025-12-12,0
1553,2025-12-13,0
1553,2025-12-14,0
1553,2025-12-15,0
1553,2025-12-16,0
1553,2025-12-17,0
1553,2025-12-18,0
1553,2025-12-19,0
1553,2025-12-20,0
1553,2025-12-21,0
1572,2025-11-22,4
1572,2025-11-23,6
1572,2025-11-24,6
1572,2025-11-25,4
1572,2025-11-26,4
1572,2025-11-27,10
1572,2025-11-28,10
1572,2025-11-29,10
1572,2025-11-30,12
1572,2025-12-01,6
1572,2025-12-02,5
1572,2025-12-03,4
1572,2025-12-04,6
1572,2025-12-05,4
1572,2025-12-06,6
1572,2025-12-07,5
1572,2025-12-08,5
1572,2025-12-09,7
1572,2025-12-10,7
1572,2025-12-11,9
1572,2025-12-12,5
1572,2025-12-13,5
1572,2025-12-14,5
1572,2025-12-15,7
1572,2025-12-16,7
1572,2025-12-17,7
1572,2025-12-18,7
1572,2025-12-19,6
1572,2025-12-20,6
1572,2025-12-21,4
1629,2025-11-22,0
1629,2025-11-23,0
1629,2025-11-24,0
1629,2025-11-25,0
1629,2025-11-26,0
1629,2025-11-27,0
1629,2025-11-28,0
1629,2025-11-29,0
1629,2025-11-30,0
1629,2025-12-01,0
1629,2025-12-02,0
1629,2025-12-03,0
1629,2025-12-04,0
1629,2025-12-05,0
1629,2025-12-06,0
1629,2025-12-07,0
1629,2025-12-08,0
1629,2025-12-09,0
1629,2025-12-10,0
1629,2025-12-11,0
1629,2025-12-12,0
1629,2025-12-13,0
1629,2025-12-14,0
1629,2025-12-15,0
1629,2025-12-16,0
1629,2025-12-17,0
1629,2025-12-18,0
1629,2025-12-19,0
1629,2025-12-20,0
1629,2025-12-21,0
1638,2025-11-22,2924
1638,2025-11-23,2658
1638,2025-11-24,2140
1638,2025-11-25,2332
1638,2025-11-26,3529
1638,2025-11-27,4190
1638,2025-11-28,1437
1638,2025-11-29,1181
1638,2025-11-30,1307
1638,2025-12-01,1272
1638,2025-12-02,1242
1638,2025-12-03,2300
1638,2025-12-04,4466
1638,2025-12-05,1671
1638,2025-12-06,1325
1638,2025-12-07,1233
1638,2025-12-08,1240
1638,2025-12-09,1389
1638,2025-12-10,1964
1638,2025-12-11,3590
1638,2025-12-12,1478
1638,2025-12-13,1251
1638,2025-12-14,1126
1638,2025-12-15,1245
1638,2025-12-16,1454
1638,2025-12-17,2087
1638,2025-12-18,2695
1638,2025-12-19,1050
1638,2025-12-20,1142
1638,2025-12-21,923
1668,2025-11-22,0
1668,2025-11-23,0
1668,2025-11-24,0
1668,2025-11-25,0
1668,2025-11-26,1
1668,2025-11-27,1
1668,2025-11-28,0
1668,2025-11-29,0
1668,2025-11-30,0
1668,2025-12-01,0
1668,2025-12-02,0
1668,2025-12-03,1
1668,2025-12-04,2
1668,2025-12-05,0
1668,2025-12-06,1
1668,2025-12-07,1
1668,2025-12-08,1
1668,2025-12-09,1
1668,2025-12-10,1
1668,2025-12-11,2
1668,2025-12-12,1
1668,2025-12-13,1
1668,2025-12-14,1
1668,2025-12-15,1
1668,2025-12-16,1
1668,2025-12-17,1
1668,2025-12-18,2
1668,2025-12-19,1
1668,2025-12-20,1
1668,2025-12-21,0
1675,2025-11-22,0
1675,2025-11-23,1
1675,2025-11-24,2
1675,2025-11-25,0
1675,2025-11-26,1
1675,2025-11-27,2
1675,2025-11-28,0
1675,2025-11-29,0
1675,2025-11-30,0
1675,2025-12-01,0
1675,2025-12-02,0
1675,2025-12-03,0
1675,2025-12-04,0
1675,2025-12-05,0
1675,2025-12-06,0
1675,2025-12-07,0
1675,2025-12-08,0
1675,2025-12-09,0
1675,2025-12-10,0
1675,2025-12-11,0
1675,2025-12-12,0
1675,2025-12-13,0
1675,2025-12-14,0
1675,2025-12-15,0
1675,2025-12-16,0
1675,2025-12-17,0
1675,2025-12-18,0
1675,2025-12-19,0
1675,2025-12-20,0
1675,2025-12-21,0
1751,2025-11-22,0
1751,2025-11-23,0
1751,2025-11-24,0
1751,2025-11-25,0
1751,2025-11-26,0
1751,2025-11-27,0
1751,2025-11-28,0
1751,2025-11-29,0
1751,2025-11-30,0
1751,2025-12-01,0
1751,2025-12-02,0
1751,2025-12-03,0
1751,2025-12-04,0
1751,2025-12-05,0
1751,2025-12-06,0
1751,2025-12-07,0
1751,2025-12-08,0
1751,2025-12-09,0
1751,2025-12-10,0
1751,2025-12-11,0
1751,2025-12-12,0
1751,2025-12-13,0
1751,2025-12-14,0
1751,2025-12-15,0
1751,2025-12-16,0
1751,2025-12-17,0
1751,2025-12-18,0
1751,2025-12-19,0
1751,2025-12-20,0
1751,2025-12-21,0
1782,2025-11-22,18
1782,2025-11-23,9
1782,2025-11-24,17
1782,2025-11-25,18
1782,2025-11-26,39
1782,2025-11-27,42
1782,2025-11-28,9
1782,2025-11-29,2
1782,2025-11-30,3
1782,2025-12-01,3
1782,2025-12-02,4
1782,2025-12-03,5
1782,2025-12-04,9
1782,2025-12-05,5
1782,2025-12-06,6
1782,2025-12-07,6
1782,2025-12-08,6
1782,2025-12-09,6
1782,2025-12-10,10
1782,2025-12-11,23
1782,2025-12-12,6
1782,2025-12-13,7
1782,2025-12-14,8
1782,2025-12-15,9
1782,2025-12-16,8
1782,2025-12-17,13
1782,2025-12-18,23
1782,2025-12-19,8
1782,2025-12-20,8
1782,2025-12-21,6
1859,2025-11-22,13
1859,2025-11-23,15
1859,2025-11-24,15
1859,2025-11-25,17
1859,2025-11-26,15
1859,2025-11-27,18
1859,2025-11-28,9
1859,2025-11-29,10
1859,2025-11-30,12
1859,2025-12-01,12
1859,2025-12-02,12
1859,2025-12-03,17
1859,2025-12-04,21
1859,2025-12-05,12
1859,2025-12-06,15
1859,2025-12-07,15
1859,2025-12-08,13
1859,2025-12-09,13
1859,2025-12-10,15
1859,2025-12-11,22
1859,2025-12-12,12
1859,2025-12-13,13
1859,2025-12-14,13
1859,2025-12-15,15
1859,2025-12-16,15
1859,2025-12-17,16
1859,2025-12-18,19
1859,2025-12-19,13
1859,2025-12-20,14
1859,2025-12-21,9
1895,2025-11-22,25
1895,2025-11-23,28
1895,2025-11-24,15
1895,2025-11-25,18
1895,2025-11-26,29
1895,2025-11-27,68
1895,2025-11-28,17
1895,2025-11-29,13
1895,2025-11-30,17
1895,2025-12-01,21
1895,2025-12-02,19
1895,2025-12-03,29
1895,2025-12-04,88
1895,2025-12-05,21
1895,2025-12-06,22
1895,2025-12-07,20
1895,2025-12-08,21
1895,2025-12-09,24
1895,2025-12-10,34
1895,2025-12-11,90
1895,2025-12-12,29
1895,2025-12-13,23
1895,2025-12-14,19
1895,2025-12-15,26
1895,2025-12-16,30
1895,2025-12-17,39
1895,2025-12-18,90
1895,2025-12-19,36
1895,2025-12-20,31
1895,2025-12-21,16
1916,2025-11-22,8
1916,2025-11-23,7
1916,2025-11-24,6
1916,2025-11-25,6
1916,2025-11-26,11
1916,2025-11-27,20
1916,2025-11-28,6
1916,2025-11-29,5
1916,2025-11-30,5
1916,2025-12-01,6
1916,2025-12-02,7
1916,2025-12-03,12
1916,2025-12-04,23
1916,2025-12-05,7
1916,2025-12-06,10
1916,2025-12-07,10
1916,2025-12-08,12
1916,2025-12-09,8
1916,2025-12-10,9
1916,2025-12-11,22
1916,2025-12-12,6
1916,2025-12-13,8
1916,2025-12-14,8
1916,2025-12-15,10
1916,2025-12-16,12
1916,2025-12-17,14
1916,2025-12-18,21
1916,2025-12-19,8
1916,2025-12-20,7
1916,2025-12-21,3
1931,2025-11-22,0
1931,2025-11-23,0
1931,2025-11-24,0
1931,2025-11-25,0
1931,2025-11-26,0
1931,2025-11-27,0
1931,2025-11-28,0
1931,2025-11-29,0
1931,2025-11-30,0
1931,2025-12-01,0
1931,2025-12-02,0
1931,2025-12-03,0
1931,2025-12-04,0
1931,2025-12-05,0
1931,2025-12-06,0
1931,2025-12-07,0
1931,2025-12-08,0
1931,2025-12-09,0
1931,2025-12-10,0
1931,2025-12-11,0
1931,2025-12-12,0
1931,2025-12-13,0
1931,2025-12-14,0
1931,2025-12-15,0
1931,2025-12-16,0
1931,2025-12-17,0
1931,2025-12-18,0
1931,2025-12-19,0
1931,2025-12-20,0
1931,2025-12-21,0
1960,2025-11-22,6
1960,2025-11-23,12
1960,2025-11-24,7
1960,2025-11-25,8
1960,2025-11-26,13
1960,2025-11-27,22
1960,2025-11-28,5
1960,2025-11-29,7
1960,2025-11-30,8
1960,2025-12-01,7
1960,2025-12-02,8
1960,2025-12-03,11
1960,2025-12-04,20
1960,2025-12-05,8
1960,2025-12-06,8
1960,2025-12-07,7
1960,2025-12-08,7
1960,2025-12-09,7
1960,2025-12-10,10
1960,2025-12-11,17
1960,2025-12-12,7
1960,2025-12-13,7
1960,2025-12-14,7
1960,2025-12-15,7
1960,2025-12-16,8
1960,2025-12-17,15
1960,2025-12-18,16
1960,2025-12-19,8
1960,2025-12-20,7
1960,2025-12-21,6
1986,2025-11-22,6
1986,2025-11-23,20
1986,2025-11-24,13
1986,2025-11-25,10
1986,2025-11-26,13
1986,2025-11-27,14
1986,2025-11-28,4
1986,2025-11-29,4
1986,2025-11-30,5
1986,2025-12-01,5
1986,2025-12-02,7
1986,2025-12-03,7
1986,2025-12-04,12
1986,2025-12-05,6
1986,2025-12-06,8
1986,2025-12-07,7
1986,2025-12-08,7
1986,2025-12-09,8
1986,2025-12-10,12
1986,2025-12-11,16
1986,2025-12-12,7
1986,2025-12-13,8
1986,2025-12-14,7
1986,2025-12-15,9
1986,2025-12-16,10
1986,2025-12-17,15
1986,2025-12-18,16
1986,2025-12-19,8
1986,2025-12-20,8
1986,2025-12-21,6
1996,2025-11-22,1
1996,2025-11-23,2
1996,2025-11-24,3
1996,2025-11-25,1
1996,2025-11-26,2
1996,2025-11-27,3
1996,2025-11-28,2
1996,2025-11-29,1
1996,2025-11-30,1
1996,2025-12-01,1
1996,2025-12-02,1
1996,2025-12-03,2
1996,2025-12-04,5
1996,2025-12-05,2
1996,2025-12-06,2
1996,2025-12-07,2
1996,2025-12-08,2
1996,2025-12-09,2
1996,2025-12-10,2
1996,2025-12-11,3
1996,2025-12-12,2
1996,2025-12-13,2
1996,2025-12-14,2
1996,2025-12-15,2
1996,2025-12-16,2
1996,2025-12-17,2
1996,2025-12-18,3
1996,2025-12-19,2
1996,2025-12-20,2
1996,2025-12-21,2
2028,2025-11-22,33
2028,2025-11-23,53
2028,2025-11-24,42
2028,2025-11-25,66
2028,2025-11-26,92
2028,2025-11-27,81
2028,2025-11-28,26
2028,2025-11-29,24
2028,2025-11-30,23
2028,2025-12-01,23
2028,2025-12-02,24
2028,2025-12-03,50
2028,2025-12-04,88
2028,2025-12-05,25
2028,2025-12-06,28
2028,2025-12-07,23
2028,2025-12-08,22
2028,2025-12-09,22
2028,2025-12-10,31
2028,2025-12-11,94
2028,2025-12-12,22
2028,2025-12-13,20
2028,2025-12-14,19
2028,2025-12-15,24
2028,2025-12-16,34
2028,2025-12-17,33
2028,2025-12-18,66
2028,2025-12-19,30
2028,2025-12-20,23
2028,2025-12-21,17
2099,2025-11-22,25646
2099,2025-11-23,25144
2099,2025-11-24,25996
2099,2025-11-25,28009
2099,2025-11-26,28865
2099,2025-11-27,26636
2099,2025-11-28,15419
2099,2025-11-29,17121
2099,2025-11-30,16310
2099,2025-12-01,19349
2099,2025-12-02,25826
2099,2025-12-03,37693
2099,2025-12-04,38976
2099,2025-12-05,34733
2099,2025-12-06,26038
2099,2025-12-07,22289
2099,2025-12-08,21260
2099,2025-12-09,21233
2099,2025-12-10,21916
2099,2025-12-11,23102
2099,2025-12-12,18598
2099,2025-12-13,21213
2099,2025-12-14,19539
2099,2025-12-15,21252
2099,2025-12-16,23698
2099,2025-12-17,23976
2099,2025-12-18,25305
2099,2025-12-19,22322
2099,2025-12-20,19541
2099,2025-12-21,14408
2101,2025-11-22,1587
2101,2025-11-23,1429
2101,2025-11-24,1124
2101,2025-11-25,1154
2101,2025-11-26,1737
2101,2025-11-27,2219
2101,2025-11-28,700
2101,2025-11-29,649
2101,2025-11-30,766
2101,2025-12-01,618
2101,2025-12-02,594
2101,2025-12-03,1201
2101,2025-12-04,1996
2101,2025-12-05,824
2101,2025-12-06,926
2101,2025-12-07,786
2101,2025-12-08,698
2101,2025-12-09,767
2101,2025-12-10,1032
2101,2025-12-11,2017
2101,2025-12-12,741
2101,2025-12-13,780
2101,2025-12-14,490
2101,2025-12-15,614
2101,2025-12-16,887
2101,2025-12-17,1166
2101,2025-12-18,1641
2101,2025-12-19,805
2101,2025-12-20,697
2101,2025-12-21,478
2108,2025-11-22,0
2108,2025-11-23,0
2108,2025-11-24,0
2108,2025-11-25,0
2108,2025-11-26,0
2108,2025-11-27,0
2108,2025-11-28,0
2108,2025-11-29,0
2108,2025-11-30,0
2108,2025-12-01,0
2108,2025-12-02,0
2108,2025-12-03,0
2108,2025-12-04,0
2108,2025-12-05,0
2108,2025-12-06,0
2108,2025-12-07,0
2108,2025-12-08,0
2108,2025-12-09,0
2108,2025-12-10,0
2108,2025-12-11,0
2108,2025-12-12,0
2108,2025-12-13,0
2108,2025-12-14,0
2108,2025-12-15,0
2108,2025-12-16,0
2108,2025-12-17,0
2108,2025-12-18,0
2108,2025-12-19,0
2108,2025-12-20,0
2108,2025-12-21,0
2126,2025-11-22,0
2126,2025-11-23,0
2126,2025-11-24,0
2126,2025-11-25,0
2126,2025-11-26,0
2126,2025-11-27,0
2126,2025-11-28,0
2126,2025-11-29,0
2126,2025-11-30,0
2126,2025-12-01,0
2126,2025-12-02,0
2126,2025-12-03,0
2126,2025-12-04,0
2126,2025-12-05,0
2126,2025-12-06,0
2126,2025-12-07,0
2126,2025-12-08,0
2126,2025-12-09,0
2126,2025-12-10,0
2126,2025-12-11,0
2126,2025-12-12,0
2126,2025-12-13,0
2126,2025-12-14,0
2126,2025-12-15,0
2126,2025-12-16,0
2126,2025-12-17,0
2126,2025-12-18,0
2126,2025-12-19,0
2126,2025-12-20,0
2126,2025-12-21,0
2136,2025-11-22,0
2136,2025-11-23,0
2136,2025-11-24,0
2136,2025-11-25,0
2136,2025-11-26,0
2136,2025-11-27,0
2136,2025-11-28,0
2136,2025-11-29,0
2136,2025-11-30,0
2136,2025-12-01,0
2136,2025-12-02,0
2136,2025-12-03,0
2136,2025-12-04,0
2136,2025-12-05,0
2136,2025-12-06,0
2136,2025-12-07,0
2136,2025-12-08,0
2136,2025-12-09,0
2136,2025-12-10,0
2136,2025-12-11,0
2136,2025-12-12,0
2136,2025-12-13,0
2136,2025-12-14,0
2136,2025-12-15,0
2136,2025-12-16,0
2136,2025-12-17,0
2136,2025-12-18,0
2136,2025-12-19,0
2136,2025-12-20,0
2136,2025-12-21,0
2154,2025-11-22,2
2154,2025-11-23,3
2154,2025-11-24,6
2154,2025-11-25,4
2154,2025-11-26,8
2154,2025-11-27,5
2154,2025-11-28,2
2154,2025-11-29,2
2154,2025-11-30,1
2154,2025-12-01,1
2154,2025-12-02,3
2154,2025-12-03,1
2154,2025-12-04,4
2154,2025-12-05,1
2154,2025-12-06,2
2154,2025-12-07,4
2154,2025-12-08,2
2154,2025-12-09,2
2154,2025-12-10,2
2154,2025-12-11,5
2154,2025-12-12,2
2154,2025-12-13,2
2154,2025-12-14,2
2154,2025-12-15,3
2154,2025-12-16,3
2154,2025-12-17,3
2154,2025-12-18,4
2154,2025-12-19,3
2154,2025-12-20,3
2154,2025-12-21,1
2168,2025-11-22,3
2168,2025-11-23,6
2168,2025-11-24,3
2168,2025-11-25,3
2168,2025-11-26,4
2168,2025-11-27,2
2168,2025-11-28,0
2168,2025-11-29,1
2168,2025-11-30,1
2168,2025-12-01,2
2168,2025-12-02,0
2168,2025-12-03,1
2168,2025-12-04,1
2168,2025-12-05,0
2168,2025-12-06,1
2168,2025-12-07,1
2168,2025-12-08,1
2168,2025-12-09,1
2168,2025-12-10,1
2168,2025-12-11,2
2168,2025-12-12,1
2168,2025-12-13,1
2168,2025-12-14,1
2168,2025-12-15,3
2168,2025-12-16,2
2168,2025-12-17,2
2168,2025-12-18,2
2168,2025-12-19,2
2168,2025-12-20,2
2168,2025-12-21,1
2195,2025-11-22,736
2195,2025-11-23,762
2195,2025-11-24,661
2195,2025-11-25,679
2195,2025-11-26,1057
2195,2025-11-27,1393
2195,2025-11-28,481
2195,2025-11-29,454
2195,2025-11-30,461
2195,2025-12-01,421
2195,2025-12-02,483
2195,2025-12-03,720
2195,2025-12-04,1243
2195,2025-12-05,584
2195,2025-12-06,455
2195,2025-12-07,498
2195,2025-12-08,542
2195,2025-12-09,485
2195,2025-12-10,687
2195,2025-12-11,1220
2195,2025-12-12,518
2195,2025-12-13,446
2195,2025-12-14,358
2195,2025-12-15,416
2195,2025-12-16,458
2195,2025-12-17,632
2195,2025-12-18,918
2195,2025-12-19,521
2195,2025-12-20,396
2195,2025-12-21,299
2302,2025-11-22,0
2302,2025-11-23,0
2302,2025-11-24,0
2302,2025-11-25,0
2302,2025-11-26,0
2302,2025-11-27,0
2302,2025-11-28,0
2302,2025-11-29,0
2302,2025-11-30,0
2302,2025-12-01,0
2302,2025-12-02,0
2302,2025-12-03,0
2302,2025-12-04,0
2302,2025-12-05,0
2302,2025-12-06,0
2302,2025-12-07,0
2302,2025-12-08,0
2302,2025-12-09,0
2302,2025-12-10,0
2302,2025-12-11,0
2302,2025-12-12,0
2302,2025-12-13,0
2302,2025-12-14,0
2302,2025-12-15,0
2302,2025-12-16,0
2302,2025-12-17,0
2302,2025-12-18,0
2302,2025-12-19,0
2302,2025-12-20,0
2302,2025-12-21,0
2335,2025-11-22,0
2335,2025-11-23,0
2335,2025-11-24,0
2335,2025-11-25,0
2335,2025-11-26,0
2335,2025-11-27,0
2335,2025-11-28,0
2335,2025-11-29,0
2335,2025-11-30,0
2335,2025-12-01,0
2335,2025-12-02,0
2335,2025-12-03,0
2335,2025-12-04,0
2335,2025-12-05,0
2335,2025-12-06,0
2335,2025-12-07,0
2335,2025-12-08,0
2335,2025-12-09,0
2335,2025-12-10,0
2335,2025-12-11,0
2335,2025-12-12,0
2335,2025-12-13,0
2335,2025-12-14,0
2335,2025-12-15,0
2335,2025-12-16,0
2335,2025-12-17,0
2335,2025-12-18,0
2335,2025-12-19,0
2335,2025-12-20,0
2335,2025-12-21,0
2337,2025-11-22,94
2337,2025-11-23,97
2337,2025-11-24,101
2337,2025-11-25,93
2337,2025-11-26,104
2337,2025-11-27,93
2337,2025-11-28,32
2337,2025-11-29,27
2337,2025-11-30,18
2337,2025-12-01,19
2337,2025-12-02,26
2337,2025-12-03,24
2337,2025-12-04,31
2337,2025-12-05,22
2337,2025-12-06,20
2337,2025-12-07,26
2337,2025-12-08,19
2337,2025-12-09,34
2337,2025-12-10,63
2337,2025-12-11,62
2337,2025-12-12,36
2337,2025-12-13,65
2337,2025-12-14,77
2337,2025-12-15,75
2337,2025-12-16,65
2337,2025-12-17,43
2337,2025-12-18,62
2337,2025-12-19,45
2337,2025-12-20,44
2337,2025-12-21,23
2363,2025-11-22,7
2363,2025-11-23,14
2363,2025-11-24,7
2363,2025-11-25,14
2363,2025-11-26,13
2363,2025-11-27,26
2363,2025-11-28,6
2363,2025-11-29,9
2363,2025-11-30,10
2363,2025-12-01,10
2363,2025-12-02,12
2363,2025-12-03,17
2363,2025-12-04,55
2363,2025-12-05,9
2363,2025-12-06,9
2363,2025-12-07,6
2363,2025-12-08,5
2363,2025-12-09,5
2363,2025-12-10,9
2363,2025-12-11,33
2363,2025-12-12,5
2363,2025-12-13,5
2363,2025-12-14,4
2363,2025-12-15,5
2363,2025-12-16,8
2363,2025-12-17,11
2363,2025-12-18,33
2363,2025-12-19,8
2363,2025-12-20,6
2363,2025-12-21,4
2406,2025-11-22,5
2406,2025-11-23,4
2406,2025-11-24,4
2406,2025-11-25,5
2406,2025-11-26,5
2406,2025-11-27,5
2406,2025-11-28,5
2406,2025-11-29,5
2406,2025-11-30,6
2406,2025-12-01,4
2406,2025-12-02,5
2406,2025-12-03,5
2406,2025-12-04,5
2406,2025-12-05,5
2406,2025-12-06,4
2406,2025-12-07,4
2406,2025-12-08,4
2406,2025-12-09,4
2406,2025-12-10,5
2406,2025-12-11,5
2406,2025-12-12,4
2406,2025-12-13,5
2406,2025-12-14,4
2406,2025-12-15,5
2406,2025-12-16,5
2406,2025-12-17,5
2406,2025-12-18,5
2406,2025-12-19,5
2406,2025-12-20,5
2406,2025-12-21,4
2423,2025-11-22,24
2423,2025-11-23,23
2423,2025-11-24,16
2423,2025-11-25,13
2423,2025-11-26,18
2423,2025-11-27,19
2423,2025-11-28,13
2423,2025-11-29,14
2423,2025-11-30,15
2423,2025-12-01,14
2423,2025-12-02,15
2423,2025-12-03,16
2423,2025-12-04,21
2423,2025-12-05,18
2423,2025-12-06,18
2423,2025-12-07,17
2423,2025-12-08,19
2423,2025-12-09,18
2423,2025-12-10,18
2423,2025-12-11,18
2423,2025-12-12,16
2423,2025-12-13,17
2423,2025-12-14,17
2423,2025-12-15,19
2423,2025-12-16,19
2423,2025-12-17,22
2423,2025-12-18,22
2423,2025-12-19,16
2423,2025-12-20,18
2423,2025-12-21,18
2424,2025-11-22,0
2424,2025-11-23,0
2424,2025-11-24,0
2424,2025-11-25,0
2424,2025-11-26,0
2424,2025-11-27,0
2424,2025-11-28,0
2424,2025-11-29,0
2424,2025-11-30,0
2424,2025-12-01,0
2424,2025-12-02,0
2424,2025-12-03,0
2424,2025-12-04,0
2424,2025-12-05,0
2424,2025-12-06,0
2424,2025-12-07,0
2424,2025-12-08,0
2424,2025-12-09,0
2424,2025-12-10,0
2424,2025-12-11,0
2424,2025-12-12,0
2424,2025-12-13,0
2424,2025-12-14,0
2424,2025-12-15,0
2424,2025-12-16,0
2424,2025-12-17,0
2424,2025-12-18,0
2424,2025-12-19,0
2424,2025-12-20,0
2424,2025-12-21,0
2451,2025-11-22,0
2451,2025-11-23,0
2451,2025-11-24,0
2451,2025-11-25,0
2451,2025-11-26,0
2451,2025-11-27,0
2451,2025-11-28,0
2451,2025-11-29,0
2451,2025-11-30,0
2451,2025-12-01,0
2451,2025-12-02,0
2451,2025-12-03,0
2451,2025-12-04,0
2451,2025-12-05,0
2451,2025-12-06,0
2451,2025-12-07,0
2451,2025-12-08,0
2451,2025-12-09,0
2451,2025-12-10,0
2451,2025-12-11,0
2451,2025-12-12,0
2451,2025-12-13,0
2451,2025-12-14,0
2451,2025-12-15,0
2451,2025-12-16,0
2451,2025-12-17,0
2451,2025-12-18,0
2451,2025-12-19,0
2451,2025-12-20,0
2451,2025-12-21,0
2483,2025-11-22,1418
2483,2025-11-23,1418
2483,2025-11-24,1647
2483,2025-11-25,1757
2483,2025-11-26,1736
2483,2025-11-27,1400
2483,2025-11-28,598
2483,2025-11-29,755
2483,2025-11-30,820
2483,2025-12-01,868
2483,2025-12-02,902
2483,2025-12-03,1025
2483,2025-12-04,1047
2483,2025-12-05,759
2483,2025-12-06,859
2483,2025-12-07,830
2483,2025-12-08,863
2483,2025-12-09,977
2483,2025-12-10,898
2483,2025-12-11,817
2483,2025-12-12,589
2483,2025-12-13,733
2483,2025-12-14,801
2483,2025-12-15,980
2483,2025-12-16,1060
2483,2025-12-17,1054
2483,2025-12-18,902
2483,2025-12-19,692
2483,2025-12-20,746
2483,2025-12-21,438
2575,2025-11-22,0
2575,2025-11-23,0
2575,2025-11-24,0
2575,2025-11-25,0
2575,2025-11-26,0
2575,2025-11-27,0
2575,2025-11-28,0
2575,2025-11-29,0
2575,2025-11-30,0
2575,2025-12-01,0
2575,2025-12-02,0
2575,2025-12-03,0
2575,2025-12-04,0
2575,2025-12-05,0
2575,2025-12-06,0
2575,2025-12-07,0
2575,2025-12-08,0
2575,2025-12-09,0
2575,2025-12-10,0
2575,2025-12-11,0
2575,2025-12-12,0
2575,2025-12-13,0
2575,2025-12-14,0
2575,2025-12-15,0
2575,2025-12-16,0
2575,2025-12-17,0
2575,2025-12-18,0
2575,2025-12-19,0
2575,2025-12-20,0
2575,2025-12-21,0
2587,2025-11-22,503
2587,2025-11-23,422
2587,2025-11-24,341
2587,2025-11-25,319
2587,2025-11-26,456
2587,2025-11-27,531
2587,2025-11-28,191
2587,2025-11-29,190
2587,2025-11-30,202
2587,2025-12-01,222
2587,2025-12-02,265
2587,2025-12-03,352
2587,2025-12-04,784
2587,2025-12-05,295
2587,2025-12-06,250
2587,2025-12-07,212
2587,2025-12-08,207
2587,2025-12-09,254
2587,2025-12-10,296
2587,2025-12-11,668
2587,2025-12-12,266
2587,2025-12-13,203
2587,2025-12-14,204
2587,2025-12-15,213
2587,2025-12-16,265
2587,2025-12-17,327
2587,2025-12-18,472
2587,2025-12-19,289
2587,2025-12-20,180
2587,2025-12-21,134
2642,2025-11-22,622
2642,2025-11-23,623
2642,2025-11-24,889
2642,2025-11-25,1008
2642,2025-11-26,1087
2642,2025-11-27,891
2642,2025-11-28,277
2642,2025-11-29,317
2642,2025-11-30,355
2642,2025-12-01,374
2642,2025-12-02,428
2642,2025-12-03,513
2642,2025-12-04,547
2642,2025-12-05,259
2642,2025-12-06,351
2642,2025-12-07,301
2642,2025-12-08,291
2642,2025-12-09,334
2642,2025-12-10,404
2642,2025-12-11,549
2642,2025-12-12,321
2642,2025-12-13,291
2642,2025-12-14,282
2642,2025-12-15,353
2642,2025-12-16,447
2642,2025-12-17,414
2642,2025-12-18,390
2642,2025-12-19,287
2642,2025-12-20,340
2642,2025-12-21,119
2668,2025-11-22,0
2668,2025-11-23,0
2668,2025-11-24,0
2668,2025-11-25,0
2668,2025-11-26,0
2668,2025-11-27,0
2668,2025-11-28,0
2668,2025-11-29,0
2668,2025-11-30,2
2668,2025-12-01,0
2668,2025-12-02,0
2668,2025-12-03,0
2668,2025-12-04,0
2668,2025-12-05,0
2668,2025-12-06,0
2668,2025-12-07,0
2668,2025-12-08,0
2668,2025-12-09,0
2668,2025-12-10,0
2668,2025-12-11,0
2668,2025-12-12,0
2668,2025-12-13,0
2668,2025-12-14,0
2668,2025-12-15,0
2668,2025-12-16,0
2668,2025-12-17,0
2668,2025-12-18,0
2668,2025-12-19,0
2668,2025-12-20,0
2668,2025-12-21,0
2670,2025-11-22,13
2670,2025-11-23,12
2670,2025-11-24,4
2670,2025-11-25,3
2670,2025-11-26,12
2670,2025-11-27,37
2670,2025-11-28,7
2670,2025-11-29,4
2670,2025-11-30,16
2670,2025-12-01,17
2670,2025-12-02,22
2670,2025-12-03,19
2670,2025-12-04,73
2670,2025-12-05,8
2670,2025-12-06,6
2670,2025-12-07,8
2670,2025-12-08,7
2670,2025-12-09,6
2670,2025-12-10,10
2670,2025-12-11,45
2670,2025-12-12,8
2670,2025-12-13,7
2670,2025-12-14,6
2670,2025-12-15,8
2670,2025-12-16,8
2670,2025-12-17,13
2670,2025-12-18,36
2670,2025-12-19,10
2670,2025-12-20,8
2670,2025-12-21,6
2692,2025-11-22,577
2692,2025-11-23,601
2692,2025-11-24,575
2692,2025-11-25,486
2692,2025-11-26,950
2692,2025-11-27,1183
2692,2025-11-28,379
2692,2025-11-29,388
2692,2025-11-30,345
2692,2025-12-01,316
2692,2025-12-02,540
2692,2025-12-03,717
2692,2025-12-04,1512
2692,2025-12-05,365
2692,2025-12-06,258
2692,2025-12-07,228
2692,2025-12-08,225
2692,2025-12-09,246
2692,2025-12-10,419
2692,2025-12-11,938
2692,2025-12-12,317
2692,2025-12-13,292
2692,2025-12-14,282
2692,2025-12-15,319
2692,2025-12-16,350
2692,2025-12-17,572
2692,2025-12-18,717
2692,2025-12-19,381
2692,2025-12-20,312
2692,2025-12-21,218
2728,2025-11-22,208
2728,2025-11-23,176
2728,2025-11-24,198
2728,2025-11-25,196
2728,2025-11-26,210
2728,2025-11-27,172
2728,2025-11-28,69
2728,2025-11-29,109
2728,2025-11-30,101
2728,2025-12-01,104
2728,2025-12-02,123
2728,2025-12-03,98
2728,2025-12-04,81
2728,2025-12-05,43
2728,2025-12-06,110
2728,2025-12-07,113
2728,2025-12-08,143
2728,2025-12-09,153
2728,2025-12-10,139
2728,2025-12-11,107
2728,2025-12-12,85
2728,2025-12-13,95
2728,2025-12-14,85
2728,2025-12-15,103
2728,2025-12-16,145
2728,2025-12-17,152
2728,2025-12-18,172
2728,2025-12-19,150
2728,2025-12-20,106
2728,2025-12-21,27
2730,2025-11-22,1
2730,2025-11-23,1
2730,2025-11-24,3
2730,2025-11-25,3
2730,2025-11-26,3
2730,2025-11-27,4
2730,2025-11-28,3
2730,2025-11-29,3
2730,2025-11-30,3
2730,2025-12-01,3
2730,2025-12-02,4
2730,2025-12-03,4
2730,2025-12-04,4
2730,2025-12-05,0
2730,2025-12-06,0
2730,2025-12-07,0
2730,2025-12-08,4
2730,2025-12-09,0
2730,2025-12-10,0
2730,2025-12-11,0
2730,2025-12-12,0
2730,2025-12-13,0
2730,2025-12-14,0
2730,2025-12-15,0
2730,2025-12-16,0
2730,2025-12-17,0
2730,2025-12-18,0
2730,2025-12-19,0
2730,2025-12-20,0
2730,2025-12-21,0
2751,2025-11-22,21
2751,2025-11-23,19
2751,2025-11-24,16
2751,2025-11-25,24
2751,2025-11-26,27
2751,2025-11-27,33
2751,2025-11-28,12
2751,2025-11-29,10
2751,2025-11-30,13
2751,2025-12-01,13
2751,2025-12-02,14
2751,2025-12-03,22
2751,2025-12-04,53
2751,2025-12-05,16
2751,2025-12-06,14
2751,2025-12-07,14
2751,2025-12-08,12
2751,2025-12-09,12
2751,2025-12-10,17
2751,2025-12-11,41
2751,2025-12-12,15
2751,2025-12-13,14
2751,2025-12-14,13
2751,2025-12-15,15
2751,2025-12-16,16
2751,2025-12-17,20
2751,2025-12-18,34
2751,2025-12-19,17
2751,2025-12-20,14
2751,2025-12-21,10
2778,2025-11-22,3988
2778,2025-11-23,3375
2778,2025-11-24,3357
2778,2025-11-25,3672
2778,2025-11-26,5078
2778,2025-11-27,4960
2778,2025-11-28,2079
2778,2025-11-29,2134
2778,2025-11-30,2226
2778,2025-12-01,2102
2778,2025-12-02,2351
2778,2025-12-03,3335
2778,2025-12-04,5472
2778,2025-12-05,2498
2778,2025-12-06,1941
2778,2025-12-07,1937
2778,2025-12-08,1949
2778,2025-12-09,2024
2778,2025-12-10,3215
2778,2025-12-11,5345
2778,2025-12-12,2213
2778,2025-12-13,1667
2778,2025-12-14,1426
2778,2025-12-15,1659
2778,2025-12-16,2099
2778,2025-12-17,3150
2778,2025-12-18,4047
2778,2025-12-19,2115
2778,2025-12-20,1465
2778,2025-12-21,1078
2852,2025-11-22,28
2852,2025-11-23,23
2852,2025-11-24,22
2852,2025-11-25,18
2852,2025-11-26,14
2852,2025-11-27,24
2852,2025-11-28,7
2852,2025-11-29,23
2852,2025-11-30,17
2852,2025-12-01,18
2852,2025-12-02,6
2852,2025-12-03,10
2852,2025-12-04,23
2852,2025-12-05,7
2852,2025-12-06,9
2852,2025-12-07,8
2852,2025-12-08,7
2852,2025-12-09,8
2852,2025-12-10,15
2852,2025-12-11,26
2852,2025-12-12,7
2852,2025-12-13,7
2852,2025-12-14,7
2852,2025-12-15,9
2852,2025-12-16,11
2852,2025-12-17,16
2852,2025-12-18,21
2852,2025-12-19,10
2852,2025-12-20,8
2852,2025-12-21,4
2854,2025-11-22,17
2854,2025-11-23,14
2854,2025-11-24,8
2854,2025-11-25,14
2854,2025-11-26,19
2854,2025-11-27,17
2854,2025-11-28,6
2854,2025-11-29,7
2854,2025-11-30,8
2854,2025-12-01,6
2854,2025-12-02,3
2854,2025-12-03,5
2854,2025-12-04,13
2854,2025-12-05,4
2854,2025-12-06,5
2854,2025-12-07,4
2854,2025-12-08,3
2854,2025-12-09,4
2854,2025-12-10,5
2854,2025-12-11,16
2854,2025-12-12,6
2854,2025-12-13,6
2854,2025-12-14,3
2854,2025-12-15,3
2854,2025-12-16,4
2854,2025-12-17,6
2854,2025-12-18,10
2854,2025-12-19,4
2854,2025-12-20,3
2854,2025-12-21,2
2894,2025-11-22,0
2894,2025-11-23,0
2894,2025-11-24,0
2894,2025-11-25,0
2894,2025-11-26,0
2894,2025-11-27,0
2894,2025-11-28,0
2894,2025-11-29,0
2894,2025-11-30,0
2894,2025-12-01,0
2894,2025-12-02,0
2894,2025-12-03,0
2894,2025-12-04,0
2894,2025-12-05,0
2894,2025-12-06,0
2894,2025-12-07,0
2894,2025-12-08,0
2894,2025-12-09,0
2894,2025-12-10,0
2894,2025-12-11,0
2894,2025-12-12,0
2894,2025-12-13,0
2894,2025-12-14,0
2894,2025-12-15,0
2894,2025-12-16,0
2894,2025-12-17,0
2894,2025-12-18,0
2894,2025-12-19,0
2894,2025-12-20,0
2894,2025-12-21,0
2908,2025-11-22,0
2908,2025-11-23,0
2908,2025-11-24,0
2908,2025-11-25,0
2908,2025-11-26,0
2908,2025-11-27,0
2908,2025-11-28,0
2908,2025-11-29,0
2908,2025-11-30,0
2908,2025-12-01,0
2908,2025-12-02,0
2908,2025-12-03,0
2908,2025-12-04,0
2908,2025-12-05,0
2908,2025-12-06,0
2908,2025-12-07,0
2908,2025-12-08,0
2908,2025-12-09,0
2908,2025-12-10,0
2908,2025-12-11,0
2908,2025-12-12,0
2908,2025-12-13,0
2908,2025-12-14,0
2908,2025-12-15,0
2908,2025-12-16,0
2908,2025-12-17,0
2908,2025-12-18,0
2908,2025-12-19,0
2908,2025-12-20,0
2908,2025-12-21,0
2949,2025-11-22,2440
2949,2025-11-23,3590
2949,2025-11-24,2862
2949,2025-11-25,2116
2949,2025-11-26,2785
2949,2025-11-27,9539
2949,2025-11-28,2599
2949,2025-11-29,1628
2949,2025-11-30,1468
2949,2025-12-01,2113
2949,2025-12-02,2330
2949,2025-12-03,2313
2949,2025-12-04,9839
2949,2025-12-05,3787
2949,2025-12-06,2247
2949,2025-12-07,1789
2949,2025-12-08,2203
2949,2025-12-09,2136
2949,2025-12-10,2436
2949,2025-12-11,10107
2949,2025-12-12,3086
2949,2025-12-13,2260
2949,2025-12-14,1758
2949,2025-12-15,1993
2949,2025-12-16,2392
2949,2025-12-17,2944
2949,2025-12-18,11051
2949,2025-12-19,3511
2949,2025-12-20,2480
2949,2025-12-21,3981
2951,2025-11-22,0
2951,2025-11-23,0
2951,2025-11-24,0
2951,2025-11-25,0
2951,2025-11-26,0
2951,2025-11-27,0
2951,2025-11-28,0
2951,2025-11-29,0
2951,2025-11-30,0
2951,2025-12-01,0
2951,2025-12-02,0
2951,2025-12-03,0
2951,2025-12-04,0
2951,2025-12-05,0
2951,2025-12-06,0
2951,2025-12-07,0
2951,2025-12-08,0
2951,2025-12-09,0
2951,2025-12-10,0
2951,2025-12-11,0
2951,2025-12-12,0
2951,2025-12-13,0
2951,2025-12-14,0
2951,2025-12-15,0
2951,2025-12-16,0
2951,2025-12-17,0
2951,2025-12-18,0
2951,2025-12-19,0
2951,2025-12-20,0
2951,2025-12-21,0
2969,2025-11-22,89
2969,2025-11-23,121
2969,2025-11-24,104
2969,2025-11-25,85
2969,2025-11-26,133
2969,2025-11-27,286
2969,2025-11-28,121
2969,2025-11-29,96
2969,2025-11-30,92
2969,2025-12-01,114
2969,2025-12-02,122
2969,2025-12-03,93
2969,2025-12-04,201
2969,2025-12-05,131
2969,2025-12-06,79
2969,2025-12-07,90
2969,2025-12-08,89
2969,2025-12-09,93
2969,2025-12-10,114
2969,2025-12-11,231
2969,2025-12-12,121
2969,2025-12-13,96
2969,2025-12-14,100
2969,2025-12-15,113
2969,2025-12-16,120
2969,2025-12-17,142
2969,2025-12-18,302
2969,2025-12-19,139
2969,2025-12-20,111
2969,2025-12-21,96
2992,2025-11-22,0
2992,2025-11-23,1
2992,2025-11-24,0
2992,2025-11-25,0
2992,2025-11-26,0
2992,2025-11-27,0
2992,2025-11-28,0
2992,2025-11-29,0
2992,2025-11-30,0
2992,2025-12-01,0
2992,2025-12-02,0
2992,2025-12-03,0
2992,2025-12-04,0
2992,2025-12-05,0
2992,2025-12-06,0
2992,2025-12-07,0
2992,2025-12-08,0
2992,2025-12-09,0
2992,2025-12-10,0
2992,2025-12-11,0
2992,2025-12-12,0
2992,2025-12-13,0
2992,2025-12-14,0
2992,2025-12-15,0
2992,2025-12-16,0
2992,2025-12-17,0
2992,2025-12-18,0
2992,2025-12-19,0
2992,2025-12-20,0
2992,2025-12-21,0
3042,2025-11-22,63
3042,2025-11-23,62
3042,2025-11-24,31
3042,2025-11-25,28
3042,2025-11-26,42
3042,2025-11-27,125
3042,2025-11-28,26
3042,2025-11-29,26
3042,2025-11-30,27
3042,2025-12-01,25
3042,2025-12-02,35
3042,2025-12-03,43
3042,2025-12-04,109
3042,2025-12-05,32
3042,2025-12-06,37
3042,2025-12-07,34
3042,2025-12-08,36
3042,2025-12-09,36
3042,2025-12-10,74
3042,2025-12-11,117
3042,2025-12-12,42
3042,2025-12-13,43
3042,2025-12-14,38
3042,2025-12-15,47
3042,2025-12-16,52
3042,2025-12-17,70
3042,2025-12-18,140
3042,2025-12-19,45
3042,2025-12-20,52
3042,2025-12-21,31
3109,2025-11-22,0
3109,2025-11-23,0
3109,2025-11-24,0
3109,2025-11-25,0
3109,2025-11-26,0
3109,2025-11-27,0
3109,2025-11-28,0
3109,2025-11-29,0
3109,2025-11-30,0
3109,2025-12-01,0
3109,2025-12-02,0
3109,2025-12-03,0
3109,2025-12-04,0
3109,2025-12-05,0
3109,2025-12-06,0
3109,2025-12-07,0
3109,2025-12-08,0
3109,2025-12-09,0
3109,2025-12-10,0
3109,2025-12-11,0
3109,2025-12-12,0
3109,2025-12-13,0
3109,2025-12-14,0
3109,2025-12-15,0
3109,2025-12-16,0
3109,2025-12-17,0
3109,2025-12-18,0
3109,2025-12-19,0
3109,2025-12-20,0
3109,2025-12-21,0
3124,2025-11-22,514
3124,2025-11-23,458
3124,2025-11-24,302
3124,2025-11-25,352
3124,2025-11-26,528
3124,2025-11-27,537
3124,2025-11-28,211
3124,2025-11-29,142
3124,2025-11-30,158
3124,2025-12-01,180
3124,2025-12-02,229
3124,2025-12-03,359
3124,2025-12-04,682
3124,2025-12-05,240
3124,2025-12-06,189
3124,2025-12-07,133
3124,2025-12-08,132
3124,2025-12-09,144
3124,2025-12-10,202
3124,2025-12-11,479
3124,2025-12-12,145
3124,2025-12-13,108
3124,2025-12-14,129
3124,2025-12-15,152
3124,2025-12-16,168
3124,2025-12-17,233
3124,2025-12-18,337
3124,2025-12-19,140
3124,2025-12-20,112
3124,2025-12-21,93
3127,2025-11-22,0
3127,2025-11-23,0
3127,2025-11-24,0
3127,2025-11-25,0
3127,2025-11-26,0
3127,2025-11-27,0
3127,2025-11-28,0
3127,2025-11-29,0
3127,2025-11-30,0
3127,2025-12-01,0
3127,2025-12-02,0
3127,2025-12-03,0
3127,2025-12-04,0
3127,2025-12-05,0
3127,2025-12-06,0
3127,2025-12-07,0
3127,2025-12-08,0
3127,2025-12-09,0
3127,2025-12-10,0
3127,2025-12-11,0
3127,2025-12-12,0
3127,2025-12-13,0
3127,2025-12-14,0
3127,2025-12-15,0
3127,2025-12-16,0
3127,2025-12-17,0
3127,2025-12-18,0
3127,2025-12-19,0
3127,2025-12-20,0
3127,2025-12-21,0
3140,2025-11-22,111
3140,2025-11-23,155
3140,2025-11-24,107
3140,2025-11-25,75
3140,2025-11-26,139
3140,2025-11-27,392
3140,2025-11-28,112
3140,2025-11-29,36
3140,2025-11-30,52
3140,2025-12-01,66
3140,2025-12-02,69
3140,2025-12-03,105
3140,2025-12-04,446
3140,2025-12-05,137
3140,2025-12-06,77
3140,2025-12-07,74
3140,2025-12-08,82
3140,2025-12-09,87
3140,2025-12-10,169
3140,2025-12-11,543
3140,2025-12-12,132
3140,2025-12-13,86
3140,2025-12-14,76
3140,2025-12-15,106
3140,2025-12-16,129
3140,2025-12-17,196
3140,2025-12-18,522
3140,2025-12-19,176
3140,2025-12-20,104
3140,2025-12-21,76
3217,2025-11-22,62
3217,2025-11-23,87
3217,2025-11-24,94
3217,2025-11-25,79
3217,2025-11-26,89
3217,2025-11-27,293
3217,2025-11-28,80
3217,2025-11-29,62
3217,2025-11-30,63
3217,2025-12-01,69
3217,2025-12-02,53
3217,2025-12-03,81
3217,2025-12-04,311
3217,2025-12-05,112
3217,2025-12-06,76
3217,2025-12-07,69
3217,2025-12-08,72
3217,2025-12-09,81
3217,2025-12-10,90
3217,2025-12-11,339
3217,2025-12-12,108
3217,2025-12-13,66
3217,2025-12-14,63
3217,2025-12-15,79
3217,2025-12-16,93
3217,2025-12-17,100
3217,2025-12-18,321
3217,2025-12-19,149
3217,2025-12-20,85
3217,2025-12-21,56
3312,2025-11-22,51
3312,2025-11-23,64
3312,2025-11-24,51
3312,2025-11-25,44
3312,2025-11-26,55
3312,2025-11-27,75
3312,2025-11-28,42
3312,2025-11-29,39
3312,2025-11-30,54
3312,2025-12-01,42
3312,2025-12-02,43
3312,2025-12-03,42
3312,2025-12-04,70
3312,2025-12-05,54
3312,2025-12-06,62
3312,2025-12-07,54
3312,2025-12-08,53
3312,2025-12-09,54
3312,2025-12-10,54
3312,2025-12-11,115
3312,2025-12-12,67
3312,2025-12-13,67
3312,2025-12-14,53
3312,2025-12-15,64
3312,2025-12-16,65
3312,2025-12-17,63
3312,2025-12-18,92
3312,2025-12-19,61
3312,2025-12-20,54
3312,2025-12-21,43
3333,2025-11-22,665
3333,2025-11-23,624
3333,2025-11-24,545
3333,2025-11-25,622
3333,2025-11-26,718
3333,2025-11-27,1115
3333,2025-11-28,372
3333,2025-11-29,299
3333,2025-11-30,273
3333,2025-12-01,316
3333,2025-12-02,382
3333,2025-12-03,518
3333,2025-12-04,975
3333,2025-12-05,314
3333,2025-12-06,329
3333,2025-12-07,310
3333,2025-12-08,323
3333,2025-12-09,309
3333,2025-12-10,481
3333,2025-12-11,1077
3333,2025-12-12,317
3333,2025-12-13,298
3333,2025-12-14,260
3333,2025-12-15,320
3333,2025-12-16,376
3333,2025-12-17,457
3333,2025-12-18,758
3333,2025-12-19,348
3333,2025-12-20,287
3333,2025-12-21,214
3351,2025-11-22,0
3351,2025-11-23,1
3351,2025-11-24,1
3351,2025-11-25,0
3351,2025-11-26,0
3351,2025-11-27,0
3351,2025-11-28,0
3351,2025-11-29,0
3351,2025-11-30,0
3351,2025-12-01,0
3351,2025-12-02,0
3351,2025-12-03,0
3351,2025-12-04,6
3351,2025-12-05,0
3351,2025-12-06,0
3351,2025-12-07,0
3351,2025-12-08,0
3351,2025-12-09,0
3351,2025-12-10,0
3351,2025-12-11,0
3351,2025-12-12,0
3351,2025-12-13,0
3351,2025-12-14,0
3351,2025-12-15,0
3351,2025-12-16,0
3351,2025-12-17,0
3351,2025-12-18,0
3351,2025-12-19,0
3351,2025-12-20,0
3351,2025-12-21,4
3364,2025-11-22,7
3364,2025-11-23,7
3364,2025-11-24,8
3364,2025-11-25,8
3364,2025-11-26,7
3364,2025-11-27,10
3364,2025-11-28,4
3364,2025-11-29,3
3364,2025-11-30,4
3364,2025-12-01,4
3364,2025-12-02,5
3364,2025-12-03,10
3364,2025-12-04,26
3364,2025-12-05,5
3364,2025-12-06,5
3364,2025-12-07,6
3364,2025-12-08,6
3364,2025-12-09,5
3364,2025-12-10,8
3364,2025-12-11,22
3364,2025-12-12,6
3364,2025-12-13,5
3364,2025-12-14,5
3364,2025-12-15,6
3364,2025-12-16,6
3364,2025-12-17,9
3364,2025-12-18,31
3364,2025-12-19,6
3364,2025-12-20,5
3364,2025-12-21,4
3365,2025-11-22,503
3365,2025-11-23,983
3365,2025-11-24,732
3365,2025-11-25,739
3365,2025-11-26,981
3365,2025-11-27,2705
3365,2025-11-28,797
3365,2025-11-29,433
3365,2025-11-30,501
3365,2025-12-01,495
3365,2025-12-02,489
3365,2025-12-03,763
3365,2025-12-04,3078
3365,2025-12-05,1137
3365,2025-12-06,521
3365,2025-12-07,438
3365,2025-12-08,513
3365,2025-12-09,610
3365,2025-12-10,716
3365,2025-12-11,3326
3365,2025-12-12,996
3365,2025-12-13,509
3365,2025-12-14,505
3365,2025-12-15,608
3365,2025-12-16,685
3365,2025-12-17,907
3365,2025-12-18,3211
3365,2025-12-19,1186
3365,2025-12-20,567
3365,2025-12-21,488
3382,2025-11-22,5
3382,2025-11-23,6
3382,2025-11-24,2
3382,2025-11-25,1
3382,2025-11-26,2
3382,2025-11-27,4
3382,2025-11-28,1
3382,2025-11-29,1
3382,2025-11-30,1
3382,2025-12-01,1
3382,2025-12-02,1
3382,2025-12-03,3
3382,2025-12-04,10
3382,2025-12-05,1
3382,2025-12-06,1
3382,2025-12-07,1
3382,2025-12-08,3
3382,2025-12-09,1
3382,2025-12-10,2
3382,2025-12-11,7
3382,2025-12-12,1
3382,2025-12-13,1
3382,2025-12-14,1
3382,2025-12-15,2
3382,2025-12-16,2
3382,2025-12-17,3
3382,2025-12-18,7
3382,2025-12-19,2
3382,2025-12-20,2
3382,2025-12-21,1
3396,2025-11-22,0
3396,2025-11-23,0
3396,2025-11-24,0
3396,2025-11-25,0
3396,2025-11-26,0
3396,2025-11-27,0
3396,2025-11-28,0
3396,2025-11-29,0
3396,2025-11-30,0
3396,2025-12-01,0
3396,2025-12-02,0
3396,2025-12-03,0
3396,2025-12-04,0
3396,2025-12-05,0
3396,2025-12-06,0
3396,2025-12-07,0
3396,2025-12-08,0
3396,2025-12-09,0
3396,2025-12-10,0
3396,2025-12-11,0
3396,2025-12-12,0
3396,2025-12-13,0
3396,2025-12-14,0
3396,2025-12-15,0
3396,2025-12-16,0
3396,2025-12-17,0
3396,2025-12-18,0
3396,2025-12-19,0
3396,2025-12-20,0
3396,2025-12-21,0
3456,2025-11-22,5
3456,2025-11-23,3
3456,2025-11-24,3
3456,2025-11-25,4
3456,2025-11-26,4
3456,2025-11-27,4
3456,2025-11-28,4
3456,2025-11-29,4
3456,2025-11-30,4
3456,2025-12-01,4
3456,2025-12-02,4
3456,2025-12-03,5
3456,2025-12-04,5
3456,2025-12-05,4
3456,2025-12-06,5
3456,2025-12-07,4
3456,2025-12-08,4
3456,2025-12-09,5
3456,2025-12-10,5
3456,2025-12-11,5
3456,2025-12-12,4
3456,2025-12-13,4
3456,2025-12-14,4
3456,2025-12-15,4
3456,2025-12-16,5
3456,2025-12-17,5
3456,2025-12-18,5
3456,2025-12-19,4
3456,2025-12-20,4
3456,2025-12-21,4
3478,2025-11-22,7
3478,2025-11-23,4
3478,2025-11-24,7
3478,2025-11-25,4
3478,2025-11-26,6
3478,2025-11-27,11
3478,2025-11-28,3
3478,2025-11-29,3
3478,2025-11-30,3
3478,2025-12-01,3
3478,2025-12-02,3
3478,2025-12-03,10
3478,2025-12-04,18
3478,2025-12-05,3
3478,2025-12-06,5
3478,2025-12-07,9
3478,2025-12-08,3
3478,2025-12-09,3
3478,2025-12-10,8
3478,2025-12-11,14
3478,2025-12-12,7
3478,2025-12-13,7
3478,2025-12-14,5
3478,2025-12-15,6
3478,2025-12-16,4
3478,2025-12-17,8
3478,2025-12-18,12
3478,2025-12-19,5
3478,2025-12-20,3
3478,2025-12-21,3
3523,2025-11-22,4499
3523,2025-11-23,3991
3523,2025-11-24,3327
3523,2025-11-25,3454
3523,2025-11-26,5473
3523,2025-11-27,5892
3523,2025-11-28,2289
3523,2025-11-29,1760
3523,2025-11-30,2042
3523,2025-12-01,1858
3523,2025-12-02,2124
3523,2025-12-03,3375
3523,2025-12-04,4938
3523,2025-12-05,1938
3523,2025-12-06,2012
3523,2025-12-07,1792
3523,2025-12-08,1824
3523,2025-12-09,1864
3523,2025-12-10,3317
3523,2025-12-11,5558
3523,2025-12-12,2288
3523,2025-12-13,1719
3523,2025-12-14,1469
3523,2025-12-15,1639
3523,2025-12-16,1958
3523,2025-12-17,3193
3523,2025-12-18,3892
3523,2025-12-19,2180
3523,2025-12-20,1622
3523,2025-12-21,1024
3578,2025-11-22,0
3578,2025-11-23,0
3578,2025-11-24,0
3578,2025-11-25,0
3578,2025-11-26,0
3578,2025-11-27,0
3578,2025-11-28,0
3578,2025-11-29,0
3578,2025-11-30,0
3578,2025-12-01,0
3578,2025-12-02,0
3578,2025-12-03,0
3578,2025-12-04,0
3578,2025-12-05,0
3578,2025-12-06,0
3578,2025-12-07,0
3578,2025-12-08,0
3578,2025-12-09,0
3578,2025-12-10,0
3578,2025-12-11,0
3578,2025-12-12,0
3578,2025-12-13,0
3578,2025-12-14,0
3578,2025-12-15,0
3578,2025-12-16,0
3578,2025-12-17,0
3578,2025-12-18,0
3578,2025-12-19,0
3578,2025-12-20,0
3578,2025-12-21,0
3617,2025-11-22,2
3617,2025-11-23,2
3617,2025-11-24,2
3617,2025-11-25,3
3617,2025-11-26,3
3617,2025-11-27,3
3617,2025-11-28,3
3617,2025-11-29,2
3617,2025-11-30,3
3617,2025-12-01,3
3617,2025-12-02,3
3617,2025-12-03,5
3617,2025-12-04,7
3617,2025-12-05,4
3617,2025-12-06,3
3617,2025-12-07,3
3617,2025-12-08,4
3617,2025-12-09,4
3617,2025-12-10,4
3617,2025-12-11,5
3617,2025-12-12,4
3617,2025-12-13,3
3617,2025-12-14,3
3617,2025-12-15,4
3617,2025-12-16,4
3617,2025-12-17,4
3617,2025-12-18,5
3617,2025-12-19,4
3617,2025-12-20,3
3617,2025-12-21,1
3723,2025-11-22,63
3723,2025-11-23,57
3723,2025-11-24,64
3723,2025-11-25,68
3723,2025-11-26,78
3723,2025-11-27,75
3723,2025-11-28,39
3723,2025-11-29,33
3723,2025-11-30,41
3723,2025-12-01,40
3723,2025-12-02,45
3723,2025-12-03,47
3723,2025-12-04,57
3723,2025-12-05,39
3723,2025-12-06,44
3723,2025-12-07,37
3723,2025-12-08,46
3723,2025-12-09,47
3723,2025-12-10,44
3723,2025-12-11,61
3723,2025-12-12,32
3723,2025-12-13,40
3723,2025-12-14,39
3723,2025-12-15,57
3723,2025-12-16,63
3723,2025-12-17,65
3723,2025-12-18,62
3723,2025-12-19,37
3723,2025-12-20,46
3723,2025-12-21,23
3752,2025-11-22,0
3752,2025-11-23,0
3752,2025-11-24,0
3752,2025-11-25,0
3752,2025-11-26,0
3752,2025-11-27,0
3752,2025-11-28,0
3752,2025-11-29,0
3752,2025-11-30,0
3752,2025-12-01,0
3752,2025-12-02,0
3752,2025-12-03,0
3752,2025-12-04,0
3752,2025-12-05,0
3752,2025-12-06,0
3752,2025-12-07,0
3752,2025-12-08,0
3752,2025-12-09,0
3752,2025-12-10,0
3752,2025-12-11,0
3752,2025-12-12,0
3752,2025-12-13,0
3752,2025-12-14,0
3752,2025-12-15,0
3752,2025-12-16,0
3752,2025-12-17,0
3752,2025-12-18,0
3752,2025-12-19,0
3752,2025-12-20,0
3752,2025-12-21,0
3771,2025-11-22,5
3771,2025-11-23,1
3771,2025-11-24,2
3771,2025-11-25,3
3771,2025-11-26,5
3771,2025-11-27,4
3771,2025-11-28,1
3771,2025-11-29,2
3771,2025-11-30,3
3771,2025-12-01,2
3771,2025-12-02,3
3771,2025-12-03,4
3771,2025-12-04,8
3771,2025-12-05,2
3771,2025-12-06,3
3771,2025-12-07,3
3771,2025-12-08,2
3771,2025-12-09,3
3771,2025-12-10,3
3771,2025-12-11,6
3771,2025-12-12,2
3771,2025-12-13,3
3771,2025-12-14,2
3771,2025-12-15,3
3771,2025-12-16,3
3771,2025-12-17,4
3771,2025-12-18,5
3771,2025-12-19,3
3771,2025-12-20,3
3771,2025-12-21,2
3832,2025-11-22,2
3832,2025-11-23,2
3832,2025-11-24,1
3832,2025-11-25,1
3832,2025-11-26,1
3832,2025-11-27,3
3832,2025-11-28,2
3832,2025-11-29,1
3832,2025-11-30,1
3832,2025-12-01,1
3832,2025-12-02,1
3832,2025-12-03,2
3832,2025-12-04,4
3832,2025-12-05,2
3832,2025-12-06,2
3832,2025-12-07,2
3832,2025-12-08,2
3832,2025-12-09,2
3832,2025-12-10,2
3832,2025-12-11,4
3832,2025-12-12,2
3832,2025-12-13,2
3832,2025-12-14,2
3832,2025-12-15,3
3832,2025-12-16,3
3832,2025-12-17,3
3832,2025-12-18,4
3832,2025-12-19,3
3832,2025-12-20,3
3832,2025-12-21,2
3837,2025-11-22,13
3837,2025-11-23,14
3837,2025-11-24,13
3837,2025-11-25,13
3837,2025-11-26,14
3837,2025-11-27,15
3837,2025-11-28,8
3837,2025-11-29,8
3837,2025-11-30,9
3837,2025-12-01,6
3837,2025-12-02,6
3837,2025-12-03,7
3837,2025-12-04,17
3837,2025-12-05,7
3837,2025-12-06,5
3837,2025-12-07,3
3837,2025-12-08,2
3837,2025-12-09,2
3837,2025-12-10,4
3837,2025-12-11,12
3837,2025-12-12,3
3837,2025-12-13,2
3837,2025-12-14,2
3837,2025-12-15,3
3837,2025-12-16,3
3837,2025-12-17,5
3837,2025-12-18,15
3837,2025-12-19,3
3837,2025-12-20,3
3837,2025-12-21,2
3870,2025-11-22,7
3870,2025-11-23,3
3870,2025-11-24,10
3870,2025-11-25,11
3870,2025-11-26,15
3870,2025-11-27,14
3870,2025-11-28,4
3870,2025-11-29,3
3870,2025-11-30,2
3870,2025-12-01,2
3870,2025-12-02,3
3870,2025-12-03,7
3870,2025-12-04,13
3870,2025-12-05,3
3870,2025-12-06,7
3870,2025-12-07,5
3870,2025-12-08,3
3870,2025-12-09,4
3870,2025-12-10,6
3870,2025-12-11,14
3870,2025-12-12,3
3870,2025-12-13,3
3870,2025-12-14,3
3870,2025-12-15,3
3870,2025-12-16,4
3870,2025-12-17,5
3870,2025-12-18,6
3870,2025-12-19,4
3870,2025-12-20,3
3870,2025-12-21,2
3892,2025-11-22,479
3892,2025-11-23,527
3892,2025-11-24,517
3892,2025-11-25,533
3892,2025-11-26,832
3892,2025-11-27,1016
3892,2025-11-28,558
3892,2025-11-29,404
3892,2025-11-30,447
3892,2025-12-01,339
3892,2025-12-02,362
3892,2025-12-03,735
3892,2025-12-04,1165
3892,2025-12-05,568
3892,2025-12-06,403
3892,2025-12-07,312
3892,2025-12-08,294
3892,2025-12-09,348
3892,2025-12-10,453
3892,2025-12-11,982
3892,2025-12-12,435
3892,2025-12-13,328
3892,2025-12-14,292
3892,2025-12-15,316
3892,2025-12-16,365
3892,2025-12-17,456
3892,2025-12-18,661
3892,2025-12-19,412
3892,2025-12-20,289
3892,2025-12-21,209
3914,2025-11-22,84
3914,2025-11-23,112
3914,2025-11-24,62
3914,2025-11-25,59
3914,2025-11-26,72
3914,2025-11-27,225
3914,2025-11-28,104
3914,2025-11-29,72
3914,2025-11-30,59
3914,2025-12-01,74
3914,2025-12-02,74
3914,2025-12-03,130
3914,2025-12-04,377
3914,2025-12-05,150
3914,2025-12-06,107
3914,2025-12-07,123
3914,2025-12-08,121
3914,2025-12-09,123
3914,2025-12-10,176
3914,2025-12-11,647
3914,2025-12-12,212
3914,2025-12-13,113
3914,2025-12-14,101
3914,2025-12-15,133
3914,2025-12-16,133
3914,2025-12-17,179
3914,2025-12-18,411
3914,2025-12-19,210
3914,2025-12-20,123
3914,2025-12-21,59
3927,2025-11-22,2
3927,2025-11-23,1
3927,2025-11-24,1
3927,2025-11-25,1
3927,2025-11-26,2
3927,2025-11-27,5
3927,2025-11-28,2
3927,2025-11-29,2
3927,2025-11-30,2
3927,2025-12-01,2
3927,2025-12-02,2
3927,2025-12-03,3
3927,2025-12-04,8
3927,2025-12-05,5
3927,2025-12-06,3
3927,2025-12-07,3
3927,2025-12-08,2
3927,2025-12-09,2
3927,2025-12-10,3
3927,2025-12-11,5
3927,2025-12-12,2
3927,2025-12-13,6
3927,2025-12-14,6
3927,2025-12-15,9
3927,2025-12-16,7
3927,2025-12-17,7
3927,2025-12-18,9
3927,2025-12-19,3
3927,2025-12-20,3
3927,2025-12-21,2
3933,2025-11-22,56
3933,2025-11-23,52
3933,2025-11-24,25
3933,2025-11-25,26
3933,2025-11-26,40
3933,2025-11-27,93
3933,2025-11-28,10
3933,2025-11-29,10
3933,2025-11-30,16
3933,2025-12-01,16
3933,2025-12-02,16
3933,2025-12-03,49
3933,2025-12-04,142
3933,2025-12-05,24
3933,2025-12-06,24
3933,2025-12-07,22
3933,2025-12-08,19
3933,2025-12-09,21
3933,2025-12-10,37
3933,2025-12-11,131
3933,2025-12-12,22
3933,2025-12-13,17
3933,2025-12-14,16
3933,2025-12-15,17
3933,2025-12-16,21
3933,2025-12-17,51
3933,2025-12-18,99
3933,2025-12-19,25
3933,2025-12-20,17
3933,2025-12-21,12
3935,2025-11-22,0
3935,2025-11-23,0
3935,2025-11-24,0
3935,2025-11-25,0
3935,2025-11-26,0
3935,2025-11-27,0
3935,2025-11-28,0
3935,2025-11-29,0
3935,2025-11-30,0
3935,2025-12-01,0
3935,2025-12-02,0
3935,2025-12-03,0
3935,2025-12-04,0
3935,2025-12-05,0
3935,2025-12-06,0
3935,2025-12-07,0
3935,2025-12-08,0
3935,2025-12-09,0
3935,2025-12-10,0
3935,2025-12-11,0
3935,2025-12-12,0
3935,2025-12-13,0
3935,2025-12-14,0
3935,2025-12-15,0
3935,2025-12-16,0
3935,2025-12-17,0
3935,2025-12-18,0
3935,2025-12-19,0
3935,2025-12-20,0
3935,2025-12-21,0
4078,2025-11-22,0
4078,2025-11-23,0
4078,2025-11-24,0
4078,2025-11-25,0
4078,2025-11-26,0
4078,2025-11-27,0
4078,2025-11-28,0
4078,2025-11-29,0
4078,2025-11-30,0
4078,2025-12-01,0
4078,2025-12-02,0
4078,2025-12-03,0
4078,2025-12-04,0
4078,2025-12-05,0
4078,2025-12-06,0
4078,2025-12-07,0
4078,2025-12-08,0
4078,2025-12-09,0
4078,2025-12-10,0
4078,2025-12-11,0
4078,2025-12-12,0
4078,2025-12-13,0
4078,2025-12-14,0
4078,2025-12-15,0
4078,2025-12-16,0
4078,2025-12-17,0
4078,2025-12-18,0
4078,2025-12-19,0
4078,2025-12-20,0
4078,2025-12-21,0
4125,2025-11-22,3
4125,2025-11-23,1
4125,2025-11-24,0
4125,2025-11-25,0
4125,2025-11-26,1
4125,2025-11-27,2
4125,2025-11-28,1
4125,2025-11-29,1
4125,2025-11-30,1
4125,2025-12-01,1
4125,2025-12-02,1
4125,2025-12-03,1
4125,2025-12-04,7
4125,2025-12-05,2
4125,2025-12-06,2
4125,2025-12-07,1
4125,2025-12-08,2
4125,2025-12-09,1
4125,2025-12-10,2
4125,2025-12-11,16
4125,2025-12-12,1
4125,2025-12-13,1
4125,2025-12-14,1
4125,2025-12-15,2
4125,2025-12-16,2
4125,2025-12-17,2
4125,2025-12-18,4
4125,2025-12-19,2
4125,2025-12-20,2
4125,2025-12-21,1
4138,2025-11-22,7
4138,2025-11-23,7
4138,2025-11-24,9
4138,2025-11-25,6
4138,2025-11-26,8
4138,2025-11-27,15
4138,2025-11-28,4
4138,2025-11-29,4
4138,2025-11-30,5
4138,2025-12-01,5
4138,2025-12-02,6
4138,2025-12-03,7
4138,2025-12-04,20
4138,2025-12-05,9
4138,2025-12-06,7
4138,2025-12-07,7
4138,2025-12-08,7
4138,2025-12-09,6
4138,2025-12-10,7
4138,2025-12-11,13
4138,2025-12-12,6
4138,2025-12-13,8
4138,2025-12-14,7
4138,2025-12-15,8
4138,2025-12-16,7
4138,2025-12-17,7
4138,2025-12-18,11
4138,2025-12-19,6
4138,2025-12-20,7
4138,2025-12-21,10
4161,2025-11-22,146
4161,2025-11-23,108
4161,2025-11-24,111
4161,2025-11-25,151
4161,2025-11-26,280
4161,2025-11-27,291
4161,2025-11-28,72
4161,2025-11-29,61
4161,2025-11-30,75
4161,2025-12-01,75
4161,2025-12-02,77
4161,2025-12-03,100
4161,2025-12-04,150
4161,2025-12-05,88
4161,2025-12-06,81
4161,2025-12-07,75
4161,2025-12-08,70
4161,2025-12-09,69
4161,2025-12-10,110
4161,2025-12-11,258
4161,2025-12-12,97
4161,2025-12-13,79
4161,2025-12-14,61
4161,2025-12-15,78
4161,2025-12-16,111
4161,2025-12-17,130
4161,2025-12-18,167
4161,2025-12-19,92
4161,2025-12-20,70
4161,2025-12-21,53
4174,2025-11-22,0
4174,2025-11-23,0
4174,2025-11-24,0
4174,2025-11-25,0
4174,2025-11-26,0
4174,2025-11-27,0
4174,2025-11-28,0
4174,2025-11-29,0
4174,2025-11-30,0
4174,2025-12-01,0
4174,2025-12-02,0
4174,2025-12-03,0
4174,2025-12-04,0
4174,2025-12-05,0
4174,2025-12-06,0
4174,2025-12-07,0
4174,2025-12-08,0
4174,2025-12-09,0
4174,2025-12-10,0
4174,2025-12-11,2
4174,2025-12-12,0
4174,2025-12-13,0
4174,2025-12-14,0
4174,2025-12-15,0
4174,2025-12-16,0
4174,2025-12-17,0
4174,2025-12-18,0
4174,2025-12-19,0
4174,2025-12-20,0
4174,2025-12-21,0
4192,2025-11-22,13
4192,2025-11-23,21
4192,2025-11-24,21
4192,2025-11-25,41
4192,2025-11-26,60
4192,2025-11-27,60
4192,2025-11-28,8
4192,2025-11-29,7
4192,2025-11-30,9
4192,2025-12-01,10
4192,2025-12-02,10
4192,2025-12-03,27
4192,2025-12-04,58
4192,2025-12-05,24
4192,2025-12-06,12
4192,2025-12-07,9
4192,2025-12-08,12
4192,2025-12-09,12
4192,2025-12-10,20
4192,2025-12-11,36
4192,2025-12-12,9
4192,2025-12-13,8
4192,2025-12-14,10
4192,2025-12-15,9
4192,2025-12-16,17
4192,2025-12-17,21
4192,2025-12-18,29
4192,2025-12-19,11
4192,2025-12-20,8
4192,2025-12-21,6
4198,2025-11-22,38
4198,2025-11-23,30
4198,2025-11-24,9
4198,2025-11-25,14
4198,2025-11-26,9
4198,2025-11-27,19
4198,2025-11-28,4
4198,2025-11-29,3
4198,2025-11-30,5
4198,2025-12-01,6
4198,2025-12-02,8
4198,2025-12-03,14
4198,2025-12-04,33
4198,2025-12-05,5
4198,2025-12-06,7
4198,2025-12-07,6
4198,2025-12-08,6
4198,2025-12-09,6
4198,2025-12-10,9
4198,2025-12-11,36
4198,2025-12-12,6
4198,2025-12-13,5
4198,2025-12-14,5
4198,2025-12-15,8
4198,2025-12-16,7
4198,2025-12-17,10
4198,2025-12-18,19
4198,2025-12-19,8
4198,2025-12-20,5
4198,2025-12-21,4
4235,2025-11-22,561
4235,2025-11-23,500
4235,2025-11-24,405
4235,2025-11-25,393
4235,2025-11-26,645
4235,2025-11-27,724
4235,2025-11-28,315
4235,2025-11-29,297
4235,2025-11-30,302
4235,2025-12-01,298
4235,2025-12-02,296
4235,2025-12-03,473
4235,2025-12-04,849
4235,2025-12-05,354
4235,2025-12-06,326
4235,2025-12-07,292
4235,2025-12-08,276
4235,2025-12-09,267
4235,2025-12-10,364
4235,2025-12-11,763
4235,2025-12-12,306
4235,2025-12-13,244
4235,2025-12-14,205
4235,2025-12-15,245
4235,2025-12-16,305
4235,2025-12-17,363
4235,2025-12-18,481
4235,2025-12-19,272
4235,2025-12-20,241
4235,2025-12-21,144
4247,2025-11-22,11
4247,2025-11-23,10
4247,2025-11-24,7
4247,2025-11-25,8
4247,2025-11-26,10
4247,2025-11-27,20
4247,2025-11-28,6
4247,2025-11-29,3
4247,2025-11-30,4
4247,2025-12-01,4
4247,2025-12-02,5
4247,2025-12-03,7
4247,2025-12-04,14
4247,2025-12-05,6
4247,2025-12-06,5
4247,2025-12-07,5
4247,2025-12-08,6
4247,2025-12-09,8
4247,2025-12-10,8
4247,2025-12-11,17
4247,2025-12-12,5
4247,2025-12-13,5
4247,2025-12-14,5
4247,2025-12-15,6
4247,2025-12-16,8
4247,2025-12-17,9
4247,2025-12-18,14
4247,2025-12-19,7
4247,2025-12-20,6
4247,2025-12-21,3
4252,2025-11-22,334
4252,2025-11-23,274
4252,2025-11-24,275
4252,2025-11-25,309
4252,2025-11-26,392
4252,2025-11-27,388
4252,2025-11-28,140
4252,2025-11-29,131
4252,2025-11-30,129
4252,2025-12-01,114
4252,2025-12-02,117
4252,2025-12-03,222
4252,2025-12-04,384
4252,2025-12-05,178
4252,2025-12-06,148
4252,2025-12-07,156
4252,2025-12-08,135
4252,2025-12-09,135
4252,2025-12-10,193
4252,2025-12-11,378
4252,2025-12-12,134
4252,2025-12-13,114
4252,2025-12-14,100
4252,2025-12-15,119
4252,2025-12-16,132
4252,2025-12-17,181
4252,2025-12-18,213
4252,2025-12-19,124
4252,2025-12-20,97
4252,2025-12-21,69
4324,2025-11-22,4893
4324,2025-11-23,4744
4324,2025-11-24,3631
4324,2025-11-25,3684
4324,2025-11-26,6194
4324,2025-11-27,9613
4324,2025-11-28,2645
4324,2025-11-29,2135
4324,2025-11-30,1854
4324,2025-12-01,1910
4324,2025-12-02,2060
4324,2025-12-03,4250
4324,2025-12-04,8867
4324,2025-12-05,2138
4324,2025-12-06,1504
4324,2025-12-07,1405
4324,2025-12-08,1488
4324,2025-12-09,1729
4324,2025-12-10,3398
4324,2025-12-11,8507
4324,2025-12-12,2641
4324,2025-12-13,1450
4324,2025-12-14,1210
4324,2025-12-15,1371
4324,2025-12-16,1997
4324,2025-12-17,3444
4324,2025-12-18,5380
4324,2025-12-19,2510
4324,2025-12-20,1823
4324,2025-12-21,1228
4353,2025-11-22,5
4353,2025-11-23,7
4353,2025-11-24,10
4353,2025-11-25,12
4353,2025-11-26,12
4353,2025-11-27,8
4353,2025-11-28,4
4353,2025-11-29,7
4353,2025-11-30,10
4353,2025-12-01,8
4353,2025-12-02,9
4353,2025-12-03,11
4353,2025-12-04,8
4353,2025-12-05,7
4353,2025-12-06,9
4353,2025-12-07,11
4353,2025-12-08,12
4353,2025-12-09,14
4353,2025-12-10,9
4353,2025-12-11,8
4353,2025-12-12,5
4353,2025-12-13,9
4353,2025-12-14,7
4353,2025-12-15,11
4353,2025-12-16,10
4353,2025-12-17,11
4353,2025-12-18,9
4353,2025-12-19,7
4353,2025-12-20,9
4353,2025-12-21,5
4380,2025-11-22,3
4380,2025-11-23,1
4380,2025-11-24,1
4380,2025-11-25,1
4380,2025-11-26,2
4380,2025-11-27,6
4380,2025-11-28,4
4380,2025-11-29,1
4380,2025-11-30,2
4380,2025-12-01,2
4380,2025-12-02,3
4380,2025-12-03,3
4380,2025-12-04,10
4380,2025-12-05,2
4380,2025-12-06,2
4380,2025-12-07,2
4380,2025-12-08,2
4380,2025-12-09,2
4380,2025-12-10,6
4380,2025-12-11,10
4380,2025-12-12,3
4380,2025-12-13,2
4380,2025-12-14,2
4380,2025-12-15,3
4380,2025-12-16,3
4380,2025-12-17,4
4380,2025-12-18,11
4380,2025-12-19,8
4380,2025-12-20,2
4380,2025-12-21,2
4396,2025-11-22,0
4396,2025-11-23,0
4396,2025-11-24,0
4396,2025-11-25,0
4396,2025-11-26,0
4396,2025-11-27,0
4396,2025-11-28,0
4396,2025-11-29,0
4396,2025-11-30,0
4396,2025-12-01,0
4396,2025-12-02,0
4396,2025-12-03,0
4396,2025-12-04,0
4396,2025-12-05,0
4396,2025-12-06,0
4396,2025-12-07,0
4396,2025-12-08,0
4396,2025-12-09,0
4396,2025-12-10,0
4396,2025-12-11,0
4396,2025-12-12,0
4396,2025-12-13,0
4396,2025-12-14,0
4396,2025-12-15,0
4396,2025-12-16,0
4396,2025-12-17,0
4396,2025-12-18,0
4396,2025-12-19,0
4396,2025-12-20,0
4396,2025-12-21,0
4397,2025-11-22,6
4397,2025-11-23,8
4397,2025-11-24,3
4397,2025-11-25,3
4397,2025-11-26,9
4397,2025-11-27,23
4397,2025-11-28,8
4397,2025-11-29,4
4397,2025-11-30,4
4397,2025-12-01,6
4397,2025-12-02,5
4397,2025-12-03,10
4397,2025-12-04,30
4397,2025-12-05,12
4397,2025-12-06,8
4397,2025-12-07,6
4397,2025-12-08,7
4397,2025-12-09,7
4397,2025-12-10,22
4397,2025-12-11,35
4397,2025-12-12,9
4397,2025-12-13,7
4397,2025-12-14,7
4397,2025-12-15,9
4397,2025-12-16,10
4397,2025-12-17,17
4397,2025-12-18,40
4397,2025-12-19,11
4397,2025-12-20,8
4397,2025-12-21,6
4404,2025-11-22,0
4404,2025-11-23,0
4404,2025-11-24,0
4404,2025-11-25,0
4404,2025-11-26,0
4404,2025-11-27,0
4404,2025-11-28,0
4404,2025-11-29,0
4404,2025-11-30,0
4404,2025-12-01,0
4404,2025-12-02,0
4404,2025-12-03,0
4404,2025-12-04,0
4404,2025-12-05,0
4404,2025-12-06,0
4404,2025-12-07,0
4404,2025-12-08,0
4404,2025-12-09,0
4404,2025-12-10,0
4404,2025-12-11,0
4404,2025-12-12,0
4404,2025-12-13,0
4404,2025-12-14,0
4404,2025-12-15,0
4404,2025-12-16,0
4404,2025-12-17,0
4404,2025-12-18,0
4404,2025-12-19,0
4404,2025-12-20,0
4404,2025-12-21,0
4419,2025-11-22,321
4419,2025-11-23,222
4419,2025-11-24,227
4419,2025-11-25,158
4419,2025-11-26,146
4419,2025-11-27,276
4419,2025-11-28,118
4419,2025-11-29,136
4419,2025-11-30,117
4419,2025-12-01,165
4419,2025-12-02,172
4419,2025-12-03,263
4419,2025-12-04,459
4419,2025-12-05,138
4419,2025-12-06,127
4419,2025-12-07,106
4419,2025-12-08,122
4419,2025-12-09,128
4419,2025-12-10,198
4419,2025-12-11,412
4419,2025-12-12,158
4419,2025-12-13,123
4419,2025-12-14,135
4419,2025-12-15,145
4419,2025-12-16,160
4419,2025-12-17,204
4419,2025-12-18,373
4419,2025-12-19,237
4419,2025-12-20,144
4419,2025-12-21,111
4516,2025-11-22,15
4516,2025-11-23,14
4516,2025-11-24,12
4516,2025-11-25,7
4516,2025-11-26,10
4516,2025-11-27,8
4516,2025-11-28,8
4516,2025-11-29,5
4516,2025-11-30,8
4516,2025-12-01,12
4516,2025-12-02,11
4516,2025-12-03,12
4516,2025-12-04,14
4516,2025-12-05,8
4516,2025-12-06,9
4516,2025-12-07,9
4516,2025-12-08,9
4516,2025-12-09,12
4516,2025-12-10,12
4516,2025-12-11,12
4516,2025-12-12,6
4516,2025-12-13,7
4516,2025-12-14,6
4516,2025-12-15,10
4516,2025-12-16,11
4516,2025-12-17,12
4516,2025-12-18,10
4516,2025-12-19,8
4516,2025-12-20,8
4516,2025-12-21,4
4541,2025-11-22,0
4541,2025-11-23,0
4541,2025-11-24,2
4541,2025-11-25,3
4541,2025-11-26,2
4541,2025-11-27,3
4541,2025-11-28,0
4541,2025-11-29,0
4541,2025-11-30,0
4541,2025-12-01,0
4541,2025-12-02,2
4541,2025-12-03,1
4541,2025-12-04,2
4541,2025-12-05,0
4541,2025-12-06,1
4541,2025-12-07,0
4541,2025-12-08,0
4541,2025-12-09,3
4541,2025-12-10,1
4541,2025-12-11,1
4541,2025-12-12,0
4541,2025-12-13,0
4541,2025-12-14,0
4541,2025-12-15,0
4541,2025-12-16,0
4541,2025-12-17,1
4541,2025-12-18,1
4541,2025-12-19,1
4541,2025-12-20,0
4541,2025-12-21,0
4609,2025-11-22,269
4609,2025-11-23,445
4609,2025-11-24,410
4609,2025-11-25,320
4609,2025-11-26,377
4609,2025-11-27,881
4609,2025-11-28,497
4609,2025-11-29,221
4609,2025-11-30,259
4609,2025-12-01,271
4609,2025-12-02,341
4609,2025-12-03,328
4609,2025-12-04,1103
4609,2025-12-05,424
4609,2025-12-06,272
4609,2025-12-07,235
4609,2025-12-08,248
4609,2025-12-09,250
4609,2025-12-10,383
4609,2025-12-11,963
4609,2025-12-12,387
4609,2025-12-13,287
4609,2025-12-14,241
4609,2025-12-15,276
4609,2025-12-16,290
4609,2025-12-17,348
4609,2025-12-18,1010
4609,2025-12-19,467
4609,2025-12-20,298
4609,2025-12-21,261
4611,2025-11-22,1
4611,2025-11-23,5
4611,2025-11-24,1
4611,2025-11-25,6
4611,2025-11-26,0
4611,2025-11-27,0
4611,2025-11-28,0
4611,2025-11-29,10
4611,2025-11-30,11
4611,2025-12-01,13
4611,2025-12-02,0
4611,2025-12-03,0
4611,2025-12-04,0
4611,2025-12-05,0
4611,2025-12-06,5
4611,2025-12-07,4
4611,2025-12-08,4
4611,2025-12-09,0
4611,2025-12-10,0
4611,2025-12-11,0
4611,2025-12-12,0
4611,2025-12-13,0
4611,2025-12-14,0
4611,2025-12-15,0
4611,2025-12-16,0
4611,2025-12-17,6
4611,2025-12-18,0
4611,2025-12-19,0
4611,2025-12-20,0
4611,2025-12-21,0
4655,2025-11-22,5411
4655,2025-11-23,4942
4655,2025-11-24,4405
4655,2025-11-25,4319
4655,2025-11-26,6164
4655,2025-11-27,6871
4655,2025-11-28,3194
4655,2025-11-29,2600
4655,2025-11-30,2715
4655,2025-12-01,2687
4655,2025-12-02,2668
4655,2025-12-03,4389
4655,2025-12-04,7866
4655,2025-12-05,3049
4655,2025-12-06,3147
4655,2025-12-07,2902
4655,2025-12-08,2810
4655,2025-12-09,3058
4655,2025-12-10,4635
4655,2025-12-11,7934
4655,2025-12-12,2883
4655,2025-12-13,2860
4655,2025-12-14,2604
4655,2025-12-15,2657
4655,2025-12-16,3104
4655,2025-12-17,4534
4655,2025-12-18,5272
4655,2025-12-19,2816
4655,2025-12-20,2781
4655,2025-12-21,1811
4684,2025-11-22,0
4684,2025-11-23,0
4684,2025-11-24,0
4684,2025-11-25,0
4684,2025-11-26,0
4684,2025-11-27,0
4684,2025-11-28,0
4684,2025-11-29,0
4684,2025-11-30,0
4684,2025-12-01,0
4684,2025-12-02,0
4684,2025-12-03,0
4684,2025-12-04,0
4684,2025-12-05,0
4684,2025-12-06,0
4684,2025-12-07,0
4684,2025-12-08,0
4684,2025-12-09,0
4684,2025-12-10,0
4684,2025-12-11,0
4684,2025-12-12,0
4684,2025-12-13,0
4684,2025-12-14,0
4684,2025-12-15,0
4684,2025-12-16,0
4684,2025-12-17,0
4684,2025-12-18,0
4684,2025-12-19,0
4684,2025-12-20,0
4684,2025-12-21,0
4729,2025-11-22,0
4729,2025-11-23,0
4729,2025-11-24,0
4729,2025-11-25,0
4729,2025-11-26,0
4729,2025-11-27,0
4729,2025-11-28,0
4729,2025-11-29,0
4729,2025-11-30,0
4729,2025-12-01,0
4729,2025-12-02,0
4729,2025-12-03,0
4729,2025-12-04,0
4729,2025-12-05,0
4729,2025-12-06,0
4729,2025-12-07,0
4729,2025-12-08,0
4729,2025-12-09,0
4729,2025-12-10,0
4729,2025-12-11,0
4729,2025-12-12,0
4729,2025-12-13,0
4729,2025-12-14,0
4729,2025-12-15,0
4729,2025-12-16,0
4729,2025-12-17,0
4729,2025-12-18,0
4729,2025-12-19,0
4729,2025-12-20,0
4729,2025-12-21,0
4756,2025-11-22,797
4756,2025-11-23,759
4756,2025-11-24,599
4756,2025-11-25,716
4756,2025-11-26,995
4756,2025-11-27,1201
4756,2025-11-28,519
4756,2025-11-29,422
4756,2025-11-30,446
4756,2025-12-01,408
4756,2025-12-02,426
4756,2025-12-03,733
4756,2025-12-04,1449
4756,2025-12-05,583
4756,2025-12-06,474
4756,2025-12-07,389
4756,2025-12-08,387
4756,2025-12-09,450
4756,2025-12-10,637
4756,2025-12-11,1228
4756,2025-12-12,506
4756,2025-12-13,337
4756,2025-12-14,320
4756,2025-12-15,378
4756,2025-12-16,493
4756,2025-12-17,621
4756,2025-12-18,802
4756,2025-12-19,479
4756,2025-12-20,327
4756,2025-12-21,250
4791,2025-11-22,2469
4791,2025-11-23,2119
4791,2025-11-24,2228
4791,2025-11-25,2369
4791,2025-11-26,3184
4791,2025-11-27,3292
4791,2025-11-28,943
4791,2025-11-29,945
4791,2025-11-30,1100
4791,2025-12-01,1033
4791,2025-12-02,1323
4791,2025-12-03,2210
4791,2025-12-04,3230
4791,2025-12-05,859
4791,2025-12-06,1211
4791,2025-12-07,929
4791,2025-12-08,915
4791,2025-12-09,1162
4791,2025-12-10,1896
4791,2025-12-11,3735
4791,2025-12-12,1219
4791,2025-12-13,900
4791,2025-12-14,821
4791,2025-12-15,962
4791,2025-12-16,1249
4791,2025-12-17,1856
4791,2025-12-18,2160
4791,2025-12-19,1126
4791,2025-12-20,806
4791,2025-12-21,507
4797,2025-11-22,0
4797,2025-11-23,0
4797,2025-11-24,0
4797,2025-11-25,0
4797,2025-11-26,0
4797,2025-11-27,0
4797,2025-11-28,0
4797,2025-11-29,0
4797,2025-11-30,0
4797,2025-12-01,0
4797,2025-12-02,0
4797,2025-12-03,0
4797,2025-12-04,0
4797,2025-12-05,0
4797,2025-12-06,0
4797,2025-12-07,0
4797,2025-12-08,0
4797,2025-12-09,0
4797,2025-12-10,0
4797,2025-12-11,0
4797,2025-12-12,0
4797,2025-12-13,0
4797,2025-12-14,0
4797,2025-12-15,0
4797,2025-12-16,0
4797,2025-12-17,0
4797,2025-12-18,0
4797,2025-12-19,0
4797,2025-12-20,0
4797,2025-12-21,0
4820,2025-11-22,15
4820,2025-11-23,8
4820,2025-11-24,7
4820,2025-11-25,6
4820,2025-11-26,13
4820,2025-11-27,12
4820,2025-11-28,7
4820,2025-11-29,11
4820,2025-11-30,8
4820,2025-12-01,10
4820,2025-12-02,11
4820,2025-12-03,15
4820,2025-12-04,19
4820,2025-12-05,7
4820,2025-12-06,8
4820,2025-12-07,7
4820,2025-12-08,7
4820,2025-12-09,9
4820,2025-12-10,10
4820,2025-12-11,19
4820,2025-12-12,8
4820,2025-12-13,9
4820,2025-12-14,9
4820,2025-12-15,10
4820,2025-12-16,15
4820,2025-12-17,15
4820,2025-12-18,24
4820,2025-12-19,10
4820,2025-12-20,11
4820,2025-12-21,6
4879,2025-11-22,38
4879,2025-11-23,39
4879,2025-11-24,14
4879,2025-11-25,12
4879,2025-11-26,20
4879,2025-11-27,30
4879,2025-11-28,0
4879,2025-11-29,0
4879,2025-11-30,0
4879,2025-12-01,0
4879,2025-12-02,0
4879,2025-12-03,0
4879,2025-12-04,1
4879,2025-12-05,0
4879,2025-12-06,0
4879,2025-12-07,0
4879,2025-12-08,0
4879,2025-12-09,0
4879,2025-12-10,1
4879,2025-12-11,3
4879,2025-12-12,0
4879,2025-12-13,0
4879,2025-12-14,0
4879,2025-12-15,0
4879,2025-12-16,0
4879,2025-12-17,1
4879,2025-12-18,2
4879,2025-12-19,0
4879,2025-12-20,0
4879,2025-12-21,0
4933,2025-11-22,10
4933,2025-11-23,12
4933,2025-11-24,11
4933,2025-11-25,11
4933,2025-11-26,19
4933,2025-11-27,20
4933,2025-11-28,10
4933,2025-11-29,5
4933,2025-11-30,5
4933,2025-12-01,6
4933,2025-12-02,7
4933,2025-12-03,10
4933,2025-12-04,17
4933,2025-12-05,10
4933,2025-12-06,11
4933,2025-12-07,10
4933,2025-12-08,8
4933,2025-12-09,11
4933,2025-12-10,14
4933,2025-12-11,20
4933,2025-12-12,6
4933,2025-12-13,5
4933,2025-12-14,3
4933,2025-12-15,4
4933,2025-12-16,5
4933,2025-12-17,7
4933,2025-12-18,10
4933,2025-12-19,4
4933,2025-12-20,4
4933,2025-12-21,2
4946,2025-11-22,2
4946,2025-11-23,5
4946,2025-11-24,3
4946,2025-11-25,3
4946,2025-11-26,1
4946,2025-11-27,2
4946,2025-11-28,1
4946,2025-11-29,1
4946,2025-11-30,3
4946,2025-12-01,2
4946,2025-12-02,2
4946,2025-12-03,3
4946,2025-12-04,5
4946,2025-12-05,2
4946,2025-12-06,3
4946,2025-12-07,3
4946,2025-12-08,3
4946,2025-12-09,3
4946,2025-12-10,3
4946,2025-12-11,5
4946,2025-12-12,3
4946,2025-12-13,3
4946,2025-12-14,3
4946,2025-12-15,4
4946,2025-12-16,4
4946,2025-12-17,4
4946,2025-12-18,5
4946,2025-12-19,4
4946,2025-12-20,4
4946,2025-12-21,3
4973,2025-11-22,28
4973,2025-11-23,22
4973,2025-11-24,18
4973,2025-11-25,13
4973,2025-11-26,22
4973,2025-11-27,28
4973,2025-11-28,20
4973,2025-11-29,15
4973,2025-11-30,19
4973,2025-12-01,19
4973,2025-12-02,23
4973,2025-12-03,28
4973,2025-12-04,84
4973,2025-12-05,28
4973,2025-12-06,23
4973,2025-12-07,22
4973,2025-12-08,25
4973,2025-12-09,30
4973,2025-12-10,40
4973,2025-12-11,67
4973,2025-12-12,35
4973,2025-12-13,24
4973,2025-12-14,22
4973,2025-12-15,27
4973,2025-12-16,31
4973,2025-12-17,44
4973,2025-12-18,76
4973,2025-12-19,36
4973,2025-12-20,29
4973,2025-12-21,19
4981,2025-11-22,187
4981,2025-11-23,332
4981,2025-11-24,270
4981,2025-11-25,231
4981,2025-11-26,398
4981,2025-11-27,890
4981,2025-11-28,269
4981,2025-11-29,201
4981,2025-11-30,185
4981,2025-12-01,225
4981,2025-12-02,234
4981,2025-12-03,286
4981,2025-12-04,1083
4981,2025-12-05,344
4981,2025-12-06,243
4981,2025-12-07,250
4981,2025-12-08,264
4981,2025-12-09,281
4981,2025-12-10,363
4981,2025-12-11,1647
4981,2025-12-12,386
4981,2025-12-13,254
4981,2025-12-14,214
4981,2025-12-15,299
4981,2025-12-16,281
4981,2025-12-17,414
4981,2025-12-18,1046
4981,2025-12-19,428
4981,2025-12-20,236
4981,2025-12-21,200
4994,2025-11-22,0
4994,2025-11-23,0
4994,2025-11-24,0
4994,2025-11-25,0
4994,2025-11-26,0
4994,2025-11-27,0
4994,2025-11-28,0
4994,2025-11-29,0
4994,2025-11-30,0
4994,2025-12-01,0
4994,2025-12-02,0
4994,2025-12-03,0
4994,2025-12-04,0
4994,2025-12-05,0
4994,2025-12-06,0
4994,2025-12-07,0
4994,2025-12-08,0
4994,2025-12-09,0
4994,2025-12-10,0
4994,2025-12-11,0
4994,2025-12-12,0
4994,2025-12-13,0
4994,2025-12-14,0
4994,2025-12-15,0
4994,2025-12-16,0
4994,2025-12-17,0
4994,2025-12-18,0
4994,2025-12-19,0
4994,2025-12-20,0
4994,2025-12-21,0
4995,2025-11-22,43166
4995,2025-11-23,43041
4995,2025-11-24,46771
4995,2025-11-25,50024
4995,2025-11-26,51245
4995,2025-11-27,44071
4995,2025-11-28,20810
4995,2025-11-29,24585
4995,2025-11-30,25937
4995,2025-12-01,28216
4995,2025-12-02,29405
4995,2025-12-03,32877
4995,2025-12-04,36290
4995,2025-12-05,24690
4995,2025-12-06,26776
4995,2025-12-07,26365
4995,2025-12-08,27759
4995,2025-12-09,31286
4995,2025-12-10,32919
4995,2025-12-11,35575
4995,2025-12-12,26615
4995,2025-12-13,28188
4995,2025-12-14,29089
4995,2025-12-15,31895
4995,2025-12-16,37584
4995,2025-12-17,37824
4995,2025-12-18,36861
4995,2025-12-19,27029
4995,2025-12-20,26894
4995,2025-12-21,21205
4998,2025-11-22,0
4998,2025-11-23,0
4998,2025-11-24,0
4998,2025-11-25,0
4998,2025-11-26,0
4998,2025-11-27,0
4998,2025-11-28,0
4998,2025-11-29,0
4998,2025-11-30,0
4998,2025-12-01,0
4998,2025-12-02,0
4998,2025-12-03,0
4998,2025-12-04,0
4998,2025-12-05,0
4998,2025-12-06,0
4998,2025-12-07,0
4998,2025-12-08,0
4998,2025-12-09,0
4998,2025-12-10,0
4998,2025-12-11,0
4998,2025-12-12,0
4998,2025-12-13,0
4998,2025-12-14,0
4998,2025-12-15,0
4998,2025-12-16,0
4998,2025-12-17,0
4998,2025-12-18,0
4998,2025-12-19,0
4998,2025-12-20,0
4998,2025-12-21,0
5163,2025-11-22,2
5163,2025-11-23,0
5163,2025-11-24,1
5163,2025-11-25,0
5163,2025-11-26,1
5163,2025-11-27,2
5163,2025-11-28,0
5163,2025-11-29,0
5163,2025-11-30,0
5163,2025-12-01,0
5163,2025-12-02,0
5163,2025-12-03,1
5163,2025-12-04,1
5163,2025-12-05,0
5163,2025-12-06,0
5163,2025-12-07,0
5163,2025-12-08,0
5163,2025-12-09,0
5163,2025-12-10,0
5163,2025-12-11,1
5163,2025-12-12,0
5163,2025-12-13,0
5163,2025-12-14,0
5163,2025-12-15,0
5163,2025-12-16,0
5163,2025-12-17,0
5163,2025-12-18,1
5163,2025-12-19,0
5163,2025-12-20,0
5163,2025-12-21,0
5171,2025-11-22,0
5171,2025-11-23,0
5171,2025-11-24,0
5171,2025-11-25,0
5171,2025-11-26,0
5171,2025-11-27,0
5171,2025-11-28,0
5171,2025-11-29,0
5171,2025-11-30,0
5171,2025-12-01,0
5171,2025-12-02,0
5171,2025-12-03,0
5171,2025-12-04,0
5171,2025-12-05,0
5171,2025-12-06,0
5171,2025-12-07,0
5171,2025-12-08,0
5171,2025-12-09,0
5171,2025-12-10,0
5171,2025-12-11,0
5171,2025-12-12,0
5171,2025-12-13,0
5171,2025-12-14,0
5171,2025-12-15,0
5171,2025-12-16,0
5171,2025-12-17,0
5171,2025-12-18,0
5171,2025-12-19,0
5171,2025-12-20,0
5171,2025-12-21,0
5241,2025-11-22,0
5241,2025-11-23,0
5241,2025-11-24,0
5241,2025-11-25,0
5241,2025-11-26,0
5241,2025-11-27,0
5241,2025-11-28,0
5241,2025-11-29,0
5241,2025-11-30,0
5241,2025-12-01,0
5241,2025-12-02,0
5241,2025-12-03,0
5241,2025-12-04,0
5241,2025-12-05,0
5241,2025-12-06,0
5241,2025-12-07,0
5241,2025-12-08,0
5241,2025-12-09,0
5241,2025-12-10,0
5241,2025-12-11,0
5241,2025-12-12,0
5241,2025-12-13,0
5241,2025-12-14,0
5241,2025-12-15,0
5241,2025-12-16,0
5241,2025-12-17,0
5241,2025-12-18,0
5241,2025-12-19,0
5241,2025-12-20,0
5241,2025-12-21,0
5244,2025-11-22,59
5244,2025-11-23,57
5244,2025-11-24,49
5244,2025-11-25,51
5244,2025-11-26,69
5244,2025-11-27,170
5244,2025-11-28,84
5244,2025-11-29,57
5244,2025-11-30,67
5244,2025-12-01,88
5244,2025-12-02,93
5244,2025-12-03,101
5244,2025-12-04,166
5244,2025-12-05,80
5244,2025-12-06,64
5244,2025-12-07,63
5244,2025-12-08,63
5244,2025-12-09,64
5244,2025-12-10,72
5244,2025-12-11,175
5244,2025-12-12,75
5244,2025-12-13,64
5244,2025-12-14,57
5244,2025-12-15,77
5244,2025-12-16,78
5244,2025-12-17,83
5244,2025-12-18,154
5244,2025-12-19,73
5244,2025-12-20,64
5244,2025-12-21,54
5262,2025-11-22,37
5262,2025-11-23,36
5262,2025-11-24,42
5262,2025-11-25,29
5262,2025-11-26,43
5262,2025-11-27,139
5262,2025-11-28,31
5262,2025-11-29,26
5262,2025-11-30,31
5262,2025-12-01,38
5262,2025-12-02,37
5262,2025-12-03,75
5262,2025-12-04,146
5262,2025-12-05,52
5262,2025-12-06,43
5262,2025-12-07,37
5262,2025-12-08,36
5262,2025-12-09,42
5262,2025-12-10,58
5262,2025-12-11,179
5262,2025-12-12,60
5262,2025-12-13,43
5262,2025-12-14,35
5262,2025-12-15,40
5262,2025-12-16,43
5262,2025-12-17,57
5262,2025-12-18,155
5262,2025-12-19,70
5262,2025-12-20,50
5262,2025-12-21,39
5265,2025-11-22,23
5265,2025-11-23,17
5265,2025-11-24,18
5265,2025-11-25,18
5265,2025-11-26,25
5265,2025-11-27,21
5265,2025-11-28,11
5265,2025-11-29,10
5265,2025-11-30,12
5265,2025-12-01,13
5265,2025-12-02,14
5265,2025-12-03,15
5265,2025-12-04,20
5265,2025-12-05,11
5265,2025-12-06,11
5265,2025-12-07,11
5265,2025-12-08,13
5265,2025-12-09,16
5265,2025-12-10,15
5265,2025-12-11,23
5265,2025-12-12,13
5265,2025-12-13,14
5265,2025-12-14,15
5265,2025-12-15,17
5265,2025-12-16,20
5265,2025-12-17,21
5265,2025-12-18,24
5265,2025-12-19,15
5265,2025-12-20,14
5265,2025-12-21,10
5270,2025-11-22,21
5270,2025-11-23,29
5270,2025-11-24,15
5270,2025-11-25,18
5270,2025-11-26,25
5270,2025-11-27,59
5270,2025-11-28,9
5270,2025-11-29,9
5270,2025-11-30,12
5270,2025-12-01,12
5270,2025-12-02,14
5270,2025-12-03,15
5270,2025-12-04,47
5270,2025-12-05,11
5270,2025-12-06,6
5270,2025-12-07,6
5270,2025-12-08,0
5270,2025-12-09,0
5270,2025-12-10,10
5270,2025-12-11,35
5270,2025-12-12,0
5270,2025-12-13,0
5270,2025-12-14,0
5270,2025-12-15,0
5270,2025-12-16,0
5270,2025-12-17,0
5270,2025-12-18,29
5270,2025-12-19,15
5270,2025-12-20,10
5270,2025-12-21,10
5297,2025-11-22,1496
5297,2025-11-23,1195
5297,2025-11-24,1109
5297,2025-11-25,1060
5297,2025-11-26,1225
5297,2025-11-27,1302
5297,2025-11-28,476
5297,2025-11-29,327
5297,2025-11-30,489
5297,2025-12-01,481
5297,2025-12-02,595
5297,2025-12-03,822
5297,2025-12-04,1655
5297,2025-12-05,492
5297,2025-12-06,477
5297,2025-12-07,500
5297,2025-12-08,448
5297,2025-12-09,512
5297,2025-12-10,698
5297,2025-12-11,1661
5297,2025-12-12,727
5297,2025-12-13,517
5297,2025-12-14,485
5297,2025-12-15,438
5297,2025-12-16,440
5297,2025-12-17,649
5297,2025-12-18,762
5297,2025-12-19,483
5297,2025-12-20,466
5297,2025-12-21,333
5303,2025-11-22,0
5303,2025-11-23,0
5303,2025-11-24,0
5303,2025-11-25,0
5303,2025-11-26,0
5303,2025-11-27,0
5303,2025-11-28,0
5303,2025-11-29,0
5303,2025-11-30,0
5303,2025-12-01,0
5303,2025-12-02,0
5303,2025-12-03,0
5303,2025-12-04,0
5303,2025-12-05,0
5303,2025-12-06,0
5303,2025-12-07,0
5303,2025-12-08,0
5303,2025-12-09,0
5303,2025-12-10,0
5303,2025-12-11,0
5303,2025-12-12,0
5303,2025-12-13,0
5303,2025-12-14,0
5303,2025-12-15,0
5303,2025-12-16,0
5303,2025-12-17,0
5303,2025-12-18,0
5303,2025-12-19,0
5303,2025-12-20,0
5303,2025-12-21,0
5309,2025-11-22,5
5309,2025-11-23,13
5309,2025-11-24,9
5309,2025-11-25,7
5309,2025-11-26,9
5309,2025-11-27,11
5309,2025-11-28,5
5309,2025-11-29,11
5309,2025-11-30,16
5309,2025-12-01,17
5309,2025-12-02,7
5309,2025-12-03,8
5309,2025-12-04,13
5309,2025-12-05,9
5309,2025-12-06,6
5309,2025-12-07,7
5309,2025-12-08,6
5309,2025-12-09,7
5309,2025-12-10,8
5309,2025-12-11,4
5309,2025-12-12,2
5309,2025-12-13,0
5309,2025-12-14,8
5309,2025-12-15,1
5309,2025-12-16,5
5309,2025-12-17,6
5309,2025-12-18,8
5309,2025-12-19,6
5309,2025-12-20,5
5309,2025-12-21,0
5383,2025-11-22,0
5383,2025-11-23,0
5383,2025-11-24,0
5383,2025-11-25,0
5383,2025-11-26,0
5383,2025-11-27,0
5383,2025-11-28,0
5383,2025-11-29,0
5383,2025-11-30,0
5383,2025-12-01,0
5383,2025-12-02,0
5383,2025-12-03,0
5383,2025-12-04,0
5383,2025-12-05,0
5383,2025-12-06,0
5383,2025-12-07,0
5383,2025-12-08,0
5383,2025-12-09,0
5383,2025-12-10,0
5383,2025-12-11,0
5383,2025-12-12,0
5383,2025-12-13,0
5383,2025-12-14,0
5383,2025-12-15,0
5383,2025-12-16,0
5383,2025-12-17,0
5383,2025-12-18,0
5383,2025-12-19,0
5383,2025-12-20,0
5383,2025-12-21,0
5410,2025-11-22,2
5410,2025-11-23,2
5410,2025-11-24,0
5410,2025-11-25,0
5410,2025-11-26,0
5410,2025-11-27,0
5410,2025-11-28,0
5410,2025-11-29,0
5410,2025-11-30,0
5410,2025-12-01,4
5410,2025-12-02,4
5410,2025-12-03,0
5410,2025-12-04,0
5410,2025-12-05,0
5410,2025-12-06,0
5410,2025-12-07,0
5410,2025-12-08,0
5410,2025-12-09,0
5410,2025-12-10,0
5410,2025-12-11,0
5410,2025-12-12,0
5410,2025-12-13,0
5410,2025-12-14,0
5410,2025-12-15,0
5410,2025-12-16,0
5410,2025-12-17,0
5410,2025-12-18,0
5410,2025-12-19,0
5410,2025-12-20,0
5410,2025-12-21,0
5413,2025-11-22,9557
5413,2025-11-23,8841
5413,2025-11-24,7602
5413,2025-11-25,7520
5413,2025-11-26,10793
5413,2025-11-27,11491
5413,2025-11-28,4090
5413,2025-11-29,3755
5413,2025-11-30,3312
5413,2025-12-01,3566
5413,2025-12-02,4465
5413,2025-12-03,6144
5413,2025-12-04,9445
5413,2025-12-05,3962
5413,2025-12-06,4547
5413,2025-12-07,4069
5413,2025-12-08,3300
5413,2025-12-09,3422
5413,2025-12-10,5664
5413,2025-12-11,10822
5413,2025-12-12,5262
5413,2025-12-13,4519
5413,2025-12-14,3322
5413,2025-12-15,3299
5413,2025-12-16,3529
5413,2025-12-17,6233
5413,2025-12-18,7598
5413,2025-12-19,3729
5413,2025-12-20,2922
5413,2025-12-21,2020
5414,2025-11-22,1043
5414,2025-11-23,1018
5414,2025-11-24,784
5414,2025-11-25,783
5414,2025-11-26,1395
5414,2025-11-27,2270
5414,2025-11-28,903
5414,2025-11-29,469
5414,2025-11-30,401
5414,2025-12-01,436
5414,2025-12-02,446
5414,2025-12-03,866
5414,2025-12-04,1835
5414,2025-12-05,571
5414,2025-12-06,499
5414,2025-12-07,507
5414,2025-12-08,540
5414,2025-12-09,677
5414,2025-12-10,791
5414,2025-12-11,1950
5414,2025-12-12,558
5414,2025-12-13,498
5414,2025-12-14,396
5414,2025-12-15,499
5414,2025-12-16,622
5414,2025-12-17,833
5414,2025-12-18,1595
5414,2025-12-19,633
5414,2025-12-20,518
5414,2025-12-21,357
5434,2025-11-22,74
5434,2025-11-23,78
5434,2025-11-24,55
5434,2025-11-25,58
5434,2025-11-26,122
5434,2025-11-27,149
5434,2025-11-28,43
5434,2025-11-29,51
5434,2025-11-30,55
5434,2025-12-01,57
5434,2025-12-02,66
5434,2025-12-03,76
5434,2025-12-04,98
5434,2025-12-05,49
5434,2025-12-06,61
5434,2025-12-07,61
5434,2025-12-08,66
5434,2025-12-09,67
5434,2025-12-10,71
5434,2025-12-11,99
5434,2025-12-12,58
5434,2025-12-13,63
5434,2025-12-14,60
5434,2025-12-15,70
5434,2025-12-16,80
5434,2025-12-17,76
5434,2025-12-18,99
5434,2025-12-19,67
5434,2025-12-20,67
5434,2025-12-21,59
5506,2025-11-22,32
5506,2025-11-23,17
5506,2025-11-24,18
5506,2025-11-25,17
5506,2025-11-26,13
5506,2025-11-27,24
5506,2025-11-28,9
5506,2025-11-29,3
5506,2025-11-30,4
5506,2025-12-01,6
5506,2025-12-02,9
5506,2025-12-03,13
5506,2025-12-04,56
5506,2025-12-05,11
5506,2025-12-06,6
5506,2025-12-07,6
5506,2025-12-08,7
5506,2025-12-09,10
5506,2025-12-10,8
5506,2025-12-11,30
5506,2025-12-12,6
5506,2025-12-13,6
5506,2025-12-14,8
5506,2025-12-15,10
5506,2025-12-16,11
5506,2025-12-17,12
5506,2025-12-18,21
5506,2025-12-19,9
5506,2025-12-20,6
5506,2025-12-21,5
5529,2025-11-22,0
5529,2025-11-23,0
5529,2025-11-24,0
5529,2025-11-25,0
5529,2025-11-26,0
5529,2025-11-27,1
5529,2025-11-28,0
5529,2025-11-29,0
5529,2025-11-30,0
5529,2025-12-01,0
5529,2025-12-02,0
5529,2025-12-03,0
5529,2025-12-04,0
5529,2025-12-05,0
5529,2025-12-06,0
5529,2025-12-07,1
5529,2025-12-08,1
5529,2025-12-09,0
5529,2025-12-10,0
5529,2025-12-11,1
5529,2025-12-12,0
5529,2025-12-13,0
5529,2025-12-14,0
5529,2025-12-15,0
5529,2025-12-16,0
5529,2025-12-17,0
5529,2025-12-18,0
5529,2025-12-19,0
5529,2025-12-20,0
5529,2025-12-21,0
5640,2025-11-22,1808
5640,2025-11-23,1782
5640,2025-11-24,1305
5640,2025-11-25,1259
5640,2025-11-26,1902
5640,2025-11-27,2706
5640,2025-11-28,1025
5640,2025-11-29,972
5640,2025-11-30,1064
5640,2025-12-01,1052
5640,2025-12-02,980
5640,2025-12-03,1624
5640,2025-12-04,3458
5640,2025-12-05,1283
5640,2025-12-06,1194
5640,2025-12-07,1148
5640,2025-12-08,1070
5640,2025-12-09,1148
5640,2025-12-10,1675
5640,2025-12-11,3624
5640,2025-12-12,1220
5640,2025-12-13,684
5640,2025-12-14,665
5640,2025-12-15,749
5640,2025-12-16,870
5640,2025-12-17,1642
5640,2025-12-18,2399
5640,2025-12-19,965
5640,2025-12-20,713
5640,2025-12-21,543
5657,2025-11-22,51
5657,2025-11-23,46
5657,2025-11-24,57
5657,2025-11-25,35
5657,2025-11-26,58
5657,2025-11-27,172
5657,2025-11-28,149
5657,2025-11-29,36
5657,2025-11-30,52
5657,2025-12-01,54
5657,2025-12-02,45
5657,2025-12-03,54
5657,2025-12-04,187
5657,2025-12-05,58
5657,2025-12-06,41
5657,2025-12-07,40
5657,2025-12-08,49
5657,2025-12-09,53
5657,2025-12-10,62
5657,2025-12-11,186
5657,2025-12-12,62
5657,2025-12-13,54
5657,2025-12-14,42
5657,2025-12-15,47
5657,2025-12-16,53
5657,2025-12-17,62
5657,2025-12-18,154
5657,2025-12-19,80
5657,2025-12-20,43
5657,2025-12-21,33
5683,2025-11-22,4
5683,2025-11-23,4
5683,2025-11-24,4
5683,2025-11-25,4
5683,2025-11-26,5
5683,2025-11-27,5
5683,2025-11-28,0
5683,2025-11-29,0
5683,2025-11-30,0
5683,2025-12-01,1
5683,2025-12-02,1
5683,2025-12-03,1
5683,2025-12-04,2
5683,2025-12-05,1
5683,2025-12-06,2
5683,2025-12-07,2
5683,2025-12-08,1
5683,2025-12-09,2
5683,2025-12-10,2
5683,2025-12-11,3
5683,2025-12-12,1
5683,2025-12-13,1
5683,2025-12-14,1
5683,2025-12-15,1
5683,2025-12-16,2
5683,2025-12-17,2
5683,2025-12-18,2
5683,2025-12-19,1
5683,2025-12-20,2
5683,2025-12-21,1
5686,2025-11-22,0
5686,2025-11-23,0
5686,2025-11-24,0
5686,2025-11-25,0
5686,2025-11-26,0
5686,2025-11-27,0
5686,2025-11-28,0
5686,2025-11-29,0
5686,2025-11-30,0
5686,2025-12-01,0
5686,2025-12-02,0
5686,2025-12-03,0
5686,2025-12-04,0
5686,2025-12-05,0
5686,2025-12-06,0
5686,2025-12-07,0
5686,2025-12-08,0
5686,2025-12-09,0
5686,2025-12-10,0
5686,2025-12-11,0
5686,2025-12-12,0
5686,2025-12-13,0
5686,2025-12-14,0
5686,2025-12-15,0
5686,2025-12-16,0
5686,2025-12-17,0
5686,2025-12-18,0
5686,2025-12-19,0
5686,2025-12-20,0
5686,2025-12-21,0
5720,2025-11-22,78
5720,2025-11-23,93
5720,2025-11-24,84
5720,2025-11-25,72
5720,2025-11-26,123
5720,2025-11-27,208
5720,2025-11-28,29
5720,2025-11-29,23
5720,2025-11-30,47
5720,2025-12-01,54
5720,2025-12-02,57
5720,2025-12-03,108
5720,2025-12-04,192
5720,2025-12-05,84
5720,2025-12-06,62
5720,2025-12-07,58
5720,2025-12-08,56
5720,2025-12-09,61
5720,2025-12-10,79
5720,2025-12-11,249
5720,2025-12-12,44
5720,2025-12-13,58
5720,2025-12-14,56
5720,2025-12-15,86
5720,2025-12-16,75
5720,2025-12-17,80
5720,2025-12-18,205
5720,2025-12-19,89
5720,2025-12-20,44
5720,2025-12-21,40
5752,2025-11-22,0
5752,2025-11-23,0
5752,2025-11-24,0
5752,2025-11-25,0
5752,2025-11-26,0
5752,2025-11-27,0
5752,2025-11-28,0
5752,2025-11-29,0
5752,2025-11-30,0
5752,2025-12-01,0
5752,2025-12-02,0
5752,2025-12-03,0
5752,2025-12-04,0
5752,2025-12-05,0
5752,2025-12-06,0
5752,2025-12-07,0
5752,2025-12-08,0
5752,2025-12-09,0
5752,2025-12-10,0
5752,2025-12-11,0
5752,2025-12-12,0
5752,2025-12-13,0
5752,2025-12-14,0
5752,2025-12-15,0
5752,2025-12-16,0
5752,2025-12-17,0
5752,2025-12-18,0
5752,2025-12-19,0
5752,2025-12-20,0
5752,2025-12-21,0
5762,2025-11-22,0
5762,2025-11-23,0
5762,2025-11-24,0
5762,2025-11-25,0
5762,2025-11-26,0
5762,2025-11-27,0
5762,2025-11-28,0
5762,2025-11-29,0
5762,2025-11-30,0
5762,2025-12-01,0
5762,2025-12-02,0
5762,2025-12-03,0
5762,2025-12-04,0
5762,2025-12-05,0
5762,2025-12-06,0
5762,2025-12-07,0
5762,2025-12-08,0
5762,2025-12-09,0
5762,2025-12-10,0
5762,2025-12-11,0
5762,2025-12-12,0
5762,2025-12-13,0
5762,2025-12-14,0
5762,2025-12-15,0
5762,2025-12-16,0
5762,2025-12-17,0
5762,2025-12-18,0
5762,2025-12-19,0
5762,2025-12-20,0
5762,2025-12-21,0
5799,2025-11-22,0
5799,2025-11-23,0
5799,2025-11-24,0
5799,2025-11-25,0
5799,2025-11-26,0
5799,2025-11-27,0
5799,2025-11-28,0
5799,2025-11-29,0
5799,2025-11-30,0
5799,2025-12-01,0
5799,2025-12-02,0
5799,2025-12-03,0
5799,2025-12-04,0
5799,2025-12-05,0
5799,2025-12-06,0
5799,2025-12-07,0
5799,2025-12-08,0
5799,2025-12-09,0
5799,2025-12-10,0
5799,2025-12-11,0
5799,2025-12-12,0
5799,2025-12-13,0
5799,2025-12-14,0
5799,2025-12-15,0
5799,2025-12-16,0
5799,2025-12-17,0
5799,2025-12-18,0
5799,2025-12-19,0
5799,2025-12-20,0
5799,2025-12-21,0
5802,2025-11-22,112
5802,2025-11-23,82
5802,2025-11-24,56
5802,2025-11-25,43
5802,2025-11-26,114
5802,2025-11-27,170
5802,2025-11-28,53
5802,2025-11-29,51
5802,2025-11-30,50
5802,2025-12-01,51
5802,2025-12-02,46
5802,2025-12-03,61
5802,2025-12-04,128
5802,2025-12-05,58
5802,2025-12-06,51
5802,2025-12-07,48
5802,2025-12-08,54
5802,2025-12-09,53
5802,2025-12-10,73
5802,2025-12-11,154
5802,2025-12-12,55
5802,2025-12-13,48
5802,2025-12-14,46
5802,2025-12-15,52
5802,2025-12-16,56
5802,2025-12-17,80
5802,2025-12-18,110
5802,2025-12-19,58
5802,2025-12-20,45
5802,2025-12-21,39
5818,2025-11-22,21
5818,2025-11-23,28
5818,2025-11-24,15
5818,2025-11-25,24
5818,2025-11-26,31
5818,2025-11-27,53
5818,2025-11-28,11
5818,2025-11-29,8
5818,2025-11-30,9
5818,2025-12-01,16
5818,2025-12-02,20
5818,2025-12-03,27
5818,2025-12-04,72
5818,2025-12-05,15
5818,2025-12-06,15
5818,2025-12-07,15
5818,2025-12-08,17
5818,2025-12-09,18
5818,2025-12-10,22
5818,2025-12-11,62
5818,2025-12-12,17
5818,2025-12-13,17
5818,2025-12-14,15
5818,2025-12-15,18
5818,2025-12-16,19
5818,2025-12-17,23
5818,2025-12-18,64
5818,2025-12-19,19
5818,2025-12-20,16
5818,2025-12-21,12
5842,2025-11-22,14
5842,2025-11-23,15
5842,2025-11-24,14
5842,2025-11-25,15
5842,2025-11-26,17
5842,2025-11-27,21
5842,2025-11-28,14
5842,2025-11-29,17
5842,2025-11-30,16
5842,2025-12-01,19
5842,2025-12-02,17
5842,2025-12-03,17
5842,2025-12-04,36
5842,2025-12-05,18
5842,2025-12-06,23
5842,2025-12-07,22
5842,2025-12-08,25
5842,2025-12-09,25
5842,2025-12-10,24
5842,2025-12-11,35
5842,2025-12-12,26
5842,2025-12-13,24
5842,2025-12-14,22
5842,2025-12-15,27
5842,2025-12-16,28
5842,2025-12-17,26
5842,2025-12-18,28
5842,2025-12-19,18
5842,2025-12-20,24
5842,2025-12-21,21
5850,2025-11-22,0
5850,2025-11-23,0
5850,2025-11-24,0
5850,2025-11-25,0
5850,2025-11-26,0
5850,2025-11-27,0
5850,2025-11-28,0
5850,2025-11-29,0
5850,2025-11-30,0
5850,2025-12-01,0
5850,2025-12-02,0
5850,2025-12-03,0
5850,2025-12-04,0
5850,2025-12-05,0
5850,2025-12-06,0
5850,2025-12-07,0
5850,2025-12-08,0
5850,2025-12-09,0
5850,2025-12-10,0
5850,2025-12-11,0
5850,2025-12-12,0
5850,2025-12-13,0
5850,2025-12-14,0
5850,2025-12-15,0
5850,2025-12-16,0
5850,2025-12-17,0
5850,2025-12-18,0
5850,2025-12-19,0
5850,2025-12-20,0
5850,2025-12-21,0
5927,2025-11-22,1005
5927,2025-11-23,964
5927,2025-11-24,680
5927,2025-11-25,721
5927,2025-11-26,979
5927,2025-11-27,1278
5927,2025-11-28,455
5927,2025-11-29,337
5927,2025-11-30,320
5927,2025-12-01,263
5927,2025-12-02,345
5927,2025-12-03,619
5927,2025-12-04,1202
5927,2025-12-05,299
5927,2025-12-06,330
5927,2025-12-07,313
5927,2025-12-08,263
5927,2025-12-09,294
5927,2025-12-10,447
5927,2025-12-11,642
5927,2025-12-12,296
5927,2025-12-13,271
5927,2025-12-14,242
5927,2025-12-15,270
5927,2025-12-16,413
5927,2025-12-17,454
5927,2025-12-18,516
5927,2025-12-19,286
5927,2025-12-20,212
5927,2025-12-21,159
5933,2025-11-22,4
5933,2025-11-23,12
5933,2025-11-24,14
5933,2025-11-25,7
5933,2025-11-26,17
5933,2025-11-27,10
5933,2025-11-28,8
5933,2025-11-29,4
5933,2025-11-30,6
5933,2025-12-01,8
5933,2025-12-02,10
5933,2025-12-03,12
5933,2025-12-04,16
5933,2025-12-05,12
5933,2025-12-06,12
5933,2025-12-07,8
5933,2025-12-08,11
5933,2025-12-09,11
5933,2025-12-10,9
5933,2025-12-11,12
5933,2025-12-12,10
5933,2025-12-13,8
5933,2025-12-14,7
5933,2025-12-15,13
5933,2025-12-16,13
5933,2025-12-17,13
5933,2025-12-18,12
5933,2025-12-19,8
5933,2025-12-20,8
5933,2025-12-21,4
5936,2025-11-22,18
5936,2025-11-23,19
5936,2025-11-24,10
5936,2025-11-25,4
5936,2025-11-26,12
5936,2025-11-27,12
5936,2025-11-28,27
5936,2025-11-29,11
5936,2025-11-30,13
5936,2025-12-01,14
5936,2025-12-02,13
5936,2025-12-03,11
5936,2025-12-04,25
5936,2025-12-05,9
5936,2025-12-06,12
5936,2025-12-07,9
5936,2025-12-08,9
5936,2025-12-09,9
5936,2025-12-10,13
5936,2025-12-11,28
5936,2025-12-12,10
5936,2025-12-13,8
5936,2025-12-14,7
5936,2025-12-15,9
5936,2025-12-16,11
5936,2025-12-17,16
5936,2025-12-18,24
5936,2025-12-19,13
5936,2025-12-20,9
5936,2025-12-21,8
5947,2025-11-22,154
5947,2025-11-23,124
5947,2025-11-24,127
5947,2025-11-25,139
5947,2025-11-26,232
5947,2025-11-27,218
5947,2025-11-28,50
5947,2025-11-29,46
5947,2025-11-30,54
5947,2025-12-01,51
5947,2025-12-02,69
5947,2025-12-03,120
5947,2025-12-04,174
5947,2025-12-05,55
5947,2025-12-06,64
5947,2025-12-07,60
5947,2025-12-08,62
5947,2025-12-09,60
5947,2025-12-10,95
5947,2025-12-11,198
5947,2025-12-12,63
5947,2025-12-13,38
5947,2025-12-14,37
5947,2025-12-15,52
5947,2025-12-16,56
5947,2025-12-17,70
5947,2025-12-18,131
5947,2025-12-19,52
5947,2025-12-20,39
5947,2025-12-21,26
5951,2025-11-22,0
5951,2025-11-23,0
5951,2025-11-24,0
5951,2025-11-25,0
5951,2025-11-26,0
5951,2025-11-27,0
5951,2025-11-28,0
5951,2025-11-29,0
5951,2025-11-30,0
5951,2025-12-01,0
5951,2025-12-02,0
5951,2025-12-03,0
5951,2025-12-04,0
5951,2025-12-05,0
5951,2025-12-06,0
5951,2025-12-07,0
5951,2025-12-08,0
5951,2025-12-09,0
5951,2025-12-10,0
5951,2025-12-11,0
5951,2025-12-12,0
5951,2025-12-13,0
5951,2025-12-14,0
5951,2025-12-15,0
5951,2025-12-16,0
5951,2025-12-17,0
5951,2025-12-18,0
5951,2025-12-19,0
5951,2025-12-20,0
5951,2025-12-21,0
5986,2025-11-22,557
5986,2025-11-23,1215
5986,2025-11-24,793
5986,2025-11-25,592
5986,2025-11-26,826
5986,2025-11-27,2887
5986,2025-11-28,938
5986,2025-11-29,695
5986,2025-11-30,584
5986,2025-12-01,665
5986,2025-12-02,722
5986,2025-12-03,1113
5986,2025-12-04,4883
5986,2025-12-05,940
5986,2025-12-06,801
5986,2025-12-07,674
5986,2025-12-08,697
5986,2025-12-09,807
5986,2025-12-10,1075
5986,2025-12-11,4131
5986,2025-12-12,1131
5986,2025-12-13,783
5986,2025-12-14,704
5986,2025-12-15,856
5986,2025-12-16,926
5986,2025-12-17,1388
5986,2025-12-18,4142
5986,2025-12-19,1267
5986,2025-12-20,923
5986,2025-12-21,597
6037,2025-11-22,91
6037,2025-11-23,84
6037,2025-11-24,80
6037,2025-11-25,90
6037,2025-11-26,96
6037,2025-11-27,109
6037,2025-11-28,60
6037,2025-11-29,65
6037,2025-11-30,72
6037,2025-12-01,70
6037,2025-12-02,58
6037,2025-12-03,51
6037,2025-12-04,94
6037,2025-12-05,52
6037,2025-12-06,67
6037,2025-12-07,66
6037,2025-12-08,79
6037,2025-12-09,68
6037,2025-12-10,82
6037,2025-12-11,119
6037,2025-12-12,73
6037,2025-12-13,76
6037,2025-12-14,75
6037,2025-12-15,85
6037,2025-12-16,85
6037,2025-12-17,97
6037,2025-12-18,124
6037,2025-12-19,88
6037,2025-12-20,91
6037,2025-12-21,64
6081,2025-11-22,1
6081,2025-11-23,0
6081,2025-11-24,4
6081,2025-11-25,1
6081,2025-11-26,2
6081,2025-11-27,2
6081,2025-11-28,1
6081,2025-11-29,1
6081,2025-11-30,2
6081,2025-12-01,4
6081,2025-12-02,2
6081,2025-12-03,2
6081,2025-12-04,4
6081,2025-12-05,3
6081,2025-12-06,4
6081,2025-12-07,3
6081,2025-12-08,3
6081,2025-12-09,4
6081,2025-12-10,5
6081,2025-12-11,6
6081,2025-12-12,4
6081,2025-12-13,5
6081,2025-12-14,3
6081,2025-12-15,4
6081,2025-12-16,4
6081,2025-12-17,4
6081,2025-12-18,4
6081,2025-12-19,4
6081,2025-12-20,4
6081,2025-12-21,3
6093,2025-11-22,466
6093,2025-11-23,471
6093,2025-11-24,437
6093,2025-11-25,415
6093,2025-11-26,521
6093,2025-11-27,1115
6093,2025-11-28,616
6093,2025-11-29,298
6093,2025-11-30,277
6093,2025-12-01,311
6093,2025-12-02,337
6093,2025-12-03,539
6093,2025-12-04,1047
6093,2025-12-05,691
6093,2025-12-06,380
6093,2025-12-07,335
6093,2025-12-08,361
6093,2025-12-09,378
6093,2025-12-10,428
6093,2025-12-11,1049
6093,2025-12-12,555
6093,2025-12-13,471
6093,2025-12-14,344
6093,2025-12-15,312
6093,2025-12-16,385
6093,2025-12-17,445
6093,2025-12-18,733
6093,2025-12-19,386
6093,2025-12-20,312
6093,2025-12-21,254
6095,2025-11-22,197
6095,2025-11-23,283
6095,2025-11-24,144
6095,2025-11-25,144
6095,2025-11-26,217
6095,2025-11-27,501
6095,2025-11-28,56
6095,2025-11-29,53
6095,2025-11-30,41
6095,2025-12-01,54
6095,2025-12-02,66
6095,2025-12-03,133
6095,2025-12-04,275
6095,2025-12-05,72
6095,2025-12-06,99
6095,2025-12-07,96
6095,2025-12-08,85
6095,2025-12-09,75
6095,2025-12-10,170
6095,2025-12-11,346
6095,2025-12-12,72
6095,2025-12-13,76
6095,2025-12-14,71
6095,2025-12-15,81
6095,2025-12-16,140
6095,2025-12-17,191
6095,2025-12-18,312
6095,2025-12-19,89
6095,2025-12-20,99
6095,2025-12-21,45
6126,2025-11-22,0
6126,2025-11-23,0
6126,2025-11-24,0
6126,2025-11-25,0
6126,2025-11-26,0
6126,2025-11-27,0
6126,2025-11-28,0
6126,2025-11-29,0
6126,2025-11-30,0
6126,2025-12-01,0
6126,2025-12-02,0
6126,2025-12-03,0
6126,2025-12-04,0
6126,2025-12-05,0
6126,2025-12-06,0
6126,2025-12-07,0
6126,2025-12-08,0
6126,2025-12-09,0
6126,2025-12-10,0
6126,2025-12-11,0
6126,2025-12-12,0
6126,2025-12-13,0
6126,2025-12-14,0
6126,2025-12-15,0
6126,2025-12-16,0
6126,2025-12-17,0
6126,2025-12-18,0
6126,2025-12-19,0
6126,2025-12-20,0
6126,2025-12-21,0
6179,2025-11-22,1
6179,2025-11-23,0
6179,2025-11-24,0
6179,2025-11-25,3
6179,2025-11-26,4
6179,2025-11-27,6
6179,2025-11-28,5
6179,2025-11-29,0
6179,2025-11-30,0
6179,2025-12-01,0
6179,2025-12-02,0
6179,2025-12-03,0
6179,2025-12-04,0
6179,2025-12-05,0
6179,2025-12-06,0
6179,2025-12-07,0
6179,2025-12-08,0
6179,2025-12-09,0
6179,2025-12-10,0
6179,2025-12-11,0
6179,2025-12-12,6
6179,2025-12-13,0
6179,2025-12-14,4
6179,2025-12-15,0
6179,2025-12-16,0
6179,2025-12-17,0
6179,2025-12-18,0
6179,2025-12-19,0
6179,2025-12-20,0
6179,2025-12-21,0
6197,2025-11-22,4
6197,2025-11-23,4
6197,2025-11-24,0
6197,2025-11-25,4
6197,2025-11-26,0
6197,2025-11-27,0
6197,2025-11-28,0
6197,2025-11-29,0
6197,2025-11-30,0
6197,2025-12-01,0
6197,2025-12-02,0
6197,2025-12-03,0
6197,2025-12-04,3
6197,2025-12-05,0
6197,2025-12-06,0
6197,2025-12-07,0
6197,2025-12-08,0
6197,2025-12-09,0
6197,2025-12-10,0
6197,2025-12-11,0
6197,2025-12-12,0
6197,2025-12-13,0
6197,2025-12-14,0
6197,2025-12-15,0
6197,2025-12-16,0
6197,2025-12-17,0
6197,2025-12-18,0
6197,2025-12-19,0
6197,2025-12-20,0
6197,2025-12-21,0
6235,2025-11-22,2
6235,2025-11-23,2
6235,2025-11-24,1
6235,2025-11-25,1
6235,2025-11-26,1
6235,2025-11-27,1
6235,2025-11-28,1
6235,2025-11-29,1
6235,2025-11-30,1
6235,2025-12-01,1
6235,2025-12-02,1
6235,2025-12-03,1
6235,2025-12-04,1
6235,2025-12-05,1
6235,2025-12-06,1
6235,2025-12-07,3
6235,2025-12-08,1
6235,2025-12-09,1
6235,2025-12-10,1
6235,2025-12-11,2
6235,2025-12-12,1
6235,2025-12-13,1
6235,2025-12-14,1
6235,2025-12-15,1
6235,2025-12-16,1
6235,2025-12-17,1
6235,2025-12-18,2
6235,2025-12-19,1
6235,2025-12-20,1
6235,2025-12-21,0
6248,2025-11-22,1555
6248,2025-11-23,1472
6248,2025-11-24,1273
6248,2025-11-25,1440
6248,2025-11-26,2398
6248,2025-11-27,3465
6248,2025-11-28,1038
6248,2025-11-29,707
6248,2025-11-30,806
6248,2025-12-01,726
6248,2025-12-02,844
6248,2025-12-03,1428
6248,2025-12-04,3155
6248,2025-12-05,1247
6248,2025-12-06,1103
6248,2025-12-07,926
6248,2025-12-08,856
6248,2025-12-09,1020
6248,2025-12-10,1447
6248,2025-12-11,3343
6248,2025-12-12,998
6248,2025-12-13,870
6248,2025-12-14,856
6248,2025-12-15,972
6248,2025-12-16,996
6248,2025-12-17,1407
6248,2025-12-18,2118
6248,2025-12-19,1047
6248,2025-12-20,922
6248,2025-12-21,617
6249,2025-11-22,19
6249,2025-11-23,56
6249,2025-11-24,21
6249,2025-11-25,25
6249,2025-11-26,40
6249,2025-11-27,52
6249,2025-11-28,21
6249,2025-11-29,23
6249,2025-11-30,28
6249,2025-12-01,20
6249,2025-12-02,22
6249,2025-12-03,31
6249,2025-12-04,43
6249,2025-12-05,22
6249,2025-12-06,25
6249,2025-12-07,24
6249,2025-12-08,22
6249,2025-12-09,23
6249,2025-12-10,32
6249,2025-12-11,40
6249,2025-12-12,20
6249,2025-12-13,26
6249,2025-12-14,22
6249,2025-12-15,28
6249,2025-12-16,27
6249,2025-12-17,32
6249,2025-12-18,43
6249,2025-12-19,29
6249,2025-12-20,25
6249,2025-12-21,20
6261,2025-11-22,10
6261,2025-11-23,20
6261,2025-11-24,12
6261,2025-11-25,17
6261,2025-11-26,18
6261,2025-11-27,51
6261,2025-11-28,16
6261,2025-11-29,8
6261,2025-11-30,10
6261,2025-12-01,11
6261,2025-12-02,12
6261,2025-12-03,14
6261,2025-12-04,66
6261,2025-12-05,32
6261,2025-12-06,18
6261,2025-12-07,18
6261,2025-12-08,19
6261,2025-12-09,20
6261,2025-12-10,28
6261,2025-12-11,126
6261,2025-12-12,29
6261,2025-12-13,18
6261,2025-12-14,17
6261,2025-12-15,25
6261,2025-12-16,30
6261,2025-12-17,33
6261,2025-12-18,96
6261,2025-12-19,33
6261,2025-12-20,20
6261,2025-12-21,14
6268,2025-11-22,2477
6268,2025-11-23,2385
6268,2025-11-24,2205
6268,2025-11-25,2292
6268,2025-11-26,3601
6268,2025-11-27,4589
6268,2025-11-28,1701
6268,2025-11-29,1598
6268,2025-11-30,1495
6268,2025-12-01,1501
6268,2025-12-02,1342
6268,2025-12-03,2474
6268,2025-12-04,3990
6268,2025-12-05,1815
6268,2025-12-06,1376
6268,2025-12-07,1179
6268,2025-12-08,1282
6268,2025-12-09,1398
6268,2025-12-10,2309
6268,2025-12-11,4482
6268,2025-12-12,1610
6268,2025-12-13,1164
6268,2025-12-14,975
6268,2025-12-15,1149
6268,2025-12-16,1310
6268,2025-12-17,2333
6268,2025-12-18,3262
6268,2025-12-19,1556
6268,2025-12-20,1208
6268,2025-12-21,819
6287,2025-11-22,62
6287,2025-11-23,76
6287,2025-11-24,62
6287,2025-11-25,57
6287,2025-11-26,74
6287,2025-11-27,106
6287,2025-11-28,57
6287,2025-11-29,46
6287,2025-11-30,56
6287,2025-12-01,45
6287,2025-12-02,57
6287,2025-12-03,61
6287,2025-12-04,103
6287,2025-12-05,60
6287,2025-12-06,61
6287,2025-12-07,59
6287,2025-12-08,56
6287,2025-12-09,59
6287,2025-12-10,63
6287,2025-12-11,115
6287,2025-12-12,58
6287,2025-12-13,62
6287,2025-12-14,56
6287,2025-12-15,64
6287,2025-12-16,72
6287,2025-12-17,73
6287,2025-12-18,110
6287,2025-12-19,70
6287,2025-12-20,65
6287,2025-12-21,45
6379,2025-11-22,0
6379,2025-11-23,0
6379,2025-11-24,0
6379,2025-11-25,0
6379,2025-11-26,0
6379,2025-11-27,0
6379,2025-11-28,0
6379,2025-11-29,0
6379,2025-11-30,0
6379,2025-12-01,0
6379,2025-12-02,0
6379,2025-12-03,0
6379,2025-12-04,0
6379,2025-12-05,0
6379,2025-12-06,0
6379,2025-12-07,0
6379,2025-12-08,0
6379,2025-12-09,0
6379,2025-12-10,0
6379,2025-12-11,0
6379,2025-12-12,0
6379,2025-12-13,0
6379,2025-12-14,0
6379,2025-12-15,0
6379,2025-12-16,0
6379,2025-12-17,0
6379,2025-12-18,0
6379,2025-12-19,0
6379,2025-12-20,0
6379,2025-12-21,0
6397,2025-11-22,0
6397,2025-11-23,0
6397,2025-11-24,0
6397,2025-11-25,0
6397,2025-11-26,0
6397,2025-11-27,0
6397,2025-11-28,0
6397,2025-11-29,0
6397,2025-11-30,0
6397,2025-12-01,0
6397,2025-12-02,0
6397,2025-12-03,0
6397,2025-12-04,0
6397,2025-12-05,0
6397,2025-12-06,1
6397,2025-12-07,1
6397,2025-12-08,1
6397,2025-12-09,1
6397,2025-12-10,1
6397,2025-12-11,1
6397,2025-12-12,1
6397,2025-12-13,1
6397,2025-12-14,0
6397,2025-12-15,1
6397,2025-12-16,1
6397,2025-12-17,1
6397,2025-12-18,1
6397,2025-12-19,1
6397,2025-12-20,0
6397,2025-12-21,0
6418,2025-11-22,48
6418,2025-11-23,63
6418,2025-11-24,49
6418,2025-11-25,36
6418,2025-11-26,51
6418,2025-11-27,121
6418,2025-11-28,40
6418,2025-11-29,19
6418,2025-11-30,24
6418,2025-12-01,25
6418,2025-12-02,29
6418,2025-12-03,37
6418,2025-12-04,115
6418,2025-12-05,25
6418,2025-12-06,47
6418,2025-12-07,51
6418,2025-12-08,51
6418,2025-12-09,59
6418,2025-12-10,81
6418,2025-12-11,269
6418,2025-12-12,66
6418,2025-12-13,44
6418,2025-12-14,45
6418,2025-12-15,57
6418,2025-12-16,68
6418,2025-12-17,91
6418,2025-12-18,199
6418,2025-12-19,69
6418,2025-12-20,59
6418,2025-12-21,37
6430,2025-11-22,2
6430,2025-11-23,3
6430,2025-11-24,3
6430,2025-11-25,3
6430,2025-11-26,3
6430,2025-11-27,13
6430,2025-11-28,3
6430,2025-11-29,4
6430,2025-11-30,3
6430,2025-12-01,5
6430,2025-12-02,3
6430,2025-12-03,6
6430,2025-12-04,14
6430,2025-12-05,4
6430,2025-12-06,4
6430,2025-12-07,4
6430,2025-12-08,4
6430,2025-12-09,4
6430,2025-12-10,5
6430,2025-12-11,13
6430,2025-12-12,4
6430,2025-12-13,4
6430,2025-12-14,4
6430,2025-12-15,5
6430,2025-12-16,5
6430,2025-12-17,5
6430,2025-12-18,11
6430,2025-12-19,4
6430,2025-12-20,4
6430,2025-12-21,3
6473,2025-11-22,0
6473,2025-11-23,0
6473,2025-11-24,0
6473,2025-11-25,0
6473,2025-11-26,0
6473,2025-11-27,0
6473,2025-11-28,0
6473,2025-11-29,0
6473,2025-11-30,0
6473,2025-12-01,0
6473,2025-12-02,0
6473,2025-12-03,0
6473,2025-12-04,0
6473,2025-12-05,0
6473,2025-12-06,0
6473,2025-12-07,0
6473,2025-12-08,0
6473,2025-12-09,0
6473,2025-12-10,0
6473,2025-12-11,0
6473,2025-12-12,0
6473,2025-12-13,0
6473,2025-12-14,0
6473,2025-12-15,0
6473,2025-12-16,0
6473,2025-12-17,0
6473,2025-12-18,0
6473,2025-12-19,0
6473,2025-12-20,0
6473,2025-12-21,0
6507,2025-11-22,6
6507,2025-11-23,6
6507,2025-11-24,3
6507,2025-11-25,3
6507,2025-11-26,7
6507,2025-11-27,8
6507,2025-11-28,3
6507,2025-11-29,0
6507,2025-11-30,2
6507,2025-12-01,2
6507,2025-12-02,2
6507,2025-12-03,6
6507,2025-12-04,4
6507,2025-12-05,1
6507,2025-12-06,5
6507,2025-12-07,5
6507,2025-12-08,3
6507,2025-12-09,4
6507,2025-12-10,2
6507,2025-12-11,4
6507,2025-12-12,1
6507,2025-12-13,1
6507,2025-12-14,1
6507,2025-12-15,2
6507,2025-12-16,2
6507,2025-12-17,3
6507,2025-12-18,3
6507,2025-12-19,2
6507,2025-12-20,2
6507,2025-12-21,1
6520,2025-11-22,4251
6520,2025-11-23,3728
6520,2025-11-24,3530
6520,2025-11-25,3852
6520,2025-11-26,3776
6520,2025-11-27,3415
6520,2025-11-28,1797
6520,2025-11-29,1815
6520,2025-11-30,1833
6520,2025-12-01,2532
6520,2025-12-02,2649
6520,2025-12-03,3028
6520,2025-12-04,3911
6520,2025-12-05,2355
6520,2025-12-06,2742
6520,2025-12-07,2911
6520,2025-12-08,2867
6520,2025-12-09,3312
6520,2025-12-10,3139
6520,2025-12-11,4054
6520,2025-12-12,2650
6520,2025-12-13,2509
6520,2025-12-14,2354
6520,2025-12-15,2811
6520,2025-12-16,3340
6520,2025-12-17,4411
6520,2025-12-18,4156
6520,2025-12-19,2837
6520,2025-12-20,2857
6520,2025-12-21,1748
6553,2025-11-22,2
6553,2025-11-23,2
6553,2025-11-24,0
6553,2025-11-25,1
6553,2025-11-26,1
6553,2025-11-27,2
6553,2025-11-28,1
6553,2025-11-29,2
6553,2025-11-30,2
6553,2025-12-01,2
6553,2025-12-02,1
6553,2025-12-03,2
6553,2025-12-04,5
6553,2025-12-05,1
6553,2025-12-06,2
6553,2025-12-07,2
6553,2025-12-08,2
6553,2025-12-09,2
6553,2025-12-10,2
6553,2025-12-11,6
6553,2025-12-12,1
6553,2025-12-13,1
6553,2025-12-14,1
6553,2025-12-15,2
6553,2025-12-16,3
6553,2025-12-17,4
6553,2025-12-18,6
6553,2025-12-19,3
6553,2025-12-20,3
6553,2025-12-21,1
6563,2025-11-22,8
6563,2025-11-23,7
6563,2025-11-24,7
6563,2025-11-25,3
6563,2025-11-26,7
6563,2025-11-27,8
6563,2025-11-28,3
6563,2025-11-29,3
6563,2025-11-30,3
6563,2025-12-01,4
6563,2025-12-02,4
6563,2025-12-03,5
6563,2025-12-04,9
6563,2025-12-05,7
6563,2025-12-06,4
6563,2025-12-07,4
6563,2025-12-08,4
6563,2025-12-09,4
6563,2025-12-10,5
6563,2025-12-11,11
6563,2025-12-12,4
6563,2025-12-13,4
6563,2025-12-14,4
6563,2025-12-15,5
6563,2025-12-16,5
6563,2025-12-17,5
6563,2025-12-18,8
6563,2025-12-19,5
6563,2025-12-20,5
6563,2025-12-21,2
6593,2025-11-22,0
6593,2025-11-23,0
6593,2025-11-24,0
6593,2025-11-25,0
6593,2025-11-26,0
6593,2025-11-27,1
6593,2025-11-28,0
6593,2025-11-29,0
6593,2025-11-30,0
6593,2025-12-01,0
6593,2025-12-02,0
6593,2025-12-03,0
6593,2025-12-04,0
6593,2025-12-05,0
6593,2025-12-06,0
6593,2025-12-07,0
6593,2025-12-08,0
6593,2025-12-09,0
6593,2025-12-10,0
6593,2025-12-11,0
6593,2025-12-12,0
6593,2025-12-13,0
6593,2025-12-14,1
6593,2025-12-15,0
6593,2025-12-16,0
6593,2025-12-17,0
6593,2025-12-18,0
6593,2025-12-19,0
6593,2025-12-20,0
6593,2025-12-21,0
6603,2025-11-22,0
6603,2025-11-23,0
6603,2025-11-24,0
6603,2025-11-25,0
6603,2025-11-26,0
6603,2025-11-27,0
6603,2025-11-28,0
6603,2025-11-29,0
6603,2025-11-30,0
6603,2025-12-01,0
6603,2025-12-02,0
6603,2025-12-03,0
6603,2025-12-04,0
6603,2025-12-05,0
6603,2025-12-06,0
6603,2025-12-07,0
6603,2025-12-08,0
6603,2025-12-09,0
6603,2025-12-10,0
6603,2025-12-11,0
6603,2025-12-12,0
6603,2025-12-13,0
6603,2025-12-14,0
6603,2025-12-15,0
6603,2025-12-16,0
6603,2025-12-17,0
6603,2025-12-18,0
6603,2025-12-19,0
6603,2025-12-20,0
6603,2025-12-21,0
6613,2025-11-22,5
6613,2025-11-23,4
6613,2025-11-24,2
6613,2025-11-25,3
6613,2025-11-26,6
6613,2025-11-27,7
6613,2025-11-28,2
6613,2025-11-29,2
6613,2025-11-30,2
6613,2025-12-01,2
6613,2025-12-02,2
6613,2025-12-03,12
6613,2025-12-04,21
6613,2025-12-05,12
6613,2025-12-06,4
6613,2025-12-07,3
6613,2025-12-08,2
6613,2025-12-09,4
6613,2025-12-10,4
6613,2025-12-11,9
6613,2025-12-12,3
6613,2025-12-13,3
6613,2025-12-14,2
6613,2025-12-15,2
6613,2025-12-16,3
6613,2025-12-17,4
6613,2025-12-18,9
6613,2025-12-19,3
6613,2025-12-20,3
6613,2025-12-21,2
6662,2025-11-22,77
6662,2025-11-23,67
6662,2025-11-24,87
6662,2025-11-25,89
6662,2025-11-26,89
6662,2025-11-27,227
6662,2025-11-28,85
6662,2025-11-29,60
6662,2025-11-30,66
6662,2025-12-01,70
6662,2025-12-02,83
6662,2025-12-03,85
6662,2025-12-04,288
6662,2025-12-05,101
6662,2025-12-06,88
6662,2025-12-07,77
6662,2025-12-08,88
6662,2025-12-09,83
6662,2025-12-10,95
6662,2025-12-11,242
6662,2025-12-12,90
6662,2025-12-13,79
6662,2025-12-14,80
6662,2025-12-15,94
6662,2025-12-16,89
6662,2025-12-17,94
6662,2025-12-18,241
6662,2025-12-19,91
6662,2025-12-20,84
6662,2025-12-21,58
6692,2025-11-22,0
6692,2025-11-23,0
6692,2025-11-24,0
6692,2025-11-25,0
6692,2025-11-26,0
6692,2025-11-27,0
6692,2025-11-28,0
6692,2025-11-29,0
6692,2025-11-30,0
6692,2025-12-01,0
6692,2025-12-02,0
6692,2025-12-03,0
6692,2025-12-04,0
6692,2025-12-05,0
6692,2025-12-06,0
6692,2025-12-07,0
6692,2025-12-08,0
6692,2025-12-09,0
6692,2025-12-10,0
6692,2025-12-11,0
6692,2025-12-12,0
6692,2025-12-13,0
6692,2025-12-14,0
6692,2025-12-15,0
6692,2025-12-16,0
6692,2025-12-17,0
6692,2025-12-18,0
6692,2025-12-19,0
6692,2025-12-20,0
6692,2025-12-21,0
6720,2025-11-22,17
6720,2025-11-23,44
6720,2025-11-24,24
6720,2025-11-25,14
6720,2025-11-26,37
6720,2025-11-27,145
6720,2025-11-28,23
6720,2025-11-29,12
6720,2025-11-30,13
6720,2025-12-01,16
6720,2025-12-02,20
6720,2025-12-03,27
6720,2025-12-04,110
6720,2025-12-05,16
6720,2025-12-06,21
6720,2025-12-07,18
6720,2025-12-08,21
6720,2025-12-09,17
6720,2025-12-10,32
6720,2025-12-11,95
6720,2025-12-12,15
6720,2025-12-13,17
6720,2025-12-14,16
6720,2025-12-15,21
6720,2025-12-16,22
6720,2025-12-17,37
6720,2025-12-18,74
6720,2025-12-19,20
6720,2025-12-20,18
6720,2025-12-21,12
6728,2025-11-22,0
6728,2025-11-23,0
6728,2025-11-24,0
6728,2025-11-25,0
6728,2025-11-26,1
6728,2025-11-27,1
6728,2025-11-28,1
6728,2025-11-29,1
6728,2025-11-30,1
6728,2025-12-01,1
6728,2025-12-02,1
6728,2025-12-03,0
6728,2025-12-04,0
6728,2025-12-05,0
6728,2025-12-06,0
6728,2025-12-07,0
6728,2025-12-08,0
6728,2025-12-09,0
6728,2025-12-10,0
6728,2025-12-11,0
6728,2025-12-12,0
6728,2025-12-13,0
6728,2025-12-14,0
6728,2025-12-15,0
6728,2025-12-16,0
6728,2025-12-17,0
6728,2025-12-18,0
6728,2025-12-19,0
6728,2025-12-20,0
6728,2025-12-21,0
6733,2025-11-22,99
6733,2025-11-23,85
6733,2025-11-24,94
6733,2025-11-25,91
6733,2025-11-26,127
6733,2025-11-27,141
6733,2025-11-28,66
6733,2025-11-29,61
6733,2025-11-30,58
6733,2025-12-01,62
6733,2025-12-02,62
6733,2025-12-03,105
6733,2025-12-04,201
6733,2025-12-05,69
6733,2025-12-06,58
6733,2025-12-07,53
6733,2025-12-08,50
6733,2025-12-09,55
6733,2025-12-10,77
6733,2025-12-11,149
6733,2025-12-12,57
6733,2025-12-13,46
6733,2025-12-14,50
6733,2025-12-15,56
6733,2025-12-16,66
6733,2025-12-17,89
6733,2025-12-18,137
6733,2025-12-19,64
6733,2025-12-20,46
6733,2025-12-21,34
6738,2025-11-22,0
6738,2025-11-23,0
6738,2025-11-24,0
6738,2025-11-25,0
6738,2025-11-26,0
6738,2025-11-27,0
6738,2025-11-28,0
6738,2025-11-29,0
6738,2025-11-30,0
6738,2025-12-01,0
6738,2025-12-02,0
6738,2025-12-03,0
6738,2025-12-04,0
6738,2025-12-05,0
6738,2025-12-06,0
6738,2025-12-07,0
6738,2025-12-08,0
6738,2025-12-09,0
6738,2025-12-10,0
6738,2025-12-11,0
6738,2025-12-12,0
6738,2025-12-13,0
6738,2025-12-14,0
6738,2025-12-15,0
6738,2025-12-16,0
6738,2025-12-17,0
6738,2025-12-18,0
6738,2025-12-19,0
6738,2025-12-20,0
6738,2025-12-21,0
6752,2025-11-22,162
6752,2025-11-23,141
6752,2025-11-24,158
6752,2025-11-25,197
6752,2025-11-26,288
6752,2025-11-27,396
6752,2025-11-28,151
6752,2025-11-29,72
6752,2025-11-30,75
6752,2025-12-01,90
6752,2025-12-02,86
6752,2025-12-03,148
6752,2025-12-04,370
6752,2025-12-05,104
6752,2025-12-06,82
6752,2025-12-07,88
6752,2025-12-08,88
6752,2025-12-09,92
6752,2025-12-10,131
6752,2025-12-11,313
6752,2025-12-12,117
6752,2025-12-13,85
6752,2025-12-14,70
6752,2025-12-15,85
6752,2025-12-16,96
6752,2025-12-17,141
6752,2025-12-18,246
6752,2025-12-19,132
6752,2025-12-20,78
6752,2025-12-21,60
6753,2025-11-22,18
6753,2025-11-23,48
6753,2025-11-24,19
6753,2025-11-25,28
6753,2025-11-26,39
6753,2025-11-27,58
6753,2025-11-28,20
6753,2025-11-29,20
6753,2025-11-30,24
6753,2025-12-01,32
6753,2025-12-02,32
6753,2025-12-03,34
6753,2025-12-04,40
6753,2025-12-05,23
6753,2025-12-06,29
6753,2025-12-07,30
6753,2025-12-08,32
6753,2025-12-09,35
6753,2025-12-10,39
6753,2025-12-11,55
6753,2025-12-12,31
6753,2025-12-13,33
6753,2025-12-14,30
6753,2025-12-15,38
6753,2025-12-16,38
6753,2025-12-17,40
6753,2025-12-18,52
6753,2025-12-19,33
6753,2025-12-20,33
6753,2025-12-21,28
6782,2025-11-22,104
6782,2025-11-23,117
6782,2025-11-24,112
6782,2025-11-25,63
6782,2025-11-26,85
6782,2025-11-27,157
6782,2025-11-28,41
6782,2025-11-29,38
6782,2025-11-30,37
6782,2025-12-01,37
6782,2025-12-02,44
6782,2025-12-03,84
6782,2025-12-04,250
6782,2025-12-05,51
6782,2025-12-06,42
6782,2025-12-07,31
6782,2025-12-08,29
6782,2025-12-09,29
6782,2025-12-10,69
6782,2025-12-11,197
6782,2025-12-12,60
6782,2025-12-13,37
6782,2025-12-14,28
6782,2025-12-15,38
6782,2025-12-16,39
6782,2025-12-17,59
6782,2025-12-18,161
6782,2025-12-19,50
6782,2025-12-20,31
6782,2025-12-21,21
6862,2025-11-22,60
6862,2025-11-23,49
6862,2025-11-24,24
6862,2025-11-25,26
6862,2025-11-26,58
6862,2025-11-27,121
6862,2025-11-28,22
6862,2025-11-29,24
6862,2025-11-30,26
6862,2025-12-01,11
6862,2025-12-02,18
6862,2025-12-03,49
6862,2025-12-04,160
6862,2025-12-05,26
6862,2025-12-06,22
6862,2025-12-07,17
6862,2025-12-08,21
6862,2025-12-09,23
6862,2025-12-10,31
6862,2025-12-11,101
6862,2025-12-12,24
6862,2025-12-13,17
6862,2025-12-14,16
6862,2025-12-15,18
6862,2025-12-16,21
6862,2025-12-17,37
6862,2025-12-18,80
6862,2025-12-19,26
6862,2025-12-20,18
6862,2025-12-21,12
6886,2025-11-22,3077
6886,2025-11-23,3002
6886,2025-11-24,2802
6886,2025-11-25,2465
6886,2025-11-26,3354
6886,2025-11-27,3858
6886,2025-11-28,1533
6886,2025-11-29,1402
6886,2025-11-30,1611
6886,2025-12-01,1876
6886,2025-12-02,1851
6886,2025-12-03,2848
6886,2025-12-04,4459
6886,2025-12-05,1957
6886,2025-12-06,1878
6886,2025-12-07,1624
6886,2025-12-08,1642
6886,2025-12-09,1713
6886,2025-12-10,2476
6886,2025-12-11,4826
6886,2025-12-12,1843
6886,2025-12-13,1535
6886,2025-12-14,1270
6886,2025-12-15,1532
6886,2025-12-16,2002
6886,2025-12-17,2529
6886,2025-12-18,3381
6886,2025-12-19,1708
6886,2025-12-20,1558
6886,2025-12-21,1111
6888,2025-11-22,0
6888,2025-11-23,0
6888,2025-11-24,0
6888,2025-11-25,0
6888,2025-11-26,0
6888,2025-11-27,0
6888,2025-11-28,0
6888,2025-11-29,0
6888,2025-11-30,0
6888,2025-12-01,0
6888,2025-12-02,0
6888,2025-12-03,0
6888,2025-12-04,0
6888,2025-12-05,0
6888,2025-12-06,0
6888,2025-12-07,0
6888,2025-12-08,0
6888,2025-12-09,0
6888,2025-12-10,0
6888,2025-12-11,0
6888,2025-12-12,0
6888,2025-12-13,0
6888,2025-12-14,0
6888,2025-12-15,0
6888,2025-12-16,0
6888,2025-12-17,0
6888,2025-12-18,0
6888,2025-12-19,0
6888,2025-12-20,0
6888,2025-12-21,0
6912,2025-11-22,0
6912,2025-11-23,0
6912,2025-11-24,0
6912,2025-11-25,0
6912,2025-11-26,0
6912,2025-11-27,0
6912,2025-11-28,0
6912,2025-11-29,0
6912,2025-11-30,0
6912,2025-12-01,0
6912,2025-12-02,0
6912,2025-12-03,0
6912,2025-12-04,0
6912,2025-12-05,0
6912,2025-12-06,0
6912,2025-12-07,0
6912,2025-12-08,0
6912,2025-12-09,0
6912,2025-12-10,0
6912,2025-12-11,0
6912,2025-12-12,0
6912,2025-12-13,0
6912,2025-12-14,0
6912,2025-12-15,0
6912,2025-12-16,0
6912,2025-12-17,0
6912,2025-12-18,0
6912,2025-12-19,0
6912,2025-12-20,0
6912,2025-12-21,0
6930,2025-11-22,7
6930,2025-11-23,5
6930,2025-11-24,7
6930,2025-11-25,7
6930,2025-11-26,13
6930,2025-11-27,37
6930,2025-11-28,10
6930,2025-11-29,6
6930,2025-11-30,8
6930,2025-12-01,9
6930,2025-12-02,9
6930,2025-12-03,12
6930,2025-12-04,22
6930,2025-12-05,9
6930,2025-12-06,10
6930,2025-12-07,12
6930,2025-12-08,9
6930,2025-12-09,10
6930,2025-12-10,11
6930,2025-12-11,21
6930,2025-12-12,10
6930,2025-12-13,10
6930,2025-12-14,9
6930,2025-12-15,11
6930,2025-12-16,13
6930,2025-12-17,14
6930,2025-12-18,22
6930,2025-12-19,12
6930,2025-12-20,10
6930,2025-12-21,8
6986,2025-11-22,8
6986,2025-11-23,42
6986,2025-11-24,17
6986,2025-11-25,9
6986,2025-11-26,37
6986,2025-11-27,97
6986,2025-11-28,6
6986,2025-11-29,4
6986,2025-11-30,2
6986,2025-12-01,3
6986,2025-12-02,4
6986,2025-12-03,10
6986,2025-12-04,62
6986,2025-12-05,4
6986,2025-12-06,9
6986,2025-12-07,7
6986,2025-12-08,18
6986,2025-12-09,8
6986,2025-12-10,39
6986,2025-12-11,192
6986,2025-12-12,24
6986,2025-12-13,9
6986,2025-12-14,8
6986,2025-12-15,10
6986,2025-12-16,12
6986,2025-12-17,28
6986,2025-12-18,130
6986,2025-12-19,16
6986,2025-12-20,10
6986,2025-12-21,7
7008,2025-11-22,80
7008,2025-11-23,59
7008,2025-11-24,53
7008,2025-11-25,55
7008,2025-11-26,77
7008,2025-11-27,81
7008,2025-11-28,22
7008,2025-11-29,23
7008,2025-11-30,26
7008,2025-12-01,26
7008,2025-12-02,28
7008,2025-12-03,51
7008,2025-12-04,85
7008,2025-12-05,27
7008,2025-12-06,28
7008,2025-12-07,31
7008,2025-12-08,31
7008,2025-12-09,33
7008,2025-12-10,42
7008,2025-12-11,103
7008,2025-12-12,29
7008,2025-12-13,27
7008,2025-12-14,26
7008,2025-12-15,31
7008,2025-12-16,34
7008,2025-12-17,48
7008,2025-12-18,77
7008,2025-12-19,36
7008,2025-12-20,31
7008,2025-12-21,24
7029,2025-11-22,0
7029,2025-11-23,0
7029,2025-11-24,0
7029,2025-11-25,0
7029,2025-11-26,0
7029,2025-11-27,0
7029,2025-11-28,0
7029,2025-11-29,0
7029,2025-11-30,0
7029,2025-12-01,0
7029,2025-12-02,0
7029,2025-12-03,0
7029,2025-12-04,0
7029,2025-12-05,0
7029,2025-12-06,0
7029,2025-12-07,0
7029,2025-12-08,0
7029,2025-12-09,0
7029,2025-12-10,0
7029,2025-12-11,0
7029,2025-12-12,0
7029,2025-12-13,0
7029,2025-12-14,0
7029,2025-12-15,0
7029,2025-12-16,0
7029,2025-12-17,0
7029,2025-12-18,0
7029,2025-12-19,0
7029,2025-12-20,0
7029,2025-12-21,0
7039,2025-11-22,28
7039,2025-11-23,20
7039,2025-11-24,32
7039,2025-11-25,17
7039,2025-11-26,22
7039,2025-11-27,23
7039,2025-11-28,17
7039,2025-11-29,18
7039,2025-11-30,21
7039,2025-12-01,21
7039,2025-12-02,22
7039,2025-12-03,24
7039,2025-12-04,36
7039,2025-12-05,20
7039,2025-12-06,24
7039,2025-12-07,22
7039,2025-12-08,22
7039,2025-12-09,23
7039,2025-12-10,27
7039,2025-12-11,42
7039,2025-12-12,21
7039,2025-12-13,24
7039,2025-12-14,22
7039,2025-12-15,27
7039,2025-12-16,27
7039,2025-12-17,32
7039,2025-12-18,40
7039,2025-12-19,26
7039,2025-12-20,27
7039,2025-12-21,24
7040,2025-11-22,4
7040,2025-11-23,4
7040,2025-11-24,0
7040,2025-11-25,0
7040,2025-11-26,1
7040,2025-11-27,1
7040,2025-11-28,0
7040,2025-11-29,0
7040,2025-11-30,2
7040,2025-12-01,0
7040,2025-12-02,0
7040,2025-12-03,5
7040,2025-12-04,2
7040,2025-12-05,0
7040,2025-12-06,0
7040,2025-12-07,0
7040,2025-12-08,2
7040,2025-12-09,0
7040,2025-12-10,6
7040,2025-12-11,2
7040,2025-12-12,0
7040,2025-12-13,0
7040,2025-12-14,0
7040,2025-12-15,0
7040,2025-12-16,0
7040,2025-12-17,1
7040,2025-12-18,1
7040,2025-12-19,1
7040,2025-12-20,0
7040,2025-12-21,0
7049,2025-11-22,129
7049,2025-11-23,140
7049,2025-11-24,120
7049,2025-11-25,188
7049,2025-11-26,288
7049,2025-11-27,253
7049,2025-11-28,79
7049,2025-11-29,70
7049,2025-11-30,70
7049,2025-12-01,71
7049,2025-12-02,82
7049,2025-12-03,115
7049,2025-12-04,267
7049,2025-12-05,54
7049,2025-12-06,57
7049,2025-12-07,53
7049,2025-12-08,63
7049,2025-12-09,93
7049,2025-12-10,135
7049,2025-12-11,248
7049,2025-12-12,58
7049,2025-12-13,54
7049,2025-12-14,50
7049,2025-12-15,59
7049,2025-12-16,71
7049,2025-12-17,91
7049,2025-12-18,140
7049,2025-12-19,69
7049,2025-12-20,58
7049,2025-12-21,43
7058,2025-11-22,103
7058,2025-11-23,76
7058,2025-11-24,77
7058,2025-11-25,79
7058,2025-11-26,146
7058,2025-11-27,169
7058,2025-11-28,95
7058,2025-11-29,73
7058,2025-11-30,54
7058,2025-12-01,42
7058,2025-12-02,36
7058,2025-12-03,91
7058,2025-12-04,164
7058,2025-12-05,41
7058,2025-12-06,60
7058,2025-12-07,44
7058,2025-12-08,40
7058,2025-12-09,47
7058,2025-12-10,82
7058,2025-12-11,141
7058,2025-12-12,50
7058,2025-12-13,38
7058,2025-12-14,36
7058,2025-12-15,43
7058,2025-12-16,60
7058,2025-12-17,94
7058,2025-12-18,136
7058,2025-12-19,47
7058,2025-12-20,39
7058,2025-12-21,31
7127,2025-11-22,3777
7127,2025-11-23,3521
7127,2025-11-24,2783
7127,2025-11-25,3144
7127,2025-11-26,4694
7127,2025-11-27,6268
7127,2025-11-28,2744
7127,2025-11-29,1783
7127,2025-11-30,1796
7127,2025-12-01,2023
7127,2025-12-02,2123
7127,2025-12-03,3778
7127,2025-12-04,5683
7127,2025-12-05,2589
7127,2025-12-06,1830
7127,2025-12-07,1670
7127,2025-12-08,1724
7127,2025-12-09,1863
7127,2025-12-10,2948
7127,2025-12-11,5315
7127,2025-12-12,2032
7127,2025-12-13,1670
7127,2025-12-14,1476
7127,2025-12-15,1806
7127,2025-12-16,2076
7127,2025-12-17,3098
7127,2025-12-18,4384
7127,2025-12-19,2194
7127,2025-12-20,1818
7127,2025-12-21,1260
7154,2025-11-22,0
7154,2025-11-23,0
7154,2025-11-24,0
7154,2025-11-25,0
7154,2025-11-26,0
7154,2025-11-27,0
7154,2025-11-28,0
7154,2025-11-29,0
7154,2025-11-30,0
7154,2025-12-01,0
7154,2025-12-02,0
7154,2025-12-03,0
7154,2025-12-04,0
7154,2025-12-05,0
7154,2025-12-06,0
7154,2025-12-07,0
7154,2025-12-08,0
7154,2025-12-09,0
7154,2025-12-10,0
7154,2025-12-11,0
7154,2025-12-12,0
7154,2025-12-13,0
7154,2025-12-14,0
7154,2025-12-15,0
7154,2025-12-16,0
7154,2025-12-17,0
7154,2025-12-18,0
7154,2025-12-19,0
7154,2025-12-20,0
7154,2025-12-21,0
7201,2025-11-22,395
7201,2025-11-23,298
7201,2025-11-24,365
7201,2025-11-25,425
7201,2025-11-26,738
7201,2025-11-27,833
7201,2025-11-28,360
7201,2025-11-29,242
7201,2025-11-30,190
7201,2025-12-01,209
7201,2025-12-02,243
7201,2025-12-03,452
7201,2025-12-04,707
7201,2025-12-05,290
7201,2025-12-06,241
7201,2025-12-07,244
7201,2025-12-08,241
7201,2025-12-09,237
7201,2025-12-10,326
7201,2025-12-11,647
7201,2025-12-12,310
7201,2025-12-13,232
7201,2025-12-14,204
7201,2025-12-15,246
7201,2025-12-16,270
7201,2025-12-17,383
7201,2025-12-18,615
7201,2025-12-19,292
7201,2025-12-20,217
7201,2025-12-21,138
7221,2025-11-22,793
7221,2025-11-23,700
7221,2025-11-24,605
7221,2025-11-25,703
7221,2025-11-26,951
7221,2025-11-27,1272
7221,2025-11-28,529
7221,2025-11-29,436
7221,2025-11-30,460
7221,2025-12-01,445
7221,2025-12-02,443
7221,2025-12-03,811
7221,2025-12-04,1402
7221,2025-12-05,558
7221,2025-12-06,476
7221,2025-12-07,506
7221,2025-12-08,490
7221,2025-12-09,540
7221,2025-12-10,783
7221,2025-12-11,1440
7221,2025-12-12,574
7221,2025-12-13,425
7221,2025-12-14,388
7221,2025-12-15,438
7221,2025-12-16,522
7221,2025-12-17,736
7221,2025-12-18,1194
7221,2025-12-19,579
7221,2025-12-20,452
7221,2025-12-21,323
7222,2025-11-22,230
7222,2025-11-23,170
7222,2025-11-24,233
7222,2025-11-25,173
7222,2025-11-26,270
7222,2025-11-27,612
7222,2025-11-28,266
7222,2025-11-29,127
7222,2025-11-30,161
7222,2025-12-01,217
7222,2025-12-02,217
7222,2025-12-03,224
7222,2025-12-04,1036
7222,2025-12-05,259
7222,2025-12-06,183
7222,2025-12-07,178
7222,2025-12-08,190
7222,2025-12-09,194
7222,2025-12-10,192
7222,2025-12-11,808
7222,2025-12-12,330
7222,2025-12-13,173
7222,2025-12-14,185
7222,2025-12-15,182
7222,2025-12-16,205
7222,2025-12-17,212
7222,2025-12-18,591
7222,2025-12-19,355
7222,2025-12-20,237
7222,2025-12-21,251
7228,2025-11-22,131
7228,2025-11-23,143
7228,2025-11-24,84
7228,2025-11-25,106
7228,2025-11-26,188
7228,2025-11-27,331
7228,2025-11-28,61
7228,2025-11-29,57
7228,2025-11-30,64
7228,2025-12-01,56
7228,2025-12-02,82
7228,2025-12-03,150
7228,2025-12-04,325
7228,2025-12-05,68
7228,2025-12-06,69
7228,2025-12-07,56
7228,2025-12-08,71
7228,2025-12-09,72
7228,2025-12-10,101
7228,2025-12-11,310
7228,2025-12-12,83
7228,2025-12-13,63
7228,2025-12-14,64
7228,2025-12-15,60
7228,2025-12-16,62
7228,2025-12-17,98
7228,2025-12-18,200
7228,2025-12-19,87
7228,2025-12-20,48
7228,2025-12-21,29
7252,2025-11-22,132
7252,2025-11-23,107
7252,2025-11-24,97
7252,2025-11-25,104
7252,2025-11-26,179
7252,2025-11-27,199
7252,2025-11-28,92
7252,2025-11-29,86
7252,2025-11-30,89
7252,2025-12-01,93
7252,2025-12-02,85
7252,2025-12-03,134
7252,2025-12-04,208
7252,2025-12-05,84
7252,2025-12-06,89
7252,2025-12-07,80
7252,2025-12-08,75
7252,2025-12-09,89
7252,2025-12-10,117
7252,2025-12-11,205
7252,2025-12-12,73
7252,2025-12-13,72
7252,2025-12-14,63
7252,2025-12-15,72
7252,2025-12-16,86
7252,2025-12-17,124
7252,2025-12-18,183
7252,2025-12-19,81
7252,2025-12-20,68
7252,2025-12-21,43
7256,2025-11-22,0
7256,2025-11-23,0
7256,2025-11-24,0
7256,2025-11-25,0
7256,2025-11-26,0
7256,2025-11-27,0
7256,2025-11-28,0
7256,2025-11-29,0
7256,2025-11-30,0
7256,2025-12-01,0
7256,2025-12-02,0
7256,2025-12-03,0
7256,2025-12-04,0
7256,2025-12-05,0
7256,2025-12-06,0
7256,2025-12-07,0
7256,2025-12-08,0
7256,2025-12-09,0
7256,2025-12-10,0
7256,2025-12-11,0
7256,2025-12-12,0
7256,2025-12-13,0
7256,2025-12-14,0
7256,2025-12-15,0
7256,2025-12-16,0
7256,2025-12-17,0
7256,2025-12-18,0
7256,2025-12-19,0
7256,2025-12-20,0
7256,2025-12-21,0
7274,2025-11-22,3961
7274,2025-11-23,3803
7274,2025-11-24,2962
7274,2025-11-25,2824
7274,2025-11-26,5505
7274,2025-11-27,8172
7274,2025-11-28,2007
7274,2025-11-29,1493
7274,2025-11-30,1382
7274,2025-12-01,1678
7274,2025-12-02,1517
7274,2025-12-03,3612
7274,2025-12-04,6721
7274,2025-12-05,2208
7274,2025-12-06,1467
7274,2025-12-07,1249
7274,2025-12-08,1419
7274,2025-12-09,1796
7274,2025-12-10,2897
7274,2025-12-11,6478
7274,2025-12-12,2689
7274,2025-12-13,1771
7274,2025-12-14,1394
7274,2025-12-15,1455
7274,2025-12-16,1802
7274,2025-12-17,3458
7274,2025-12-18,4504
7274,2025-12-19,1755
7274,2025-12-20,1821
7274,2025-12-21,810
7278,2025-11-22,44
7278,2025-11-23,50
7278,2025-11-24,35
7278,2025-11-25,26
7278,2025-11-26,39
7278,2025-11-27,91
7278,2025-11-28,26
7278,2025-11-29,21
7278,2025-11-30,23
7278,2025-12-01,20
7278,2025-12-02,16
7278,2025-12-03,35
7278,2025-12-04,79
7278,2025-12-05,21
7278,2025-12-06,24
7278,2025-12-07,23
7278,2025-12-08,24
7278,2025-12-09,26
7278,2025-12-10,29
7278,2025-12-11,78
7278,2025-12-12,19
7278,2025-12-13,18
7278,2025-12-14,17
7278,2025-12-15,20
7278,2025-12-16,24
7278,2025-12-17,36
7278,2025-12-18,64
7278,2025-12-19,23
7278,2025-12-20,21
7278,2025-12-21,16
7280,2025-11-22,0
7280,2025-11-23,4
7280,2025-11-24,0
7280,2025-11-25,1
7280,2025-11-26,2
7280,2025-11-27,5
7280,2025-11-28,2
7280,2025-11-29,1
7280,2025-11-30,1
7280,2025-12-01,1
7280,2025-12-02,1
7280,2025-12-03,2
7280,2025-12-04,29
7280,2025-12-05,2
7280,2025-12-06,2
7280,2025-12-07,2
7280,2025-12-08,2
7280,2025-12-09,2
7280,2025-12-10,2
7280,2025-12-11,12
7280,2025-12-12,2
7280,2025-12-13,1
7280,2025-12-14,1
7280,2025-12-15,2
7280,2025-12-16,2
7280,2025-12-17,3
7280,2025-12-18,9
7280,2025-12-19,2
7280,2025-12-20,2
7280,2025-12-21,1
7285,2025-11-22,3
7285,2025-11-23,12
7285,2025-11-24,8
7285,2025-11-25,2
7285,2025-11-26,7
7285,2025-11-27,12
7285,2025-11-28,2
7285,2025-11-29,2
7285,2025-11-30,2
7285,2025-12-01,2
7285,2025-12-02,2
7285,2025-12-03,19
7285,2025-12-04,45
7285,2025-12-05,3
7285,2025-12-06,4
7285,2025-12-07,4
7285,2025-12-08,3
7285,2025-12-09,3
7285,2025-12-10,6
7285,2025-12-11,19
7285,2025-12-12,4
7285,2025-12-13,4
7285,2025-12-14,3
7285,2025-12-15,4
7285,2025-12-16,4
7285,2025-12-17,7
7285,2025-12-18,26
7285,2025-12-19,4
7285,2025-12-20,4
7285,2025-12-21,3
7339,2025-11-22,31865
7339,2025-11-23,28086
7339,2025-11-24,25810
7339,2025-11-25,26468
7339,2025-11-26,42782
7339,2025-11-27,42563
7339,2025-11-28,15560
7339,2025-11-29,13719
7339,2025-11-30,12634
7339,2025-12-01,13326
7339,2025-12-02,16319
7339,2025-12-03,31968
7339,2025-12-04,37530
7339,2025-12-05,15968
7339,2025-12-06,14147
7339,2025-12-07,11854
7339,2025-12-08,11903
7339,2025-12-09,16231
7339,2025-12-10,26090
7339,2025-12-11,35928
7339,2025-12-12,13916
7339,2025-12-13,11993
7339,2025-12-14,11147
7339,2025-12-15,13069
7339,2025-12-16,15561
7339,2025-12-17,22866
7339,2025-12-18,27272
7339,2025-12-19,12952
7339,2025-12-20,10348
7339,2025-12-21,7059
7366,2025-11-22,4
7366,2025-11-23,3
7366,2025-11-24,3
7366,2025-11-25,9
7366,2025-11-26,9
7366,2025-11-27,10
7366,2025-11-28,4
7366,2025-11-29,4
7366,2025-11-30,2
7366,2025-12-01,2
7366,2025-12-02,2
7366,2025-12-03,4
7366,2025-12-04,9
7366,2025-12-05,3
7366,2025-12-06,3
7366,2025-12-07,3
7366,2025-12-08,2
7366,2025-12-09,3
7366,2025-12-10,4
7366,2025-12-11,8
7366,2025-12-12,2
7366,2025-12-13,2
7366,2025-12-14,7
7366,2025-12-15,8
7366,2025-12-16,9
7366,2025-12-17,10
7366,2025-12-18,6
7366,2025-12-19,3
7366,2025-12-20,2
7366,2025-12-21,1
7399,2025-11-22,1024
7399,2025-11-23,980
7399,2025-11-24,872
7399,2025-11-25,870
7399,2025-11-26,966
7399,2025-11-27,808
7399,2025-11-28,493
7399,2025-11-29,522
7399,2025-11-30,486
7399,2025-12-01,543
7399,2025-12-02,652
7399,2025-12-03,708
7399,2025-12-04,760
7399,2025-12-05,428
7399,2025-12-06,516
7399,2025-12-07,559
7399,2025-12-08,580
7399,2025-12-09,629
7399,2025-12-10,735
7399,2025-12-11,885
7399,2025-12-12,546
7399,2025-12-13,567
7399,2025-12-14,594
7399,2025-12-15,695
7399,2025-12-16,739
7399,2025-12-17,768
7399,2025-12-18,640
7399,2025-12-19,417
7399,2025-12-20,560
7399,2025-12-21,334
7401,2025-11-22,0
7401,2025-11-23,1
7401,2025-11-24,2
7401,2025-11-25,3
7401,2025-11-26,1
7401,2025-11-27,2
7401,2025-11-28,0
7401,2025-11-29,0
7401,2025-11-30,1
7401,2025-12-01,1
7401,2025-12-02,1
7401,2025-12-03,1
7401,2025-12-04,7
7401,2025-12-05,1
7401,2025-12-06,1
7401,2025-12-07,1
7401,2025-12-08,1
7401,2025-12-09,1
7401,2025-12-10,1
7401,2025-12-11,4
7401,2025-12-12,1
7401,2025-12-13,1
7401,2025-12-14,1
7401,2025-12-15,1
7401,2025-12-16,1
7401,2025-12-17,2
7401,2025-12-18,3
7401,2025-12-19,2
7401,2025-12-20,1
7401,2025-12-21,1
7412,2025-11-22,899
7412,2025-11-23,782
7412,2025-11-24,901
7412,2025-11-25,958
7412,2025-11-26,1010
7412,2025-11-27,877
7412,2025-11-28,518
7412,2025-11-29,567
7412,2025-11-30,544
7412,2025-12-01,616
7412,2025-12-02,578
7412,2025-12-03,747
7412,2025-12-04,1077
7412,2025-12-05,588
7412,2025-12-06,542
7412,2025-12-07,505
7412,2025-12-08,461
7412,2025-12-09,462
7412,2025-12-10,522
7412,2025-12-11,823
7412,2025-12-12,383
7412,2025-12-13,330
7412,2025-12-14,276
7412,2025-12-15,284
7412,2025-12-16,253
7412,2025-12-17,313
7412,2025-12-18,447
7412,2025-12-19,256
7412,2025-12-20,202
7412,2025-12-21,144
7416,2025-11-22,8
7416,2025-11-23,36
7416,2025-11-24,12
7416,2025-11-25,15
7416,2025-11-26,22
7416,2025-11-27,108
7416,2025-11-28,10
7416,2025-11-29,9
7416,2025-11-30,14
7416,2025-12-01,14
7416,2025-12-02,15
7416,2025-12-03,23
7416,2025-12-04,148
7416,2025-12-05,12
7416,2025-12-06,12
7416,2025-12-07,11
7416,2025-12-08,11
7416,2025-12-09,12
7416,2025-12-10,21
7416,2025-12-11,96
7416,2025-12-12,14
7416,2025-12-13,13
7416,2025-12-14,11
7416,2025-12-15,19
7416,2025-12-16,19
7416,2025-12-17,28
7416,2025-12-18,92
7416,2025-12-19,18
7416,2025-12-20,14
7416,2025-12-21,7
7432,2025-11-22,0
7432,2025-11-23,0
7432,2025-11-24,0
7432,2025-11-25,0
7432,2025-11-26,0
7432,2025-11-27,0
7432,2025-11-28,0
7432,2025-11-29,0
7432,2025-11-30,0
7432,2025-12-01,0
7432,2025-12-02,0
7432,2025-12-03,0
7432,2025-12-04,2
7432,2025-12-05,0
7432,2025-12-06,0
7432,2025-12-07,2
7432,2025-12-08,0
7432,2025-12-09,0
7432,2025-12-10,0
7432,2025-12-11,0
7432,2025-12-12,0
7432,2025-12-13,0
7432,2025-12-14,0
7432,2025-12-15,0
7432,2025-12-16,2
7432,2025-12-17,0
7432,2025-12-18,3
7432,2025-12-19,0
7432,2025-12-20,0
7432,2025-12-21,0
7458,2025-11-22,0
7458,2025-11-23,0
7458,2025-11-24,3
7458,2025-11-25,0
7458,2025-11-26,0
7458,2025-11-27,0
7458,2025-11-28,0
7458,2025-11-29,0
7458,2025-11-30,0
7458,2025-12-01,0
7458,2025-12-02,0
7458,2025-12-03,0
7458,2025-12-04,0
7458,2025-12-05,0
7458,2025-12-06,0
7458,2025-12-07,0
7458,2025-12-08,0
7458,2025-12-09,0
7458,2025-12-10,0
7458,2025-12-11,1
7458,2025-12-12,0
7458,2025-12-13,0
7458,2025-12-14,0
7458,2025-12-15,0
7458,2025-12-16,0
7458,2025-12-17,0
7458,2025-12-18,3
7458,2025-12-19,0
7458,2025-12-20,0
7458,2025-12-21,0
7515,2025-11-22,0
7515,2025-11-23,0
7515,2025-11-24,0
7515,2025-11-25,0
7515,2025-11-26,0
7515,2025-11-27,0
7515,2025-11-28,0
7515,2025-11-29,0
7515,2025-11-30,0
7515,2025-12-01,0
7515,2025-12-02,0
7515,2025-12-03,0
7515,2025-12-04,0
7515,2025-12-05,0
7515,2025-12-06,0
7515,2025-12-07,0
7515,2025-12-08,0
7515,2025-12-09,0
7515,2025-12-10,0
7515,2025-12-11,0
7515,2025-12-12,0
7515,2025-12-13,0
7515,2025-12-14,0
7515,2025-12-15,0
7515,2025-12-16,0
7515,2025-12-17,0
7515,2025-12-18,0
7515,2025-12-19,0
7515,2025-12-20,0
7515,2025-12-21,0
7562,2025-11-22,690
7562,2025-11-23,530
7562,2025-11-24,510
7562,2025-11-25,602
7562,2025-11-26,890
7562,2025-11-27,912
7562,2025-11-28,396
7562,2025-11-29,354
7562,2025-11-30,308
7562,2025-12-01,300
7562,2025-12-02,312
7562,2025-12-03,474
7562,2025-12-04,1027
7562,2025-12-05,381
7562,2025-12-06,333
7562,2025-12-07,262
7562,2025-12-08,322
7562,2025-12-09,278
7562,2025-12-10,421
7562,2025-12-11,886
7562,2025-12-12,294
7562,2025-12-13,223
7562,2025-12-14,200
7562,2025-12-15,246
7562,2025-12-16,268
7562,2025-12-17,349
7562,2025-12-18,633
7562,2025-12-19,308
7562,2025-12-20,213
7562,2025-12-21,154
7599,2025-11-22,1
7599,2025-11-23,1
7599,2025-11-24,1
7599,2025-11-25,0
7599,2025-11-26,0
7599,2025-11-27,0
7599,2025-11-28,0
7599,2025-11-29,0
7599,2025-11-30,0
7599,2025-12-01,0
7599,2025-12-02,0
7599,2025-12-03,0
7599,2025-12-04,0
7599,2025-12-05,0
7599,2025-12-06,0
7599,2025-12-07,0
7599,2025-12-08,0
7599,2025-12-09,0
7599,2025-12-10,0
7599,2025-12-11,0
7599,2025-12-12,0
7599,2025-12-13,0
7599,2025-12-14,0
7599,2025-12-15,0
7599,2025-12-16,0
7599,2025-12-17,0
7599,2025-12-18,0
7599,2025-12-19,0
7599,2025-12-20,0
7599,2025-12-21,0
7613,2025-11-22,12
7613,2025-11-23,4
7613,2025-11-24,5
7613,2025-11-25,8
7613,2025-11-26,12
7613,2025-11-27,8
7613,2025-11-28,3
7613,2025-11-29,6
7613,2025-11-30,6
7613,2025-12-01,3
7613,2025-12-02,4
7613,2025-12-03,8
7613,2025-12-04,18
7613,2025-12-05,4
7613,2025-12-06,5
7613,2025-12-07,5
7613,2025-12-08,4
7613,2025-12-09,5
7613,2025-12-10,7
7613,2025-12-11,13
7613,2025-12-12,4
7613,2025-12-13,4
7613,2025-12-14,4
7613,2025-12-15,4
7613,2025-12-16,6
7613,2025-12-17,8
7613,2025-12-18,11
7613,2025-12-19,5
7613,2025-12-20,4
7613,2025-12-21,3
7619,2025-11-22,9107
7619,2025-11-23,8265
7619,2025-11-24,7391
7619,2025-11-25,8039
7619,2025-11-26,10626
7619,2025-11-27,12627
7619,2025-11-28,5100
7619,2025-11-29,4946
7619,2025-11-30,5136
7619,2025-12-01,5161
7619,2025-12-02,5532
7619,2025-12-03,8431
7619,2025-12-04,13469
7619,2025-12-05,4792
7619,2025-12-06,5461
7619,2025-12-07,5295
7619,2025-12-08,5074
7619,2025-12-09,5600
7619,2025-12-10,8183
7619,2025-12-11,12547
7619,2025-12-12,6057
7619,2025-12-13,6179
7619,2025-12-14,5918
7619,2025-12-15,6250
7619,2025-12-16,7900
7619,2025-12-17,9989
7619,2025-12-18,11459
7619,2025-12-19,6743
7619,2025-12-20,6631
7619,2025-12-21,5425
7634,2025-11-22,0
7634,2025-11-23,0
7634,2025-11-24,0
7634,2025-11-25,0
7634,2025-11-26,0
7634,2025-11-27,0
7634,2025-11-28,0
7634,2025-11-29,0
7634,2025-11-30,0
7634,2025-12-01,0
7634,2025-12-02,0
7634,2025-12-03,0
7634,2025-12-04,0
7634,2025-12-05,0
7634,2025-12-06,0
7634,2025-12-07,0
7634,2025-12-08,0
7634,2025-12-09,0
7634,2025-12-10,0
7634,2025-12-11,0
7634,2025-12-12,0
7634,2025-12-13,0
7634,2025-12-14,0
7634,2025-12-15,0
7634,2025-12-16,0
7634,2025-12-17,0
7634,2025-12-18,0
7634,2025-12-19,0
7634,2025-12-20,0
7634,2025-12-21,0
7651,2025-11-22,396
7651,2025-11-23,282
7651,2025-11-24,359
7651,2025-11-25,382
7651,2025-11-26,399
7651,2025-11-27,356
7651,2025-11-28,217
7651,2025-11-29,197
7651,2025-11-30,148
7651,2025-12-01,132
7651,2025-12-02,140
7651,2025-12-03,180
7651,2025-12-04,375
7651,2025-12-05,110
7651,2025-12-06,111
7651,2025-12-07,111
7651,2025-12-08,105
7651,2025-12-09,113
7651,2025-12-10,145
7651,2025-12-11,305
7651,2025-12-12,109
7651,2025-12-13,78
7651,2025-12-14,85
7651,2025-12-15,134
7651,2025-12-16,139
7651,2025-12-17,206
7651,2025-12-18,261
7651,2025-12-19,101
7651,2025-12-20,70
7651,2025-12-21,50
7766,2025-11-22,162
7766,2025-11-23,143
7766,2025-11-24,135
7766,2025-11-25,178
7766,2025-11-26,180
7766,2025-11-27,255
7766,2025-11-28,127
7766,2025-11-29,128
7766,2025-11-30,118
7766,2025-12-01,115
7766,2025-12-02,131
7766,2025-12-03,111
7766,2025-12-04,225
7766,2025-12-05,109
7766,2025-12-06,87
7766,2025-12-07,84
7766,2025-12-08,84
7766,2025-12-09,86
7766,2025-12-10,101
7766,2025-12-11,182
7766,2025-12-12,91
7766,2025-12-13,71
7766,2025-12-14,67
7766,2025-12-15,81
7766,2025-12-16,100
7766,2025-12-17,106
7766,2025-12-18,272
7766,2025-12-19,172
7766,2025-12-20,96
7766,2025-12-21,82
7810,2025-11-22,7347
7810,2025-11-23,6540
7810,2025-11-24,5571
7810,2025-11-25,6461
7810,2025-11-26,10078
7810,2025-11-27,11960
7810,2025-11-28,4167
7810,2025-11-29,3387
7810,2025-11-30,3796
7810,2025-12-01,3634
7810,2025-12-02,4180
7810,2025-12-03,6980
7810,2025-12-04,10509
7810,2025-12-05,4206
7810,2025-12-06,3785
7810,2025-12-07,3533
7810,2025-12-08,3341
7810,2025-12-09,3610
7810,2025-12-10,5949
7810,2025-12-11,10250
7810,2025-12-12,4077
7810,2025-12-13,3349
7810,2025-12-14,3160
7810,2025-12-15,3230
7810,2025-12-16,4438
7810,2025-12-17,6242
7810,2025-12-18,8516
7810,2025-12-19,4005
7810,2025-12-20,3196
7810,2025-12-21,2145
7888,2025-11-22,0
7888,2025-11-23,0
7888,2025-11-24,0
7888,2025-11-25,0
7888,2025-11-26,0
7888,2025-11-27,0
7888,2025-11-28,0
7888,2025-11-29,0
7888,2025-11-30,0
7888,2025-12-01,0
7888,2025-12-02,0
7888,2025-12-03,0
7888,2025-12-04,0
7888,2025-12-05,0
7888,2025-12-06,0
7888,2025-12-07,0
7888,2025-12-08,0
7888,2025-12-09,0
7888,2025-12-10,0
7888,2025-12-11,0
7888,2025-12-12,0
7888,2025-12-13,0
7888,2025-12-14,0
7888,2025-12-15,0
7888,2025-12-16,0
7888,2025-12-17,0
7888,2025-12-18,0
7888,2025-12-19,0
7888,2025-12-20,0
7888,2025-12-21,0
7896,2025-11-22,17
7896,2025-11-23,24
7896,2025-11-24,22
7896,2025-11-25,34
7896,2025-11-26,31
7896,2025-11-27,118
7896,2025-11-28,21
7896,2025-11-29,17
7896,2025-11-30,20
7896,2025-12-01,20
7896,2025-12-02,21
7896,2025-12-03,25
7896,2025-12-04,117
7896,2025-12-05,24
7896,2025-12-06,29
7896,2025-12-07,29
7896,2025-12-08,21
7896,2025-12-09,22
7896,2025-12-10,26
7896,2025-12-11,102
7896,2025-12-12,31
7896,2025-12-13,23
7896,2025-12-14,22
7896,2025-12-15,27
7896,2025-12-16,27
7896,2025-12-17,30
7896,2025-12-18,98
7896,2025-12-19,30
7896,2025-12-20,21
7896,2025-12-21,20
7963,2025-11-22,7
7963,2025-11-23,4
7963,2025-11-24,5
7963,2025-11-25,3
7963,2025-11-26,5
7963,2025-11-27,7
7963,2025-11-28,4
7963,2025-11-29,4
7963,2025-11-30,5
7963,2025-12-01,5
7963,2025-12-02,5
7963,2025-12-03,6
7963,2025-12-04,9
7963,2025-12-05,5
7963,2025-12-06,6
7963,2025-12-07,5
7963,2025-12-08,7
7963,2025-12-09,5
7963,2025-12-10,3
7963,2025-12-11,4
7963,2025-12-12,3
7963,2025-12-13,3
7963,2025-12-14,3
7963,2025-12-15,3
7963,2025-12-16,4
7963,2025-12-17,4
7963,2025-12-18,5
7963,2025-12-19,4
7963,2025-12-20,5
7963,2025-12-21,4
7992,2025-11-22,1
7992,2025-11-23,1
7992,2025-11-24,1
7992,2025-11-25,2
7992,2025-11-26,2
7992,2025-11-27,2
7992,2025-11-28,1
7992,2025-11-29,2
7992,2025-11-30,2
7992,2025-12-01,3
7992,2025-12-02,2
7992,2025-12-03,2
7992,2025-12-04,3
7992,2025-12-05,2
7992,2025-12-06,2
7992,2025-12-07,2
7992,2025-12-08,2
7992,2025-12-09,2
7992,2025-12-10,2
7992,2025-12-11,4
7992,2025-12-12,2
7992,2025-12-13,2
7992,2025-12-14,2
7992,2025-12-15,3
7992,2025-12-16,3
7992,2025-12-17,3
7992,2025-12-18,3
7992,2025-12-19,3
7992,2025-12-20,3
7992,2025-12-21,1
8008,2025-11-22,0
8008,2025-11-23,0
8008,2025-11-24,0
8008,2025-11-25,0
8008,2025-11-26,0
8008,2025-11-27,0
8008,2025-11-28,0
8008,2025-11-29,0
8008,2025-11-30,0
8008,2025-12-01,0
8008,2025-12-02,0
8008,2025-12-03,0
8008,2025-12-04,0
8008,2025-12-05,0
8008,2025-12-06,0
8008,2025-12-07,0
8008,2025-12-08,0
8008,2025-12-09,0
8008,2025-12-10,0
8008,2025-12-11,0
8008,2025-12-12,0
8008,2025-12-13,0
8008,2025-12-14,0
8008,2025-12-15,0
8008,2025-12-16,0
8008,2025-12-17,0
8008,2025-12-18,0
8008,2025-12-19,0
8008,2025-12-20,0
8008,2025-12-21,0
8043,2025-11-22,397
8043,2025-11-23,348
8043,2025-11-24,286
8043,2025-11-25,276
8043,2025-11-26,449
8043,2025-11-27,511
8043,2025-11-28,221
8043,2025-11-29,185
8043,2025-11-30,215
8043,2025-12-01,220
8043,2025-12-02,204
8043,2025-12-03,340
8043,2025-12-04,564
8043,2025-12-05,207
8043,2025-12-06,202
8043,2025-12-07,195
8043,2025-12-08,196
8043,2025-12-09,204
8043,2025-12-10,294
8043,2025-12-11,567
8043,2025-12-12,236
8043,2025-12-13,198
8043,2025-12-14,176
8043,2025-12-15,208
8043,2025-12-16,220
8043,2025-12-17,300
8043,2025-12-18,380
8043,2025-12-19,229
8043,2025-12-20,174
8043,2025-12-21,124
8122,2025-11-22,5
8122,2025-11-23,7
8122,2025-11-24,7
8122,2025-11-25,7
8122,2025-11-26,5
8122,2025-11-27,5
8122,2025-11-28,1
8122,2025-11-29,1
8122,2025-11-30,2
8122,2025-12-01,3
8122,2025-12-02,4
8122,2025-12-03,5
8122,2025-12-04,9
8122,2025-12-05,2
8122,2025-12-06,3
8122,2025-12-07,3
8122,2025-12-08,2
8122,2025-12-09,3
8122,2025-12-10,4
8122,2025-12-11,7
8122,2025-12-12,2
8122,2025-12-13,2
8122,2025-12-14,2
8122,2025-12-15,6
8122,2025-12-16,3
8122,2025-12-17,4
8122,2025-12-18,6
8122,2025-12-19,3
8122,2025-12-20,3
8122,2025-12-21,2
8139,2025-11-22,47
8139,2025-11-23,19
8139,2025-11-24,34
8139,2025-11-25,40
8139,2025-11-26,33
8139,2025-11-27,37
8139,2025-11-28,14
8139,2025-11-29,10
8139,2025-11-30,12
8139,2025-12-01,12
8139,2025-12-02,15
8139,2025-12-03,24
8139,2025-12-04,39
8139,2025-12-05,10
8139,2025-12-06,11
8139,2025-12-07,10
8139,2025-12-08,10
8139,2025-12-09,12
8139,2025-12-10,18
8139,2025-12-11,34
8139,2025-12-12,14
8139,2025-12-13,10
8139,2025-12-14,11
8139,2025-12-15,13
8139,2025-12-16,14
8139,2025-12-17,21
8139,2025-12-18,27
8139,2025-12-19,16
8139,2025-12-20,11
8139,2025-12-21,9
8143,2025-11-22,0
8143,2025-11-23,0
8143,2025-11-24,0
8143,2025-11-25,0
8143,2025-11-26,0
8143,2025-11-27,0
8143,2025-11-28,0
8143,2025-11-29,0
8143,2025-11-30,0
8143,2025-12-01,0
8143,2025-12-02,0
8143,2025-12-03,0
8143,2025-12-04,0
8143,2025-12-05,0
8143,2025-12-06,0
8143,2025-12-07,0
8143,2025-12-08,0
8143,2025-12-09,0
8143,2025-12-10,0
8143,2025-12-11,0
8143,2025-12-12,0
8143,2025-12-13,0
8143,2025-12-14,0
8143,2025-12-15,0
8143,2025-12-16,0
8143,2025-12-17,0
8143,2025-12-18,0
8143,2025-12-19,0
8143,2025-12-20,0
8143,2025-12-21,0
8216,2025-11-22,8
8216,2025-11-23,14
8216,2025-11-24,23
8216,2025-11-25,17
8216,2025-11-26,17
8216,2025-11-27,27
8216,2025-11-28,18
8216,2025-11-29,17
8216,2025-11-30,10
8216,2025-12-01,9
8216,2025-12-02,11
8216,2025-12-03,16
8216,2025-12-04,42
8216,2025-12-05,13
8216,2025-12-06,15
8216,2025-12-07,11
8216,2025-12-08,10
8216,2025-12-09,12
8216,2025-12-10,18
8216,2025-12-11,36
8216,2025-12-12,12
8216,2025-12-13,11
8216,2025-12-14,10
8216,2025-12-15,12
8216,2025-12-16,12
8216,2025-12-17,21
8216,2025-12-18,28
8216,2025-12-19,12
8216,2025-12-20,10
8216,2025-12-21,11
8234,2025-11-22,0
8234,2025-11-23,0
8234,2025-11-24,1
8234,2025-11-25,0
8234,2025-11-26,0
8234,2025-11-27,0
8234,2025-11-28,0
8234,2025-11-29,0
8234,2025-11-30,0
8234,2025-12-01,0
8234,2025-12-02,0
8234,2025-12-03,0
8234,2025-12-04,0
8234,2025-12-05,0
8234,2025-12-06,0
8234,2025-12-07,0
8234,2025-12-08,0
8234,2025-12-09,0
8234,2025-12-10,0
8234,2025-12-11,0
8234,2025-12-12,0
8234,2025-12-13,0
8234,2025-12-14,0
8234,2025-12-15,0
8234,2025-12-16,0
8234,2025-12-17,0
8234,2025-12-18,0
8234,2025-12-19,0
8234,2025-12-20,0
8234,2025-12-21,0
8270,2025-11-22,3
8270,2025-11-23,13
8270,2025-11-24,11
8270,2025-11-25,6
8270,2025-11-26,9
8270,2025-11-27,36
8270,2025-11-28,14
8270,2025-11-29,7
8270,2025-11-30,7
8270,2025-12-01,9
8270,2025-12-02,10
8270,2025-12-03,11
8270,2025-12-04,25
8270,2025-12-05,15
8270,2025-12-06,14
8270,2025-12-07,13
8270,2025-12-08,12
8270,2025-12-09,12
8270,2025-12-10,16
8270,2025-12-11,47
8270,2025-12-12,21
8270,2025-12-13,12
8270,2025-12-14,10
8270,2025-12-15,15
8270,2025-12-16,15
8270,2025-12-17,17
8270,2025-12-18,46
8270,2025-12-19,20
8270,2025-12-20,17
8270,2025-12-21,10
8271,2025-11-22,133
8271,2025-11-23,122
8271,2025-11-24,140
8271,2025-11-25,160
8271,2025-11-26,223
8271,2025-11-27,255
8271,2025-11-28,78
8271,2025-11-29,74
8271,2025-11-30,63
8271,2025-12-01,57
8271,2025-12-02,75
8271,2025-12-03,124
8271,2025-12-04,206
8271,2025-12-05,83
8271,2025-12-06,80
8271,2025-12-07,62
8271,2025-12-08,66
8271,2025-12-09,90
8271,2025-12-10,138
8271,2025-12-11,278
8271,2025-12-12,77
8271,2025-12-13,55
8271,2025-12-14,46
8271,2025-12-15,68
8271,2025-12-16,79
8271,2025-12-17,121
8271,2025-12-18,158
8271,2025-12-19,86
8271,2025-12-20,53
8271,2025-12-21,36
8304,2025-11-22,199
8304,2025-11-23,356
8304,2025-11-24,198
8304,2025-11-25,178
8304,2025-11-26,254
8304,2025-11-27,607
8304,2025-11-28,233
8304,2025-11-29,96
8304,2025-11-30,101
8304,2025-12-01,114
8304,2025-12-02,129
8304,2025-12-03,224
8304,2025-12-04,621
8304,2025-12-05,245
8304,2025-12-06,123
8304,2025-12-07,131
8304,2025-12-08,121
8304,2025-12-09,145
8304,2025-12-10,286
8304,2025-12-11,1301
8304,2025-12-12,233
8304,2025-12-13,147
8304,2025-12-14,154
8304,2025-12-15,189
8304,2025-12-16,210
8304,2025-12-17,344
8304,2025-12-18,714
8304,2025-12-19,301
8304,2025-12-20,164
8304,2025-12-21,125
8375,2025-11-22,391
8375,2025-11-23,311
8375,2025-11-24,223
8375,2025-11-25,202
8375,2025-11-26,280
8375,2025-11-27,293
8375,2025-11-28,96
8375,2025-11-29,128
8375,2025-11-30,144
8375,2025-12-01,167
8375,2025-12-02,191
8375,2025-12-03,210
8375,2025-12-04,470
8375,2025-12-05,116
8375,2025-12-06,182
8375,2025-12-07,172
8375,2025-12-08,163
8375,2025-12-09,185
8375,2025-12-10,266
8375,2025-12-11,649
8375,2025-12-12,211
8375,2025-12-13,126
8375,2025-12-14,111
8375,2025-12-15,143
8375,2025-12-16,191
8375,2025-12-17,302
8375,2025-12-18,449
8375,2025-12-19,212
8375,2025-12-20,134
8375,2025-12-21,91
8377,2025-11-22,0
8377,2025-11-23,0
8377,2025-11-24,0
8377,2025-11-25,0
8377,2025-11-26,0
8377,2025-11-27,0
8377,2025-11-28,0
8377,2025-11-29,0
8377,2025-11-30,0
8377,2025-12-01,0
8377,2025-12-02,0
8377,2025-12-03,0
8377,2025-12-04,0
8377,2025-12-05,0
8377,2025-12-06,0
8377,2025-12-07,0
8377,2025-12-08,0
8377,2025-12-09,0
8377,2025-12-10,0
8377,2025-12-11,0
8377,2025-12-12,0
8377,2025-12-13,0
8377,2025-12-14,0
8377,2025-12-15,0
8377,2025-12-16,0
8377,2025-12-17,0
8377,2025-12-18,0
8377,2025-12-19,0
8377,2025-12-20,0
8377,2025-12-21,0
8428,2025-11-22,0
8428,2025-11-23,5
8428,2025-11-24,1
8428,2025-11-25,2
8428,2025-11-26,3
8428,2025-11-27,4
8428,2025-11-28,2
8428,2025-11-29,1
8428,2025-11-30,2
8428,2025-12-01,5
8428,2025-12-02,2
8428,2025-12-03,2
8428,2025-12-04,6
8428,2025-12-05,3
8428,2025-12-06,3
8428,2025-12-07,2
8428,2025-12-08,2
8428,2025-12-09,2
8428,2025-12-10,3
8428,2025-12-11,6
8428,2025-12-12,3
8428,2025-12-13,2
8428,2025-12-14,2
8428,2025-12-15,3
8428,2025-12-16,3
8428,2025-12-17,3
8428,2025-12-18,6
8428,2025-12-19,3
8428,2025-12-20,3
8428,2025-12-21,2
8445,2025-11-22,47
8445,2025-11-23,59
8445,2025-11-24,60
8445,2025-11-25,57
8445,2025-11-26,63
8445,2025-11-27,123
8445,2025-11-28,32
8445,2025-11-29,27
8445,2025-11-30,33
8445,2025-12-01,37
8445,2025-12-02,46
8445,2025-12-03,43
8445,2025-12-04,108
8445,2025-12-05,71
8445,2025-12-06,40
8445,2025-12-07,36
8445,2025-12-08,36
8445,2025-12-09,38
8445,2025-12-10,81
8445,2025-12-11,173
8445,2025-12-12,34
8445,2025-12-13,33
8445,2025-12-14,49
8445,2025-12-15,41
8445,2025-12-16,49
8445,2025-12-17,81
8445,2025-12-18,69
8445,2025-12-19,38
8445,2025-12-20,42
8445,2025-12-21,46
8503,2025-11-22,0
8503,2025-11-23,0
8503,2025-11-24,0
8503,2025-11-25,0
8503,2025-11-26,0
8503,2025-11-27,0
8503,2025-11-28,0
8503,2025-11-29,0
8503,2025-11-30,0
8503,2025-12-01,0
8503,2025-12-02,0
8503,2025-12-03,0
8503,2025-12-04,0
8503,2025-12-05,0
8503,2025-12-06,0
8503,2025-12-07,0
8503,2025-12-08,0
8503,2025-12-09,0
8503,2025-12-10,0
8503,2025-12-11,0
8503,2025-12-12,0
8503,2025-12-13,0
8503,2025-12-14,0
8503,2025-12-15,0
8503,2025-12-16,0
8503,2025-12-17,0
8503,2025-12-18,0
8503,2025-12-19,0
8503,2025-12-20,0
8503,2025-12-21,0
8504,2025-11-22,0
8504,2025-11-23,0
8504,2025-11-24,0
8504,2025-11-25,0
8504,2025-11-26,0
8504,2025-11-27,0
8504,2025-11-28,0
8504,2025-11-29,0
8504,2025-11-30,0
8504,2025-12-01,0
8504,2025-12-02,0
8504,2025-12-03,0
8504,2025-12-04,0
8504,2025-12-05,0
8504,2025-12-06,0
8504,2025-12-07,0
8504,2025-12-08,0
8504,2025-12-09,0
8504,2025-12-10,0
8504,2025-12-11,0
8504,2025-12-12,0
8504,2025-12-13,0
8504,2025-12-14,0
8504,2025-12-15,0
8504,2025-12-16,0
8504,2025-12-17,0
8504,2025-12-18,0
8504,2025-12-19,0
8504,2025-12-20,0
8504,2025-12-21,0
8545,2025-11-22,2962
8545,2025-11-23,2962
8545,2025-11-24,3103
8545,2025-11-25,3285
8545,2025-11-26,4967
8545,2025-11-27,5884
8545,2025-11-28,2542
8545,2025-11-29,1972
8545,2025-11-30,1951
8545,2025-12-01,2146
8545,2025-12-02,2312
8545,2025-12-03,3466
8545,2025-12-04,5078
8545,2025-12-05,2610
8545,2025-12-06,2146
8545,2025-12-07,1768
8545,2025-12-08,2056
8545,2025-12-09,2182
8545,2025-12-10,2946
8545,2025-12-11,5943
8545,2025-12-12,2510
8545,2025-12-13,1946
8545,2025-12-14,1490
8545,2025-12-15,1539
8545,2025-12-16,1914
8545,2025-12-17,2631
8545,2025-12-18,3800
8545,2025-12-19,2041
8545,2025-12-20,1569
8545,2025-12-21,1097
8592,2025-11-22,0
8592,2025-11-23,0
8592,2025-11-24,0
8592,2025-11-25,0
8592,2025-11-26,0
8592,2025-11-27,0
8592,2025-11-28,0
8592,2025-11-29,0
8592,2025-11-30,0
8592,2025-12-01,0
8592,2025-12-02,0
8592,2025-12-03,0
8592,2025-12-04,0
8592,2025-12-05,0
8592,2025-12-06,0
8592,2025-12-07,0
8592,2025-12-08,0
8592,2025-12-09,0
8592,2025-12-10,0
8592,2025-12-11,0
8592,2025-12-12,0
8592,2025-12-13,0
8592,2025-12-14,0
8592,2025-12-15,0
8592,2025-12-16,0
8592,2025-12-17,0
8592,2025-12-18,0
8592,2025-12-19,0
8592,2025-12-20,0
8592,2025-12-21,0
8593,2025-11-22,0
8593,2025-11-23,0
8593,2025-11-24,0
8593,2025-11-25,0
8593,2025-11-26,0
8593,2025-11-27,0
8593,2025-11-28,0
8593,2025-11-29,0
8593,2025-11-30,0
8593,2025-12-01,0
8593,2025-12-02,0
8593,2025-12-03,0
8593,2025-12-04,0
8593,2025-12-05,0
8593,2025-12-06,0
8593,2025-12-07,0
8593,2025-12-08,0
8593,2025-12-09,0
8593,2025-12-10,0
8593,2025-12-11,0
8593,2025-12-12,0
8593,2025-12-13,0
8593,2025-12-14,0
8593,2025-12-15,0
8593,2025-12-16,0
8593,2025-12-17,0
8593,2025-12-18,0
8593,2025-12-19,0
8593,2025-12-20,0
8593,2025-12-21,0
8619,2025-11-22,0
8619,2025-11-23,0
8619,2025-11-24,1
8619,2025-11-25,1
8619,2025-11-26,1
8619,2025-11-27,2
8619,2025-11-28,3
8619,2025-11-29,0
8619,2025-11-30,1
8619,2025-12-01,1
8619,2025-12-02,1
8619,2025-12-03,1
8619,2025-12-04,3
8619,2025-12-05,1
8619,2025-12-06,1
8619,2025-12-07,1
8619,2025-12-08,1
8619,2025-12-09,3
8619,2025-12-10,3
8619,2025-12-11,6
8619,2025-12-12,1
8619,2025-12-13,1
8619,2025-12-14,1
8619,2025-12-15,2
8619,2025-12-16,2
8619,2025-12-17,2
8619,2025-12-18,3
8619,2025-12-19,1
8619,2025-12-20,2
8619,2025-12-21,1
8628,2025-11-22,8
8628,2025-11-23,1
8628,2025-11-24,1
8628,2025-11-25,1
8628,2025-11-26,2
8628,2025-11-27,10
8628,2025-11-28,1
8628,2025-11-29,1
8628,2025-11-30,2
8628,2025-12-01,2
8628,2025-12-02,2
8628,2025-12-03,5
8628,2025-12-04,27
8628,2025-12-05,9
8628,2025-12-06,8
8628,2025-12-07,8
8628,2025-12-08,8
8628,2025-12-09,8
8628,2025-12-10,12
8628,2025-12-11,36
8628,2025-12-12,10
8628,2025-12-13,11
8628,2025-12-14,10
8628,2025-12-15,12
8628,2025-12-16,12
8628,2025-12-17,19
8628,2025-12-18,30
8628,2025-12-19,12
8628,2025-12-20,11
8628,2025-12-21,6
8656,2025-11-22,0
8656,2025-11-23,0
8656,2025-11-24,0
8656,2025-11-25,0
8656,2025-11-26,0
8656,2025-11-27,0
8656,2025-11-28,0
8656,2025-11-29,0
8656,2025-11-30,0
8656,2025-12-01,0
8656,2025-12-02,0
8656,2025-12-03,0
8656,2025-12-04,0
8656,2025-12-05,0
8656,2025-12-06,0
8656,2025-12-07,0
8656,2025-12-08,0
8656,2025-12-09,0
8656,2025-12-10,0
8656,2025-12-11,0
8656,2025-12-12,0
8656,2025-12-13,0
8656,2025-12-14,0
8656,2025-12-15,0
8656,2025-12-16,0
8656,2025-12-17,0
8656,2025-12-18,0
8656,2025-12-19,0
8656,2025-12-20,0
8656,2025-12-21,0
8682,2025-11-22,0
8682,2025-11-23,0
8682,2025-11-24,0
8682,2025-11-25,0
8682,2025-11-26,0
8682,2025-11-27,0
8682,2025-11-28,0
8682,2025-11-29,0
8682,2025-11-30,0
8682,2025-12-01,0
8682,2025-12-02,0
8682,2025-12-03,0
8682,2025-12-04,0
8682,2025-12-05,0
8682,2025-12-06,0
8682,2025-12-07,0
8682,2025-12-08,0
8682,2025-12-09,0
8682,2025-12-10,0
8682,2025-12-11,0
8682,2025-12-12,0
8682,2025-12-13,0
8682,2025-12-14,0
8682,2025-12-15,0
8682,2025-12-16,0
8682,2025-12-17,0
8682,2025-12-18,0
8682,2025-12-19,0
8682,2025-12-20,0
8682,2025-12-21,0
8695,2025-11-22,37
8695,2025-11-23,72
8695,2025-11-24,62
8695,2025-11-25,62
8695,2025-11-26,97
8695,2025-11-27,132
8695,2025-11-28,18
8695,2025-11-29,17
8695,2025-11-30,25
8695,2025-12-01,26
8695,2025-12-02,32
8695,2025-12-03,51
8695,2025-12-04,153
8695,2025-12-05,33
8695,2025-12-06,37
8695,2025-12-07,32
8695,2025-12-08,31
8695,2025-12-09,36
8695,2025-12-10,52
8695,2025-12-11,135
8695,2025-12-12,30
8695,2025-12-13,29
8695,2025-12-14,32
8695,2025-12-15,34
8695,2025-12-16,40
8695,2025-12-17,59
8695,2025-12-18,122
8695,2025-12-19,40
8695,2025-12-20,34
8695,2025-12-21,21
8699,2025-11-22,0
8699,2025-11-23,0
8699,2025-11-24,0
8699,2025-11-25,0
8699,2025-11-26,0
8699,2025-11-27,0
8699,2025-11-28,0
8699,2025-11-29,0
8699,2025-11-30,0
8699,2025-12-01,0
8699,2025-12-02,0
8699,2025-12-03,0
8699,2025-12-04,0
8699,2025-12-05,0
8699,2025-12-06,0
8699,2025-12-07,0
8699,2025-12-08,0
8699,2025-12-09,0
8699,2025-12-10,0
8699,2025-12-11,0
8699,2025-12-12,0
8699,2025-12-13,0
8699,2025-12-14,0
8699,2025-12-15,0
8699,2025-12-16,0
8699,2025-12-17,0
8699,2025-12-18,0
8699,2025-12-19,0
8699,2025-12-20,0
8699,2025-12-21,0
8715,2025-11-22,2776
8715,2025-11-23,2776
8715,2025-11-24,2633
8715,2025-11-25,2747
8715,2025-11-26,2979
8715,2025-11-27,2627
8715,2025-11-28,1452
8715,2025-11-29,1353
8715,2025-11-30,1504
8715,2025-12-01,1843
8715,2025-12-02,1894
8715,2025-12-03,2018
8715,2025-12-04,2247
8715,2025-12-05,1513
8715,2025-12-06,1612
8715,2025-12-07,1759
8715,2025-12-08,1756
8715,2025-12-09,2101
8715,2025-12-10,2337
8715,2025-12-11,2878
8715,2025-12-12,1799
8715,2025-12-13,2262
8715,2025-12-14,1945
8715,2025-12-15,2492
8715,2025-12-16,2748
8715,2025-12-17,3272
8715,2025-12-18,2821
8715,2025-12-19,1960
8715,2025-12-20,2101
8715,2025-12-21,1463
8728,2025-11-22,0
8728,2025-11-23,0
8728,2025-11-24,0
8728,2025-11-25,0
8728,2025-11-26,0
8728,2025-11-27,0
8728,2025-11-28,0
8728,2025-11-29,0
8728,2025-11-30,0
8728,2025-12-01,0
8728,2025-12-02,0
8728,2025-12-03,0
8728,2025-12-04,0
8728,2025-12-05,0
8728,2025-12-06,0
8728,2025-12-07,0
8728,2025-12-08,0
8728,2025-12-09,0
8728,2025-12-10,0
8728,2025-12-11,0
8728,2025-12-12,0
8728,2025-12-13,0
8728,2025-12-14,0
8728,2025-12-15,0
8728,2025-12-16,0
8728,2025-12-17,0
8728,2025-12-18,0
8728,2025-12-19,0
8728,2025-12-20,0
8728,2025-12-21,0
8738,2025-11-22,9
8738,2025-11-23,9
8738,2025-11-24,18
8738,2025-11-25,15
8738,2025-11-26,14
8738,2025-11-27,33
8738,2025-11-28,13
8738,2025-11-29,8
8738,2025-11-30,9
8738,2025-12-01,14
8738,2025-12-02,15
8738,2025-12-03,13
8738,2025-12-04,49
8738,2025-12-05,16
8738,2025-12-06,14
8738,2025-12-07,10
8738,2025-12-08,11
8738,2025-12-09,12
8738,2025-12-10,16
8738,2025-12-11,32
8738,2025-12-12,12
8738,2025-12-13,10
8738,2025-12-14,12
8738,2025-12-15,15
8738,2025-12-16,17
8738,2025-12-17,19
8738,2025-12-18,48
8738,2025-12-19,24
8738,2025-12-20,13
8738,2025-12-21,9
8789,2025-11-22,0
8789,2025-11-23,0
8789,2025-11-24,0
8789,2025-11-25,1
8789,2025-11-26,1
8789,2025-11-27,1
8789,2025-11-28,1
8789,2025-11-29,1
8789,2025-11-30,1
8789,2025-12-01,1
8789,2025-12-02,1
8789,2025-12-03,1
8789,2025-12-04,2
8789,2025-12-05,1
8789,2025-12-06,2
8789,2025-12-07,2
8789,2025-12-08,2
8789,2025-12-09,2
8789,2025-12-10,2
8789,2025-12-11,3
8789,2025-12-12,2
8789,2025-12-13,2
8789,2025-12-14,1
8789,2025-12-15,2
8789,2025-12-16,2
8789,2025-12-17,2
8789,2025-12-18,2
8789,2025-12-19,2
8789,2025-12-20,2
8789,2025-12-21,1
8837,2025-11-22,186
8837,2025-11-23,141
8837,2025-11-24,127
8837,2025-11-25,140
8837,2025-11-26,135
8837,2025-11-27,229
8837,2025-11-28,57
8837,2025-11-29,63
8837,2025-11-30,69
8837,2025-12-01,75
8837,2025-12-02,78
8837,2025-12-03,92
8837,2025-12-04,171
8837,2025-12-05,68
8837,2025-12-06,56
8837,2025-12-07,47
8837,2025-12-08,48
8837,2025-12-09,55
8837,2025-12-10,61
8837,2025-12-11,117
8837,2025-12-12,47
8837,2025-12-13,46
8837,2025-12-14,57
8837,2025-12-15,60
8837,2025-12-16,62
8837,2025-12-17,62
8837,2025-12-18,106
8837,2025-12-19,49
8837,2025-12-20,40
8837,2025-12-21,31
8838,2025-11-22,435
8838,2025-11-23,297
8838,2025-11-24,457
8838,2025-11-25,464
8838,2025-11-26,744
8838,2025-11-27,840
8838,2025-11-28,269
8838,2025-11-29,204
8838,2025-11-30,191
8838,2025-12-01,210
8838,2025-12-02,232
8838,2025-12-03,429
8838,2025-12-04,739
8838,2025-12-05,305
8838,2025-12-06,338
8838,2025-12-07,303
8838,2025-12-08,239
8838,2025-12-09,351
8838,2025-12-10,335
8838,2025-12-11,804
8838,2025-12-12,275
8838,2025-12-13,208
8838,2025-12-14,177
8838,2025-12-15,241
8838,2025-12-16,256
8838,2025-12-17,390
8838,2025-12-18,589
8838,2025-12-19,287
8838,2025-12-20,201
8838,2025-12-21,148
8840,2025-11-22,113
8840,2025-11-23,115
8840,2025-11-24,100
8840,2025-11-25,102
8840,2025-11-26,133
8840,2025-11-27,141
8840,2025-11-28,58
8840,2025-11-29,53
8840,2025-11-30,61
8840,2025-12-01,54
8840,2025-12-02,56
8840,2025-12-03,79
8840,2025-12-04,119
8840,2025-12-05,55
8840,2025-12-06,66
8840,2025-12-07,74
8840,2025-12-08,72
8840,2025-12-09,78
8840,2025-12-10,84
8840,2025-12-11,124
8840,2025-12-12,55
8840,2025-12-13,59
8840,2025-12-14,64
8840,2025-12-15,73
8840,2025-12-16,79
8840,2025-12-17,91
8840,2025-12-18,125
8840,2025-12-19,62
8840,2025-12-20,59
8840,2025-12-21,41
8856,2025-11-22,623
8856,2025-11-23,854
8856,2025-11-24,586
8856,2025-11-25,477
8856,2025-11-26,756
8856,2025-11-27,2141
8856,2025-11-28,719
8856,2025-11-29,485
8856,2025-11-30,434
8856,2025-12-01,557
8856,2025-12-02,602
8856,2025-12-03,739
8856,2025-12-04,2390
8856,2025-12-05,937
8856,2025-12-06,602
8856,2025-12-07,597
8856,2025-12-08,655
8856,2025-12-09,677
8856,2025-12-10,949
8856,2025-12-11,3296
8856,2025-12-12,970
8856,2025-12-13,606
8856,2025-12-14,627
8856,2025-12-15,743
8856,2025-12-16,863
8856,2025-12-17,1204
8856,2025-12-18,2300
8856,2025-12-19,1175
8856,2025-12-20,677
8856,2025-12-21,629
8913,2025-11-22,89
8913,2025-11-23,102
8913,2025-11-24,44
8913,2025-11-25,52
8913,2025-11-26,95
8913,2025-11-27,210
8913,2025-11-28,48
8913,2025-11-29,27
8913,2025-11-30,31
8913,2025-12-01,37
8913,2025-12-02,43
8913,2025-12-03,74
8913,2025-12-04,252
8913,2025-12-05,68
8913,2025-12-06,33
8913,2025-12-07,38
8913,2025-12-08,36
8913,2025-12-09,46
8913,2025-12-10,58
8913,2025-12-11,180
8913,2025-12-12,44
8913,2025-12-13,35
8913,2025-12-14,34
8913,2025-12-15,39
8913,2025-12-16,47
8913,2025-12-17,62
8913,2025-12-18,133
8913,2025-12-19,42
8913,2025-12-20,28
8913,2025-12-21,22
8930,2025-11-22,0
8930,2025-11-23,0
8930,2025-11-24,0
8930,2025-11-25,0
8930,2025-11-26,0
8930,2025-11-27,0
8930,2025-11-28,0
8930,2025-11-29,0
8930,2025-11-30,0
8930,2025-12-01,0
8930,2025-12-02,0
8930,2025-12-03,0
8930,2025-12-04,0
8930,2025-12-05,0
8930,2025-12-06,0
8930,2025-12-07,0
8930,2025-12-08,0
8930,2025-12-09,0
8930,2025-12-10,0
8930,2025-12-11,0
8930,2025-12-12,0
8930,2025-12-13,0
8930,2025-12-14,0
8930,2025-12-15,0
8930,2025-12-16,0
8930,2025-12-17,0
8930,2025-12-18,0
8930,2025-12-19,0
8930,2025-12-20,0
8930,2025-12-21,0
8957,2025-11-22,0
8957,2025-11-23,0
8957,2025-11-24,0
8957,2025-11-25,0
8957,2025-11-26,0
8957,2025-11-27,0
8957,2025-11-28,0
8957,2025-11-29,0
8957,2025-11-30,0
8957,2025-12-01,0
8957,2025-12-02,0
8957,2025-12-03,0
8957,2025-12-04,0
8957,2025-12-05,0
8957,2025-12-06,0
8957,2025-12-07,0
8957,2025-12-08,0
8957,2025-12-09,0
8957,2025-12-10,0
8957,2025-12-11,0
8957,2025-12-12,0
8957,2025-12-13,0
8957,2025-12-14,0
8957,2025-12-15,0
8957,2025-12-16,0
8957,2025-12-17,0
8957,2025-12-18,0
8957,2025-12-19,0
8957,2025-12-20,0
8957,2025-12-21,0
8978,2025-11-22,30244
8978,2025-11-23,26478
8978,2025-11-24,25119
8978,2025-11-25,26012
8978,2025-11-26,36555
8978,2025-11-27,36320
8978,2025-11-28,14059
8978,2025-11-29,14162
8978,2025-11-30,13151
8978,2025-12-01,14029
8978,2025-12-02,13827
8978,2025-12-03,19927
8978,2025-12-04,26948
8978,2025-12-05,12099
8978,2025-12-06,12622
8978,2025-12-07,12223
8978,2025-12-08,11536
8978,2025-12-09,12456
8978,2025-12-10,20607
8978,2025-12-11,27410
8978,2025-12-12,12711
8978,2025-12-13,9768
8978,2025-12-14,9243
8978,2025-12-15,10870
8978,2025-12-16,13095
8978,2025-12-17,18525
8978,2025-12-18,23145
8978,2025-12-19,12237
8978,2025-12-20,9618
8978,2025-12-21,7367
8979,2025-11-22,513
8979,2025-11-23,455
8979,2025-11-24,322
8979,2025-11-25,322
8979,2025-11-26,740
8979,2025-11-27,1270
8979,2025-11-28,379
8979,2025-11-29,233
8979,2025-11-30,246
8979,2025-12-01,270
8979,2025-12-02,292
8979,2025-12-03,558
8979,2025-12-04,1091
8979,2025-12-05,312
8979,2025-12-06,252
8979,2025-12-07,240
8979,2025-12-08,231
8979,2025-12-09,285
8979,2025-12-10,368
8979,2025-12-11,768
8979,2025-12-12,288
8979,2025-12-13,246
8979,2025-12-14,236
8979,2025-12-15,226
8979,2025-12-16,320
8979,2025-12-17,550
8979,2025-12-18,700
8979,2025-12-19,394
8979,2025-12-20,220
8979,2025-12-21,171
8999,2025-11-22,1473
8999,2025-11-23,1743
8999,2025-11-24,1468
8999,2025-11-25,1371
8999,2025-11-26,2373
8999,2025-11-27,3793
8999,2025-11-28,1039
8999,2025-11-29,880
8999,2025-11-30,770
8999,2025-12-01,1056
8999,2025-12-02,1269
8999,2025-12-03,1733
8999,2025-12-04,3959
8999,2025-12-05,1457
8999,2025-12-06,1205
8999,2025-12-07,978
8999,2025-12-08,1023
8999,2025-12-09,1106
8999,2025-12-10,1898
8999,2025-12-11,3935
8999,2025-12-12,1331
8999,2025-12-13,1086
8999,2025-12-14,1081
8999,2025-12-15,1318
8999,2025-12-16,1372
8999,2025-12-17,2602
8999,2025-12-18,3992
8999,2025-12-19,1412
8999,2025-12-20,1088
8999,2025-12-21,927
9059,2025-11-22,1641
9059,2025-11-23,2276
9059,2025-11-24,1858
9059,2025-11-25,1735
9059,2025-11-26,1965
9059,2025-11-27,3366
9059,2025-11-28,1837
9059,2025-11-29,1329
9059,2025-11-30,1546
9059,2025-12-01,1514
9059,2025-12-02,1686
9059,2025-12-03,1918
9059,2025-12-04,4003
9059,2025-12-05,2060
9059,2025-12-06,1849
9059,2025-12-07,1710
9059,2025-12-08,1788
9059,2025-12-09,1851
9059,2025-12-10,2024
9059,2025-12-11,4062
9059,2025-12-12,1966
9059,2025-12-13,1818
9059,2025-12-14,1835
9059,2025-12-15,2042
9059,2025-12-16,2386
9059,2025-12-17,2404
9059,2025-12-18,3957
9059,2025-12-19,2399
9059,2025-12-20,1871
9059,2025-12-21,1800
9062,2025-11-22,0
9062,2025-11-23,0
9062,2025-11-24,0
9062,2025-11-25,0
9062,2025-11-26,0
9062,2025-11-27,0
9062,2025-11-28,0
9062,2025-11-29,0
9062,2025-11-30,0
9062,2025-12-01,0
9062,2025-12-02,0
9062,2025-12-03,0
9062,2025-12-04,0
9062,2025-12-05,0
9062,2025-12-06,0
9062,2025-12-07,0
9062,2025-12-08,0
9062,2025-12-09,0
9062,2025-12-10,0
9062,2025-12-11,0
9062,2025-12-12,0
9062,2025-12-13,0
9062,2025-12-14,0
9062,2025-12-15,0
9062,2025-12-16,0
9062,2025-12-17,0
9062,2025-12-18,0
9062,2025-12-19,0
9062,2025-12-20,0
9062,2025-12-21,0
9063,2025-11-22,128
9063,2025-11-23,119
9063,2025-11-24,79
9063,2025-11-25,66
9063,2025-11-26,122
9063,2025-11-27,152
9063,2025-11-28,57
9063,2025-11-29,41
9063,2025-11-30,26
9063,2025-12-01,27
9063,2025-12-02,38
9063,2025-12-03,121
9063,2025-12-04,201
9063,2025-12-05,54
9063,2025-12-06,46
9063,2025-12-07,41
9063,2025-12-08,36
9063,2025-12-09,31
9063,2025-12-10,62
9063,2025-12-11,185
9063,2025-12-12,57
9063,2025-12-13,29
9063,2025-12-14,24
9063,2025-12-15,30
9063,2025-12-16,31
9063,2025-12-17,45
9063,2025-12-18,84
9063,2025-12-19,36
9063,2025-12-20,28
9063,2025-12-21,20
9076,2025-11-22,0
9076,2025-11-23,0
9076,2025-11-24,0
9076,2025-11-25,0
9076,2025-11-26,0
9076,2025-11-27,0
9076,2025-11-28,0
9076,2025-11-29,0
9076,2025-11-30,0
9076,2025-12-01,0
9076,2025-12-02,0
9076,2025-12-03,0
9076,2025-12-04,0
9076,2025-12-05,0
9076,2025-12-06,0
9076,2025-12-07,0
9076,2025-12-08,0
9076,2025-12-09,0
9076,2025-12-10,0
9076,2025-12-11,0
9076,2025-12-12,0
9076,2025-12-13,0
9076,2025-12-14,0
9076,2025-12-15,0
9076,2025-12-16,0
9076,2025-12-17,0
9076,2025-12-18,0
9076,2025-12-19,0
9076,2025-12-20,0
9076,2025-12-21,0
9077,2025-11-22,92
9077,2025-11-23,208
9077,2025-11-24,104
9077,2025-11-25,68
9077,2025-11-26,122
9077,2025-11-27,366
9077,2025-11-28,92
9077,2025-11-29,55
9077,2025-11-30,61
9077,2025-12-01,74
9077,2025-12-02,75
9077,2025-12-03,121
9077,2025-12-04,413
9077,2025-12-05,98
9077,2025-12-06,112
9077,2025-12-07,115
9077,2025-12-08,118
9077,2025-12-09,117
9077,2025-12-10,135
9077,2025-12-11,633
9077,2025-12-12,169
9077,2025-12-13,116
9077,2025-12-14,110
9077,2025-12-15,137
9077,2025-12-16,138
9077,2025-12-17,191
9077,2025-12-18,482
9077,2025-12-19,167
9077,2025-12-20,120
9077,2025-12-21,91
9091,2025-11-22,137
9091,2025-11-23,124
9091,2025-11-24,81
9091,2025-11-25,77
9091,2025-11-26,160
9091,2025-11-27,219
9091,2025-11-28,97
9091,2025-11-29,68
9091,2025-11-30,68
9091,2025-12-01,65
9091,2025-12-02,63
9091,2025-12-03,127
9091,2025-12-04,269
9091,2025-12-05,104
9091,2025-12-06,66
9091,2025-12-07,67
9091,2025-12-08,51
9091,2025-12-09,59
9091,2025-12-10,89
9091,2025-12-11,196
9091,2025-12-12,61
9091,2025-12-13,54
9091,2025-12-14,41
9091,2025-12-15,61
9091,2025-12-16,53
9091,2025-12-17,92
9091,2025-12-18,181
9091,2025-12-19,61
9091,2025-12-20,54
9091,2025-12-21,33
9150,2025-11-22,74
9150,2025-11-23,72
9150,2025-11-24,72
9150,2025-11-25,86
9150,2025-11-26,87
9150,2025-11-27,104
9150,2025-11-28,67
9150,2025-11-29,42
9150,2025-11-30,62
9150,2025-12-01,57
9150,2025-12-02,59
9150,2025-12-03,67
9150,2025-12-04,82
9150,2025-12-05,49
9150,2025-12-06,58
9150,2025-12-07,55
9150,2025-12-08,55
9150,2025-12-09,58
9150,2025-12-10,62
9150,2025-12-11,101
9150,2025-12-12,62
9150,2025-12-13,57
9150,2025-12-14,60
9150,2025-12-15,75
9150,2025-12-16,69
9150,2025-12-17,85
9150,2025-12-18,90
9150,2025-12-19,68
9150,2025-12-20,59
9150,2025-12-21,48
9220,2025-11-22,8
9220,2025-11-23,14
9220,2025-11-24,13
9220,2025-11-25,11
9220,2025-11-26,11
9220,2025-11-27,13
9220,2025-11-28,8
9220,2025-11-29,5
9220,2025-11-30,7
9220,2025-12-01,7
9220,2025-12-02,9
9220,2025-12-03,10
9220,2025-12-04,20
9220,2025-12-05,7
9220,2025-12-06,11
9220,2025-12-07,11
9220,2025-12-08,12
9220,2025-12-09,14
9220,2025-12-10,12
9220,2025-12-11,23
9220,2025-12-12,10
9220,2025-12-13,12
9220,2025-12-14,11
9220,2025-12-15,18
9220,2025-12-16,18
9220,2025-12-17,20
9220,2025-12-18,25
9220,2025-12-19,14
9220,2025-12-20,13
9220,2025-12-21,7
9221,2025-11-22,0
9221,2025-11-23,0
9221,2025-11-24,0
9221,2025-11-25,0
9221,2025-11-26,0
9221,2025-11-27,0
9221,2025-11-28,0
9221,2025-11-29,0
9221,2025-11-30,0
9221,2025-12-01,0
9221,2025-12-02,0
9221,2025-12-03,0
9221,2025-12-04,0
9221,2025-12-05,0
9221,2025-12-06,0
9221,2025-12-07,0
9221,2025-12-08,0
9221,2025-12-09,0
9221,2025-12-10,0
9221,2025-12-11,0
9221,2025-12-12,0
9221,2025-12-13,0
9221,2025-12-14,0
9221,2025-12-15,0
9221,2025-12-16,0
9221,2025-12-17,0
9221,2025-12-18,0
9221,2025-12-19,0
9221,2025-12-20,0
9221,2025-12-21,0
9308,2025-11-22,0
9308,2025-11-23,0
9308,2025-11-24,0
9308,2025-11-25,0
9308,2025-11-26,0
9308,2025-11-27,0
9308,2025-11-28,0
9308,2025-11-29,0
9308,2025-11-30,0
9308,2025-12-01,0
9308,2025-12-02,0
9308,2025-12-03,0
9308,2025-12-04,0
9308,2025-12-05,0
9308,2025-12-06,0
9308,2025-12-07,0
9308,2025-12-08,0
9308,2025-12-09,0
9308,2025-12-10,0
9308,2025-12-11,0
9308,2025-12-12,0
9308,2025-12-13,0
9308,2025-12-14,0
9308,2025-12-15,0
9308,2025-12-16,0
9308,2025-12-17,0
9308,2025-12-18,0
9308,2025-12-19,0
9308,2025-12-20,0
9308,2025-12-21,0
9356,2025-11-22,27863
9356,2025-11-23,27092
9356,2025-11-24,27293
9356,2025-11-25,27721
9356,2025-11-26,28602
9356,2025-11-27,24125
9356,2025-11-28,12520
9356,2025-11-29,12460
9356,2025-11-30,14001
9356,2025-12-01,15270
9356,2025-12-02,17111
9356,2025-12-03,22968
9356,2025-12-04,26223
9356,2025-12-05,16206
9356,2025-12-06,15185
9356,2025-12-07,13098
9356,2025-12-08,14333
9356,2025-12-09,16133
9356,2025-12-10,18768
9356,2025-12-11,22115
9356,2025-12-12,14921
9356,2025-12-13,14806
9356,2025-12-14,14366
9356,2025-12-15,15102
9356,2025-12-16,17353
9356,2025-12-17,20385
9356,2025-12-18,20446
9356,2025-12-19,15784
9356,2025-12-20,13461
9356,2025-12-21,10821
9508,2025-11-22,8
9508,2025-11-23,16
9508,2025-11-24,4
9508,2025-11-25,6
9508,2025-11-26,15
9508,2025-11-27,16
9508,2025-11-28,7
9508,2025-11-29,9
9508,2025-11-30,6
9508,2025-12-01,5
9508,2025-12-02,6
9508,2025-12-03,7
9508,2025-12-04,16
9508,2025-12-05,6
9508,2025-12-06,3
9508,2025-12-07,3
9508,2025-12-08,5
9508,2025-12-09,3
9508,2025-12-10,4
9508,2025-12-11,11
9508,2025-12-12,3
9508,2025-12-13,3
9508,2025-12-14,4
9508,2025-12-15,5
9508,2025-12-16,4
9508,2025-12-17,4
9508,2025-12-18,9
9508,2025-12-19,4
9508,2025-12-20,3
9508,2025-12-21,2
9547,2025-11-22,7667
9547,2025-11-23,12032
9547,2025-11-24,9335
9547,2025-11-25,6922
9547,2025-11-26,9657
9547,2025-11-27,32622
9547,2025-11-28,11348
9547,2025-11-29,5759
9547,2025-11-30,6305
9547,2025-12-01,5707
9547,2025-12-02,6726
9547,2025-12-03,9896
9547,2025-12-04,38035
9547,2025-12-05,13376
9547,2025-12-06,6556
9547,2025-12-07,5834
9547,2025-12-08,5976
9547,2025-12-09,7123
9547,2025-12-10,11451
9547,2025-12-11,37511
9547,2025-12-12,13735
9547,2025-12-13,6976
9547,2025-12-14,6494
9547,2025-12-15,7453
9547,2025-12-16,7597
9547,2025-12-17,12352
9547,2025-12-18,33534
9547,2025-12-19,12962
9547,2025-12-20,7930
9547,2025-12-21,8763
9581,2025-11-22,50
9581,2025-11-23,32
9581,2025-11-24,34
9581,2025-11-25,49
9581,2025-11-26,62
9581,2025-11-27,81
9581,2025-11-28,38
9581,2025-11-29,41
9581,2025-11-30,25
9581,2025-12-01,30
9581,2025-12-02,26
9581,2025-12-03,39
9581,2025-12-04,58
9581,2025-12-05,32
9581,2025-12-06,24
9581,2025-12-07,22
9581,2025-12-08,21
9581,2025-12-09,22
9581,2025-12-10,27
9581,2025-12-11,53
9581,2025-12-12,19
9581,2025-12-13,20
9581,2025-12-14,20
9581,2025-12-15,28
9581,2025-12-16,30
9581,2025-12-17,30
9581,2025-12-18,41
9581,2025-12-19,21
9581,2025-12-20,19
9581,2025-12-21,16
9600,2025-11-22,31
9600,2025-11-23,48
9600,2025-11-24,31
9600,2025-11-25,31
9600,2025-11-26,53
9600,2025-11-27,46
9600,2025-11-28,5
9600,2025-11-29,7
9600,2025-11-30,8
9600,2025-12-01,12
9600,2025-12-02,13
9600,2025-12-03,12
9600,2025-12-04,16
9600,2025-12-05,8
9600,2025-12-06,12
9600,2025-12-07,12
9600,2025-12-08,11
9600,2025-12-09,13
9600,2025-12-10,15
9600,2025-12-11,24
9600,2025-12-12,9
9600,2025-12-13,11
9600,2025-12-14,10
9600,2025-12-15,12
9600,2025-12-16,14
9600,2025-12-17,17
9600,2025-12-18,25
9600,2025-12-19,12
9600,2025-12-20,12
9600,2025-12-21,9
9647,2025-11-22,0
9647,2025-11-23,0
9647,2025-11-24,0
9647,2025-11-25,0
9647,2025-11-26,0
9647,2025-11-27,0
9647,2025-11-28,0
9647,2025-11-29,0
9647,2025-11-30,0
9647,2025-12-01,0
9647,2025-12-02,0
9647,2025-12-03,0
9647,2025-12-04,0
9647,2025-12-05,0
9647,2025-12-06,0
9647,2025-12-07,0
9647,2025-12-08,0
9647,2025-12-09,0
9647,2025-12-10,0
9647,2025-12-11,0
9647,2025-12-12,0
9647,2025-12-13,0
9647,2025-12-14,0
9647,2025-12-15,0
9647,2025-12-16,0
9647,2025-12-17,0
9647,2025-12-18,0
9647,2025-12-19,0
9647,2025-12-20,0
9647,2025-12-21,0
9681,2025-11-22,5
9681,2025-11-23,11
9681,2025-11-24,9
9681,2025-11-25,2
9681,2025-11-26,4
9681,2025-11-27,6
9681,2025-11-28,3
9681,2025-11-29,5
9681,2025-11-30,5
9681,2025-12-01,3
9681,2025-12-02,3
9681,2025-12-03,4
9681,2025-12-04,8
9681,2025-12-05,3
9681,2025-12-06,3
9681,2025-12-07,3
9681,2025-12-08,3
9681,2025-12-09,3
9681,2025-12-10,5
9681,2025-12-11,9
9681,2025-12-12,4
9681,2025-12-13,3
9681,2025-12-14,3
9681,2025-12-15,4
9681,2025-12-16,4
9681,2025-12-17,8
9681,2025-12-18,11
9681,2025-12-19,4
9681,2025-12-20,4
9681,2025-12-21,3
9704,2025-11-22,2
9704,2025-11-23,2
9704,2025-11-24,1
9704,2025-11-25,2
9704,2025-11-26,2
9704,2025-11-27,2
9704,2025-11-28,2
9704,2025-11-29,2
9704,2025-11-30,2
9704,2025-12-01,2
9704,2025-12-02,2
9704,2025-12-03,2
9704,2025-12-04,3
9704,2025-12-05,2
9704,2025-12-06,3
9704,2025-12-07,3
9704,2025-12-08,3
9704,2025-12-09,3
9704,2025-12-10,3
9704,2025-12-11,4
9704,2025-12-12,3
9704,2025-12-13,3
9704,2025-12-14,3
9704,2025-12-15,4
9704,2025-12-16,4
9704,2025-12-17,4
9704,2025-12-18,4
9704,2025-12-19,4
9704,2025-12-20,4
9704,2025-12-21,3
9749,2025-11-22,0
9749,2025-11-23,0
9749,2025-11-24,0
9749,2025-11-25,0
9749,2025-11-26,0
9749,2025-11-27,0
9749,2025-11-28,0
9749,2025-11-29,0
9749,2025-11-30,0
9749,2025-12-01,0
9749,2025-12-02,0
9749,2025-12-03,0
9749,2025-12-04,0
9749,2025-12-05,0
9749,2025-12-06,0
9749,2025-12-07,0
9749,2025-12-08,0
9749,2025-12-09,0
9749,2025-12-10,0
9749,2025-12-11,0
9749,2025-12-12,0
9749,2025-12-13,0
9749,2025-12-14,0
9749,2025-12-15,0
9749,2025-12-16,0
9749,2025-12-17,0
9749,2025-12-18,0
9749,2025-12-19,0
9749,2025-12-20,0
9749,2025-12-21,0
9767,2025-11-22,0
9767,2025-11-23,0
9767,2025-11-24,0
9767,2025-11-25,0
9767,2025-11-26,0
9767,2025-11-27,0
9767,2025-11-28,0
9767,2025-11-29,0
9767,2025-11-30,0
9767,2025-12-01,0
9767,2025-12-02,0
9767,2025-12-03,0
9767,2025-12-04,0
9767,2025-12-05,0
9767,2025-12-06,0
9767,2025-12-07,0
9767,2025-12-08,0
9767,2025-12-09,0
9767,2025-12-10,0
9767,2025-12-11,0
9767,2025-12-12,0
9767,2025-12-13,0
9767,2025-12-14,0
9767,2025-12-15,0
9767,2025-12-16,0
9767,2025-12-17,0
9767,2025-12-18,0
9767,2025-12-19,0
9767,2025-12-20,0
9767,2025-12-21,0
9770,2025-11-22,8033
9770,2025-11-23,8438
9770,2025-11-24,7097
9770,2025-11-25,6998
9770,2025-11-26,11949
9770,2025-11-27,16814
9770,2025-11-28,5407
9770,2025-11-29,4483
9770,2025-11-30,4568
9770,2025-12-01,4116
9770,2025-12-02,4238
9770,2025-12-03,7493
9770,2025-12-04,13726
9770,2025-12-05,5218
9770,2025-12-06,4257
9770,2025-12-07,3774
9770,2025-12-08,3999
9770,2025-12-09,4277
9770,2025-12-10,7286
9770,2025-12-11,14802
9770,2025-12-12,5206
9770,2025-12-13,3911
9770,2025-12-14,3456
9770,2025-12-15,4464
9770,2025-12-16,5151
9770,2025-12-17,8326
9770,2025-12-18,12322
9770,2025-12-19,6110
9770,2025-12-20,4950
9770,2025-12-21,2704
9806,2025-11-22,91
9806,2025-11-23,128
9806,2025-11-24,79
9806,2025-11-25,83
9806,2025-11-26,84
9806,2025-11-27,137
9806,2025-11-28,30
9806,2025-11-29,25
9806,2025-11-30,29
9806,2025-12-01,28
9806,2025-12-02,34
9806,2025-12-03,51
9806,2025-12-04,174
9806,2025-12-05,55
9806,2025-12-06,43
9806,2025-12-07,37
9806,2025-12-08,40
9806,2025-12-09,59
9806,2025-12-10,50
9806,2025-12-11,144
9806,2025-12-12,37
9806,2025-12-13,56
9806,2025-12-14,35
9806,2025-12-15,43
9806,2025-12-16,49
9806,2025-12-17,71
9806,2025-12-18,144
9806,2025-12-19,56
9806,2025-12-20,41
9806,2025-12-21,34
9814,2025-11-22,11577
9814,2025-11-23,10449
9814,2025-11-24,9684
9814,2025-11-25,10968
9814,2025-11-26,16539
9814,2025-11-27,18724
9814,2025-11-28,7733
9814,2025-11-29,5160
9814,2025-11-30,5363
9814,2025-12-01,4828
9814,2025-12-02,5802
9814,2025-12-03,9226
9814,2025-12-04,14959
9814,2025-12-05,6959
9814,2025-12-06,6104
9814,2025-12-07,4475
9814,2025-12-08,4219
9814,2025-12-09,5542
9814,2025-12-10,9065
9814,2025-12-11,15072
9814,2025-12-12,4980
9814,2025-12-13,4473
9814,2025-12-14,4055
9814,2025-12-15,5322
9814,2025-12-16,6696
9814,2025-12-17,11008
9814,2025-12-18,13092
9814,2025-12-19,5644
9814,2025-12-20,4820
9814,2025-12-21,3536
9879,2025-11-22,815
9879,2025-11-23,739
9879,2025-11-24,578
9879,2025-11-25,633
9879,2025-11-26,993
9879,2025-11-27,882
9879,2025-11-28,307
9879,2025-11-29,343
9879,2025-11-30,443
9879,2025-12-01,428
9879,2025-12-02,459
9879,2025-12-03,672
9879,2025-12-04,1196
9879,2025-12-05,300
9879,2025-12-06,345
9879,2025-12-07,369
9879,2025-12-08,354
9879,2025-12-09,388
9879,2025-12-10,531
9879,2025-12-11,755
9879,2025-12-12,385
9879,2025-12-13,317
9879,2025-12-14,317
9879,2025-12-15,355
9879,2025-12-16,378
9879,2025-12-17,543
9879,2025-12-18,859
9879,2025-12-19,431
9879,2025-12-20,299
9879,2025-12-21,235
9880,2025-11-22,55
9880,2025-11-23,160
9880,2025-11-24,86
9880,2025-11-25,46
9880,2025-11-26,108
9880,2025-11-27,323
9880,2025-11-28,38
9880,2025-11-29,32
9880,2025-11-30,46
9880,2025-12-01,30
9880,2025-12-02,33
9880,2025-12-03,78
9880,2025-12-04,227
9880,2025-12-05,34
9880,2025-12-06,46
9880,2025-12-07,41
9880,2025-12-08,40
9880,2025-12-09,44
9880,2025-12-10,64
9880,2025-12-11,255
9880,2025-12-12,48
9880,2025-12-13,43
9880,2025-12-14,37
9880,2025-12-15,48
9880,2025-12-16,50
9880,2025-12-17,103
9880,2025-12-18,265
9880,2025-12-19,74
9880,2025-12-20,47
9880,2025-12-21,32
9899,2025-11-22,16
9899,2025-11-23,19
9899,2025-11-24,15
9899,2025-11-25,21
9899,2025-11-26,21
9899,2025-11-27,74
9899,2025-11-28,21
9899,2025-11-29,15
9899,2025-11-30,16
9899,2025-12-01,20
9899,2025-12-02,19
9899,2025-12-03,37
9899,2025-12-04,149
9899,2025-12-05,25
9899,2025-12-06,21
9899,2025-12-07,22
9899,2025-12-08,20
9899,2025-12-09,21
9899,2025-12-10,33
9899,2025-12-11,149
9899,2025-12-12,29
9899,2025-12-13,20
9899,2025-12-14,20
9899,2025-12-15,25
9899,2025-12-16,26
9899,2025-12-17,45
9899,2025-12-18,117
9899,2025-12-19,33
9899,2025-12-20,21
9899,2025-12-21,19
9936,2025-11-22,0
9936,2025-11-23,0
9936,2025-11-24,0
9936,2025-11-25,0
9936,2025-11-26,0
9936,2025-11-27,0
9936,2025-11-28,0
9936,2025-11-29,0
9936,2025-11-30,0
9936,2025-12-01,0
9936,2025-12-02,0
9936,2025-12-03,0
9936,2025-12-04,0
9936,2025-12-05,0
9936,2025-12-06,0
9936,2025-12-07,0
9936,2025-12-08,0
9936,2025-12-09,0
9936,2025-12-10,0
9936,2025-12-11,0
9936,2025-12-12,0
9936,2025-12-13,0
9936,2025-12-14,0
9936,2025-12-15,0
9936,2025-12-16,0
9936,2025-12-17,0
9936,2025-12-18,0
9936,2025-12-19,0
9936,2025-12-20,0
9936,2025-12-21,0
9951,2025-11-22,386
9951,2025-11-23,411
9951,2025-11-24,384
9951,2025-11-25,419
9951,2025-11-26,599
9951,2025-11-27,830
9951,2025-11-28,221
9951,2025-11-29,206
9951,2025-11-30,200
9951,2025-12-01,149
9951,2025-12-02,213
9951,2025-12-03,331
9951,2025-12-04,762
9951,2025-12-05,283
9951,2025-12-06,231
9951,2025-12-07,177
9951,2025-12-08,159
9951,2025-12-09,175
9951,2025-12-10,276
9951,2025-12-11,799
9951,2025-12-12,289
9951,2025-12-13,179
9951,2025-12-14,141
9951,2025-12-15,175
9951,2025-12-16,219
9951,2025-12-17,313
9951,2025-12-18,597
9951,2025-12-19,261
9951,2025-12-20,160
9951,2025-12-21,110
