city_code,checkin,horizon,observed,prediction,lower,upper,support,band_source
1011,2025-11-22,1,121.0,140.42282967565134,121.0,163.60764568211957,4815,horizon
1011,2025-11-23,2,129.0,182.84634123057833,152.65709929122485,213.0355831699318,4815,horizon
1011,2025-11-24,3,77.0,133.21726519746835,111.22213955000578,155.21239084493092,4815,horizon
1011,2025-11-25,4,61.0,123.95279269975713,84.72927109643165,163.17631430308262,6420,horizon
1011,2025-11-26,5,51.0,137.97594670314996,94.31494957370899,181.63694383259093,6420,horizon
1011,2025-11-27,6,120.0,476.81288008276283,325.93059743850307,627.6951627270225,6420,horizon
1011,2025-11-28,7,32.0,151.88579179734165,103.82317452149144,199.94840907319187,6420,horizon
1011,2025-11-29,8,23.0,104.55751367523679,58.70270292548232,150.41232442499125,11235,horizon
1011,2025-11-30,9,19.0,108.49790359600019,60.914992896795226,156.08081429520513,11235,horizon
1011,2025-12-01,10,28.0,131.6189755320142,73.89607258652765,189.34187847750073,11235,horizon
1011,2025-12-02,11,12.0,96.04805907283152,53.92516023128203,138.170957914381,11235,horizon
1011,2025-12-03,12,29.0,210.02792568165958,117.91794290022189,302.1379084630973,11235,horizon
1011,2025-12-04,13,38.0,609.5610170140056,342.2315435681864,876.8904904598248,11235,horizon
1011,2025-12-05,14,6.0,152.07841365488403,85.38280630783231,218.77402100193575,11235,horizon
1011,2025-12-06,15,0.0,116.3716785481585,54.65514244228381,178.08821465403318,11235,horizon
1011,2025-12-07,16,0.0,105.88132967728986,49.72824339812072,162.034415956459,11235,horizon
1011,2025-12-08,17,6.0,124.85379976308684,58.638856942223555,191.06874258395013,11235,horizon
1011,2025-12-09,18,4.0,127.18486605633397,59.73366593603818,194.63606617662975,11235,horizon
1011,2025-12-10,19,4.0,180.07477838475003,84.57395120246761,275.5756055670324,11235,horizon
1011,2025-12-11,20,12.0,733.8983547437464,344.68282675907085,1123.113882728422,11235,horizon
1011,2025-12-12,21,11.0,245.56094727363856,115.33019647859365,375.79169806868344,11235,horizon
1011,2025-12-13,22,3.0,138.4497973825831,18.93932088557918,257.960273879587,14445,horizon
1011,2025-12-14,23,1.0,111.65765104035646,15.274273580478095,208.0410285002348,14445,horizon
1011,2025-12-15,24,3.0,157.45249327280214,21.538805767174324,293.36618077842996,14445,horizon
1011,2025-12-16,25,2.0,167.67662384507366,22.937421679548862,312.4158260105985,14445,horizon
1011,2025-12-17,26,5.0,250.50277812868174,34.26767382402096,466.7378824333425,14445,horizon
1011,2025-12-18,27,13.0,779.7242623706662,106.66283581840264,1452.7856889229297,14445,horizon
1011,2025-12-19,28,0.0,165.60457365781377,22.653974364136047,308.5551729514915,14445,horizon
1011,2025-12-20,29,3.0,158.34445267748117,21.660821874828457,295.0280834801339,14445,horizon
1011,2025-12-21,30,0.0,103.96877872366478,14.222469801728835,193.71508764560073,14445,horizon
1013,2025-11-22,1,0.0,1.3489376408701964e-16,0.0,0.16510716996673924,4815,horizon
1013,2025-11-23,2,0.0,1.3489376408701964e-16,0.0,0.16510716996673924,4815,horizon
1013,2025-11-24,3,0.0,1.3489376408701964e-16,0.0,0.16510716996673924,4815,horizon
1013,2025-11-25,4,0.0,1.3489376408701964e-16,0.0,0.3164391922845507,6420,horizon
1013,2025-11-26,5,0.0,1.3489376408701964e-16,0.0,0.3164391922845507,6420,horizon
1013,2025-11-27,6,0.0,1.3489376408701964e-16,0.0,0.3164391922845507,6420,horizon
1013,2025-11-28,7,0.0,1.3489376408701964e-16,0.0,0.3164391922845507,6420,horizon
1013,2025-11-29,8,0.0,1.5006439558569507e-16,0.0,0.4385606460783187,11235,horizon
1013,2025-11-30,9,0.0,1.5006439558569507e-16,0.0,0.4385606460783187,11235,horizon
1013,2025-12-01,10,0.0,1.5006439558569507e-16,0.0,0.4385606460783187,11235,horizon
1013,2025-12-02,11,0.0,1.5006439558569507e-16,0.0,0.4385606460783187,11235,horizon
1013,2025-12-03,12,0.0,1.5006439558569507e-16,0.0,0.4385606460783187,11235,horizon
1013,2025-12-04,13,0.0,1.5006439558569507e-16,0.0,0.4385606460783187,11235,horizon
1013,2025-12-05,14,0.0,1.5006439558569507e-16,0.0,0.4385606460783187,11235,horizon
1013,2025-12-06,15,0.0,2.0936493878579075e-16,0.0,0.530339829036103,11235,horizon
1013,2025-12-07,16,0.0,2.0936493878579075e-16,0.0,0.530339829036103,11235,horizon
1013,2025-12-08,17,0.0,2.0936493878579075e-16,0.0,0.530339829036103,11235,horizon
1013,2025-12-09,18,0.0,2.0936493878579075e-16,0.0,0.530339829036103,11235,horizon
1013,2025-12-10,19,0.0,2.0936493878579075e-16,0.0,0.530339829036103,11235,horizon
1013,2025-12-11,20,0.0,2.0936493878579075e-16,0.0,0.530339829036103,11235,horizon
1013,2025-12-12,21,0.0,2.0936493878579075e-16,0.0,0.530339829036103,11235,horizon
1013,2025-12-13,22,0.0,2.085521617919071e-16,0.0,0.8632044160148283,14445,horizon
1013,2025-12-14,23,0.0,2.085521617919071e-16,0.0,0.8632044160148283,14445,horizon
1013,2025-12-15,24,0.0,2.085521617919071e-16,0.0,0.8632044160148283,14445,horizon
1013,2025-12-16,25,0.0,2.085521617919071e-16,0.0,0.8632044160148283,14445,horizon
1013,2025-12-17,26,0.0,2.085521617919071e-16,0.0,0.8632044160148283,14445,horizon
1013,2025-12-18,27,0.0,2.085521617919071e-16,0.0,0.8632044160148283,14445,horizon
1013,2025-12-19,28,0.0,2.085521617919071e-16,0.0,0.8632044160148283,14445,horizon
1013,2025-12-20,29,0.0,2.085521617919071e-16,0.0,0.8632044160148283,14445,horizon
1013,2025-12-21,30,0.0,2.085521617919071e-16,0.0,0.8632044160148283,14445,horizon
1053,2025-11-22,1,539.0,644.6632133549313,539.0,751.1017320936281,4815,horizon
1053,2025-11-23,2,379.0,566.9017388765683,473.3021971214348,660.5012806317018,4815,horizon
1053,2025-11-24,3,332.0,576.6637182725069,481.4524037260364,671.8750328189775,4815,horizon
1053,2025-11-25,4,260.0,548.0706323807625,374.6396041553112,721.5016606062138,6420,horizon
1053,2025-11-26,5,250.0,710.6121125754394,485.7465896444492,935.4776355064296,6420,horizon
1053,2025-11-27,6,286.0,1053.4000142915645,720.0629646166078,1386.7370639665212,6420,horizon
1053,2025-11-28,7,134.0,467.05148805224854,319.2580924176976,614.8448836867994,6420,horizon
1053,2025-11-29,8,80.0,321.8859297819057,180.71942845323287,463.05243111057854,11235,horizon
1053,2025-11-30,9,55.0,310.0756130535223,174.08865185963887,446.0625742474058,11235,horizon
1053,2025-12-01,10,37.0,268.73341767244773,150.87751639518444,386.589318949711,11235,horizon
1053,2025-12-02,11,43.0,302.28292343256953,169.71352923353896,434.8523176316001,11235,horizon
1053,2025-12-03,12,102.0,641.2499890548322,360.0229795572303,922.4769985524341,11235,horizon
1053,2025-12-04,13,80.0,912.0805169779428,512.0778961766495,1312.083137779236,11235,horizon
1053,2025-12-05,14,8.0,248.6343478950677,139.5931076449454,357.67558814519,11235,horizon
1053,2025-12-06,15,14.0,292.7079409111919,137.47326157084072,447.9426202515431,11235,horizon
1053,2025-12-07,16,15.0,297.7467206401126,139.83977571977502,455.6536655604501,11235,horizon
1053,2025-12-08,17,39.0,279.93417866023253,131.47393420820296,428.3944231122621,11235,horizon
1053,2025-12-09,18,19.0,285.3167991768622,134.00193668027705,436.6316616734474,11235,horizon
1053,2025-12-10,19,19.0,423.7838004531241,199.03437217254438,648.5332287337038,11235,horizon
1053,2025-12-11,20,19.0,912.9832382509156,428.79186376409757,1397.1746127377337,11235,horizon
1053,2025-12-12,21,13.0,344.9866942478086,162.02650980069552,527.9468786949217,11235,horizon
1053,2025-12-13,22,16.0,287.0839339791802,39.2718144014425,534.8960535569179,14445,horizon
1053,2025-12-14,23,9.0,271.3952464576667,37.12567122997618,505.6648216853572,14445,horizon
1053,2025-12-15,24,11.0,284.38949006479595,38.90322637265899,529.8757537569329,14445,horizon
1053,2025-12-16,25,19.0,314.44362826230577,43.01449975855843,585.872756766053,14445,horizon
1053,2025-12-17,26,20.0,471.5254778707118,64.5026031092113,878.5483526322123,14445,horizon
1053,2025-12-18,27,12.0,635.1888385438564,86.89102810946986,1183.486648978243,14445,horizon
1053,2025-12-19,28,4.0,357.4910124900864,48.90319182303176,666.078833157141,14445,horizon
1053,2025-12-20,29,4.0,323.25213857951377,44.21946507144031,602.2848120875872,14445,horizon
1053,2025-12-21,30,0.0,266.8397487853616,36.502499265550114,497.17699830517313,14445,horizon
1054,2025-11-22,1,19.0,20.109345283417525,19.0,23.429542373046587,4815,horizon
1054,2025-11-23,2,20.0,23.60382629227085,20.0,27.5009872517742,4815,horizon
1054,2025-11-24,3,4.0,6.582355975150033,5.495561808379356,7.669150141920711,4815,horizon
1054,2025-11-25,4,5.0,7.838467502852339,5.358069177501047,10.31886582820363,6420,horizon
1054,2025-11-26,5,2.0,7.2373321346417825,4.9471565996607145,9.52750766962285,6420,horizon
1054,2025-11-27,6,2.0,9.550755615647525,6.528522222924886,12.572989008370163,6420,horizon
1054,2025-11-28,7,0.0,2.9012628669615683,1.98318958873509,3.8193361451880463,6420,horizon
1054,2025-11-29,8,0.0,2.3544264373196673,1.3218676578248802,3.3869852168144545,11235,horizon
1054,2025-11-30,9,0.0,3.1217860013966794,1.7526935157059012,4.490878487087458,11235,horizon
1054,2025-12-01,10,0.0,3.893483043097458,2.185954604221659,5.601011481973257,11235,horizon
1054,2025-12-02,11,0.0,5.1276962447710215,2.8788904667708746,7.376502022771168,11235,horizon
1054,2025-12-03,12,2.0,11.277705298519141,6.33174757651971,16.223663020518572,11235,horizon
1054,2025-12-04,13,0.0,14.52348480394579,8.154055925018683,20.892913682872894,11235,horizon
1054,2025-12-05,14,0.0,4.965160941499408,2.7876367511125957,7.142685131886221,11235,horizon
1054,2025-12-06,15,0.0,4.830147110277595,2.2685277175937495,7.391766502961441,11235,horizon
1054,2025-12-07,16,0.0,4.184167934638767,1.9651370275240998,6.403198841753434,11235,horizon
1054,2025-12-08,17,0.0,4.094093660943641,1.9228327287409983,6.265354593146284,11235,horizon
1054,2025-12-09,18,1.0,6.020431901104087,2.8275570759490463,9.213306726259127,11235,horizon
1054,2025-12-10,19,1.0,8.218621109181413,3.859958995225637,12.57728322313719,11235,horizon
1054,2025-12-11,20,1.0,17.94223999430246,8.426755503199368,27.457724485405556,11235,horizon
1054,2025-12-12,21,0.0,5.219087673063321,2.451197608806488,7.986977737320153,11235,horizon
1054,2025-12-13,22,0.0,3.976666150800513,0.543990368412822,7.409341933188204,14445,horizon
1054,2025-12-14,23,0.0,3.6594293245313083,0.5005937715017232,6.818264877560893,14445,horizon
1054,2025-12-15,24,0.0,4.851075370491088,0.6636056882624128,9.038545052719764,14445,horizon
1054,2025-12-16,25,0.0,5.858790887517312,0.8014567209049339,10.91612505412969,14445,horizon
1054,2025-12-17,26,0.0,7.84562919860707,1.0732474279545698,14.61801096925957,14445,horizon
1054,2025-12-18,27,0.0,14.76093656939263,2.0192309381781453,27.502642200607113,14445,horizon
1054,2025-12-19,28,0.0,7.700271161721943,1.0533630904119313,14.347179233031955,14445,horizon
1054,2025-12-20,29,0.0,4.843778154046136,0.6626074612773589,9.024948846814913,14445,horizon
1054,2025-12-21,30,0.0,2.9197049590788837,0.39940274494159844,5.440007173216169,14445,horizon
1120,2025-11-22,1,16.0,19.178656882677522,16.012123121015513,22.34519064433953,4815,horizon
1120,2025-11-23,2,16.0,21.751532934204246,18.16019888899946,25.34286697940903,4815,horizon
1120,2025-11-24,3,8.0,15.932627268664659,13.30203627020054,18.563218267128775,4815,horizon
1120,2025-11-25,4,5.0,12.845798440147297,8.780884357496946,16.910712522797645,6420,horizon
1120,2025-11-26,5,8.0,19.475437939608447,13.312646088610858,25.638229790606037,6420,horizon
1120,2025-11-27,6,32.0,77.28420717525476,52.82845508036527,101.73995927014425,6420,horizon
1120,2025-11-28,7,7.0,19.6194173460631,13.41106476798139,25.827769924144807,6420,horizon
1120,2025-11-29,8,0.0,9.591151596222028,5.3848499555478,13.797453236896256,11235,horizon
1120,2025-11-30,9,4.0,15.767600793938078,8.852551602643587,22.68264998523257,11235,horizon
1120,2025-12-01,10,2.0,15.473312736776553,8.687326705963953,22.25929876758915,11235,horizon
1120,2025-12-02,11,8.0,20.00513241968469,11.231668620825456,28.77859621854392,11235,horizon
1120,2025-12-03,12,0.0,14.756611261525306,8.284942292744176,21.228280230306435,11235,horizon
1120,2025-12-04,13,6.0,64.30082329596331,36.101012687917844,92.50063390400878,11235,horizon
1120,2025-12-05,14,5.0,25.5394565835469,14.338856003777407,36.74005716331639,11235,horizon
1120,2025-12-06,15,0.0,17.084898559577578,8.024096378392047,26.14570074076311,11235,horizon
1120,2025-12-07,16,0.0,16.194379116111435,7.605854864327064,24.782903367895806,11235,horizon
1120,2025-12-08,17,0.0,16.79225017074895,7.886651086062484,25.697849255435415,11235,horizon
1120,2025-12-09,18,1.0,16.82944202260773,7.904118617564942,25.75476542765052,11235,horizon
1120,2025-12-10,19,0.0,20.96918026797738,9.848388789631036,32.08997174632372,11235,horizon
1120,2025-12-11,20,0.0,63.16450254020392,29.665851061881696,96.66315401852614,11235,horizon
1120,2025-12-12,21,0.0,20.88471358628755,9.808718153467838,31.960709019107263,11235,horizon
1120,2025-12-13,22,0.0,18.012739064511027,2.464063159502304,33.56141496951975,14445,horizon
1120,2025-12-14,23,0.0,16.337318333901017,2.234873002237645,30.43976366556439,14445,horizon
1120,2025-12-15,24,0.0,20.288454320121804,2.775370956877545,37.801537683366064,14445,horizon
1120,2025-12-16,25,0.0,20.790025814822677,2.8439837224054685,38.736067907239885,14445,horizon
1120,2025-12-17,26,0.0,23.101039875008578,3.160120240366542,43.04195950965061,14445,horizon
1120,2025-12-18,27,0.0,50.90268495201517,6.963262514424137,94.84210738960621,14445,horizon
1120,2025-12-19,28,2.0,25.18704477786981,3.4454764992493736,46.92861305649025,14445,horizon
1120,2025-12-20,29,0.0,18.913385768004666,2.5872676512710377,35.2395038847383,14445,horizon
1120,2025-12-21,30,1.0,14.232452758154931,1.9469366865931743,26.517968829716686,14445,horizon
1156,2025-11-22,1,0.0,1.3489376408701964e-16,0.0,0.16510716996673924,4815,horizon
1156,2025-11-23,2,0.0,1.3489376408701964e-16,0.0,0.16510716996673924,4815,horizon
1156,2025-11-24,3,0.0,1.3489376408701964e-16,0.0,0.16510716996673924,4815,horizon
1156,2025-11-25,4,0.0,1.3489376408701964e-16,0.0,0.3164391922845507,6420,horizon
1156,2025-11-26,5,0.0,1.3489376408701964e-16,0.0,0.3164391922845507,6420,horizon
1156,2025-11-27,6,0.0,1.3489376408701964e-16,0.0,0.3164391922845507,6420,horizon
1156,2025-11-28,7,0.0,1.3489376408701964e-16,0.0,0.3164391922845507,6420,horizon
1156,2025-11-29,8,0.0,1.5006439558569507e-16,0.0,0.4385606460783187,11235,horizon
1156,2025-11-30,9,0.0,1.5006439558569507e-16,0.0,0.4385606460783187,11235,horizon
1156,2025-12-01,10,0.0,1.5006439558569507e-16,0.0,0.4385606460783187,11235,horizon
1156,2025-12-02,11,0.0,1.5006439558569507e-16,0.0,0.4385606460783187,11235,horizon
1156,2025-12-03,12,0.0,1.5006439558569507e-16,0.0,0.4385606460783187,11235,horizon
1156,2025-12-04,13,0.0,1.5006439558569507e-16,0.0,0.4385606460783187,11235,horizon
1156,2025-12-05,14,0.0,1.5006439558569507e-16,0.0,0.4385606460783187,11235,horizon
1156,2025-12-06,15,0.0,2.0936493878579075e-16,0.0,0.530339829036103,11235,horizon
1156,2025-12-07,16,0.0,2.0936493878579075e-16,0.0,0.530339829036103,11235,horizon
1156,2025-12-08,17,0.0,2.0936493878579075e-16,0.0,0.530339829036103,11235,horizon
1156,2025-12-09,18,0.0,2.0936493878579075e-16,0.0,0.530339829036103,11235,horizon
1156,2025-12-10,19,0.0,2.0936493878579075e-16,0.0,0.530339829036103,11235,horizon
1156,2025-12-11,20,0.0,2.0936493878579075e-16,0.0,0.530339829036103,11235,horizon
1156,2025-12-12,21,0.0,2.0936493878579075e-16,0.0,0.530339829036103,11235,horizon
1156,2025-12-13,22,0.0,0.00010846784112831061,0.0,0.8633128838559564,14445,horizon
1156,2025-12-14,23,0.0,2.085521617919071e-16,0.0,0.8632044160148283,14445,horizon
1156,2025-12-15,24,0.0,2.085521617919071e-16,0.0,0.8632044160148283,14445,horizon
1156,2025-12-16,25,0.0,2.085521617919071e-16,0.0,0.8632044160148283,14445,horizon
1156,2025-12-17,26,0.0,2.085521617919071e-16,0.0,0.8632044160148283,14445,horizon
1156,2025-12-18,27,0.0,2.085521617919071e-16,0.0,0.8632044160148283,14445,horizon
1156,2025-12-19,28,0.0,2.085521617919071e-16,0.0,0.8632044160148283,14445,horizon
1156,2025-12-20,29,0.0,2.085521617919071e-16,0.0,0.8632044160148283,14445,horizon
1156,2025-12-21,30,0.0,2.085521617919071e-16,0.0,0.8632044160148283,14445,horizon
1173,2025-11-22,1,0.0,0.002869666073296187,0.0,0.1679768360400353,4815,horizon
1173,2025-11-23,2,0.0,0.07996026382823436,0.0,0.24506743379497348,4815,horizon
1173,2025-11-24,3,7.0,7.706807119189054,7.0,8.979256232117876,4815,horizon
1173,2025-11-25,4,2.0,2.7138890171185794,2.0,3.5726698656454956,6420,horizon
1173,2025-11-26,5,0.0,1.3248521956380441,0.905617036953928,1.7440873543221602,6420,horizon
1173,2025-11-27,6,3.0,8.104841188695303,5.540151789350005,10.669530588040601,6420,horizon
1173,2025-11-28,7,0.0,0.39508683418638446,0.07864764190183388,0.7115260264709351,6420,horizon
1173,2025-11-29,8,0.0,0.28596372163004524,0.0,0.7245243677083637,11235,horizon
1173,2025-11-30,9,0.0,0.5633867071839371,0.12482606110561861,1.0019473532622556,11235,horizon
1173,2025-12-01,10,0.0,0.51570529782221,0.07714465174389146,0.9542659439005285,11235,horizon
1173,2025-12-02,11,0.0,0.7000436336299423,0.26148298755162375,1.1386042797082607,11235,horizon
1173,2025-12-03,12,0.0,1.8066891784024874,1.014346405059586,2.599031951745389,11235,horizon
1173,2025-12-04,13,0.0,7.1567003338042,4.018053211622112,10.295347455986288,11235,horizon
1173,2025-12-05,14,0.0,1.120114837569532,0.6288765507231273,1.6113531244159367,11235,horizon
1173,2025-12-06,15,0.0,1.3869768243261027,0.6514077724359606,2.122545876216245,11235,horizon
1173,2025-12-07,16,0.0,1.409944335679858,0.6621946977449806,2.1576939736147356,11235,horizon
1173,2025-12-08,17,0.0,1.38818057432981,0.6519731258684995,2.1243880227911203,11235,horizon
1173,2025-12-09,18,0.0,1.3584869744714756,0.6380272246825007,2.0789467242604505,11235,horizon
1173,2025-12-10,19,0.0,2.5627987810054718,1.2036445136330973,3.921953048377846,11235,horizon
1173,2025-12-11,20,0.0,9.118776866649208,4.282726302172098,13.954827431126319,11235,horizon
1173,2025-12-12,21,0.0,1.4542577243687187,0.6830069314525805,2.2255085172848568,11235,horizon
1173,2025-12-13,22,0.0,1.17061071978084,0.1601343770317225,2.1810870625299574,14445,horizon
1173,2025-12-14,23,0.0,1.053854778459231,0.1441626798548944,1.9635468770635676,14445,horizon
1173,2025-12-15,24,0.0,1.7805602561717604,0.24357278006380323,3.3175477322797176,14445,horizon
1173,2025-12-16,25,0.0,1.7674831577439996,0.24178389074754603,3.2931824247404533,14445,horizon
1173,2025-12-17,26,0.0,3.5782551645858662,0.489489504887481,6.6670208242842515,14445,horizon
1173,2025-12-18,27,0.0,7.929364560035974,1.0847020556214462,14.7740270644505,14445,horizon
1173,2025-12-19,28,0.0,2.1893726364073642,0.29949650835850083,4.079248764456228,14445,horizon
1173,2025-12-20,29,0.0,1.6813735186806706,0.23000447238512556,3.1327425649762155,14445,horizon
1173,2025-12-21,30,0.0,1.0512334894801185,0.1438040990982029,1.9586628798620342,14445,horizon
1177,2025-11-22,1,36.0,41.45906462875335,36.0,48.30425345907496,4815,horizon
1177,2025-11-23,2,44.0,56.45767799633178,47.136110559464,65.77924543319956,4815,horizon
1177,2025-11-24,3,31.0,43.81116841050523,36.57763038131051,51.04470643969995,4815,horizon
1177,2025-11-25,4,27.0,43.11715912731054,29.473200119459957,56.76111813516113,6420,horizon
1177,2025-11-26,5,40.0,83.2905052857483,56.93412506815402,109.64688550334257,6420,horizon
1177,2025-11-27,6,38.0,126.84433303522671,86.70581474368703,166.9828513267664,6420,horizon
1177,2025-11-28,7,4.0,19.35669104630957,13.231475366313777,25.481906726305365,6420,horizon
1177,2025-11-29,8,1.0,9.553261343578425,5.363576876583646,13.742945810573204,11235,horizon
1177,2025-11-30,9,4.0,17.50036411576734,9.825393122550594,25.175335108984086,11235,horizon
1177,2025-12-01,10,6.0,20.913885395799284,11.74187830460964,30.085892486988925,11235,horizon
1177,2025-12-02,11,8.0,25.87155612446437,14.525309755467797,37.217802493460944,11235,horizon
1177,2025-12-03,12,7.0,44.78159373203982,25.142149052499658,64.42103841157999,11235,horizon
1177,2025-12-04,13,14.0,123.33605189615808,69.24571329182997,177.4263905004862,11235,horizon
1177,2025-12-05,14,2.0,23.92660938075539,13.43334011226775,34.41987864924303,11235,horizon
1177,2025-12-06,15,1.0,23.858754037870046,11.20550650041162,36.51200157532847,11235,horizon
1177,2025-12-07,16,1.0,20.37828489108563,9.57086876589828,31.18570101627298,11235,horizon
1177,2025-12-08,17,1.0,19.684847133795305,9.245188670256486,30.124505597334124,11235,horizon
1177,2025-12-09,18,2.0,22.890383576140156,10.750701463799171,35.030065688481145,11235,horizon
1177,2025-12-10,19,1.0,37.547780367624824,17.634696946773538,57.46086378847611,11235,horizon
1177,2025-12-11,20,1.0,126.28217168756899,59.30970634447587,193.2546370306621,11235,horizon
1177,2025-12-12,21,0.0,29.43241379831744,13.823232496397937,45.04159510023695,11235,horizon
1177,2025-12-13,22,0.0,19.916395941802218,2.7244750137387435,37.10831686986569,14445,horizon
1177,2025-12-14,23,2.0,19.892911008682063,2.721262378597718,37.06455963876641,14445,horizon
1177,2025-12-15,24,2.0,23.704092656657124,3.2426151978060354,44.16557011550822,14445,horizon
1177,2025-12-16,25,0.0,26.60257625472775,3.6391149542755485,49.56603755517995,14445,horizon
1177,2025-12-17,26,3.0,46.32179569334843,6.336617093113418,86.30697429358344,14445,horizon
1177,2025-12-18,27,6.0,92.96651998829203,12.717409392867566,173.21563058371652,14445,horizon
1177,2025-12-19,28,2.0,37.9288787363978,5.188503116648306,70.66925435614729,14445,horizon
1177,2025-12-20,29,1.0,24.109063337315664,3.2980133985635938,44.92011327606774,14445,horizon
1177,2025-12-21,30,1.0,19.55182745061129,2.674603654083686,36.4290512471389,14445,horizon
1183,2025-11-22,1,31189.0,37351.060119315116,31189.0,43517.98795087277,4815,horizon
1183,2025-11-23,2,26662.0,38184.75982390274,31880.18219351852,44489.337454286964,4815,horizon
1183,2025-11-24,3,23185.0,36812.29540202456,30734.321488216683,42890.26931583244,4815,horizon
1183,2025-11-25,4,21661.0,36288.74290696393,24805.562412462554,47771.92340146531,6420,horizon
1183,2025-11-26,5,20506.0,41839.54301028464,28599.871814555452,55079.21420601382,6420,horizon
1183,2025-11-27,6,21334.0,50982.540624479116,34849.66664865466,67115.41460030357,6420,horizon
1183,2025-11-28,7,12597.0,31088.927146412505,21251.17215120849,40926.68214161652,6420,horizon
1183,2025-11-29,8,11806.0,32530.557680723614,18263.93528697746,46797.18007446977,11235,horizon
1183,2025-11-30,9,11493.0,32127.75471644022,18037.785850952452,46217.72358192799,11235,horizon
1183,2025-12-01,10,10991.0,33362.31615317687,18730.9172263705,47993.715079983245,11235,horizon
1183,2025-12-02,11,10815.0,33909.145409867444,19037.92869095233,48780.36212878256,11235,horizon
1183,2025-12-03,12,11064.0,40928.90068197651,22979.095555613563,58878.705808339466,11235,horizon
1183,2025-12-04,13,12032.0,55461.880599235395,31138.48241091616,79785.27878755463,11235,horizon
1183,2025-12-05,14,8997.0,39411.10317097676,22126.944301653926,56695.262040299596,11235,horizon
1183,2025-12-06,15,8560.0,37072.05019204698,17411.265431178967,56732.834952915,11235,horizon
1183,2025-12-07,16,8375.0,35469.57908742472,16658.648578217366,54280.509596632066,11235,horizon
1183,2025-12-08,17,8087.0,37748.28302198962,17728.865057701223,57767.70098627802,11235,horizon
1183,2025-12-09,18,8003.0,38740.40093020254,18194.823324088848,59285.97853631622,11235,horizon
1183,2025-12-10,19,8261.0,47792.551259674095,22446.25779541936,73138.84472392884,11235,horizon
1183,2025-12-11,20,8891.0,61041.1409246,28668.59268247898,93413.68916672101,11235,horizon
1183,2025-12-12,21,6767.0,37807.108603721834,17756.493090474625,57857.72411696904,11235,horizon
1183,2025-12-13,22,6772.0,37557.9513089167,6772.0,69978.14073524349,14445,horizon
1183,2025-12-14,23,6528.0,35573.33296015712,6528.0,66280.39106373058,14445,horizon
1183,2025-12-15,24,6336.0,38679.16124341859,6336.0,72067.1840364871,14445,horizon
1183,2025-12-16,25,6241.0,38776.62330037697,6241.0,72248.77577140584,14445,horizon
1183,2025-12-17,26,6309.0,44063.135154139694,6309.0,82098.6280026513,14445,horizon
1183,2025-12-18,27,6492.0,57683.67387464271,7890.871854091951,107476.47589519346,14445,horizon
1183,2025-12-19,28,5030.0,37969.88041532897,5194.111965262069,70745.64886539587,14445,horizon
1183,2025-12-20,29,5034.0,35214.13956720123,5034.0,65611.14034777181,14445,horizon
1183,2025-12-21,30,2692.0,28492.237698204608,3897.6122949702294,53086.86310143898,14445,horizon
1209,2025-11-22,1,0.0,1.3489376408701964e-16,0.0,0.16510716996673924,4815,horizon
1209,2025-11-23,2,1.0,1.0,1.0,1.165107169966739,4815,horizon
1209,2025-11-24,3,0.0,1.3489376408701964e-16,0.0,0.16510716996673924,4815,horizon
1209,2025-11-25,4,0.0,1.3489376408701964e-16,0.0,0.3164391922845507,6420,horizon
1209,2025-11-26,5,0.0,1.3489376408701964e-16,0.0,0.3164391922845507,6420,horizon
1209,2025-11-27,6,2.0,5.478856682530828,3.74513169926796,7.212581665793696,6420,horizon
1209,2025-11-28,7,0.0,0.0,0.0,0.3164391922845506,6420,horizon
1209,2025-11-29,8,0.0,0.00011415518465412234,0.0,0.43867480126297265,11235,horizon
1209,2025-11-30,9,0.0,0.0013931066010971006,0.0,0.4399537526794156,11235,horizon
1209,2025-12-01,10,1.0,3.041797669584942,1.7077849183722462,4.375810420797638,11235,horizon
1209,2025-12-02,11,1.0,3.4979687646354436,1.9638973232551458,5.032040206015742,11235,horizon
1209,2025-12-03,12,0.0,0.0,0.0,0.4385606460783185,11235,horizon
1209,2025-12-04,13,0.0,0.005182880160411686,0.0,0.4437435262387302,11235,horizon
1209,2025-12-05,14,0.0,1.9574079181643212e-05,0.0,0.43858022015750014,11235,horizon
1209,2025-12-06,15,3.0,4.623025005137538,3.0,7.074799295991808,11235,horizon
1209,2025-12-07,16,3.0,4.665082588966648,3.0,7.139161691638519,11235,horizon
1209,2025-12-08,17,3.0,4.9560851466257985,3.0,7.584494495975693,11235,horizon
1209,2025-12-09,18,2.0,4.464875398090006,2.0969741427994513,6.832776653380561,11235,horizon
1209,2025-12-10,19,2.0,4.805369328257086,2.256890580253891,7.353848076260281,11235,horizon
1209,2025-12-11,20,2.0,7.576516036948531,3.558387817223956,11.594644256673106,11235,horizon
1209,2025-12-12,21,2.0,4.010271007741661,2.0,6.137077448375813,11235,horizon
1209,2025-12-13,22,2.0,3.522609225206459,2.0,6.563341064299246,14445,horizon
1209,2025-12-14,23,2.0,3.3769951764154404,2.0,6.292032325558022,14445,horizon
1209,2025-12-15,24,2.0,4.196953257797016,2.0,7.81978184373522,14445,horizon
1209,2025-12-16,25,2.0,5.060635165775116,2.0,9.428997788712127,14445,horizon
1209,2025-12-17,26,2.0,4.903170245290077,2.0,9.13560845349698,14445,horizon
1209,2025-12-18,27,2.0,6.990750327065651,2.0,13.025196880645826,14445,horizon
1209,2025-12-19,28,0.0,0.034710594763257566,0.0,0.8979150107780857,14445,horizon
1209,2025-12-20,29,0.0,0.023528596676017026,0.0,0.8867330126908451,14445,horizon
1209,2025-12-21,30,0.0,0.007516404154658842,0.0,0.8707208201694869,14445,horizon
1224,2025-11-22,1,17.0,21.69660807566536,18.114342518414755,25.278873632915964,4815,horizon
1224,2025-11-23,2,11.0,19.68190126464873,16.432278247277793,22.931524282019666,4815,horizon
1224,2025-11-24,3,8.0,19.308239677840685,16.120310867592906,22.496168488088465,4815,horizon
1224,2025-11-25,4,2.0,11.160277156805325,7.628728067634127,14.691826245976522,6420,horizon
1224,2025-11-26,5,11.0,27.292778017452903,18.656273386408568,35.929282648497235,6420,horizon
1224,2025-11-27,6,15.0,44.426279528576806,30.368063518346297,58.484495538807316,6420,horizon
1224,2025-11-28,7,5.0,20.54194500671392,14.04166852083571,27.04222149259213,6420,horizon
1224,2025-11-29,8,2.0,21.40854768892523,12.019601182871687,30.797494194978768,11235,horizon
1224,2025-11-30,9,2.0,21.643299579410968,12.151400132597894,31.135199026224043,11235,horizon
1224,2025-12-01,10,4.0,23.95293777189232,13.448121907177464,34.45775363660717,11235,horizon
1224,2025-12-02,11,9.0,27.156406945772833,15.246675570468962,39.06613832107671,11235,horizon
1224,2025-12-03,12,12.0,34.00389502904257,19.091124855926335,48.916665202158796,11235,horizon
1224,2025-12-04,13,9.0,50.21326924683545,28.191705444238735,72.23483304943217,11235,horizon
1224,2025-12-05,14,8.0,30.74299477223384,17.2603271225406,44.22566242192708,11235,horizon
1224,2025-12-06,15,2.0,24.86408776393869,11.677671710072792,38.05050381780459,11235,horizon
1224,2025-12-07,16,4.0,26.16058081593131,12.286582858525149,40.03457877333747,11235,horizon
1224,2025-12-08,17,2.0,25.328330351768486,11.895707963241653,38.760952740295316,11235,horizon
1224,2025-12-09,18,3.0,26.763399221825768,12.569702654097725,40.95709578955381,11235,horizon
1224,2025-12-10,19,2.0,28.198136430338774,13.243541576736208,43.15273128394134,11235,horizon
1224,2025-12-11,20,8.0,62.686027635033305,29.441130456117328,95.93092481394928,11235,horizon
1224,2025-12-12,21,3.0,27.345422701822084,12.843055901217797,41.84778950242637,11235,horizon
1224,2025-12-13,22,3.0,27.696901463513477,3.7888138102810878,51.60498911674587,14445,horizon
1224,2025-12-14,23,4.0,26.993601194713612,4.0,50.29459695013354,14445,horizon
1224,2025-12-15,24,5.0,30.761725934787147,5.0,57.31538360593328,14445,horizon
1224,2025-12-16,25,2.0,32.32128478745974,4.421409027651606,60.22116054726787,14445,horizon
1224,2025-12-17,26,2.0,33.74525651795287,4.616202072102791,62.87431096380294,14445,horizon
1224,2025-12-18,27,5.0,46.88126909358783,6.4131505836233345,87.34938760355233,14445,horizon
1224,2025-12-19,28,2.0,33.0041681006486,4.514824449273007,61.49351175202419,14445,horizon
1224,2025-12-20,29,2.0,30.86129620168748,4.221689036449206,57.500903366925755,14445,horizon
1224,2025-12-21,30,2.0,24.559707494136855,3.359659529165455,45.759755459108256,14445,horizon
1239,2025-11-22,1,5.0,5.452451570230338,5.0,6.352690418371773,4815,horizon
1239,2025-11-23,2,5.0,7.19928817909193,6.010634082067063,8.387942276116796,4815,horizon
1239,2025-11-24,3,7.0,9.759119645170003,8.147819019189177,11.370420271150829,4815,horizon
1239,2025-11-25,4,7.0,10.16507791493486,7.0,13.38170695984637,6420,horizon
1239,2025-11-26,5,8.0,12.208130250729013,8.344999374883736,16.071261126574292,6420,horizon
1239,2025-11-27,6,8.0,17.071603726780282,11.669479232476005,22.473728221084556,6420,horizon
1239,2025-11-28,7,5.0,8.290951929382015,5.667369797578333,10.914534061185696,6420,horizon
1239,2025-11-29,8,5.0,8.716550308853606,5.0,12.53928624387861,11235,horizon
1239,2025-11-30,9,5.0,9.296606701225496,5.219480860000017,13.373732542450975,11235,horizon
1239,2025-12-01,10,5.0,10.108778130167423,5.675465862338821,14.542090397996024,11235,horizon
1239,2025-12-02,11,2.0,7.392983689247811,4.15071198604482,10.635255392450802,11235,horizon
1239,2025-12-03,12,2.0,7.611733241897441,4.2735265935550855,10.949939890239797,11235,horizon
1239,2025-12-04,13,2.0,16.65202382674287,9.349101498774964,23.954946154710775,11235,horizon
1239,2025-12-05,14,2.0,7.4843682051901625,4.20201884963394,10.766717560746386,11235,horizon
1239,2025-12-06,15,2.0,8.900640375541471,4.180276280464974,13.621004470617969,11235,horizon
1239,2025-12-07,16,2.0,8.998398595361719,4.226189422698877,13.770607768024561,11235,horizon
1239,2025-12-08,17,2.0,9.2916293534185,4.363908230659699,14.2193504761773,11235,horizon
1239,2025-12-09,18,2.0,9.771174662375628,4.589131562449438,14.953217762301819,11235,horizon
1239,2025-12-10,19,4.0,12.983170999519386,6.097678311287787,19.868663687750985,11235,horizon
1239,2025-12-11,20,4.0,19.54376175868375,9.178926488861087,29.908597028506414,11235,horizon
1239,2025-12-12,21,2.0,9.255416794037131,4.346900633829605,14.163932954244657,11235,horizon
1239,2025-12-13,22,2.0,9.227470955655168,2.0,17.192664633225274,14445,horizon
1239,2025-12-14,23,2.0,8.651394941354408,2.0,16.119317259419876,14445,horizon
1239,2025-12-15,24,2.0,10.207815368538455,2.0,19.01924667252488,14445,horizon
1239,2025-12-16,25,2.0,11.17016487578318,2.0,20.812300524172947,14445,horizon
1239,2025-12-17,26,2.0,11.067590087465918,2.0,20.621182725608435,14445,horizon
1239,2025-12-18,27,2.0,16.847401219452614,2.3046500884475165,31.39015235045771,14445,horizon
1239,2025-12-19,28,2.0,9.925055200947154,2.0,18.492406679595675,14445,horizon
1239,2025-12-20,29,2.0,9.776470986254857,2.0,18.21556391463089,14445,horizon
1239,2025-12-21,30,2.0,8.71862550200761,2.0,16.244581536920077,14445,horizon
1265,2025-11-22,1,35.0,44.460648674741776,37.11987679716971,51.80142055231384,4815,horizon
1265,2025-11-23,2,29.0,45.33073644548291,37.84630683846111,52.815166052504715,4815,horizon
1265,2025-11-24,3,23.0,42.61755649625343,35.581092352259404,49.65402064024745,4815,horizon
1265,2025-11-25,4,23.0,49.97630343660614,34.16184234375888,65.7907645294534,6420,horizon
1265,2025-11-26,5,17.0,47.647599047162544,32.57003129038031,62.72516680394478,6420,horizon
1265,2025-11-27,6,23.0,62.094423788414645,42.44531447943413,81.74353309739516,6420,horizon
1265,2025-11-28,7,5.0,20.659326002166345,14.121905568897613,27.196746435435077,6420,horizon
1265,2025-11-29,8,7.0,34.523406795092306,19.382799206212013,49.6640143839726,11235,horizon
1265,2025-11-30,9,14.0,48.47138826583745,27.21374491165875,69.72903162001614,11235,horizon
1265,2025-12-01,10,17.0,51.83384674063267,29.101561425336264,74.56613205592907,11235,horizon
1265,2025-12-02,11,26.0,62.19536354343696,34.91892472475135,89.47180236212257,11235,horizon
1265,2025-12-03,12,27.0,66.58675915478356,37.3844270396003,95.78909126996683,11235,horizon
1265,2025-12-04,13,28.0,74.7443543073426,41.96442199160768,107.52428662307753,11235,horizon
1265,2025-12-05,14,23.0,45.49977177055459,25.54536246644413,65.45418107466504,11235,horizon
1265,2025-12-06,15,11.0,55.74248333673935,26.180024253885193,85.3049424195935,11235,horizon
1265,2025-12-07,16,8.0,50.8284102039948,23.872079826231296,77.7847405817583,11235,horizon
1265,2025-12-08,17,11.0,50.56462265712112,23.748189321868455,77.38105599237379,11235,horizon
1265,2025-12-09,18,19.0,59.08643276815547,27.750544115538716,90.42232142077222,11235,horizon
1265,2025-12-10,19,20.0,59.49905540758652,27.94433653491748,91.05377428025555,11235,horizon
1265,2025-12-11,20,16.0,64.94942762267482,30.504159281272727,99.3946959640769,11235,horizon
1265,2025-12-12,21,14.0,42.86568252072489,20.132303781167792,65.59906126028199,11235,horizon
1265,2025-12-13,22,14.0,56.53701266088078,14.0,105.34001165803932,14445,horizon
1265,2025-12-14,23,14.0,51.60410915221343,14.0,96.14900405691527,14445,horizon
1265,2025-12-15,24,9.0,52.94244760855669,9.0,98.64260217889651,14445,horizon
1265,2025-12-16,25,9.0,52.77631304603934,9.0,98.33305952836149,14445,horizon
1265,2025-12-17,26,9.0,50.79601703850098,9.0,94.64336326209947,14445,horizon
1265,2025-12-18,27,9.0,50.30674463144248,9.0,93.73174875263388,14445,horizon
1265,2025-12-19,28,9.0,39.99604950831513,9.0,74.52081606704044,14445,horizon
1265,2025-12-20,29,9.0,53.509389544629244,9.0,99.69893089781088,14445,horizon
1265,2025-12-21,30,9.0,47.461744058733586,9.0,88.43093112199796,14445,horizon
1297,2025-11-22,1,0.0,0.01135968005392484,0.0,0.17646685002066395,4815,horizon
1297,2025-11-23,2,0.0,0.014714592070444845,0.0,0.17982176203718395,4815,horizon
1297,2025-11-24,3,0.0,0.002444534305457601,0.0,0.1675517042721967,4815,horizon
1297,2025-11-25,4,0.0,0.0009954357694473743,0.0,0.31743462805399797,6420,horizon
1297,2025-11-26,5,1.0,1.2267101540144376,1.0,1.614889324318023,6420,horizon
1297,2025-11-27,6,1.0,1.555410897256865,1.0632179292583146,2.0476038652554154,6420,horizon
1297,2025-11-28,7,0.0,0.0,0.0,0.3164391922845506,6420,horizon
1297,2025-11-29,8,0.0,0.008728389910866205,0.0,0.44728903598918474,11235,horizon
1297,2025-11-30,9,0.0,0.0,0.0,0.4385606460783185,11235,horizon
1297,2025-12-01,10,0.0,0.007618643075821199,0.0,0.44617928915413974,11235,horizon
1297,2025-12-02,11,0.0,0.019943932912301125,0.0,0.45850457899061964,11235,horizon
1297,2025-12-03,12,0.0,0.14572577239074624,0.0,0.5842864184690648,11235,horizon
1297,2025-12-04,13,0.0,0.3237408560655233,0.0,0.7623015021438417,11235,horizon
1297,2025-12-05,14,0.0,0.04732118675016806,0.0,0.48588183282848657,11235,horizon
1297,2025-12-06,15,0.0,0.24398017615030815,0.0,0.774320005186411,11235,horizon
1297,2025-12-07,16,0.0,0.2556037944143859,0.0,0.7859436234504886,11235,horizon
1297,2025-12-08,17,0.0,0.2799282831170704,0.0,0.8102681121531732,11235,horizon
1297,2025-12-09,18,0.0,0.25821179161889657,0.0,0.7885516206549994,11235,horizon
1297,2025-12-10,19,0.0,0.33310036888575845,0.0,0.8634401979218612,11235,horizon
1297,2025-12-11,20,0.0,0.7759344688740725,0.2455946398379697,1.3062742979101754,11235,horizon
1297,2025-12-12,21,0.0,0.2352930000619587,0.0,0.7656328290980614,11235,horizon
1297,2025-12-13,22,0.0,0.3218274860453112,0.0,1.1850319020601394,14445,horizon
1297,2025-12-14,23,0.0,0.28859692598183073,0.0,1.1518013419966588,14445,horizon
1297,2025-12-15,24,0.0,0.4550757200404767,0.0,1.318280136055305,14445,horizon
1297,2025-12-16,25,0.0,0.5755936949294383,0.0,1.4387981109442665,14445,horizon
1297,2025-12-17,26,0.0,0.554022334070111,0.0,1.4172267500849391,14445,horizon
1297,2025-12-18,27,0.0,0.6687613115588543,0.0,1.5319657275736824,14445,horizon
1297,2025-12-19,28,0.0,0.5304086509602656,0.0,1.3936130669750937,14445,horizon
1297,2025-12-20,29,0.0,0.5756529868511696,0.0,1.4388574028659977,14445,horizon
1297,2025-12-21,30,0.0,0.2931254861354687,0.0,1.1563299021502969,14445,horizon
1299,2025-11-22,1,139.0,162.09041997027367,139.0,188.85271049028577,4815,horizon
1299,2025-11-23,2,287.0,396.65265348131476,331.16245640521726,462.14285055741226,4815,horizon
1299,2025-11-24,3,90.0,149.86563400697491,125.1217433008122,174.60952471313763,4815,horizon
1299,2025-11-25,4,114.0,207.238784745038,141.6603110902863,272.8172583997897,6420,horizon
1299,2025-11-26,5,152.0,318.20933634287564,217.5154309731332,418.90324171261807,6420,horizon
1299,2025-11-27,6,395.0,1277.1417995129166,873.0040800422119,1681.2795189836213,6420,horizon
1299,2025-11-28,7,63.0,209.43519788581338,143.16169303087156,275.7087027407552,6420,horizon
1299,2025-11-29,8,69.0,203.43279905351193,114.21517926708299,292.65041883994087,11235,horizon
1299,2025-11-30,9,68.0,206.92648838736167,116.17667394948266,297.67630282524067,11235,horizon
1299,2025-12-01,10,61.0,204.59399411237845,114.86711987071007,294.32086835404687,11235,horizon
1299,2025-12-02,11,44.0,174.0267617797149,97.7054726986855,250.34805086074428,11235,horizon
1299,2025-12-03,12,75.0,363.29562034814586,203.9684583708395,522.6227823254522,11235,horizon
1299,2025-12-04,13,97.0,1052.8623526323058,591.1183590303433,1514.6063462342684,11235,horizon
1299,2025-12-05,14,53.0,284.4382255006441,159.69481355571116,409.181637445577,11235,horizon
1299,2025-12-06,15,45.0,190.96347535297156,89.6879384821366,292.2390122238065,11235,horizon
1299,2025-12-07,16,36.0,177.46689532736897,83.34913239988417,271.58465825485376,11235,horizon
1299,2025-12-08,17,60.0,266.6119393711459,125.21700902606861,408.00686971622326,11235,horizon
1299,2025-12-09,18,60.0,273.42219602075147,128.41551532843036,418.42887671307255,11235,horizon
1299,2025-12-10,19,42.0,304.23882954203634,142.88886069656877,465.5887983875039,11235,horizon
1299,2025-12-11,20,57.0,1075.537948889249,505.137336953484,1645.938560825014,11235,horizon
1299,2025-12-12,21,35.0,266.6969741355075,125.25694646803652,408.1370018029785,11235,horizon
1299,2025-12-13,22,39.0,221.60927487983034,39.0,412.9033795859438,14445,horizon
1299,2025-12-14,23,32.0,195.56803932786718,32.0,364.3832345070437,14445,horizon
1299,2025-12-15,24,9.0,176.93427603768944,24.203827617569345,329.66472445780954,14445,horizon
1299,2025-12-16,25,22.0,263.275500414085,36.01492582813313,490.5360750000369,14445,horizon
1299,2025-12-17,26,34.0,375.16412072663246,51.32079498508324,699.0074464681817,14445,horizon
1299,2025-12-18,27,46.0,1066.9488160226565,145.95388637010706,1987.943745675206,14445,horizon
1299,2025-12-19,28,18.0,274.9367243920219,37.61012977217689,512.263319011867,14445,horizon
1299,2025-12-20,29,41.0,292.320459463506,41.0,544.6527709638879,14445,horizon
1299,2025-12-21,30,17.0,177.41866513718915,24.270089907311444,330.56724036706686,14445,horizon
1307,2025-11-22,1,1.0,1.0095035275505746,1.0,1.1761797980558901,4815,horizon
1307,2025-11-23,2,0.0,0.004909304367714033,0.0,0.17001647433445313,4815,horizon
1307,2025-11-24,3,0.0,0.0,0.0,0.1651071699667391,4815,horizon
1307,2025-11-25,4,0.0,0.0009262168113850938,0.0,0.3173654090959357,6420,horizon
1307,2025-11-26,5,0.0,0.027201108502495647,0.0,0.3436403007870462,6420,horizon
1307,2025-11-27,6,0.0,0.05291878016242446,0.0,0.36935797244697505,6420,horizon
1307,2025-11-28,7,0.0,0.0,0.0,0.3164391922845506,6420,horizon
1307,2025-11-29,8,0.0,0.031435586756289706,0.0,0.46999623283460823,11235,horizon
1307,2025-11-30,9,0.0,0.007815970304452993,0.0,0.4463766163827715,11235,horizon
1307,2025-12-01,10,0.0,0.0,0.0,0.4385606460783185,11235,horizon
1307,2025-12-02,11,0.0,0.03247849453425251,0.0,0.471039140612571,11235,horizon
1307,2025-12-03,12,0.0,0.03669287980019432,0.0,0.47525352587851283,11235,horizon
1307,2025-12-04,13,0.0,0.1312618280708245,0.0,0.569822474149143,11235,horizon
1307,2025-12-05,14,0.0,0.05535828345704152,0.0,0.49391892953536004,11235,horizon
1307,2025-12-06,15,0.0,0.20751747837103213,0.0,0.7378573074071348,11235,horizon
1307,2025-12-07,16,0.0,0.06974291320324841,0.0,0.6000827422393512,11235,horizon
1307,2025-12-08,17,0.0,0.035166634953271644,0.0,0.5655064639893744,11235,horizon
1307,2025-12-09,18,0.0,0.0,0.0,0.5303398290361028,11235,horizon
1307,2025-12-10,19,0.0,0.0,0.0,0.5303398290361028,11235,horizon
1307,2025-12-11,20,0.0,0.223684203992296,0.0,0.7540240330283987,11235,horizon
1307,2025-12-12,21,0.0,0.0974510495774853,0.0,0.6277908786135881,11235,horizon
1307,2025-12-13,22,0.0,0.09761561846109605,0.0,0.9608200344759241,14445,horizon
1307,2025-12-14,23,0.0,0.06472184421422421,0.0,0.9279262602290523,14445,horizon
1307,2025-12-15,24,0.0,0.11601449845717211,0.0,0.9792189144720003,14445,horizon
1307,2025-12-16,25,0.0,0.10196281709657502,0.0,0.9651672331114032,14445,horizon
1307,2025-12-17,26,0.0,0.0,0.0,0.8632044160148281,14445,horizon
1307,2025-12-18,27,0.0,0.0,0.0,0.8632044160148281,14445,horizon
1307,2025-12-19,28,0.0,0.3665301582717039,0.0,1.229734574286532,14445,horizon
1307,2025-12-20,29,0.0,0.20446967150130893,0.0,1.067674087516137,14445,horizon
1307,2025-12-21,30,0.0,0.012930673230351677,0.0,0.8761350892451798,14445,horizon
1317,2025-11-22,1,29.0,31.673257363544966,29.0,36.90273925046806,4815,horizon
1317,2025-11-23,2,18.0,22.38004009072717,18.684935007605045,26.075145173849297,4815,horizon
1317,2025-11-24,3,22.0,28.46441366512736,23.764734880115604,33.164092450139115,4815,horizon
1317,2025-11-25,4,14.0,20.530835339440074,14.03407438770055,27.0275962911796,6420,horizon
1317,2025-11-26,5,12.0,26.78463844389998,18.308929089078546,35.26034779872141,6420,horizon
1317,2025-11-27,6,6.0,22.135762934069227,15.131139990610066,29.140385877528388,6420,horizon
1317,2025-11-28,7,0.0,3.9830533265440407,2.722659149066152,5.24344750402193,6420,horizon
1317,2025-11-29,8,0.0,3.817373131148085,2.143223504429767,5.491522757866403,11235,horizon
1317,2025-11-30,9,0.0,5.039578435647305,2.829417660947461,7.249739210347148,11235,horizon
1317,2025-12-01,10,0.0,5.391004791075162,3.026722246889929,7.755287335260396,11235,horizon
1317,2025-12-02,11,4.0,12.020100337795737,6.748557367725824,17.29164330786565,11235,horizon
1317,2025-12-03,12,7.0,26.88666498081894,15.095231815939684,38.67809814569819,11235,horizon
1317,2025-12-04,13,5.0,47.442244273769425,26.6359429736597,68.24854557387916,11235,horizon
1317,2025-12-05,14,0.0,6.881687129992959,3.8636499761543974,9.899724283831521,11235,horizon
1317,2025-12-06,15,0.0,10.563184418696839,4.961107000008333,16.165261837385344,11235,horizon
1317,2025-12-07,16,0.0,8.160289711673368,3.832563061099446,12.48801636224729,11235,horizon
1317,2025-12-08,17,1.0,9.644745933869443,4.529753024204475,14.75973884353441,11235,horizon
1317,2025-12-09,18,2.0,10.257694555819008,4.817630578781393,15.697758532856621,11235,horizon
1317,2025-12-10,19,1.0,14.514036478535958,6.816664853885439,22.21140810318648,11235,horizon
1317,2025-12-11,20,1.0,32.10723237827314,15.07948824795734,49.134976508588935,11235,horizon
1317,2025-12-12,21,0.0,7.819128008308988,3.6723329971709964,11.96592301944698,11235,horizon
1317,2025-12-13,22,0.0,6.932332767013247,0.9483125092431193,12.916353024783376,14445,horizon
1317,2025-12-14,23,0.0,6.115742854318393,0.836606615259627,11.39487909337716,14445,horizon
1317,2025-12-15,24,2.0,11.532615838799876,2.0,21.48762075905448,14445,horizon
1317,2025-12-16,25,1.0,11.42996053655586,1.5635681265256274,21.296352946586094,14445,horizon
1317,2025-12-17,26,0.0,16.08030184009908,2.199714280874188,29.960889399323968,14445,horizon
1317,2025-12-18,27,2.0,28.699457836479294,3.9259590947990013,53.47295657815958,14445,horizon
1317,2025-12-19,28,0.0,10.0549155486677,1.3754680444015825,18.73436305293382,14445,horizon
1317,2025-12-20,29,0.0,7.915450968263526,1.082798737709603,14.74810319881745,14445,horizon
1317,2025-12-21,30,0.0,5.695167149136147,0.779073716059246,10.611260582213047,14445,horizon
1370,2025-11-22,1,0.0,1.3489376408701964e-16,0.0,0.16510716996673924,4815,horizon
1370,2025-11-23,2,0.0,1.3489376408701964e-16,0.0,0.16510716996673924,4815,horizon
1370,2025-11-24,3,0.0,1.3489376408701964e-16,0.0,0.16510716996673924,4815,horizon
1370,2025-11-25,4,0.0,1.3489376408701964e-16,0.0,0.3164391922845507,6420,horizon
1370,2025-11-26,5,0.0,1.3489376408701964e-16,0.0,0.3164391922845507,6420,horizon
1370,2025-11-27,6,0.0,1.3489376408701964e-16,0.0,0.3164391922845507,6420,horizon
1370,2025-11-28,7,0.0,1.3489376408701964e-16,0.0,0.3164391922845507,6420,horizon
1370,2025-11-29,8,0.0,1.5006439558569507e-16,0.0,0.4385606460783187,11235,horizon
1370,2025-11-30,9,0.0,1.5006439558569507e-16,0.0,0.4385606460783187,11235,horizon
1370,2025-12-01,10,0.0,1.5006439558569507e-16,0.0,0.4385606460783187,11235,horizon
1370,2025-12-02,11,0.0,1.5006439558569507e-16,0.0,0.4385606460783187,11235,horizon
1370,2025-12-03,12,0.0,1.5006439558569507e-16,0.0,0.4385606460783187,11235,horizon
1370,2025-12-04,13,0.0,1.5006439558569507e-16,0.0,0.4385606460783187,11235,horizon
1370,2025-12-05,14,0.0,1.5006439558569507e-16,0.0,0.4385606460783187,11235,horizon
1370,2025-12-06,15,0.0,2.0936493878579075e-16,0.0,0.530339829036103,11235,horizon
1370,2025-12-07,16,0.0,2.0936493878579075e-16,0.0,0.530339829036103,11235,horizon
1370,2025-12-08,17,0.0,2.0936493878579075e-16,0.0,0.530339829036103,11235,horizon
1370,2025-12-09,18,0.0,2.0936493878579075e-16,0.0,0.530339829036103,11235,horizon
1370,2025-12-10,19,0.0,2.0936493878579075e-16,0.0,0.530339829036103,11235,horizon
1370,2025-12-11,20,0.0,1.7087378568608024e-07,0.0,0.5303399999098884,11235,horizon
1370,2025-12-12,21,0.0,2.0936493878579075e-16,0.0,0.530339829036103,11235,horizon
1370,2025-12-13,22,0.0,2.085521617919071e-16,0.0,0.8632044160148283,14445,horizon
1370,2025-12-14,23,0.0,2.085521617919071e-16,0.0,0.8632044160148283,14445,horizon
1370,2025-12-15,24,0.0,2.085521617919071e-16,0.0,0.8632044160148283,14445,horizon
1370,2025-12-16,25,0.0,2.085521617919071e-16,0.0,0.8632044160148283,14445,horizon
1370,2025-12-17,26,0.0,2.085521617919071e-16,0.0,0.8632044160148283,14445,horizon
1370,2025-12-18,27,0.0,5.036257045696043e-08,0.0,0.8632044663773986,14445,horizon
1370,2025-12-19,28,0.0,2.085521617919071e-16,0.0,0.8632044160148283,14445,horizon
1370,2025-12-20,29,0.0,2.085521617919071e-16,0.0,0.8632044160148283,14445,horizon
1370,2025-12-21,30,0.0,2.085521617919071e-16,0.0,0.8632044160148283,14445,horizon
1371,2025-11-22,1,8.0,10.276780585118244,8.580010426340241,11.973550743896247,4815,horizon
1371,2025-11-23,2,7.0,11.002702578419921,9.186077493711265,12.819327663128577,4815,horizon
1371,2025-11-24,3,7.0,12.911823376508014,10.779988759702391,15.043657993313637,4815,horizon
1371,2025-11-25,4,6.0,12.42833426495373,8.495522208709367,16.361146321198092,6420,horizon
1371,2025-11-26,5,6.0,14.84635822447272,10.148388619553478,19.54432782939196,6420,horizon
1371,2025-11-27,6,11.0,23.152467159409316,15.826119152091248,30.478815166727383,6420,horizon
1371,2025-11-28,7,5.0,11.791068461481693,8.059912281358587,15.522224641604799,6420,horizon
1371,2025-11-29,8,9.0,17.351741767530015,9.741950687377908,24.961532847682122,11235,horizon
1371,2025-11-30,9,5.0,15.232988293954564,8.552399106054388,21.91357748185474,11235,horizon
1371,2025-12-01,10,5.0,15.691744732422608,8.809963024475298,22.573526440369918,11235,horizon
1371,2025-12-02,11,13.0,25.398964262224055,14.25997808566295,36.53795043878516,11235,horizon
1371,2025-12-03,12,7.0,21.083082355377083,11.836872136280512,30.329292574473655,11235,horizon
1371,2025-12-04,13,2.0,19.967818951637945,11.210719371432715,28.724918531843173,11235,horizon
1371,2025-12-05,14,7.0,17.942054049471416,10.07337523356312,25.810732865379713,11235,horizon
1371,2025-12-06,15,3.0,16.67830070173833,7.833133558965711,25.523467844510947,11235,horizon
1371,2025-12-07,16,3.0,17.332117295291834,8.140205172073083,26.524029418510587,11235,horizon
1371,2025-12-08,17,3.0,16.85612211109271,7.91664919248413,25.79559502970129,11235,horizon
1371,2025-12-09,18,4.0,17.362475825735874,8.154463364671644,26.570488286800106,11235,horizon
1371,2025-12-10,19,3.0,16.441941034973315,7.722124837463884,25.161757232482746,11235,horizon
1371,2025-12-11,20,2.0,20.648232943814563,9.697652614494322,31.5988132731348,11235,horizon
1371,2025-12-12,21,2.0,14.81990680910861,6.960319965634975,22.679493652582245,11235,horizon
1371,2025-12-13,22,1.0,16.662830276633542,2.2794015985378895,31.046258954729197,14445,horizon
1371,2025-12-14,23,1.0,15.193923927130669,2.078461696638117,28.309386157623223,14445,horizon
1371,2025-12-15,24,4.0,20.89544504972855,4.0,38.932485491249416,14445,horizon
1371,2025-12-16,25,1.0,18.71565737665883,2.560219280506434,34.87109547281122,14445,horizon
1371,2025-12-17,26,0.0,17.142949809999262,2.3450798304873413,31.94081978951118,14445,horizon
1371,2025-12-18,27,0.0,19.63092227067536,2.6854234761845532,36.576421065166166,14445,horizon
1371,2025-12-19,28,0.0,14.727802469296252,2.014698339605637,27.440906598986867,14445,horizon
1371,2025-12-20,29,0.0,16.39167666037092,2.2423089812515524,30.541044339490284,14445,horizon
1371,2025-12-21,30,0.0,12.594228779632775,1.7228348807527247,23.465622678512826,14445,horizon
1402,2025-11-22,1,0.0,0.0,0.0,0.1651071699667391,4815,horizon
1402,2025-11-23,2,0.0,0.0,0.0,0.1651071699667391,4815,horizon
1402,2025-11-24,3,0.0,0.00030551192824441125,0.0,0.1654126818949835,4815,horizon
1402,2025-11-25,4,0.0,0.0,0.0,0.3164391922845506,6420,horizon
1402,2025-11-26,5,0.0,0.03133868229698502,0.0,0.3477778745815356,6420,horizon
1402,2025-11-27,6,1.0,1.2707900197135444,1.0,1.6729177871149665,6420,horizon
1402,2025-11-28,7,0.0,0.00022830778401918784,0.0,0.31666750006856975,6420,horizon
1402,2025-11-29,8,0.0,0.000687745046849617,0.0,0.4392483911251681,11235,horizon
1402,2025-11-30,9,0.0,0.0015144993762300463,0.0,0.44007514545454857,11235,horizon
1402,2025-12-01,10,0.0,9.126093532342642e-05,0.0,0.43865190701364193,11235,horizon
1402,2025-12-02,11,0.0,0.0,0.0,0.4385606460783185,11235,horizon
1402,2025-12-03,12,0.0,0.027657676599093177,0.0,0.4662183226774117,11235,horizon
1402,2025-12-04,13,0.0,0.3609375325675502,0.0,0.7994981786458687,11235,horizon
1402,2025-12-05,14,0.0,0.0027843362612130036,0.0,0.4413449823395315,11235,horizon
1402,2025-12-06,15,0.0,0.07031962806119926,0.0,0.6006594570973021,11235,horizon
1402,2025-12-07,16,0.0,0.06330601710314437,0.0,0.5936458461392471,11235,horizon
1402,2025-12-08,17,0.0,0.027806051871016292,0.0,0.558145880907119,11235,horizon
1402,2025-12-09,18,0.0,0.0419540118986107,0.0,0.5722938409347135,11235,horizon
1402,2025-12-10,19,0.0,0.04653226561055434,0.0,0.5768720946466571,11235,horizon
1402,2025-12-11,20,0.0,0.2981599040456518,0.0,0.8284997330817545,11235,horizon
1402,2025-12-12,21,0.0,0.0253671761163079,0.0,0.5557070051524107,11235,horizon
1402,2025-12-13,22,0.0,0.04450275235612761,0.0,0.9077071683709558,14445,horizon
1402,2025-12-14,23,0.0,0.020781130196220146,0.0,0.8839855462110483,14445,horizon
1402,2025-12-15,24,0.0,0.03449257982613196,0.0,0.8976969958409601,14445,horizon
1402,2025-12-16,25,0.0,0.0706719952210431,0.0,0.9338764112358712,14445,horizon
1402,2025-12-17,26,0.0,0.032931944241915034,0.0,0.8961363602567431,14445,horizon
1402,2025-12-18,27,0.0,0.20666373801023305,0.0,1.0698681540250612,14445,horizon
1402,2025-12-19,28,0.0,0.022749329238016897,0.0,0.885953745252845,14445,horizon
1402,2025-12-20,29,0.0,0.033093911587134026,0.0,0.8962983276019622,14445,horizon
1402,2025-12-21,30,0.0,0.007351662919224812,0.0,0.870556078934053,14445,horizon
1460,2025-11-22,1,0.0,0.12623667468535096,0.0,0.29134384465209007,4815,horizon
1460,2025-11-23,2,0.0,0.19064319508206565,0.025536025115326544,0.35575036504880475,4815,horizon
1460,2025-11-24,3,0.0,0.5894360438643267,0.42432887389758756,0.7545432138310658,4815,horizon
1460,2025-11-25,4,0.0,0.45320190113310344,0.13676270884855285,0.7696410934176541,6420,horizon
1460,2025-11-26,5,0.0,1.5957223990742109,1.0907732920008022,2.1006715061476195,6420,horizon
1460,2025-11-27,6,0.0,1.7508032369413162,1.1967804747944295,2.304825999088203,6420,horizon
1460,2025-11-28,7,0.0,2.143895364257093,1.4654828468489862,2.8223078816652,6420,horizon
1460,2025-11-29,8,0.0,2.353526685181275,1.3213625015656116,3.385690868796938,11235,horizon
1460,2025-11-30,9,0.0,3.015432548178304,1.6929825016436368,4.337882594712972,11235,horizon
1460,2025-12-01,10,0.0,3.272129614598879,1.8371023367683952,4.707156892429363,11235,horizon
1460,2025-12-02,11,0.0,3.2370813411024772,1.8174248567405051,4.656737825464449,11235,horizon
1460,2025-12-03,12,0.0,3.328603048919223,1.8688087452469477,4.788397352591499,11235,horizon
1460,2025-12-04,13,0.0,5.0527488497602455,2.8368120497379117,7.268685649782579,11235,horizon
1460,2025-12-05,14,0.0,5.181317977475942,2.908995817736886,7.453640137214998,11235,horizon
1460,2025-12-06,15,0.0,8.029604505717266,3.7711854249276504,12.288023586506881,11235,horizon
1460,2025-12-07,16,0.0,8.793603215904994,4.130005189770616,13.457201242039373,11235,horizon
1460,2025-12-08,17,0.0,9.784859474852077,4.595558773816736,14.974160175887418,11235,horizon
1460,2025-12-09,18,0.0,10.396760189450871,4.8829441680481365,15.910576210853606,11235,horizon
1460,2025-12-10,19,0.0,13.045182540903843,6.1268026624161465,19.96356241939154,11235,horizon
1460,2025-12-11,20,0.0,13.395617875674786,6.291388181656457,20.499847569693113,11235,horizon
1460,2025-12-12,21,0.0,10.556635305303812,4.958031142292502,16.155239468315123,11235,horizon
1460,2025-12-13,22,0.0,11.260342174240867,1.5403650835981395,20.980319264883594,14445,horizon
1460,2025-12-14,23,0.0,11.171610129761085,1.528226931755329,20.814993327766842,14445,horizon
1460,2025-12-15,24,0.0,13.287368309514392,1.8176533075260881,24.757083311502697,14445,horizon
1460,2025-12-16,25,0.0,14.469556508651129,1.9793714326073761,26.959741584694882,14445,horizon
1460,2025-12-17,26,0.0,17.065864741342388,2.334534933503887,31.797194549180887,14445,horizon
1460,2025-12-18,27,0.0,14.43184609281997,1.9742128142514286,26.88947937138851,14445,horizon
1460,2025-12-19,28,0.0,12.20794269893038,1.6699926507576972,22.745892747103063,14445,horizon
1460,2025-12-20,29,0.0,11.826748231647125,1.6178469309937675,22.035649532300482,14445,horizon
1460,2025-12-21,30,0.0,10.279441126694314,1.4061821519673412,19.15270010142129,14445,horizon
1494,2025-11-22,1,0.0,1.3489376408701964e-16,0.0,0.16510716996673924,4815,horizon
1494,2025-11-23,2,0.0,1.3489376408701964e-16,0.0,0.16510716996673924,4815,horizon
1494,2025-11-24,3,0.0,1.3489376408701964e-16,0.0,0.16510716996673924,4815,horizon
1494,2025-11-25,4,0.0,1.3489376408701964e-16,0.0,0.3164391922845507,6420,horizon
1494,2025-11-26,5,0.0,1.3489376408701964e-16,0.0,0.3164391922845507,6420,horizon
1494,2025-11-27,6,0.0,1.3489376408701964e-16,0.0,0.3164391922845507,6420,horizon
1494,2025-11-28,7,0.0,1.3489376408701964e-16,0.0,0.3164391922845507,6420,horizon
1494,2025-11-29,8,0.0,1.5006439558569507e-16,0.0,0.4385606460783187,11235,horizon
1494,2025-11-30,9,0.0,1.5006439558569507e-16,0.0,0.4385606460783187,11235,horizon
1494,2025-12-01,10,0.0,1.5006439558569507e-16,0.0,0.4385606460783187,11235,horizon
1494,2025-12-02,11,0.0,1.5006439558569507e-16,0.0,0.4385606460783187,11235,horizon
1494,2025-12-03,12,0.0,1.5006439558569507e-16,0.0,0.4385606460783187,11235,horizon
1494,2025-12-04,13,0.0,1.5006439558569507e-16,0.0,0.4385606460783187,11235,horizon
1494,2025-12-05,14,0.0,1.5006439558569507e-16,0.0,0.4385606460783187,11235,horizon
1494,2025-12-06,15,0.0,2.0936493878579075e-16,0.0,0.530339829036103,11235,horizon
1494,2025-12-07,16,0.0,2.0936493878579075e-16,0.0,0.530339829036103,11235,horizon
1494,2025-12-08,17,0.0,2.0936493878579075e-16,0.0,0.530339829036103,11235,horizon
1494,2025-12-09,18,0.0,2.0936493878579075e-16,0.0,0.530339829036103,11235,horizon
1494,2025-12-10,19,0.0,2.0936493878579075e-16,0.0,0.530339829036103,11235,horizon
1494,2025-12-11,20,0.0,2.0936493878579075e-16,0.0,0.530339829036103,11235,horizon
1494,2025-12-12,21,0.0,2.0936493878579075e-16,0.0,0.530339829036103,11235,horizon
1494,2025-12-13,22,0.0,0.00010846784112831061,0.0,0.8633128838559564,14445,horizon
1494,2025-12-14,23,0.0,2.085521617919071e-16,0.0,0.8632044160148283,14445,horizon
1494,2025-12-15,24,0.0,2.085521617919071e-16,0.0,0.8632044160148283,14445,horizon
1494,2025-12-16,25,0.0,2.085521617919071e-16,0.0,0.8632044160148283,14445,horizon
1494,2025-12-17,26,0.0,2.085521617919071e-16,0.0,0.8632044160148283,14445,horizon
1494,2025-12-18,27,0.0,2.085521617919071e-16,0.0,0.8632044160148283,14445,horizon
1494,2025-12-19,28,0.0,2.085521617919071e-16,0.0,0.8632044160148283,14445,horizon
1494,2025-12-20,29,0.0,2.085521617919071e-16,0.0,0.8632044160148283,14445,horizon
1494,2025-12-21,30,0.0,2.085521617919071e-16,0.0,0.8632044160148283,14445,horizon
1496,2025-11-22,1,138.0,162.709847500229,138.0,189.5744099467115,4815,horizon
1496,2025-11-23,2,71.0,111.92865709643206,93.44843328506259,130.40888090780152,4815,horizon
1496,2025-11-24,3,88.0,145.34355067315613,121.34628834859399,169.34081299771827,4815,horizon
1496,2025-11-25,4,89.0,171.70041500892762,117.36767436858044,226.03315564927482,6420,horizon
1496,2025-11-26,5,101.0,263.2876646264516,179.9731286935716,346.6022005593316,6420,horizon
1496,2025-11-27,6,83.0,294.1447521894954,201.0658243919122,387.22367998707864,6420,horizon
1496,2025-11-28,7,43.0,125.51064381505259,85.79415706310343,165.22713056700175,6420,horizon
1496,2025-11-29,8,75.0,157.89614939460412,88.64911210282784,227.1431866863804,11235,horizon
1496,2025-11-30,9,67.0,157.47139722162785,88.4106395172552,226.5321549260005,11235,horizon
1496,2025-12-01,10,44.0,129.31513920023468,72.60260820487207,186.0276701955973,11235,horizon
1496,2025-12-02,11,30.0,125.86285495071647,70.66435996626856,181.06134993516437,11235,horizon
1496,2025-12-03,12,35.0,182.4937616241415,102.45917962099536,262.52834362728765,11235,horizon
1496,2025-12-04,13,24.0,321.4475028140651,180.4732782996666,462.4217273284636,11235,horizon
1496,2025-12-05,14,8.0,91.38142914938469,51.30513054207045,131.45772775669892,11235,horizon
1496,2025-12-06,15,3.0,90.94943854595783,42.71532885656502,139.18354823535066,11235,horizon
1496,2025-12-07,16,15.0,90.5304288706913,42.51853670084381,138.54232104053878,11235,horizon
1496,2025-12-08,17,12.0,91.2732031719795,42.86738820617442,139.6790181377846,11235,horizon
1496,2025-12-09,18,7.0,89.26643930318043,41.92489114447008,136.6079874618908,11235,horizon
1496,2025-12-10,19,6.0,135.3242683579656,63.55641901256642,207.09211770336475,11235,horizon
1496,2025-12-11,20,9.0,330.9235838462136,155.42162696519827,506.42554072722896,11235,horizon
1496,2025-12-12,21,3.0,100.42062135517594,47.16356619397272,153.67767651637917,11235,horizon
1496,2025-12-13,22,6.0,86.75021684958472,11.867046574779238,161.6333871243902,14445,horizon
1496,2025-12-14,23,7.0,70.66476146134914,9.666627311278127,131.66289561142017,14445,horizon
1496,2025-12-15,24,4.0,91.18214129179309,12.473314267029295,169.8909683165569,14445,horizon
1496,2025-12-16,25,6.0,113.40250486403019,15.512961878256306,211.29204784980408,14445,horizon
1496,2025-12-17,26,5.0,151.02767824028612,20.65991944280458,281.3954370377677,14445,horizon
1496,2025-12-18,27,5.0,229.50570900297564,31.39536749099298,427.61605051495826,14445,horizon
1496,2025-12-19,28,3.0,101.8149720332197,13.927838557718232,189.70210550872116,14445,horizon
1496,2025-12-20,29,3.0,82.67060594402183,11.308973818520485,154.03223806952317,14445,horizon
1496,2025-12-21,30,1.0,62.8266580874522,8.594409382909745,117.05890679199466,14445,horizon
1524,2025-11-22,1,11.0,11.056659276606162,11.0,12.882192999053098,4815,horizon
1524,2025-11-23,2,11.0,11.450483132273863,11.0,13.341039996995484,4815,horizon
1524,2025-11-24,3,11.0,12.024411784334893,11.0,14.009728384561134,4815,horizon
1524,2025-11-25,4,13.0,14.250968015334253,13.0,18.760532823379588,6420,horizon
1524,2025-11-26,5,11.0,12.838243834236568,11.0,16.9007673434945,6420,horizon
1524,2025-11-27,6,7.0,8.592292993975578,7.0,11.311231248861413,6420,horizon
1524,2025-11-28,7,3.0,4.336398997164159,3.0,5.708605593250321,6420,horizon
1524,2025-11-29,8,2.0,3.90664567993403,2.19334462654309,5.61994673332497,11235,horizon
1524,2025-11-30,9,7.0,9.538576719107851,7.0,13.721821087707397,11235,horizon
1524,2025-12-01,10,3.0,5.668300872088908,3.1824071794593003,8.154194564718516,11235,horizon
1524,2025-12-02,11,1.0,2.6309067425655064,1.4770945817741734,3.7847189033568394,11235,horizon
1524,2025-12-03,12,4.0,7.269300798008886,4.081271543496472,10.4573300525213,11235,horizon
1524,2025-12-04,13,3.0,6.371411814863867,3.5771613329061376,9.165662296821598,11235,horizon
1524,2025-12-05,14,0.0,0.0,0.0,0.4385606460783185,11235,horizon
1524,2025-12-06,15,0.0,0.0,0.0,0.5303398290361028,11235,horizon
1524,2025-12-07,16,0.0,0.0,0.0,0.5303398290361028,11235,horizon
1524,2025-12-08,17,0.0,0.0,0.0,0.5303398290361028,11235,horizon
1524,2025-12-09,18,0.0,0.0,0.0,0.5303398290361028,11235,horizon
1524,2025-12-10,19,3.0,7.645721909181746,3.5908910590087135,11.700552759354778,11235,horizon
1524,2025-12-11,20,1.0,3.42072410153031,1.606577866345049,5.234870336715571,11235,horizon
1524,2025-12-12,21,0.0,0.0,0.0,0.5303398290361028,11235,horizon
1524,2025-12-13,22,0.0,0.040292578689473044,0.0,0.9034969947043011,14445,horizon
1524,2025-12-14,23,1.0,4.526325865831752,1.0,8.433470341539861,14445,horizon
1524,2025-12-15,24,2.0,7.692381718740932,2.0,14.332479588029837,14445,horizon
1524,2025-12-16,25,3.0,11.56880539621034,3.0,21.55504930223528,14445,horizon
1524,2025-12-17,26,3.0,11.31394027691241,3.0,21.080183486471228,14445,horizon
1524,2025-12-18,27,2.0,8.012498319552414,2.0,14.928922252301447,14445,horizon
1524,2025-12-19,28,1.0,4.257039036570681,1.0,7.9317339320860025,14445,horizon
1524,2025-12-20,29,0.0,0.06916217308508121,0.0,0.9323665890999093,14445,horizon
1524,2025-12-21,30,0.0,0.010325204061860221,0.0,0.8735296200766883,14445,horizon
1553,2025-11-22,1,0.0,1.3489376408701964e-16,0.0,0.16510716996673924,4815,horizon
1553,2025-11-23,2,0.0,1.3489376408701964e-16,0.0,0.16510716996673924,4815,horizon
1553,2025-11-24,3,0.0,1.3489376408701964e-16,0.0,0.16510716996673924,4815,horizon
1553,2025-11-25,4,0.0,1.3489376408701964e-16,0.0,0.3164391922845507,6420,horizon
1553,2025-11-26,5,0.0,1.3489376408701964e-16,0.0,0.3164391922845507,6420,horizon
1553,2025-11-27,6,0.0,1.3489376408701964e-16,0.0,0.3164391922845507,6420,horizon
1553,2025-11-28,7,0.0,1.3489376408701964e-16,0.0,0.3164391922845507,6420,horizon
1553,2025-11-29,8,0.0,1.5006439558569507e-16,0.0,0.4385606460783187,11235,horizon
1553,2025-11-30,9,0.0,1.5006439558569507e-16,0.0,0.4385606460783187,11235,horizon
1553,2025-12-01,10,0.0,1.5006439558569507e-16,0.0,0.4385606460783187,11235,horizon
1553,2025-12-02,11,0.0,1.5006439558569507e-16,0.0,0.4385606460783187,11235,horizon
1553,2025-12-03,12,0.0,1.5006439558569507e-16,0.0,0.4385606460783187,11235,horizon
1553,2025-12-04,13,0.0,1.5006439558569507e-16,0.0,0.4385606460783187,11235,horizon
1553,2025-12-05,14,0.0,1.5006439558569507e-16,0.0,0.4385606460783187,11235,horizon
1553,2025-12-06,15,0.0,2.0936493878579075e-16,0.0,0.530339829036103,11235,horizon
1553,2025-12-07,16,0.0,2.0936493878579075e-16,0.0,0.530339829036103,11235,horizon
1553,2025-12-08,17,0.0,2.0936493878579075e-16,0.0,0.530339829036103,11235,horizon
1553,2025-12-09,18,0.0,2.0936493878579075e-16,0.0,0.530339829036103,11235,horizon
1553,2025-12-10,19,0.0,2.0936493878579075e-16,0.0,0.530339829036103,11235,horizon
1553,2025-12-11,20,0.0,2.0936493878579075e-16,0.0,0.530339829036103,11235,horizon
1553,2025-12-12,21,0.0,2.0936493878579075e-16,0.0,0.530339829036103,11235,horizon
1553,2025-12-13,22,0.0,0.00010846784112831061,0.0,0.8633128838559564,14445,horizon
1553,2025-12-14,23,0.0,2.085521617919071e-16,0.0,0.8632044160148283,14445,horizon
1553,2025-12-15,24,0.0,2.085521617919071e-16,0.0,0.8632044160148283,14445,horizon
1553,2025-12-16,25,0.0,2.085521617919071e-16,0.0,0.8632044160148283,14445,horizon
1553,2025-12-17,26,0.0,2.085521617919071e-16,0.0,0.8632044160148283,14445,horizon
1553,2025-12-18,27,0.0,2.085521617919071e-16,0.0,0.8632044160148283,14445,horizon
1553,2025-12-19,28,0.0,2.085521617919071e-16,0.0,0.8632044160148283,14445,horizon
1553,2025-12-20,29,0.0,2.085521617919071e-16,0.0,0.8632044160148283,14445,horizon
1553,2025-12-21,30,0.0,2.085521617919071e-16,0.0,0.8632044160148283,14445,horizon
1572,2025-11-22,1,4.0,4.0,4.0,4.660428679866956,4815,horizon
1572,2025-11-23,2,6.0,6.0,6.0,6.990643019800435,4815,horizon
1572,2025-11-24,3,6.0,6.230113589950951,6.0,7.258750013359075,4815,horizon
1572,2025-11-25,4,4.0,4.4097064940001385,4.0,5.80511045517348,6420,horizon
1572,2025-11-26,5,3.0,4.250007960712878,3.0,5.594877047003772,6420,horizon
1572,2025-11-27,6,8.0,10.56757630220594,8.0,13.911571611681344,6420,horizon
1572,2025-11-28,7,8.0,10.340226562617644,8.0,13.612279504131626,6420,horizon
1572,2025-11-29,8,8.0,10.541851004026837,8.0,15.165091991214219,11235,horizon
1572,2025-11-30,9,9.0,12.888385788385959,9.0,18.540724586647123,11235,horizon
1572,2025-12-01,10,3.0,5.839211521163851,3.2783631438542717,8.400059898473431,11235,horizon
1572,2025-12-02,11,2.0,4.730423185634514,2.655845737118784,6.805000634150244,11235,horizon
1572,2025-12-03,12,1.0,3.960613637027899,2.2236443615063446,5.6975829125494535,11235,horizon
1572,2025-12-04,13,1.0,7.237467323504104,4.063398978137426,10.411535668870783,11235,horizon
1572,2025-12-05,14,1.0,4.323178835270637,2.4272027321622343,6.21915493837904,11235,horizon
1572,2025-12-06,15,0.0,5.847622734122089,2.7463954930401524,8.948849975204025,11235,horizon
1572,2025-12-07,16,0.0,5.1453900534702415,2.41658477218877,7.874195334751713,11235,horizon
1572,2025-12-08,17,0.0,5.993954546902519,2.8151217172480663,9.172787376556972,11235,horizon
1572,2025-12-09,18,1.0,7.632507339488177,3.584684701947217,11.680329977029135,11235,horizon
1572,2025-12-10,19,1.0,8.070216806811743,3.79025940520292,12.350174208420565,11235,horizon
1572,2025-12-11,20,1.0,10.62865954157628,4.991858057413773,16.265461025738787,11235,horizon
1572,2025-12-12,21,0.0,4.987077473003024,2.3422316585808005,7.631923287425247,11235,horizon
1572,2025-12-13,22,0.0,5.430806737340449,0.7429103791450924,10.118703095535805,14445,horizon
1572,2025-12-14,23,0.0,5.035149790938947,0.6887862561043097,9.381513325773584,14445,horizon
1572,2025-12-15,24,0.0,7.16207701049508,0.979740507197449,13.344413513792713,14445,horizon
1572,2025-12-16,25,0.0,7.586775939330468,1.037837445185362,14.135714433475574,14445,horizon
1572,2025-12-17,26,0.0,7.688948243387236,1.0518141651859185,14.326082321588553,14445,horizon
1572,2025-12-18,27,0.0,7.5256347757682756,1.029473604010339,14.021795947526211,14445,horizon
1572,2025-12-19,28,0.0,6.277212697203416,0.8586949767130774,11.695730417693756,14445,horizon
1572,2025-12-20,29,0.0,6.215228984034356,0.8502158784725466,11.580242089596165,14445,horizon
1572,2025-12-21,30,0.0,4.599551054037244,0.6291982725066378,8.56990383556785,14445,horizon
1629,2025-11-22,1,0.0,1.3489376408701964e-16,0.0,0.16510716996673924,4815,horizon
1629,2025-11-23,2,0.0,1.3489376408701964e-16,0.0,0.16510716996673924,4815,horizon
1629,2025-11-24,3,0.0,1.3489376408701964e-16,0.0,0.16510716996673924,4815,horizon
1629,2025-11-25,4,0.0,1.3489376408701964e-16,0.0,0.3164391922845507,6420,horizon
1629,2025-11-26,5,0.0,1.3489376408701964e-16,0.0,0.3164391922845507,6420,horizon
1629,2025-11-27,6,0.0,1.3489376408701964e-16,0.0,0.3164391922845507,6420,horizon
1629,2025-11-28,7,0.0,1.3489376408701964e-16,0.0,0.3164391922845507,6420,horizon
1629,2025-11-29,8,0.0,1.5006439558569507e-16,0.0,0.4385606460783187,11235,horizon
1629,2025-11-30,9,0.0,1.5006439558569507e-16,0.0,0.4385606460783187,11235,horizon
1629,2025-12-01,10,0.0,1.5006439558569507e-16,0.0,0.4385606460783187,11235,horizon
1629,2025-12-02,11,0.0,1.5006439558569507e-16,0.0,0.4385606460783187,11235,horizon
1629,2025-12-03,12,0.0,1.5006439558569507e-16,0.0,0.4385606460783187,11235,horizon
1629,2025-12-04,13,0.0,1.5006439558569507e-16,0.0,0.4385606460783187,11235,horizon
1629,2025-12-05,14,0.0,1.5006439558569507e-16,0.0,0.4385606460783187,11235,horizon
1629,2025-12-06,15,0.0,2.0936493878579075e-16,0.0,0.530339829036103,11235,horizon
1629,2025-12-07,16,0.0,2.0936493878579075e-16,0.0,0.530339829036103,11235,horizon
1629,2025-12-08,17,0.0,2.0936493878579075e-16,0.0,0.530339829036103,11235,horizon
1629,2025-12-09,18,0.0,2.0936493878579075e-16,0.0,0.530339829036103,11235,horizon
1629,2025-12-10,19,0.0,2.0936493878579075e-16,0.0,0.530339829036103,11235,horizon
1629,2025-12-11,20,0.0,2.0936493878579075e-16,0.0,0.530339829036103,11235,horizon
1629,2025-12-12,21,0.0,2.0936493878579075e-16,0.0,0.530339829036103,11235,horizon
1629,2025-12-13,22,0.0,0.00011539169020314227,0.0,0.8633198077050313,14445,horizon
1629,2025-12-14,23,0.0,2.085521617919071e-16,0.0,0.8632044160148283,14445,horizon
1629,2025-12-15,24,0.0,2.085521617919071e-16,0.0,0.8632044160148283,14445,horizon
1629,2025-12-16,25,0.0,2.085521617919071e-16,0.0,0.8632044160148283,14445,horizon
1629,2025-12-17,26,0.0,2.085521617919071e-16,0.0,0.8632044160148283,14445,horizon
1629,2025-12-18,27,0.0,2.085521617919071e-16,0.0,0.8632044160148283,14445,horizon
1629,2025-12-19,28,0.0,2.085521617919071e-16,0.0,0.8632044160148283,14445,horizon
1629,2025-12-20,29,0.0,2.085521617919071e-16,0.0,0.8632044160148283,14445,horizon
1629,2025-12-21,30,0.0,2.085521617919071e-16,0.0,0.8632044160148283,14445,horizon
1638,2025-11-22,1,2487.0,2914.53793753513,2487.0,3395.7490481622517,4815,horizon
1638,2025-11-23,2,1871.0,2616.391005590821,2184.40609113129,3048.375920050352,4815,horizon
1638,2025-11-24,3,1328.0,2118.389071000228,1768.6278465989108,2468.150295401545,4815,horizon
1638,2025-11-25,4,1245.0,2273.177980121876,1553.8553761730832,2992.5005840706685,6420,horizon
1638,2025-11-26,5,1327.0,3420.932555508079,2338.415420783179,4503.449690232979,6420,horizon
1638,2025-11-27,6,1280.0,4340.467484272453,2966.9734594119227,5713.961509132982,6420,horizon
1638,2025-11-28,7,448.0,1521.9804196132154,1040.366164957908,2003.5946742685228,6420,horizon
1638,2025-11-29,8,385.0,1359.4475334053368,763.2473448455158,1955.6477219651579,11235,horizon
1638,2025-11-30,9,350.0,1476.67645431514,829.0642744620517,2124.2886341682283,11235,horizon
1638,2025-12-01,10,319.0,1404.3525026974348,788.4587617927442,2020.2462436021256,11235,horizon
1638,2025-12-02,11,236.0,1427.568828862814,801.4933209554697,2053.644336770158,11235,horizon
1638,2025-12-03,12,364.0,2541.7915492381194,1427.0618052078396,3656.521293268399,11235,horizon
1638,2025-12-04,13,544.0,4882.249762738338,2741.087152476095,7023.412373000581,11235,horizon
1638,2025-12-05,14,237.0,1635.184430250832,918.05689006282,2352.311970438844,11235,horizon
1638,2025-12-06,15,166.0,1533.8727201783813,720.3989239958366,2347.346516360926,11235,horizon
1638,2025-12-07,16,90.0,1297.6744943122148,609.4660248541637,1985.882963770266,11235,horizon
1638,2025-12-08,17,104.0,1346.0020910875073,632.1635722179219,2059.840609957093,11235,horizon
1638,2025-12-09,18,94.0,1393.0844012925925,654.2762580782174,2131.8925445069676,11235,horizon
1638,2025-12-10,19,148.0,2205.159589074224,1035.6756296072774,3374.643548541171,11235,horizon
1638,2025-12-11,20,166.0,3997.006112681061,1877.2345742255293,6116.777651136593,11235,horizon
1638,2025-12-12,21,106.0,1682.960791580869,790.4196530994068,2575.501930062331,11235,horizon
1638,2025-12-13,22,89.0,1344.696627751602,183.94856047617168,2505.444695027032,14445,horizon
1638,2025-12-14,23,62.0,1307.1995251247668,178.8191224245818,2435.5799278249515,14445,horizon
1638,2025-12-15,24,57.0,1343.2465259720577,183.75019295640095,2502.7428589877145,14445,horizon
1638,2025-12-16,25,50.0,1511.841332715872,206.8132180017883,2816.869447429956,14445,horizon
1638,2025-12-17,26,110.0,2534.33321130769,346.6855916538516,4721.980830961528,14445,horizon
1638,2025-12-18,27,91.0,3143.0731849927724,429.95853184922044,5856.187838136324,14445,horizon
1638,2025-12-19,28,15.0,980.7550445081025,134.1629590598891,1827.347129956316,14445,horizon
1638,2025-12-20,29,27.0,1098.3970593117565,150.25586717614726,2046.5382514473658,14445,horizon
1638,2025-12-21,30,14.0,933.1680990095923,127.65327506034987,1738.6829229588348,14445,horizon
1668,2025-11-22,1,0.0,0.00031504249596256553,0.0,0.16542221246270167,4815,horizon
1668,2025-11-23,2,0.0,0.005805838882857316,0.0,0.17091300884959643,4815,horizon
1668,2025-11-24,3,0.0,0.09544513682903016,0.0,0.26055230679576924,4815,horizon
1668,2025-11-25,4,0.0,0.19408770224298735,0.0,0.510526894527538,6420,horizon
1668,2025-11-26,5,0.0,0.5645586339114974,0.24811944162694682,0.880997826196048,6420,horizon
1668,2025-11-27,6,0.0,0.9837803737547951,0.6673411814702446,1.3002195660393456,6420,horizon
1668,2025-11-28,7,0.0,0.13224261061455417,0.0,0.44868180289910475,6420,horizon
1668,2025-11-29,8,0.0,0.1392874152033708,0.0,0.5778480612816893,11235,horizon
1668,2025-11-30,9,0.0,0.330775452074892,0.0,0.7693360981532105,11235,horizon
1668,2025-12-01,10,0.0,0.3741136095370923,0.0,0.8126742556154107,11235,horizon
1668,2025-12-02,11,0.0,0.4951658760994952,0.05660523002117668,0.9337265221778137,11235,horizon
1668,2025-12-03,12,0.0,0.9820876033556653,0.5435269572773467,1.4206482494339838,11235,horizon
1668,2025-12-04,13,0.0,2.335109460732177,1.3110223469698794,3.3591965744944745,11235,horizon
1668,2025-12-05,14,0.0,0.6281524277951317,0.18959178171681318,1.0667130738734503,11235,horizon
1668,2025-12-06,15,0.0,1.024146506275413,0.48100082322938853,1.5672921893214373,11235,horizon
1668,2025-12-07,16,0.0,1.0427214625859298,0.4897247403858328,1.5957181847860267,11235,horizon
1668,2025-12-08,17,0.0,0.8835717470817612,0.35323191804565846,1.413911576117864,11235,horizon
1668,2025-12-09,18,0.0,0.9371783593567886,0.40683853032068584,1.4675181883928914,11235,horizon
1668,2025-12-10,19,0.0,1.1072116984085645,0.5200132355677934,1.6944101612493356,11235,horizon
1668,2025-12-11,20,0.0,2.4169004087331176,1.1351218591683092,3.698678958297926,11235,horizon
1668,2025-12-12,21,0.0,0.7993081120096152,0.2689682829735124,1.3296479410457178,11235,horizon
1668,2025-12-13,22,0.0,0.8163748797403722,0.0,1.6795792957552003,14445,horizon
1668,2025-12-14,23,0.0,0.766745651480642,0.0,1.6299500674954701,14445,horizon
1668,2025-12-15,24,0.0,1.0315194059691446,0.14110729953158674,1.9219315124067025,14445,horizon
1668,2025-12-16,25,0.0,1.2807523463686858,0.1752012651618835,2.386303427575488,14445,horizon
1668,2025-12-17,26,0.0,1.2674115643055666,0.17337630508874025,2.361446823522393,14445,horizon
1668,2025-12-18,27,0.0,2.3186676616125714,0.31718349683782465,4.320151826387319,14445,horizon
1668,2025-12-19,28,0.0,1.301004825714712,0.1779717149011708,2.4240379365282534,14445,horizon
1668,2025-12-20,29,0.0,0.848817114123192,0.0,1.7120215301380202,14445,horizon
1668,2025-12-21,30,0.0,0.46794593027453973,0.0,1.331150346289368,14445,horizon
1675,2025-11-22,1,0.0,0.001240706441967342,0.0,0.16634787640870644,4815,horizon
1675,2025-11-23,2,1.0,1.0,1.0,1.165107169966739,4815,horizon
1675,2025-11-24,3,2.0,2.0,2.0,2.330214339933478,4815,horizon
1675,2025-11-25,4,0.0,0.004207302995680062,0.0,0.32064649528023065,6420,horizon
1675,2025-11-26,5,1.0,1.1013392897097758,1.0,1.449846204976778,6420,horizon
1675,2025-11-27,6,1.0,1.539010773436123,1.0520074473727747,2.0260140994994713,6420,horizon
1675,2025-11-28,7,0.0,0.0018716307522701687,0.0,0.31831082303682073,6420,horizon
1675,2025-11-29,8,0.0,0.006780805285986541,0.0,0.44534145136430503,11235,horizon
1675,2025-11-30,9,0.0,0.0015150358818012274,0.0,0.44007568196011976,11235,horizon
1675,2025-12-01,10,0.0,0.0,0.0,0.4385606460783185,11235,horizon
1675,2025-12-02,11,0.0,0.0,0.0,0.4385606460783185,11235,horizon
1675,2025-12-03,12,0.0,0.1736993541064227,0.0,0.6122600001847412,11235,horizon
1675,2025-12-04,13,0.0,0.3815653638386723,0.0,0.8201260099169908,11235,horizon
1675,2025-12-05,14,0.0,0.020614409530571174,0.0,0.4591750556088897,11235,horizon
1675,2025-12-06,15,0.0,0.16505129782706537,0.0,0.6953911268631682,11235,horizon
1675,2025-12-07,16,0.0,0.07789634856424672,0.0,0.6082361776003495,11235,horizon
1675,2025-12-08,17,0.0,0.033288455436498256,0.0,0.563628284472601,11235,horizon
1675,2025-12-09,18,0.0,0.04773917880143755,0.0,0.5780790078375403,11235,horizon
1675,2025-12-10,19,0.0,0.06175394142181929,0.0,0.5920937704579221,11235,horizon
1675,2025-12-11,20,0.0,0.3878975826798615,0.0,0.9182374117159643,11235,horizon
1675,2025-12-12,21,0.0,0.04996216336986311,0.0,0.5803019924059659,11235,horizon
1675,2025-12-13,22,0.0,0.06909661479504431,0.0,0.9323010308098725,14445,horizon
1675,2025-12-14,23,0.0,0.08056852203148994,0.0,0.943772938046318,14445,horizon
1675,2025-12-15,24,0.0,0.04595592218192839,0.0,0.9091603381967565,14445,horizon
1675,2025-12-16,25,0.0,0.057198156258889944,0.0,0.920402572273718,14445,horizon
1675,2025-12-17,26,0.0,0.13720817840658706,0.0,1.000412594421415,14445,horizon
1675,2025-12-18,27,0.0,0.31664896318224245,0.0,1.1798533791970707,14445,horizon
1675,2025-12-19,28,0.0,0.1696627381427613,0.0,1.0328671541575893,14445,horizon
1675,2025-12-20,29,0.0,0.19523174053091552,0.0,1.0584361565457436,14445,horizon
1675,2025-12-21,30,0.0,0.0,0.0,0.8632044160148281,14445,horizon
1751,2025-11-22,1,0.0,1.3489376408701964e-16,0.0,0.16510716996673924,4815,horizon
1751,2025-11-23,2,0.0,1.3489376408701964e-16,0.0,0.16510716996673924,4815,horizon
1751,2025-11-24,3,0.0,1.3489376408701964e-16,0.0,0.16510716996673924,4815,horizon
1751,2025-11-25,4,0.0,1.3489376408701964e-16,0.0,0.3164391922845507,6420,horizon
1751,2025-11-26,5,0.0,1.3489376408701964e-16,0.0,0.3164391922845507,6420,horizon
1751,2025-11-27,6,0.0,1.3489376408701964e-16,0.0,0.3164391922845507,6420,horizon
1751,2025-11-28,7,0.0,1.3489376408701964e-16,0.0,0.3164391922845507,6420,horizon
1751,2025-11-29,8,0.0,1.5006439558569507e-16,0.0,0.4385606460783187,11235,horizon
1751,2025-11-30,9,0.0,1.5006439558569507e-16,0.0,0.4385606460783187,11235,horizon
1751,2025-12-01,10,0.0,1.5006439558569507e-16,0.0,0.4385606460783187,11235,horizon
1751,2025-12-02,11,0.0,1.5006439558569507e-16,0.0,0.4385606460783187,11235,horizon
1751,2025-12-03,12,0.0,1.5006439558569507e-16,0.0,0.4385606460783187,11235,horizon
1751,2025-12-04,13,0.0,1.5006439558569507e-16,0.0,0.4385606460783187,11235,horizon
1751,2025-12-05,14,0.0,1.5006439558569507e-16,0.0,0.4385606460783187,11235,horizon
1751,2025-12-06,15,0.0,2.0936493878579075e-16,0.0,0.530339829036103,11235,horizon
1751,2025-12-07,16,0.0,2.0936493878579075e-16,0.0,0.530339829036103,11235,horizon
1751,2025-12-08,17,0.0,2.0936493878579075e-16,0.0,0.530339829036103,11235,horizon
1751,2025-12-09,18,0.0,2.0936493878579075e-16,0.0,0.530339829036103,11235,horizon
1751,2025-12-10,19,0.0,2.0936493878579075e-16,0.0,0.530339829036103,11235,horizon
1751,2025-12-11,20,0.0,2.0936493878579075e-16,0.0,0.530339829036103,11235,horizon
1751,2025-12-12,21,0.0,2.0936493878579075e-16,0.0,0.530339829036103,11235,horizon
1751,2025-12-13,22,0.0,0.00011539169020314227,0.0,0.8633198077050313,14445,horizon
1751,2025-12-14,23,0.0,2.085521617919071e-16,0.0,0.8632044160148283,14445,horizon
1751,2025-12-15,24,0.0,2.085521617919071e-16,0.0,0.8632044160148283,14445,horizon
1751,2025-12-16,25,0.0,2.085521617919071e-16,0.0,0.8632044160148283,14445,horizon
1751,2025-12-17,26,0.0,2.085521617919071e-16,0.0,0.8632044160148283,14445,horizon
1751,2025-12-18,27,0.0,2.085521617919071e-16,0.0,0.8632044160148283,14445,horizon
1751,2025-12-19,28,0.0,2.085521617919071e-16,0.0,0.8632044160148283,14445,horizon
1751,2025-12-20,29,0.0,2.085521617919071e-16,0.0,0.8632044160148283,14445,horizon
1751,2025-12-21,30,0.0,2.085521617919071e-16,0.0,0.8632044160148283,14445,horizon
1782,2025-11-22,1,17.0,17.565422590200974,17.0,20.465599803338886,4815,horizon
1782,2025-11-23,2,8.0,9.025669780741412,8.0,10.515872575293944,4815,horizon
1782,2025-11-24,3,15.0,17.282969964516276,15.0,20.13651222397771,4815,horizon
1782,2025-11-25,4,15.0,18.170846633977234,15.0,23.920814665959433,6420,horizon
1782,2025-11-26,5,30.0,40.730317030997774,30.0,53.618985653780385,6420,horizon
1782,2025-11-27,6,27.0,43.6909868180591,29.865446239237535,57.51652739688067,6420,horizon
1782,2025-11-28,7,6.0,8.859770009351863,6.056191543765674,11.66334847493805,6420,horizon
1782,2025-11-29,8,0.0,2.7403475617311983,1.5385389645792191,3.9421561588831775,11235,horizon
1782,2025-11-30,9,0.0,3.4487840298860224,1.9362830775546214,4.961284982217423,11235,horizon
1782,2025-12-01,10,0.0,3.631159224240071,2.0386756888440996,5.223642759636043,11235,horizon
1782,2025-12-02,11,0.0,3.9115171518955214,2.1960796626137973,5.626954641177246,11235,horizon
1782,2025-12-03,12,0.0,5.224559722223594,2.933273434970454,7.515846009476734,11235,horizon
1782,2025-12-04,13,0.0,10.325384889666822,5.7970774214472325,14.85369235788641,11235,horizon
1782,2025-12-05,14,0.0,5.167974430818918,2.9015042255227432,7.434444636115094,11235,horizon
1782,2025-12-06,15,0.0,8.054405497017166,3.7828334627416362,12.325977531292697,11235,horizon
1782,2025-12-07,16,0.0,7.367298515906014,3.460126680522485,11.274470351289542,11235,horizon
1782,2025-12-08,17,0.0,6.4734598837862425,3.040326275746977,9.906593491825507,11235,horizon
1782,2025-12-09,18,0.0,6.443399309333306,3.0262080212101377,9.860590597456474,11235,horizon
1782,2025-12-10,19,0.0,10.958072263147727,5.146570092544701,16.769574433750755,11235,horizon
1782,2025-12-11,20,0.0,24.5595962206549,11.534664159797064,37.58452828151273,11235,horizon
1782,2025-12-12,21,0.0,7.133129279741657,3.3501467170310475,10.916111842452267,11235,horizon
1782,2025-12-13,22,0.0,7.666080816903712,1.0486860022258666,14.283475631581556,14445,horizon
1782,2025-12-14,23,1.0,8.965206988324985,1.2264007255158607,16.704013251134107,14445,horizon
1782,2025-12-15,24,1.0,9.690217116521627,1.3255789093976844,18.05485532364557,14445,horizon
1782,2025-12-16,25,0.0,8.552453970961595,1.1699379354639934,15.934970006459197,14445,horizon
1782,2025-12-17,26,0.0,13.715370661116053,1.8762021391604637,25.55453918307164,14445,horizon
1782,2025-12-18,27,0.0,20.89591069284036,2.858468306129094,38.93335307955162,14445,horizon
1782,2025-12-19,28,0.0,9.03909544727191,1.2365083404072692,16.84168255413655,14445,horizon
1782,2025-12-20,29,0.0,8.39277225991778,1.148094182550004,15.637450337285557,14445,horizon
1782,2025-12-21,30,0.0,6.576170182618532,0.8995910405171763,12.252749324719888,14445,horizon
1859,2025-11-22,1,11.0,12.873103838473686,11.0,14.998545581932042,4815,horizon
1859,2025-11-23,2,11.0,14.284662897679237,11.92616263271454,16.643163162643933,4815,horizon
1859,2025-11-24,3,10.0,14.577825667582546,12.170922127339503,16.98472920782559,4815,horizon
1859,2025-11-25,4,11.0,16.099565437016714,11.005031953994877,21.194098920038552,6420,horizon
1859,2025-11-26,5,7.0,15.778483436421567,10.785552882325167,20.771413990517967,6420,horizon
1859,2025-11-27,6,7.0,17.303777702485565,11.828184262839617,22.779371142131513,6420,horizon
1859,2025-11-28,7,4.0,10.033607928730586,6.858581140063217,13.208634717397954,6420,horizon
1859,2025-11-29,8,4.0,11.357268471934582,6.3764174731980345,16.338119470671128,11235,horizon
1859,2025-11-30,9,4.0,11.426873345334116,6.415496388349269,16.438250302318963,11235,horizon
1859,2025-12-01,10,4.0,12.241332223463871,6.872765654682216,17.609898792245527,11235,horizon
1859,2025-12-02,11,4.0,13.374187210713002,7.508795026810323,19.23957939461568,11235,horizon
1859,2025-12-03,12,7.0,18.305258191502155,10.277292332406537,26.33322405059777,11235,horizon
1859,2025-12-04,13,6.0,21.240388987986467,11.92519027046032,30.555587705512615,11235,horizon
1859,2025-12-05,14,4.0,12.448372763367532,6.989006361641324,17.90773916509374,11235,horizon
1859,2025-12-06,15,7.0,16.87617087013532,7.926065296083696,25.82627644418694,11235,horizon
1859,2025-12-07,16,7.0,16.97096619641984,7.970586885233063,25.97134550760662,11235,horizon
1859,2025-12-08,17,4.0,14.306456923338098,6.719173004502602,21.893740842173592,11235,horizon
1859,2025-12-09,18,4.0,14.319470270275822,6.7252848552501865,21.913655685301457,11235,horizon
1859,2025-12-10,19,5.0,17.890217798432133,8.402322749792992,27.37811284707127,11235,horizon
1859,2025-12-11,20,7.0,31.306606320690452,14.703466076874903,47.909746564506,11235,horizon
1859,2025-12-12,21,4.0,12.550630212611933,5.894531131359974,19.206729293863894,11235,horizon
1859,2025-12-13,22,4.0,13.71900282239796,4.0,25.56130664201177,14445,horizon
1859,2025-12-14,23,4.0,13.237814501582111,4.0,24.66475443773292,14445,horizon
1859,2025-12-15,24,6.0,17.9791692720721,6.0,33.49886758400284,14445,horizon
1859,2025-12-16,25,5.0,17.10456826350362,5.0,31.869307122587024,14445,horizon
1859,2025-12-17,26,5.0,19.996631029042128,5.0,37.257811238730426,14445,horizon
1859,2025-12-18,27,4.0,25.7925989217966,4.0,48.05688421159072,14445,horizon
1859,2025-12-19,28,4.0,13.35873563822298,4.0,24.890055233511717,14445,horizon
1859,2025-12-20,29,4.0,14.679950066431886,4.0,27.351747790653057,14445,horizon
1859,2025-12-21,30,2.0,10.364854829742878,2.0,19.311843290129552,14445,horizon
1895,2025-11-22,1,21.0,25.715382936337683,21.469588835107995,29.96117703756737,4815,horizon
1895,2025-11-23,2,20.0,27.93707066974951,23.324459994306373,32.549681345192646,4815,horizon
1895,2025-11-24,3,7.0,15.581653469441157,13.009010761699306,18.154296177183006,4815,horizon
1895,2025-11-25,4,8.0,19.683877373845874,13.455127116637945,25.9126276310538,6420,horizon
1895,2025-11-26,5,9.0,28.084193973186302,19.197254316348584,36.97113363002402,6420,horizon
1895,2025-11-27,6,17.0,65.98249201258452,45.103045535200465,86.86193848996857,6420,horizon
1895,2025-11-28,7,4.0,15.204318284938658,10.393076087615446,20.01556048226187,6420,horizon
1895,2025-11-29,8,1.0,15.673695406413513,8.799829422542029,22.547561390284997,11235,horizon
1895,2025-11-30,9,4.0,19.156503353597074,10.755214866242065,27.557791840952085,11235,horizon
1895,2025-12-01,10,4.0,21.977287505243183,12.338914097894776,31.61566091259159,11235,horizon
1895,2025-12-02,11,1.0,20.590634757757996,11.560392675232968,29.620876840283024,11235,horizon
1895,2025-12-03,12,4.0,33.345704382079404,18.721590724338043,47.969818039820765,11235,horizon
1895,2025-12-04,13,6.0,92.22281822773799,51.77751948261789,132.6681169728581,11235,horizon
1895,2025-12-05,14,1.0,23.21534328219343,13.034007333424729,33.396679230962135,11235,horizon
1895,2025-12-06,15,1.0,24.541885408531122,11.526346096747101,37.55742472031514,11235,horizon
1895,2025-12-07,16,1.0,21.452144464894015,10.075217836924345,32.829071092863686,11235,horizon
1895,2025-12-08,17,1.0,20.665002212373928,9.705528472032853,31.624475952715002,11235,horizon
1895,2025-12-09,18,3.0,23.83914389024206,11.196296395124032,36.48199138536009,11235,horizon
1895,2025-12-10,19,3.0,36.55448746673252,17.168186833123233,55.940788100341805,11235,horizon
1895,2025-12-11,20,3.0,108.96517823403376,51.17660423850783,166.7537522295597,11235,horizon
1895,2025-12-12,21,8.0,30.507949001701988,14.328368543897213,46.68752945950676,11235,horizon
1895,2025-12-13,22,3.0,25.0333758482922,3.424455268287428,46.64229642829697,14445,horizon
1895,2025-12-14,23,1.0,21.75691040825527,2.9762492650103454,40.53757155150019,14445,horizon
1895,2025-12-15,24,1.0,27.54903291279479,3.7685860455324836,51.3294797800571,14445,horizon
1895,2025-12-16,25,4.0,32.51202553607763,4.44750151974856,60.5765495524067,14445,horizon
1895,2025-12-17,26,3.0,41.966286037384634,5.7408026061727995,78.19176946859648,14445,horizon
1895,2025-12-18,27,16.0,110.20380996630111,16.0,205.33222539087114,14445,horizon
1895,2025-12-19,28,8.0,37.03215661975149,8.0,68.99847774847373,14445,horizon
1895,2025-12-20,29,8.0,33.95774187621853,8.0,63.270214621662014,14445,horizon
1895,2025-12-21,30,0.0,19.08022208435567,2.6100901225962083,35.55035404611513,14445,horizon
1916,2025-11-22,1,8.0,8.301634237699528,8.0,9.672293572785083,4815,horizon
1916,2025-11-23,2,5.0,6.7091153202874665,5.601392276774311,7.816838363800622,4815,horizon
1916,2025-11-24,3,4.0,5.831136523354993,4.86837407429416,6.793898972415826,4815,horizon
1916,2025-11-25,4,4.0,6.6503453791970575,4.545915458990647,8.754775299403468,6420,horizon
1916,2025-11-26,5,5.0,10.854388749580199,7.419634740920528,14.28914275823987,6420,horizon
1916,2025-11-27,6,9.0,20.526456855082344,14.031081427396412,27.021832282768276,6420,horizon
1916,2025-11-28,7,3.0,6.553720800688325,4.4798666840600525,8.627574917316597,6420,horizon
1916,2025-11-29,8,2.0,4.9865300915157125,2.799634232891605,7.17342595013982,11235,horizon
1916,2025-11-30,9,2.0,5.42524703793249,3.045947191842333,7.804546884022646,11235,horizon
1916,2025-12-01,10,2.0,6.243782055681792,3.5055049633697735,8.98205914799381,11235,horizon
1916,2025-12-02,11,2.0,7.81499136355753,4.38764370205926,11.242339025055799,11235,horizon
1916,2025-12-03,12,4.0,13.90597971563065,7.80736426719168,20.00459516406962,11235,horizon
1916,2025-12-04,13,3.0,24.12790749060691,13.546356793008442,34.709458188205375,11235,horizon
1916,2025-12-05,14,1.0,7.3971968983033705,4.15307744741491,10.64131634919183,11235,horizon
1916,2025-12-06,15,3.0,11.17102935268646,5.246587555625437,17.095471149747482,11235,horizon
1916,2025-12-07,16,3.0,10.644507360329555,4.9993011466788415,16.28971357398027,11235,horizon
1916,2025-12-08,17,5.0,12.48600414924833,5.864178843391901,19.10782945510476,11235,horizon
1916,2025-12-09,18,2.0,8.448663757857117,3.968000864931656,12.929326650782578,11235,horizon
1916,2025-12-10,19,1.0,10.230857606665062,4.805026332653601,15.656688880676523,11235,horizon
1916,2025-12-11,20,1.0,24.354762938982738,11.43846212570782,37.27106375225765,11235,horizon
1916,2025-12-12,21,1.0,7.086234647711614,3.3281221761345288,10.844347119288699,11235,horizon
1916,2025-12-13,22,2.0,9.875421901434699,2.0,18.399929696762683,14445,horizon
1916,2025-12-14,23,2.0,8.869911307547696,2.0,16.526457917882723,14445,horizon
1916,2025-12-15,24,2.0,11.245804155360181,2.0,20.953231963904994,14445,horizon
1916,2025-12-16,25,2.0,11.662709243103068,2.0,21.73001136444659,14445,horizon
1916,2025-12-17,26,2.0,13.42887284411568,2.0,25.02073518525794,14445,horizon
1916,2025-12-18,27,2.0,18.559272973786044,2.5388265847892804,34.57971936278281,14445,horizon
1916,2025-12-19,28,1.0,7.93361052605778,1.0852828850229805,14.78193816709258,14445,horizon
1916,2025-12-20,29,1.0,6.887150924287651,1.0,12.832170015893357,14445,horizon
1916,2025-12-21,30,0.0,3.4121131370078155,0.46676200920046096,6.35746426481517,14445,horizon
1931,2025-11-22,1,0.0,1.3489376408701964e-16,0.0,0.16510716996673924,4815,horizon
1931,2025-11-23,2,0.0,1.3489376408701964e-16,0.0,0.16510716996673924,4815,horizon
1931,2025-11-24,3,0.0,1.3489376408701964e-16,0.0,0.16510716996673924,4815,horizon
1931,2025-11-25,4,0.0,1.3489376408701964e-16,0.0,0.3164391922845507,6420,horizon
1931,2025-11-26,5,0.0,1.3489376408701964e-16,0.0,0.3164391922845507,6420,horizon
1931,2025-11-27,6,0.0,1.3489376408701964e-16,0.0,0.3164391922845507,6420,horizon
1931,2025-11-28,7,0.0,1.3489376408701964e-16,0.0,0.3164391922845507,6420,horizon
1931,2025-11-29,8,0.0,1.5006439558569507e-16,0.0,0.4385606460783187,11235,horizon
1931,2025-11-30,9,0.0,1.5006439558569507e-16,0.0,0.4385606460783187,11235,horizon
1931,2025-12-01,10,0.0,1.5006439558569507e-16,0.0,0.4385606460783187,11235,horizon
1931,2025-12-02,11,0.0,1.5006439558569507e-16,0.0,0.4385606460783187,11235,horizon
1931,2025-12-03,12,0.0,1.5006439558569507e-16,0.0,0.4385606460783187,11235,horizon
1931,2025-12-04,13,0.0,1.5006439558569507e-16,0.0,0.4385606460783187,11235,horizon
1931,2025-12-05,14,0.0,1.5006439558569507e-16,0.0,0.4385606460783187,11235,horizon
1931,2025-12-06,15,0.0,2.0936493878579075e-16,0.0,0.530339829036103,11235,horizon
1931,2025-12-07,16,0.0,2.0936493878579075e-16,0.0,0.530339829036103,11235,horizon
1931,2025-12-08,17,0.0,2.0936493878579075e-16,0.0,0.530339829036103,11235,horizon
1931,2025-12-09,18,0.0,2.0936493878579075e-16,0.0,0.530339829036103,11235,horizon
1931,2025-12-10,19,0.0,2.0936493878579075e-16,0.0,0.530339829036103,11235,horizon
1931,2025-12-11,20,0.0,2.0936493878579075e-16,0.0,0.530339829036103,11235,horizon
1931,2025-12-12,21,0.0,2.0936493878579075e-16,0.0,0.530339829036103,11235,horizon
1931,2025-12-13,22,0.0,0.00011539169020314227,0.0,0.8633198077050313,14445,horizon
1931,2025-12-14,23,0.0,2.085521617919071e-16,0.0,0.8632044160148283,14445,horizon
1931,2025-12-15,24,0.0,2.085521617919071e-16,0.0,0.8632044160148283,14445,horizon
1931,2025-12-16,25,0.0,2.085521617919071e-16,0.0,0.8632044160148283,14445,horizon
1931,2025-12-17,26,0.0,2.085521617919071e-16,0.0,0.8632044160148283,14445,horizon
1931,2025-12-18,27,0.0,2.085521617919071e-16,0.0,0.8632044160148283,14445,horizon
1931,2025-12-19,28,0.0,2.085521617919071e-16,0.0,0.8632044160148283,14445,horizon
1931,2025-12-20,29,0.0,2.085521617919071e-16,0.0,0.8632044160148283,14445,horizon
1931,2025-12-21,30,0.0,2.085521617919071e-16,0.0,0.8632044160148283,14445,horizon
1960,2025-11-22,1,5.0,5.865380833729882,5.0,6.8337972639641755,4815,horizon
1960,2025-11-23,2,9.0,12.64152553683192,10.55431903138334,14.728732042280502,4815,horizon
1960,2025-11-24,3,4.0,6.998790167164735,5.843239729473124,8.154340604856346,4815,horizon
1960,2025-11-25,4,4.0,7.809724739287533,5.338421750822713,10.281027727752353,6420,horizon
1960,2025-11-26,5,5.0,12.386836531174437,8.467155984288834,16.30651707806004,6420,horizon
1960,2025-11-27,6,10.0,21.928254256810952,14.989295191575437,28.867213322046467,6420,horizon
1960,2025-11-28,7,3.0,5.34034126973409,3.650447991815583,7.030234547652596,6420,horizon
1960,2025-11-29,8,5.0,7.556225319513418,5.0,10.870088377552571,11235,horizon
1960,2025-11-30,9,5.0,7.413963429458338,5.0,10.665436021082613,11235,horizon
1960,2025-12-01,10,4.0,6.995605147364381,4.0,10.063602260501316,11235,horizon
1960,2025-12-02,11,4.0,7.989200575050787,4.4854516092072405,11.492949540894333,11235,horizon
1960,2025-12-03,12,4.0,12.393242185859258,6.958053885823749,17.828430485894767,11235,horizon
1960,2025-12-04,13,3.0,21.962528582046318,12.330627857590548,31.594429306502086,11235,horizon
1960,2025-12-05,14,3.0,8.271992903189885,4.644222351211663,11.899763455168106,11235,horizon
1960,2025-12-06,15,3.0,8.99058611383088,4.222520211287451,13.758652016374308,11235,horizon
1960,2025-12-07,16,3.0,7.250245979511557,3.405151766267706,11.095340192755408,11235,horizon
1960,2025-12-08,17,3.0,6.921193819606453,3.2506090725906356,10.59177856662227,11235,horizon
1960,2025-12-09,18,3.0,7.343121535451586,3.4487717157488675,11.237471355154305,11235,horizon
1960,2025-12-10,19,3.0,11.356796279671517,5.333834882312677,17.37975767703036,11235,horizon
1960,2025-12-11,20,3.0,19.045020896080477,8.944687770064151,29.145354022096804,11235,horizon
1960,2025-12-12,21,3.0,7.842859965407246,3.6834789521990725,12.00224097861542,11235,horizon
1960,2025-12-13,22,3.0,7.745339905479838,3.0,14.431151515425906,14445,horizon
1960,2025-12-14,23,3.0,6.865602338150843,3.0,12.79202059504438,14445,horizon
1960,2025-12-15,24,3.0,7.699693183309628,3.0,14.34610234110177,14445,horizon
1960,2025-12-16,25,3.0,8.715104369617404,3.0,16.23802094750127,14445,horizon
1960,2025-12-17,26,8.0,13.959469479661053,8.0,26.00934517972869,14445,horizon
1960,2025-12-18,27,6.0,14.398289169083222,6.0,26.82695596289433,14445,horizon
1960,2025-12-19,28,3.0,8.301640374311209,3.0,15.467653005583635,14445,horizon
1960,2025-12-20,29,3.0,7.411190619377521,3.0,13.808563089951868,14445,horizon
1960,2025-12-21,30,3.0,6.228450884707975,3.0,11.60487719331936,14445,horizon
1986,2025-11-22,1,4.0,5.671241049007909,4.734878489207013,6.607603608808805,4815,horizon
1986,2025-11-23,2,15.0,20.25295159715348,16.90904407547412,23.59685911883284,4815,horizon
1986,2025-11-24,3,8.0,13.586211283279631,11.343030387727152,15.82939217883211,4815,horizon
1986,2025-11-25,4,5.0,10.500671860116412,7.177847738256066,13.823495981976759,6420,horizon
1986,2025-11-26,5,4.0,13.135030462545172,8.978592032344412,17.291468892745932,6420,horizon
1986,2025-11-27,6,3.0,14.612872121859642,9.98878667066095,19.236957573058334,6420,horizon
1986,2025-11-28,7,0.0,4.150287319515412,2.8369737523791425,5.463600886651681,6420,horizon
1986,2025-11-29,8,0.0,4.755382118303473,2.6698586641510187,6.840905572455927,11235,horizon
1986,2025-11-30,9,0.0,5.4447760951886,3.0569115731309036,7.832640617246296,11235,horizon
1986,2025-12-01,10,0.0,6.035683444589902,3.388670213606344,8.68269667557346,11235,horizon
1986,2025-12-02,11,1.0,8.678000337379412,4.872170902750431,12.483829772008393,11235,horizon
1986,2025-12-03,12,0.0,9.07689587616133,5.096126556326393,13.057665195996268,11235,horizon
1986,2025-12-04,13,0.0,13.560810542578322,7.6135727096795,19.508048375477145,11235,horizon
1986,2025-12-05,14,0.0,6.088505221795029,3.418326438073385,8.758684005516674,11235,horizon
1986,2025-12-06,15,0.0,9.370370394465306,4.4008897614596165,14.339851027470996,11235,horizon
1986,2025-12-07,16,0.0,8.477402094835792,3.981498117190279,12.973306072481305,11235,horizon
1986,2025-12-08,17,0.0,8.330896347555319,3.9126902028753383,12.749102492235298,11235,horizon
1986,2025-12-09,18,0.0,8.581276516695452,4.0302837959196625,13.132269237471242,11235,horizon
1986,2025-12-10,19,0.0,12.688344334267857,5.959209969281038,19.417478699254676,11235,horizon
1986,2025-12-11,20,0.0,17.482627565823265,8.210893851462696,26.754361280183833,11235,horizon
1986,2025-12-12,21,0.0,7.922910379263248,3.721075443256413,12.124745315270083,11235,horizon
1986,2025-12-13,22,0.0,8.813123845477751,1.2055964231757725,16.42065126777973,14445,horizon
1986,2025-12-14,23,0.0,8.455657908058898,1.156696661511754,15.754619154606042,14445,horizon
1986,2025-12-15,24,0.0,9.722079398496088,1.3299375288674806,18.114221268124695,14445,horizon
1986,2025-12-16,25,0.0,11.329592906925967,1.549838278017198,21.109347535834736,14445,horizon
1986,2025-12-17,26,1.0,15.791524059633058,2.160210755753397,29.42283736351272,14445,horizon
1986,2025-12-18,27,0.0,16.347489732905856,2.2362644047044586,30.458715061107256,14445,horizon
1986,2025-12-19,28,0.0,10.786740075624424,1.4755784079413008,20.097901743307546,14445,horizon
1986,2025-12-20,29,0.0,9.755000392690775,1.334440975493715,18.175559809887837,14445,horizon
1986,2025-12-21,30,0.0,6.691003513208483,0.9152997330361909,12.466707293380775,14445,horizon
1996,2025-11-22,1,1.0,1.0051329442039214,1.0,1.1710876000617672,4815,horizon
1996,2025-11-23,2,2.0,2.1605621461152476,2.0,2.5172864475976002,4815,horizon
1996,2025-11-24,3,2.0,2.7611643011708,2.3052762775913003,3.2170523247502993,4815,horizon
1996,2025-11-25,4,0.0,1.2005301402372905,0.8206353523473441,1.5804249281272371,6420,horizon
1996,2025-11-26,5,0.0,2.2002349408888393,1.5039943733577292,2.8964755084199494,6420,horizon
1996,2025-11-27,6,0.0,2.5803994390759226,1.7638599248032303,3.3969389533486147,6420,horizon
1996,2025-11-28,7,1.0,1.6845132598630577,1.1514672445193765,2.217559275206739,6420,horizon
1996,2025-11-29,8,0.0,0.9882924638845173,0.5497318178061987,1.4268531099628359,11235,horizon
1996,2025-11-30,9,0.0,1.1600366852337742,0.6512902470830992,1.6687831233844492,11235,horizon
1996,2025-12-01,10,0.0,1.3256304548878124,0.7442611061311181,1.9069998036445068,11235,horizon
1996,2025-12-02,11,0.0,1.4717517906607478,0.826299374481648,2.1172042068398476,11235,horizon
1996,2025-12-03,12,0.0,2.5049264698523035,1.4063642988551956,3.6034886408494113,11235,horizon
1996,2025-12-04,13,0.0,5.034400320339581,2.826510463234561,7.242290177444602,11235,horizon
1996,2025-12-05,14,0.0,1.79210804537158,1.0061599831512673,2.578056107591893,11235,horizon
1996,2025-12-06,15,0.0,1.8621406225689199,0.874573283154537,2.849707961983303,11235,horizon
1996,2025-12-07,16,0.0,1.6893657470420913,0.7934278055763405,2.585303688507842,11235,horizon
1996,2025-12-08,17,0.0,1.661224548272923,0.780211005351284,2.5422380911945623,11235,horizon
1996,2025-12-09,18,0.0,1.7074223900670005,0.8019082916264535,2.6129364885075477,11235,horizon
1996,2025-12-10,19,0.0,2.068156473588707,0.9713307229657628,3.164982224211651,11235,horizon
1996,2025-12-11,20,0.0,3.8266366140298813,1.797218806361983,5.856054421697779,11235,horizon
1996,2025-12-12,21,0.0,1.7473043934642492,0.820639280160388,2.67396950676811,11235,horizon
1996,2025-12-13,22,0.0,1.6786069072917977,0.22962601216452483,3.127587802419071,14445,horizon
1996,2025-12-14,23,0.0,1.6502102179820646,0.22574147046715431,3.074678965496975,14445,horizon
1996,2025-12-15,24,0.0,2.184852404352705,0.2988781605748352,4.070826648130574,14445,horizon
1996,2025-12-16,25,0.0,2.286353635083617,0.31276308070788406,4.2599441894593495,14445,horizon
1996,2025-12-17,26,0.0,2.261950009637311,0.30942477251360123,4.214475246761021,14445,horizon
1996,2025-12-18,27,0.0,2.755750130626879,0.37697444843631756,5.13452581281744,14445,horizon
1996,2025-12-19,28,0.0,2.450749329065924,0.3352516856708414,4.566246972461006,14445,horizon
1996,2025-12-20,29,0.0,2.1331549736604614,0.29180618035275674,3.9745037669681658,14445,horizon
1996,2025-12-21,30,0.0,1.7759097663795957,0.2429366135968669,3.3088829191623246,14445,horizon
2028,2025-11-22,1,29.0,33.25104716920134,29.0,38.741033465738724,4815,horizon
2028,2025-11-23,2,43.0,52.295300393157994,43.66097134268318,60.929629443632805,4815,horizon
2028,2025-11-24,3,29.0,42.2827775952093,35.301587848131255,49.26396734228735,4815,horizon
2028,2025-11-25,4,45.0,67.06369699729426,45.84211488785462,88.2852791067339,6420,horizon
2028,2025-11-26,5,52.0,88.38327621863303,60.415343680546464,116.35120875671959,6420,horizon
2028,2025-11-27,6,21.0,76.78991040545426,52.490573181149315,101.08924762975921,6420,horizon
2028,2025-11-28,7,7.0,24.396450307207893,16.676457277384852,32.11644333703094,6420,horizon
2028,2025-11-29,8,10.0,24.80003021238089,13.923712939677308,35.67634748508447,11235,horizon
2028,2025-11-30,9,7.0,25.46394571621586,14.296461231209001,36.63143020122272,11235,horizon
2028,2025-12-01,10,10.0,25.35001080505814,14.232493688299487,36.467527921816796,11235,horizon
2028,2025-12-02,11,10.0,27.286177991005733,15.319534142262263,39.2528218397492,11235,horizon
2028,2025-12-03,12,23.0,57.041707840521454,32.02545959657168,82.05795608447123,11235,horizon
2028,2025-12-04,13,6.0,90.53939269554377,50.8323781394475,130.24640725164005,11235,horizon
2028,2025-12-05,14,6.0,24.583604914986964,13.802203260536155,35.365006569437774,11235,horizon
2028,2025-12-06,15,6.0,28.19590294724807,13.242492598685981,43.14931329581016,11235,horizon
2028,2025-12-07,16,0.0,23.615587357951753,11.09130079594847,36.139873919955036,11235,horizon
2028,2025-12-08,17,1.0,23.034039505521694,10.818170932152482,35.249908078890904,11235,horizon
2028,2025-12-09,18,1.0,23.320315426603777,10.95262333019074,35.688007523016815,11235,horizon
2028,2025-12-10,19,1.0,30.89710803828142,14.511141043549255,47.28307503301359,11235,horizon
2028,2025-12-11,20,4.0,93.95970155759186,44.12912949725535,143.79027361792836,11235,horizon
2028,2025-12-12,21,0.0,24.269974146966387,11.3986402071536,37.141308086779176,11235,horizon
2028,2025-12-13,22,0.0,21.79163544484395,2.980999496669398,40.602271393018505,14445,horizon
2028,2025-12-14,23,0.0,21.46639215309574,2.9365076506374415,39.99627665555404,14445,horizon
2028,2025-12-15,24,0.0,25.818612944368148,3.53187223541196,48.105353653324336,14445,horizon
2028,2025-12-16,25,10.0,32.2881140603142,10.0,60.15935670196788,14445,horizon
2028,2025-12-17,26,0.0,31.853454176011727,4.357411865952436,59.34949648607102,14445,horizon
2028,2025-12-18,27,0.0,78.07289893077247,10.680027802650315,145.46577005889463,14445,horizon
2028,2025-12-19,28,0.0,32.7937319795961,4.486037717202056,61.101426241990154,14445,horizon
2028,2025-12-20,29,0.0,25.618118726414462,3.5044455117813342,47.73179194104759,14445,horizon
2028,2025-12-21,30,1.0,18.220329929939002,2.4924606731685124,33.94819918670949,14445,horizon
2099,2025-11-22,1,24987.0,25702.400335124712,24987.0,29946.05091580932,4815,horizon
2099,2025-11-23,2,23351.0,25214.19650902284,23351.0,29377.241137612837,4815,horizon
2099,2025-11-24,3,22964.0,25998.713622573538,22964.0,30291.287651572362,4815,horizon
2099,2025-11-25,4,22870.0,27904.392058441987,22870.0,36734.4353426068,6420,horizon
2099,2025-11-26,5,21881.0,28732.847039493572,21881.0,37825.04594870646,6420,horizon
2099,2025-11-27,6,18818.0,26437.93602893581,18818.0,34803.93515160288,6420,horizon
2099,2025-11-28,7,9528.0,15453.867966958394,10563.65846982199,20344.0774640948,6420,horizon
2099,2025-11-29,8,9844.0,17802.08128779819,9994.789016682673,25609.37355891371,11235,horizon
2099,2025-11-30,9,9113.0,17030.33020607422,9561.497587971207,24499.162824177234,11235,horizon
2099,2025-12-01,10,10417.0,19927.041614175432,11187.825369433116,28666.25785891775,11235,horizon
2099,2025-12-02,11,14516.0,27720.59062608565,15563.430491436948,39877.75076073435,11235,horizon
2099,2025-12-03,12,20461.0,40125.9395469859,22528.281574760214,57723.59751921159,11235,horizon
2099,2025-12-04,13,21906.0,41513.135105295725,23307.107752780707,59719.162457810744,11235,horizon
2099,2025-12-05,14,17063.0,35530.741864241296,19948.35675661767,51113.12697186492,11235,horizon
2099,2025-12-06,15,10828.0,27397.421720304596,12867.477769128247,41927.36567148095,11235,horizon
2099,2025-12-07,16,7511.0,23197.092431657256,10894.750397317473,35499.43446599704,11235,horizon
2099,2025-12-08,17,7095.0,22400.70197575097,10520.71751964251,34280.68643185943,11235,horizon
2099,2025-12-09,18,6814.0,22299.19145605372,10473.042071606866,34125.340840500576,11235,horizon
2099,2025-12-10,19,6931.0,23202.95164790332,10897.502237821314,35508.40105798532,11235,horizon
2099,2025-12-11,20,6681.0,24166.89445976723,11350.227783640737,36983.561135893724,11235,horizon
2099,2025-12-12,21,4722.0,19985.424346230466,9386.357815236635,30584.490877224296,11235,horizon
2099,2025-12-13,22,4749.0,22037.913340651427,4749.0,41061.13745605383,14445,horizon
2099,2025-12-14,23,4340.0,19585.124869980442,4340.0,36491.091145949395,14445,horizon
2099,2025-12-15,24,4495.0,22923.270401427577,4495.0,42710.73864144186,14445,horizon
2099,2025-12-16,25,5479.0,25792.59125419347,5479.0,48056.869925278705,14445,horizon
2099,2025-12-17,26,5870.0,27419.876967413336,5870.0,51088.8358522678,14445,horizon
2099,2025-12-18,27,6146.0,29649.178779453065,6146.0,55242.480833090085,14445,horizon
2099,2025-12-19,28,4466.0,24804.10815056197,4466.0,46215.12384143645,14445,horizon
2099,2025-12-20,29,3317.0,22341.011719748014,3317.0,41625.87169447353,14445,horizon
2099,2025-12-21,30,1496.0,15079.728843218087,2062.8403134460586,28096.617372990113,14445,horizon
2101,2025-11-22,1,1350.0,1586.0833491149615,1350.0,1847.9570822187002,4815,horizon
2101,2025-11-23,2,1013.0,1432.2790935822522,1195.7995458383602,1668.7586413261442,4815,horizon
2101,2025-11-24,3,686.0,1138.9353274075243,950.8889387241265,1326.981716090922,4815,horizon
2101,2025-11-25,4,635.0,1151.198562426017,786.9142191727924,1515.4829056792414,6420,horizon
2101,2025-11-26,5,770.0,1739.565326029311,1189.098679334385,2290.031972724237,6420,horizon
2101,2025-11-27,6,809.0,2228.6623771455315,1523.426254646633,2933.89849964443,6420,horizon
2101,2025-11-28,7,215.0,676.7248875071434,462.5826107055296,890.8671643087573,6420,horizon
2101,2025-11-29,8,216.0,735.7809394233307,413.0963752577226,1058.4655035889386,11235,horizon
2101,2025-11-30,9,234.0,807.677351899524,453.4618506276433,1161.8928531714046,11235,horizon
2101,2025-12-01,10,155.0,651.5248432618437,365.79168706485433,937.257999458833,11235,horizon
2101,2025-12-02,11,134.0,637.0704677389967,357.6764318099658,916.4645036680276,11235,horizon
2101,2025-12-03,12,221.0,1255.700756287649,704.9998213291045,1806.4016912461934,11235,horizon
2101,2025-12-04,13,244.0,2095.04916211996,1176.2430480147905,3013.8552762251293,11235,horizon
2101,2025-12-05,14,119.0,1001.1421499752572,562.0806018658716,1440.2036980846428,11235,horizon
2101,2025-12-06,15,170.0,984.9169604047269,462.57626800892604,1507.2576528005277,11235,horizon
2101,2025-12-07,16,127.0,839.0605486486195,394.07332072737205,1284.047776569867,11235,horizon
2101,2025-12-08,17,129.0,775.0750311730062,364.02187165056205,1186.1281906954505,11235,horizon
2101,2025-12-09,18,113.0,812.7113915633993,381.6981711059729,1243.7246120208256,11235,horizon
2101,2025-12-10,19,124.0,1218.6384238357584,572.3459304818765,1864.9309171896402,11235,horizon
2101,2025-12-11,20,129.0,2281.8531433160238,1071.69553740431,3492.0107492277375,11235,horizon
2101,2025-12-12,21,59.0,784.272579329685,368.3415936902765,1200.2035649690933,11235,horizon
2101,2025-12-13,22,111.0,760.3565330845055,111.0,1416.6996501887754,14445,horizon
2101,2025-12-14,23,29.0,553.712701810387,75.74545240415921,1031.6799512166149,14445,horizon
2101,2025-12-15,24,43.0,637.6159845473114,87.22305096442983,1188.008918130193,14445,horizon
2101,2025-12-16,25,67.0,909.2358930503713,124.3794549701048,1694.0923311306378,14445,horizon
2101,2025-12-17,26,91.0,1425.1143240926435,194.9493462098867,2655.2793019754004,14445,horizon
2101,2025-12-18,27,103.0,1912.0585149414956,261.5611611652423,3562.555868717749,14445,horizon
2101,2025-12-19,28,48.0,825.51937897217,112.92740553757437,1538.1113524067655,14445,horizon
2101,2025-12-20,29,52.0,737.1165964195815,100.83429527237888,1373.398897566784,14445,horizon
2101,2025-12-21,30,25.0,498.4068308810558,68.17985349257282,928.6338082695388,14445,horizon
2108,2025-11-22,1,0.0,1.3489376408701964e-16,0.0,0.16510716996673924,4815,horizon
2108,2025-11-23,2,0.0,1.3489376408701964e-16,0.0,0.16510716996673924,4815,horizon
2108,2025-11-24,3,0.0,1.3489376408701964e-16,0.0,0.16510716996673924,4815,horizon
2108,2025-11-25,4,0.0,1.3489376408701964e-16,0.0,0.3164391922845507,6420,horizon
2108,2025-11-26,5,0.0,1.3489376408701964e-16,0.0,0.3164391922845507,6420,horizon
2108,2025-11-27,6,0.0,1.3489376408701964e-16,0.0,0.3164391922845507,6420,horizon
2108,2025-11-28,7,0.0,1.3489376408701964e-16,0.0,0.3164391922845507,6420,horizon
2108,2025-11-29,8,0.0,1.5006439558569507e-16,0.0,0.4385606460783187,11235,horizon
2108,2025-11-30,9,0.0,1.5006439558569507e-16,0.0,0.4385606460783187,11235,horizon
2108,2025-12-01,10,0.0,1.5006439558569507e-16,0.0,0.4385606460783187,11235,horizon
2108,2025-12-02,11,0.0,1.5006439558569507e-16,0.0,0.4385606460783187,11235,horizon
2108,2025-12-03,12,0.0,1.5006439558569507e-16,0.0,0.4385606460783187,11235,horizon
2108,2025-12-04,13,0.0,1.5006439558569507e-16,0.0,0.4385606460783187,11235,horizon
2108,2025-12-05,14,0.0,1.5006439558569507e-16,0.0,0.4385606460783187,11235,horizon
2108,2025-12-06,15,0.0,2.0936493878579075e-16,0.0,0.530339829036103,11235,horizon
2108,2025-12-07,16,0.0,2.0936493878579075e-16,0.0,0.530339829036103,11235,horizon
2108,2025-12-08,17,0.0,2.0936493878579075e-16,0.0,0.530339829036103,11235,horizon
2108,2025-12-09,18,0.0,2.0936493878579075e-16,0.0,0.530339829036103,11235,horizon
2108,2025-12-10,19,0.0,2.0936493878579075e-16,0.0,0.530339829036103,11235,horizon
2108,2025-12-11,20,0.0,2.0936493878579075e-16,0.0,0.530339829036103,11235,horizon
2108,2025-12-12,21,0.0,2.0936493878579075e-16,0.0,0.530339829036103,11235,horizon
2108,2025-12-13,22,0.0,2.085521617919071e-16,0.0,0.8632044160148283,14445,horizon
2108,2025-12-14,23,0.0,2.085521617919071e-16,0.0,0.8632044160148283,14445,horizon
2108,2025-12-15,24,0.0,2.085521617919071e-16,0.0,0.8632044160148283,14445,horizon
2108,2025-12-16,25,0.0,2.085521617919071e-16,0.0,0.8632044160148283,14445,horizon
2108,2025-12-17,26,0.0,2.085521617919071e-16,0.0,0.8632044160148283,14445,horizon
2108,2025-12-18,27,0.0,2.085521617919071e-16,0.0,0.8632044160148283,14445,horizon
2108,2025-12-19,28,0.0,2.085521617919071e-16,0.0,0.8632044160148283,14445,horizon
2108,2025-12-20,29,0.0,2.085521617919071e-16,0.0,0.8632044160148283,14445,horizon
2108,2025-12-21,30,0.0,2.085521617919071e-16,0.0,0.8632044160148283,14445,horizon
2126,2025-11-22,1,0.0,1.3489376408701964e-16,0.0,0.16510716996673924,4815,horizon
2126,2025-11-23,2,0.0,1.3489376408701964e-16,0.0,0.16510716996673924,4815,horizon
2126,2025-11-24,3,0.0,1.3489376408701964e-16,0.0,0.16510716996673924,4815,horizon
2126,2025-11-25,4,0.0,1.3489376408701964e-16,0.0,0.3164391922845507,6420,horizon
2126,2025-11-26,5,0.0,1.3489376408701964e-16,0.0,0.3164391922845507,6420,horizon
2126,2025-11-27,6,0.0,1.3489376408701964e-16,0.0,0.3164391922845507,6420,horizon
2126,2025-11-28,7,0.0,1.3489376408701964e-16,0.0,0.3164391922845507,6420,horizon
2126,2025-11-29,8,0.0,1.5006439558569507e-16,0.0,0.4385606460783187,11235,horizon
2126,2025-11-30,9,0.0,1.5006439558569507e-16,0.0,0.4385606460783187,11235,horizon
2126,2025-12-01,10,0.0,1.5006439558569507e-16,0.0,0.4385606460783187,11235,horizon
2126,2025-12-02,11,0.0,1.5006439558569507e-16,0.0,0.4385606460783187,11235,horizon
2126,2025-12-03,12,0.0,1.5006439558569507e-16,0.0,0.4385606460783187,11235,horizon
2126,2025-12-04,13,0.0,1.5006439558569507e-16,0.0,0.4385606460783187,11235,horizon
2126,2025-12-05,14,0.0,1.5006439558569507e-16,0.0,0.4385606460783187,11235,horizon
2126,2025-12-06,15,0.0,2.0936493878579075e-16,0.0,0.530339829036103,11235,horizon
2126,2025-12-07,16,0.0,2.0936493878579075e-16,0.0,0.530339829036103,11235,horizon
2126,2025-12-08,17,0.0,2.0936493878579075e-16,0.0,0.530339829036103,11235,horizon
2126,2025-12-09,18,0.0,2.0936493878579075e-16,0.0,0.530339829036103,11235,horizon
2126,2025-12-10,19,0.0,2.0936493878579075e-16,0.0,0.530339829036103,11235,horizon
2126,2025-12-11,20,0.0,2.0936493878579075e-16,0.0,0.530339829036103,11235,horizon
2126,2025-12-12,21,0.0,2.0936493878579075e-16,0.0,0.530339829036103,11235,horizon
2126,2025-12-13,22,0.0,0.00011539169020314227,0.0,0.8633198077050313,14445,horizon
2126,2025-12-14,23,0.0,2.085521617919071e-16,0.0,0.8632044160148283,14445,horizon
2126,2025-12-15,24,0.0,2.085521617919071e-16,0.0,0.8632044160148283,14445,horizon
2126,2025-12-16,25,0.0,2.085521617919071e-16,0.0,0.8632044160148283,14445,horizon
2126,2025-12-17,26,0.0,2.085521617919071e-16,0.0,0.8632044160148283,14445,horizon
2126,2025-12-18,27,0.0,2.085521617919071e-16,0.0,0.8632044160148283,14445,horizon
2126,2025-12-19,28,0.0,2.085521617919071e-16,0.0,0.8632044160148283,14445,horizon
2126,2025-12-20,29,0.0,2.085521617919071e-16,0.0,0.8632044160148283,14445,horizon
2126,2025-12-21,30,0.0,2.085521617919071e-16,0.0,0.8632044160148283,14445,horizon
2136,2025-11-22,1,0.0,1.3489376408701964e-16,0.0,0.16510716996673924,4815,horizon
2136,2025-11-23,2,0.0,1.3489376408701964e-16,0.0,0.16510716996673924,4815,horizon
2136,2025-11-24,3,0.0,1.3489376408701964e-16,0.0,0.16510716996673924,4815,horizon
2136,2025-11-25,4,0.0,1.3489376408701964e-16,0.0,0.3164391922845507,6420,horizon
2136,2025-11-26,5,0.0,1.3489376408701964e-16,0.0,0.3164391922845507,6420,horizon
2136,2025-11-27,6,0.0,1.3489376408701964e-16,0.0,0.3164391922845507,6420,horizon
2136,2025-11-28,7,0.0,1.3489376408701964e-16,0.0,0.3164391922845507,6420,horizon
2136,2025-11-29,8,0.0,1.5006439558569507e-16,0.0,0.4385606460783187,11235,horizon
2136,2025-11-30,9,0.0,1.5006439558569507e-16,0.0,0.4385606460783187,11235,horizon
2136,2025-12-01,10,0.0,1.5006439558569507e-16,0.0,0.4385606460783187,11235,horizon
2136,2025-12-02,11,0.0,1.5006439558569507e-16,0.0,0.4385606460783187,11235,horizon
2136,2025-12-03,12,0.0,1.5006439558569507e-16,0.0,0.4385606460783187,11235,horizon
2136,2025-12-04,13,0.0,1.5006439558569507e-16,0.0,0.4385606460783187,11235,horizon
2136,2025-12-05,14,0.0,1.5006439558569507e-16,0.0,0.4385606460783187,11235,horizon
2136,2025-12-06,15,0.0,0.0,0.0,0.5303398290361028,11235,horizon
2136,2025-12-07,16,0.0,0.0,0.0,0.5303398290361028,11235,horizon
2136,2025-12-08,17,0.0,0.0,0.0,0.5303398290361028,11235,horizon
2136,2025-12-09,18,0.0,2.0936493878579075e-16,0.0,0.530339829036103,11235,horizon
2136,2025-12-10,19,0.0,2.0936493878579075e-16,0.0,0.530339829036103,11235,horizon
2136,2025-12-11,20,0.0,2.0936493878579075e-16,0.0,0.530339829036103,11235,horizon
2136,2025-12-12,21,0.0,2.0936493878579075e-16,0.0,0.530339829036103,11235,horizon
2136,2025-12-13,22,0.0,2.085521617919071e-16,0.0,0.8632044160148283,14445,horizon
2136,2025-12-14,23,0.0,2.085521617919071e-16,0.0,0.8632044160148283,14445,horizon
2136,2025-12-15,24,0.0,2.085521617919071e-16,0.0,0.8632044160148283,14445,horizon
2136,2025-12-16,25,0.0,2.085521617919071e-16,0.0,0.8632044160148283,14445,horizon
2136,2025-12-17,26,0.0,2.085521617919071e-16,0.0,0.8632044160148283,14445,horizon
2136,2025-12-18,27,0.0,2.085521617919071e-16,0.0,0.8632044160148283,14445,horizon
2136,2025-12-19,28,0.0,2.085521617919071e-16,0.0,0.8632044160148283,14445,horizon
2136,2025-12-20,29,0.0,2.085521617919071e-16,0.0,0.8632044160148283,14445,horizon
2136,2025-12-21,30,0.0,2.085521617919071e-16,0.0,0.8632044160148283,14445,horizon
2154,2025-11-22,1,2.0,2.005395459533316,2.0,2.33650062852101,4815,horizon
2154,2025-11-23,2,3.0,3.119575432324746,3.0,3.6346397034536513,4815,horizon
2154,2025-11-24,3,5.0,5.5537836207744,5.0,6.4707531170080905,4815,horizon
2154,2025-11-25,4,3.0,3.757495240567902,3.0,4.946513999506252,6420,horizon
2154,2025-11-26,5,6.0,7.994872962895313,6.0,10.524764105691498,6420,horizon
2154,2025-11-27,6,2.0,4.295273984259681,2.9360809540397037,5.654467014479658,6420,horizon
2154,2025-11-28,7,1.0,1.6912080560762728,1.156043544826372,2.2263725673261736,6420,horizon
2154,2025-11-29,8,1.0,1.7302951624371232,1.0,2.4891345267817373,11235,horizon
2154,2025-11-30,9,0.0,0.9517492969556307,0.5131886508773122,1.3903099430339492,11235,horizon
2154,2025-12-01,10,0.0,1.0259029306688947,0.5759822785811038,1.4758235827566857,11235,horizon
2154,2025-12-02,11,2.0,3.4522410319049,2.0,4.966258089275194,11235,horizon
2154,2025-12-03,12,0.0,1.9475210844484128,1.0934149794015693,2.8016271894952562,11235,horizon
2154,2025-12-04,13,0.0,4.589808786505532,2.576899279719723,6.602718293291342,11235,horizon
2154,2025-12-05,14,0.0,1.2494927426130682,0.7015143981425108,1.7974710870836255,11235,horizon
2154,2025-12-06,15,0.0,2.5080681266342433,1.17793970514414,3.8381965481243467,11235,horizon
2154,2025-12-07,16,2.0,4.339915488782319,2.0382854504303696,6.6415455271342685,11235,horizon
2154,2025-12-08,17,0.0,2.320448610353742,1.0898222910516762,3.551074929655808,11235,horizon
2154,2025-12-09,18,0.0,2.2969477130068774,1.0787848555859427,3.515110570427812,11235,horizon
2154,2025-12-10,19,0.0,2.996979080555642,1.4075617073489863,4.586396453762298,11235,horizon
2154,2025-12-11,20,0.0,6.494721931034643,3.0503122124927033,9.939131649576584,11235,horizon
2154,2025-12-12,21,0.0,1.8016648143994605,0.8461702047504888,2.757159424048432,11235,horizon
2154,2025-12-13,22,0.0,1.9427329003243556,0.265757281627077,3.6197085190216343,14445,horizon
2154,2025-12-14,23,0.0,1.8740369555407799,0.2563599797429945,3.4917139313385652,14445,horizon
2154,2025-12-15,24,0.0,2.9700771793148895,0.4062934422254125,5.533860916404366,14445,horizon
2154,2025-12-16,25,0.0,3.3980282411961658,0.4648352576525361,6.331221224739796,14445,horizon
2154,2025-12-17,26,0.0,3.698913633991346,0.5059950506725603,6.891832217310132,14445,horizon
2154,2025-12-18,27,0.0,5.452012697170849,0.7458112608040581,10.15821413353764,14445,horizon
2154,2025-12-19,28,0.0,3.068399076538012,0.41974344357457927,5.717054709501444,14445,horizon
2154,2025-12-20,29,0.0,2.7218880739669076,0.37234226862057795,5.071433879313237,14445,horizon
2154,2025-12-21,30,0.0,1.5635504584784334,0.2138867980578405,2.9132141188990266,14445,horizon
2168,2025-11-22,1,3.0,3.005270928925593,3.0,3.501462706983811,4815,horizon
2168,2025-11-23,2,6.0,6.0,6.0,6.990643019800435,4815,horizon
2168,2025-11-24,3,3.0,3.0270495254480863,3.0,3.5268371059439803,4815,horizon
2168,2025-11-25,4,3.0,3.143477097846874,3.0,4.138196451654522,6420,horizon
2168,2025-11-26,5,3.0,3.4103315606364206,3.0,4.48949412510672,6420,horizon
2168,2025-11-27,6,1.0,1.9180600973082016,1.3111107093627679,2.5250094852536353,6420,horizon
2168,2025-11-28,7,0.0,0.0,0.0,0.3164391922845506,6420,horizon
2168,2025-11-29,8,1.0,1.139231715621026,1.0,1.6388539128566946,11235,horizon
2168,2025-11-30,9,1.0,1.3117659126251249,1.0,1.8870548187695149,11235,horizon
2168,2025-12-01,10,1.0,1.4649603121479002,1.0,2.1074342531225785,11235,horizon
2168,2025-12-02,11,0.0,0.25095181252643944,0.0,0.689512458604758,11235,horizon
2168,2025-12-03,12,0.0,0.5823891756211567,0.14382852954283815,1.0209498216994752,11235,horizon
2168,2025-12-04,13,0.0,1.096724892712444,0.6157445151943,1.577705270230588,11235,horizon
2168,2025-12-05,14,0.0,0.33080621146383077,0.0,0.7693668575421493,11235,horizon
2168,2025-12-06,15,0.0,1.6908982188750523,0.7941475465594063,2.5876488911906983,11235,horizon
2168,2025-12-07,16,0.0,1.5950755053139438,0.7491434345260716,2.441007576101816,11235,horizon
2168,2025-12-08,17,0.0,1.4934994967441695,0.7014372289753611,2.2855617645129778,11235,horizon
2168,2025-12-09,18,0.0,1.427864423105146,0.6706110490688294,2.1851177971414626,11235,horizon
2168,2025-12-10,19,0.0,1.546404333972869,0.7262845238730093,2.366524144072729,11235,horizon
2168,2025-12-11,20,0.0,2.2046338080869132,1.0354286912188875,3.373838924954939,11235,horizon
2168,2025-12-12,21,0.0,1.3389656809327286,0.6288588506216564,2.049072511243801,11235,horizon
2168,2025-12-13,22,0.0,1.5920678388720964,0.21778784976251897,2.9663478279816737,14445,horizon
2168,2025-12-14,23,0.0,1.4852252683881026,0.2031722579386841,2.767278278837521,14445,horizon
2168,2025-12-15,24,1.0,3.615524246644295,1.0,6.736460742556335,14445,horizon
2168,2025-12-16,25,0.0,1.9613186131025957,0.26829972506035693,3.6543375011448345,14445,horizon
2168,2025-12-17,26,0.0,1.7083473761865724,0.2336943769749782,3.1830003753981666,14445,horizon
2168,2025-12-18,27,0.0,1.9145942323448721,0.26190803610825864,3.5672804285814856,14445,horizon
2168,2025-12-19,28,0.0,2.0237585744920032,0.27684123604263267,3.770675912941374,14445,horizon
2168,2025-12-20,29,0.0,1.8261914038752352,0.2498149195618138,3.4025678881886563,14445,horizon
2168,2025-12-21,30,0.0,1.1814422592518925,0.1616160837991234,2.2012684347046614,14445,horizon
2195,2025-11-22,1,618.0,737.6012264310415,618.0,859.3844774910667,4815,horizon
2195,2025-11-23,2,540.0,776.0327815351732,647.904205174484,904.1613578958624,4815,horizon
2195,2025-11-24,3,406.0,663.1808573949844,553.6849428543829,772.6767719355859,4815,horizon
2195,2025-11-25,4,339.0,629.7828297358251,430.4948597795419,829.0707996921083,6420,horizon
2195,2025-11-26,5,439.0,1035.9056031937926,708.1044708361087,1363.7067355514764,6420,horizon
2195,2025-11-27,6,489.0,1375.8687209028537,940.4899341707769,1811.2475076349306,6420,horizon
2195,2025-11-28,7,130.0,486.3681899382521,332.46223276129274,640.2741471152115,6420,horizon
2195,2025-11-29,8,153.0,466.2747553778349,261.7849974093217,670.764513346348,11235,horizon
2195,2025-11-30,9,119.0,456.15256992247686,256.10200414699005,656.2031356979637,11235,horizon
2195,2025-12-01,10,98.0,458.9950937090719,257.697908865243,660.2922785529008,11235,horizon
2195,2025-12-02,11,103.0,499.3356668439152,280.34669418289974,718.3246395049307,11235,horizon
2195,2025-12-03,12,136.0,792.9667554797529,445.20274287792444,1140.7307680815813,11235,horizon
2195,2025-12-04,13,143.0,1326.993344384956,745.026285929861,1908.9604028400508,11235,horizon
2195,2025-12-05,14,77.0,575.6936585754045,323.2170757273842,828.1702414234247,11235,horizon
2195,2025-12-06,15,96.0,514.6357808188676,241.70392880352807,787.5676328342072,11235,horizon
2195,2025-12-07,16,104.0,486.74053480503693,228.60264279159242,744.8784268184814,11235,horizon
2195,2025-12-08,17,122.0,570.754932521628,268.06085918659545,873.4490058566605,11235,horizon
2195,2025-12-09,18,90.0,499.78735240346697,234.73021337540587,764.844491431528,11235,horizon
2195,2025-12-10,19,96.0,747.63545986131,351.13459789713477,1144.136321825485,11235,horizon
2195,2025-12-11,20,79.0,1453.915785024319,682.8463361616305,2224.9852338870073,11235,horizon
2195,2025-12-12,21,61.0,540.0166043986598,253.62429074521782,826.4089180521016,11235,horizon
2195,2025-12-13,22,73.0,442.20686857063566,73.0,823.9217903128971,14445,horizon
2195,2025-12-14,23,41.0,412.28379856317423,56.398602992074416,768.168994134274,14445,horizon
2195,2025-12-15,24,40.0,461.4775149388443,63.128086152085075,859.8269437256035,14445,horizon
2195,2025-12-16,25,39.0,543.6415029523394,74.36775687494179,1012.915249029737,14445,horizon
2195,2025-12-17,26,45.0,795.2945367950146,108.79278060109084,1481.7962929889381,14445,horizon
2195,2025-12-18,27,41.0,1047.5496157148787,143.30016143515923,1951.799069994598,14445,horizon
2195,2025-12-19,28,23.0,517.6674681556256,70.8146236164742,964.520312694777,14445,horizon
2195,2025-12-20,29,20.0,458.92324843823036,62.77867377447984,855.0678231019808,14445,horizon
2195,2025-12-21,30,28.0,355.0226227246104,48.56552700356042,661.4797184456604,14445,horizon
2302,2025-11-22,1,0.0,1.3489376408701964e-16,0.0,0.16510716996673924,4815,horizon
2302,2025-11-23,2,0.0,1.3489376408701964e-16,0.0,0.16510716996673924,4815,horizon
2302,2025-11-24,3,0.0,1.3489376408701964e-16,0.0,0.16510716996673924,4815,horizon
2302,2025-11-25,4,0.0,1.3489376408701964e-16,0.0,0.3164391922845507,6420,horizon
2302,2025-11-26,5,0.0,1.3489376408701964e-16,0.0,0.3164391922845507,6420,horizon
2302,2025-11-27,6,0.0,1.3489376408701964e-16,0.0,0.3164391922845507,6420,horizon
2302,2025-11-28,7,0.0,1.3489376408701964e-16,0.0,0.3164391922845507,6420,horizon
2302,2025-11-29,8,0.0,1.5006439558569507e-16,0.0,0.4385606460783187,11235,horizon
2302,2025-11-30,9,0.0,1.5006439558569507e-16,0.0,0.4385606460783187,11235,horizon
2302,2025-12-01,10,0.0,1.5006439558569507e-16,0.0,0.4385606460783187,11235,horizon
2302,2025-12-02,11,0.0,1.5006439558569507e-16,0.0,0.4385606460783187,11235,horizon
2302,2025-12-03,12,0.0,1.5006439558569507e-16,0.0,0.4385606460783187,11235,horizon
2302,2025-12-04,13,0.0,1.5006439558569507e-16,0.0,0.4385606460783187,11235,horizon
2302,2025-12-05,14,0.0,1.5006439558569507e-16,0.0,0.4385606460783187,11235,horizon
2302,2025-12-06,15,0.0,2.0936493878579075e-16,0.0,0.530339829036103,11235,horizon
2302,2025-12-07,16,0.0,2.0936493878579075e-16,0.0,0.530339829036103,11235,horizon
2302,2025-12-08,17,0.0,2.0936493878579075e-16,0.0,0.530339829036103,11235,horizon
2302,2025-12-09,18,0.0,2.0936493878579075e-16,0.0,0.530339829036103,11235,horizon
2302,2025-12-10,19,0.0,2.0936493878579075e-16,0.0,0.530339829036103,11235,horizon
2302,2025-12-11,20,0.0,2.0936493878579075e-16,0.0,0.530339829036103,11235,horizon
2302,2025-12-12,21,0.0,2.0936493878579075e-16,0.0,0.530339829036103,11235,horizon
2302,2025-12-13,22,0.0,0.00011539169020314227,0.0,0.8633198077050313,14445,horizon
2302,2025-12-14,23,0.0,2.085521617919071e-16,0.0,0.8632044160148283,14445,horizon
2302,2025-12-15,24,0.0,2.085521617919071e-16,0.0,0.8632044160148283,14445,horizon
2302,2025-12-16,25,0.0,2.085521617919071e-16,0.0,0.8632044160148283,14445,horizon
2302,2025-12-17,26,0.0,2.085521617919071e-16,0.0,0.8632044160148283,14445,horizon
2302,2025-12-18,27,0.0,2.085521617919071e-16,0.0,0.8632044160148283,14445,horizon
2302,2025-12-19,28,0.0,2.085521617919071e-16,0.0,0.8632044160148283,14445,horizon
2302,2025-12-20,29,0.0,2.085521617919071e-16,0.0,0.8632044160148283,14445,horizon
2302,2025-12-21,30,0.0,2.085521617919071e-16,0.0,0.8632044160148283,14445,horizon
2335,2025-11-22,1,0.0,1.3489376408701964e-16,0.0,0.16510716996673924,4815,horizon
2335,2025-11-23,2,0.0,1.3489376408701964e-16,0.0,0.16510716996673924,4815,horizon
2335,2025-11-24,3,0.0,1.3489376408701964e-16,0.0,0.16510716996673924,4815,horizon
2335,2025-11-25,4,0.0,1.3489376408701964e-16,0.0,0.3164391922845507,6420,horizon
2335,2025-11-26,5,0.0,1.3489376408701964e-16,0.0,0.3164391922845507,6420,horizon
2335,2025-11-27,6,0.0,1.3489376408701964e-16,0.0,0.3164391922845507,6420,horizon
2335,2025-11-28,7,0.0,1.3489376408701964e-16,0.0,0.3164391922845507,6420,horizon
2335,2025-11-29,8,0.0,1.5006439558569507e-16,0.0,0.4385606460783187,11235,horizon
2335,2025-11-30,9,0.0,1.5006439558569507e-16,0.0,0.4385606460783187,11235,horizon
2335,2025-12-01,10,0.0,1.5006439558569507e-16,0.0,0.4385606460783187,11235,horizon
2335,2025-12-02,11,0.0,1.5006439558569507e-16,0.0,0.4385606460783187,11235,horizon
2335,2025-12-03,12,0.0,1.5006439558569507e-16,0.0,0.4385606460783187,11235,horizon
2335,2025-12-04,13,0.0,1.5006439558569507e-16,0.0,0.4385606460783187,11235,horizon
2335,2025-12-05,14,0.0,1.5006439558569507e-16,0.0,0.4385606460783187,11235,horizon
2335,2025-12-06,15,0.0,0.005193170434784962,0.0,0.5355329994708877,11235,horizon
2335,2025-12-07,16,0.0,0.036527365618605284,0.0,0.566867194654708,11235,horizon
2335,2025-12-08,17,0.0,0.001217532809519566,0.0,0.5315573618456223,11235,horizon
2335,2025-12-09,18,0.0,0.005033358088201842,0.0,0.5353731871243046,11235,horizon
2335,2025-12-10,19,0.0,0.0,0.0,0.5303398290361028,11235,horizon
2335,2025-12-11,20,0.0,0.010669003623510668,0.0,0.5410088326596134,11235,horizon
2335,2025-12-12,21,0.0,0.0020656101490438266,0.0,0.5324054391851466,11235,horizon
2335,2025-12-13,22,0.0,0.02759694546058759,0.0,0.8908013614754157,14445,horizon
2335,2025-12-14,23,0.0,0.002984556776275831,0.0,0.866188972791104,14445,horizon
2335,2025-12-15,24,0.0,0.016140273310036018,0.0,0.8793446893248641,14445,horizon
2335,2025-12-16,25,0.0,0.03104454209140784,0.0,0.894248958106236,14445,horizon
2335,2025-12-17,26,0.0,0.01020522812290769,0.0,0.8734096441377358,14445,horizon
2335,2025-12-18,27,0.0,0.018745663275240892,0.0,0.881950079290069,14445,horizon
2335,2025-12-19,28,0.0,0.00599383056300344,0.0,0.8691982465778315,14445,horizon
2335,2025-12-20,29,0.0,0.005141946038302739,0.0,0.8683463620531309,14445,horizon
2335,2025-12-21,30,0.0,0.0,0.0,0.8632044160148281,14445,horizon
2337,2025-11-22,1,89.0,93.47973726087156,89.0,108.91391212924839,4815,horizon
2337,2025-11-23,2,87.0,96.97985822935524,87.0,112.99192816537966,4815,horizon
2337,2025-11-24,3,86.0,101.19949793210328,86.0,117.90826063772772,4815,horizon
2337,2025-11-25,4,74.0,93.96660062640609,74.0,123.70131583035098,6420,horizon
2337,2025-11-26,5,73.0,103.22488682001213,73.0,135.88928662900094,6420,horizon
2337,2025-11-27,6,64.0,94.0944734702659,64.31929428689489,123.8696526536369,6420,horizon
2337,2025-11-28,7,21.0,31.746834729348596,21.700891990002408,41.79277746869478,6420,horizon
2337,2025-11-29,8,17.0,27.263152878328167,17.0,39.21969881877974,11235,horizon
2337,2025-11-30,9,10.0,18.075026802093596,10.148031369884505,26.002022234302686,11235,horizon
2337,2025-12-01,10,10.0,17.898502076930395,10.048923442237676,25.748080711623114,11235,horizon
2337,2025-12-02,11,14.0,27.733895172291966,15.570900187263243,39.89689015732069,11235,horizon
2337,2025-12-03,12,10.0,25.243078715353757,14.172457804942363,36.31369962576515,11235,horizon
2337,2025-12-04,13,10.0,33.42519381459637,18.76621921997397,48.08416840921877,11235,horizon
2337,2025-12-05,14,7.0,20.308289832981046,11.401873123083131,29.21470654287896,11235,horizon
2337,2025-12-06,15,5.0,21.253350440719686,9.981852201544028,32.52484867989534,11235,horizon
2337,2025-12-07,16,9.0,25.993550204188605,12.208135232857865,39.778965175519346,11235,horizon
2337,2025-12-08,17,6.0,20.98707878053147,9.856795008097189,32.11736255296575,11235,horizon
2337,2025-12-09,18,14.0,35.43556244864026,16.642672317830243,54.22845257945028,11235,horizon
2337,2025-12-10,19,29.0,68.58332497115052,32.210856131223075,104.95579381107797,11235,horizon
2337,2025-12-11,20,22.0,62.2228810978745,29.223608974293988,95.22215322145502,11235,horizon
2337,2025-12-12,21,14.0,36.022708114729795,16.918431251746565,55.12698497771302,11235,horizon
2337,2025-12-13,22,29.0,63.84495208390513,29.0,118.95619666298714,14445,horizon
2337,2025-12-14,23,42.0,75.45499025200257,42.0,140.588071047887,14445,horizon
2337,2025-12-15,24,31.0,69.9815781077138,31.0,130.38998536997897,14445,horizon
2337,2025-12-16,25,23.0,65.86369185542688,23.0,122.71752152007123,14445,horizon
2337,2025-12-17,26,11.0,46.07068544569814,11.0,85.83910457125484,14445,horizon
2337,2025-12-18,27,18.0,61.879396482119624,18.0,115.2939647858177,14445,horizon
2337,2025-12-19,28,13.0,47.33878522276993,13.0,88.20183367584242,14445,horizon
2337,2025-12-20,29,12.0,43.79703170548581,12.0,81.60282288200258,14445,horizon
2337,2025-12-21,30,7.0,25.61088446702913,7.0,47.71831303701424,14445,horizon
2363,2025-11-22,1,6.0,6.889533059009567,6.0,8.027044364774927,4815,horizon
2363,2025-11-23,2,11.0,13.867231281293648,11.577651969165016,16.15681059342228,4815,horizon
2363,2025-11-24,3,4.0,7.783424736136009,6.498325505303479,9.068523966968538,4815,horizon
2363,2025-11-25,4,9.0,15.11030876414097,10.328814863646036,19.891802664635904,6420,horizon
2363,2025-11-26,5,5.0,13.589508487825086,9.28925539839367,17.8897615772565,6420,horizon
2363,2025-11-27,6,8.0,27.562329763652087,18.840528395761595,36.28413113154258,6420,horizon
2363,2025-11-28,7,2.0,5.980509202866823,4.088041701261324,7.872976704472323,6420,horizon
2363,2025-11-29,8,7.0,9.858397081152793,7.0,14.181902074359773,11235,horizon
2363,2025-11-30,9,7.0,9.941270092354026,7.0,14.301119926895872,11235,horizon
2363,2025-12-01,10,7.0,10.278687797856147,7.0,14.786515759321269,11235,horizon
2363,2025-12-02,11,8.0,12.934838529498323,8.0,18.607549671913837,11235,horizon
2363,2025-12-03,12,8.0,19.41919145776562,10.902698305729366,27.935684609801875,11235,horizon
2363,2025-12-04,13,15.0,54.20621248060565,30.433500913652622,77.97892404755868,11235,horizon
2363,2025-12-05,14,2.0,10.300975742337792,5.783373165541043,14.818578319134541,11235,horizon
2363,2025-12-06,15,2.0,8.782246825810194,4.12467154565716,13.439822105963229,11235,horizon
2363,2025-12-07,16,0.0,5.6367099097150835,2.64733813987068,8.626081679559487,11235,horizon
2363,2025-12-08,17,0.0,5.382197791266091,2.5278039348075425,8.23659164772464,11235,horizon
2363,2025-12-09,18,0.0,5.842684730245999,2.7440763092954876,8.941293151196511,11235,horizon
2363,2025-12-10,19,0.0,10.091519639749183,4.739584839290128,15.443454440208239,11235,horizon
2363,2025-12-11,20,5.0,36.84222334889918,17.303324916734077,56.38112178106429,11235,horizon
2363,2025-12-12,21,0.0,5.6564376105891,2.656603455235895,8.656271765942304,11235,horizon
2363,2025-12-13,22,0.0,5.132988282773633,0.7021701297310639,9.563806435816202,14445,horizon
2363,2025-12-14,23,0.0,4.386999746323235,0.6001221922410878,8.173877300405382,14445,horizon
2363,2025-12-15,24,0.0,5.261050175045638,0.7196884310706588,9.802411919020617,14445,horizon
2363,2025-12-16,25,0.0,6.754204887598637,0.9239454019545574,12.584464373242717,14445,horizon
2363,2025-12-17,26,0.0,11.746934810214308,1.6069288073990098,21.886940813029604,14445,horizon
2363,2025-12-18,27,6.0,34.983704846192836,6.0,65.18179335798584,14445,horizon
2363,2025-12-19,28,0.0,7.72020476811065,1.0560899197388052,14.384319616482493,14445,horizon
2363,2025-12-20,29,0.0,5.55966856122485,0.7605381075967541,10.358799014852945,14445,horizon
2363,2025-12-21,30,0.0,4.034790487062957,0.5519415209355931,7.517639453190322,14445,horizon
2406,2025-11-22,1,5.0,5.0,5.0,5.825535849833695,4815,horizon
2406,2025-11-23,2,4.0,4.0,4.0,4.660428679866956,4815,horizon
2406,2025-11-24,3,4.0,4.0,4.0,4.660428679866956,4815,horizon
2406,2025-11-25,4,5.0,5.0,5.0,6.582195961422753,6420,horizon
2406,2025-11-26,5,5.0,5.158291460473985,5.0,6.790577043794668,6420,horizon
2406,2025-11-27,6,5.0,5.508652242653013,5.0,7.251805708894611,6420,horizon
2406,2025-11-28,7,5.0,5.311122319428231,5.0,6.991769576312549,6420,horizon
2406,2025-11-29,8,5.0,5.474212523787243,5.0,7.8749867049894,11235,horizon
2406,2025-11-30,9,5.0,5.490903363008235,5.0,7.898997489442738,11235,horizon
2406,2025-12-01,10,4.0,4.501047347336482,4.0,6.475029580013471,11235,horizon
2406,2025-12-02,11,4.0,4.531977573236179,4.0,6.519524585767088,11235,horizon
2406,2025-12-03,12,4.0,4.529514584225906,4.0,6.515981426705185,11235,horizon
2406,2025-12-04,13,4.0,5.175953058491974,4.0,7.445922375895263,11235,horizon
2406,2025-12-05,14,4.0,5.011695739261737,4.0,7.20962826062032,11235,horizon
2406,2025-12-06,15,4.0,4.310374857201914,4.0,6.596338322051894,11235,horizon
2406,2025-12-07,16,4.0,4.325557588114023,4.0,6.619573059880231,11235,horizon
2406,2025-12-08,17,4.0,4.344314648904616,4.0,6.648277737083728,11235,horizon
2406,2025-12-09,18,4.0,4.357815791919454,4.0,6.668939073976846,11235,horizon
2406,2025-12-10,19,4.0,4.744189835700442,4.0,7.260222662080631,11235,horizon
2406,2025-12-11,20,4.0,5.349374142596222,4.0,8.186360310830851,11235,horizon
2406,2025-12-12,21,4.0,4.300888069817523,4.0,6.581820313467962,11235,horizon
2406,2025-12-13,22,4.0,4.435350294118715,4.0,8.263964254574656,14445,horizon
2406,2025-12-14,23,4.0,4.266331036274138,4.0,7.949046826967091,14445,horizon
2406,2025-12-15,24,4.0,4.542419828903922,4.0,8.463456684607108,14445,horizon
2406,2025-12-16,25,4.0,4.588030178893962,4.0,8.548438090124531,14445,horizon
2406,2025-12-17,26,4.0,4.892090092081874,4.0,9.114963863109335,14445,horizon
2406,2025-12-18,27,4.0,5.407117816499449,4.0,10.074565793614228,14445,horizon
2406,2025-12-19,28,4.0,4.588218722273084,4.0,8.548789384981124,14445,horizon
2406,2025-12-20,29,4.0,4.632011547181786,4.0,8.630384369740781,14445,horizon
2406,2025-12-21,30,4.0,4.407463909528616,4.0,8.212006219659695,14445,horizon
2423,2025-11-22,1,21.0,23.59562559544111,21.0,27.491432561099145,4815,horizon
2423,2025-11-23,2,18.0,22.55236464978103,18.828807546397755,26.275921753164305,4815,horizon
2423,2025-11-24,3,10.0,15.120142582109313,12.623698630883661,17.616586533334964,4815,horizon
2423,2025-11-25,4,7.0,11.917453535798442,8.146304164841721,15.688602906755163,6420,horizon
2423,2025-11-26,5,9.0,17.116914179794758,11.700451682336535,22.53337667725298,6420,horizon
2423,2025-11-27,6,8.0,17.083418916411098,11.677555633043358,22.489282199778838,6420,horizon
2423,2025-11-28,7,5.0,12.123637189472884,8.287243229685146,15.960031149260622,6420,horizon
2423,2025-11-29,8,5.0,13.1919842664866,7.406499123521224,18.977469409451977,11235,horizon
2423,2025-11-30,9,6.0,16.249897186916712,9.123331777916269,23.376462595917154,11235,horizon
2423,2025-12-01,10,5.0,14.889932041864338,8.359793825522058,21.420070258206618,11235,horizon
2423,2025-12-02,11,5.0,15.867951613528941,8.908892501960192,22.82701072509769,11235,horizon
2423,2025-12-03,12,5.0,17.107641089468366,9.60490296039513,24.610379218541603,11235,horizon
2423,2025-12-04,13,7.0,23.53627859590357,13.214193048604802,33.85836414320234,11235,horizon
2423,2025-12-05,14,7.0,19.69214632480883,11.055945909931884,28.328346739685777,11235,horizon
2423,2025-12-06,15,6.0,21.177214512296967,9.946094188384519,32.40833483620941,11235,horizon
2423,2025-12-07,16,5.0,20.328991238465385,9.547717500581221,31.110264976349548,11235,horizon
2423,2025-12-08,17,6.0,21.066170636971712,9.893941302914767,32.238399971028656,11235,horizon
2423,2025-12-09,18,5.0,19.666372359632682,9.236511804664747,30.096232914600616,11235,horizon
2423,2025-12-10,19,5.0,19.90297335516496,9.347633868676667,30.458312841653253,11235,horizon
2423,2025-12-11,20,5.0,19.848932416752007,9.32225299230259,30.375611841201426,11235,horizon
2423,2025-12-12,21,5.0,17.478467083294753,8.208939838527064,26.74799432806244,11235,horizon
2423,2025-12-13,22,6.0,18.798997380781504,6.0,35.02637493652328,14445,horizon
2423,2025-12-14,23,6.0,18.201659947280163,6.0,33.91341319257262,14445,horizon
2423,2025-12-15,24,6.0,18.86041666977848,6.0,35.14081162701095,14445,horizon
2423,2025-12-16,25,6.0,19.31810825624946,6.0,35.993584612096505,14445,horizon
2423,2025-12-17,26,6.0,22.00134696584849,6.0,40.99300682504335,14445,horizon
2423,2025-12-18,27,6.0,21.997152526836054,6.0,40.98519172775267,14445,horizon
2423,2025-12-19,28,4.0,16.98276677260684,4.0,31.642366046870954,14445,horizon
2423,2025-12-20,29,4.0,19.301029595170135,4.0,35.961763575353885,14445,horizon
2423,2025-12-21,30,4.0,19.186928635530144,4.0,35.749170163481125,14445,horizon
2424,2025-11-22,1,0.0,1.3489376408701964e-16,0.0,0.16510716996673924,4815,horizon
2424,2025-11-23,2,0.0,1.3489376408701964e-16,0.0,0.16510716996673924,4815,horizon
2424,2025-11-24,3,0.0,1.3489376408701964e-16,0.0,0.16510716996673924,4815,horizon
2424,2025-11-25,4,0.0,1.3489376408701964e-16,0.0,0.3164391922845507,6420,horizon
2424,2025-11-26,5,0.0,1.3489376408701964e-16,0.0,0.3164391922845507,6420,horizon
2424,2025-11-27,6,0.0,1.3489376408701964e-16,0.0,0.3164391922845507,6420,horizon
2424,2025-11-28,7,0.0,1.3489376408701964e-16,0.0,0.3164391922845507,6420,horizon
2424,2025-11-29,8,0.0,1.5006439558569507e-16,0.0,0.4385606460783187,11235,horizon
2424,2025-11-30,9,0.0,1.5006439558569507e-16,0.0,0.4385606460783187,11235,horizon
2424,2025-12-01,10,0.0,1.5006439558569507e-16,0.0,0.4385606460783187,11235,horizon
2424,2025-12-02,11,0.0,1.5006439558569507e-16,0.0,0.4385606460783187,11235,horizon
2424,2025-12-03,12,0.0,1.5006439558569507e-16,0.0,0.4385606460783187,11235,horizon
2424,2025-12-04,13,0.0,1.5006439558569507e-16,0.0,0.4385606460783187,11235,horizon
2424,2025-12-05,14,0.0,1.5006439558569507e-16,0.0,0.4385606460783187,11235,horizon
2424,2025-12-06,15,0.0,2.0936493878579075e-16,0.0,0.530339829036103,11235,horizon
2424,2025-12-07,16,0.0,2.0936493878579075e-16,0.0,0.530339829036103,11235,horizon
2424,2025-12-08,17,0.0,2.0936493878579075e-16,0.0,0.530339829036103,11235,horizon
2424,2025-12-09,18,0.0,2.0936493878579075e-16,0.0,0.530339829036103,11235,horizon
2424,2025-12-10,19,0.0,2.0936493878579075e-16,0.0,0.530339829036103,11235,horizon
2424,2025-12-11,20,0.0,2.0936493878579075e-16,0.0,0.530339829036103,11235,horizon
2424,2025-12-12,21,0.0,2.0936493878579075e-16,0.0,0.530339829036103,11235,horizon
2424,2025-12-13,22,0.0,2.085521617919071e-16,0.0,0.8632044160148283,14445,horizon
2424,2025-12-14,23,0.0,2.085521617919071e-16,0.0,0.8632044160148283,14445,horizon
2424,2025-12-15,24,0.0,2.085521617919071e-16,0.0,0.8632044160148283,14445,horizon
2424,2025-12-16,25,0.0,2.085521617919071e-16,0.0,0.8632044160148283,14445,horizon
2424,2025-12-17,26,0.0,2.085521617919071e-16,0.0,0.8632044160148283,14445,horizon
2424,2025-12-18,27,0.0,2.085521617919071e-16,0.0,0.8632044160148283,14445,horizon
2424,2025-12-19,28,0.0,2.085521617919071e-16,0.0,0.8632044160148283,14445,horizon
2424,2025-12-20,29,0.0,2.085521617919071e-16,0.0,0.8632044160148283,14445,horizon
2424,2025-12-21,30,0.0,2.085521617919071e-16,0.0,0.8632044160148283,14445,horizon
2451,2025-11-22,1,0.0,1.3489376408701964e-16,0.0,0.16510716996673924,4815,horizon
2451,2025-11-23,2,0.0,1.3489376408701964e-16,0.0,0.16510716996673924,4815,horizon
2451,2025-11-24,3,0.0,1.3489376408701964e-16,0.0,0.16510716996673924,4815,horizon
2451,2025-11-25,4,0.0,1.3489376408701964e-16,0.0,0.3164391922845507,6420,horizon
2451,2025-11-26,5,0.0,1.3489376408701964e-16,0.0,0.3164391922845507,6420,horizon
2451,2025-11-27,6,0.0,1.3489376408701964e-16,0.0,0.3164391922845507,6420,horizon
2451,2025-11-28,7,0.0,1.3489376408701964e-16,0.0,0.3164391922845507,6420,horizon
2451,2025-11-29,8,0.0,1.5006439558569507e-16,0.0,0.4385606460783187,11235,horizon
2451,2025-11-30,9,0.0,1.5006439558569507e-16,0.0,0.4385606460783187,11235,horizon
2451,2025-12-01,10,0.0,1.5006439558569507e-16,0.0,0.4385606460783187,11235,horizon
2451,2025-12-02,11,0.0,1.5006439558569507e-16,0.0,0.4385606460783187,11235,horizon
2451,2025-12-03,12,0.0,1.5006439558569507e-16,0.0,0.4385606460783187,11235,horizon
2451,2025-12-04,13,0.0,1.5006439558569507e-16,0.0,0.4385606460783187,11235,horizon
2451,2025-12-05,14,0.0,1.5006439558569507e-16,0.0,0.4385606460783187,11235,horizon
2451,2025-12-06,15,0.0,2.0936493878579075e-16,0.0,0.530339829036103,11235,horizon
2451,2025-12-07,16,0.0,2.0936493878579075e-16,0.0,0.530339829036103,11235,horizon
2451,2025-12-08,17,0.0,2.0936493878579075e-16,0.0,0.530339829036103,11235,horizon
2451,2025-12-09,18,0.0,2.0936493878579075e-16,0.0,0.530339829036103,11235,horizon
2451,2025-12-10,19,0.0,2.0936493878579075e-16,0.0,0.530339829036103,11235,horizon
2451,2025-12-11,20,0.0,2.0936493878579075e-16,0.0,0.530339829036103,11235,horizon
2451,2025-12-12,21,0.0,2.0936493878579075e-16,0.0,0.530339829036103,11235,horizon
2451,2025-12-13,22,0.0,2.085521617919071e-16,0.0,0.8632044160148283,14445,horizon
2451,2025-12-14,23,0.0,2.085521617919071e-16,0.0,0.8632044160148283,14445,horizon
2451,2025-12-15,24,0.0,2.085521617919071e-16,0.0,0.8632044160148283,14445,horizon
2451,2025-12-16,25,0.0,2.085521617919071e-16,0.0,0.8632044160148283,14445,horizon
2451,2025-12-17,26,0.0,2.085521617919071e-16,0.0,0.8632044160148283,14445,horizon
2451,2025-12-18,27,0.0,2.085521617919071e-16,0.0,0.8632044160148283,14445,horizon
2451,2025-12-19,28,0.0,2.085521617919071e-16,0.0,0.8632044160148283,14445,horizon
2451,2025-12-20,29,0.0,2.085521617919071e-16,0.0,0.8632044160148283,14445,horizon
2451,2025-12-21,30,0.0,2.085521617919071e-16,0.0,0.8632044160148283,14445,horizon
2483,2025-11-22,1,1289.0,1432.9359092348225,1289.0,1669.5239019523,4815,horizon
2483,2025-11-23,2,1161.0,1416.6216352706692,1182.7272461574748,1650.5160243838636,4815,horizon
2483,2025-11-24,3,1262.0,1644.4094488336052,1372.9056584701234,1915.913239197087,4815,horizon
2483,2025-11-25,4,1258.0,1764.4804015236177,1258.0,2322.831154583671,6420,horizon
2483,2025-11-26,5,1142.0,1823.806743250211,1246.6828105329973,2400.9306759674246,6420,horizon
2483,2025-11-27,6,819.0,1425.6017319644734,974.4854713821791,1876.7179925467676,6420,horizon
2483,2025-11-28,7,319.0,637.6499361594049,435.87250540082755,839.4273669179822,6420,horizon
2483,2025-11-29,8,387.0,788.0066753499459,442.4179586944458,1133.595392005446,11235,horizon
2483,2025-11-30,9,385.0,854.6839603643575,479.8532105141889,1229.514710214526,11235,horizon
2483,2025-12-01,10,399.0,896.0344787187651,503.0690188234141,1288.999938614116,11235,horizon
2483,2025-12-02,11,388.0,948.9241324827583,532.7633518618119,1365.0849131037048,11235,horizon
2483,2025-12-03,12,376.0,1155.5142565614651,648.751177651161,1662.2773354717692,11235,horizon
2483,2025-12-04,13,277.0,1158.738975725434,650.5616618951587,1666.9162895557095,11235,horizon
2483,2025-12-05,14,206.0,861.8360041141744,483.86864933630574,1239.8033588920432,11235,horizon
2483,2025-12-06,15,202.0,905.4904693987972,425.27280866401867,1385.7081301335759,11235,horizon
2483,2025-12-07,16,184.0,874.6203296736908,410.7743335630458,1338.4663257843358,11235,horizon
2483,2025-12-08,17,223.0,908.3844281856869,426.63198584263176,1390.136870528742,11235,horizon
2483,2025-12-09,18,258.0,1015.0004064730407,476.70526443255346,1553.295548513528,11235,horizon
2483,2025-12-10,19,222.0,1030.6509496132362,484.0557011994556,1577.2461980270168,11235,horizon
2483,2025-12-11,20,130.0,887.16338040166,416.6653049123526,1357.6614558909673,11235,horizon
2483,2025-12-12,21,103.0,605.1456600362449,284.2128141506832,926.0785059218065,11235,horizon
2483,2025-12-13,22,138.0,761.1856561374562,138.0,1418.244475922453,14445,horizon
2483,2025-12-14,23,195.0,898.2807666540392,195.0,1673.6806912509912,14445,horizon
2483,2025-12-15,24,215.0,1089.6658966491318,215.0,2030.2703106174197,14445,horizon
2483,2025-12-16,25,190.0,1216.5424012084275,190.0,2266.667174200825,14445,horizon
2483,2025-12-17,26,189.0,1146.5773285711916,189.0,2136.307941896329,14445,horizon
2483,2025-12-18,27,135.0,919.6135487684472,135.0,1713.4280250924385,14445,horizon
2483,2025-12-19,28,76.0,726.3612176381664,99.36300695099351,1353.3594283253392,14445,horizon
2483,2025-12-20,29,69.0,743.3923652661603,101.69279273670259,1385.091937795618,14445,horizon
2483,2025-12-21,30,51.0,533.5824198580674,72.99171872870551,994.1731209874292,14445,horizon
2575,2025-11-22,1,0.0,1.3489376408701964e-16,0.0,0.16510716996673924,4815,horizon
2575,2025-11-23,2,0.0,1.3489376408701964e-16,0.0,0.16510716996673924,4815,horizon
2575,2025-11-24,3,0.0,1.3489376408701964e-16,0.0,0.16510716996673924,4815,horizon
2575,2025-11-25,4,0.0,1.3489376408701964e-16,0.0,0.3164391922845507,6420,horizon
2575,2025-11-26,5,0.0,1.3489376408701964e-16,0.0,0.3164391922845507,6420,horizon
2575,2025-11-27,6,0.0,1.3489376408701964e-16,0.0,0.3164391922845507,6420,horizon
2575,2025-11-28,7,0.0,1.3489376408701964e-16,0.0,0.3164391922845507,6420,horizon
2575,2025-11-29,8,0.0,1.5006439558569507e-16,0.0,0.4385606460783187,11235,horizon
2575,2025-11-30,9,0.0,1.5006439558569507e-16,0.0,0.4385606460783187,11235,horizon
2575,2025-12-01,10,0.0,1.5006439558569507e-16,0.0,0.4385606460783187,11235,horizon
2575,2025-12-02,11,0.0,1.5006439558569507e-16,0.0,0.4385606460783187,11235,horizon
2575,2025-12-03,12,0.0,1.5006439558569507e-16,0.0,0.4385606460783187,11235,horizon
2575,2025-12-04,13,0.0,1.5006439558569507e-16,0.0,0.4385606460783187,11235,horizon
2575,2025-12-05,14,0.0,1.5006439558569507e-16,0.0,0.4385606460783187,11235,horizon
2575,2025-12-06,15,0.0,2.0936493878579075e-16,0.0,0.530339829036103,11235,horizon
2575,2025-12-07,16,0.0,2.0936493878579075e-16,0.0,0.530339829036103,11235,horizon
2575,2025-12-08,17,0.0,2.0936493878579075e-16,0.0,0.530339829036103,11235,horizon
2575,2025-12-09,18,0.0,2.0936493878579075e-16,0.0,0.530339829036103,11235,horizon
2575,2025-12-10,19,0.0,2.0936493878579075e-16,0.0,0.530339829036103,11235,horizon
2575,2025-12-11,20,0.0,2.0936493878579075e-16,0.0,0.530339829036103,11235,horizon
2575,2025-12-12,21,0.0,2.0936493878579075e-16,0.0,0.530339829036103,11235,horizon
2575,2025-12-13,22,0.0,2.085521617919071e-16,0.0,0.8632044160148283,14445,horizon
2575,2025-12-14,23,0.0,2.085521617919071e-16,0.0,0.8632044160148283,14445,horizon
2575,2025-12-15,24,0.0,2.085521617919071e-16,0.0,0.8632044160148283,14445,horizon
2575,2025-12-16,25,0.0,2.085521617919071e-16,0.0,0.8632044160148283,14445,horizon
2575,2025-12-17,26,0.0,2.085521617919071e-16,0.0,0.8632044160148283,14445,horizon
2575,2025-12-18,27,0.0,2.085521617919071e-16,0.0,0.8632044160148283,14445,horizon
2575,2025-12-19,28,0.0,2.085521617919071e-16,0.0,0.8632044160148283,14445,horizon
2575,2025-12-20,29,0.0,2.085521617919071e-16,0.0,0.8632044160148283,14445,horizon
2575,2025-12-21,30,0.0,2.085521617919071e-16,0.0,0.8632044160148283,14445,horizon
2587,2025-11-22,1,439.0,498.77798428601136,439.0,581.1298057131894,4815,horizon
2587,2025-11-23,2,318.0,433.9057790602787,362.2648238474229,505.54673427313446,4815,horizon
2587,2025-11-24,3,211.0,347.9087809939431,290.4665467574551,405.3510152304311,4815,horizon
2587,2025-11-25,4,162.0,316.68157515257246,216.47111329989323,416.8920370052517,6420,horizon
2587,2025-11-26,5,174.0,443.97382456280985,303.48310612267153,584.4645430029482,6420,horizon
2587,2025-11-27,6,179.0,572.4592675636457,391.3107193200002,753.6078158072911,6420,horizon
2587,2025-11-28,7,48.0,186.50898155436934,127.49023007749057,245.52773303124812,6420,horizon
2587,2025-11-29,8,56.0,215.39792894300348,120.93287406182813,309.86298382417885,11235,horizon
2587,2025-11-30,9,49.0,217.02513978569746,121.84645426604459,312.20382530535034,11235,horizon
2587,2025-12-01,10,68.0,228.73090084008535,128.4185291895817,329.043272490589,11235,horizon
2587,2025-12-02,11,78.0,270.49356064240374,151.86572992704632,389.1213913577611,11235,horizon
2587,2025-12-03,12,74.0,385.489257369651,216.42883960136564,554.5496751379363,11235,horizon
2587,2025-12-04,13,129.0,887.5453891401881,498.3029098550346,1276.7878684253417,11235,horizon
2587,2025-12-05,14,69.0,322.77463487382,181.21838246586412,464.33088728177586,11235,horizon
2587,2025-12-06,15,55.0,302.07838299429255,141.87418500159706,462.282580986988,11235,horizon
2587,2025-12-07,16,46.0,240.44341597167545,112.92669585240054,367.96013609095036,11235,horizon
2587,2025-12-08,17,40.0,225.51925137998614,105.9174101587744,345.1210926011979,11235,horizon
2587,2025-12-09,18,34.0,251.39643808799178,118.07089409212102,384.72198208386254,11235,horizon
2587,2025-12-10,19,37.0,356.66810339094076,167.51280241595822,545.8234043659234,11235,horizon
2587,2025-12-11,20,45.0,701.806929482901,329.61076248458704,1074.003096481215,11235,horizon
2587,2025-12-12,21,30.0,277.3951319117451,130.28144507822304,424.5088187452672,11235,horizon
2587,2025-12-13,22,16.0,216.48956190477557,29.614816047457794,403.36430776209335,14445,horizon
2587,2025-12-14,23,23.0,222.83564612620646,30.48293234454752,415.1883599078654,14445,horizon
2587,2025-12-15,24,26.0,237.33016147997216,32.46571803694795,442.1946049229964,14445,horizon
2587,2025-12-16,25,20.0,273.2769553803827,37.38308070094922,509.1708300598161,14445,horizon
2587,2025-12-17,26,34.0,403.46478718912243,55.192201180989116,751.7373731972557,14445,horizon
2587,2025-12-18,27,39.0,539.3790595015007,73.78467343388058,1004.9734455691208,14445,horizon
2587,2025-12-19,28,17.0,269.5118605093629,36.86803234930849,502.1556886694174,14445,horizon
2587,2025-12-20,29,5.0,198.68436302904996,27.179143469280774,370.1895825888191,14445,horizon
2587,2025-12-21,30,4.0,161.96248976632373,22.15575337127669,301.76922616137074,14445,horizon
2642,2025-11-22,1,583.0,619.0817322868618,583.0,721.2965650828519,4815,horizon
2642,2025-11-23,2,540.0,628.6071188908999,540.0,732.3946613119218,4815,horizon
2642,2025-11-24,3,726.0,896.9065561093084,748.8208529054862,1044.9922593131307,4815,horizon
2642,2025-11-25,4,761.0,1018.1202177061326,761.0,1340.293357045632,6420,horizon
2642,2025-11-26,5,741.0,1142.2586840510771,780.8032686899406,1503.7140994122137,6420,horizon
2642,2025-11-27,6,564.0,920.9625416400507,629.5338988391463,1212.3911844409552,6420,horizon
2642,2025-11-28,7,166.0,274.75603732727365,187.81245880012733,361.69961585441996,6420,horizon
2642,2025-11-29,8,198.0,335.97176639352625,198.0,483.315761327145,11235,horizon
2642,2025-11-30,9,187.0,364.1798404443324,204.46489433036703,523.8947865582977,11235,horizon
2642,2025-12-01,10,217.0,419.19917441767404,235.35491364956118,603.0434351857868,11235,horizon
2642,2025-12-02,11,216.0,463.022022599539,259.95878521979535,666.0852599792827,11235,horizon
2642,2025-12-03,12,214.0,561.6252297591516,315.31850614209395,807.9319533762092,11235,horizon
2642,2025-12-04,13,152.0,611.5436355691361,343.344663648852,879.7426074894202,11235,horizon
2642,2025-12-05,14,79.0,305.5869151914824,171.56852023202555,439.6053101509392,11235,horizon
2642,2025-12-06,15,112.0,351.22539544508436,164.95657927160073,537.494211618568,11235,horizon
2642,2025-12-07,16,72.0,290.47717338343887,136.42555891237552,444.5287878545022,11235,horizon
2642,2025-12-08,17,78.0,300.38687440425247,141.07975078801195,459.693998020493,11235,horizon
2642,2025-12-09,18,94.0,364.26138795204264,171.07906574110285,557.4437101629824,11235,horizon
2642,2025-12-10,19,108.0,460.3923442247849,216.2279470990819,704.5567413504879,11235,horizon
2642,2025-12-11,20,105.0,651.5535282422946,306.00874146640655,997.0983150181828,11235,horizon
2642,2025-12-12,21,62.0,316.46870393068843,148.6327455928101,484.30466226856674,11235,horizon
2642,2025-12-13,22,65.0,295.3668268339009,65.0,550.3287761012112,14445,horizon
2642,2025-12-14,23,68.0,308.22776405895155,68.0,574.2913311330151,14445,horizon
2642,2025-12-15,24,70.0,407.14158231657115,70.0,758.5879941155,14445,horizon
2642,2025-12-16,25,77.0,514.6775716456134,77.0,958.9495243138949,14445,horizon
2642,2025-12-17,26,65.0,446.2028048680288,65.0,831.3670364683139,14445,horizon
2642,2025-12-18,27,54.0,430.58007064660694,58.901452216479186,802.2586890767348,14445,horizon
2642,2025-12-19,28,41.0,282.98669923165676,41.0,527.2620676818829,14445,horizon
2642,2025-12-20,29,50.0,365.9611858004377,50.06187412747687,681.8604974733985,14445,horizon
2642,2025-12-21,30,13.0,121.74153397318302,16.653704235112215,226.82936371125385,14445,horizon
2668,2025-11-22,1,0.0,1.3489376408701964e-16,0.0,0.16510716996673924,4815,horizon
2668,2025-11-23,2,0.0,1.3489376408701964e-16,0.0,0.16510716996673924,4815,horizon
2668,2025-11-24,3,0.0,1.3489376408701964e-16,0.0,0.16510716996673924,4815,horizon
2668,2025-11-25,4,0.0,1.3489376408701964e-16,0.0,0.3164391922845507,6420,horizon
2668,2025-11-26,5,0.0,1.3489376408701964e-16,0.0,0.3164391922845507,6420,horizon
2668,2025-11-27,6,0.0,1.3489376408701964e-16,0.0,0.3164391922845507,6420,horizon
2668,2025-11-28,7,0.0,1.3489376408701964e-16,0.0,0.3164391922845507,6420,horizon
2668,2025-11-29,8,0.0,1.5006439558569507e-16,0.0,0.4385606460783187,11235,horizon
2668,2025-11-30,9,2.0,2.016347422380077,2.0,2.9006380506574354,11235,horizon
2668,2025-12-01,10,0.0,1.5006439558569507e-16,0.0,0.4385606460783187,11235,horizon
2668,2025-12-02,11,0.0,1.5006439558569507e-16,0.0,0.4385606460783187,11235,horizon
2668,2025-12-03,12,0.0,1.5006439558569507e-16,0.0,0.4385606460783187,11235,horizon
2668,2025-12-04,13,0.0,1.5006439558569507e-16,0.0,0.4385606460783187,11235,horizon
2668,2025-12-05,14,0.0,1.5006439558569507e-16,0.0,0.4385606460783187,11235,horizon
2668,2025-12-06,15,0.0,2.0936493878579075e-16,0.0,0.530339829036103,11235,horizon
2668,2025-12-07,16,0.0,2.0936493878579075e-16,0.0,0.530339829036103,11235,horizon
2668,2025-12-08,17,0.0,2.0936493878579075e-16,0.0,0.530339829036103,11235,horizon
2668,2025-12-09,18,0.0,2.0936493878579075e-16,0.0,0.530339829036103,11235,horizon
2668,2025-12-10,19,0.0,2.0936493878579075e-16,0.0,0.530339829036103,11235,horizon
2668,2025-12-11,20,0.0,0.0,0.0,0.5303398290361028,11235,horizon
2668,2025-12-12,21,0.0,2.0936493878579075e-16,0.0,0.530339829036103,11235,horizon
2668,2025-12-13,22,0.0,2.085521617919071e-16,0.0,0.8632044160148283,14445,horizon
2668,2025-12-14,23,0.0,2.085521617919071e-16,0.0,0.8632044160148283,14445,horizon
2668,2025-12-15,24,0.0,2.085521617919071e-16,0.0,0.8632044160148283,14445,horizon
2668,2025-12-16,25,0.0,2.085521617919071e-16,0.0,0.8632044160148283,14445,horizon
2668,2025-12-17,26,0.0,2.085521617919071e-16,0.0,0.8632044160148283,14445,horizon
2668,2025-12-18,27,0.0,0.0,0.0,0.8632044160148281,14445,horizon
2668,2025-12-19,28,0.0,2.085521617919071e-16,0.0,0.8632044160148283,14445,horizon
2668,2025-12-20,29,0.0,2.085521617919071e-16,0.0,0.8632044160148283,14445,horizon
2668,2025-12-21,30,0.0,2.085521617919071e-16,0.0,0.8632044160148283,14445,horizon
2670,2025-11-22,1,11.0,12.702386809206565,11.0,14.799641947097498,4815,horizon
2670,2025-11-23,2,9.0,12.947366377945134,10.809663356760103,15.085069399130164,4815,horizon
2670,2025-11-24,3,1.0,3.9461444074895593,3.2946076720888837,4.597681142890235,4815,horizon
2670,2025-11-25,4,0.0,2.80113739874024,1.9147477428048314,3.687527054675649,6420,horizon
2670,2025-11-26,5,5.0,12.690264506587575,8.6745674562457,16.70596155692945,6420,horizon
2670,2025-11-27,6,7.0,36.327642522274076,24.832152664923775,47.823132379624376,6420,horizon
2670,2025-11-28,7,2.0,7.608494371755416,5.200868558255583,10.01612018525525,6420,horizon
2670,2025-11-29,8,0.0,4.278788949560843,2.4022805034086696,6.155297395713016,11235,horizon
2670,2025-11-30,9,9.0,15.606405313611848,9.0,22.450760510909564,11235,horizon
2670,2025-12-01,10,9.0,15.803073897427565,9.0,22.733680195906807,11235,horizon
2670,2025-12-02,11,11.0,20.411581361560863,11.459865052154566,29.36329767096716,11235,horizon
2670,2025-12-03,12,6.0,18.480494061906604,10.375676646270316,26.585311477542895,11235,horizon
2670,2025-12-04,13,8.0,74.96023503350912,42.085625927030755,107.8348441399875,11235,horizon
2670,2025-12-05,14,0.0,8.01728683971022,4.501220343491705,11.533353335928734,11235,horizon
2670,2025-12-06,15,0.0,6.87800606479562,3.2303255042826327,10.525686625308607,11235,horizon
2670,2025-12-07,16,1.0,8.278595209925072,3.88812644163431,12.669063978215835,11235,horizon
2670,2025-12-08,17,1.0,7.546269862593711,3.5441823938054675,11.548357331381954,11235,horizon
2670,2025-12-09,18,0.0,6.389882481993428,3.0010732989322455,9.77869166505461,11235,horizon
2670,2025-12-10,19,0.0,10.826673615202889,5.084857381086504,16.568489849319274,11235,horizon
2670,2025-12-11,20,1.0,50.433213458235514,23.686471655053612,77.17995526141742,11235,horizon
2670,2025-12-12,21,0.0,8.687421114505977,4.0801356858742475,13.294706543137707,11235,horizon
2670,2025-12-13,22,0.0,7.291841397287935,0.9974917022692544,13.586191092306615,14445,horizon
2670,2025-12-14,23,0.0,6.739987287454316,0.9220004970399476,12.557974077868684,14445,horizon
2670,2025-12-15,24,0.0,8.455107081141072,1.1566213108218548,15.75359285146029,14445,horizon
2670,2025-12-16,25,0.0,8.992666256726423,1.2301570321726407,16.755175481280205,14445,horizon
2670,2025-12-17,26,0.0,13.686608338292343,1.8722675804130233,25.500949096171663,14445,horizon
2670,2025-12-18,27,2.0,47.96410646979565,6.5612779548626605,89.36693498472864,14445,horizon
2670,2025-12-19,28,0.0,11.943561283017596,1.6338264405730811,22.25329612546211,14445,horizon
2670,2025-12-20,29,0.0,8.24657050913842,1.1280944286724868,15.365046589604354,14445,horizon
2670,2025-12-21,30,0.0,6.055180812517897,0.8283219953841936,11.282039629651601,14445,horizon
2692,2025-11-22,1,445.0,597.3571996078717,498.72924292135957,695.985156294384,4815,horizon
2692,2025-11-23,2,382.0,596.2235416236674,497.7827599986374,694.6643232486974,4815,horizon
2692,2025-11-24,3,298.0,538.0653159626484,449.2268743867962,626.9037575385005,4815,horizon
2692,2025-11-25,4,226.0,463.99441736816993,317.1683987116456,610.8204360246943,6420,horizon
2692,2025-11-26,5,331.0,832.3214919583409,568.9423513219714,1095.7006325947104,6420,horizon
2692,2025-11-27,6,368.0,1127.9039407548141,770.9909287677992,1484.816952741829,6420,horizon
2692,2025-11-28,7,107.0,386.8711323058862,264.44994368080205,509.29232093097033,6420,horizon
2692,2025-11-29,8,131.0,408.5025587450532,229.3494126571764,587.65570483293,11235,horizon
2692,2025-11-30,9,94.0,398.5957829839677,223.7873588744256,573.4042070935097,11235,horizon
2692,2025-12-01,10,94.0,352.5122815429819,197.91426759894964,507.1102954870141,11235,horizon
2692,2025-12-02,11,154.0,533.8705623032351,299.73594357733316,768.0051810291371,11235,horizon
2692,2025-12-03,12,153.0,788.6574776108449,442.78334469533576,1134.5316105263541,11235,horizon
2692,2025-12-04,13,180.0,1450.9187717886973,814.6028978258859,2087.2346457515087,11235,horizon
2692,2025-12-05,14,39.0,409.5025111777518,229.9108253049431,589.0941970505605,11235,horizon
2692,2025-12-06,15,20.0,287.26455886095215,134.9167218265033,439.612395895401,11235,horizon
2692,2025-12-07,16,14.0,271.19350086116134,127.36878597875085,415.01821574357183,11235,horizon
2692,2025-12-08,17,16.0,266.0604050091272,124.9579753033104,407.162834714944,11235,horizon
2692,2025-12-09,18,17.0,274.72046418317046,129.02526017554905,420.41566819079185,11235,horizon
2692,2025-12-10,19,34.0,550.6518530019932,258.61924342250296,842.6844625814836,11235,horizon
2692,2025-12-11,20,52.0,1054.8380615077003,495.41542430693244,1614.2606987084682,11235,horizon
2692,2025-12-12,21,8.0,309.5044561243416,145.36191577744628,473.6469964712369,11235,horizon
2692,2025-12-13,22,26.0,314.649910174616,43.04271821321845,586.2571021360136,14445,horizon
2692,2025-12-14,23,32.0,303.13404298460256,41.46739843586488,564.8006875333402,14445,horizon
2692,2025-12-15,24,16.0,336.88061068079213,46.08377987136032,627.6774414902239,14445,horizon
2692,2025-12-16,25,31.0,333.6085368529368,45.63617462123625,621.5808990846374,14445,horizon
2692,2025-12-17,26,66.0,611.1753254179705,83.60608555787871,1138.7445652780623,14445,horizon
2692,2025-12-18,27,45.0,899.8592364455247,123.09676975401646,1676.621703137033,14445,horizon
2692,2025-12-19,28,24.0,429.50290480283365,58.754100685831304,800.251708919836,14445,horizon
2692,2025-12-20,29,30.0,397.48636927843086,54.37438001158864,740.5983585452731,14445,horizon
2692,2025-12-21,30,22.0,263.9032963029539,36.10080553337443,491.7057870725333,14445,horizon
2728,2025-11-22,1,203.0,208.1731103844692,203.0,242.54398350322248,4815,horizon
2728,2025-11-23,2,166.0,176.26641590498298,166.0,205.36926499523491,4815,horizon
2728,2025-11-24,3,173.0,197.19300347555102,173.0,229.7509822166406,4815,horizon
2728,2025-11-25,4,167.0,193.1173099770809,167.0,254.22719556239358,6420,horizon
2728,2025-11-26,5,169.0,210.892864110681,169.0,277.6276316884404,6420,horizon
2728,2025-11-27,6,134.0,174.9750307327759,134.0,230.34398812781993,6420,horizon
2728,2025-11-28,7,52.0,68.56123082095056,52.0,90.25669132396678,6420,horizon
2728,2025-11-29,8,81.0,111.93951046095592,81.0,161.03177449040345,11235,horizon
2728,2025-11-30,9,70.0,105.28518609205395,70.0,151.45912532706112,11235,horizon
2728,2025-12-01,10,68.0,109.19672597600072,68.0,157.0861126696727,11235,horizon
2728,2025-12-02,11,67.0,126.02664843193412,70.75632007253998,181.29697679132826,11235,horizon
2728,2025-12-03,12,54.0,104.04030816575693,58.41232339839521,149.66829293311864,11235,horizon
2728,2025-12-04,13,36.0,86.67496622343668,48.66273703766986,124.68719540920351,11235,horizon
2728,2025-12-05,14,18.0,44.27429413916305,24.85733109683019,63.6912571814959,11235,horizon
2728,2025-12-06,15,31.0,113.70568489128196,53.40303140560651,174.0083383769574,11235,horizon
2728,2025-12-07,16,33.0,128.738300501574,60.46325222317083,197.01334877997718,11235,horizon
2728,2025-12-08,17,45.0,162.47960666937252,76.31019984648427,248.64901349226076,11235,horizon
2728,2025-12-09,18,48.0,189.15415285999697,88.83817177075733,289.4701339492366,11235,horizon
2728,2025-12-10,19,40.0,147.08803334041318,69.08139088540187,225.09467579542448,11235,horizon
2728,2025-12-11,20,23.0,103.11040220182396,48.42684912626485,157.79395527738308,11235,horizon
2728,2025-12-12,21,20.0,79.24329335507834,37.21741870488835,121.26916800526831,11235,horizon
2728,2025-12-13,22,24.0,93.03755568172785,24.0,173.3479846014208,14445,horizon
2728,2025-12-14,23,20.0,77.9945653388799,20.0,145.31981856455806,14445,horizon
2728,2025-12-15,24,23.0,99.17861376559843,23.0,184.790031142292,14445,horizon
2728,2025-12-16,25,33.0,131.66165302581229,33.0,245.3125733375055,14445,horizon
2728,2025-12-17,26,34.0,128.9954677613502,34.0,240.3449251788461,14445,horizon
2728,2025-12-18,27,38.0,181.71510974217742,38.0,338.5723949282441,14445,horizon
2728,2025-12-19,28,35.0,142.0973158228266,35.0,264.75634634494423,14445,horizon
2728,2025-12-20,29,21.0,94.61907318060577,21.0,176.29467498933485,14445,horizon
2728,2025-12-21,30,4.0,23.3712781284576,4.0,43.54546861685297,14445,horizon
2730,2025-11-22,1,1.0,1.003997542074323,1.0,1.1697647348997766,4815,horizon
2730,2025-11-23,2,1.0,1.3153533830596429,1.0981791084764891,1.5325276576427966,4815,horizon
2730,2025-11-24,3,2.0,2.9054782378415998,2.425762948591625,3.3851935270915745,4815,horizon
2730,2025-11-25,4,1.0,2.152840736683915,1.4715975528503802,2.83408392051745,6420,horizon
2730,2025-11-26,5,1.0,2.8610520947240103,1.955703080785523,3.7664011086624978,6420,horizon
2730,2025-11-27,6,2.0,4.2794388287472955,2.9252566623473584,5.633620995147233,6420,horizon
2730,2025-11-28,7,1.0,2.1428056961334123,1.4647379924262212,2.8208733998406035,6420,horizon
2730,2025-11-29,8,1.0,2.5283883067471695,1.419536697403265,3.637239916091074,11235,horizon
2730,2025-11-30,9,1.0,2.667614363226602,1.4977036846021412,3.837525041851063,11235,horizon
2730,2025-12-01,10,1.0,3.2744583336810655,1.838409771305363,4.710506896056768,11235,horizon
2730,2025-12-02,11,2.0,4.677251642732181,2.6259931404246792,6.728510145039683,11235,horizon
2730,2025-12-03,12,1.0,3.5923636682887863,2.0168943369757777,5.167832999601795,11235,horizon
2730,2025-12-04,13,1.0,5.214957289389614,2.927882251284068,7.50203232749516,11235,horizon
2730,2025-12-05,14,0.0,1.7656156726673833e-05,0.0,0.4385783022350452,11235,horizon
2730,2025-12-06,15,0.0,0.0023008879053166564,0.0,0.5326407169414195,11235,horizon
2730,2025-12-07,16,0.0,0.0,0.0,0.5303398290361028,11235,horizon
2730,2025-12-08,17,1.0,4.119403954705293,1.934719965636242,6.304087943774343,11235,horizon
2730,2025-12-09,18,0.0,0.0,0.0,0.5303398290361028,11235,horizon
2730,2025-12-10,19,0.0,0.0,0.0,0.5303398290361028,11235,horizon
2730,2025-12-11,20,0.0,0.0,0.0,0.5303398290361028,11235,horizon
2730,2025-12-12,21,0.0,0.008125482804157983,0.0,0.5384653118402608,11235,horizon
2730,2025-12-13,22,0.0,0.02424162948864568,0.0,0.8874460455034738,14445,horizon
2730,2025-12-14,23,0.0,0.0,0.0,0.8632044160148281,14445,horizon
2730,2025-12-15,24,0.0,0.0,0.0,0.8632044160148281,14445,horizon
2730,2025-12-16,25,0.0,0.020928758124408628,0.0,0.8841331741392368,14445,horizon
2730,2025-12-17,26,0.0,0.002080421905959772,0.0,0.8652848379207879,14445,horizon
2730,2025-12-18,27,0.0,0.022348814475493303,0.0,0.8855532304903214,14445,horizon
2730,2025-12-19,28,0.0,0.06011167356375542,0.0,0.9233160895785836,14445,horizon
2730,2025-12-20,29,0.0,0.018046568017296642,0.0,0.8812509840321248,14445,horizon
2730,2025-12-21,30,0.0,0.0,0.0,0.8632044160148281,14445,horizon
2751,2025-11-22,1,15.0,21.144554717194097,17.653437127631317,24.635672306756877,4815,horizon
2751,2025-11-23,2,9.0,18.247982082276025,15.235109403067668,21.26085476148438,4815,horizon
2751,2025-11-24,3,6.0,16.070830073391242,13.417420800957252,18.724239345825232,4815,horizon
2751,2025-11-25,4,9.0,23.14601238728222,15.82170692284243,30.470317851722008,6420,horizon
2751,2025-11-26,5,8.0,28.308584349874636,19.350638783481237,37.266529916268034,6420,horizon
2751,2025-11-27,6,6.0,32.12323273694308,21.958182916096177,42.288282557789984,6420,horizon
2751,2025-11-28,7,1.0,11.735099658678553,8.021654201307607,15.4485451160495,6420,horizon
2751,2025-11-29,8,0.0,12.196032549856332,6.847332635199137,17.544732464513526,11235,horizon
2751,2025-11-30,9,0.0,13.581708878520521,7.625305857908926,19.538111899132115,11235,horizon
2751,2025-12-01,10,1.0,14.015392655155564,7.86879299726922,20.161992313041907,11235,horizon
2751,2025-12-02,11,2.0,15.565943428647447,8.739333221761267,22.392553635533627,11235,horizon
2751,2025-12-03,12,5.0,26.793672260591965,15.043022043176032,38.5443224780079,11235,horizon
2751,2025-12-04,13,5.0,53.858415541727915,30.23823402499317,77.47859705846267,11235,horizon
2751,2025-12-05,14,1.0,17.39059118407525,9.7637622787033,25.017420089447203,11235,horizon
2751,2025-12-06,15,1.0,16.702480204040427,7.844489708150736,25.560470699930118,11235,horizon
2751,2025-12-07,16,1.0,15.917025788409585,7.475593053021207,24.358458523797964,11235,horizon
2751,2025-12-08,17,0.0,13.384431173118127,6.286134233021175,20.482728113215078,11235,horizon
2751,2025-12-09,18,0.0,14.830898911131912,6.965482518150491,22.696315304113334,11235,horizon
2751,2025-12-10,19,0.0,19.37963407284188,9.101842251868685,29.657425893815077,11235,horizon
2751,2025-12-11,20,0.0,41.59607654875116,19.536020423313825,63.656132674188484,11235,horizon
2751,2025-12-12,21,0.0,17.178591428321894,8.0681001871446,26.289082669499187,11235,horizon
2751,2025-12-13,22,0.0,16.002757888819534,2.1891066107743846,29.816409166864684,14445,horizon
2751,2025-12-14,23,0.0,14.909844210231178,2.0396008458665076,27.780087574595846,14445,horizon
2751,2025-12-15,24,0.0,16.193746424867477,2.2152329990975357,30.172259850637417,14445,horizon
2751,2025-12-16,25,0.0,16.640660058637145,2.276368810619992,31.0049513066543,14445,horizon
2751,2025-12-17,26,0.0,21.259680338334,2.9082303872204776,39.61113028944752,14445,horizon
2751,2025-12-18,27,3.0,36.86327097855959,5.042732681115698,68.68380927600349,14445,horizon
2751,2025-12-19,28,0.0,16.337732598284017,2.2349296717758413,30.440535524792192,14445,horizon
2751,2025-12-20,29,0.0,14.963908567814116,2.0469966112348494,27.880820524393382,14445,horizon
2751,2025-12-21,30,0.0,10.916345063593216,1.4933077979578826,20.33938232922855,14445,horizon
2778,2025-11-22,1,3448.0,3954.633368902262,3448.0,4607.571692697746,4815,horizon
2778,2025-11-23,2,2507.0,3356.142800594533,2802.0195607841238,3910.2660404049425,4815,horizon
2778,2025-11-24,3,2199.0,3346.3909092194936,2793.8777765958403,3898.904041843147,4815,horizon
2778,2025-11-25,4,2145.0,3700.202954800835,2529.3137204947516,4871.092189106918,6420,horizon
2778,2025-11-26,5,2401.0,5129.285004980969,3506.178201007534,6752.391808954403,6420,horizon
2778,2025-11-27,6,2022.0,5243.360970829545,3584.1560603639073,6902.565881295183,6420,horizon
2778,2025-11-28,7,758.0,2052.747024308883,1403.177413972065,2702.3166346457006,6420,horizon
2778,2025-11-29,8,830.0,2214.3316404768902,1243.2129255976824,3185.450355356098,11235,horizon
2778,2025-11-30,9,747.0,2235.076317311165,1254.8598035568316,3215.2928310654984,11235,horizon
2778,2025-12-01,10,672.0,2169.893929975001,1218.263846123743,3121.524013826259,11235,horizon
2778,2025-12-02,11,677.0,2437.7070684820746,1368.6246815788923,3506.789455385257,11235,horizon
2778,2025-12-03,12,698.0,3665.060811555337,2057.709374123302,5272.412248987372,11235,horizon
2778,2025-12-04,13,802.0,5964.762625004952,3348.852474478973,8580.67277553093,11235,horizon
2778,2025-12-05,14,426.0,2587.5076796733424,1452.7286399431905,3722.2867194034943,11235,horizon
2778,2025-12-06,15,382.0,2039.2483884135693,957.7537467401689,3120.7430300869696,11235,horizon
2778,2025-12-07,16,380.0,1961.89605283278,921.4244355868386,3002.3676700787214,11235,horizon
2778,2025-12-08,17,379.0,1964.5283452012616,922.6607184706465,3006.3959719318764,11235,horizon
2778,2025-12-09,18,340.0,2123.1064548386476,997.138540554073,3249.074369123222,11235,horizon
2778,2025-12-10,19,395.0,3575.0786878530857,1679.0720677464656,5471.0853079597055,11235,horizon
2778,2025-12-11,20,414.0,5742.289844687163,2696.924830180024,8787.654859194303,11235,horizon
2778,2025-12-12,21,259.0,2482.135792984533,1165.7603208887244,3798.5112650803417,11235,horizon
2778,2025-12-13,22,194.0,1782.63737994067,243.85692142278072,3321.4178384585593,14445,horizon
2778,2025-12-14,23,134.0,1533.5661260935765,209.78507379884854,2857.347178388304,14445,horizon
2778,2025-12-15,24,147.0,1760.70761958218,240.85702704788628,3280.558212116474,14445,horizon
2778,2025-12-16,25,187.0,2203.59379076455,301.44189947373525,4105.745682055364,14445,horizon
2778,2025-12-17,26,217.0,3371.7743220437155,461.2438374501771,6282.304806637254,14445,horizon
2778,2025-12-18,27,277.0,4291.652103961001,587.0790558225367,7996.225152099465,14445,horizon
2778,2025-12-19,28,172.0,1931.6580382245213,264.24228939857494,3599.0737870504677,14445,horizon
2778,2025-12-20,29,134.0,1479.5452069858536,202.3952506220919,2756.6951633496155,14445,horizon
2778,2025-12-21,30,72.0,1121.663519416177,153.43861617339917,2089.888422658955,14445,horizon
2852,2025-11-22,1,26.0,27.928263508265015,26.0,32.53942005820001,4815,horizon
2852,2025-11-23,2,19.0,22.99303491387189,19.196719990296078,26.789349837447705,4815,horizon
2852,2025-11-24,3,17.0,22.38877628800532,18.69222879607433,26.085323779936314,4815,horizon
2852,2025-11-25,4,11.0,17.389924066164557,11.887070540777778,22.892777591551337,6420,horizon
2852,2025-11-26,5,3.0,11.467068647797653,7.838438707017071,15.095698588578236,6420,horizon
2852,2025-11-27,6,9.0,24.94371838039076,17.05054828352661,32.83688847725491,6420,horizon
2852,2025-11-28,7,3.0,7.202619656132278,4.923428509812952,9.481810802451603,6420,horizon
2852,2025-11-29,8,19.0,23.612857962948702,19.0,33.968528206935055,11235,horizon
2852,2025-11-30,9,13.0,18.16393434561035,13.0,26.129921127545387,11235,horizon
2852,2025-12-01,10,13.0,17.9139207831169,13.0,25.770261455556465,11235,horizon
2852,2025-12-02,11,1.0,7.6532927453767305,4.296859734337803,11.009725756415659,11235,horizon
2852,2025-12-03,12,1.0,10.799101260913806,6.0630404348622635,15.53516208696535,11235,horizon
2852,2025-12-04,13,1.0,21.92075497286579,12.307174509441255,31.534335436290327,11235,horizon
2852,2025-12-05,14,1.0,7.761442842749985,4.35757945513361,11.16530623036636,11235,horizon
2852,2025-12-06,15,1.0,11.858537048004713,5.569482537347603,18.147591558661823,11235,horizon
2852,2025-12-07,16,1.0,8.886483490605706,4.173627355465726,13.599339625745685,11235,horizon
2852,2025-12-08,17,1.0,8.491530123218926,3.988133489416084,12.994926757021767,11235,horizon
2852,2025-12-09,18,1.0,8.33464588883727,3.914451213074855,12.754840564599686,11235,horizon
2852,2025-12-10,19,5.0,18.534587034053608,8.70495731515885,28.364216752948366,11235,horizon
2852,2025-12-11,20,5.0,27.167396663615623,12.759444161677724,41.57534916555352,11235,horizon
2852,2025-12-12,21,1.0,7.42495701175421,3.4872065795400697,11.36270744396835,11235,horizon
2852,2025-12-13,22,1.0,7.561476560976971,1.0343766019490337,14.08857652000491,14445,horizon
2852,2025-12-14,23,1.0,7.533940635504841,1.0306098089435016,14.03727146206618,14445,horizon
2852,2025-12-15,24,1.0,8.657976644593607,1.1843729712271616,16.13158031796005,14445,horizon
2852,2025-12-16,25,1.0,10.458446097863032,1.4306692415346163,19.486222954191447,14445,horizon
2852,2025-12-17,26,5.0,18.613228897645826,5.0,34.68025027838851,14445,horizon
2852,2025-12-18,27,5.0,22.377952067562006,5.0,41.69469911364968,14445,horizon
2852,2025-12-19,28,1.0,10.290436318121026,1.4076862455995887,19.173186390642464,14445,horizon
2852,2025-12-20,29,1.0,9.015846023672776,1.2333279219287068,16.798364125416846,14445,horizon
2852,2025-12-21,30,0.0,4.5837197693947775,0.6270326226787359,8.540406916110818,14445,horizon
2854,2025-11-22,1,15.0,16.385749713329872,15.0,19.091154476281073,4815,horizon
2854,2025-11-23,2,11.0,14.042953802113598,11.724361441872963,16.361546162354234,4815,horizon
2854,2025-11-24,3,5.0,8.182038056384272,6.831124908334506,9.532951204434038,4815,horizon
2854,2025-11-25,4,8.0,13.216720096915616,9.034431864796652,17.39900832903458,6420,horizon
2854,2025-11-26,5,10.0,17.943830581754437,12.265699325973245,23.62196183753563,6420,horizon
2854,2025-11-27,6,7.0,17.47597200838964,11.945889541667407,23.006054475111874,6420,horizon
2854,2025-11-28,7,3.0,5.503078265426457,3.7616886240362435,7.244467906816671,6420,horizon
2854,2025-11-29,8,4.0,6.685611813199175,4.0,9.617658049424644,11235,horizon
2854,2025-11-30,9,5.0,8.417754713090849,5.0,12.109450658592783,11235,horizon
2854,2025-12-01,10,3.0,6.788550049724945,3.811359153982572,9.765740945467318,11235,horizon
2854,2025-12-02,11,0.0,3.2135282140622192,1.8042012043121873,4.622855223812251,11235,horizon
2854,2025-12-03,12,0.0,6.1873693592833305,3.4738326555508414,8.90090606301582,11235,horizon
2854,2025-12-04,13,0.0,14.822105540209172,8.321713358254012,21.322497722164332,11235,horizon
2854,2025-12-05,14,0.0,4.217656180871632,2.3679581612523557,6.067354200490909,11235,horizon
2854,2025-12-06,15,0.0,4.241163096527668,1.991905385000956,6.490420808054379,11235,horizon
2854,2025-12-07,16,0.0,3.8233467941574037,1.7956737089982346,5.851019879316572,11235,horizon
2854,2025-12-08,17,0.0,3.4688756056696524,1.6291927100113015,5.308558501328003,11235,horizon
2854,2025-12-09,18,0.0,4.35668772013001,2.046162699472572,6.6672127407874475,11235,horizon
2854,2025-12-10,19,0.0,6.422507835322759,3.0163961279546565,9.828619542690861,11235,horizon
2854,2025-12-11,20,2.0,15.293481550197889,7.182739159499148,23.404223940896628,11235,horizon
2854,2025-12-12,21,2.0,6.321406403034014,2.9689128119812294,9.6738999940868,11235,horizon
2854,2025-12-13,22,2.0,6.153791036318055,2.0,11.465770634100267,14445,horizon
2854,2025-12-14,23,0.0,3.1003904394102353,0.4241197207411669,5.776661158079303,14445,horizon
2854,2025-12-15,24,0.0,3.5574893005863153,0.48664882639470575,6.628329774777924,14445,horizon
2854,2025-12-16,25,0.0,4.840412783773321,0.6621470934855633,9.018678474061078,14445,horizon
2854,2025-12-17,26,0.0,6.0543987095277245,0.8282150071489163,11.280582411906533,14445,horizon
2854,2025-12-18,27,0.0,10.814758321764531,1.479411180284277,20.150105463244785,14445,horizon
2854,2025-12-19,28,0.0,3.7396906183754113,0.5115731620645332,6.967808074686289,14445,horizon
2854,2025-12-20,29,0.0,3.1894363350328474,0.43630080603434473,5.9425718640313505,14445,horizon
2854,2025-12-21,30,0.0,2.3989185033036247,0.328161457592254,4.469675549014996,14445,horizon
2894,2025-11-22,1,0.0,1.3489376408701964e-16,0.0,0.16510716996673924,4815,horizon
2894,2025-11-23,2,0.0,1.3489376408701964e-16,0.0,0.16510716996673924,4815,horizon
2894,2025-11-24,3,0.0,1.3489376408701964e-16,0.0,0.16510716996673924,4815,horizon
2894,2025-11-25,4,0.0,1.3489376408701964e-16,0.0,0.3164391922845507,6420,horizon
2894,2025-11-26,5,0.0,1.3489376408701964e-16,0.0,0.3164391922845507,6420,horizon
2894,2025-11-27,6,0.0,1.3489376408701964e-16,0.0,0.3164391922845507,6420,horizon
2894,2025-11-28,7,0.0,1.3489376408701964e-16,0.0,0.3164391922845507,6420,horizon
2894,2025-11-29,8,0.0,1.5006439558569507e-16,0.0,0.4385606460783187,11235,horizon
2894,2025-11-30,9,0.0,1.5006439558569507e-16,0.0,0.4385606460783187,11235,horizon
2894,2025-12-01,10,0.0,1.5006439558569507e-16,0.0,0.4385606460783187,11235,horizon
2894,2025-12-02,11,0.0,1.5006439558569507e-16,0.0,0.4385606460783187,11235,horizon
2894,2025-12-03,12,0.0,1.5006439558569507e-16,0.0,0.4385606460783187,11235,horizon
2894,2025-12-04,13,0.0,1.5006439558569507e-16,0.0,0.4385606460783187,11235,horizon
2894,2025-12-05,14,0.0,1.5006439558569507e-16,0.0,0.4385606460783187,11235,horizon
2894,2025-12-06,15,0.0,2.0936493878579075e-16,0.0,0.530339829036103,11235,horizon
2894,2025-12-07,16,0.0,2.0936493878579075e-16,0.0,0.530339829036103,11235,horizon
2894,2025-12-08,17,0.0,2.0936493878579075e-16,0.0,0.530339829036103,11235,horizon
2894,2025-12-09,18,0.0,2.0936493878579075e-16,0.0,0.530339829036103,11235,horizon
2894,2025-12-10,19,0.0,2.0936493878579075e-16,0.0,0.530339829036103,11235,horizon
2894,2025-12-11,20,0.0,2.0936493878579075e-16,0.0,0.530339829036103,11235,horizon
2894,2025-12-12,21,0.0,2.0936493878579075e-16,0.0,0.530339829036103,11235,horizon
2894,2025-12-13,22,0.0,0.00010846784112831061,0.0,0.8633128838559564,14445,horizon
2894,2025-12-14,23,0.0,2.085521617919071e-16,0.0,0.8632044160148283,14445,horizon
2894,2025-12-15,24,0.0,2.085521617919071e-16,0.0,0.8632044160148283,14445,horizon
2894,2025-12-16,25,0.0,2.085521617919071e-16,0.0,0.8632044160148283,14445,horizon
2894,2025-12-17,26,0.0,2.085521617919071e-16,0.0,0.8632044160148283,14445,horizon
2894,2025-12-18,27,0.0,2.085521617919071e-16,0.0,0.8632044160148283,14445,horizon
2894,2025-12-19,28,0.0,2.085521617919071e-16,0.0,0.8632044160148283,14445,horizon
2894,2025-12-20,29,0.0,2.085521617919071e-16,0.0,0.8632044160148283,14445,horizon
2894,2025-12-21,30,0.0,2.085521617919071e-16,0.0,0.8632044160148283,14445,horizon
2908,2025-11-22,1,0.0,1.3489376408701964e-16,0.0,0.16510716996673924,4815,horizon
2908,2025-11-23,2,0.0,1.3489376408701964e-16,0.0,0.16510716996673924,4815,horizon
2908,2025-11-24,3,0.0,1.3489376408701964e-16,0.0,0.16510716996673924,4815,horizon
2908,2025-11-25,4,0.0,1.3489376408701964e-16,0.0,0.3164391922845507,6420,horizon
2908,2025-11-26,5,0.0,1.3489376408701964e-16,0.0,0.3164391922845507,6420,horizon
2908,2025-11-27,6,0.0,1.3489376408701964e-16,0.0,0.3164391922845507,6420,horizon
2908,2025-11-28,7,0.0,1.3489376408701964e-16,0.0,0.3164391922845507,6420,horizon
2908,2025-11-29,8,0.0,1.5006439558569507e-16,0.0,0.4385606460783187,11235,horizon
2908,2025-11-30,9,0.0,1.5006439558569507e-16,0.0,0.4385606460783187,11235,horizon
2908,2025-12-01,10,0.0,1.5006439558569507e-16,0.0,0.4385606460783187,11235,horizon
2908,2025-12-02,11,0.0,1.5006439558569507e-16,0.0,0.4385606460783187,11235,horizon
2908,2025-12-03,12,0.0,1.5006439558569507e-16,0.0,0.4385606460783187,11235,horizon
2908,2025-12-04,13,0.0,1.5006439558569507e-16,0.0,0.4385606460783187,11235,horizon
2908,2025-12-05,14,0.0,1.5006439558569507e-16,0.0,0.4385606460783187,11235,horizon
2908,2025-12-06,15,0.0,2.0936493878579075e-16,0.0,0.530339829036103,11235,horizon
2908,2025-12-07,16,0.0,2.0936493878579075e-16,0.0,0.530339829036103,11235,horizon
2908,2025-12-08,17,0.0,2.0936493878579075e-16,0.0,0.530339829036103,11235,horizon
2908,2025-12-09,18,0.0,2.0936493878579075e-16,0.0,0.530339829036103,11235,horizon
2908,2025-12-10,19,0.0,2.0936493878579075e-16,0.0,0.530339829036103,11235,horizon
2908,2025-12-11,20,0.0,2.0936493878579075e-16,0.0,0.530339829036103,11235,horizon
2908,2025-12-12,21,0.0,2.0936493878579075e-16,0.0,0.530339829036103,11235,horizon
2908,2025-12-13,22,0.0,2.085521617919071e-16,0.0,0.8632044160148283,14445,horizon
2908,2025-12-14,23,0.0,2.085521617919071e-16,0.0,0.8632044160148283,14445,horizon
2908,2025-12-15,24,0.0,2.085521617919071e-16,0.0,0.8632044160148283,14445,horizon
2908,2025-12-16,25,0.0,2.085521617919071e-16,0.0,0.8632044160148283,14445,horizon
2908,2025-12-17,26,0.0,2.085521617919071e-16,0.0,0.8632044160148283,14445,horizon
2908,2025-12-18,27,0.0,2.085521617919071e-16,0.0,0.8632044160148283,14445,horizon
2908,2025-12-19,28,0.0,2.085521617919071e-16,0.0,0.8632044160148283,14445,horizon
2908,2025-12-20,29,0.0,2.085521617919071e-16,0.0,0.8632044160148283,14445,horizon
2908,2025-12-21,30,0.0,2.085521617919071e-16,0.0,0.8632044160148283,14445,horizon
2949,2025-11-22,1,1986.0,2456.3910772930412,2050.8232981896376,2861.958856396445,4815,horizon
2949,2025-11-23,2,2334.0,3634.4283918609244,3034.3582056340006,4234.498578087849,4815,horizon
2949,2025-11-24,3,1592.0,2940.502808976482,2455.0047119071282,3426.0009060458356,4815,horizon
2949,2025-11-25,4,983.0,2117.530711210406,1447.4610033172553,2787.6004191035568,6420,horizon
2949,2025-11-26,5,1079.0,2793.1104796449995,1909.2608555046222,3676.9601037853768,6420,horizon
2949,2025-11-27,6,3705.0,9791.781518195165,6693.2780835506965,12890.284952839633,6420,horizon
2949,2025-11-28,7,736.0,2529.533894812753,1729.090232281812,3329.9775573436937,6420,horizon
2949,2025-11-29,8,451.0,1752.7255635437882,984.0491079980395,2521.402019089537,11235,horizon
2949,2025-11-30,9,319.0,1597.0408776100517,896.6415985119025,2297.440156708201,11235,horizon
2949,2025-12-01,10,461.0,2250.734901367773,1263.651148872902,3237.818653862644,11235,horizon
2949,2025-12-02,11,469.0,2517.0870901841654,1413.191749677603,3620.9824306907276,11235,horizon
2949,2025-12-03,12,435.0,2621.4617580078716,1471.7917957463349,3771.131720269408,11235,horizon
2949,2025-12-04,13,1726.0,9926.431467561268,5573.089269895447,14279.773665227089,11235,horizon
2949,2025-12-05,14,635.0,4323.748360368047,2427.5224859649657,6219.974234771127,11235,horizon
2949,2025-12-06,15,344.0,2182.5896541756183,1025.0754301241543,3340.1038782270825,11235,horizon
2949,2025-12-07,16,234.0,1827.8432447499295,858.4651708244565,2797.2213186754025,11235,horizon
2949,2025-12-08,17,302.0,2010.5797825771506,944.2892444217398,3076.8703207325616,11235,horizon
2949,2025-12-09,18,255.0,2189.4791912306273,1028.3111712752718,3350.647211185983,11235,horizon
2949,2025-12-10,19,241.0,2642.3845640061363,1241.022786083485,4043.746341928788,11235,horizon
2949,2025-12-11,20,1063.0,11169.461113046878,5245.851015928199,17093.07121016556,11235,horizon
2949,2025-12-12,21,287.0,3486.618745926949,1637.5259562979797,5335.711535555918,11235,horizon
2949,2025-12-13,22,239.0,2426.213439658446,331.89528435074953,4520.531594966143,14445,horizon
2949,2025-12-14,23,123.0,1862.9929209653867,254.8492045837013,3471.136637347072,14445,horizon
2949,2025-12-15,24,135.0,2132.803968095419,291.75816434150465,3973.849771849333,14445,horizon
2949,2025-12-16,25,215.0,2512.65321799352,343.7198643076449,4681.586571679394,14445,horizon
2949,2025-12-17,26,226.0,3167.498652455092,433.2998279348394,5901.697476975344,14445,horizon
2949,2025-12-18,27,1046.0,12577.715404971139,1720.5759240223197,23434.854885919958,14445,horizon
2949,2025-12-19,28,238.0,3934.3821550070793,538.2061045150326,7330.558205499126,14445,horizon
2949,2025-12-20,29,171.0,2346.9185074873203,321.04808779733594,4372.788927177305,14445,horizon
2949,2025-12-21,30,443.0,4325.965545745451,591.7729831299816,8060.15810836092,14445,horizon
2951,2025-11-22,1,0.0,1.3489376408701964e-16,0.0,0.16510716996673924,4815,horizon
2951,2025-11-23,2,0.0,1.3489376408701964e-16,0.0,0.16510716996673924,4815,horizon
2951,2025-11-24,3,0.0,1.3489376408701964e-16,0.0,0.16510716996673924,4815,horizon
2951,2025-11-25,4,0.0,1.3489376408701964e-16,0.0,0.3164391922845507,6420,horizon
2951,2025-11-26,5,0.0,1.3489376408701964e-16,0.0,0.3164391922845507,6420,horizon
2951,2025-11-27,6,0.0,1.3489376408701964e-16,0.0,0.3164391922845507,6420,horizon
2951,2025-11-28,7,0.0,1.3489376408701964e-16,0.0,0.3164391922845507,6420,horizon
2951,2025-11-29,8,0.0,1.5006439558569507e-16,0.0,0.4385606460783187,11235,horizon
2951,2025-11-30,9,0.0,1.5006439558569507e-16,0.0,0.4385606460783187,11235,horizon
2951,2025-12-01,10,0.0,1.5006439558569507e-16,0.0,0.4385606460783187,11235,horizon
2951,2025-12-02,11,0.0,1.5006439558569507e-16,0.0,0.4385606460783187,11235,horizon
2951,2025-12-03,12,0.0,1.5006439558569507e-16,0.0,0.4385606460783187,11235,horizon
2951,2025-12-04,13,0.0,1.5006439558569507e-16,0.0,0.4385606460783187,11235,horizon
2951,2025-12-05,14,0.0,1.5006439558569507e-16,0.0,0.4385606460783187,11235,horizon
2951,2025-12-06,15,0.0,2.0936493878579075e-16,0.0,0.530339829036103,11235,horizon
2951,2025-12-07,16,0.0,2.0936493878579075e-16,0.0,0.530339829036103,11235,horizon
2951,2025-12-08,17,0.0,2.0936493878579075e-16,0.0,0.530339829036103,11235,horizon
2951,2025-12-09,18,0.0,2.0936493878579075e-16,0.0,0.530339829036103,11235,horizon
2951,2025-12-10,19,0.0,2.0936493878579075e-16,0.0,0.530339829036103,11235,horizon
2951,2025-12-11,20,0.0,2.0936493878579075e-16,0.0,0.530339829036103,11235,horizon
2951,2025-12-12,21,0.0,2.0936493878579075e-16,0.0,0.530339829036103,11235,horizon
2951,2025-12-13,22,0.0,2.085521617919071e-16,0.0,0.8632044160148283,14445,horizon
2951,2025-12-14,23,0.0,2.085521617919071e-16,0.0,0.8632044160148283,14445,horizon
2951,2025-12-15,24,0.0,2.085521617919071e-16,0.0,0.8632044160148283,14445,horizon
2951,2025-12-16,25,0.0,2.085521617919071e-16,0.0,0.8632044160148283,14445,horizon
2951,2025-12-17,26,0.0,2.085521617919071e-16,0.0,0.8632044160148283,14445,horizon
2951,2025-12-18,27,0.0,2.085521617919071e-16,0.0,0.8632044160148283,14445,horizon
2951,2025-12-19,28,0.0,2.085521617919071e-16,0.0,0.8632044160148283,14445,horizon
2951,2025-12-20,29,0.0,2.085521617919071e-16,0.0,0.8632044160148283,14445,horizon
2951,2025-12-21,30,0.0,2.085521617919071e-16,0.0,0.8632044160148283,14445,horizon
2969,2025-11-22,1,72.0,89.64030542919264,74.84004828482452,104.44056257356075,4815,horizon
2969,2025-11-23,2,84.0,120.63265337922653,100.71533737420384,140.5499693842492,4815,horizon
2969,2025-11-24,3,64.0,106.71712415450187,89.09736179836294,124.33688651064081,4815,horizon
2969,2025-11-25,4,44.0,89.70541877816578,61.31910851645564,118.09172903987591,6420,horizon
2969,2025-11-26,5,63.0,143.23556800685392,97.91022056034626,188.5609154533616,6420,horizon
2969,2025-11-27,6,115.0,304.3770210804201,208.06020237975434,400.69383978108584,6420,horizon
2969,2025-11-28,7,48.0,123.57827773676452,84.4732673458269,162.68328812770216,6420,horizon
2969,2025-11-29,8,37.0,110.26522831987951,61.90723854793985,158.62321809181918,11235,horizon
2969,2025-11-30,9,30.0,99.09540981412546,55.63606286264685,142.55475676560405,11235,horizon
2969,2025-12-01,10,40.0,117.40981511399379,65.91849074166475,168.90113948632282,11235,horizon
2969,2025-12-02,11,36.0,127.74691853112553,71.7221474056008,183.77168965665027,11235,horizon
2969,2025-12-03,12,18.0,114.12005269121069,64.07148865246157,164.1686167299598,11235,horizon
2969,2025-12-04,13,25.0,241.5238339875965,135.60098531068365,347.44668266450935,11235,horizon
2969,2025-12-05,14,29.0,146.327821474285,82.15419754928972,210.50144539928027,11235,horizon
2969,2025-12-06,15,8.0,92.95167070850094,43.65569755633443,142.24764386066744,11235,horizon
2969,2025-12-07,16,12.0,98.07120314541629,46.06013803591131,150.08226825492127,11235,horizon
2969,2025-12-08,17,10.0,94.8479480355978,44.5463034899737,145.1495925812219,11235,horizon
2969,2025-12-09,18,9.0,97.62502497396602,45.85058591962762,149.3994640283044,11235,horizon
2969,2025-12-10,19,16.0,124.42429007226035,58.43713334739934,190.41144679712136,11235,horizon
2969,2025-12-11,20,12.0,266.9317554069491,125.36721388012091,408.4962969337773,11235,horizon
2969,2025-12-12,21,12.0,129.27151394030682,60.71368133796632,197.82934654264733,11235,horizon
2969,2025-12-13,22,10.0,105.19869924380197,14.390717497536357,196.0066809900676,14445,horizon
2969,2025-12-14,23,11.0,101.59157277934594,13.897278526322722,189.28586703236914,14445,horizon
2969,2025-12-15,24,10.0,118.4430292532788,16.20248335567507,220.68357515088252,14445,horizon
2969,2025-12-16,25,10.0,133.06979002067538,18.203359636662483,247.9362204046883,14445,horizon
2969,2025-12-17,26,18.0,159.79564533175596,21.859338621444977,297.73195204206695,14445,horizon
2969,2025-12-18,27,32.0,324.58046767891307,44.40117462631713,604.759760731509,14445,horizon
2969,2025-12-19,28,9.0,143.46542790689347,19.625436992206062,267.3054188215809,14445,horizon
2969,2025-12-20,29,16.0,123.23331594038073,16.857773420493572,229.6088584602679,14445,horizon
2969,2025-12-21,30,13.0,107.84298871235615,14.752444619613058,200.93353280509922,14445,horizon
2992,2025-11-22,1,0.0,1.3489376408701964e-16,0.0,0.16510716996673924,4815,horizon
2992,2025-11-23,2,1.0,1.0,1.0,1.165107169966739,4815,horizon
2992,2025-11-24,3,0.0,1.3489376408701964e-16,0.0,0.16510716996673924,4815,horizon
2992,2025-11-25,4,0.0,1.3489376408701964e-16,0.0,0.3164391922845507,6420,horizon
2992,2025-11-26,5,0.0,1.3489376408701964e-16,0.0,0.3164391922845507,6420,horizon
2992,2025-11-27,6,0.0,1.3489376408701964e-16,0.0,0.3164391922845507,6420,horizon
2992,2025-11-28,7,0.0,1.3489376408701964e-16,0.0,0.3164391922845507,6420,horizon
2992,2025-11-29,8,0.0,1.5006439558569507e-16,0.0,0.4385606460783187,11235,horizon
2992,2025-11-30,9,0.0,1.5006439558569507e-16,0.0,0.4385606460783187,11235,horizon
2992,2025-12-01,10,0.0,1.5006439558569507e-16,0.0,0.4385606460783187,11235,horizon
2992,2025-12-02,11,0.0,1.5006439558569507e-16,0.0,0.4385606460783187,11235,horizon
2992,2025-12-03,12,0.0,1.5006439558569507e-16,0.0,0.4385606460783187,11235,horizon
2992,2025-12-04,13,0.0,1.5006439558569507e-16,0.0,0.4385606460783187,11235,horizon
2992,2025-12-05,14,0.0,1.5006439558569507e-16,0.0,0.4385606460783187,11235,horizon
2992,2025-12-06,15,0.0,0.003991738387799661,0.0,0.5343315674239024,11235,horizon
2992,2025-12-07,16,0.0,0.0,0.0,0.5303398290361028,11235,horizon
2992,2025-12-08,17,0.0,0.000997983781452864,0.0,0.5313378128175557,11235,horizon
2992,2025-12-09,18,0.0,0.0,0.0,0.5303398290361028,11235,horizon
2992,2025-12-10,19,0.0,0.003959566041903374,0.0,0.5342993950780062,11235,horizon
2992,2025-12-11,20,0.0,0.0,0.0,0.5303398290361028,11235,horizon
2992,2025-12-12,21,0.0,0.004964154043712112,0.0,0.5353039830798149,11235,horizon
2992,2025-12-13,22,0.0,0.00667379806639558,0.0,0.8698782140812237,14445,horizon
2992,2025-12-14,23,0.0,0.0008189795850193931,0.0,0.8640233955998475,14445,horizon
2992,2025-12-15,24,0.0,0.006105857950635955,0.0,0.8693102739654641,14445,horizon
2992,2025-12-16,25,0.0,0.003112469368271776,0.0,0.8663168853830999,14445,horizon
2992,2025-12-17,26,0.0,0.003491572456598958,0.0,0.866695988471427,14445,horizon
2992,2025-12-18,27,0.0,0.0,0.0,0.8632044160148281,14445,horizon
2992,2025-12-19,28,0.0,0.020054843536615168,0.0,0.8832592595514432,14445,horizon
2992,2025-12-20,29,0.0,0.019906204132168943,0.0,0.883110620146997,14445,horizon
2992,2025-12-21,30,0.0,0.0,0.0,0.8632044160148281,14445,horizon
3042,2025-11-22,1,56.0,62.916315690817946,56.0,73.30425051926284,4815,horizon
3042,2025-11-23,2,51.0,61.92831560575968,51.70350667528565,72.1531245362337,4815,horizon
3042,2025-11-24,3,20.0,31.462971607524686,26.26820940666242,36.65773380838695,4815,horizon
3042,2025-11-25,4,15.0,28.28680595098882,19.335751923548102,37.23785997842954,6420,horizon
3042,2025-11-26,5,16.0,43.3382100179919,29.624301844840325,57.05211819114347,6420,horizon
3042,2025-11-27,6,52.0,131.34040961987552,89.7791564854401,172.90166275431093,6420,horizon
3042,2025-11-28,7,10.0,28.338498303643703,19.37108678988158,37.305909817405826,6420,horizon
3042,2025-11-29,8,10.0,28.062758044654487,15.755536745851284,40.369979343457686,11235,horizon
3042,2025-11-30,9,9.0,30.47656913952926,17.110745287446765,43.84239299161176,11235,horizon
3042,2025-12-01,10,5.0,27.98302517259396,15.710771573675302,40.255278771512614,11235,horizon
3042,2025-12-02,11,13.0,40.79479818160624,22.903805134446394,58.685791228766085,11235,horizon
3042,2025-12-03,12,11.0,49.5823030739448,27.83745620378457,71.32714994410503,11235,horizon
3042,2025-12-04,13,11.0,115.20665114494163,64.68154778629658,165.73175450358667,11235,horizon
3042,2025-12-05,14,8.0,33.68849159705333,18.914044956845615,48.46293823726104,11235,horizon
3042,2025-12-06,15,6.0,36.250504318355276,17.025418055686234,55.47559058102432,11235,horizon
3042,2025-12-07,16,6.0,39.623169185407946,18.60942441375012,60.63691395706577,11235,horizon
3042,2025-12-08,17,7.0,40.29603837710965,18.925444273361084,61.666632480858226,11235,horizon
3042,2025-12-09,18,5.0,42.04722413560438,19.74790647608526,64.3465417951235,11235,horizon
3042,2025-12-10,19,17.0,75.26639883862512,35.34962974638555,115.1831679308647,11235,horizon
3042,2025-12-11,20,9.0,138.64759803375605,65.11725459626757,212.17794147124454,11235,horizon
3042,2025-12-12,21,7.0,38.01533656385335,17.85428946982946,58.176383657877246,11235,horizon
3042,2025-12-13,22,7.0,41.07975887591635,7.0,76.53998814643167,14445,horizon
3042,2025-12-14,23,5.0,38.01816877708536,5.2007175999082165,70.8356199542625,14445,horizon
3042,2025-12-15,24,5.0,45.79932420890967,6.265145301284015,85.33350311653533,14445,horizon
3042,2025-12-16,25,5.0,52.151624125739566,7.134111878055727,97.16913637342341,14445,horizon
3042,2025-12-17,26,8.0,81.06662863993944,11.089556806509577,151.0437004733693,14445,horizon
3042,2025-12-18,27,12.0,161.66194046658828,22.11463955430304,301.2092413788735,14445,horizon
3042,2025-12-19,28,5.0,50.93577988409929,6.967789754985532,94.90377001321305,14445,horizon
3042,2025-12-20,29,9.0,49.30417568750876,9.0,91.86375786893726,14445,horizon
3042,2025-12-21,30,3.0,30.753506108603275,4.206943827717936,57.300068389488615,14445,horizon
3109,2025-11-22,1,0.0,1.3489376408701964e-16,0.0,0.16510716996673924,4815,horizon
3109,2025-11-23,2,0.0,1.3489376408701964e-16,0.0,0.16510716996673924,4815,horizon
3109,2025-11-24,3,0.0,1.3489376408701964e-16,0.0,0.16510716996673924,4815,horizon
3109,2025-11-25,4,0.0,1.3489376408701964e-16,0.0,0.3164391922845507,6420,horizon
3109,2025-11-26,5,0.0,1.3489376408701964e-16,0.0,0.3164391922845507,6420,horizon
3109,2025-11-27,6,0.0,1.3489376408701964e-16,0.0,0.3164391922845507,6420,horizon
3109,2025-11-28,7,0.0,1.3489376408701964e-16,0.0,0.3164391922845507,6420,horizon
3109,2025-11-29,8,0.0,1.5006439558569507e-16,0.0,0.4385606460783187,11235,horizon
3109,2025-11-30,9,0.0,1.5006439558569507e-16,0.0,0.4385606460783187,11235,horizon
3109,2025-12-01,10,0.0,1.5006439558569507e-16,0.0,0.4385606460783187,11235,horizon
3109,2025-12-02,11,0.0,1.5006439558569507e-16,0.0,0.4385606460783187,11235,horizon
3109,2025-12-03,12,0.0,1.5006439558569507e-16,0.0,0.4385606460783187,11235,horizon
3109,2025-12-04,13,0.0,1.5006439558569507e-16,0.0,0.4385606460783187,11235,horizon
3109,2025-12-05,14,0.0,1.5006439558569507e-16,0.0,0.4385606460783187,11235,horizon
3109,2025-12-06,15,0.0,2.0936493878579075e-16,0.0,0.530339829036103,11235,horizon
3109,2025-12-07,16,0.0,2.0936493878579075e-16,0.0,0.530339829036103,11235,horizon
3109,2025-12-08,17,0.0,2.0936493878579075e-16,0.0,0.530339829036103,11235,horizon
3109,2025-12-09,18,0.0,2.0936493878579075e-16,0.0,0.530339829036103,11235,horizon
3109,2025-12-10,19,0.0,2.0936493878579075e-16,0.0,0.530339829036103,11235,horizon
3109,2025-12-11,20,0.0,2.0936493878579075e-16,0.0,0.530339829036103,11235,horizon
3109,2025-12-12,21,0.0,2.0936493878579075e-16,0.0,0.530339829036103,11235,horizon
3109,2025-12-13,22,0.0,2.085521617919071e-16,0.0,0.8632044160148283,14445,horizon
3109,2025-12-14,23,0.0,2.085521617919071e-16,0.0,0.8632044160148283,14445,horizon
3109,2025-12-15,24,0.0,2.085521617919071e-16,0.0,0.8632044160148283,14445,horizon
3109,2025-12-16,25,0.0,2.085521617919071e-16,0.0,0.8632044160148283,14445,horizon
3109,2025-12-17,26,0.0,2.085521617919071e-16,0.0,0.8632044160148283,14445,horizon
3109,2025-12-18,27,0.0,2.085521617919071e-16,0.0,0.8632044160148283,14445,horizon
3109,2025-12-19,28,0.0,2.085521617919071e-16,0.0,0.8632044160148283,14445,horizon
3109,2025-12-20,29,0.0,2.085521617919071e-16,0.0,0.8632044160148283,14445,horizon
3109,2025-12-21,30,0.0,2.085521617919071e-16,0.0,0.8632044160148283,14445,horizon
3124,2025-11-22,1,465.0,522.900460508197,465.0,609.2350757170101,4815,horizon
3124,2025-11-23,2,366.0,457.1099708458387,381.63783719590367,532.5821044957737,4815,horizon
3124,2025-11-24,3,206.0,300.59250649758826,250.96252843656282,350.2224845586137,4815,horizon
3124,2025-11-25,4,219.0,355.8784823353676,243.26458283371218,468.492381837023,6420,horizon
3124,2025-11-26,5,252.0,516.7875065110572,353.2556853679514,680.3193276541631,6420,horizon
3124,2025-11-27,6,210.0,553.5249476868785,378.36796033149454,728.6819350422625,6420,horizon
3124,2025-11-28,7,84.0,205.59047356948443,140.53359017175853,270.6473569672103,6420,horizon
3124,2025-11-29,8,61.0,160.30746057018195,90.00291709134838,230.61200404901552,11235,horizon
3124,2025-11-30,9,58.0,161.1607017395221,90.4819602622021,231.83944321684208,11235,horizon
3124,2025-12-01,10,71.0,184.237488743526,103.4381766483183,265.0368008387337,11235,horizon
3124,2025-12-02,11,94.0,253.67989288494,142.4258751642421,364.9339106056379,11235,horizon
3124,2025-12-03,12,102.0,350.8784738829561,196.99698368187245,504.7599640840397,11235,horizon
3124,2025-12-04,13,112.0,720.0424233261473,404.260152948434,1035.8246937038607,11235,horizon
3124,2025-12-05,14,50.0,284.64538173240896,159.8111192166341,409.47964424818383,11235,horizon
3124,2025-12-06,15,43.0,201.09022173610674,94.4440679197479,307.7363755524656,11235,horizon
3124,2025-12-07,16,23.0,140.6159747907065,66.04172276045828,215.1902268209547,11235,horizon
3124,2025-12-08,17,24.0,146.04245968642084,68.59032658431248,223.4945927885292,11235,horizon
3124,2025-12-09,18,24.0,157.25037694511812,73.85423892018146,240.6465149700548,11235,horizon
3124,2025-12-10,19,22.0,229.8378187071755,107.94566922798126,351.7299681863698,11235,horizon
3124,2025-12-11,20,27.0,466.9801194067284,219.3219627173052,714.6382760961517,11235,horizon
3124,2025-12-12,21,10.0,173.63906154305667,81.55135133032267,265.72677175579065,11235,horizon
3124,2025-12-13,22,10.0,121.28960514521518,16.591882367170612,225.98732792325973,14445,horizon
3124,2025-12-14,23,20.0,154.48370353285637,21.132688440969247,287.83471862474346,14445,horizon
3124,2025-12-15,24,20.0,151.21851455586992,20.686025008040446,281.7510041036994,14445,horizon
3124,2025-12-16,25,21.0,178.35550301780975,24.398245192290375,332.3127608433291,14445,horizon
3124,2025-12-17,26,28.0,250.48928145441505,34.26582753858278,466.7127353702473,14445,horizon
3124,2025-12-18,27,35.0,401.17058537706583,54.878364504329,747.4628062498027,14445,horizon
3124,2025-12-19,28,5.0,144.4684481736774,19.762645735349736,269.17425061200504,14445,horizon
3124,2025-12-20,29,10.0,144.14749691655464,19.71874102070086,268.5762528124084,14445,horizon
3124,2025-12-21,30,13.0,104.20381623134641,14.254621894850558,194.15301056784227,14445,horizon
3127,2025-11-22,1,0.0,1.3489376408701964e-16,0.0,0.16510716996673924,4815,horizon
3127,2025-11-23,2,0.0,1.3489376408701964e-16,0.0,0.16510716996673924,4815,horizon
3127,2025-11-24,3,0.0,1.3489376408701964e-16,0.0,0.16510716996673924,4815,horizon
3127,2025-11-25,4,0.0,1.3489376408701964e-16,0.0,0.3164391922845507,6420,horizon
3127,2025-11-26,5,0.0,1.3489376408701964e-16,0.0,0.3164391922845507,6420,horizon
3127,2025-11-27,6,0.0,1.3489376408701964e-16,0.0,0.3164391922845507,6420,horizon
3127,2025-11-28,7,0.0,1.3489376408701964e-16,0.0,0.3164391922845507,6420,horizon
3127,2025-11-29,8,0.0,1.5006439558569507e-16,0.0,0.4385606460783187,11235,horizon
3127,2025-11-30,9,0.0,1.5006439558569507e-16,0.0,0.4385606460783187,11235,horizon
3127,2025-12-01,10,0.0,1.5006439558569507e-16,0.0,0.4385606460783187,11235,horizon
3127,2025-12-02,11,0.0,1.5006439558569507e-16,0.0,0.4385606460783187,11235,horizon
3127,2025-12-03,12,0.0,1.5006439558569507e-16,0.0,0.4385606460783187,11235,horizon
3127,2025-12-04,13,0.0,1.5006439558569507e-16,0.0,0.4385606460783187,11235,horizon
3127,2025-12-05,14,0.0,1.5006439558569507e-16,0.0,0.4385606460783187,11235,horizon
3127,2025-12-06,15,0.0,2.0936493878579075e-16,0.0,0.530339829036103,11235,horizon
3127,2025-12-07,16,0.0,2.0936493878579075e-16,0.0,0.530339829036103,11235,horizon
3127,2025-12-08,17,0.0,2.0936493878579075e-16,0.0,0.530339829036103,11235,horizon
3127,2025-12-09,18,0.0,2.0936493878579075e-16,0.0,0.530339829036103,11235,horizon
3127,2025-12-10,19,0.0,2.0936493878579075e-16,0.0,0.530339829036103,11235,horizon
3127,2025-12-11,20,0.0,2.0936493878579075e-16,0.0,0.530339829036103,11235,horizon
3127,2025-12-12,21,0.0,2.0936493878579075e-16,0.0,0.530339829036103,11235,horizon
3127,2025-12-13,22,0.0,2.085521617919071e-16,0.0,0.8632044160148283,14445,horizon
3127,2025-12-14,23,0.0,2.085521617919071e-16,0.0,0.8632044160148283,14445,horizon
3127,2025-12-15,24,0.0,2.085521617919071e-16,0.0,0.8632044160148283,14445,horizon
3127,2025-12-16,25,0.0,2.085521617919071e-16,0.0,0.8632044160148283,14445,horizon
3127,2025-12-17,26,0.0,2.085521617919071e-16,0.0,0.8632044160148283,14445,horizon
3127,2025-12-18,27,0.0,2.085521617919071e-16,0.0,0.8632044160148283,14445,horizon
3127,2025-12-19,28,0.0,2.085521617919071e-16,0.0,0.8632044160148283,14445,horizon
3127,2025-12-20,29,0.0,2.085521617919071e-16,0.0,0.8632044160148283,14445,horizon
3127,2025-12-21,30,0.0,2.085521617919071e-16,0.0,0.8632044160148283,14445,horizon
3140,2025-11-22,1,101.0,111.13194799938081,101.0,129.48062942644938,4815,horizon
3140,2025-11-23,2,116.0,154.51943118393342,129.0071651962839,180.03169717158295,4815,horizon
3140,2025-11-24,3,69.0,108.44374271740148,90.53890325673015,126.3485821780728,4815,horizon
3140,2025-11-25,4,42.0,77.01808156330387,52.646542042106354,101.38962108450139,6420,horizon
3140,2025-11-26,5,60.0,141.36169639265498,96.62931536618936,186.0940774191206,6420,horizon
3140,2025-11-27,6,115.0,391.89114631639296,267.8814285125669,515.900864120219,6420,horizon
3140,2025-11-28,7,32.0,112.09157220563833,76.62140563498076,147.5617387762959,6420,horizon
3140,2025-11-29,8,5.0,44.496991087381964,24.98236192755855,64.01162024720537,11235,horizon
3140,2025-11-30,9,11.0,62.12958129835791,34.88199198357465,89.37717061314117,11235,horizon
3140,2025-12-01,10,16.0,70.23762427409633,39.43416639344245,101.04108215475021,11235,horizon
3140,2025-12-02,11,15.0,77.04443221273033,43.2557762447781,110.83308818068255,11235,horizon
3140,2025-12-03,12,18.0,128.9364722108603,72.39000965500625,185.48293476671435,11235,horizon
3140,2025-12-04,13,29.0,524.8900182252427,294.69391271231984,755.0861237381655,11235,horizon
3140,2025-12-05,14,13.0,143.0086354610348,80.29067589846466,205.72659502360494,11235,horizon
3140,2025-12-06,15,4.0,81.68523897046579,38.36430330009576,125.00617464083581,11235,horizon
3140,2025-12-07,16,2.0,82.59935359316879,38.79362653007505,126.40508065626253,11235,horizon
3140,2025-12-08,17,6.0,82.63782883832818,38.811696820294486,126.46396085636187,11235,horizon
3140,2025-12-09,18,3.0,79.07752069329072,37.13956188821204,121.0154794983694,11235,horizon
3140,2025-12-10,19,10.0,166.85419143185646,78.36476807392854,255.3436147897844,11235,horizon
3140,2025-12-11,20,13.0,627.4777983628817,294.70133005516084,960.2542666706025,11235,horizon
3140,2025-12-12,21,4.0,143.0267771939734,67.17398062933678,218.87957375861004,11235,horizon
3140,2025-12-13,22,3.0,104.8959796652498,14.349306796004555,195.44265253449504,14445,horizon
3140,2025-12-14,23,3.0,91.32953966037464,12.49347771293786,170.16560160781142,14445,horizon
3140,2025-12-15,24,8.0,111.18632840850186,15.209798725808113,207.16285809119563,14445,horizon
3140,2025-12-16,25,10.0,121.23762036069337,16.58477107821362,225.8904696431731,14445,horizon
3140,2025-12-17,26,12.0,217.51129861671498,29.754585117646627,405.26801211578334,14445,horizon
3140,2025-12-18,27,23.0,542.6019941647594,74.22555666328708,1010.9784316662317,14445,horizon
3140,2025-12-19,28,7.0,211.31853026928835,28.907441755075524,393.72961878350117,14445,horizon
3140,2025-12-20,29,9.0,114.22416447446578,15.625361284502873,212.8229676644287,14445,horizon
3140,2025-12-21,30,3.0,105.0058299972528,14.364333836321876,195.64732615818372,14445,horizon
3217,2025-11-22,1,49.0,61.78535360604805,51.584148726759196,71.9865584853369,4815,horizon
3217,2025-11-23,2,59.0,85.56243664903232,71.4354648784522,99.68940841961245,4815,horizon
3217,2025-11-24,3,57.0,95.75185899898263,79.94254054060636,111.5611774573589,4815,horizon
3217,2025-11-25,4,38.0,77.78904526032177,53.173542609559206,102.40454791108434,6420,horizon
3217,2025-11-26,5,29.0,82.8916835826018,56.66150618261675,109.12186098258685,6420,horizon
3217,2025-11-27,6,108.0,287.72912416956126,196.68035252060412,378.7778958185184,6420,horizon
3217,2025-11-28,7,16.0,87.1147398530806,59.54822193789302,114.68125776826817,6420,horizon
3217,2025-11-29,8,18.0,72.09818648109234,40.478759236869394,103.71761372531529,11235,horizon
3217,2025-11-30,9,11.0,68.61838922285034,38.525064112423564,98.71171433327711,11235,horizon
3217,2025-12-01,10,16.0,68.43358040745801,38.421305170510664,98.44585564440536,11235,horizon
3217,2025-12-02,11,4.0,68.84987196671044,38.6550276345804,99.04471629884048,11235,horizon
3217,2025-12-03,12,12.0,96.33175929994566,54.08444070350042,138.5790778963909,11235,horizon
3217,2025-12-04,13,38.0,327.9492238637223,184.12360036516515,471.77484736227944,11235,horizon
3217,2025-12-05,14,17.0,113.13478017314448,63.5183178864817,162.75124245980726,11235,horizon
3217,2025-12-06,15,8.0,81.9043920945937,38.467230793840955,125.34155339534645,11235,horizon
3217,2025-12-07,16,5.0,81.50744661367938,38.28080131141138,124.73409191594737,11235,horizon
3217,2025-12-08,17,10.0,75.45121235102158,35.43642929221411,115.46599540982905,11235,horizon
3217,2025-12-09,18,7.0,77.04878353720419,36.18674484864363,117.91082222576475,11235,horizon
3217,2025-12-10,19,8.0,102.7695196014064,48.26675014587412,157.2722890569387,11235,horizon
3217,2025-12-11,20,21.0,399.5935100083986,187.67315622660826,611.5138637901889,11235,horizon
3217,2025-12-12,21,1.0,110.03052426449176,51.67695483730844,168.38409369167508,11235,horizon
3217,2025-12-13,22,1.0,72.60253455372846,9.931706113080907,135.27336299437601,14445,horizon
3217,2025-12-14,23,1.0,66.54518797203116,9.103087850037035,123.98728809402527,14445,horizon
3217,2025-12-15,24,1.0,82.08310507403502,11.228606293918844,152.93760385415118,14445,horizon
3217,2025-12-16,25,4.0,97.15349553959624,13.290169158539854,181.0168219206526,14445,horizon
3217,2025-12-17,26,1.0,109.1856761432686,14.936118330834276,203.43523395570293,14445,horizon
3217,2025-12-18,27,16.0,339.116144930439,46.389591084559584,631.8426987763185,14445,horizon
3217,2025-12-19,28,4.0,138.88076155085437,18.998274880654535,258.7632482210542,14445,horizon
3217,2025-12-20,29,5.0,92.3676573277332,12.635487625489503,172.0998270299769,14445,horizon
3217,2025-12-21,30,7.0,67.24575354179294,9.198922126272507,125.29258495731337,14445,horizon
3312,2025-11-22,1,41.0,50.20051658485961,41.91205136066509,58.48898180905414,4815,horizon
3312,2025-11-23,2,43.0,63.921268111760774,53.367408433142785,74.47512779037876,4815,horizon
3312,2025-11-24,3,28.0,50.0339008800083,41.77294510331379,58.294856656702805,4815,horizon
3312,2025-11-25,4,21.0,44.53407956522229,30.44175139846744,58.626407731977146,6420,horizon
3312,2025-11-26,5,23.0,56.0801566822335,38.33419719851649,73.82611616595051,6420,horizon
3312,2025-11-27,6,25.0,73.22533063731252,50.05396615567219,96.39669511895286,6420,horizon
3312,2025-11-28,7,14.0,43.501709718788625,29.736063832378168,57.267355605199086,6420,horizon
3312,2025-11-29,8,11.0,43.763872996997954,24.570760580545052,62.95698541345085,11235,horizon
3312,2025-11-30,9,17.0,63.04519308639999,35.39605247429607,90.69433369850391,11235,horizon
3312,2025-12-01,10,10.0,45.02574053224705,25.27922267427005,64.77225839022405,11235,horizon
3312,2025-12-02,11,8.0,46.61639502499415,26.1722787049906,67.06051134499769,11235,horizon
3312,2025-12-03,12,7.0,48.40226874215369,27.174938490938366,69.629598993369,11235,horizon
3312,2025-12-04,13,8.0,77.71401478696737,43.63170625265496,111.79632332127977,11235,horizon
3312,2025-12-05,14,9.0,61.14138522162009,34.32717981670303,87.95559062653714,11235,horizon
3312,2025-12-06,15,12.0,64.45467347777941,30.271792964996052,98.63755399056276,11235,horizon
3312,2025-12-07,16,8.0,64.95458985475464,30.50658377607389,99.4025959334354,11235,horizon
3312,2025-12-08,17,8.0,61.54808855087025,28.906685791302806,94.18949131043769,11235,horizon
3312,2025-12-09,18,7.0,62.724357642474466,29.45913253396519,95.98958275098374,11235,horizon
3312,2025-12-10,19,6.0,62.759417268361666,29.475598643853303,96.04323589287003,11235,horizon
3312,2025-12-11,20,12.0,108.88616208835008,51.139493502017125,166.63283067468302,11235,horizon
3312,2025-12-12,21,12.0,69.12852431532696,32.46691454841839,105.79013408223553,11235,horizon
3312,2025-12-13,22,12.0,67.92294227632465,12.0,126.55432599796833,14445,horizon
3312,2025-12-14,23,4.0,55.83245591486414,7.637633412200202,104.02727841752808,14445,horizon
3312,2025-12-15,24,6.0,68.00384956675268,9.30262631472371,126.70507281878164,14445,horizon
3312,2025-12-16,25,6.0,67.70897408445714,9.262288650920183,126.1556595179941,14445,horizon
3312,2025-12-17,26,4.0,64.98032164331485,8.889021046741561,121.07162223988814,14445,horizon
3312,2025-12-18,27,6.0,95.99816920318968,13.132125617657678,178.86421278872166,14445,horizon
3312,2025-12-19,28,3.0,66.66200517852822,9.11906792801932,124.20494242903712,14445,horizon
3312,2025-12-20,29,2.0,64.12644464364793,8.772214443920618,119.48067484337524,14445,horizon
3312,2025-12-21,30,0.0,49.340138557607965,6.749513067897276,91.93076404731866,14445,horizon
3333,2025-11-22,1,582.0,655.9285484126763,582.0,764.2270547414845,4815,horizon
3333,2025-11-23,2,485.0,638.4052844683305,532.9999946579534,743.8105742787076,4815,horizon
3333,2025-11-24,3,359.0,519.7949989481323,433.973117708942,605.6168801873225,4815,horizon
3333,2025-11-25,4,407.0,618.4519802694798,422.7495351662248,814.1544253727347,6420,horizon
3333,2025-11-26,5,334.0,696.5788250765188,476.15398430678397,917.0036658462536,6420,horizon
3333,2025-11-27,6,438.0,1148.4847685406116,785.0591760325115,1511.9103610487118,6420,horizon
3333,2025-11-28,7,135.0,364.69452360417546,249.2908831242712,480.0981640840797,6420,horizon
3333,2025-11-29,8,112.0,317.57909845189727,178.30140385386326,456.8567930499313,11235,horizon
3333,2025-11-30,9,71.0,287.7810055784325,161.57158184288693,413.99042931397804,11235,horizon
3333,2025-12-01,10,99.0,339.4947424607657,190.60570886697994,488.3837760545514,11235,horizon
3333,2025-12-02,11,127.0,392.8992567989891,220.58910489353326,565.209408704445,11235,horizon
3333,2025-12-03,12,114.0,490.4053266243132,275.3328497397056,705.4778035089208,11235,horizon
3333,2025-12-04,13,138.0,1019.9378842202079,572.6332667568404,1467.2425016835755,11235,horizon
3333,2025-12-05,14,44.0,368.1564889194381,206.69754128100402,529.6154365578723,11235,horizon
3333,2025-12-06,15,54.0,351.4352658589729,165.0551470460679,537.815384671878,11235,horizon
3333,2025-12-07,16,47.0,333.1208427465491,156.45359195598178,509.7880935371164,11235,horizon
3333,2025-12-08,17,61.0,335.5482167399322,157.5936328407074,513.5028006391569,11235,horizon
3333,2025-12-09,18,40.0,346.6733472801512,162.81866355222232,530.52803100808,11235,horizon
3333,2025-12-10,19,86.0,517.4265243557552,243.0146298901791,791.8384188213313,11235,horizon
3333,2025-12-11,20,105.0,1182.5528878375933,555.3979914756544,1809.7077841995322,11235,horizon
3333,2025-12-12,21,37.0,363.81938239311995,170.87147333473223,556.7672914515076,11235,horizon
3333,2025-12-13,22,44.0,344.1503253419714,47.07824473384187,641.2224059501009,14445,horizon
3333,2025-12-14,23,31.0,296.38791699948376,40.544558192093035,552.2312758068745,14445,horizon
3333,2025-12-15,24,31.0,312.88362933002094,42.80109879360026,582.9661598664416,14445,horizon
3333,2025-12-16,25,42.0,371.0973897139351,50.764484141290666,691.4302952865796,14445,horizon
3333,2025-12-17,26,28.0,498.6523249636673,68.21343599896858,929.091213928366,14445,horizon
3333,2025-12-18,27,51.0,863.6873895167605,118.14862082957393,1609.226158203947,14445,horizon
3333,2025-12-19,28,20.0,373.76607288400686,51.12954821401206,696.4025975540017,14445,horizon
3333,2025-12-20,29,19.0,326.9025174457158,44.71882078020951,609.086214111222,14445,horizon
3333,2025-12-21,30,9.0,234.64254118362393,32.09806344897859,437.18701891826925,14445,horizon
3351,2025-11-22,1,0.0,0.0018108575711486578,0.0,0.16691802753788776,4815,horizon
3351,2025-11-23,2,1.0,1.013412806858586,1.0,1.1807345274070566,4815,horizon
3351,2025-11-24,3,1.0,1.0717108430845976,1.0,1.2486579874089636,4815,horizon
3351,2025-11-25,4,0.0,0.0006953088581860188,0.0,0.3171345011427366,6420,horizon
3351,2025-11-26,5,0.0,0.0009918648802782245,0.0,0.31743105716482883,6420,horizon
3351,2025-11-27,6,0.0,0.0,0.0,0.3164391922845506,6420,horizon
3351,2025-11-28,7,0.0,8.601430127082036e-07,0.0,0.3164400524275633,6420,horizon
3351,2025-11-29,8,0.0,0.0020278855716276125,0.0,0.4405885316499461,11235,horizon
3351,2025-11-30,9,0.0,0.0,0.0,0.4385606460783185,11235,horizon
3351,2025-12-01,10,0.0,0.0,0.0,0.4385606460783185,11235,horizon
3351,2025-12-02,11,0.0,0.0016628210895063946,0.0,0.4402234671678249,11235,horizon
3351,2025-12-03,12,0.0,0.001538892580774402,0.0,0.4400995386590929,11235,horizon
3351,2025-12-04,13,1.0,5.438420853098465,3.053343490117802,7.823498216079127,11235,horizon
3351,2025-12-05,14,0.0,0.0007197435612351737,0.0,0.4392803896395537,11235,horizon
3351,2025-12-06,15,0.0,0.0,0.0,0.5303398290361028,11235,horizon
3351,2025-12-07,16,0.0,0.03668028456666084,0.0,0.5670201136027636,11235,horizon
3351,2025-12-08,17,0.0,0.0008925764446499341,0.0,0.5312324054807527,11235,horizon
3351,2025-12-09,18,0.0,0.004884479163734886,0.0,0.5352243081998377,11235,horizon
3351,2025-12-10,19,0.0,0.0,0.0,0.5303398290361028,11235,horizon
3351,2025-12-11,20,0.0,0.029257520367958256,0.0,0.559597349404061,11235,horizon
3351,2025-12-12,21,0.0,0.014414205601461748,0.0,0.5447540346375646,11235,horizon
3351,2025-12-13,22,0.0,0.026309602455806592,0.0,0.8895140184706347,14445,horizon
3351,2025-12-14,23,0.0,0.014238555600133016,0.0,0.8774429716149611,14445,horizon
3351,2025-12-15,24,0.0,0.0,0.0,0.8632044160148281,14445,horizon
3351,2025-12-16,25,0.0,0.033027624277607616,0.0,0.8962320402924357,14445,horizon
3351,2025-12-17,26,0.0,0.0039276668664615195,0.0,0.8671320828812896,14445,horizon
3351,2025-12-18,27,0.0,0.023585017175461218,0.0,0.8867894331902894,14445,horizon
3351,2025-12-19,28,0.0,0.015396256576395359,0.0,0.8786006725912234,14445,horizon
3351,2025-12-20,29,0.0,0.01790428912033828,0.0,0.8811087051351664,14445,horizon
3351,2025-12-21,30,1.0,3.510867458006673,1.0,6.541463751800787,14445,horizon
3364,2025-11-22,1,7.0,7.480652506146816,7.0,8.71576187094131,4815,horizon
3364,2025-11-23,2,5.0,7.23003162964282,6.036301568502483,8.423761690783156,4815,horizon
3364,2025-11-24,3,6.0,8.255431607066663,6.892400657569918,9.61846255656341,4815,horizon
3364,2025-11-25,4,5.0,7.485962501914134,5.117110574335992,9.854814429492276,6420,horizon
3364,2025-11-26,5,2.0,7.324325096916943,5.0066215792190825,9.642028614614803,6420,horizon
3364,2025-11-27,6,0.0,9.132864192209103,6.24286802398196,12.022860360436248,6420,horizon
3364,2025-11-28,7,0.0,3.911706856309723,2.6738894982451358,5.14952421437431,6420,horizon
3364,2025-11-29,8,0.0,3.7738527423116324,2.118789445439009,5.428916039184256,11235,horizon
3364,2025-11-30,9,0.0,4.480832565588073,2.515715740654998,6.445949390521148,11235,horizon
3364,2025-12-01,10,0.0,4.898528542703039,2.75022670018211,7.046830385223967,11235,horizon
3364,2025-12-02,11,0.0,5.030474025887383,2.8243060870140124,7.236641964760754,11235,horizon
3364,2025-12-03,12,2.0,11.450060072073745,6.428514329229525,16.471605814917964,11235,horizon
3364,2025-12-04,13,1.0,24.934750357961125,13.99935013117211,35.87015058475014,11235,horizon
3364,2025-12-05,14,0.0,6.144864963538729,3.449969015065161,8.839760912012297,11235,horizon
3364,2025-12-06,15,0.0,5.57193462911357,2.6169157705091384,8.526953487718002,11235,horizon
3364,2025-12-07,16,1.0,6.245257527676435,2.9331487181620806,9.557366337190789,11235,horizon
3364,2025-12-08,17,1.0,6.017906647413791,2.8263710648691345,9.209442229958448,11235,horizon
3364,2025-12-09,18,0.0,5.141042258811799,2.41454278620617,7.867541731417429,11235,horizon
3364,2025-12-10,19,0.0,9.60537251065622,4.5112608955267195,14.699484125785721,11235,horizon
3364,2025-12-11,20,0.0,26.884348464210763,12.626507695954215,41.14218923246731,11235,horizon
3364,2025-12-12,21,0.0,5.982861767271273,2.8099118804699903,9.155811654072556,11235,horizon
3364,2025-12-13,22,0.0,5.3249995213677055,0.7284364192462558,9.921562623489155,14445,horizon
3364,2025-12-14,23,0.0,4.517462841360841,0.61796896751527,8.41695671520641,14445,horizon
3364,2025-12-15,24,0.0,5.266478031238323,0.7204309378283247,9.812525124648321,14445,horizon
3364,2025-12-16,25,0.0,5.84836570237036,0.800030601614603,10.896700803126118,14445,horizon
3364,2025-12-17,26,0.0,10.23927756298137,1.4006879538143036,19.077867172148437,14445,horizon
3364,2025-12-18,27,2.0,28.154788807097304,3.8514507768460575,52.45812683734855,14445,horizon
3364,2025-12-19,28,0.0,6.536456595959985,0.8941583972380744,12.178754794681895,14445,horizon
3364,2025-12-20,29,0.0,5.224191353984292,0.7146463071185671,9.733736400850017,14445,horizon
3364,2025-12-21,30,0.0,3.8703503699079507,0.5294468390787843,7.211253900737117,14445,horizon
3365,2025-11-22,1,413.0,496.3555074924556,414.40365435297167,578.3073606319396,4815,horizon
3365,2025-11-23,2,681.0,984.809132907491,822.2100840157368,1147.408181799245,4815,horizon
3365,2025-11-24,3,434.0,716.3591177230502,598.0830911159272,834.6351443301731,4815,horizon
3365,2025-11-25,4,354.0,683.7734599375565,467.4007385693036,900.1461813058094,6420,horizon
3365,2025-11-26,5,433.0,965.5158948807463,659.9888249667879,1271.0429647947046,6420,horizon
3365,2025-11-27,6,1043.0,2722.9525087627794,1861.303616260695,3584.601401264864,6420,horizon
3365,2025-11-28,7,224.0,799.759544768511,546.6842804001035,1052.8348091369185,6420,horizon
3365,2025-11-29,8,111.0,437.08832554441096,245.39858710036367,628.7780639884583,11235,horizon
3365,2025-11-30,9,119.0,537.782821199309,301.9324396843192,773.6332027142987,11235,horizon
3365,2025-12-01,10,122.0,536.4400134418073,301.17853456450644,771.7014923191082,11235,horizon
3365,2025-12-02,11,101.0,544.627194401299,305.77514015284333,783.4792486497547,11235,horizon
3365,2025-12-03,12,139.0,879.2322603999098,493.635592226025,1264.8289285737947,11235,horizon
3365,2025-12-04,13,498.0,3323.5626144934304,1865.9788469994462,4781.146381987414,11235,horizon
3365,2025-12-05,14,207.0,1330.610828120422,747.0572836611233,1914.1643725797207,11235,horizon
3365,2025-12-06,15,75.0,509.34000245724906,239.21671263282343,779.4632922816747,11235,horizon
3365,2025-12-07,16,38.0,470.08793851629406,220.78158157162866,719.3942954609595,11235,horizon
3365,2025-12-08,17,51.0,547.907587038319,257.3303710008333,838.4848030758046,11235,horizon
3365,2025-12-09,18,75.0,642.0682231365168,301.5538714487822,982.5825748242514,11235,horizon
3365,2025-12-10,19,58.0,815.5739009240627,383.04257774168786,1248.1052241064376,11235,horizon
3365,2025-12-11,20,263.0,3426.323529310695,1609.2076945536846,5243.439364067705,11235,horizon
3365,2025-12-12,21,78.0,1036.9000219138593,486.990641564532,1586.8094022631867,11235,horizon
3365,2025-12-13,22,43.0,560.7348296492371,76.70604848269329,1044.7636108157808,14445,horizon
3365,2025-12-14,23,30.0,538.1905700135655,73.62209332031824,1002.7590467068128,14445,horizon
3365,2025-12-15,24,40.0,676.4343007109414,92.53322519335461,1260.3353762285283,14445,horizon
3365,2025-12-16,25,55.0,698.602807346757,95.56577900468017,1301.639835688834,14445,horizon
3365,2025-12-17,26,77.0,1026.9971484070911,140.48867466745423,1913.505622146728,14445,horizon
3365,2025-12-18,27,295.0,3367.734761755396,460.69124344149304,6274.7782800692985,14445,horizon
3365,2025-12-19,28,68.0,1310.0604996864233,179.21049111051047,2440.9105082623364,14445,horizon
3365,2025-12-20,29,45.0,554.9447322915917,75.91398873332315,1033.9754758498602,14445,horizon
3365,2025-12-21,30,50.0,533.2254325077251,72.94288443564011,993.5079805798102,14445,horizon
3382,2025-11-22,1,5.0,5.0,5.0,5.825535849833695,4815,horizon
3382,2025-11-23,2,6.0,6.434669058999109,6.0,7.497079057002992,4815,horizon
3382,2025-11-24,3,1.0,1.5730343537865792,1.3133151033724189,1.8327536042007395,4815,horizon
3382,2025-11-25,4,0.0,0.8807774146624593,0.5643382223779088,1.1972166069470098,6420,horizon
3382,2025-11-26,5,0.0,2.5526201550511596,1.7448710949775064,3.3603692151248126,6420,horizon
3382,2025-11-27,6,0.0,4.416613045936849,3.0190235810471835,5.814202510826514,6420,horizon
3382,2025-11-28,7,0.0,0.7878288656600593,0.4713896733755087,1.1042680579446098,6420,horizon
3382,2025-11-29,8,0.0,0.7023863879151048,0.26382574183678625,1.1409470339934233,11235,horizon
3382,2025-11-30,9,0.0,0.9935476482842036,0.5549870022058851,1.432108294362522,11235,horizon
3382,2025-12-01,10,0.0,0.9597945526891596,0.5212339066108411,1.398355198767478,11235,horizon
3382,2025-12-02,11,0.0,1.1560326477444345,0.6490422228620061,1.6630230726268629,11235,horizon
3382,2025-12-03,12,1.0,3.5680004147693984,2.0032158476604227,5.132784981878374,11235,horizon
3382,2025-12-04,13,1.0,10.513444834765385,5.902661675521918,15.124227994008853,11235,horizon
3382,2025-12-05,14,0.0,1.2719919829946276,0.7141463571260621,1.8298376088631931,11235,horizon
3382,2025-12-06,15,0.0,1.4799786204259424,0.6950870118921608,2.2648702289597242,11235,horizon
3382,2025-12-07,16,0.0,1.2597813362287145,0.591669117750305,1.9278935547071239,11235,horizon
3382,2025-12-08,17,2.0,3.6370469536643517,2.0,5.565917813266982,11235,horizon
3382,2025-12-09,18,0.0,1.460559813422774,0.6859667716751379,2.2351528551704103,11235,horizon
3382,2025-12-10,19,0.0,3.2016294321332612,1.5036778264587527,4.89958103780777,11235,horizon
3382,2025-12-11,20,0.0,7.729743067489651,3.630352450584189,11.829133684395114,11235,horizon
3382,2025-12-12,21,0.0,1.164745066981213,0.5470343672877523,1.7824557666746736,11235,horizon
3382,2025-12-13,22,0.0,1.0368075048953087,0.14183068811236277,1.9317843216782546,14445,horizon
3382,2025-12-14,23,0.0,0.9920219169727343,0.12881750095790623,1.8552263329875625,14445,horizon
3382,2025-12-15,24,0.0,1.4469859513088477,0.19794128822763324,2.696030614390062,14445,horizon
3382,2025-12-16,25,0.0,1.7913715563550203,0.24505171818601124,3.3376913945240294,14445,horizon
3382,2025-12-17,26,0.0,3.168302126735125,0.4334097396681935,5.903194513802056,14445,horizon
3382,2025-12-18,27,0.0,6.114130407616282,0.8363860396713667,11.391874775561199,14445,horizon
3382,2025-12-19,28,0.0,2.2375281284942905,0.30608396702062524,4.1689722899679555,14445,horizon
3382,2025-12-20,29,0.0,1.5129874606126241,0.20697000323674608,2.819004917988502,14445,horizon
3382,2025-12-21,30,0.0,0.8222302588199965,0.0,1.6854346748348246,14445,horizon
3396,2025-11-22,1,0.0,5.214213945327014e-08,0.0,0.16510722210887854,4815,horizon
3396,2025-11-23,2,0.0,2.0218990113306764e-08,0.0,0.16510719018572922,4815,horizon
3396,2025-11-24,3,0.0,1.3489376408701964e-16,0.0,0.16510716996673924,4815,horizon
3396,2025-11-25,4,0.0,0.0,0.0,0.3164391922845506,6420,horizon
3396,2025-11-26,5,0.0,0.03792529745343176,0.0,0.35436448973798235,6420,horizon
3396,2025-11-27,6,0.0,0.0,0.0,0.3164391922845506,6420,horizon
3396,2025-11-28,7,0.0,1.036832096944117e-09,0.0,0.3164391933213827,6420,horizon
3396,2025-11-29,8,0.0,1.5397855891394635e-05,0.0,0.4385760439342099,11235,horizon
3396,2025-11-30,9,0.0,0.0003018926667578987,0.0,0.4388625387450764,11235,horizon
3396,2025-12-01,10,0.0,0.0,0.0,0.4385606460783185,11235,horizon
3396,2025-12-02,11,0.0,0.0,0.0,0.4385606460783185,11235,horizon
3396,2025-12-03,12,0.0,0.00022221170798707122,0.0,0.4387828577863056,11235,horizon
3396,2025-12-04,13,0.0,0.02718208863252193,0.0,0.46574273471084043,11235,horizon
3396,2025-12-05,14,0.0,1.2601360294034133e-05,0.0,0.43857324743861253,11235,horizon
3396,2025-12-06,15,0.0,0.017630899478421586,0.0,0.5479707285145243,11235,horizon
3396,2025-12-07,16,0.0,0.03168439396640473,0.0,0.5620242230025075,11235,horizon
3396,2025-12-08,17,0.0,0.004248497544324217,0.0,0.534588326580427,11235,horizon
3396,2025-12-09,18,0.0,0.005586117926228783,0.0,0.5359259469623315,11235,horizon
3396,2025-12-10,19,0.0,0.0032406424407034292,0.0,0.5335804714768062,11235,horizon
3396,2025-12-11,20,0.0,0.16287588384563711,0.0,0.6932157128817399,11235,horizon
3396,2025-12-12,21,0.0,0.01675484003049005,0.0,0.5470946690665929,11235,horizon
3396,2025-12-13,22,0.0,0.04566294975097126,0.0,0.9088673657657994,14445,horizon
3396,2025-12-14,23,0.0,0.01183559773165035,0.0,0.8750400137464784,14445,horizon
3396,2025-12-15,24,0.0,0.0244971870241595,0.0,0.8877016030389876,14445,horizon
3396,2025-12-16,25,0.0,0.031841022181961914,0.0,0.89504543819679,14445,horizon
3396,2025-12-17,26,0.0,0.01536952734369096,0.0,0.8785739433585191,14445,horizon
3396,2025-12-18,27,0.0,0.14891766462176212,0.0,1.0121220806365903,14445,horizon
3396,2025-12-19,28,0.0,0.018831263426628594,0.0,0.8820356794414567,14445,horizon
3396,2025-12-20,29,0.0,0.027951427930157723,0.0,0.8911558439449858,14445,horizon
3396,2025-12-21,30,0.0,0.0,0.0,0.8632044160148281,14445,horizon
3456,2025-11-22,1,5.0,5.0,5.0,5.825535849833695,4815,horizon
3456,2025-11-23,2,3.0,3.007787562404214,3.0,3.5043948546939303,4815,horizon
3456,2025-11-24,3,3.0,3.2610064910835717,3.0,3.7994220440695465,4815,horizon
3456,2025-11-25,4,3.0,3.426804262827842,3.0,4.511179435874339,6420,horizon
3456,2025-11-26,5,3.0,4.1392293609581285,3.0,5.449043756620215,6420,horizon
3456,2025-11-27,6,3.0,4.202300990480857,3.0,5.532073721645186,6420,horizon
3456,2025-11-28,7,3.0,3.4285884295088516,3.0,4.5135281828187885,6420,horizon
3456,2025-11-29,8,3.0,3.684729009784739,3.0,5.300706144939458,11235,horizon
3456,2025-11-30,9,3.0,3.6977579312478115,3.0,5.319449038617078,11235,horizon
3456,2025-12-01,10,3.0,4.070746268460752,3.0,5.856015381977803,11235,horizon
3456,2025-12-02,11,3.0,4.357941527262652,3.0,6.269163179030494,11235,horizon
3456,2025-12-03,12,3.0,4.756879734855422,3.0,6.843059984690477,11235,horizon
3456,2025-12-04,13,3.0,4.978007523499397,3.0,7.1611657191880225,11235,horizon
3456,2025-12-05,14,3.0,3.8797043565098734,3.0,5.581190005693711,11235,horizon
3456,2025-12-06,15,3.0,5.01405646941455,3.0,7.673210320181227,11235,horizon
3456,2025-12-07,16,3.0,4.521338282909927,3.0,6.919184054882764,11235,horizon
3456,2025-12-08,17,3.0,4.856638577944042,3.0,7.4323074510610265,11235,horizon
3456,2025-12-09,18,3.0,5.067880302327142,3.0,7.755579075438751,11235,horizon
3456,2025-12-10,19,3.0,5.457302852295776,3.0,8.351527913980554,11235,horizon
3456,2025-12-11,20,3.0,6.170067988435656,3.0,9.442300790563753,11235,horizon
3456,2025-12-12,21,3.0,4.478274095628876,3.0,6.853281213881502,11235,horizon
3456,2025-12-13,22,3.0,4.962796264617754,3.0,9.246703916017694,14445,horizon
3456,2025-12-14,23,3.0,4.31156601680481,3.0,8.033328842450185,14445,horizon
3456,2025-12-15,24,3.0,5.089357920939046,3.0,9.482514152973675,14445,horizon
3456,2025-12-16,25,3.0,5.186208358911037,3.0,9.662966316696057,14445,horizon
3456,2025-12-17,26,3.0,5.583227582758367,3.0,10.402694287811183,14445,horizon
3456,2025-12-18,27,3.0,6.23620670743071,3.0,11.61932787646619,14445,horizon
3456,2025-12-19,28,3.0,4.5407125078275605,3.0,8.460275596438075,14445,horizon
3456,2025-12-20,29,3.0,4.728210665308204,3.0,8.809622991450654,14445,horizon
3456,2025-12-21,30,3.0,4.253681035682699,3.0,7.925477290002532,14445,horizon
3478,2025-11-22,1,6.0,6.724419058032762,6.0,7.834668858374957,4815,horizon
3478,2025-11-23,2,2.0,3.6227311633165167,3.024592273391014,4.220870053242019,4815,horizon
3478,2025-11-24,3,4.0,6.546367768513538,5.465515512692791,7.627220024334285,4815,horizon
3478,2025-11-25,4,1.0,3.8538373072363656,2.6343321425384225,5.073342471934309,6420,horizon
3478,2025-11-26,5,0.0,5.558357725245003,3.7994754962398822,7.317239954250123,6420,horizon
3478,2025-11-27,6,2.0,10.573370199608773,7.227541473919035,13.91919892529851,6420,horizon
3478,2025-11-28,7,0.0,2.592481950070112,1.7721190557776492,3.412844844362575,6420,horizon
3478,2025-11-29,8,0.0,2.6744582175555203,1.5015460937549032,3.8473703413561373,11235,horizon
3478,2025-11-30,9,0.0,2.8874155034945685,1.6211086947854372,4.1537223122036995,11235,horizon
3478,2025-12-01,10,0.0,2.818347846458589,1.5823313940422727,4.054364298874906,11235,horizon
3478,2025-12-02,11,0.0,4.112252382171718,2.308780320609385,5.915724443734051,11235,horizon
3478,2025-12-03,12,2.0,9.8023115955827,5.503403489162958,14.10121970200244,11235,horizon
3478,2025-12-04,13,2.0,20.36858887118467,11.435727376134272,29.301450366235066,11235,horizon
3478,2025-12-05,14,0.0,3.2128669569637363,1.803829948554039,4.621903965373433,11235,horizon
3478,2025-12-06,15,2.0,5.95931549062073,2.798853132152733,9.119777849088727,11235,horizon
3478,2025-12-07,16,5.0,9.703105847866613,5.0,14.849049344343403,11235,horizon
3478,2025-12-08,17,0.0,3.545119168097099,1.6650012745758727,5.425237061618326,11235,horizon
3478,2025-12-09,18,0.0,3.6134744212228833,1.697105014445209,5.5298438280005575,11235,horizon
3478,2025-12-10,19,2.0,9.439045571891327,4.433143757030498,14.444947386752157,11235,horizon
3478,2025-12-11,20,2.0,13.700693656575009,6.434670125071001,20.966717188079016,11235,horizon
3478,2025-12-12,21,3.0,7.3078787341557465,3.4322195756670166,11.183537892644477,11235,horizon
3478,2025-12-13,22,3.0,7.302965211163074,3.0,13.6069170314417,14445,horizon
3478,2025-12-14,23,2.0,5.374806707213238,2.0,10.014363592105822,14445,horizon
3478,2025-12-15,24,2.0,6.057005514241803,2.0,11.285439421961492,14445,horizon
3478,2025-12-16,25,0.0,4.219866464570213,0.5772590973603249,7.862473831780101,14445,horizon
3478,2025-12-17,26,0.0,8.018595508989353,1.0969084553930752,14.940282562585631,14445,horizon
3478,2025-12-18,27,1.0,12.657619417136386,1.7315064400292233,23.583732394243548,14445,horizon
3478,2025-12-19,28,0.0,4.808250501056762,0.6577474352390551,8.95875356687447,14445,horizon
3478,2025-12-20,29,0.0,3.8545510295931633,0.5272855590938423,7.181816500092484,14445,horizon
3478,2025-12-21,30,0.0,3.040226508017111,0.41588956061140037,5.664563455422822,14445,horizon
3523,2025-11-22,1,4017.0,4490.879940371531,4017.0,5232.356417986673,4815,horizon
3523,2025-11-23,2,3116.0,4090.916035688562,3415.4764664644717,4766.355604912652,4815,horizon
3523,2025-11-24,3,2240.0,3307.6050559960477,2761.4957458328627,3853.7143661592327,4815,horizon
3523,2025-11-25,4,2107.0,3457.259374170587,2363.2470102898556,4551.271738051319,6420,horizon
3523,2025-11-26,5,2815.0,5456.243492790363,3729.674209023946,7182.812776556781,6420,horizon
3523,2025-11-27,6,2563.0,6257.506414934687,4277.386139277361,8237.626690592013,6420,horizon
3523,2025-11-28,7,908.0,2282.95560829436,1560.538979584208,3005.372237004512,6420,horizon
3523,2025-11-29,8,734.0,1911.586696269273,1073.2399997187022,2749.933392819844,11235,horizon
3523,2025-11-30,9,765.0,2137.0548723420898,1199.8267068229243,3074.2830378612553,11235,horizon
3523,2025-12-01,10,568.0,1983.7350147808831,1113.7469050503964,2853.72312451137,11235,horizon
3523,2025-12-02,11,631.0,2285.572382112003,1283.2102815542016,3287.9344826698048,11235,horizon
3523,2025-12-03,12,801.0,3618.106479251207,2031.3473641306473,5204.865594371767,11235,horizon
3523,2025-12-04,13,840.0,5238.18862561168,2940.9252376833224,7535.452013540038,11235,horizon
3523,2025-12-05,14,350.0,1993.1026981078517,1119.0062911252326,2867.1991050904708,11235,horizon
3523,2025-12-06,15,401.0,2293.62782870719,1077.2256381581713,3510.030019256209,11235,horizon
3523,2025-12-07,16,346.0,1914.532358094538,899.179594618594,2929.885121570482,11235,horizon
3523,2025-12-08,17,334.0,1902.3725889760365,893.4686353755171,2911.2765425765556,11235,horizon
3523,2025-12-09,18,322.0,1887.5626339258472,886.5129893546775,2888.6122784970166,11235,horizon
3523,2025-12-10,19,389.0,3440.3259955847866,1615.7840952578908,5264.867895911682,11235,horizon
3523,2025-12-11,20,464.0,5863.0702943238575,2753.6505968054903,8972.489991842225,11235,horizon
3523,2025-12-12,21,307.0,2542.735853150512,1194.2217555067004,3891.2499507943235,11235,horizon
3523,2025-12-13,22,283.0,2024.7546689291971,283.0,3772.5318404955215,14445,horizon
3523,2025-12-14,23,256.0,1750.5403044058849,256.0,3261.614425580986,14445,horizon
3523,2025-12-15,24,236.0,1738.8154648785892,237.8622769605147,3239.7686527966634,14445,horizon
3523,2025-12-16,25,300.0,2132.3161853491597,300.0,3972.9409328824468,14445,horizon
3523,2025-12-17,26,329.0,3538.315016162726,484.025868959483,6592.604163365969,14445,horizon
3523,2025-12-18,27,356.0,4756.228220287679,650.6310169610078,8861.82542361435,14445,horizon
3523,2025-12-19,28,188.0,2306.7331936871324,315.55091432841186,4297.915473045853,14445,horizon
3523,2025-12-20,29,166.0,1673.4776080559288,228.92434668011947,3118.030869431738,14445,horizon
3523,2025-12-21,30,98.0,1095.7168164342356,149.88922178649466,2041.5444110819767,14445,horizon
3578,2025-11-22,1,0.0,1.3489376408701964e-16,0.0,0.16510716996673924,4815,horizon
3578,2025-11-23,2,0.0,1.3489376408701964e-16,0.0,0.16510716996673924,4815,horizon
3578,2025-11-24,3,0.0,1.3489376408701964e-16,0.0,0.16510716996673924,4815,horizon
3578,2025-11-25,4,0.0,1.3489376408701964e-16,0.0,0.3164391922845507,6420,horizon
3578,2025-11-26,5,0.0,1.3489376408701964e-16,0.0,0.3164391922845507,6420,horizon
3578,2025-11-27,6,0.0,1.3489376408701964e-16,0.0,0.3164391922845507,6420,horizon
3578,2025-11-28,7,0.0,1.3489376408701964e-16,0.0,0.3164391922845507,6420,horizon
3578,2025-11-29,8,0.0,1.5006439558569507e-16,0.0,0.4385606460783187,11235,horizon
3578,2025-11-30,9,0.0,1.5006439558569507e-16,0.0,0.4385606460783187,11235,horizon
3578,2025-12-01,10,0.0,1.5006439558569507e-16,0.0,0.4385606460783187,11235,horizon
3578,2025-12-02,11,0.0,1.5006439558569507e-16,0.0,0.4385606460783187,11235,horizon
3578,2025-12-03,12,0.0,1.5006439558569507e-16,0.0,0.4385606460783187,11235,horizon
3578,2025-12-04,13,0.0,1.5006439558569507e-16,0.0,0.4385606460783187,11235,horizon
3578,2025-12-05,14,0.0,1.5006439558569507e-16,0.0,0.4385606460783187,11235,horizon
3578,2025-12-06,15,0.0,2.0936493878579075e-16,0.0,0.530339829036103,11235,horizon
3578,2025-12-07,16,0.0,2.0936493878579075e-16,0.0,0.530339829036103,11235,horizon
3578,2025-12-08,17,0.0,2.0936493878579075e-16,0.0,0.530339829036103,11235,horizon
3578,2025-12-09,18,0.0,2.0936493878579075e-16,0.0,0.530339829036103,11235,horizon
3578,2025-12-10,19,0.0,2.0936493878579075e-16,0.0,0.530339829036103,11235,horizon
3578,2025-12-11,20,0.0,2.0936493878579075e-16,0.0,0.530339829036103,11235,horizon
3578,2025-12-12,21,0.0,2.0936493878579075e-16,0.0,0.530339829036103,11235,horizon
3578,2025-12-13,22,0.0,0.00010846784112831061,0.0,0.8633128838559564,14445,horizon
3578,2025-12-14,23,0.0,2.085521617919071e-16,0.0,0.8632044160148283,14445,horizon
3578,2025-12-15,24,0.0,2.085521617919071e-16,0.0,0.8632044160148283,14445,horizon
3578,2025-12-16,25,0.0,2.085521617919071e-16,0.0,0.8632044160148283,14445,horizon
3578,2025-12-17,26,0.0,2.085521617919071e-16,0.0,0.8632044160148283,14445,horizon
3578,2025-12-18,27,0.0,2.085521617919071e-16,0.0,0.8632044160148283,14445,horizon
3578,2025-12-19,28,0.0,2.085521617919071e-16,0.0,0.8632044160148283,14445,horizon
3578,2025-12-20,29,0.0,2.085521617919071e-16,0.0,0.8632044160148283,14445,horizon
3578,2025-12-21,30,0.0,2.085521617919071e-16,0.0,0.8632044160148283,14445,horizon
3617,2025-11-22,1,2.0,2.0,2.0,2.330214339933478,4815,horizon
3617,2025-11-23,2,2.0,2.07562296629677,2.0,2.418323200179998,4815,horizon
3617,2025-11-24,3,2.0,2.221162883623095,2.0,2.587892801373266,4815,horizon
3617,2025-11-25,4,2.0,2.4150113350198534,2.0,3.17921557123157,6420,horizon
3617,2025-11-26,5,2.0,2.808527954626304,2.0,3.6972562720968325,6420,horizon
3617,2025-11-27,6,2.0,3.4007473223056763,2.32461758647142,4.476877058139933,6420,horizon
3617,2025-11-28,7,2.0,2.4323762729299676,2.0,3.202075456068032,6420,horizon
3617,2025-11-29,8,2.0,2.3328997406392595,2.0,3.356017758129955,11235,horizon
3617,2025-11-30,9,2.0,2.4334665433674054,2.0,3.500689202836587,11235,horizon
3617,2025-12-01,10,2.0,2.5232473171192797,2.0,3.629844290730495,11235,horizon
3617,2025-12-02,11,2.0,3.235449970637707,2.0,4.654391000114657,11235,horizon
3617,2025-12-03,12,4.0,5.484274629489187,4.0,7.889461654268896,11235,horizon
3617,2025-12-04,13,4.0,7.069020841570185,4.0,10.169215188990304,11235,horizon
3617,2025-12-05,14,2.0,3.5689354316454525,2.0037408029312203,5.134130060359684,11235,horizon
3617,2025-12-06,15,2.0,3.2956386344404636,2.0,5.043447064394394,11235,horizon
3617,2025-12-07,16,2.0,3.403310236203263,2.0,5.20822120502812,11235,horizon
3617,2025-12-08,17,2.0,3.350279156133198,2.0,5.127065631020097,11235,horizon
3617,2025-12-09,18,2.0,3.745955363607523,2.0,5.732584690720009,11235,horizon
3617,2025-12-10,19,2.0,3.9649522110671254,2.0,6.0677242888207825,11235,horizon
3617,2025-12-11,20,2.0,5.2155140258205295,2.449519209031474,7.9815088426095855,11235,horizon
3617,2025-12-12,21,2.0,3.352109097933199,2.0,5.129866063841456,11235,horizon
3617,2025-12-13,22,2.0,3.3221600153577557,2.0,6.18986321132246,14445,horizon
3617,2025-12-14,23,2.0,3.127191102310751,2.0,5.826596271547669,14445,horizon
3617,2025-12-15,24,2.0,3.5381774995566198,2.0,6.592347941818197,14445,horizon
3617,2025-12-16,25,2.0,3.9759881085124267,2.0,7.4080786018027975,14445,horizon
3617,2025-12-17,26,2.0,4.075244914041376,2.0,7.59301432018386,14445,horizon
3617,2025-12-18,27,2.0,4.47596491008489,2.0,8.339637586397581,14445,horizon
3617,2025-12-19,28,2.0,4.0193335134352495,2.0,7.488839951668951,14445,horizon
3617,2025-12-20,29,2.0,3.647713940515797,2.0,6.796436722327883,14445,horizon
3617,2025-12-21,30,0.0,0.7777397497773118,0.0,1.6409441657921398,14445,horizon
3723,2025-11-22,1,54.0,62.43581318141007,54.0,72.74441360036471,4815,horizon
3723,2025-11-23,2,42.0,56.06664038210911,46.80963605907618,65.32364470514203,4815,horizon
3723,2025-11-24,3,42.0,62.53397429704277,52.20916677408523,72.8587818200003,4815,horizon
3723,2025-11-25,4,42.0,69.87186556139588,47.761668859733064,91.9820622630587,6420,horizon
3723,2025-11-26,5,40.0,78.76637560163147,53.841607327069674,103.69114387619325,6420,horizon
3723,2025-11-27,6,35.0,74.26768116938187,50.766476127296144,97.7688862114676,6420,horizon
3723,2025-11-28,7,20.0,40.022559046795905,27.357852788867078,52.68726530472473,6420,horizon
3723,2025-11-29,8,14.0,37.01492634833174,20.781636334465997,53.24821636219748,11235,horizon
3723,2025-11-30,9,17.0,44.154492485974316,24.79006973406516,63.518915237883476,11235,horizon
3723,2025-12-01,10,15.0,43.411078058101864,24.372687617984393,62.44946849821933,11235,horizon
3723,2025-12-02,11,16.0,47.507703995848985,26.67269463773194,68.34271335396603,11235,horizon
3723,2025-12-03,12,14.0,53.11668981983071,29.82180001490411,76.41157962475731,11235,horizon
3723,2025-12-04,13,10.0,66.55600661522189,37.36716135365734,95.74485187678644,11235,horizon
3723,2025-12-05,14,6.0,44.03414260579488,24.722500575092663,63.345784636497086,11235,horizon
3723,2025-12-06,15,6.0,45.02126447124226,21.14469476857447,68.89783417391006,11235,horizon
3723,2025-12-07,16,3.0,40.725115702966626,19.126964803579803,62.32326660235345,11235,horizon
3723,2025-12-08,17,6.0,44.01180429882129,20.670591531413994,67.35301706622859,11235,horizon
3723,2025-12-09,18,6.0,45.846784620085636,21.532408702814394,70.16116053735688,11235,horizon
3723,2025-12-10,19,4.0,49.287521537178456,23.148385791538,75.42665728281891,11235,horizon
3723,2025-12-11,20,3.0,68.53339490840074,32.18740596941577,104.8793838473857,11235,horizon
3723,2025-12-12,21,3.0,38.038953274011,17.865381297959704,58.2125252500623,11235,horizon
3723,2025-12-13,22,5.0,45.58479833420716,6.235799108974156,84.93379755944017,14445,horizon
3723,2025-12-14,23,6.0,42.3166327463463,6.0,78.8445370038701,14445,horizon
3723,2025-12-15,24,6.0,59.62447928305027,8.156365463336641,111.0925931027639,14445,horizon
3723,2025-12-16,25,7.0,69.63321086474758,9.525515745005762,129.74090598448942,14445,horizon
3723,2025-12-17,26,6.0,72.00446649556316,9.849893043801309,134.15903994732503,14445,horizon
3723,2025-12-18,27,4.0,69.18660457544406,9.464421976849039,128.9087871740391,14445,horizon
3723,2025-12-19,28,1.0,40.63346255021524,5.558478238896306,75.70844686153418,14445,horizon
3723,2025-12-20,29,3.0,48.46188655184068,6.6293720718821945,90.29440103179917,14445,horizon
3723,2025-12-21,30,0.0,25.934102981054846,3.5476707624249855,48.320535199684706,14445,horizon
3752,2025-11-22,1,0.0,1.3489376408701964e-16,0.0,0.16510716996673924,4815,horizon
3752,2025-11-23,2,0.0,1.3489376408701964e-16,0.0,0.16510716996673924,4815,horizon
3752,2025-11-24,3,0.0,1.3489376408701964e-16,0.0,0.16510716996673924,4815,horizon
3752,2025-11-25,4,0.0,1.3489376408701964e-16,0.0,0.3164391922845507,6420,horizon
3752,2025-11-26,5,0.0,1.3489376408701964e-16,0.0,0.3164391922845507,6420,horizon
3752,2025-11-27,6,0.0,1.3489376408701964e-16,0.0,0.3164391922845507,6420,horizon
3752,2025-11-28,7,0.0,1.3489376408701964e-16,0.0,0.3164391922845507,6420,horizon
3752,2025-11-29,8,0.0,1.5006439558569507e-16,0.0,0.4385606460783187,11235,horizon
3752,2025-11-30,9,0.0,1.5006439558569507e-16,0.0,0.4385606460783187,11235,horizon
3752,2025-12-01,10,0.0,1.5006439558569507e-16,0.0,0.4385606460783187,11235,horizon
3752,2025-12-02,11,0.0,1.5006439558569507e-16,0.0,0.4385606460783187,11235,horizon
3752,2025-12-03,12,0.0,1.5006439558569507e-16,0.0,0.4385606460783187,11235,horizon
3752,2025-12-04,13,0.0,1.5006439558569507e-16,0.0,0.4385606460783187,11235,horizon
3752,2025-12-05,14,0.0,1.5006439558569507e-16,0.0,0.4385606460783187,11235,horizon
3752,2025-12-06,15,0.0,0.0,0.0,0.5303398290361028,11235,horizon
3752,2025-12-07,16,0.0,0.0,0.0,0.5303398290361028,11235,horizon
3752,2025-12-08,17,0.0,0.0,0.0,0.5303398290361028,11235,horizon
3752,2025-12-09,18,0.0,2.0936493878579075e-16,0.0,0.530339829036103,11235,horizon
3752,2025-12-10,19,0.0,2.0936493878579075e-16,0.0,0.530339829036103,11235,horizon
3752,2025-12-11,20,0.0,2.0936493878579075e-16,0.0,0.530339829036103,11235,horizon
3752,2025-12-12,21,0.0,2.0936493878579075e-16,0.0,0.530339829036103,11235,horizon
3752,2025-12-13,22,0.0,2.085521617919071e-16,0.0,0.8632044160148283,14445,horizon
3752,2025-12-14,23,0.0,2.085521617919071e-16,0.0,0.8632044160148283,14445,horizon
3752,2025-12-15,24,0.0,2.085521617919071e-16,0.0,0.8632044160148283,14445,horizon
3752,2025-12-16,25,0.0,2.085521617919071e-16,0.0,0.8632044160148283,14445,horizon
3752,2025-12-17,26,0.0,2.085521617919071e-16,0.0,0.8632044160148283,14445,horizon
3752,2025-12-18,27,0.0,2.085521617919071e-16,0.0,0.8632044160148283,14445,horizon
3752,2025-12-19,28,0.0,2.085521617919071e-16,0.0,0.8632044160148283,14445,horizon
3752,2025-12-20,29,0.0,2.085521617919071e-16,0.0,0.8632044160148283,14445,horizon
3752,2025-12-21,30,0.0,2.085521617919071e-16,0.0,0.8632044160148283,14445,horizon
3771,2025-11-22,1,5.0,5.027023021080922,5.0,5.85702056544924,4815,horizon
3771,2025-11-23,2,1.0,1.2440582799305806,1.0386553380575532,1.449461221803608,4815,horizon
3771,2025-11-24,3,1.0,1.9909623864627848,1.6622402213236893,2.3196845516018803,4815,horizon
3771,2025-11-25,4,1.0,2.5567592233785863,1.7477003998665916,3.365818046890581,6420,horizon
3771,2025-11-26,5,1.0,4.678536325775478,3.1980640697731566,6.159008581777799,6420,horizon
3771,2025-11-27,6,0.0,4.038923217896632,2.760849617126104,5.31699681866716,6420,horizon
3771,2025-11-28,7,0.0,1.5391382994450096,1.052094619154414,2.0261819797356053,6420,horizon
3771,2025-11-29,8,1.0,2.403718949448872,1.3495424139878776,3.4578954849098666,11235,horizon
3771,2025-11-30,9,1.0,2.9019577848748597,1.629273303848135,4.174642265901584,11235,horizon
3771,2025-12-01,10,1.0,2.7557543205477892,1.547188925295233,3.9643197158003454,11235,horizon
3771,2025-12-02,11,1.0,3.564610816268867,2.0013127936682302,5.127908838869504,11235,horizon
3771,2025-12-03,12,1.0,4.943484548061833,2.775466770785651,7.111502325338015,11235,horizon
3771,2025-12-04,13,0.0,10.790386793165695,6.0581477897199925,15.522625796611397,11235,horizon
3771,2025-12-05,14,0.0,2.758807949084788,1.5489033525281626,3.968712545641414,11235,horizon
3771,2025-12-06,15,0.0,2.899750193362837,1.361897171567384,4.43760321515829,11235,horizon
3771,2025-12-07,16,0.0,2.737185704543609,1.285547105955887,4.188824303131331,11235,horizon
3771,2025-12-08,17,0.0,2.349085932367771,1.1032721006047332,3.594899764130809,11235,horizon
3771,2025-12-09,18,0.0,3.084602390252491,1.448714885961631,4.720489894543351,11235,horizon
3771,2025-12-10,19,0.0,4.30479326856003,2.0217899424761376,6.5877965946439225,11235,horizon
3771,2025-12-11,20,0.0,7.203996185160418,3.3834300799457053,11.02456229037513,11235,horizon
3771,2025-12-12,21,0.0,2.548354136194903,1.196860439281853,3.8998478331079536,11235,horizon
3771,2025-12-13,22,0.0,2.6024276642806896,0.3560006121144439,4.848854716446935,14445,horizon
3771,2025-12-14,23,0.0,2.493020646691509,0.341034215251256,4.645007078131762,14445,horizon
3771,2025-12-15,24,0.0,2.9792131447741457,0.4075432019556797,5.550883087592611,14445,horizon
3771,2025-12-16,25,0.0,3.7267056169376374,0.5097968712098044,6.94361436266547,14445,horizon
3771,2025-12-17,26,0.0,4.3283873618986695,0.592104276884966,8.064670446912373,14445,horizon
3771,2025-12-18,27,0.0,5.540377671093374,0.7578991990156245,10.322856143171123,14445,horizon
3771,2025-12-19,28,0.0,3.217716788101311,0.4401694471272104,5.995264129075412,14445,horizon
3771,2025-12-20,29,0.0,2.7950291605050177,0.3823476462668687,5.207710674743167,14445,horizon
3771,2025-12-21,30,0.0,2.462908805275415,0.3369150483198724,4.588902562230958,14445,horizon
3832,2025-11-22,1,2.0,2.0,2.0,2.330214339933478,4815,horizon
3832,2025-11-23,2,2.0,2.054821368687439,2.0,2.3940871096586034,4815,horizon
3832,2025-11-24,3,1.0,1.3676153514179974,1.1418122511423046,1.5934184516936902,4815,horizon
3832,2025-11-25,4,0.0,0.6988246459889704,0.38238545370441984,1.015263838273521,6420,horizon
3832,2025-11-26,5,0.0,1.194254166473624,0.8163453426522511,1.5721629902949967,6420,horizon
3832,2025-11-27,6,1.0,2.7422901893141116,1.874522096797707,3.6100582818305162,6420,horizon
3832,2025-11-28,7,1.0,1.662590228409608,1.1364815194314852,2.1886989373877306,6420,horizon
3832,2025-11-29,8,0.0,1.0058742382169499,0.5647373824309878,1.447011094002912,11235,horizon
3832,2025-11-30,9,0.0,1.2638394346846396,0.7095691956700871,1.818109673699192,11235,horizon
3832,2025-12-01,10,0.0,1.4702216163875241,0.8254402744263017,2.1150029583487466,11235,horizon
3832,2025-12-02,11,0.0,1.725280276241133,0.9686402436266419,2.4819203088556243,11235,horizon
3832,2025-12-03,12,0.0,2.1678290667767723,1.2171045506637928,3.118553582889752,11235,horizon
3832,2025-12-04,13,0.0,3.653229578620313,2.051066854348165,5.255392302892461,11235,horizon
3832,2025-12-05,14,0.0,1.9249820288635777,1.0807606665960146,2.769203391131141,11235,horizon
3832,2025-12-06,15,0.0,2.113677655880843,0.9927102092235662,3.2346451025381198,11235,horizon
3832,2025-12-07,16,0.0,1.8885759901977672,0.8869889224345948,2.8901630579609394,11235,horizon
3832,2025-12-08,17,0.0,2.1694136088895486,1.0188871664424706,3.3199400513366264,11235,horizon
3832,2025-12-09,18,0.0,2.059693616740301,0.9673560561714976,3.1520311773091043,11235,horizon
3832,2025-12-10,19,0.0,2.313675875043422,1.0866414070279382,3.540710343058906,11235,horizon
3832,2025-12-11,20,0.0,3.945251968672295,1.8529277141022824,6.037576223242308,11235,horizon
3832,2025-12-12,21,0.0,1.8269295068129678,0.8580360245087669,2.795822989117169,11235,horizon
3832,2025-12-13,22,0.0,1.9704792361974852,0.26955285784629046,3.67140561454868,14445,horizon
3832,2025-12-14,23,0.0,1.799657579164037,0.24618520951508516,3.353129948812989,14445,horizon
3832,2025-12-15,24,0.0,2.8133282485383906,0.38485088070078977,5.241805616375991,14445,horizon
3832,2025-12-16,25,0.0,3.145837404970078,0.43033666493527933,5.861338145004877,14445,horizon
3832,2025-12-17,26,0.0,3.1265804830221895,0.4277024030516614,5.825458562992718,14445,horizon
3832,2025-12-18,27,0.0,3.968294414874931,0.5428451519079123,7.39374367784195,14445,horizon
3832,2025-12-19,28,0.0,2.8355293413443223,0.3878878921562863,5.283170790532358,14445,horizon
3832,2025-12-20,29,0.0,2.477542319815815,0.33891684848718207,4.616167791144448,14445,horizon
3832,2025-12-21,30,0.0,1.6613639312982467,0.22726724919384456,3.0954606134026488,14445,horizon
3837,2025-11-22,1,13.0,13.248837504797121,13.0,15.436315570563368,4815,horizon
3837,2025-11-23,2,13.0,14.031926721759486,13.0,16.348698431969858,4815,horizon
3837,2025-11-24,3,11.0,12.373857563116692,11.0,14.41687016693442,4815,horizon
3837,2025-11-25,4,11.0,12.909817096766849,11.0,16.994989191409033,6420,horizon
3837,2025-11-26,5,11.0,14.240412897195188,11.0,18.74663765218213,6420,horizon
3837,2025-11-27,6,8.0,15.795618195877953,10.797265532339184,20.793970859416724,6420,horizon
3837,2025-11-28,7,7.0,8.932290936290403,7.0,11.75881786542075,6420,horizon
3837,2025-11-29,8,7.0,9.1317455021016,7.0,13.136569709326057,11235,horizon
3837,2025-11-30,9,7.0,9.58392934698986,7.0,13.78706359337469,11235,horizon
3837,2025-12-01,10,4.0,6.186436026014322,4.0,8.899563406505347,11235,horizon
3837,2025-12-02,11,4.0,6.747519585538456,4.0,9.70671613439831,11235,horizon
3837,2025-12-03,12,4.0,7.410935452633222,4.160790812481681,10.661080092784763,11235,horizon
3837,2025-12-04,13,4.0,18.0238391728937,10.119292620417735,25.92838572536967,11235,horizon
3837,2025-12-05,14,4.0,6.952507916681502,4.0,10.001604280485966,11235,horizon
3837,2025-12-06,15,3.0,5.36527482754335,3.0,8.210693762314396,11235,horizon
3837,2025-12-07,16,0.0,2.864578660515342,1.3453785034371673,4.383778817593516,11235,horizon
3837,2025-12-08,17,0.0,2.509259602075526,1.1784992937035923,3.8400199104474595,11235,horizon
3837,2025-12-09,18,0.0,2.606310384108088,1.2240801805851853,3.988540587630991,11235,horizon
3837,2025-12-10,19,0.0,4.948814623184759,2.324261121993589,7.57336812437593,11235,horizon
3837,2025-12-11,20,0.0,13.728669986880986,6.447809493145448,21.009530480616522,11235,horizon
3837,2025-12-12,21,0.0,2.7645071886977837,1.298378918874724,4.230635458520844,11235,horizon
3837,2025-12-13,22,0.0,2.45777457319829,0.3362127080445667,4.579336438352013,14445,horizon
3837,2025-12-14,23,0.0,2.2304388067769634,0.3051141791162446,4.155763434437683,14445,horizon
3837,2025-12-15,24,0.0,2.8093362761099385,0.384304796501187,5.23436775571869,14445,horizon
3837,2025-12-16,25,0.0,3.2167869910297067,0.4400422549938128,5.993531727065601,14445,horizon
3837,2025-12-17,26,0.0,5.334480314645783,0.729733349899373,9.939227279392194,14445,horizon
3837,2025-12-18,27,3.0,17.42306354094226,3.0,32.46272892999056,14445,horizon
3837,2025-12-19,28,0.0,3.884133265006367,0.5313322782627785,7.236934251749956,14445,horizon
3837,2025-12-20,29,0.0,3.0687915346089896,0.4197971301055885,5.717785939112391,14445,horizon
3837,2025-12-21,30,0.0,2.1944194265040067,0.30018688695702167,4.088651966050992,14445,horizon
3870,2025-11-22,1,7.0,7.139766250763098,7.0,8.318592850650628,4815,horizon
3870,2025-11-23,2,2.0,2.6425823477851758,2.206273054938304,3.0788916406320475,4815,horizon
3870,2025-11-24,3,8.0,9.630835304324432,8.040715342811666,11.220955265837198,4815,horizon
3870,2025-11-25,4,8.0,10.976367688914195,8.0,14.449720614612442,6420,horizon
3870,2025-11-26,5,10.0,14.774079971572853,10.098982038620983,19.449177904524724,6420,horizon
3870,2025-11-27,6,9.0,14.387380242748913,9.834649259642745,18.94011122585508,6420,horizon
3870,2025-11-28,7,2.0,3.721965338745487,2.5441896332417713,4.899741044249203,6420,horizon
3870,2025-11-29,8,1.0,2.675445433799593,1.5021003558051564,3.8487905117940295,11235,horizon
3870,2025-11-30,9,0.0,2.218242889390148,1.2454088546605684,3.191076924119727,11235,horizon
3870,2025-12-01,10,0.0,2.036061717079644,1.1431251749818645,2.928998259177423,11235,horizon
3870,2025-12-02,11,0.0,2.611067682435393,1.4659561526723093,3.7561792121984765,11235,horizon
3870,2025-12-03,12,1.0,6.208567429160829,3.485734086207251,8.931400772114408,11235,horizon
3870,2025-12-04,13,1.0,14.210115179798898,7.978117885698972,20.442112473898824,11235,horizon
3870,2025-12-05,14,0.0,3.0462134462335326,1.7102641091608934,4.382162783306172,11235,horizon
3870,2025-12-06,15,3.0,7.480220723281813,3.5131617437442233,11.447279702819403,11235,horizon
3870,2025-12-07,16,2.0,5.417232043558805,2.5442581277289307,8.290205959388679,11235,horizon
3870,2025-12-08,17,0.0,3.0275122926606737,1.4219019409663125,4.633122644355035,11235,horizon
3870,2025-12-09,18,0.0,3.7740581814535394,1.7725248107291645,5.775591552177914,11235,horizon
3870,2025-12-10,19,2.0,7.596118539047702,3.567594331711173,11.624642746384232,11235,horizon
3870,2025-12-11,20,5.0,15.1731290054035,7.126214362735075,23.220043648071922,11235,horizon
3870,2025-12-12,21,0.0,3.428326004706575,1.6101481774904647,5.246503831922685,11235,horizon
3870,2025-12-13,22,0.0,3.1214338252978493,0.4269983630026881,5.81586928759301,14445,horizon
3870,2025-12-14,23,0.0,2.8533187919156924,0.39032141043597246,5.316316173395412,14445,horizon
3870,2025-12-15,24,0.0,3.8422014568665888,0.525596192080743,7.158806721652434,14445,horizon
3870,2025-12-16,25,0.0,4.671207254954221,0.6390005243572343,8.703413985551208,14445,horizon
3870,2025-12-17,26,0.0,5.758855637399348,0.7877860200043427,10.729925254794352,14445,horizon
3870,2025-12-18,27,0.0,6.2912913897896,0.8606208796871524,11.721961899892047,14445,horizon
3870,2025-12-19,28,0.0,4.071311302971932,0.5569374072754765,7.585685198668386,14445,horizon
3870,2025-12-20,29,0.0,3.128211680715169,0.42792554369266744,5.82849781773767,14445,horizon
3870,2025-12-21,30,0.0,2.4301569404473273,0.3324347378441108,4.527879143050544,14445,horizon
3892,2025-11-22,1,421.0,476.73376588053674,421.0,555.4459287926582,4815,horizon
3892,2025-11-23,2,411.0,545.900948700826,455.7687879786746,636.0331094229774,4815,horizon
3892,2025-11-24,3,353.0,496.8449969799741,414.81232561647755,578.8776683434706,4815,horizon
3892,2025-11-25,4,333.0,528.5986487873647,361.3293193223862,695.8679782523432,6420,horizon
3892,2025-11-26,5,401.0,791.7606294311396,541.2165353712423,1042.3047234910368,6420,horizon
3892,2025-11-27,6,393.0,1047.2818065649017,715.8807976011992,1378.6828155286041,6420,horizon
3892,2025-11-28,7,235.0,527.719009683883,360.7280325063121,694.7099868614539,6420,horizon
3892,2025-11-29,8,186.0,405.16979109466524,227.47826574077152,582.8613164485589,11235,horizon
3892,2025-11-30,9,178.0,459.8387888422374,258.1715925157143,661.5059851687606,11235,horizon
3892,2025-12-01,10,106.0,386.52081222273324,217.00799509161493,556.0336293538516,11235,horizon
3892,2025-12-02,11,90.0,413.4065902267204,232.10272892385524,594.7104515295856,11235,horizon
3892,2025-12-03,12,192.0,773.2242828749352,434.1185418138591,1112.3300239360112,11235,horizon
3892,2025-12-04,13,166.0,1258.8855991980693,706.7879174750728,1810.9832809210657,11235,horizon
3892,2025-12-05,14,121.0,591.5608710016531,332.1255532205153,850.996188782791,11235,horizon
3892,2025-12-06,15,97.0,428.13961491708665,201.08012473837604,655.1991050957972,11235,horizon
3892,2025-12-07,16,54.0,362.31876292410715,170.1666921383639,554.4708337098504,11235,horizon
3892,2025-12-08,17,58.0,370.83807569004387,174.16787402850866,567.5082773515791,11235,horizon
3892,2025-12-09,18,39.0,407.055908390723,191.17794752665145,622.9338692547946,11235,horizon
3892,2025-12-10,19,26.0,573.5826462739051,269.38892371092686,877.7763688368833,11235,horizon
3892,2025-12-11,20,42.0,1081.6656425068338,508.01527058553336,1655.3160144281342,11235,horizon
3892,2025-12-12,21,24.0,496.8024818697134,233.32833857021802,760.2766251692087,11235,horizon
3892,2025-12-13,22,23.0,310.5733340435144,42.4850606007044,578.6616074863244,14445,horizon
3892,2025-12-14,23,24.0,295.9306386912215,40.48200453887054,551.3792728435724,14445,horizon
3892,2025-12-15,24,13.0,334.7527014560533,45.79269128629471,623.7127116258118,14445,horizon
3892,2025-12-16,25,14.0,366.7315891486256,50.167261903396366,683.2959163938548,14445,horizon
3892,2025-12-17,26,25.0,543.4491546717009,74.34144447956334,1012.5568648638384,14445,horizon
3892,2025-12-18,27,30.0,718.3474616830222,98.26676052519485,1338.4281628408494,14445,horizon
3892,2025-12-19,28,37.0,418.370256764166,57.23120359608038,779.5093099322517,14445,horizon
3892,2025-12-20,29,47.0,344.84831664344455,47.17372686154346,642.5229064253456,14445,horizon
3892,2025-12-21,30,6.0,219.77819755544377,30.064686881805414,409.4917082290821,14445,horizon
3914,2025-11-22,1,72.0,84.61964285862638,72.0,98.59095261461036,4815,horizon
3914,2025-11-23,2,77.0,111.960751387516,93.47522857857358,130.44627419645843,4815,horizon
3914,2025-11-24,3,32.0,62.041033545728766,51.79761407518197,72.28445301627556,4815,horizon
3914,2025-11-25,4,26.0,56.1045490684146,38.350870877716545,73.85822725911265,6420,horizon
3914,2025-11-26,5,24.0,75.00654597215828,51.2715351486745,98.74155679564205,6420,horizon
3914,2025-11-27,6,50.0,223.52974189752717,152.79617091989962,294.2633128751547,6420,horizon
3914,2025-11-28,7,24.0,104.6025469264709,71.50220146615165,137.70289238679015,6420,horizon
3914,2025-11-29,8,21.0,75.21649841860815,42.22950227639454,108.20349456082177,11235,horizon
3914,2025-11-30,9,15.0,67.66293052404328,37.98863199786648,97.33722905022007,11235,horizon
3914,2025-12-01,10,17.0,85.41933379964111,47.95777558089095,122.88089201839126,11235,horizon
3914,2025-12-02,11,15.0,90.28126586247183,50.68745557705774,129.87507614788592,11235,horizon
3914,2025-12-03,12,21.0,140.2377892364467,78.73501378431558,201.74056468857782,11235,horizon
3914,2025-12-04,13,30.0,399.132840671673,224.08888419562953,574.1767971477166,11235,horizon
3914,2025-12-05,14,20.0,164.18152567678672,92.1779697018511,236.18508165172233,11235,horizon
3914,2025-12-06,15,14.0,109.0682033751434,51.22499104389496,166.91141570639184,11235,horizon
3914,2025-12-07,16,21.0,122.61163019680893,57.58579920039543,187.63746119322244,11235,horizon
3914,2025-12-08,17,22.0,126.50443688250374,59.414095453928255,193.5947783110792,11235,horizon
3914,2025-12-09,18,20.0,136.24431145098663,63.98852660892884,208.5000962930444,11235,horizon
3914,2025-12-10,19,22.0,193.7379838009294,90.99101459414526,296.48495300771356,11235,horizon
3914,2025-12-11,20,38.0,729.4826630262393,342.6089522321026,1116.356373820376,11235,horizon
3914,2025-12-12,21,22.0,204.18485894532037,95.8974957604984,312.4722221301423,11235,horizon
3914,2025-12-13,22,15.0,119.72949062665022,16.37846559051978,223.08051566278067,14445,horizon
3914,2025-12-14,23,13.0,111.84000432008456,15.29921870387011,208.380789936299,14445,horizon
3914,2025-12-15,24,15.0,140.81415989092264,19.262755235660137,262.36556454618517,14445,horizon
3914,2025-12-16,25,13.0,142.88546437363712,19.54610054198416,266.22482820529007,14445,horizon
3914,2025-12-17,26,13.0,205.86233461607995,28.161058284357523,383.5636109478024,14445,horizon
3914,2025-12-18,27,16.0,532.7769947339126,72.88154012849043,992.6724493393348,14445,horizon
3914,2025-12-19,28,13.0,216.37282155003805,29.59884648245685,403.14679661761926,14445,horizon
3914,2025-12-20,29,13.0,131.855936188773,18.037309792854757,245.67456258469124,14445,horizon
3914,2025-12-21,30,0.0,63.3207887365403,8.662004273616724,117.97957319946389,14445,horizon
3927,2025-11-22,1,2.0,2.005426609788175,2.0,2.3365369219062924,4815,horizon
3927,2025-11-23,2,1.0,1.2234864127348426,1.021480033635435,1.4254927918342502,4815,horizon
3927,2025-11-24,3,0.0,0.6502744080366478,0.4851672380699087,0.815381578003387,4815,horizon
3927,2025-11-25,4,0.0,1.0864716996117405,0.7426694725465784,1.4302739266769025,6420,horizon
3927,2025-11-26,5,0.0,1.600871982506039,1.0942933454108608,2.107450619601217,6420,horizon
3927,2025-11-27,6,2.0,4.668891550786119,3.191471279591197,6.146311821981042,6420,horizon
3927,2025-11-28,7,1.0,1.9833422752557595,1.355735047650024,2.610949502861495,6420,horizon
3927,2025-11-29,8,1.0,2.289928782025643,1.2856561359071401,3.294201428144146,11235,horizon
3927,2025-11-30,9,0.0,1.855132966076394,1.0415446539127433,2.668721278240045,11235,horizon
3927,2025-12-01,10,0.0,2.07984914948532,1.1677091627415968,2.9919891362290434,11235,horizon
3927,2025-12-02,11,0.0,2.345660945158388,1.316946365569046,3.3743755247477303,11235,horizon
3927,2025-12-03,12,0.0,2.738013055719148,1.5372282810320874,3.938797830406209,11235,horizon
3927,2025-12-04,13,2.0,8.778507198102012,4.928599409699224,12.6284149865048,11235,horizon
3927,2025-12-05,14,2.0,4.513172769507435,2.53387280384918,6.4924727351656895,11235,horizon
3927,2025-12-06,15,0.0,2.8208410772579056,1.3248367026069319,4.316845451908879,11235,horizon
3927,2025-12-07,16,0.0,2.769175008041811,1.3005712077058684,4.237778808377754,11235,horizon
3927,2025-12-08,17,0.0,2.6776661303480336,1.2575931325634946,4.097739128132573,11235,horizon
3927,2025-12-09,18,0.0,2.5485773160891805,1.1969652579891548,3.900189374189206,11235,horizon
3927,2025-12-10,19,0.0,3.0665337441378484,1.4402287625383419,4.692838725737355,11235,horizon
3927,2025-12-11,20,0.0,5.782844622013691,2.715971793832604,8.849717450194778,11235,horizon
3927,2025-12-12,21,0.0,2.408383625760155,1.131121865421165,3.6856453860991447,11235,horizon
3927,2025-12-13,22,3.0,5.895156630165315,3.0,10.983881866423108,14445,horizon
3927,2025-12-14,23,3.0,5.455200987321245,3.0,10.164154569825394,14445,horizon
3927,2025-12-15,24,5.0,8.866326860957454,5.0,16.519779361166815,14445,horizon
3927,2025-12-16,25,3.0,6.8660689647171615,3.0,12.792890015723374,14445,horizon
3927,2025-12-17,26,3.0,7.274715163250699,3.0,13.554281417418732,14445,horizon
3927,2025-12-18,27,3.0,9.770254282498062,3.0,18.203980924738175,14445,horizon
3927,2025-12-19,28,0.0,3.7874325834495894,0.5181040520574549,7.0567611148417235,14445,horizon
3927,2025-12-20,29,0.0,3.634255382928116,0.4971500874589059,6.7713606783973255,14445,horizon
3927,2025-12-21,30,0.0,2.5849567426935476,0.3536106671931716,4.816302818193924,14445,horizon
3933,2025-11-22,1,52.0,55.486073225582004,52.0,64.6472217484251,4815,horizon
3933,2025-11-23,2,43.0,51.02180530760755,43.0,59.44587118854058,4815,horizon
3933,2025-11-24,3,17.0,24.683839542691626,20.608360651884723,28.759318433498528,4815,horizon
3933,2025-11-25,4,16.0,26.02638740410479,17.790618395865067,34.26215641234451,6420,horizon
3933,2025-11-26,5,19.0,45.471431664407504,31.082488556500255,59.860374772314756,6420,horizon
3933,2025-11-27,6,26.0,89.164680878075,60.94948128070723,117.37988047544277,6420,horizon
3933,2025-11-28,7,0.0,9.483521916870437,6.482563901483124,12.48447993225775,6420,horizon
3933,2025-11-29,8,1.0,10.442444680160358,5.862799394592131,15.022089965728586,11235,horizon
3933,2025-11-30,9,3.0,17.810818090336305,9.99969420145501,25.6219419792176,11235,horizon
3933,2025-12-01,10,5.0,17.269383342324936,9.695711426340761,24.84305525830911,11235,horizon
3933,2025-12-02,11,2.0,18.663528373026303,10.478439311650858,26.848617434401746,11235,horizon
3933,2025-12-03,12,16.0,48.64948868337187,27.313737495012457,69.98523987173128,11235,horizon
3933,2025-12-04,13,17.0,143.6822337616931,80.66886049318899,206.69560703019724,11235,horizon
3933,2025-12-05,14,3.0,27.074439575203286,15.200655862893738,38.94822328751283,11235,horizon
3933,2025-12-06,15,7.0,27.530708064520308,12.930077056339751,42.13133907270087,11235,horizon
3933,2025-12-07,16,6.0,23.539952580331036,11.055778153360308,36.024127007301765,11235,horizon
3933,2025-12-08,17,2.0,16.51517932567776,7.756521945597237,25.273836705758285,11235,horizon
3933,2025-12-09,18,3.0,20.35254491541394,9.558779724523708,31.14631010630417,11235,horizon
3933,2025-12-10,19,6.0,41.845443093823405,19.653137957505134,64.03774823014167,11235,horizon
3933,2025-12-11,20,10.0,128.88470871276877,60.53201432867108,197.23740309686644,11235,horizon
3933,2025-12-12,21,2.0,26.281601050827497,12.343421242736584,40.21978085891841,11235,horizon
3933,2025-12-13,22,1.0,16.858016139742656,2.3061021626675497,31.409930116817762,14445,horizon
3933,2025-12-14,23,1.0,14.76127218954943,2.019276849533492,27.50326752956537,14445,horizon
3933,2025-12-15,24,1.0,18.622036833800745,2.547412403673153,34.696661263928334,14445,horizon
3933,2025-12-16,25,2.0,22.20492697750272,3.037535953235583,41.372318001769855,14445,horizon
3933,2025-12-17,26,8.0,51.06480949735299,8.0,95.14417855842402,14445,horizon
3933,2025-12-18,27,8.0,104.9769061657796,14.360377183904404,195.5934351476548,14445,horizon
3933,2025-12-19,28,1.0,25.41408592877244,3.4765347260757657,47.35163713146912,14445,horizon
3933,2025-12-20,29,1.0,18.041227416284606,2.4679602402199468,33.61449459234927,14445,horizon
3933,2025-12-21,30,0.0,12.148959716944372,1.6619240392917334,22.63599539459701,14445,horizon
3935,2025-11-22,1,0.0,1.3489376408701964e-16,0.0,0.16510716996673924,4815,horizon
3935,2025-11-23,2,0.0,1.3489376408701964e-16,0.0,0.16510716996673924,4815,horizon
3935,2025-11-24,3,0.0,1.3489376408701964e-16,0.0,0.16510716996673924,4815,horizon
3935,2025-11-25,4,0.0,1.3489376408701964e-16,0.0,0.3164391922845507,6420,horizon
3935,2025-11-26,5,0.0,1.3489376408701964e-16,0.0,0.3164391922845507,6420,horizon
3935,2025-11-27,6,0.0,1.3489376408701964e-16,0.0,0.3164391922845507,6420,horizon
3935,2025-11-28,7,0.0,1.3489376408701964e-16,0.0,0.3164391922845507,6420,horizon
3935,2025-11-29,8,0.0,1.5006439558569507e-16,0.0,0.4385606460783187,11235,horizon
3935,2025-11-30,9,0.0,1.5006439558569507e-16,0.0,0.4385606460783187,11235,horizon
3935,2025-12-01,10,0.0,1.5006439558569507e-16,0.0,0.4385606460783187,11235,horizon
3935,2025-12-02,11,0.0,1.5006439558569507e-16,0.0,0.4385606460783187,11235,horizon
3935,2025-12-03,12,0.0,1.5006439558569507e-16,0.0,0.4385606460783187,11235,horizon
3935,2025-12-04,13,0.0,1.5006439558569507e-16,0.0,0.4385606460783187,11235,horizon
3935,2025-12-05,14,0.0,1.5006439558569507e-16,0.0,0.4385606460783187,11235,horizon
3935,2025-12-06,15,0.0,2.0936493878579075e-16,0.0,0.530339829036103,11235,horizon
3935,2025-12-07,16,0.0,2.0936493878579075e-16,0.0,0.530339829036103,11235,horizon
3935,2025-12-08,17,0.0,2.0936493878579075e-16,0.0,0.530339829036103,11235,horizon
3935,2025-12-09,18,0.0,2.0936493878579075e-16,0.0,0.530339829036103,11235,horizon
3935,2025-12-10,19,0.0,2.0936493878579075e-16,0.0,0.530339829036103,11235,horizon
3935,2025-12-11,20,0.0,2.0936493878579075e-16,0.0,0.530339829036103,11235,horizon
3935,2025-12-12,21,0.0,2.0936493878579075e-16,0.0,0.530339829036103,11235,horizon
3935,2025-12-13,22,0.0,2.085521617919071e-16,0.0,0.8632044160148283,14445,horizon
3935,2025-12-14,23,0.0,2.085521617919071e-16,0.0,0.8632044160148283,14445,horizon
3935,2025-12-15,24,0.0,2.085521617919071e-16,0.0,0.8632044160148283,14445,horizon
3935,2025-12-16,25,0.0,2.085521617919071e-16,0.0,0.8632044160148283,14445,horizon
3935,2025-12-17,26,0.0,2.085521617919071e-16,0.0,0.8632044160148283,14445,horizon
3935,2025-12-18,27,0.0,2.085521617919071e-16,0.0,0.8632044160148283,14445,horizon
3935,2025-12-19,28,0.0,2.085521617919071e-16,0.0,0.8632044160148283,14445,horizon
3935,2025-12-20,29,0.0,2.085521617919071e-16,0.0,0.8632044160148283,14445,horizon
3935,2025-12-21,30,0.0,2.085521617919071e-16,0.0,0.8632044160148283,14445,horizon
4078,2025-11-22,1,0.0,1.3489376408701964e-16,0.0,0.16510716996673924,4815,horizon
4078,2025-11-23,2,0.0,1.3489376408701964e-16,0.0,0.16510716996673924,4815,horizon
4078,2025-11-24,3,0.0,1.3489376408701964e-16,0.0,0.16510716996673924,4815,horizon
4078,2025-11-25,4,0.0,1.3489376408701964e-16,0.0,0.3164391922845507,6420,horizon
4078,2025-11-26,5,0.0,1.3489376408701964e-16,0.0,0.3164391922845507,6420,horizon
4078,2025-11-27,6,0.0,1.3489376408701964e-16,0.0,0.3164391922845507,6420,horizon
4078,2025-11-28,7,0.0,1.3489376408701964e-16,0.0,0.3164391922845507,6420,horizon
4078,2025-11-29,8,0.0,1.5006439558569507e-16,0.0,0.4385606460783187,11235,horizon
4078,2025-11-30,9,0.0,1.5006439558569507e-16,0.0,0.4385606460783187,11235,horizon
4078,2025-12-01,10,0.0,1.5006439558569507e-16,0.0,0.4385606460783187,11235,horizon
4078,2025-12-02,11,0.0,1.5006439558569507e-16,0.0,0.4385606460783187,11235,horizon
4078,2025-12-03,12,0.0,1.5006439558569507e-16,0.0,0.4385606460783187,11235,horizon
4078,2025-12-04,13,0.0,1.5006439558569507e-16,0.0,0.4385606460783187,11235,horizon
4078,2025-12-05,14,0.0,1.5006439558569507e-16,0.0,0.4385606460783187,11235,horizon
4078,2025-12-06,15,0.0,2.0936493878579075e-16,0.0,0.530339829036103,11235,horizon
4078,2025-12-07,16,0.0,2.0936493878579075e-16,0.0,0.530339829036103,11235,horizon
4078,2025-12-08,17,0.0,2.0936493878579075e-16,0.0,0.530339829036103,11235,horizon
4078,2025-12-09,18,0.0,2.0936493878579075e-16,0.0,0.530339829036103,11235,horizon
4078,2025-12-10,19,0.0,2.0936493878579075e-16,0.0,0.530339829036103,11235,horizon
4078,2025-12-11,20,0.0,2.0936493878579075e-16,0.0,0.530339829036103,11235,horizon
4078,2025-12-12,21,0.0,2.0936493878579075e-16,0.0,0.530339829036103,11235,horizon
4078,2025-12-13,22,0.0,2.085521617919071e-16,0.0,0.8632044160148283,14445,horizon
4078,2025-12-14,23,0.0,2.085521617919071e-16,0.0,0.8632044160148283,14445,horizon
4078,2025-12-15,24,0.0,2.085521617919071e-16,0.0,0.8632044160148283,14445,horizon
4078,2025-12-16,25,0.0,2.085521617919071e-16,0.0,0.8632044160148283,14445,horizon
4078,2025-12-17,26,0.0,2.085521617919071e-16,0.0,0.8632044160148283,14445,horizon
4078,2025-12-18,27,0.0,2.085521617919071e-16,0.0,0.8632044160148283,14445,horizon
4078,2025-12-19,28,0.0,2.085521617919071e-16,0.0,0.8632044160148283,14445,horizon
4078,2025-12-20,29,0.0,2.085521617919071e-16,0.0,0.8632044160148283,14445,horizon
4078,2025-12-21,30,0.0,2.085521617919071e-16,0.0,0.8632044160148283,14445,horizon
4125,2025-11-22,1,3.0,3.0,3.0,3.4953215099002173,4815,horizon
4125,2025-11-23,2,1.0,1.0826688076995967,1.0,1.2614251905501408,4815,horizon
4125,2025-11-24,3,0.0,0.43568822067062807,0.27058105070388894,0.6007953906373672,4815,horizon
4125,2025-11-25,4,0.0,0.3383678062509481,0.021928613966397503,0.6548069985354987,6420,horizon
4125,2025-11-26,5,0.0,0.767901501617778,0.45146230933322745,1.0843406939023286,6420,horizon
4125,2025-11-27,6,0.0,1.3794888408372985,0.9429645062771927,1.8160131753974043,6420,horizon
4125,2025-11-28,7,0.0,0.6553704538802916,0.338931261595741,0.9718096461648422,6420,horizon
4125,2025-11-29,8,0.0,0.5868055075216869,0.1482448614433684,1.0253661536000054,11235,horizon
4125,2025-11-30,9,0.0,0.8329901593352192,0.39442951325690073,1.2715508054135378,11235,horizon
4125,2025-12-01,10,0.0,0.8264750949974635,0.387914448919145,1.265035741075782,11235,horizon
4125,2025-12-02,11,0.0,1.000392766166717,0.5616598683045653,1.4391256640288685,11235,horizon
4125,2025-12-03,12,0.0,1.395679149639726,0.7835892000556897,2.0077690992237622,11235,horizon
4125,2025-12-04,13,3.0,7.759307868000471,4.356380796289605,11.162234939711338,11235,horizon
4125,2025-12-05,14,1.0,2.3114227566512886,1.2977236991341714,3.325121814168406,11235,horizon
4125,2025-12-06,15,0.0,1.663949525710994,0.7814908187207211,2.5464082327012667,11235,horizon
4125,2025-12-07,16,0.0,1.717018895019427,0.806415387783066,2.627622402255788,11235,horizon
4125,2025-12-08,17,0.0,1.5613003166742974,0.7332805736552374,2.3893200596933575,11235,horizon
4125,2025-12-09,18,0.0,1.5473179037744311,0.7267135912221984,2.3679222163266638,11235,horizon
4125,2025-12-10,19,0.0,1.61988984185027,0.7607977400660783,2.478981943634462,11235,horizon
4125,2025-12-11,20,8.0,15.888469775899004,8.0,24.314758120494567,11235,horizon
4125,2025-12-12,21,0.0,1.4622410232389909,0.6867563689648485,2.2377256775131333,11235,horizon
4125,2025-12-13,22,0.0,1.5839517650618156,0.2166776067059748,2.951225923417656,14445,horizon
4125,2025-12-14,23,0.0,1.282631973138283,0.1754583898035047,2.3898055564730614,14445,horizon
4125,2025-12-15,24,0.0,1.9012189677723326,0.2600783589801019,3.5423595765645635,14445,horizon
4125,2025-12-16,25,0.0,1.9228472541228663,0.26303701304202165,3.582657495203711,14445,horizon
4125,2025-12-17,26,0.0,1.9173990254206652,0.2622917194150194,3.572506331426311,14445,horizon
4125,2025-12-18,27,0.0,3.320033384152793,0.4541659056354477,6.185900862670138,14445,horizon
4125,2025-12-19,28,0.0,2.4880973522788046,0.3403607303169389,4.63583397424067,14445,horizon
4125,2025-12-20,29,0.0,2.2546974914351736,0.30843266005077674,4.200962322819571,14445,horizon
4125,2025-12-21,30,0.0,1.082736681692764,0.14811359667432877,2.0173597667111993,14445,horizon
4138,2025-11-22,1,6.0,6.792783145635631,6.0,7.914320347009293,4815,horizon
4138,2025-11-23,2,5.0,6.9963062914231235,5.8411659594257594,8.151446623420487,4815,horizon
4138,2025-11-24,3,6.0,8.74576211561169,7.301774083500723,10.189750147722657,4815,horizon
4138,2025-11-25,4,3.0,5.9792192843839,4.08715996354125,7.87127860522655,6420,horizon
4138,2025-11-26,5,3.0,7.477284693978886,5.111178764934574,9.843390623023197,6420,horizon
4138,2025-11-27,6,6.0,14.741592944518134,10.076775180167186,19.406410708869082,6420,horizon
4138,2025-11-28,7,1.0,3.8229109464112687,2.6131920943531197,5.032629798469418,6420,horizon
4138,2025-11-29,8,1.0,4.229193005459413,2.374435388595227,6.083950622323599,11235,horizon
4138,2025-11-30,9,1.0,5.00922901593162,2.812378302350389,7.206079729512851,11235,horizon
4138,2025-12-01,10,1.0,4.893117504591102,2.7471887304404987,7.039046278741706,11235,horizon
4138,2025-12-02,11,2.0,6.27935730861936,3.5254783103946425,9.033236306844078,11235,horizon
4138,2025-12-03,12,2.0,7.195404458713986,4.0397832305055665,10.351025686922405,11235,horizon
4138,2025-12-04,13,4.0,19.58757337497509,10.997234540539544,28.177912209410636,11235,horizon
4138,2025-12-05,14,4.0,8.614784191857861,4.836678870851393,12.392889512864329,11235,horizon
4138,2025-12-06,15,1.0,8.21638825667273,3.858910313334672,12.573866200010787,11235,horizon
4138,2025-12-07,16,1.0,7.817460859366676,3.671550003713728,11.963371715019624,11235,horizon
4138,2025-12-08,17,2.0,7.780953054639327,3.6544037419039643,11.90750236737469,11235,horizon
4138,2025-12-09,18,1.0,6.951847326530988,3.2650058038934557,10.63868884916852,11235,horizon
4138,2025-12-10,19,1.0,8.055027104541349,3.7831254070377156,12.326928802044982,11235,horizon
4138,2025-12-11,20,1.0,14.777509428346058,6.940407604537612,22.614611252154504,11235,horizon
4138,2025-12-12,21,1.0,6.30595492069699,2.9616558661451773,9.650253975248802,11235,horizon
4138,2025-12-13,22,1.0,8.015928558999725,1.0965436284117844,14.935313489587667,14445,horizon
4138,2025-12-14,23,1.0,7.355558360247607,1.0062079014270848,13.70490881906813,14445,horizon
4138,2025-12-15,24,1.0,8.396660167248939,1.1486260311038494,15.64469430339403,14445,horizon
4138,2025-12-16,25,0.0,7.302253593180427,0.9989160446869363,13.605591141673917,14445,horizon
4138,2025-12-17,26,0.0,7.515215616355315,1.0280483090138084,14.002382923696821,14445,horizon
4138,2025-12-18,27,0.0,12.440546852706165,1.7018118718108326,23.179281833601497,14445,horizon
4138,2025-12-19,28,0.0,6.814504283127448,0.9321940929798744,12.696814473275023,14445,horizon
4138,2025-12-20,29,0.0,7.664117704982997,1.0484174571842448,14.27981795278175,14445,horizon
4138,2025-12-21,30,5.0,11.028221884593217,5.0,20.54783171616545,14445,horizon
4161,2025-11-22,1,123.0,148.15756206738766,123.69568628526979,172.61943784950552,4815,horizon
4161,2025-11-23,2,70.0,107.73319639770487,89.94567322900893,125.52071956640081,4815,horizon
4161,2025-11-24,3,61.0,110.82123038716199,92.52385066570568,129.1186101086183,4815,horizon
4161,2025-11-25,4,80.0,151.27180394729402,103.40347649078541,199.14013140380263,6420,horizon
4161,2025-11-26,5,131.0,273.6592821233486,187.06275992706622,360.25580431963095,6420,horizon
4161,2025-11-27,6,113.0,298.23409405574506,203.8611382210304,392.60704989045973,6420,horizon
4161,2025-11-28,7,17.0,73.07281885623127,49.94971507941017,96.19592263305236,6420,horizon
4161,2025-11-29,8,16.0,73.7898813064767,41.42854328666584,106.15121932628756,11235,horizon
4161,2025-11-30,9,34.0,75.68050934897826,42.49001627335413,108.8710024246024,11235,horizon
4161,2025-12-01,10,29.0,76.97737450961279,43.21812741126432,110.73662160796125,11235,horizon
4161,2025-12-02,11,25.0,96.87143137993488,54.38743384741914,139.3554289124506,11235,horizon
4161,2025-12-03,12,6.0,106.60974721695878,59.85490759924312,153.36458683467444,11235,horizon
4161,2025-12-04,13,3.0,154.77795023223487,86.89843237970811,222.65746808476163,11235,horizon
4161,2025-12-05,14,4.0,91.91624218635485,51.60539562801587,132.22708874469384,11235,horizon
4161,2025-12-06,15,11.0,89.31708296930177,41.94867645735886,136.68548948124467,11235,horizon
4161,2025-12-07,16,11.0,82.07373205983379,38.54676303086663,125.60070108880095,11235,horizon
4161,2025-12-08,17,11.0,72.93141764826828,34.25298208132507,111.60985321521149,11235,horizon
4161,2025-12-09,18,0.0,72.54591311790317,34.07192595768644,111.0199002781199,11235,horizon
4161,2025-12-10,19,4.0,116.07102475326732,54.513937329574276,177.62811217696037,11235,horizon
4161,2025-12-11,20,14.0,302.67288373674603,142.15339832193592,463.19236915155614,11235,horizon
4161,2025-12-12,21,12.0,106.28344583582302,49.91710134188475,162.6497903297613,11235,horizon
4161,2025-12-13,22,11.0,85.4622857933651,11.690863293811034,159.23370829291918,14445,horizon
4161,2025-12-14,23,1.0,66.89691398553391,9.151202415456922,124.6426255556109,14445,horizon
4161,2025-12-15,24,3.0,86.61007825852504,11.847876234376372,161.3722802826737,14445,horizon
4161,2025-12-16,25,18.0,117.01294517794624,18.0,218.01903618645042,14445,horizon
4161,2025-12-17,26,5.0,140.90364867402437,19.27499690600466,262.53230044204406,14445,horizon
4161,2025-12-18,27,3.0,196.6089515735674,26.895236347218543,366.32266679991625,14445,horizon
4161,2025-12-19,28,2.0,103.45106692290251,14.151649113607547,192.7504847321975,14445,horizon
4161,2025-12-20,29,7.0,79.78980905532462,10.914893525788486,148.66472458486078,14445,horizon
4161,2025-12-21,30,6.0,61.90115804076779,8.46780506354525,115.33451101799034,14445,horizon
4174,2025-11-22,1,0.0,1.3489376408701964e-16,0.0,0.16510716996673924,4815,horizon
4174,2025-11-23,2,0.0,1.3489376408701964e-16,0.0,0.16510716996673924,4815,horizon
4174,2025-11-24,3,0.0,1.3489376408701964e-16,0.0,0.16510716996673924,4815,horizon
4174,2025-11-25,4,0.0,1.3489376408701964e-16,0.0,0.3164391922845507,6420,horizon
4174,2025-11-26,5,0.0,1.3489376408701964e-16,0.0,0.3164391922845507,6420,horizon
4174,2025-11-27,6,0.0,1.3489376408701964e-16,0.0,0.3164391922845507,6420,horizon
4174,2025-11-28,7,0.0,1.3489376408701964e-16,0.0,0.3164391922845507,6420,horizon
4174,2025-11-29,8,0.0,1.5006439558569507e-16,0.0,0.4385606460783187,11235,horizon
4174,2025-11-30,9,0.0,1.5006439558569507e-16,0.0,0.4385606460783187,11235,horizon
4174,2025-12-01,10,0.0,1.5006439558569507e-16,0.0,0.4385606460783187,11235,horizon
4174,2025-12-02,11,0.0,1.5006439558569507e-16,0.0,0.4385606460783187,11235,horizon
4174,2025-12-03,12,0.0,1.5006439558569507e-16,0.0,0.4385606460783187,11235,horizon
4174,2025-12-04,13,0.0,1.5006439558569507e-16,0.0,0.4385606460783187,11235,horizon
4174,2025-12-05,14,0.0,1.5006439558569507e-16,0.0,0.4385606460783187,11235,horizon
4174,2025-12-06,15,0.0,0.0,0.0,0.5303398290361028,11235,horizon
4174,2025-12-07,16,0.0,0.019306214380144265,0.0,0.549646043416247,11235,horizon
4174,2025-12-08,17,0.0,0.0,0.0,0.5303398290361028,11235,horizon
4174,2025-12-09,18,0.0,0.0,0.0,0.5303398290361028,11235,horizon
4174,2025-12-10,19,0.0,0.0,0.0,0.5303398290361028,11235,horizon
4174,2025-12-11,20,1.0,1.72050016924263,1.0,2.6329499348553522,11235,horizon
4174,2025-12-12,21,0.0,0.004022132772226268,0.0,0.5343619618083291,11235,horizon
4174,2025-12-13,22,0.0,0.029309981514368155,0.0,0.8925143975291963,14445,horizon
4174,2025-12-14,23,0.0,0.008739492610384916,0.0,0.871943908625213,14445,horizon
4174,2025-12-15,24,0.0,0.007641069844059804,0.0,0.8708454858588879,14445,horizon
4174,2025-12-16,25,0.0,0.021233734048923255,0.0,0.8844381500637514,14445,horizon
4174,2025-12-17,26,0.0,0.0,0.0,0.8632044160148281,14445,horizon
4174,2025-12-18,27,0.0,0.004638515924191425,0.0,0.8678429319390195,14445,horizon
4174,2025-12-19,28,0.0,0.0,0.0,0.8632044160148281,14445,horizon
4174,2025-12-20,29,0.0,0.0,0.0,0.8632044160148281,14445,horizon
4174,2025-12-21,30,0.0,0.004377958143722242,0.0,0.8675823741585503,14445,horizon
4192,2025-11-22,1,11.0,12.663833128655815,11.0,14.754722777459213,4815,horizon
4192,2025-11-23,2,16.0,21.264138102599848,17.753276438697682,24.774999766502013,4815,horizon
4192,2025-11-24,3,15.0,20.752696546647464,17.32627755065198,24.179115542642947,4815,horizon
4192,2025-11-25,4,31.0,40.227095420395244,31.0,52.956525003178655,6420,horizon
4192,2025-11-26,5,39.0,62.22370806419557,42.53368814341185,81.91372798497929,6420,horizon
4192,2025-11-27,6,32.0,62.958437858315975,43.0359206349334,82.88095508169854,6420,horizon
4192,2025-11-28,7,1.0,7.501783305361031,5.12792505551886,9.875641555203202,6420,horizon
4192,2025-11-29,8,1.0,7.575259999837361,4.253049080097445,10.897470919577277,11235,horizon
4192,2025-11-30,9,2.0,10.701986878901543,6.008516598968795,15.395457158834292,11235,horizon
4192,2025-12-01,10,3.0,11.594659852470704,6.509698336512811,16.6796213684286,11235,horizon
4192,2025-12-02,11,2.0,13.53735341905617,7.600402957404362,19.47430388070798,11235,horizon
4192,2025-12-03,12,7.0,31.521071978517597,17.697170286537737,45.34497367049745,11235,horizon
4192,2025-12-04,13,15.0,58.05022537537518,32.59168102975864,83.50876972099172,11235,horizon
4192,2025-12-05,14,10.0,23.735944211770573,13.326293182977546,34.1455952405636,11235,horizon
4192,2025-12-06,15,1.0,14.286639115288189,6.709865369385752,21.863412861190625,11235,horizon
4192,2025-12-07,16,1.0,10.982838005026158,5.1582015751093735,16.807474434942943,11235,horizon
4192,2025-12-08,17,2.0,12.054960839609198,5.661734968893942,18.448186710324453,11235,horizon
4192,2025-12-09,18,1.0,11.280562784175052,5.298031045784631,17.263094522565474,11235,horizon
4192,2025-12-10,19,2.0,22.153023308999956,10.40439271467212,33.90165390332779,11235,horizon
4192,2025-12-11,20,1.0,34.590381319951106,16.245724404434633,52.93503823546758,11235,horizon
4192,2025-12-12,21,0.0,9.198473829442882,4.320156791343079,14.076790867542686,11235,horizon
4192,2025-12-13,22,0.0,8.877833255406639,1.2144483846963308,16.541218126116945,14445,horizon
4192,2025-12-14,23,2.0,11.370267854874719,2.0,21.185133278474023,14445,horizon
4192,2025-12-15,24,0.0,10.071170716613327,1.3776916795934824,18.764649753633172,14445,horizon
4192,2025-12-16,25,3.0,18.223210488828144,3.0,33.95356625675233,14445,horizon
4192,2025-12-17,26,3.0,25.930908945520184,3.547233832468752,48.31458405857161,14445,horizon
4192,2025-12-18,27,1.0,26.443632949553535,3.61737221202371,49.26989368708336,14445,horizon
4192,2025-12-19,28,0.0,10.022367184420842,1.3710155719066712,18.673718796935013,14445,horizon
4192,2025-12-20,29,0.0,8.690694706346989,1.1888486575915787,16.1925407551024,14445,horizon
4192,2025-12-21,30,0.0,6.58653758747821,0.9010092557193667,12.272065919237054,14445,horizon
4198,2025-11-22,1,36.0,38.27474786072644,36.0,44.594183161201485,4815,horizon
4198,2025-11-23,2,26.0,29.861220746866376,26.0,34.79152239613356,4815,horizon
4198,2025-11-24,3,5.0,9.213299251347687,7.692117485900994,10.73448101679438,4815,horizon
4198,2025-11-25,4,8.0,13.679142386287076,9.350525618425035,18.007759154149117,6420,horizon
4198,2025-11-26,5,2.0,9.843766207733058,6.728812779920055,12.95871963554606,6420,horizon
4198,2025-11-27,6,5.0,20.24019775022066,13.835405922461256,26.644989577980063,6420,horizon
4198,2025-11-28,7,0.0,4.556139338970213,3.114398286610612,5.997880391329813,6420,horizon
4198,2025-11-29,8,0.0,3.4073006518278652,1.912992676579161,4.90160862707657,11235,horizon
4198,2025-11-30,9,2.0,6.614661600611682,3.7137313354579784,9.515591865765385,11235,horizon
4198,2025-12-01,10,2.0,6.55101754372894,3.677999057280777,9.424036030177103,11235,horizon
4198,2025-12-02,11,3.0,8.513053870114195,4.779563464737384,12.246544275491006,11235,horizon
4198,2025-12-03,12,3.0,16.24998108979316,9.123378884293013,23.376583295293308,11235,horizon
4198,2025-12-04,13,3.0,39.63956303464816,22.25521065991063,57.023915409385694,11235,horizon
4198,2025-12-05,14,0.0,6.269496849211113,3.519942260435105,9.019051437987121,11235,horizon
4198,2025-12-06,15,0.0,9.102965286631918,4.275300232797968,13.930630340465868,11235,horizon
4198,2025-12-07,16,0.0,6.661367520018306,3.1285790083051497,10.194156031731463,11235,horizon
4198,2025-12-08,17,0.0,6.891611323509627,3.2367153524162617,10.546507294602993,11235,horizon
4198,2025-12-09,18,0.0,7.097856657237916,3.3335805711155957,10.862132743360236,11235,horizon
4198,2025-12-10,19,0.0,10.07010936068278,4.729529283963417,15.410689437402144,11235,horizon
4198,2025-12-11,20,3.0,33.61150625822661,15.785985775592813,51.43702674086041,11235,horizon
4198,2025-12-12,21,0.0,7.0523512835427535,3.3122085095261498,10.792494057559358,11235,horizon
4198,2025-12-13,22,0.0,6.126051857301372,0.8380168413429878,11.414086873259755,14445,horizon
4198,2025-12-14,23,0.0,5.56697677307638,0.7615378387048715,10.372415707447889,14445,horizon
4198,2025-12-15,24,2.0,8.349709897473831,2.0,15.55721635341596,14445,horizon
4198,2025-12-16,25,0.0,7.595623641569456,1.039047771780072,14.152199511358841,14445,horizon
4198,2025-12-17,26,0.0,9.949211355692057,1.3610081775937992,18.537414533790315,14445,horizon
4198,2025-12-18,27,0.0,22.727293970686755,3.108993451122771,42.34559449025074,14445,horizon
4198,2025-12-19,28,0.0,8.059920408988617,1.1025615192216032,15.017279298755632,14445,horizon
4198,2025-12-20,29,0.0,5.842594339272482,0.7992411046292389,10.885947573915725,14445,horizon
4198,2025-12-21,30,0.0,3.874078229036967,0.5299567937453524,7.218199664328582,14445,horizon
4235,2025-11-22,1,489.0,560.2529445264715,489.0,652.7547226627697,4815,horizon
4235,2025-11-23,2,374.0,499.38360282388885,416.9317894338425,581.8354162139352,4815,horizon
4235,2025-11-24,3,254.0,399.50364304769585,333.5427271526885,465.4645589427032,4815,horizon
4235,2025-11-25,4,201.0,394.2002281372021,269.4598263470803,518.9406299273239,6420,horizon
4235,2025-11-26,5,247.0,624.4355864757828,426.83969385765647,822.0314790939091,6420,horizon
4235,2025-11-27,6,212.0,731.7629014575086,500.20443997649545,963.3213629385218,6420,horizon
4235,2025-11-28,7,102.0,326.97760950911015,223.50907886091414,430.44614015730616,6420,horizon
4235,2025-11-29,8,124.0,331.7297208321007,186.2461201405944,477.2133215236071,11235,horizon
4235,2025-11-30,9,120.0,315.61528657695237,177.1988425835705,454.0317305703343,11235,horizon
4235,2025-12-01,10,101.0,314.52375350209263,176.58601295923708,452.46149404494815,11235,horizon
4235,2025-12-02,11,63.0,303.81827337134683,170.57553511120977,437.0610116314839,11235,horizon
4235,2025-12-03,12,85.0,551.2123217602955,309.4722898027703,792.9523537178206,11235,horizon
4235,2025-12-04,13,99.0,979.1117141284998,549.7118481974551,1408.5115800595445,11235,horizon
4235,2025-12-05,14,65.0,379.0762217541588,212.82830902872698,545.3241344795906,11235,horizon
4235,2025-12-06,15,78.0,355.3839290341595,166.90967686800488,543.8581812003141,11235,horizon
4235,2025-12-07,16,57.0,293.13487473427364,137.67377538317956,448.59597408536774,11235,horizon
4235,2025-12-08,17,72.0,289.53529568801775,135.98319647291694,443.0873949031186,11235,horizon
4235,2025-12-09,18,51.0,310.3624997761585,145.7649047056531,474.9600948466639,11235,horizon
4235,2025-12-10,19,45.0,436.753319868274,205.12563887838326,668.3810008581647,11235,horizon
4235,2025-12-11,20,35.0,875.2673385903441,411.07820788145636,1339.456469299232,11235,horizon
4235,2025-12-12,21,14.0,325.20544119103437,152.73604310817083,497.6748392738979,11235,horizon
4235,2025-12-13,22,13.0,255.5978368723552,34.964655360300526,476.2310183844099,14445,horizon
4235,2025-12-14,23,13.0,207.50710648933378,28.386055813281672,386.6281571653859,14445,horizon
4235,2025-12-15,24,12.0,265.0482104551026,36.2574247334305,493.8389961767747,14445,horizon
4235,2025-12-16,25,18.0,334.0344725440782,45.69444074284604,622.3745043453104,14445,horizon
4235,2025-12-17,26,30.0,487.46281371218316,66.68276027281314,908.2428671515531,14445,horizon
4235,2025-12-18,27,32.0,600.7964486251894,82.18630104590011,1119.4065962044788,14445,horizon
4235,2025-12-19,28,5.0,264.71632733609164,36.21202458835057,493.2206300838327,14445,horizon
4235,2025-12-20,29,12.0,261.93143257096665,35.83106328261806,488.03180185931524,14445,horizon
4235,2025-12-21,30,1.0,155.646398010751,21.291739911069186,290.00105611043284,14445,horizon
4247,2025-11-22,1,11.0,11.367436037855084,11.0,13.244281231843258,4815,horizon
4247,2025-11-23,2,9.0,10.557087001656402,9.0,12.300137759592538,4815,horizon
4247,2025-11-24,3,5.0,6.7419181481676995,5.628779122576332,7.855057173759067,4815,horizon
4247,2025-11-25,4,5.0,7.366999623754965,5.035792213253355,9.698207034256574,6420,horizon
4247,2025-11-26,5,5.0,9.993883016371807,6.831426746884825,13.15633928585879,6420,horizon
4247,2025-11-27,6,10.0,20.87422738621798,14.268803732559117,27.479651039876845,6420,horizon
4247,2025-11-28,7,3.0,5.862777645788362,4.007565023011174,7.71799026856555,6420,horizon
4247,2025-11-29,8,1.0,3.298042304812558,1.851650740820336,4.74443386880478,11235,horizon
4247,2025-11-30,9,1.0,4.430507576505839,2.487461311298553,6.373553841713125,11235,horizon
4247,2025-12-01,10,1.0,4.368929225929911,2.452888801935641,6.2849696499241805,11235,horizon
4247,2025-12-02,11,1.0,5.101517876658476,2.864192900691043,7.338842852625909,11235,horizon
4247,2025-12-03,12,1.0,7.718616229390084,4.333534908998174,11.103697549781995,11235,horizon
4247,2025-12-04,13,1.0,16.67921023664129,9.364365019183781,23.9940554540988,11235,horizon
4247,2025-12-05,14,1.0,5.917223819704954,3.3221623183451334,8.512285321064773,11235,horizon
4247,2025-12-06,15,1.0,6.2687748089500515,2.944193848505653,9.59335576939445,11235,horizon
4247,2025-12-07,16,1.0,5.1118493080602745,2.4008320199652684,7.822866596155281,11235,horizon
4247,2025-12-08,17,2.0,6.036051072239136,2.834892778534648,9.237209365943624,11235,horizon
4247,2025-12-09,18,3.0,8.451990135795679,3.969563132162971,12.934417139428387,11235,horizon
4247,2025-12-10,19,2.0,8.537743746117059,4.009838187447282,13.065649304786835,11235,horizon
4247,2025-12-11,20,2.0,15.356045828513544,7.212123109149111,23.499968547877977,11235,horizon
4247,2025-12-12,21,1.0,5.810204980301563,2.728821864383719,8.891588096219408,11235,horizon
4247,2025-12-13,22,1.0,6.0262138031058,1.0,11.228068169796238,14445,horizon
4247,2025-12-14,23,1.0,5.415165670806833,1.0,10.08956059129919,14445,horizon
4247,2025-12-15,24,1.0,7.266987292003942,1.0,13.539882813585383,14445,horizon
4247,2025-12-16,25,1.0,7.7974958986552805,1.0666630050785315,14.52832879223203,14445,horizon
4247,2025-12-17,26,1.0,9.981696365207366,1.3654519834412095,18.59794074697352,14445,horizon
4247,2025-12-18,27,1.0,14.513566781470542,1.9853918435790536,27.04174171936203,14445,horizon
4247,2025-12-19,28,1.0,6.912011386445016,1.0,12.878490138769129,14445,horizon
4247,2025-12-20,29,1.0,5.760338903429692,1.0,10.732688882612216,14445,horizon
4247,2025-12-21,30,0.0,2.9494535304533254,0.4034722181354895,5.495434842771161,14445,horizon
4252,2025-11-22,1,300.0,332.1610561506217,300.0,387.00322810481396,4815,horizon
4252,2025-11-23,2,215.0,277.0854277331547,231.3366369211101,322.8342185451993,4815,horizon
4252,2025-11-24,3,195.0,273.3307187669401,228.20185732635593,318.45958020752425,4815,horizon
4252,2025-11-25,4,195.0,298.7953437935762,204.24478654515235,393.34590104200004,6420,horizon
4252,2025-11-26,5,196.0,385.0652655836134,263.2155239654988,506.915007201728,6420,horizon
4252,2025-11-27,6,159.0,406.96023448691477,278.1820665939441,535.7384023798854,6420,horizon
4252,2025-11-28,7,52.0,136.23566681563779,93.12536244815021,179.34597118312536,6420,horizon
4252,2025-11-29,8,49.0,145.54069737735534,81.71227510485335,209.36911964985734,11235,horizon
4252,2025-11-30,9,48.0,143.1540247339259,80.37230315790376,205.93574630994803,11235,horizon
4252,2025-12-01,10,35.0,129.09708851874132,72.48018597113224,185.7139910663504,11235,horizon
4252,2025-12-02,11,27.0,137.48492145517355,77.18944547576575,197.78039743458135,11235,horizon
4252,2025-12-03,12,52.0,237.89575349295086,133.56403814179393,342.22746884410776,11235,horizon
4252,2025-12-04,13,61.0,415.72526865836085,233.40452624446758,598.0460110722541,11235,horizon
4252,2025-12-05,14,52.0,198.7882490763097,111.60754612862561,285.9689520239938,11235,horizon
4252,2025-12-06,15,43.0,144.68887545613183,67.9546019833009,221.42314892896275,11235,horizon
4252,2025-12-07,16,55.0,159.30781696093484,74.8205365497579,243.7950973721118,11235,horizon
4252,2025-12-08,17,52.0,148.4902775257101,69.73996912920155,227.24058592221866,11235,horizon
4252,2025-12-09,18,36.0,146.4752506242222,68.7935912501519,224.15690999829252,11235,horizon
4252,2025-12-10,19,34.0,203.770569291617,95.7029204109115,311.8382181723225,11235,horizon
4252,2025-12-11,20,22.0,341.3082355016475,160.29888423708988,522.3175867662052,11235,horizon
4252,2025-12-12,21,19.0,144.14883943858368,67.70096857497258,220.59671030219477,11235,horizon
4252,2025-12-13,22,18.0,122.79759890079106,18.0,228.7970285479715,14445,horizon
4252,2025-12-14,23,15.0,98.13053207489713,15.0,182.83724070783308,14445,horizon
4252,2025-12-15,24,10.0,127.81959848710237,17.485156619793358,238.1540403544114,14445,horizon
4252,2025-12-16,25,8.0,137.6120749076326,18.824724150400826,256.3994256648644,14445,horizon
4252,2025-12-17,26,10.0,200.38350236880828,27.411578227535216,373.3554265100813,14445,horizon
4252,2025-12-18,27,6.0,276.4008079109627,37.810409932153476,514.991205889772,14445,horizon
4252,2025-12-19,28,12.0,136.70875862780235,18.701154472378136,254.71636278322657,14445,horizon
4252,2025-12-20,29,10.0,98.9912707560423,13.54156869250707,184.44097281957752,14445,horizon
4252,2025-12-21,30,5.0,76.33241944673993,10.441937895217876,142.222900998262,14445,horizon
4324,2025-11-22,1,4618.0,4903.532355498399,4618.0,5713.140705555077,4815,horizon
4324,2025-11-23,2,4002.0,4774.99390613073,4002.0,5563.379636580399,4815,horizon
4324,2025-11-24,3,2712.0,3706.7491285153874,3094.7382701295355,4318.759986901239,4815,horizon
4324,2025-11-25,4,2438.0,3774.264456250661,2579.939260246413,4968.589652254909,6420,horizon
4324,2025-11-26,5,3023.0,6123.8227305519395,4186.005212002313,8061.640249101566,6420,horizon
4324,2025-11-27,6,3553.0,9631.062704412654,6583.417001386455,12678.708407438853,6420,horizon
4324,2025-11-28,7,982.0,2702.9848801670983,1847.6545279296688,3558.3152324045277,6420,horizon
4324,2025-11-29,8,923.0,2296.4646975413552,1289.3256560915681,3303.6037389911426,11235,horizon
4324,2025-11-30,9,702.0,1989.4425670810135,1116.9513495262559,2861.933784635771,11235,horizon
4324,2025-12-01,10,633.0,2013.4031560309204,1130.4037671058745,2896.4025449559663,11235,horizon
4324,2025-12-02,11,636.0,2412.1703499673404,1354.2873628347,3470.053337099981,11235,horizon
4324,2025-12-03,12,882.0,4867.067335523003,2732.5631403493544,7001.571530696651,11235,horizon
4324,2025-12-04,13,1137.0,9405.87379894967,5280.827708751174,13530.919889148165,11235,horizon
4324,2025-12-05,14,299.0,2277.497747635357,1278.6768639904794,3276.3186312802345,11235,horizon
4324,2025-12-06,15,233.0,1728.7126173990491,811.9074634350836,2645.5177713630146,11235,horizon
4324,2025-12-07,16,207.0,1418.900846846442,666.4012143107185,2171.4004793821655,11235,horizon
4324,2025-12-08,17,239.0,1623.0838278795588,762.2978280906503,2483.869827668467,11235,horizon
4324,2025-12-09,18,239.0,1716.6133987721582,806.2249423462486,2627.001855198068,11235,horizon
4324,2025-12-10,19,361.0,3818.9440249611416,1793.6059036648035,5844.282146257479,11235,horizon
4324,2025-12-11,20,477.0,8613.64062745272,4045.4839297110157,13181.797325194424,11235,horizon
4324,2025-12-12,21,176.0,2705.8863609618124,1270.8470508982025,4140.925671025422,11235,horizon
4324,2025-12-13,22,136.0,1685.054194726759,230.50797261431057,3139.6004168392074,14445,horizon
4324,2025-12-14,23,110.0,1457.7302606881494,199.41106230369223,2716.0494590726066,14445,horizon
4324,2025-12-15,24,93.0,1566.6053600283697,214.3046950993812,2918.906024957358,14445,horizon
4324,2025-12-16,25,144.0,2035.3350650595598,278.42484883032034,3792.2452812887996,14445,horizon
4324,2025-12-17,26,185.0,3653.071565697518,499.7240581692181,6806.419073225818,14445,horizon
4324,2025-12-18,27,231.0,5919.101042095533,809.706883720698,11028.495200470366,14445,horizon
4324,2025-12-19,28,110.0,2532.7077987658795,346.4632423959779,4718.9523551357815,14445,horizon
4324,2025-12-20,29,155.0,1965.5291640536823,268.8757098366102,3662.1826182707546,14445,horizon
4324,2025-12-21,30,97.0,1266.7602368590653,173.28720637033052,2360.2332673478004,14445,horizon
4353,2025-11-22,1,4.0,4.690309207881546,4.0,5.464712887463806,4815,horizon
4353,2025-11-23,2,5.0,6.933894514846235,5.789058814652078,8.078730215040393,4815,horizon
4353,2025-11-24,3,7.0,10.00568016837082,8.353670632178789,11.65768970456285,4815,horizon
4353,2025-11-25,4,8.0,11.957316748155538,8.17355309447867,15.741080401832406,6420,horizon
4353,2025-11-26,5,7.0,12.277919818390243,8.392704788124359,16.163134848656128,6420,horizon
4353,2025-11-27,6,4.0,7.770468682893769,5.31158784920647,10.229349516581069,6420,horizon
4353,2025-11-28,7,2.0,3.827594096923554,2.6163933124999508,5.038794881347157,6420,horizon
4353,2025-11-29,8,4.0,8.023060912015922,4.5044621349165155,11.541659689115328,11235,horizon
4353,2025-11-30,9,5.0,10.256182398183771,5.758224419339219,14.754140377028325,11235,horizon
4353,2025-12-01,10,3.0,9.003023449436114,5.05465166879316,12.951395230079068,11235,horizon
4353,2025-12-02,11,3.0,9.869751876847404,5.54126711710451,14.198236636590298,11235,horizon
4353,2025-12-03,12,4.0,11.661817137048935,6.547403078977547,16.776231195120324,11235,horizon
4353,2025-12-04,13,1.0,8.572467036195803,4.812920354316684,12.332013718074922,11235,horizon
4353,2025-12-05,14,1.0,5.519515204473328,3.098873050360403,7.940157358586253,11235,horizon
4353,2025-12-06,15,2.0,10.091185695584485,4.739427999016644,15.442943392152326,11235,horizon
4353,2025-12-07,16,3.0,11.483220476680895,5.393211292294074,17.573229661067714,11235,horizon
4353,2025-12-08,17,4.0,12.364880951511928,5.807292101635328,18.92246980138853,11235,horizon
4353,2025-12-09,18,5.0,14.050707594554297,6.5990577310221,21.502357458086493,11235,horizon
4353,2025-12-10,19,2.0,9.875431321982825,4.638096763024679,15.112765880940971,11235,horizon
4353,2025-12-11,20,1.0,8.40141068564335,3.945807978957169,12.85701339232953,11235,horizon
4353,2025-12-12,21,1.0,5.801370779069415,2.724672791922699,8.878068766216131,11235,horizon
4353,2025-12-13,22,2.0,10.89848964962251,2.0,20.306114043068558,14445,horizon
4353,2025-12-14,23,1.0,8.18182826318544,1.1192379753288373,15.244418551042045,14445,horizon
4353,2025-12-15,24,2.0,13.602670588706449,2.0,25.344555910472877,14445,horizon
4353,2025-12-16,25,1.0,11.19430780349049,1.5313318732882486,20.857283733692732,14445,horizon
4353,2025-12-17,26,1.0,10.872107127625217,1.4872562436728405,20.256958011577595,14445,horizon
4353,2025-12-18,27,1.0,9.327120927396805,1.2759089541635635,17.37833290063005,14445,horizon
4353,2025-12-19,28,1.0,6.676328350444421,1.0,12.439364465313037,14445,horizon
4353,2025-12-20,29,1.0,10.179954048968565,1.3925727590708696,18.96733533886626,14445,horizon
4353,2025-12-21,30,0.0,5.843979022581687,0.7994305231911563,10.888527521972218,14445,horizon
4380,2025-11-22,1,3.0,3.078079096742111,3.0,3.5862920253389774,4815,horizon
4380,2025-11-23,2,0.0,0.3516407746679126,0.1865336047011735,0.5167479446346517,4815,horizon
4380,2025-11-24,3,0.0,1.01050843630329,0.8436662481577388,1.177350624448841,4815,horizon
4380,2025-11-25,4,0.0,1.0479013685789873,0.7163043059119774,1.3794984312459972,6420,horizon
4380,2025-11-26,5,0.0,2.1504511229784904,1.4699641065757723,2.8309381393812085,6420,horizon
4380,2025-11-27,6,2.0,5.722344385798529,3.9115703503824095,7.533118421214648,6420,horizon
4380,2025-11-28,7,2.0,3.438362272825843,2.3503296924311616,4.526394853220524,6420,horizon
4380,2025-11-29,8,0.0,1.5063909149297021,0.8457471420316226,2.1670346878277815,11235,horizon
4380,2025-11-30,9,0.0,2.151560425648106,1.2079706952993305,3.0951501559968815,11235,horizon
4380,2025-12-01,10,0.0,2.118716400760945,1.1895307671864952,3.0479020343353946,11235,horizon
4380,2025-12-02,11,0.0,2.8367085276857638,1.5926398030480196,4.080777252323508,11235,horizon
4380,2025-12-03,12,0.0,3.6447023375225345,2.046279325615494,5.243125349429575,11235,horizon
4380,2025-12-04,13,2.0,9.888406022391287,5.551740288526628,14.225071756255947,11235,horizon
4380,2025-12-05,14,0.0,2.7102370319564844,1.5216337281962642,3.8988403357167045,11235,horizon
4380,2025-12-06,15,0.0,2.2060691100116796,1.036102795366258,3.3760354246571014,11235,horizon
4380,2025-12-07,16,0.0,2.4516535328786366,1.1514440173960232,3.7518630483612503,11235,horizon
4380,2025-12-08,17,0.0,2.2632642157794267,1.0629650585194363,3.463563373039417,11235,horizon
4380,2025-12-09,18,0.0,2.590643170483357,1.216721914355666,3.9645644266110476,11235,horizon
4380,2025-12-10,19,2.0,6.471655252031577,3.039478712088554,9.9038317919746,11235,horizon
4380,2025-12-11,20,2.0,9.421052910456892,4.424693320585106,14.417412500328677,11235,horizon
4380,2025-12-12,21,0.0,2.491762036669866,1.1702813841437179,3.813242689196014,11235,horizon
4380,2025-12-13,22,0.0,2.3414980159898366,0.3203065884974512,4.362689443482222,14445,horizon
4380,2025-12-14,23,0.0,2.351374830193319,0.32165769306432956,4.381091967322308,14445,horizon
4380,2025-12-15,24,0.0,2.6063113993470908,0.356531889920896,4.856090908773286,14445,horizon
4380,2025-12-16,25,0.0,3.117266112733153,0.4264282383285183,5.8081039871377875,14445,horizon
4380,2025-12-17,26,0.0,3.582984737303304,0.49013648954936295,6.675832985057244,14445,horizon
4380,2025-12-18,27,3.0,10.735738778200448,3.0,20.00287590072471,14445,horizon
4380,2025-12-19,28,3.0,8.313364282963917,3.0,15.489497043958316,14445,horizon
4380,2025-12-20,29,0.0,2.4647460955473823,0.3371663815155763,4.592325809579188,14445,horizon
4380,2025-12-21,30,0.0,2.011651768712989,0.27518507847589735,3.7481184589500804,14445,horizon
4396,2025-11-22,1,0.0,0.0,0.0,0.1651071699667391,4815,horizon
4396,2025-11-23,2,0.0,0.019693374609807333,0.0,0.18480054457654643,4815,horizon
4396,2025-11-24,3,0.0,0.006872320080312245,0.0,0.17197949004705135,4815,horizon
4396,2025-11-25,4,0.0,0.0,0.0,0.3164391922845506,6420,horizon
4396,2025-11-26,5,0.0,0.031456648023193146,0.0,0.34789584030774373,6420,horizon
4396,2025-11-27,6,0.0,0.01826043388246192,0.0,0.3346996261670125,6420,horizon
4396,2025-11-28,7,0.0,0.0,0.0,0.3164391922845506,6420,horizon
4396,2025-11-29,8,0.0,0.0,0.0,0.4385606460783185,11235,horizon
4396,2025-11-30,9,0.0,0.0009040222046248826,0.0,0.4394646682829434,11235,horizon
4396,2025-12-01,10,0.0,7.263805118418385e-05,0.0,0.4386332841295027,11235,horizon
4396,2025-12-02,11,0.0,0.003315001398225417,0.0,0.44187564747654395,11235,horizon
4396,2025-12-03,12,0.0,0.010417076310235272,0.0,0.44897772238855377,11235,horizon
4396,2025-12-04,13,0.0,0.03245340146470465,0.0,0.4710140475430232,11235,horizon
4396,2025-12-05,14,0.0,0.0002811881695580333,0.0,0.43884183424787654,11235,horizon
4396,2025-12-06,15,0.0,0.014255434460815274,0.0,0.544595263496918,11235,horizon
4396,2025-12-07,16,0.0,0.0544163814130398,0.0,0.5847562104491426,11235,horizon
4396,2025-12-08,17,0.0,0.0,0.0,0.5303398290361028,11235,horizon
4396,2025-12-09,18,0.0,0.0,0.0,0.5303398290361028,11235,horizon
4396,2025-12-10,19,0.0,0.0,0.0,0.5303398290361028,11235,horizon
4396,2025-12-11,20,0.0,0.22311234365842528,0.0,0.753452172694528,11235,horizon
4396,2025-12-12,21,0.0,0.0055781569720262545,0.0,0.535917986008129,11235,horizon
4396,2025-12-13,22,0.0,0.05793933409732428,0.0,0.9211437501121524,14445,horizon
4396,2025-12-14,23,0.0,0.018179739843825708,0.0,0.8813841558586538,14445,horizon
4396,2025-12-15,24,0.0,0.0248372748304309,0.0,0.888041690845259,14445,horizon
4396,2025-12-16,25,0.0,0.05105909709974859,0.0,0.9142635131145767,14445,horizon
4396,2025-12-17,26,0.0,0.013585477214985936,0.0,0.876789893229814,14445,horizon
4396,2025-12-18,27,0.0,0.18062306987359059,0.0,1.0438274858884187,14445,horizon
4396,2025-12-19,28,0.0,0.03543909591567814,0.0,0.8986435119305063,14445,horizon
4396,2025-12-20,29,0.0,0.012938131812690903,0.0,0.876142547827519,14445,horizon
4396,2025-12-21,30,0.0,0.011201867256481582,0.0,0.8744062832713096,14445,horizon
4397,2025-11-22,1,6.0,6.291769812407005,6.0,7.330586120215687,4815,horizon
4397,2025-11-23,2,6.0,7.982295882068378,6.664361599142913,9.300230164993843,4815,horizon
4397,2025-11-24,3,1.0,3.2968513746038792,2.752517574342079,3.8411851748656796,4815,horizon
4397,2025-11-25,4,1.0,3.371599087868853,2.3046929957963056,4.4385051799414,6420,horizon
4397,2025-11-26,5,3.0,9.600742430287426,6.562691250315259,12.638793610259592,6420,horizon
4397,2025-11-27,6,9.0,25.72596271984404,17.585259856034135,33.86666558365395,6420,horizon
4397,2025-11-28,7,4.0,8.49138560638585,5.804378403724453,11.178392809047246,6420,horizon
4397,2025-11-29,8,0.0,3.713593553877944,2.084957565616954,5.342229542138934,11235,horizon
4397,2025-11-30,9,0.0,4.764129321893799,2.6747696884833934,6.853488955304205,11235,horizon
4397,2025-12-01,10,1.0,6.694753698983252,3.7586981914219444,9.63080920654456,11235,horizon
4397,2025-12-02,11,0.0,6.303313733501793,3.5389283901029085,9.067699076900677,11235,horizon
4397,2025-12-03,12,2.0,11.66895141411939,6.551408542886682,16.7864942853521,11235,horizon
4397,2025-12-04,13,4.0,33.26253937418598,18.674898616037467,47.850180132334486,11235,horizon
4397,2025-12-05,14,4.0,12.498144949919055,7.01695042590208,17.97933947393603,11235,horizon
4397,2025-12-06,15,0.0,8.12920933020093,3.817965843823477,12.440452816578382,11235,horizon
4397,2025-12-07,16,0.0,7.565626929771099,3.5532736372853595,11.577980222256839,11235,horizon
4397,2025-12-08,17,0.0,7.64497991708273,3.590542574872636,11.699417259292824,11235,horizon
4397,2025-12-09,18,0.0,7.885005026393357,3.7032728087470934,12.066737244039622,11235,horizon
4397,2025-12-10,19,5.0,25.21983452212278,11.844751793341382,38.59491725090418,11235,horizon
4397,2025-12-11,20,0.0,37.50502287237854,17.61461545424618,57.3954302905109,11235,horizon
4397,2025-12-12,21,0.0,11.162094687668532,5.242391299325612,17.081798076011452,11235,horizon
4397,2025-12-13,22,0.0,8.086482808249821,1.1061951381405866,15.066770478359055,14445,horizon
4397,2025-12-14,23,0.0,7.67550947534163,1.0499758010630789,14.301043149620181,14445,horizon
4397,2025-12-15,24,0.0,9.410648780679173,1.2873351956323535,17.53396236572599,14445,horizon
4397,2025-12-16,25,0.0,9.932894466643692,1.3587760992276063,18.50701283405978,14445,horizon
4397,2025-12-17,26,0.0,18.340095923548745,2.5088441322059207,34.17134771489157,14445,horizon
4397,2025-12-18,27,2.0,37.688391568685,5.15560553410009,70.22117760326991,14445,horizon
4397,2025-12-19,28,0.0,12.78797597390658,1.7493386413388983,23.82661330647426,14445,horizon
4397,2025-12-20,29,0.0,8.329967118354316,1.139502716532558,15.520431520176075,14445,horizon
4397,2025-12-21,30,0.0,6.162959634155984,0.8430656622314094,11.482853606080557,14445,horizon
4404,2025-11-22,1,0.0,1.3489376408701964e-16,0.0,0.16510716996673924,4815,horizon
4404,2025-11-23,2,0.0,1.3489376408701964e-16,0.0,0.16510716996673924,4815,horizon
4404,2025-11-24,3,0.0,1.3489376408701964e-16,0.0,0.16510716996673924,4815,horizon
4404,2025-11-25,4,0.0,1.3489376408701964e-16,0.0,0.3164391922845507,6420,horizon
4404,2025-11-26,5,0.0,1.3489376408701964e-16,0.0,0.3164391922845507,6420,horizon
4404,2025-11-27,6,0.0,1.3489376408701964e-16,0.0,0.3164391922845507,6420,horizon
4404,2025-11-28,7,0.0,1.3489376408701964e-16,0.0,0.3164391922845507,6420,horizon
4404,2025-11-29,8,0.0,1.5006439558569507e-16,0.0,0.4385606460783187,11235,horizon
4404,2025-11-30,9,0.0,1.5006439558569507e-16,0.0,0.4385606460783187,11235,horizon
4404,2025-12-01,10,0.0,1.5006439558569507e-16,0.0,0.4385606460783187,11235,horizon
4404,2025-12-02,11,0.0,1.5006439558569507e-16,0.0,0.4385606460783187,11235,horizon
4404,2025-12-03,12,0.0,1.5006439558569507e-16,0.0,0.4385606460783187,11235,horizon
4404,2025-12-04,13,0.0,1.5006439558569507e-16,0.0,0.4385606460783187,11235,horizon
4404,2025-12-05,14,0.0,1.5006439558569507e-16,0.0,0.4385606460783187,11235,horizon
4404,2025-12-06,15,0.0,2.0936493878579075e-16,0.0,0.530339829036103,11235,horizon
4404,2025-12-07,16,0.0,2.0936493878579075e-16,0.0,0.530339829036103,11235,horizon
4404,2025-12-08,17,0.0,2.0936493878579075e-16,0.0,0.530339829036103,11235,horizon
4404,2025-12-09,18,0.0,2.0936493878579075e-16,0.0,0.530339829036103,11235,horizon
4404,2025-12-10,19,0.0,2.0936493878579075e-16,0.0,0.530339829036103,11235,horizon
4404,2025-12-11,20,0.0,2.0936493878579075e-16,0.0,0.530339829036103,11235,horizon
4404,2025-12-12,21,0.0,2.0936493878579075e-16,0.0,0.530339829036103,11235,horizon
4404,2025-12-13,22,0.0,2.085521617919071e-16,0.0,0.8632044160148283,14445,horizon
4404,2025-12-14,23,0.0,2.085521617919071e-16,0.0,0.8632044160148283,14445,horizon
4404,2025-12-15,24,0.0,2.085521617919071e-16,0.0,0.8632044160148283,14445,horizon
4404,2025-12-16,25,0.0,2.085521617919071e-16,0.0,0.8632044160148283,14445,horizon
4404,2025-12-17,26,0.0,2.085521617919071e-16,0.0,0.8632044160148283,14445,horizon
4404,2025-12-18,27,0.0,2.085521617919071e-16,0.0,0.8632044160148283,14445,horizon
4404,2025-12-19,28,0.0,2.085521617919071e-16,0.0,0.8632044160148283,14445,horizon
4404,2025-12-20,29,0.0,2.085521617919071e-16,0.0,0.8632044160148283,14445,horizon
4404,2025-12-21,30,0.0,2.085521617919071e-16,0.0,0.8632044160148283,14445,horizon
4419,2025-11-22,1,276.0,323.8024987166149,276.0,377.2646129078738,4815,horizon
4419,2025-11-23,2,153.0,228.27174348115616,190.58244193160905,265.9610450307033,4815,horizon
4419,2025-11-24,3,142.0,230.79101861715688,192.6857666795371,268.89627055477666,4815,horizon
4419,2025-11-25,4,79.0,164.50700026385292,112.45053797520495,216.56346255250088,6420,horizon
4419,2025-11-26,5,54.0,162.62834550624123,111.16636321167343,214.09032780080904,6420,horizon
4419,2025-11-27,6,70.0,273.21331099485184,186.7579115422532,359.6687104474505,6420,horizon
4419,2025-11-28,7,41.0,127.83756635995852,87.38475011739061,168.29038260252642,6420,horizon
4419,2025-11-29,8,64.0,136.11107630556359,76.41811474258031,195.80403786854686,11235,horizon
4419,2025-11-30,9,42.0,136.23375223717224,76.48698983836441,195.98051463598006,11235,horizon
4419,2025-12-01,10,67.0,170.39072387448817,95.66405792634026,245.11738982263608,11235,horizon
4419,2025-12-02,11,56.0,183.43100240013214,102.9853834767366,263.8766213235277,11235,horizon
4419,2025-12-03,12,73.0,260.6256567463913,146.32550033910786,374.92581315367477,11235,horizon
4419,2025-12-04,13,45.0,489.29488861169534,274.70940613933135,703.8803710840593,11235,horizon
4419,2025-12-05,14,22.0,156.20810495146094,87.70137752127845,224.71483238164342,11235,horizon
4419,2025-12-06,15,22.0,135.4274019852284,63.60485676957882,207.249947200878,11235,horizon
4419,2025-12-07,16,16.0,126.9686938114433,59.632138442545184,194.30524918034143,11235,horizon
4419,2025-12-08,17,17.0,131.59528593735996,61.80506449138342,201.38550738333652,11235,horizon
4419,2025-12-09,18,15.0,145.2151187091865,68.20175747949916,222.22847993887382,11235,horizon
4419,2025-12-10,19,35.0,204.2999518877376,95.95155033151082,312.64835344396437,11235,horizon
4419,2025-12-11,20,25.0,462.3878156382985,217.16514054430627,707.6104907322907,11235,horizon
4419,2025-12-12,21,25.0,173.04974781917866,81.27457414601476,264.8249214923426,11235,horizon
4419,2025-12-13,22,17.0,149.41115423956873,20.438786098100394,278.3835223810371,14445,horizon
4419,2025-12-14,23,17.0,134.7090051119639,18.4275970223526,250.99041320157522,14445,horizon
4419,2025-12-15,24,14.0,155.92534778931824,21.329899008930823,290.5207965697057,14445,horizon
4419,2025-12-16,25,11.0,177.38347790710696,24.265276449623542,330.50167936459036,14445,horizon
4419,2025-12-17,26,16.0,223.68187734683715,30.598693038560185,416.7650616551141,14445,horizon
4419,2025-12-18,27,28.0,431.7745126040366,59.06484660158213,804.484178606491,14445,horizon
4419,2025-12-19,28,50.0,267.2777147828649,50.0,497.99301848578557,14445,horizon
4419,2025-12-20,29,30.0,175.4431853487063,30.0,326.8865177014176,14445,horizon
4419,2025-12-21,30,18.0,116.35236081965957,18.0,216.78823249294038,14445,horizon
4516,2025-11-22,1,13.0,15.285793902550203,13.0,17.809588074495103,4815,horizon
4516,2025-11-23,2,11.0,14.504997073524713,12.110118056339214,16.89987609071021,4815,horizon
4516,2025-11-24,3,8.0,12.938510799099138,10.802269897475787,15.074751700722489,4815,horizon
4516,2025-11-25,4,3.0,6.666258018173761,4.556792715342447,8.775723321005074,6420,horizon
4516,2025-11-26,5,3.0,8.983328654735656,6.140651391204447,11.826005918266866,6420,horizon
4516,2025-11-27,6,2.0,7.707742359588556,5.268710592982938,10.146774126194174,6420,horizon
4516,2025-11-28,7,6.0,8.766268963476813,6.0,11.54026003362854,6420,horizon
4516,2025-11-29,8,2.0,4.913910270704671,2.7588626076135454,7.0689579337957955,11235,horizon
4516,2025-11-30,9,4.0,8.940603295203614,5.019606537729174,12.861600052678053,11235,horizon
4516,2025-12-01,10,8.0,12.930649136917733,8.0,18.601522976616426,11235,horizon
4516,2025-12-02,11,5.0,12.820632677540482,7.198007727345526,18.443257627735438,11235,horizon
4516,2025-12-03,12,4.0,13.356234685015961,7.498715772381714,19.213753597650207,11235,horizon
4516,2025-12-04,13,2.0,16.03722752920539,9.003930662692078,23.0705243957187,11235,horizon
4516,2025-12-05,14,1.0,8.143054164310179,4.571831068959565,11.714277259660793,11235,horizon
4516,2025-12-06,15,1.0,10.671522323872525,5.011988999075016,16.331055648670034,11235,horizon
4516,2025-12-07,16,1.0,10.347712126464849,4.859908246400673,15.835516006529025,11235,horizon
4516,2025-12-08,17,1.0,10.352502513208522,4.86215810025769,15.842846926159353,11235,horizon
4516,2025-12-09,18,3.0,12.580396976322554,5.908511394693346,19.252282557951762,11235,horizon
4516,2025-12-10,19,3.0,12.94562885703435,6.0800462622299145,19.811211451838787,11235,horizon
4516,2025-12-11,20,1.0,14.021904712470306,6.58553016449828,21.458279260442332,11235,horizon
4516,2025-12-12,21,0.0,6.934412236684796,3.2568172366155226,10.61200723675407,11235,horizon
4516,2025-12-13,22,0.0,7.7004002539039105,1.0533807496523515,14.34741975815547,14445,horizon
4516,2025-12-14,23,0.0,6.786654732496449,0.9283843974375818,12.644925067555317,14445,horizon
4516,2025-12-15,24,0.0,10.533857644408238,1.4409852080834913,19.626730080732983,14445,horizon
4516,2025-12-16,25,0.0,11.136552140605303,1.5234311536554177,20.74967312755519,14445,horizon
4516,2025-12-17,26,0.0,10.730052615982695,1.4678238137949737,19.992281418170414,14445,horizon
4516,2025-12-18,27,0.0,10.455699304196752,1.43029349229095,19.481105116102555,14445,horizon
4516,2025-12-19,28,0.0,7.643750266055497,1.0456312814818745,14.241869250629119,14445,horizon
4516,2025-12-20,29,0.0,8.229568776402713,1.125768666714146,15.33336888609128,14445,horizon
4516,2025-12-21,30,0.0,4.778701238230892,0.6537052265744592,8.903697249887324,14445,horizon
4541,2025-11-22,1,0.0,0.02724281242772698,0.0,0.19234998239446607,4815,horizon
4541,2025-11-23,2,0.0,0.027243130323473586,0.0,0.1923503002902127,4815,horizon
4541,2025-11-24,3,2.0,2.152189397588107,2.0,2.5075312982563003,4815,horizon
4541,2025-11-25,4,3.0,3.191351983752072,3.0,4.201220827786276,6420,horizon
4541,2025-11-26,5,1.0,1.9562703284042327,1.3372297257937649,2.5753109310147004,6420,horizon
4541,2025-11-27,6,1.0,2.7908825379986153,1.9077379219132768,3.6740271540839538,6420,horizon
4541,2025-11-28,7,0.0,0.0935252433748123,0.0,0.4099644356593629,6420,horizon
4541,2025-11-29,8,0.0,0.2016445679885216,0.0,0.6402052140668402,11235,horizon
4541,2025-11-30,9,0.0,0.14783022675333732,0.0,0.5863908728316558,11235,horizon
4541,2025-12-01,10,0.0,0.1930067670775314,0.0,0.63156741315585,11235,horizon
4541,2025-12-02,11,2.0,2.544044342317463,2.0,3.6597620727361004,11235,horizon
4541,2025-12-03,12,0.0,0.9315605114414834,0.4929998653631649,1.370121157519802,11235,horizon
4541,2025-12-04,13,0.0,2.0006572288858075,1.1232477020043894,2.8780667557672257,11235,horizon
4541,2025-12-05,14,0.0,0.40612436517779993,0.0,0.8446850112561184,11235,horizon
4541,2025-12-06,15,0.0,0.5333431640947397,0.0030033350586369245,1.0636829931308425,11235,horizon
4541,2025-12-07,16,0.0,0.3532226292434751,0.0,0.8835624582795778,11235,horizon
4541,2025-12-08,17,0.0,0.1875351721606772,0.0,0.7178750011967799,11235,horizon
4541,2025-12-09,18,2.0,2.609941152251904,2.0,3.9940968967314676,11235,horizon
4541,2025-12-10,19,0.0,0.7463236706453921,0.2159838416092893,1.276663499681495,11235,horizon
4541,2025-12-11,20,0.0,1.715977370763679,0.8059262253230484,2.6260285162043093,11235,horizon
4541,2025-12-12,21,0.0,0.2951701396673443,0.0,0.8255099687034471,11235,horizon
4541,2025-12-13,22,0.0,0.29864718045522276,0.0,1.1618515964700509,14445,horizon
4541,2025-12-14,23,0.0,0.23250083474927785,0.0,1.095705250764106,14445,horizon
4541,2025-12-15,24,0.0,0.19223084726033066,0.0,1.0554352632751587,14445,horizon
4541,2025-12-16,25,0.0,0.37246131714327635,0.0,1.2356657331581045,14445,horizon
4541,2025-12-17,26,0.0,0.5958567912929367,0.0,1.459061207307765,14445,horizon
4541,2025-12-18,27,0.0,0.9608834004262998,0.09767898441147171,1.824087816441128,14445,horizon
4541,2025-12-19,28,0.0,0.5860137682014168,0.0,1.449218184216245,14445,horizon
4541,2025-12-20,29,0.0,0.3630327534026652,0.0,1.2262371694174934,14445,horizon
4541,2025-12-21,30,0.0,0.03954049097401498,0.0,0.9027449069888431,14445,horizon
4609,2025-11-22,1,222.0,274.3422722098254,229.04639604301636,319.6381483766345,4815,horizon
4609,2025-11-23,2,318.0,461.9736033505453,385.6984491019999,538.2487575990907,4815,horizon
4609,2025-11-24,3,256.0,420.1538969136684,350.78347604375557,489.52431778358124,4815,horizon
4609,2025-11-25,4,158.0,311.2090817268501,212.73033127358897,409.6878321801113,6420,horizon
4609,2025-11-26,5,140.0,364.18790055069474,248.94457546062665,479.4312256407628,6420,horizon
4609,2025-11-27,6,295.0,983.7084162213013,672.4245195487182,1294.9923128938844,6420,horizon
4609,2025-11-28,7,187.0,510.1503404671172,348.7187787860141,671.5819021482203,6420,horizon
4609,2025-11-29,8,56.0,224.38947826843037,125.98108370585074,322.79787283101,11235,horizon
4609,2025-11-30,9,74.0,305.8934927772933,171.7406449537301,440.0463406008565,11235,horizon
4609,2025-12-01,10,65.0,300.14491260955157,168.51316581838617,431.776659400717,11235,horizon
4609,2025-12-02,11,97.0,371.64524081747857,208.6562638926329,534.6342177423243,11235,horizon
4609,2025-12-03,12,50.0,356.0224999506477,199.88504235387353,512.159957547422,11235,horizon
4609,2025-12-04,13,151.0,1235.869562594997,693.8658087548062,1777.873316435188,11235,horizon
4609,2025-12-05,14,49.0,413.32414788823405,232.05644255059966,594.5918532258685,11235,horizon
4609,2025-12-06,15,24.0,269.2474614812735,126.45480879089024,412.04011417165674,11235,horizon
4609,2025-12-07,16,35.0,228.8390585257745,107.47659135043254,350.20152570111645,11235,horizon
4609,2025-12-08,17,37.0,256.292126655343,120.37020402164919,392.2140492890368,11235,horizon
4609,2025-12-09,18,30.0,266.40174861414573,125.11829079920085,407.6852064290906,11235,horizon
4609,2025-12-10,19,54.0,395.7113877936246,185.84987804351476,605.5728975437345,11235,horizon
4609,2025-12-11,20,102.0,1106.1842667661813,519.530691846978,1692.8378416853845,11235,horizon
4609,2025-12-12,21,21.0,401.2719781445077,188.46146585837073,614.0824904306447,11235,horizon
4609,2025-12-13,22,13.0,273.98251412463475,37.479598021405025,510.48543022786447,14445,horizon
4609,2025-12-14,23,13.0,243.38820266175836,33.294431318216596,453.4819740053001,14445,horizon
4609,2025-12-15,24,17.0,251.600887428876,34.41789032702059,468.7838845307314,14445,horizon
4609,2025-12-16,25,20.0,325.55640966916593,44.534679180809405,606.5781401575225,14445,horizon
4609,2025-12-17,26,42.0,369.8394739507236,50.59240681985801,689.0865410815891,14445,horizon
4609,2025-12-18,27,108.0,1054.7112494519351,144.27984130450773,1965.1426575993626,14445,horizon
4609,2025-12-19,28,58.0,514.783891923073,70.4201631217764,959.1476207243697,14445,horizon
4609,2025-12-20,29,12.0,288.7161433325254,39.49509343311939,537.9371932319314,14445,horizon
4609,2025-12-21,30,5.0,279.3002003031133,38.20703400763986,520.3933665985867,14445,horizon
4611,2025-11-22,1,1.0,1.035286746820982,1.0,1.2062200116926665,4815,horizon
4611,2025-11-23,2,4.0,5.140159383151838,4.291482214221658,5.9888365520820175,4815,horizon
4611,2025-11-24,3,1.0,1.4456712203560969,1.2069805364607396,1.6843619042514542,4815,horizon
4611,2025-11-25,4,3.0,5.9770835503949336,4.085700059490687,7.86846704129918,6420,horizon
4611,2025-11-26,5,0.0,0.04246576096025391,0.0,0.3589049532448045,6420,horizon
4611,2025-11-27,6,0.0,0.08298922068424225,0.0,0.39942841296879283,6420,horizon
4611,2025-11-28,7,0.0,1.3489376408701964e-16,0.0,0.3164391922845507,6420,horizon
4611,2025-11-29,8,5.0,10.21729731783821,5.736392804952813,14.698201830723605,11235,horizon
4611,2025-11-30,9,5.0,11.698489321575058,6.567992286564791,16.828986356585325,11235,horizon
4611,2025-12-01,10,5.0,12.858650556370925,7.219352460673562,18.49794865206829,11235,horizon
4611,2025-12-02,11,0.0,0.0001512116026730243,0.0,0.4387118576809915,11235,horizon
4611,2025-12-03,12,0.0,0.0012388949017601652,0.0,0.4397995409800787,11235,horizon
4611,2025-12-04,13,0.0,0.0,0.0,0.4385606460783185,11235,horizon
4611,2025-12-05,14,0.0,0.000339769883437221,0.0,0.4389004159617557,11235,horizon
4611,2025-12-06,15,1.0,7.977749689299409,3.746831282983538,12.20866809561528,11235,horizon
4611,2025-12-07,16,1.0,6.579504778469317,3.090131339113678,10.068878217824956,11235,horizon
4611,2025-12-08,17,1.0,6.569325257473711,3.0853504235425513,10.053300091404871,11235,horizon
4611,2025-12-09,18,0.0,0.0,0.0,0.5303398290361028,11235,horizon
4611,2025-12-10,19,0.0,0.0,0.0,0.5303398290361028,11235,horizon
4611,2025-12-11,20,0.0,0.04539294463398178,0.0,0.5757327736700846,11235,horizon
4611,2025-12-12,21,0.0,0.0,0.0,0.5303398290361028,11235,horizon
4611,2025-12-13,22,0.0,0.06073223162707238,0.0,0.9239366476419005,14445,horizon
4611,2025-12-14,23,0.0,0.02456248268067162,0.0,0.8877668986954997,14445,horizon
4611,2025-12-15,24,0.0,0.021142252016097103,0.0,0.8843466680309252,14445,horizon
4611,2025-12-16,25,0.0,0.0,0.0,0.8632044160148281,14445,horizon
4611,2025-12-17,26,2.0,6.131638607817972,2.0,11.424496131493457,14445,horizon
4611,2025-12-18,27,0.0,0.023182521888281016,0.0,0.8863869379031091,14445,horizon
4611,2025-12-19,28,0.0,0.0,0.0,0.8632044160148281,14445,horizon
4611,2025-12-20,29,0.0,0.00024919798382652225,0.0,0.8634536139986546,14445,horizon
4611,2025-12-21,30,0.0,0.0,0.0,0.8632044160148281,14445,horizon
4655,2025-11-22,1,4648.0,5401.805951469777,4648.0,6293.6828448264405,4815,horizon
4655,2025-11-23,2,3614.0,5109.08313989458,4265.536881541804,5952.629398247356,4815,horizon
4655,2025-11-24,3,2672.0,4359.371633837643,3639.60812054143,5079.135147133855,4815,horizon
4655,2025-11-25,4,2447.0,4343.537549462789,2969.0720356531674,5718.00306327241,6420,horizon
4655,2025-11-26,5,2787.0,6186.029406865101,4228.527257908231,8143.531555821971,6420,horizon
4655,2025-11-27,6,2559.0,7167.34807928624,4899.318242254678,9435.377916317802,6420,horizon
4655,2025-11-28,7,1089.0,3305.009144864534,2259.174720570548,4350.84356915852,6420,horizon
4655,2025-11-29,8,886.0,2788.353704489591,1565.4915023537633,4011.215906625419,11235,horizon
4655,2025-11-30,9,799.0,3042.239085450431,1708.032746610577,4376.445424290285,11235,horizon
4655,2025-12-01,10,739.0,3039.1464448586116,1706.2964164747941,4371.996473242429,11235,horizon
4655,2025-12-02,11,659.0,3117.1515500825085,1750.0915523542915,4484.211547810725,11235,horizon
4655,2025-12-03,12,907.0,5150.098707988316,2891.4680912458466,7408.729324730786,11235,horizon
4655,2025-12-04,13,1033.0,8612.423146605124,4835.353287130116,12389.493006080133,11235,horizon
4655,2025-12-05,14,409.0,3320.6969186425945,1864.3699325724167,4777.0239047127725,11235,horizon
4655,2025-12-06,15,450.0,3387.1639612986737,1590.8160051462864,5183.511917451061,11235,horizon
4655,2025-12-07,16,416.0,2882.2552695784975,1353.680502671831,4410.830036485164,11235,horizon
4655,2025-12-08,17,401.0,3009.514148028304,1413.448929281241,4605.579366775368,11235,horizon
4655,2025-12-09,18,384.0,3252.114113430693,1527.3884705079624,4976.839756353424,11235,horizon
4655,2025-12-10,19,414.0,5376.438714005165,2525.0991255965814,8227.778302413748,11235,horizon
4655,2025-12-11,20,402.0,7923.079084031826,3721.1546771668654,12125.003490896786,11235,horizon
4655,2025-12-12,21,173.0,3212.046649230558,1508.570378421637,4915.522920039479,11235,horizon
4655,2025-12-13,22,180.0,2963.0027282458336,405.3256885600463,5520.6797679316205,14445,horizon
4655,2025-12-14,23,170.0,2692.174110532431,368.2775296400446,5016.070691424817,14445,horizon
4655,2025-12-15,24,196.0,2852.2189824904535,390.1709613633743,5314.267003617533,14445,horizon
4655,2025-12-16,25,201.0,3433.1350053003634,469.63770794999937,6396.632302650727,14445,horizon
4655,2025-12-17,26,226.0,4666.074301363234,638.2983589731866,8693.85024375328,14445,horizon
4655,2025-12-18,27,243.0,5044.530542087245,690.0695014358607,9398.991582738628,14445,horizon
4655,2025-12-19,28,138.0,2835.9066708852106,387.9395091711872,5283.873832599234,14445,horizon
4655,2025-12-20,29,139.0,2849.6763241634135,389.82313693265223,5309.529511394175,14445,horizon
4655,2025-12-21,30,59.0,1811.9539056499343,247.86729267759574,3376.040518622273,14445,horizon
4684,2025-11-22,1,0.0,1.3489376408701964e-16,0.0,0.16510716996673924,4815,horizon
4684,2025-11-23,2,0.0,1.3489376408701964e-16,0.0,0.16510716996673924,4815,horizon
4684,2025-11-24,3,0.0,1.3489376408701964e-16,0.0,0.16510716996673924,4815,horizon
4684,2025-11-25,4,0.0,1.3489376408701964e-16,0.0,0.3164391922845507,6420,horizon
4684,2025-11-26,5,0.0,1.3489376408701964e-16,0.0,0.3164391922845507,6420,horizon
4684,2025-11-27,6,0.0,1.3489376408701964e-16,0.0,0.3164391922845507,6420,horizon
4684,2025-11-28,7,0.0,1.3489376408701964e-16,0.0,0.3164391922845507,6420,horizon
4684,2025-11-29,8,0.0,1.5006439558569507e-16,0.0,0.4385606460783187,11235,horizon
4684,2025-11-30,9,0.0,1.5006439558569507e-16,0.0,0.4385606460783187,11235,horizon
4684,2025-12-01,10,0.0,1.5006439558569507e-16,0.0,0.4385606460783187,11235,horizon
4684,2025-12-02,11,0.0,1.5006439558569507e-16,0.0,0.4385606460783187,11235,horizon
4684,2025-12-03,12,0.0,1.5006439558569507e-16,0.0,0.4385606460783187,11235,horizon
4684,2025-12-04,13,0.0,1.5006439558569507e-16,0.0,0.4385606460783187,11235,horizon
4684,2025-12-05,14,0.0,1.5006439558569507e-16,0.0,0.4385606460783187,11235,horizon
4684,2025-12-06,15,0.0,2.0936493878579075e-16,0.0,0.530339829036103,11235,horizon
4684,2025-12-07,16,0.0,2.0936493878579075e-16,0.0,0.530339829036103,11235,horizon
4684,2025-12-08,17,0.0,2.0936493878579075e-16,0.0,0.530339829036103,11235,horizon
4684,2025-12-09,18,0.0,2.0936493878579075e-16,0.0,0.530339829036103,11235,horizon
4684,2025-12-10,19,0.0,2.0936493878579075e-16,0.0,0.530339829036103,11235,horizon
4684,2025-12-11,20,0.0,2.0936493878579075e-16,0.0,0.530339829036103,11235,horizon
4684,2025-12-12,21,0.0,2.0936493878579075e-16,0.0,0.530339829036103,11235,horizon
4684,2025-12-13,22,0.0,0.00011539169020314227,0.0,0.8633198077050313,14445,horizon
4684,2025-12-14,23,0.0,2.085521617919071e-16,0.0,0.8632044160148283,14445,horizon
4684,2025-12-15,24,0.0,2.085521617919071e-16,0.0,0.8632044160148283,14445,horizon
4684,2025-12-16,25,0.0,2.085521617919071e-16,0.0,0.8632044160148283,14445,horizon
4684,2025-12-17,26,0.0,2.085521617919071e-16,0.0,0.8632044160148283,14445,horizon
4684,2025-12-18,27,0.0,2.085521617919071e-16,0.0,0.8632044160148283,14445,horizon
4684,2025-12-19,28,0.0,2.085521617919071e-16,0.0,0.8632044160148283,14445,horizon
4684,2025-12-20,29,0.0,2.085521617919071e-16,0.0,0.8632044160148283,14445,horizon
4684,2025-12-21,30,0.0,2.085521617919071e-16,0.0,0.8632044160148283,14445,horizon
4729,2025-11-22,1,0.0,1.3489376408701964e-16,0.0,0.16510716996673924,4815,horizon
4729,2025-11-23,2,0.0,1.3489376408701964e-16,0.0,0.16510716996673924,4815,horizon
4729,2025-11-24,3,0.0,1.3489376408701964e-16,0.0,0.16510716996673924,4815,horizon
4729,2025-11-25,4,0.0,1.3489376408701964e-16,0.0,0.3164391922845507,6420,horizon
4729,2025-11-26,5,0.0,1.3489376408701964e-16,0.0,0.3164391922845507,6420,horizon
4729,2025-11-27,6,0.0,1.3489376408701964e-16,0.0,0.3164391922845507,6420,horizon
4729,2025-11-28,7,0.0,1.3489376408701964e-16,0.0,0.3164391922845507,6420,horizon
4729,2025-11-29,8,0.0,1.5006439558569507e-16,0.0,0.4385606460783187,11235,horizon
4729,2025-11-30,9,0.0,1.5006439558569507e-16,0.0,0.4385606460783187,11235,horizon
4729,2025-12-01,10,0.0,1.5006439558569507e-16,0.0,0.4385606460783187,11235,horizon
4729,2025-12-02,11,0.0,1.5006439558569507e-16,0.0,0.4385606460783187,11235,horizon
4729,2025-12-03,12,0.0,1.5006439558569507e-16,0.0,0.4385606460783187,11235,horizon
4729,2025-12-04,13,0.0,1.5006439558569507e-16,0.0,0.4385606460783187,11235,horizon
4729,2025-12-05,14,0.0,1.5006439558569507e-16,0.0,0.4385606460783187,11235,horizon
4729,2025-12-06,15,0.0,2.0936493878579075e-16,0.0,0.530339829036103,11235,horizon
4729,2025-12-07,16,0.0,2.0936493878579075e-16,0.0,0.530339829036103,11235,horizon
4729,2025-12-08,17,0.0,2.0936493878579075e-16,0.0,0.530339829036103,11235,horizon
4729,2025-12-09,18,0.0,2.0936493878579075e-16,0.0,0.530339829036103,11235,horizon
4729,2025-12-10,19,0.0,2.0936493878579075e-16,0.0,0.530339829036103,11235,horizon
4729,2025-12-11,20,0.0,2.0936493878579075e-16,0.0,0.530339829036103,11235,horizon
4729,2025-12-12,21,0.0,2.0936493878579075e-16,0.0,0.530339829036103,11235,horizon
4729,2025-12-13,22,0.0,2.085521617919071e-16,0.0,0.8632044160148283,14445,horizon
4729,2025-12-14,23,0.0,2.085521617919071e-16,0.0,0.8632044160148283,14445,horizon
4729,2025-12-15,24,0.0,2.085521617919071e-16,0.0,0.8632044160148283,14445,horizon
4729,2025-12-16,25,0.0,2.085521617919071e-16,0.0,0.8632044160148283,14445,horizon
4729,2025-12-17,26,0.0,2.085521617919071e-16,0.0,0.8632044160148283,14445,horizon
4729,2025-12-18,27,0.0,2.085521617919071e-16,0.0,0.8632044160148283,14445,horizon
4729,2025-12-19,28,0.0,2.085521617919071e-16,0.0,0.8632044160148283,14445,horizon
4729,2025-12-20,29,0.0,2.085521617919071e-16,0.0,0.8632044160148283,14445,horizon
4729,2025-12-21,30,0.0,2.085521617919071e-16,0.0,0.8632044160148283,14445,horizon
4756,2025-11-22,1,690.0,806.7735922417282,690.0,939.97769686066,4815,horizon
4756,2025-11-23,2,537.0,750.5909047043881,626.6629646258722,874.518844782904,4815,horizon
4756,2025-11-24,3,377.0,605.4108795013105,505.45320251977466,705.3685564828464,4815,horizon
4756,2025-11-25,4,385.0,671.7948600060197,459.2126371248021,884.3770828872373,6420,horizon
4756,2025-11-26,5,419.0,964.7442220261124,659.4613396469822,1270.0271044052427,6420,horizon
4756,2025-11-27,6,425.0,1221.7906442339647,835.1681996317482,1608.4130888361813,6420,horizon
4756,2025-11-28,7,172.0,508.79748841872777,347.79402214709756,669.8009546903579,6420,horizon
4756,2025-11-29,8,162.0,425.4603974157408,238.87021064435535,612.0505841871262,11235,horizon
4756,2025-11-30,9,140.0,446.196733642438,250.512405858175,641.8810614267011,11235,horizon
4756,2025-12-01,10,106.0,429.0870055545276,240.90633117472294,617.2676799343323,11235,horizon
4756,2025-12-02,11,100.0,478.490395880929,268.64333872111837,688.3374530407395,11235,horizon
4756,2025-12-03,12,144.0,831.698487745846,466.9482616176673,1196.4487138740246,11235,horizon
4756,2025-12-04,13,187.0,1503.0230212664294,843.8562739892378,2162.189768543621,11235,horizon
4756,2025-12-05,14,105.0,610.341747421546,342.66987634378285,878.0136184993091,11235,horizon
4756,2025-12-06,15,103.0,461.51351110150586,216.75451452608172,706.27250767693,11235,horizon
4756,2025-12-07,16,69.0,416.4262127676817,195.57880628231763,637.2736192530458,11235,horizon
4756,2025-12-08,17,63.0,405.4412347249038,190.4195996167119,620.4628698330956,11235,horizon
4756,2025-12-09,18,49.0,462.69396247324073,217.30892551914528,708.0789994273362,11235,horizon
4756,2025-12-10,19,46.0,705.1193871333887,331.1664919110258,1079.0722823557517,11235,horizon
4756,2025-12-11,20,54.0,1308.9908370929868,614.7808603392672,2003.2008138467063,11235,horizon
4756,2025-12-12,21,23.0,516.0437043595623,242.36517441435484,789.7222343047697,11235,horizon
4756,2025-12-13,22,14.0,377.9183129413075,51.69755631749712,704.1390695651178,14445,horizon
4756,2025-12-14,23,17.0,368.95312492997635,50.47115818795021,687.4350916720025,14445,horizon
4756,2025-12-15,24,13.0,415.6097750606917,56.85358188937323,774.3659682320101,14445,horizon
4756,2025-12-16,25,18.0,506.03623349994666,69.22352207928202,942.8489449206113,14445,horizon
4756,2025-12-17,26,46.0,690.0253641047984,94.39242264729671,1285.6583055623,14445,horizon
4756,2025-12-18,27,23.0,929.0274864414664,127.08685754603675,1730.968115336896,14445,horizon
4756,2025-12-19,28,15.0,494.9438160402347,67.70612835507342,922.1815037253959,14445,horizon
4756,2025-12-20,29,17.0,382.8854629473416,52.377040503314504,713.3938853913687,14445,horizon
4756,2025-12-21,30,8.0,263.8091043708914,36.087920493021244,491.5302882487616,14445,horizon
4791,2025-11-22,1,2162.0,2482.326388833578,2162.0,2892.1762738276457,4815,horizon
4791,2025-11-23,2,1553.0,2093.986573827334,1748.2543766743545,2439.718770980313,4815,horizon
4791,2025-11-24,3,1443.0,2236.253261562825,1867.031814217297,2605.474708908353,4815,horizon
4791,2025-11-25,4,1332.0,2323.3195826417755,1588.130210491733,3058.508954791818,6420,horizon
4791,2025-11-26,5,1508.0,3167.9428361136024,2165.481563850186,4170.404108377019,6420,horizon
4791,2025-11-27,6,1222.0,3358.4989112245817,2295.7382284681325,4421.259593981031,6420,horizon
4791,2025-11-28,7,302.0,896.6619576885946,612.9229720453318,1180.4009433318574,6420,horizon
4791,2025-11-29,8,346.0,1037.5219068335869,582.50562905224,1492.5381846149337,11235,horizon
4791,2025-11-30,9,340.0,1172.7034452710818,658.4018646547262,1687.0050258874376,11235,horizon
4791,2025-12-01,10,310.0,1148.5339059432367,644.8321341099161,1652.2356777765574,11235,horizon
4791,2025-12-02,11,360.0,1409.209446889213,791.1856414018099,2027.2332523766163,11235,horizon
4791,2025-12-03,12,460.0,2423.318191432223,1360.546199744365,3486.0901831200813,11235,horizon
4791,2025-12-04,13,401.0,3173.1259079913407,1781.5177596948072,4564.734056287874,11235,horizon
4791,2025-12-05,14,116.0,972.0732741530809,545.7601910050394,1398.3863573011224,11235,horizon
4791,2025-12-06,15,195.0,1253.8656723270633,588.8907660308905,1918.840578623236,11235,horizon
4791,2025-12-07,16,168.0,1030.2795179188595,483.88125452637314,1576.6777813113458,11235,horizon
4791,2025-12-08,17,155.0,976.6293031261595,458.6838854745839,1494.574720777735,11235,horizon
4791,2025-12-09,18,183.0,1210.116184456787,568.3433740781536,1851.8889948354206,11235,horizon
4791,2025-12-10,19,249.0,2434.670231698911,1143.4676372604217,3725.8728261374,11235,horizon
4791,2025-12-11,20,272.0,3836.137693470093,1801.6810849562141,5870.5943019839715,11235,horizon
4791,2025-12-12,21,119.0,1355.8353714228165,636.7818723413391,2074.8888705042937,11235,horizon
4791,2025-12-13,22,106.0,1069.610739754794,146.31802578156874,1992.903453728019,14445,horizon
4791,2025-12-14,23,76.0,949.0995851228621,129.83263200696626,1768.366538238758,14445,horizon
4791,2025-12-15,24,74.0,1002.210569808916,137.09798017312255,1867.3231594447095,14445,horizon
4791,2025-12-16,25,106.0,1328.2629535690626,181.70050641934927,2474.825400718776,14445,horizon
4791,2025-12-17,26,106.0,2204.92139875287,301.623510383801,4108.2192871219395,14445,horizon
4791,2025-12-18,27,108.0,2251.2068484616907,307.9551555067353,4194.458541416646,14445,horizon
4791,2025-12-19,28,63.0,1062.7966689852306,145.38589099133003,1980.207446979131,14445,horizon
4791,2025-12-20,29,36.0,791.9551442113848,108.33596644245745,1475.574321980312,14445,horizon
4791,2025-12-21,30,10.0,552.5513778849606,75.58658841958459,1029.5161673503367,14445,horizon
4797,2025-11-22,1,0.0,1.3489376408701964e-16,0.0,0.16510716996673924,4815,horizon
4797,2025-11-23,2,0.0,1.3489376408701964e-16,0.0,0.16510716996673924,4815,horizon
4797,2025-11-24,3,0.0,1.3489376408701964e-16,0.0,0.16510716996673924,4815,horizon
4797,2025-11-25,4,0.0,1.3489376408701964e-16,0.0,0.3164391922845507,6420,horizon
4797,2025-11-26,5,0.0,1.3489376408701964e-16,0.0,0.3164391922845507,6420,horizon
4797,2025-11-27,6,0.0,1.3489376408701964e-16,0.0,0.3164391922845507,6420,horizon
4797,2025-11-28,7,0.0,1.3489376408701964e-16,0.0,0.3164391922845507,6420,horizon
4797,2025-11-29,8,0.0,1.5006439558569507e-16,0.0,0.4385606460783187,11235,horizon
4797,2025-11-30,9,0.0,1.5006439558569507e-16,0.0,0.4385606460783187,11235,horizon
4797,2025-12-01,10,0.0,1.5006439558569507e-16,0.0,0.4385606460783187,11235,horizon
4797,2025-12-02,11,0.0,1.5006439558569507e-16,0.0,0.4385606460783187,11235,horizon
4797,2025-12-03,12,0.0,1.5006439558569507e-16,0.0,0.4385606460783187,11235,horizon
4797,2025-12-04,13,0.0,1.5006439558569507e-16,0.0,0.4385606460783187,11235,horizon
4797,2025-12-05,14,0.0,1.5006439558569507e-16,0.0,0.4385606460783187,11235,horizon
4797,2025-12-06,15,0.0,2.0936493878579075e-16,0.0,0.530339829036103,11235,horizon
4797,2025-12-07,16,0.0,2.0936493878579075e-16,0.0,0.530339829036103,11235,horizon
4797,2025-12-08,17,0.0,2.0936493878579075e-16,0.0,0.530339829036103,11235,horizon
4797,2025-12-09,18,0.0,2.0936493878579075e-16,0.0,0.530339829036103,11235,horizon
4797,2025-12-10,19,0.0,2.0936493878579075e-16,0.0,0.530339829036103,11235,horizon
4797,2025-12-11,20,0.0,2.0936493878579075e-16,0.0,0.530339829036103,11235,horizon
4797,2025-12-12,21,0.0,2.0936493878579075e-16,0.0,0.530339829036103,11235,horizon
4797,2025-12-13,22,0.0,2.085521617919071e-16,0.0,0.8632044160148283,14445,horizon
4797,2025-12-14,23,0.0,2.085521617919071e-16,0.0,0.8632044160148283,14445,horizon
4797,2025-12-15,24,0.0,2.085521617919071e-16,0.0,0.8632044160148283,14445,horizon
4797,2025-12-16,25,0.0,2.085521617919071e-16,0.0,0.8632044160148283,14445,horizon
4797,2025-12-17,26,0.0,2.085521617919071e-16,0.0,0.8632044160148283,14445,horizon
4797,2025-12-18,27,0.0,2.085521617919071e-16,0.0,0.8632044160148283,14445,horizon
4797,2025-12-19,28,0.0,2.085521617919071e-16,0.0,0.8632044160148283,14445,horizon
4797,2025-12-20,29,0.0,2.085521617919071e-16,0.0,0.8632044160148283,14445,horizon
4797,2025-12-21,30,0.0,2.085521617919071e-16,0.0,0.8632044160148283,14445,horizon
4820,2025-11-22,1,14.0,15.77946845442851,14.0,18.384771834518638,4815,horizon
4820,2025-11-23,2,5.0,7.645956071685191,6.383553902999243,8.90835824037114,4815,horizon
4820,2025-11-24,3,3.0,7.059451040514309,5.89388505769624,8.225017023332379,4815,horizon
4820,2025-11-25,4,2.0,6.21899354833287,4.251060253075585,8.186926843590154,6420,horizon
4820,2025-11-26,5,6.0,13.727812930946637,9.383794895244474,18.0718309666488,6420,horizon
4820,2025-11-27,6,4.0,12.400598246530778,8.476562953553366,16.32463353950819,6420,horizon
4820,2025-11-28,7,2.0,6.732331426949652,4.601957908013809,8.862704945885495,6420,horizon
4820,2025-11-29,8,6.0,12.041194946219415,6.760400711050444,17.321989181388386,11235,horizon
4820,2025-11-30,9,2.0,8.36303159370024,4.695335054793674,12.030728132606807,11235,horizon
4820,2025-12-01,10,4.0,11.275583085442532,6.330556082581095,16.22061008830397,11235,horizon
4820,2025-12-02,11,4.0,12.97640770856579,7.285465960121504,18.667349457010076,11235,horizon
4820,2025-12-03,12,4.0,15.734090883783015,8.833737820336154,22.634443947229876,11235,horizon
4820,2025-12-04,13,2.0,21.297187965686998,11.957079451803919,30.637296479570075,11235,horizon
4820,2025-12-05,14,0.0,7.794585433697404,4.37618700998242,11.212983857412388,11235,horizon
4820,2025-12-06,15,0.0,8.89986577784897,4.179912482780285,13.619819072917654,11235,horizon
4820,2025-12-07,16,0.0,8.545270025903957,4.013372981298719,13.077167070509194,11235,horizon
4820,2025-12-08,17,0.0,8.572795353227328,4.0263005312352504,13.119290175219405,11235,horizon
4820,2025-12-09,18,0.0,9.425294270344743,4.426685318395153,14.423903222294333,11235,horizon
4820,2025-12-10,19,0.0,11.200737603537407,5.260540337799131,17.140934869275682,11235,horizon
4820,2025-12-11,20,0.0,19.830032420214327,9.313376416697485,30.346688423731166,11235,horizon
4820,2025-12-12,21,0.0,8.372716175201191,3.9323313102771786,12.813101040125204,11235,horizon
4820,2025-12-13,22,1.0,10.204198205868119,1.3958892526721733,19.012507159064064,14445,horizon
4820,2025-12-14,23,1.0,9.098519595663998,1.2446373014893863,16.952401889838608,14445,horizon
4820,2025-12-15,24,1.0,11.19856381714028,1.5319140771609199,20.86521355711964,14445,horizon
4820,2025-12-16,25,2.0,15.287544319528697,2.091268552889126,28.48382008616827,14445,horizon
4820,2025-12-17,26,2.0,16.228423083543227,2.21997661287174,30.236869554214714,14445,horizon
4820,2025-12-18,27,4.0,26.724214651193286,4.0,49.7926747526315,14445,horizon
4820,2025-12-19,28,1.0,11.296773223867694,1.5453486903070335,21.048197757428355,14445,horizon
4820,2025-12-20,29,2.0,12.817948886734436,2.0,23.882458970015954,14445,horizon
4820,2025-12-21,30,0.0,5.975045331512516,0.8173598154621295,11.132730847562902,14445,horizon
4879,2025-11-22,1,37.0,37.4551514581617,37.0,43.63926551609436,4815,horizon
4879,2025-11-23,2,37.0,38.505987059998574,37.0,44.86360161025082,4815,horizon
4879,2025-11-24,3,13.0,13.881746232633988,13.0,16.173722067300627,4815,horizon
4879,2025-11-25,4,11.0,11.922673255278859,11.0,15.695474350051914,6420,horizon
4879,2025-11-26,5,17.0,20.562621279304878,17.0,27.069440548181227,6420,horizon
4879,2025-11-27,6,23.0,33.64203827407191,23.0,44.28769769232516,6420,horizon
4879,2025-11-28,7,0.0,0.22871646023024728,0.0,0.5451556525147978,6420,horizon
4879,2025-11-29,8,0.0,0.011988973273043598,0.0,0.4505496193513621,11235,horizon
4879,2025-11-30,9,0.0,0.0,0.0,0.4385606460783185,11235,horizon
4879,2025-12-01,10,0.0,0.0,0.0,0.4385606460783185,11235,horizon
4879,2025-12-02,11,0.0,0.0,0.0,0.4385606460783185,11235,horizon
4879,2025-12-03,12,0.0,0.7468219347316726,0.30826128865335406,1.1853825808099911,11235,horizon
4879,2025-12-04,13,0.0,1.7977433130639768,1.0093238442036623,2.5861627819242914,11235,horizon
4879,2025-12-05,14,0.0,0.25127301416315334,0.0,0.6898336602414719,11235,horizon
4879,2025-12-06,15,0.0,0.39304416351691657,0.0,0.9233839925530194,11235,horizon
4879,2025-12-07,16,0.0,0.11179072204272368,0.0,0.6421305510788264,11235,horizon
4879,2025-12-08,17,0.0,0.12161488798723392,0.0,0.6519547170233367,11235,horizon
4879,2025-12-09,18,0.0,0.06825145102194319,0.0,0.598591280058046,11235,horizon
4879,2025-12-10,19,0.0,1.0224225931960509,0.4801911699178084,1.5646540164742935,11235,horizon
4879,2025-12-11,20,0.0,5.326742565303674,2.5017588239011923,8.151726306706156,11235,horizon
4879,2025-12-12,21,0.0,0.3565266568120162,0.0,0.886866485848119,11235,horizon
4879,2025-12-13,22,0.0,0.14953803443395428,0.0,1.0127424504487823,14445,horizon
4879,2025-12-14,23,0.0,0.009539740051821845,0.0,0.87274415606665,14445,horizon
4879,2025-12-15,24,0.0,0.17500639152914593,0.0,1.038210807543974,14445,horizon
4879,2025-12-16,25,0.0,0.1826222872991967,0.0,1.0458267033140247,14445,horizon
4879,2025-12-17,26,0.0,1.1311154024907557,0.15473159203834563,2.107499212943166,14445,horizon
4879,2025-12-18,27,0.0,3.0530715273009816,0.4176467025256385,5.688496352076324,14445,horizon
4879,2025-12-19,28,0.0,0.41738070882556255,0.0,1.2805851248403908,14445,horizon
4879,2025-12-20,29,0.0,0.21018682035754374,0.0,1.0733912363723719,14445,horizon
4879,2025-12-21,30,0.0,0.0,0.0,0.8632044160148281,14445,horizon
4933,2025-11-22,1,10.0,10.430872128004147,10.0,12.153083905343848,4815,horizon
4933,2025-11-23,2,10.0,11.65258409566107,10.0,13.576509278495102,4815,horizon
4933,2025-11-24,3,9.0,11.020097037546705,9.200600002918524,12.839594072174886,4815,horizon
4933,2025-11-25,4,8.0,11.099141030297314,8.0,14.611344252976911,6420,horizon
4933,2025-11-26,5,11.0,18.591778914523772,12.70861141167893,24.474946417368614,6420,horizon
4933,2025-11-27,6,9.0,19.587164293642434,13.389017845417433,25.785310741867434,6420,horizon
4933,2025-11-28,7,8.0,10.09943413372499,8.0,13.295290913531947,6420,horizon
4933,2025-11-29,8,3.0,5.0118861047674965,3.0,7.209902112945278,11235,horizon
4933,2025-11-30,9,3.0,5.38750266892599,3.0247560176931425,7.7502493201588365,11235,horizon
4933,2025-12-01,10,4.0,6.68595722815307,4.0,9.618154949783884,11235,horizon
4933,2025-12-02,11,4.0,7.7753753429996415,4.365401709072291,11.185348976926992,11235,horizon
4933,2025-12-03,12,3.0,11.07668537602001,6.218887081106412,15.934483670933606,11235,horizon
4933,2025-12-04,13,2.0,20.34105313452988,11.420267729937049,29.26183853912271,11235,horizon
4933,2025-12-05,14,6.0,10.700450902484903,6.007654241361798,15.393247563608007,11235,horizon
4933,2025-12-06,15,5.0,10.386317450718845,5.0,15.89459527184777,11235,horizon
4933,2025-12-07,16,5.0,10.384171435815752,5.0,15.89131113976786,11235,horizon
4933,2025-12-08,17,3.0,7.795339065510508,3.661160278229212,11.929517852791804,11235,horizon
4933,2025-12-09,18,5.0,10.253150880349867,5.0,15.690805165315982,11235,horizon
4933,2025-12-10,19,6.0,14.159467194955262,6.650137783540383,21.66879660637014,11235,horizon
4933,2025-12-11,20,6.0,20.148568444602034,9.462980100369576,30.83415678883449,11235,horizon
4933,2025-12-12,21,2.0,5.545283952891779,2.604399009358509,8.486168896425049,11235,horizon
4933,2025-12-13,22,1.0,4.400828882164621,1.0,8.199643807374722,14445,horizon
4933,2025-12-14,23,0.0,2.822901356796483,0.38616043963550917,5.259642273957457,14445,horizon
4933,2025-12-15,24,0.0,3.4685651741915895,0.4744843985941678,6.462645949789011,14445,horizon
4933,2025-12-16,25,0.0,4.325678368148815,0.5917336985029427,8.059623037794688,14445,horizon
4933,2025-12-17,26,0.0,7.1913127209472725,0.9837398232819776,13.398885618612567,14445,horizon
4933,2025-12-18,27,0.0,9.598526475784855,1.3130360346521233,17.884016916917588,14445,horizon
4933,2025-12-19,28,0.0,3.99291039964392,0.5462125099197559,7.439608289368084,14445,horizon
4933,2025-12-20,29,0.0,3.4839419513258205,0.47658787380205503,6.491296028849586,14445,horizon
4933,2025-12-21,30,0.0,2.394321641488679,0.327532627195779,4.46111065578158,14445,horizon
4946,2025-11-22,1,2.0,2.0,2.0,2.330214339933478,4815,horizon
4946,2025-11-23,2,4.0,4.42591188778932,4.0,5.156661674104363,4815,horizon
4946,2025-11-24,3,2.0,2.6599648235230737,2.2207855593001025,3.099144087746045,4815,horizon
4946,2025-11-25,4,2.0,3.0512480408987135,2.085713575376907,4.01678250642052,6420,horizon
4946,2025-11-26,5,0.0,1.4166161881218233,0.9683433057753346,1.864889070468312,6420,horizon
4946,2025-11-27,6,0.0,2.2172564859330985,1.5156296344367477,2.9188833374294494,6420,horizon
4946,2025-11-28,7,0.0,1.0556434508160828,0.7215964898993659,1.3896904117327997,6420,horizon
4946,2025-11-29,8,0.0,1.3652645347314711,0.7665132383118223,1.96401583115112,11235,horizon
4946,2025-11-30,9,2.0,3.6937541113983348,2.0738189218490355,5.313689300947634,11235,horizon
4946,2025-12-01,10,0.0,2.09674971828769,1.1771978071709084,3.016301629404472,11235,horizon
4946,2025-12-02,11,0.0,2.437048055893923,1.368254685977174,3.5058414258106723,11235,horizon
4946,2025-12-03,12,0.0,2.837727187799119,1.5932117189239274,4.08224265667431,11235,horizon
4946,2025-12-04,13,0.0,5.458912161574908,3.064848117109826,7.85297620603999,11235,horizon
4946,2025-12-05,14,0.0,2.5906085727525943,1.4544696033501858,3.7267475421550027,11235,horizon
4946,2025-12-06,15,0.0,3.425777971202957,1.6089514676395338,5.24260447476638,11235,horizon
4946,2025-12-07,16,0.0,3.3734421139112127,1.5843713999563511,5.162512827866074,11235,horizon
4946,2025-12-08,17,0.0,3.335466834080234,1.5665359235385317,5.104397744621936,11235,horizon
4946,2025-12-09,18,0.0,3.8791801787215396,1.8218964259381196,5.93646393150496,11235,horizon
4946,2025-12-10,19,0.0,3.8297599043113237,1.7986856914095348,5.860834117213113,11235,horizon
4946,2025-12-11,20,0.0,5.635335693286513,2.646692725147896,8.62397866142513,11235,horizon
4946,2025-12-12,21,0.0,2.7766922799004172,1.3041017708921636,4.249282788908671,11235,horizon
4946,2025-12-13,22,0.0,3.2806092468725687,0.44877285775308806,6.112445635992049,14445,horizon
4946,2025-12-14,23,0.0,2.8341656549884586,0.38770134588486327,5.2806299640920535,14445,horizon
4946,2025-12-15,24,0.0,3.884996021307566,0.5314502995148378,7.238541743100294,14445,horizon
4946,2025-12-16,25,0.0,4.834438072741408,0.66132977940081,9.007546366082007,14445,horizon
4946,2025-12-17,26,0.0,4.636704646565965,0.6342807198937512,8.639128573238178,14445,horizon
4946,2025-12-18,27,0.0,5.702004924642964,0.7800090935528603,10.624000755733068,14445,horizon
4946,2025-12-19,28,0.0,3.8889388844912474,0.531989665786623,7.245888103195872,14445,horizon
4946,2025-12-20,29,0.0,4.001982339963465,0.5474535112936469,7.456511168633284,14445,horizon
4946,2025-12-21,30,0.0,2.5991716738846615,0.3555552070067689,4.842788140762554,14445,horizon
4973,2025-11-22,1,25.0,27.835785101589046,25.0,32.43167280351473,4815,horizon
4973,2025-11-23,2,16.0,22.124341847525365,18.471454377703758,25.777229317346972,4815,horizon
4973,2025-11-24,3,10.0,18.19750396158973,15.192965582033128,21.202042341146335,4815,horizon
4973,2025-11-25,4,5.0,12.92908475372975,8.83781561728101,17.02035389017849,6420,horizon
4973,2025-11-26,5,7.0,21.11556323076865,14.433771457390863,27.79735500414644,6420,horizon
4973,2025-11-27,6,9.0,26.395418999908,18.042873931564834,34.747964068251164,6420,horizon
4973,2025-11-28,7,6.0,19.144471007987196,13.086410065504733,25.20253195046966,6420,horizon
4973,2025-11-29,8,2.0,16.967578012966953,9.526266037215894,24.408889988718013,11235,horizon
4973,2025-11-30,9,2.0,19.278000989274183,10.823428420319633,27.732573558228733,11235,horizon
4973,2025-12-01,10,2.0,19.751673174994487,11.089366626241112,28.41397972374786,11235,horizon
4973,2025-12-02,11,6.0,27.00655425480564,15.162542372468916,38.850566137142366,11235,horizon
4973,2025-12-03,12,7.0,32.199872164678176,18.07827542449765,46.321468904858705,11235,horizon
4973,2025-12-04,13,24.0,86.19976618796231,48.395941036769564,124.00359133915507,11235,horizon
4973,2025-12-05,14,4.0,28.218162769785593,15.842787074325269,40.59353846524591,11235,horizon
4973,2025-12-06,15,3.0,24.47296050175429,11.493974813246624,37.45194619026196,11235,horizon
4973,2025-12-07,16,3.0,23.76893691053748,11.16332297303312,36.37455084804184,11235,horizon
4973,2025-12-08,17,5.0,27.55933003123681,12.943519654121149,42.175140408352476,11235,horizon
4973,2025-12-09,18,8.0,30.581837832440584,14.363071184774224,46.80060448010694,11235,horizon
4973,2025-12-10,19,12.0,39.63652178231514,18.615695596696366,60.657347967933916,11235,horizon
4973,2025-12-11,20,11.0,75.6109449105026,35.51144931340846,115.71044050759673,11235,horizon
4973,2025-12-12,21,8.0,34.42550253682234,16.168287406962058,52.68271766668263,11235,horizon
4973,2025-12-13,22,2.0,25.21133926662374,3.4487998780260902,46.973878655221384,14445,horizon
4973,2025-12-14,23,2.0,23.576881082122387,3.2252132161778846,43.92854894806689,14445,horizon
4973,2025-12-15,24,2.0,27.281205552384954,3.7319484453580145,50.83046265941189,14445,horizon
4973,2025-12-16,25,4.0,32.085522055405704,4.389157727038334,59.78188638377307,14445,horizon
4973,2025-12-17,26,10.0,41.0480295374568,10.0,76.48086990289661,14445,horizon
4973,2025-12-18,27,15.0,85.56139222040466,15.0,159.4183638254347,14445,horizon
4973,2025-12-19,28,5.0,37.6079407804296,5.1446002215386315,70.07128133932056,14445,horizon
4973,2025-12-20,29,3.0,29.624935819362136,4.052560395932879,55.19731124279139,14445,horizon
4973,2025-12-21,30,1.0,23.20535069280584,3.1743894996030875,43.23631188600859,14445,horizon
4981,2025-11-22,1,156.0,186.97943845396384,156.1077925288598,217.85108437906788,4815,horizon
4981,2025-11-23,2,225.0,335.6897333368662,280.2649514787269,391.1145151950055,4815,horizon
4981,2025-11-24,3,148.0,264.9399654802994,221.19647756876162,308.6834533918372,4815,horizon
4981,2025-11-25,4,108.0,235.7021437573284,161.1167477670224,310.2875397476344,6420,horizon
4981,2025-11-26,5,158.0,411.58385900026815,281.34259510086497,541.8251228996713,6420,horizon
4981,2025-11-27,6,257.0,904.6974558952336,618.415723689858,1190.979188100609,6420,horizon
4981,2025-11-28,7,60.0,281.0209467503666,192.09490534564088,369.9469881550923,6420,horizon
4981,2025-11-29,8,62.0,204.9883480983878,115.08852571783159,294.888170478944,11235,horizon
4981,2025-11-30,9,36.0,208.47563868240132,117.0464278902573,299.90484947454536,11235,horizon
4981,2025-12-01,10,39.0,226.06242761584394,126.92034330660631,325.2045119250816,11235,horizon
4981,2025-12-02,11,42.0,244.39310787397554,137.21190858767665,351.57430716027443,11235,horizon
4981,2025-12-03,12,51.0,368.6408092222616,206.9694577589124,530.3121606856108,11235,horizon
4981,2025-12-04,13,98.0,1221.1192454818517,685.584400244662,1756.6540907190415,11235,horizon
4981,2025-12-05,14,38.0,414.5761429238182,232.7593618344912,596.3929240131453,11235,horizon
4981,2025-12-06,15,26.0,258.41412797993183,121.3668235265412,395.46143243332244,11235,horizon
4981,2025-12-07,16,37.0,226.80834701978023,106.52284703734891,347.09384700221153,11235,horizon
4981,2025-12-08,17,44.0,282.8757577869944,132.85547676378178,432.8960388102071,11235,horizon
4981,2025-12-09,18,43.0,297.1426684002747,139.55607644154165,454.72926035900775,11235,horizon
4981,2025-12-10,19,42.0,415.7950581184949,195.28237808187592,636.307738155114,11235,horizon
4981,2025-12-11,20,91.0,1715.0068428075442,805.4704069972448,2624.5432786178435,11235,horizon
4981,2025-12-12,21,34.0,435.9622611544752,204.75411010761803,667.1704122013323,11235,horizon
4981,2025-12-13,22,24.0,241.12918727577943,32.985407989260125,449.27296656229873,14445,horizon
4981,2025-12-14,23,12.0,243.88768254504117,33.36275796053911,454.41260712954323,14445,horizon
4981,2025-12-15,24,23.0,306.96954280875013,41.99207787418419,571.9470077433161,14445,horizon
4981,2025-12-16,25,20.0,339.5287460567971,46.446033096592714,632.6114590170015,14445,horizon
4981,2025-12-17,26,18.0,460.7483909599098,63.02834521158917,858.4684367082305,14445,horizon
4981,2025-12-18,27,44.0,1254.670788327328,171.63342319837284,2337.708153456283,14445,horizon
4981,2025-12-19,28,18.0,468.15851349182276,64.04201725074387,872.2750097329017,14445,horizon
4981,2025-12-20,29,12.0,255.23462519517062,34.91496960680982,475.55428078353145,14445,horizon
4981,2025-12-21,30,9.0,222.030842128696,30.37283871171448,413.6888455456775,14445,horizon
4994,2025-11-22,1,0.0,1.3489376408701964e-16,0.0,0.16510716996673924,4815,horizon
4994,2025-11-23,2,0.0,1.3489376408701964e-16,0.0,0.16510716996673924,4815,horizon
4994,2025-11-24,3,0.0,1.3489376408701964e-16,0.0,0.16510716996673924,4815,horizon
4994,2025-11-25,4,0.0,1.3489376408701964e-16,0.0,0.3164391922845507,6420,horizon
4994,2025-11-26,5,0.0,1.3489376408701964e-16,0.0,0.3164391922845507,6420,horizon
4994,2025-11-27,6,0.0,1.3489376408701964e-16,0.0,0.3164391922845507,6420,horizon
4994,2025-11-28,7,0.0,1.3489376408701964e-16,0.0,0.3164391922845507,6420,horizon
4994,2025-11-29,8,0.0,1.5006439558569507e-16,0.0,0.4385606460783187,11235,horizon
4994,2025-11-30,9,0.0,1.5006439558569507e-16,0.0,0.4385606460783187,11235,horizon
4994,2025-12-01,10,0.0,1.5006439558569507e-16,0.0,0.4385606460783187,11235,horizon
4994,2025-12-02,11,0.0,1.5006439558569507e-16,0.0,0.4385606460783187,11235,horizon
4994,2025-12-03,12,0.0,1.5006439558569507e-16,0.0,0.4385606460783187,11235,horizon
4994,2025-12-04,13,0.0,1.5006439558569507e-16,0.0,0.4385606460783187,11235,horizon
4994,2025-12-05,14,0.0,1.5006439558569507e-16,0.0,0.4385606460783187,11235,horizon
4994,2025-12-06,15,0.0,2.0936493878579075e-16,0.0,0.530339829036103,11235,horizon
4994,2025-12-07,16,0.0,2.0936493878579075e-16,0.0,0.530339829036103,11235,horizon
4994,2025-12-08,17,0.0,2.0936493878579075e-16,0.0,0.530339829036103,11235,horizon
4994,2025-12-09,18,0.0,2.0936493878579075e-16,0.0,0.530339829036103,11235,horizon
4994,2025-12-10,19,0.0,2.0936493878579075e-16,0.0,0.530339829036103,11235,horizon
4994,2025-12-11,20,0.0,2.0936493878579075e-16,0.0,0.530339829036103,11235,horizon
4994,2025-12-12,21,0.0,2.0936493878579075e-16,0.0,0.530339829036103,11235,horizon
4994,2025-12-13,22,0.0,0.00011539169020314227,0.0,0.8633198077050313,14445,horizon
4994,2025-12-14,23,0.0,2.085521617919071e-16,0.0,0.8632044160148283,14445,horizon
4994,2025-12-15,24,0.0,2.085521617919071e-16,0.0,0.8632044160148283,14445,horizon
4994,2025-12-16,25,0.0,2.085521617919071e-16,0.0,0.8632044160148283,14445,horizon
4994,2025-12-17,26,0.0,2.085521617919071e-16,0.0,0.8632044160148283,14445,horizon
4994,2025-12-18,27,0.0,2.085521617919071e-16,0.0,0.8632044160148283,14445,horizon
4994,2025-12-19,28,0.0,2.085521617919071e-16,0.0,0.8632044160148283,14445,horizon
4994,2025-12-20,29,0.0,2.085521617919071e-16,0.0,0.8632044160148283,14445,horizon
4994,2025-12-21,30,0.0,2.085521617919071e-16,0.0,0.8632044160148283,14445,horizon
4995,2025-11-22,1,41607.0,43165.11875742686,41607.0,50291.98935674382,4815,horizon
4995,2025-11-23,2,39677.0,43068.41952614257,39677.0,50179.32438904422,4815,horizon
4995,2025-11-24,3,40442.0,46768.00699786641,40442.0,54489.740278268786,4815,horizon
4995,2025-11-25,4,40703.0,50064.25546698428,40703.0,65906.54802928418,6420,horizon
4995,2025-11-26,5,38327.0,51444.22781920174,38327.0,67723.19771801235,6420,horizon
4995,2025-11-27,6,29621.0,43608.59385341173,29809.125637773104,57408.06206905036,6420,horizon
4995,2025-11-28,7,12542.0,20580.67295582094,14068.141429008469,27093.204482633413,6420,horizon
4995,2025-11-29,8,14788.0,25922.403850847448,14788.0,37290.9500315782,11235,horizon
4995,2025-11-30,9,13862.0,26817.402444905325,15056.345102525367,38578.45978728528,11235,horizon
4995,2025-12-01,10,14694.0,30016.420920026994,16852.3999683812,43180.44187167279,11235,horizon
4995,2025-12-02,11,15305.0,32468.832421328687,18229.280297222125,46708.38454543525,11235,horizon
4995,2025-12-03,12,14768.0,35431.35804581064,19892.558769807692,50970.15732181358,11235,horizon
4995,2025-12-04,13,14192.0,39103.327190493714,21954.14675401891,56252.507626968516,11235,horizon
4995,2025-12-05,14,8469.0,26594.98117286614,14931.46904725325,38258.493298479036,11235,horizon
4995,2025-12-06,15,8784.0,28747.495498220236,13501.553650477981,43993.43734596249,11235,horizon
4995,2025-12-07,16,8495.0,28771.844946951398,13512.989616731937,44030.70027717086,11235,horizon
4995,2025-12-08,17,8909.0,30244.954302188093,14204.850408360919,46285.05819601526,11235,horizon
4995,2025-12-09,18,9720.0,32758.192836148784,15385.218447893953,50131.167224403616,11235,horizon
4995,2025-12-10,19,9681.0,33854.71675496752,15900.21205907236,51809.22145086268,11235,horizon
4995,2025-12-11,20,9118.0,37174.736192132405,17459.492955534683,56889.97942873013,11235,horizon
4995,2025-12-12,21,5644.0,26716.331393159988,12547.596769639655,40885.06601668032,11235,horizon
4995,2025-12-13,22,6563.0,28860.26449082476,6563.0,53772.572246660624,14445,horizon
4995,2025-12-14,23,6417.0,30485.482404922437,6417.0,56800.685441193826,14445,horizon
4995,2025-12-15,24,6709.0,34557.77709193151,6709.0,64388.20288534285,14445,horizon
4995,2025-12-16,25,7774.0,39965.82870832125,7774.0,74464.50853903635,14445,horizon
4995,2025-12-17,26,7811.0,39706.56600647285,7811.0,73981.44912804448,14445,horizon
4995,2025-12-18,27,7193.0,40225.489988500995,7193.0,74948.31058293532,14445,horizon
4995,2025-12-19,28,4070.0,29753.117443028612,4070.0950759985026,55436.139810058725,14445,horizon
4995,2025-12-20,29,3768.0,31040.321873277775,4246.178957742737,57834.46478881281,14445,horizon
4995,2025-12-21,30,2136.0,22244.50250166824,3042.9497101753223,41446.05529316116,14445,horizon
4998,2025-11-22,1,0.0,1.3489376408701964e-16,0.0,0.16510716996673924,4815,horizon
4998,2025-11-23,2,0.0,1.3489376408701964e-16,0.0,0.16510716996673924,4815,horizon
4998,2025-11-24,3,0.0,1.3489376408701964e-16,0.0,0.16510716996673924,4815,horizon
4998,2025-11-25,4,0.0,1.3489376408701964e-16,0.0,0.3164391922845507,6420,horizon
4998,2025-11-26,5,0.0,1.3489376408701964e-16,0.0,0.3164391922845507,6420,horizon
4998,2025-11-27,6,0.0,1.3489376408701964e-16,0.0,0.3164391922845507,6420,horizon
4998,2025-11-28,7,0.0,1.3489376408701964e-16,0.0,0.3164391922845507,6420,horizon
4998,2025-11-29,8,0.0,1.5006439558569507e-16,0.0,0.4385606460783187,11235,horizon
4998,2025-11-30,9,0.0,1.5006439558569507e-16,0.0,0.4385606460783187,11235,horizon
4998,2025-12-01,10,0.0,1.5006439558569507e-16,0.0,0.4385606460783187,11235,horizon
4998,2025-12-02,11,0.0,1.5006439558569507e-16,0.0,0.4385606460783187,11235,horizon
4998,2025-12-03,12,0.0,1.5006439558569507e-16,0.0,0.4385606460783187,11235,horizon
4998,2025-12-04,13,0.0,1.5006439558569507e-16,0.0,0.4385606460783187,11235,horizon
4998,2025-12-05,14,0.0,1.5006439558569507e-16,0.0,0.4385606460783187,11235,horizon
4998,2025-12-06,15,0.0,2.0936493878579075e-16,0.0,0.530339829036103,11235,horizon
4998,2025-12-07,16,0.0,2.0936493878579075e-16,0.0,0.530339829036103,11235,horizon
4998,2025-12-08,17,0.0,2.0936493878579075e-16,0.0,0.530339829036103,11235,horizon
4998,2025-12-09,18,0.0,2.0936493878579075e-16,0.0,0.530339829036103,11235,horizon
4998,2025-12-10,19,0.0,2.0936493878579075e-16,0.0,0.530339829036103,11235,horizon
4998,2025-12-11,20,0.0,2.0936493878579075e-16,0.0,0.530339829036103,11235,horizon
4998,2025-12-12,21,0.0,2.0936493878579075e-16,0.0,0.530339829036103,11235,horizon
4998,2025-12-13,22,0.0,0.00011539169020314227,0.0,0.8633198077050313,14445,horizon
4998,2025-12-14,23,0.0,2.085521617919071e-16,0.0,0.8632044160148283,14445,horizon
4998,2025-12-15,24,0.0,2.085521617919071e-16,0.0,0.8632044160148283,14445,horizon
4998,2025-12-16,25,0.0,2.085521617919071e-16,0.0,0.8632044160148283,14445,horizon
4998,2025-12-17,26,0.0,2.085521617919071e-16,0.0,0.8632044160148283,14445,horizon
4998,2025-12-18,27,0.0,2.085521617919071e-16,0.0,0.8632044160148283,14445,horizon
4998,2025-12-19,28,0.0,2.085521617919071e-16,0.0,0.8632044160148283,14445,horizon
4998,2025-12-20,29,0.0,2.085521617919071e-16,0.0,0.8632044160148283,14445,horizon
4998,2025-12-21,30,0.0,2.085521617919071e-16,0.0,0.8632044160148283,14445,horizon
5163,2025-11-22,1,2.0,2.0,2.0,2.330214339933478,4815,horizon
5163,2025-11-23,2,0.0,0.012828227928139977,0.0,0.17793539789487908,4815,horizon
5163,2025-11-24,3,1.0,1.127218439073028,1.0,1.3133302854827007,4815,horizon
5163,2025-11-25,4,0.0,0.20836720873364323,0.0,0.5248064010181939,6420,horizon
5163,2025-11-26,5,0.0,0.9637780476064308,0.6473388553218802,1.2802172398909815,6420,horizon
5163,2025-11-27,6,0.0,1.468795043845534,1.0040107265395022,1.9335793611515657,6420,horizon
5163,2025-11-28,7,0.0,0.06228200103444779,0.0,0.3787211933189984,6420,horizon
5163,2025-11-29,8,0.0,0.09210623522535782,0.0,0.5306668813036763,11235,horizon
5163,2025-11-30,9,0.0,0.13279406870049384,0.0,0.5713547147788124,11235,horizon
5163,2025-12-01,10,0.0,0.12133505460179214,0.0,0.5598957006801106,11235,horizon
5163,2025-12-02,11,0.0,0.12760198566096362,0.0,0.5661626317392822,11235,horizon
5163,2025-12-03,12,0.0,0.6557638321834528,0.21720318610513428,1.0943244782617714,11235,horizon
5163,2025-12-04,13,0.0,1.375480309451811,0.7722487762706194,1.9787118426330028,11235,horizon
5163,2025-12-05,14,0.0,0.14015957157708384,0.0,0.5787202176554024,11235,horizon
5163,2025-12-06,15,0.0,0.2703529256376081,0.0,0.8006927546737108,11235,horizon
5163,2025-12-07,16,0.0,0.22496855557640374,0.0,0.7553083846125065,11235,horizon
5163,2025-12-08,17,0.0,0.0653442772290188,0.0,0.5956841062651216,11235,horizon
5163,2025-12-09,18,0.0,0.10873096106349993,0.0,0.6390707900996027,11235,horizon
5163,2025-12-10,19,0.0,0.2461310458593931,0.0,0.7764708748954958,11235,horizon
5163,2025-12-11,20,0.0,0.947805698959674,0.41746586992357126,1.478145527995777,11235,horizon
5163,2025-12-12,21,0.0,0.075343016734858,0.0,0.6056828457709608,11235,horizon
5163,2025-12-13,22,0.0,0.1657432015905597,0.0,1.0289476176053878,14445,horizon
5163,2025-12-14,23,0.0,0.08172048838705,0.0,0.9449249044018782,14445,horizon
5163,2025-12-15,24,0.0,0.19854269637742203,0.0,1.0617471123922502,14445,horizon
5163,2025-12-16,25,0.0,0.275900260108187,0.0,1.139104676123015,14445,horizon
5163,2025-12-17,26,0.0,0.37012557371109195,0.0,1.23332998972592,14445,horizon
5163,2025-12-18,27,0.0,0.6553222378588719,0.0,1.5185266538737001,14445,horizon
5163,2025-12-19,28,0.0,0.25862347430258187,0.0,1.12182789031741,14445,horizon
5163,2025-12-20,29,0.0,0.19840272323825597,0.0,1.0616071392530841,14445,horizon
5163,2025-12-21,30,0.0,0.03706346934346918,0.0,0.9002678853582973,14445,horizon
5171,2025-11-22,1,0.0,1.3489376408701964e-16,0.0,0.16510716996673924,4815,horizon
5171,2025-11-23,2,0.0,1.3489376408701964e-16,0.0,0.16510716996673924,4815,horizon
5171,2025-11-24,3,0.0,1.3489376408701964e-16,0.0,0.16510716996673924,4815,horizon
5171,2025-11-25,4,0.0,1.3489376408701964e-16,0.0,0.3164391922845507,6420,horizon
5171,2025-11-26,5,0.0,1.3489376408701964e-16,0.0,0.3164391922845507,6420,horizon
5171,2025-11-27,6,0.0,1.3489376408701964e-16,0.0,0.3164391922845507,6420,horizon
5171,2025-11-28,7,0.0,1.3489376408701964e-16,0.0,0.3164391922845507,6420,horizon
5171,2025-11-29,8,0.0,1.5006439558569507e-16,0.0,0.4385606460783187,11235,horizon
5171,2025-11-30,9,0.0,1.5006439558569507e-16,0.0,0.4385606460783187,11235,horizon
5171,2025-12-01,10,0.0,1.5006439558569507e-16,0.0,0.4385606460783187,11235,horizon
5171,2025-12-02,11,0.0,1.5006439558569507e-16,0.0,0.4385606460783187,11235,horizon
5171,2025-12-03,12,0.0,1.5006439558569507e-16,0.0,0.4385606460783187,11235,horizon
5171,2025-12-04,13,0.0,1.5006439558569507e-16,0.0,0.4385606460783187,11235,horizon
5171,2025-12-05,14,0.0,1.5006439558569507e-16,0.0,0.4385606460783187,11235,horizon
5171,2025-12-06,15,0.0,2.0936493878579075e-16,0.0,0.530339829036103,11235,horizon
5171,2025-12-07,16,0.0,2.0936493878579075e-16,0.0,0.530339829036103,11235,horizon
5171,2025-12-08,17,0.0,2.0936493878579075e-16,0.0,0.530339829036103,11235,horizon
5171,2025-12-09,18,0.0,2.0936493878579075e-16,0.0,0.530339829036103,11235,horizon
5171,2025-12-10,19,0.0,2.0936493878579075e-16,0.0,0.530339829036103,11235,horizon
5171,2025-12-11,20,0.0,2.0936493878579075e-16,0.0,0.530339829036103,11235,horizon
5171,2025-12-12,21,0.0,2.0936493878579075e-16,0.0,0.530339829036103,11235,horizon
5171,2025-12-13,22,0.0,0.00011539169020314227,0.0,0.8633198077050313,14445,horizon
5171,2025-12-14,23,0.0,2.085521617919071e-16,0.0,0.8632044160148283,14445,horizon
5171,2025-12-15,24,0.0,2.085521617919071e-16,0.0,0.8632044160148283,14445,horizon
5171,2025-12-16,25,0.0,2.085521617919071e-16,0.0,0.8632044160148283,14445,horizon
5171,2025-12-17,26,0.0,2.085521617919071e-16,0.0,0.8632044160148283,14445,horizon
5171,2025-12-18,27,0.0,2.085521617919071e-16,0.0,0.8632044160148283,14445,horizon
5171,2025-12-19,28,0.0,2.085521617919071e-16,0.0,0.8632044160148283,14445,horizon
5171,2025-12-20,29,0.0,2.085521617919071e-16,0.0,0.8632044160148283,14445,horizon
5171,2025-12-21,30,0.0,2.085521617919071e-16,0.0,0.8632044160148283,14445,horizon
5241,2025-11-22,1,0.0,1.3489376408701964e-16,0.0,0.16510716996673924,4815,horizon
5241,2025-11-23,2,0.0,1.3489376408701964e-16,0.0,0.16510716996673924,4815,horizon
5241,2025-11-24,3,0.0,1.3489376408701964e-16,0.0,0.16510716996673924,4815,horizon
5241,2025-11-25,4,0.0,1.3489376408701964e-16,0.0,0.3164391922845507,6420,horizon
5241,2025-11-26,5,0.0,1.3489376408701964e-16,0.0,0.3164391922845507,6420,horizon
5241,2025-11-27,6,0.0,1.3489376408701964e-16,0.0,0.3164391922845507,6420,horizon
5241,2025-11-28,7,0.0,1.3489376408701964e-16,0.0,0.3164391922845507,6420,horizon
5241,2025-11-29,8,0.0,1.5006439558569507e-16,0.0,0.4385606460783187,11235,horizon
5241,2025-11-30,9,0.0,1.5006439558569507e-16,0.0,0.4385606460783187,11235,horizon
5241,2025-12-01,10,0.0,1.5006439558569507e-16,0.0,0.4385606460783187,11235,horizon
5241,2025-12-02,11,0.0,1.5006439558569507e-16,0.0,0.4385606460783187,11235,horizon
5241,2025-12-03,12,0.0,1.5006439558569507e-16,0.0,0.4385606460783187,11235,horizon
5241,2025-12-04,13,0.0,1.5006439558569507e-16,0.0,0.4385606460783187,11235,horizon
5241,2025-12-05,14,0.0,1.5006439558569507e-16,0.0,0.4385606460783187,11235,horizon
5241,2025-12-06,15,0.0,2.0936493878579075e-16,0.0,0.530339829036103,11235,horizon
5241,2025-12-07,16,0.0,2.0936493878579075e-16,0.0,0.530339829036103,11235,horizon
5241,2025-12-08,17,0.0,2.0936493878579075e-16,0.0,0.530339829036103,11235,horizon
5241,2025-12-09,18,0.0,2.0936493878579075e-16,0.0,0.530339829036103,11235,horizon
5241,2025-12-10,19,0.0,2.0936493878579075e-16,0.0,0.530339829036103,11235,horizon
5241,2025-12-11,20,0.0,2.0936493878579075e-16,0.0,0.530339829036103,11235,horizon
5241,2025-12-12,21,0.0,2.0936493878579075e-16,0.0,0.530339829036103,11235,horizon
5241,2025-12-13,22,0.0,0.00011539169020314227,0.0,0.8633198077050313,14445,horizon
5241,2025-12-14,23,0.0,2.085521617919071e-16,0.0,0.8632044160148283,14445,horizon
5241,2025-12-15,24,0.0,2.085521617919071e-16,0.0,0.8632044160148283,14445,horizon
5241,2025-12-16,25,0.0,2.085521617919071e-16,0.0,0.8632044160148283,14445,horizon
5241,2025-12-17,26,0.0,2.085521617919071e-16,0.0,0.8632044160148283,14445,horizon
5241,2025-12-18,27,0.0,2.085521617919071e-16,0.0,0.8632044160148283,14445,horizon
5241,2025-12-19,28,0.0,2.085521617919071e-16,0.0,0.8632044160148283,14445,horizon
5241,2025-12-20,29,0.0,2.085521617919071e-16,0.0,0.8632044160148283,14445,horizon
5241,2025-12-21,30,0.0,2.085521617919071e-16,0.0,0.8632044160148283,14445,horizon
5244,2025-11-22,1,47.0,58.85570038905057,49.138202261404125,68.57319851669702,4815,horizon
5244,2025-11-23,2,31.0,55.39771274514592,46.25115317116452,64.54427231912732,4815,horizon
5244,2025-11-24,3,21.0,49.92876560625918,41.685168417077065,58.17236279544129,4815,horizon
5244,2025-11-25,4,21.0,50.93846055732658,34.81953524234772,67.05738587230545,6420,horizon
5244,2025-11-26,5,24.0,64.62967835517496,44.178315138853094,85.08104157149683,6420,horizon
5244,2025-11-27,6,64.0,162.33963074961116,110.96900911943202,213.7102523797903,6420,horizon
5244,2025-11-28,7,33.0,81.83424866465045,55.9386851159954,107.7298122133055,6420,horizon
5244,2025-11-29,8,14.0,60.13908093175024,33.764446743765575,86.51371511973491,11235,horizon
5244,2025-11-30,9,18.0,73.17576657307947,41.08375510751352,105.26777803864542,11235,horizon
5244,2025-12-01,10,44.0,90.14157867114419,50.60902969060761,129.67412765168075,11235,horizon
5244,2025-12-02,11,40.0,95.98588370274035,53.890252531668196,138.08151487381252,11235,horizon
5244,2025-12-03,12,40.0,112.63880316229498,63.239856873950345,162.0377494506396,11235,horizon
5244,2025-12-04,13,23.0,190.58660966869675,107.00282299851679,274.1703963388767,11235,horizon
5244,2025-12-05,14,13.0,84.4006902649118,47.385869012876036,121.41551151694756,11235,horizon
5244,2025-12-06,15,12.0,75.91880349886387,35.65603823065092,116.18156876707681,11235,horizon
5244,2025-12-07,16,12.0,73.32931024771574,34.43985638760684,112.21876410782464,11235,horizon
5244,2025-12-08,17,10.0,74.84166431756562,35.15014885861047,114.53317977652077,11235,horizon
5244,2025-12-09,18,10.0,73.00641398418361,34.28820487327273,111.72462309509449,11235,horizon
5244,2025-12-10,19,5.0,76.08375393127486,35.733508878937634,116.43399898361207,11235,horizon
5244,2025-12-11,20,17.0,225.62521538034107,105.96717722929712,345.283253531385,11235,horizon
5244,2025-12-12,21,6.0,74.79977103437133,35.130473252063204,114.46906881667945,11235,horizon
5244,2025-12-13,22,2.0,67.3695057045303,9.21585087564359,125.52316053341701,14445,horizon
5244,2025-12-14,23,2.0,59.13892881142968,8.089944303017027,110.18791331984232,14445,horizon
5244,2025-12-15,24,4.0,73.97323007830803,10.119211207831633,137.82724894878444,14445,horizon
5244,2025-12-16,25,5.0,85.1462166251482,11.647626427365097,158.6448068229313,14445,horizon
5244,2025-12-17,26,4.0,78.67854160353792,10.762877045757605,146.59420616131825,14445,horizon
5244,2025-12-18,27,5.0,165.1881247203134,22.597005988530668,307.7792434520961,14445,horizon
5244,2025-12-19,28,2.0,85.33380042171292,11.67328706236232,158.9943137810635,14445,horizon
5244,2025-12-20,29,2.0,79.38236058151969,10.859156373870476,147.90556478916892,14445,horizon
5244,2025-12-21,30,1.0,57.75452184700243,7.900563543845067,107.60848015015979,14445,horizon
5262,2025-11-22,1,29.0,37.722958640385514,31.494627696499112,43.95128958427191,4815,horizon
5262,2025-11-23,2,20.0,36.41593038869779,30.40339918051412,42.428461596881455,4815,horizon
5262,2025-11-24,3,24.0,41.96716590097846,35.03808590754327,48.896245894413646,4815,horizon
5262,2025-11-25,4,8.0,28.564469719059097,19.525551993123536,37.60338744499466,6420,horizon
5262,2025-11-26,5,13.0,41.93218961739977,28.66320140414717,55.20117783065237,6420,horizon
5262,2025-11-27,6,40.0,127.39660038888783,87.0833230620305,167.70987771574517,6420,horizon
5262,2025-11-28,7,0.0,27.66414921220625,18.910128180256418,36.41817024415609,6420,horizon
5262,2025-11-29,8,0.0,27.465502693824508,15.420214087555035,39.510791300093985,11235,horizon
5262,2025-11-30,9,1.0,34.166219560585716,19.18226023604156,49.150178885129876,11235,horizon
5262,2025-12-01,10,3.0,39.554302756064786,22.2073421841876,56.901263327941976,11235,horizon
5262,2025-12-02,11,6.0,38.86610792616251,21.820962523515025,55.911253328810005,11235,horizon
5262,2025-12-03,12,29.0,79.95241280949605,44.88843099224304,115.01639462674908,11235,horizon
5262,2025-12-04,13,10.0,181.7043114056467,102.01595120037031,261.3926716109231,11235,horizon
5262,2025-12-05,14,3.0,57.41325432369264,32.234060414035184,82.5924482333501,11235,horizon
5262,2025-12-06,15,8.0,42.35838225341638,19.89404505089365,64.82271945593911,11235,horizon
5262,2025-12-07,16,0.0,38.008253760518414,17.850962959204267,58.16554456183256,11235,horizon
5262,2025-12-08,17,0.0,36.72291976907771,17.24729277703852,56.1985467611169,11235,horizon
5262,2025-12-09,18,6.0,40.818087237369554,19.170629830322255,62.46554464441685,11235,horizon
5262,2025-12-10,19,6.0,53.99327863436003,25.358492474314872,82.62806479440519,11235,horizon
5262,2025-12-11,20,12.0,199.1128182855198,93.51536027708063,304.710276293959,11235,horizon
5262,2025-12-12,21,4.0,60.646326207587826,28.483163934987978,92.80948848018767,11235,horizon
5262,2025-12-13,22,4.0,43.99653790883563,6.018532096564925,81.97454372110633,14445,horizon
5262,2025-12-14,23,1.0,39.23386548377177,5.36701954084824,73.10071142669531,14445,horizon
5262,2025-12-15,24,1.0,44.07282982764197,6.0289684941513855,82.11669116113255,14445,horizon
5262,2025-12-16,25,1.0,46.40277368144163,6.34769452428457,86.45785283859868,14445,horizon
5262,2025-12-17,26,1.0,59.103991251456904,8.085164999097536,110.12281750381626,14445,horizon
5262,2025-12-18,27,4.0,159.05024538262046,21.757371200100465,296.34311956514046,14445,horizon
5262,2025-12-19,28,7.0,73.35361386703804,10.034450446364268,136.6727772877118,14445,horizon
5262,2025-12-20,29,9.0,48.940533575717566,9.0,91.18621828039893,14445,horizon
5262,2025-12-21,30,7.0,41.130991973175036,7.0,76.63544587949018,14445,horizon
5265,2025-11-22,1,21.0,22.43213648086302,21.0,26.135843051525956,4815,horizon
5265,2025-11-23,2,14.0,17.171997751668677,14.336777800215454,20.0072177031219,4815,horizon
5265,2025-11-24,3,13.0,18.46731764355283,15.418231090548991,21.516404196556664,4815,horizon
5265,2025-11-25,4,12.0,17.373207487010227,12.0,22.87077123159165,6420,horizon
5265,2025-11-26,5,16.0,24.74699036521833,16.916072722575088,32.57790800786157,6420,horizon
5265,2025-11-27,6,11.0,22.017896979447563,15.05057144346673,28.985222515428397,6420,horizon
5265,2025-11-28,7,5.0,10.605206182234475,7.249303303917076,13.961109060551875,6420,horizon
5265,2025-11-29,8,4.0,10.069178024635187,5.653232804673572,14.485123244596803,11235,horizon
5265,2025-11-30,9,5.0,13.302607593078468,7.46860741253163,19.136607773625308,11235,horizon
5265,2025-12-01,10,5.0,14.396253478670697,8.082623251957635,20.70988370538376,11235,horizon
5265,2025-12-02,11,6.0,15.214595305301135,8.542072558388117,21.887118052214152,11235,horizon
5265,2025-12-03,12,4.0,15.864797459787845,8.907121635921621,22.82247328365407,11235,horizon
5265,2025-12-04,13,2.0,21.911608031452,12.302039056563538,31.521177006340466,11235,horizon
5265,2025-12-05,14,2.0,11.453513959899412,6.430453477778886,16.47657444201994,11235,horizon
5265,2025-12-06,15,2.0,12.19367347611318,5.726882769469255,18.660464182757103,11235,horizon
5265,2025-12-07,16,2.0,12.203342636272776,5.731423988882888,18.675261283662664,11235,horizon
5265,2025-12-08,17,3.0,13.84227927944818,6.501167252915645,21.183391305980713,11235,horizon
5265,2025-12-09,18,4.0,17.542353556508168,8.238944770458756,26.845762342557578,11235,horizon
5265,2025-12-10,19,2.0,17.506919803842607,8.222302948123957,26.791536659561256,11235,horizon
5265,2025-12-11,20,3.0,23.22060521283763,10.905793414146483,35.53541701152878,11235,horizon
5265,2025-12-12,21,3.0,12.970471267808755,6.091713753121376,19.849228782496134,11235,horizon
5265,2025-12-13,22,3.0,14.707934950014154,3.0,27.403889349325205,14445,horizon
5265,2025-12-14,23,4.0,16.19615722532683,4.0,30.176751664699413,14445,horizon
5265,2025-12-15,24,4.0,18.754081427191302,4.0,34.9426873334445,14445,horizon
5265,2025-12-16,25,4.0,23.480595239636187,4.0,43.7491487411469,14445,horizon
5265,2025-12-17,26,3.0,23.765635746224973,3.251034020683722,44.28023747176623,14445,horizon
5265,2025-12-18,27,4.0,26.035646723806178,4.0,48.509731949597665,14445,horizon
5265,2025-12-19,28,3.0,16.234379664419755,3.0,30.24796788200821,14445,horizon
5265,2025-12-20,29,3.0,16.314052218878174,3.0,30.39641413731032,14445,horizon
5265,2025-12-21,30,1.0,10.622672963234331,1.4531347514891362,19.792211174979528,14445,horizon
5270,2025-11-22,1,19.0,21.06853545681193,19.0,24.547101721430046,4815,horizon
5270,2025-11-23,2,24.0,29.17799071413165,24.36049524200558,33.99548618625772,4815,horizon
5270,2025-11-24,3,10.0,14.23970830825948,11.888630368330896,16.590786248188067,4815,horizon
5270,2025-11-25,4,11.0,16.17835191413915,11.058887301933744,21.297816526344555,6420,horizon
5270,2025-11-26,5,11.0,24.347309929618913,16.642866841188685,32.05175301804914,6420,horizon
5270,2025-11-27,6,25.0,58.412717600589374,39.928644423913326,76.89679077726542,6420,horizon
5270,2025-11-28,7,3.0,9.640779613723009,6.590059099763138,12.691500127682879,6420,horizon
5270,2025-11-29,8,3.0,10.315192870639024,5.791355220869108,14.83903052040894,11235,horizon
5270,2025-11-30,9,4.0,12.053348303513609,6.767224084117676,17.339472522909542,11235,horizon
5270,2025-12-01,10,4.0,12.490250485972588,7.012518163164418,17.967982808780757,11235,horizon
5270,2025-12-02,11,4.0,13.906162664504416,7.807466981889168,20.004858347119665,11235,horizon
5270,2025-12-03,12,2.0,14.646667194688003,8.22321536689152,21.070119022484487,11235,horizon
5270,2025-12-04,13,8.0,51.068475851363296,28.671852087754402,73.46509961497219,11235,horizon
5270,2025-12-05,14,1.0,10.7213224030731,6.01937232316741,15.423272482978788,11235,horizon
5270,2025-12-06,15,1.0,5.991860601514541,2.8141382744991597,9.169582928529923,11235,horizon
5270,2025-12-07,16,1.0,5.973400468709287,2.8054682853698276,9.141332652048746,11235,horizon
5270,2025-12-08,17,0.0,0.0,0.0,0.5303398290361028,11235,horizon
5270,2025-12-09,18,0.0,0.0,0.0,0.5303398290361028,11235,horizon
5270,2025-12-10,19,1.0,12.513377050043482,5.87703480465913,19.149719295427836,11235,horizon
5270,2025-12-11,20,2.0,37.84270666733412,17.773212083116757,57.91220125155148,11235,horizon
5270,2025-12-12,21,0.0,0.0,0.0,0.5303398290361028,11235,horizon
5270,2025-12-13,22,0.0,0.025315238199117844,0.0,0.888519654213946,14445,horizon
5270,2025-12-14,23,0.0,0.0,0.0,0.8632044160148281,14445,horizon
5270,2025-12-15,24,0.0,0.04533286069549394,0.0,0.908537276710322,14445,horizon
5270,2025-12-16,25,0.0,0.021243952446024374,0.0,0.8844483684608525,14445,horizon
5270,2025-12-17,26,0.0,0.013382548277766639,0.0,0.8765869642925948,14445,horizon
5270,2025-12-18,27,1.0,30.103710053515872,4.1180545968909925,56.08936551014075,14445,horizon
5270,2025-12-19,28,2.0,14.679682151529136,2.0081156926351333,27.351248610423138,14445,horizon
5270,2025-12-20,29,1.0,10.599657972443309,1.449986402383466,19.74932954250315,14445,horizon
5270,2025-12-21,30,1.0,10.496404779850204,1.4358618216043588,19.55694773809605,14445,horizon
5297,2025-11-22,1,1354.0,1521.1539799445886,1354.0,1772.3074086568815,4815,horizon
5297,2025-11-23,2,961.0,1193.5429455384435,996.4804475668253,1390.6054435100618,4815,horizon
5297,2025-11-24,3,789.0,1119.8053485939129,934.9174565739542,1304.6932406138717,4815,horizon
5297,2025-11-25,4,679.0,1074.540905370132,734.5140491980976,1414.5677615421662,6420,horizon
5297,2025-11-26,5,660.0,1291.8868135669902,883.08319375879,1700.6904333751904,6420,horizon
5297,2025-11-27,6,570.0,1383.5862565598877,945.7653390780719,1821.4071740417035,6420,horizon
5297,2025-11-28,7,205.0,498.78898258711547,340.9525998168159,656.625365357415,6420,horizon
5297,2025-11-29,8,133.0,358.44392569744207,201.24452606072308,515.6433253341611,11235,horizon
5297,2025-11-30,9,199.0,510.2920311570285,286.4980282841846,734.0860340298723,11235,horizon
5297,2025-12-01,10,192.0,524.7225036295208,294.5998634259253,754.8451438331163,11235,horizon
5297,2025-12-02,11,210.0,701.7860224967878,394.0102910618632,1009.5617539317125,11235,horizon
5297,2025-12-03,12,207.0,885.4129048527279,497.1056492544348,1273.720160451021,11235,horizon
5297,2025-12-04,13,241.0,1684.8299882477866,945.9298600697115,2423.7301164258615,11235,horizon
5297,2025-12-05,14,109.0,552.5927549848304,310.2473193404852,794.9381906291757,11235,horizon
5297,2025-12-06,15,99.0,484.37972375302786,227.4938638692924,741.2655836367633,11235,horizon
5297,2025-12-07,16,95.0,550.2217182753927,258.4172262732703,842.0262102775152,11235,horizon
5297,2025-12-08,17,90.0,526.7349981038828,247.38644926213772,806.083546945628,11235,horizon
5297,2025-12-09,18,86.0,535.5633493564865,251.53277422076485,819.5939244922081,11235,horizon
5297,2025-12-10,19,98.0,815.6442502800512,383.07561803224866,1248.2128825278537,11235,horizon
5297,2025-12-11,20,165.0,1805.9729886179302,848.1935825904775,2763.752394645383,11235,horizon
5297,2025-12-12,21,104.0,772.6935203601726,362.90337087505424,1182.483669845291,11235,horizon
5297,2025-12-13,22,81.0,537.0757333090589,81.0,1000.6818780358408,14445,horizon
5297,2025-12-14,23,71.0,487.0733444841764,71.0,907.5172063660291,14445,horizon
5297,2025-12-15,24,36.0,440.6173363596935,60.274505841315204,820.9601668780718,14445,horizon
5297,2025-12-16,25,28.0,479.0035841875893,65.5255750299317,892.4815933452469,14445,horizon
5297,2025-12-17,26,49.0,709.9469885002945,97.11761289041192,1322.7763641101772,14445,horizon
5297,2025-12-18,27,54.0,904.9637785956119,123.79504857841448,1686.1325086128093,14445,horizon
5297,2025-12-19,28,16.0,433.1255982775089,59.24966915529882,807.001527399719,14445,horizon
5297,2025-12-20,29,51.0,494.442681757101,67.63757539815714,921.2477881160448,14445,horizon
5297,2025-12-21,30,36.0,330.0900480353483,45.154860888688916,615.0252351820077,14445,horizon
5303,2025-11-22,1,0.0,1.3489376408701964e-16,0.0,0.16510716996673924,4815,horizon
5303,2025-11-23,2,0.0,1.3489376408701964e-16,0.0,0.16510716996673924,4815,horizon
5303,2025-11-24,3,0.0,1.3489376408701964e-16,0.0,0.16510716996673924,4815,horizon
5303,2025-11-25,4,0.0,1.3489376408701964e-16,0.0,0.3164391922845507,6420,horizon
5303,2025-11-26,5,0.0,1.3489376408701964e-16,0.0,0.3164391922845507,6420,horizon
5303,2025-11-27,6,0.0,1.3489376408701964e-16,0.0,0.3164391922845507,6420,horizon
5303,2025-11-28,7,0.0,1.3489376408701964e-16,0.0,0.3164391922845507,6420,horizon
5303,2025-11-29,8,0.0,1.5006439558569507e-16,0.0,0.4385606460783187,11235,horizon
5303,2025-11-30,9,0.0,1.5006439558569507e-16,0.0,0.4385606460783187,11235,horizon
5303,2025-12-01,10,0.0,1.5006439558569507e-16,0.0,0.4385606460783187,11235,horizon
5303,2025-12-02,11,0.0,1.5006439558569507e-16,0.0,0.4385606460783187,11235,horizon
5303,2025-12-03,12,0.0,1.5006439558569507e-16,0.0,0.4385606460783187,11235,horizon
5303,2025-12-04,13,0.0,1.5006439558569507e-16,0.0,0.4385606460783187,11235,horizon
5303,2025-12-05,14,0.0,1.5006439558569507e-16,0.0,0.4385606460783187,11235,horizon
5303,2025-12-06,15,0.0,2.0936493878579075e-16,0.0,0.530339829036103,11235,horizon
5303,2025-12-07,16,0.0,2.0936493878579075e-16,0.0,0.530339829036103,11235,horizon
5303,2025-12-08,17,0.0,2.0936493878579075e-16,0.0,0.530339829036103,11235,horizon
5303,2025-12-09,18,0.0,2.0936493878579075e-16,0.0,0.530339829036103,11235,horizon
5303,2025-12-10,19,0.0,2.0936493878579075e-16,0.0,0.530339829036103,11235,horizon
5303,2025-12-11,20,0.0,2.0936493878579075e-16,0.0,0.530339829036103,11235,horizon
5303,2025-12-12,21,0.0,2.0936493878579075e-16,0.0,0.530339829036103,11235,horizon
5303,2025-12-13,22,0.0,2.085521617919071e-16,0.0,0.8632044160148283,14445,horizon
5303,2025-12-14,23,0.0,2.085521617919071e-16,0.0,0.8632044160148283,14445,horizon
5303,2025-12-15,24,0.0,2.085521617919071e-16,0.0,0.8632044160148283,14445,horizon
5303,2025-12-16,25,0.0,2.085521617919071e-16,0.0,0.8632044160148283,14445,horizon
5303,2025-12-17,26,0.0,2.085521617919071e-16,0.0,0.8632044160148283,14445,horizon
5303,2025-12-18,27,0.0,2.085521617919071e-16,0.0,0.8632044160148283,14445,horizon
5303,2025-12-19,28,0.0,2.085521617919071e-16,0.0,0.8632044160148283,14445,horizon
5303,2025-12-20,29,0.0,2.085521617919071e-16,0.0,0.8632044160148283,14445,horizon
5303,2025-12-21,30,0.0,2.085521617919071e-16,0.0,0.8632044160148283,14445,horizon
5309,2025-11-22,1,5.0,5.090947200823735,5.0,5.931499085601835,4815,horizon
5309,2025-11-23,2,11.0,13.091355184418969,11.0,15.252831789947782,4815,horizon
5309,2025-11-24,3,7.0,8.91423046551936,7.442427100926171,10.386033830112549,4815,horizon
5309,2025-11-25,4,5.0,7.063614214592864,5.0,9.2988185912683,6420,horizon
5309,2025-11-26,5,5.0,8.571015225048145,5.858810090175324,11.283220359920964,6420,horizon
5309,2025-11-27,6,6.0,10.767284180510796,7.360093471331741,14.17447488968985,6420,horizon
5309,2025-11-28,7,3.0,5.181334024792815,3.5417568710309166,6.820911178554713,6420,horizon
5309,2025-11-29,8,6.0,10.395670132571402,6.0,14.954801942328995,11235,horizon
5309,2025-11-30,9,10.0,16.137287016517888,10.0,23.214466036433233,11235,horizon
5309,2025-12-01,10,11.0,18.151315286159416,11.0,26.111767845228748,11235,horizon
5309,2025-12-02,11,3.0,6.805405118084135,3.8208222526724613,9.78998798349581,11235,horizon
5309,2025-12-03,12,3.0,7.634173967988727,4.28612570031331,10.982222235664144,11235,horizon
5309,2025-12-04,13,3.0,12.287816693776827,6.898863865662114,17.67676952189154,11235,horizon
5309,2025-12-05,14,3.0,8.986237475171485,5.045227362247081,12.92724758809589,11235,horizon
5309,2025-12-06,15,3.0,6.638179452586158,3.117688496590645,10.15867040858167,11235,horizon
5309,2025-12-07,16,3.0,5.732720818716757,3.0,8.77301099762671,11235,horizon
5309,2025-12-08,17,3.0,5.303740980192956,3.0,8.11652606488026,11235,horizon
5309,2025-12-09,18,3.0,5.492449954038046,3.0,8.405314923651932,11235,horizon
5309,2025-12-10,19,3.0,6.536472141763063,3.069920623601192,10.003023659924935,11235,horizon
5309,2025-12-11,20,1.0,4.159544597275964,1.9535724266885843,6.365516767863344,11235,horizon
5309,2025-12-12,21,1.0,1.8637857904545239,1.0,2.852225627924094,11235,horizon
5309,2025-12-13,22,0.0,0.26299079029954914,0.0,1.1261952063143772,14445,horizon
5309,2025-12-14,23,5.0,7.217432567826331,5.0,13.447552232663261,14445,horizon
5309,2025-12-15,24,0.0,0.4414567609758131,0.0,1.304661176990641,14445,horizon
5309,2025-12-16,25,2.0,4.527148022317201,2.0,8.435002187134204,14445,horizon
5309,2025-12-17,26,2.0,5.373691036022228,2.0,10.012284868615911,14445,horizon
5309,2025-12-18,27,2.0,7.512780018623002,2.0,13.99784490724634,14445,horizon
5309,2025-12-19,28,2.0,5.543665913731331,2.0,10.328982811375095,14445,horizon
5309,2025-12-20,29,2.0,4.967383336119443,2.0,9.255250567896216,14445,horizon
5309,2025-12-21,30,0.0,0.1032066645610836,0.0,0.9664110805759117,14445,horizon
5383,2025-11-22,1,0.0,1.3489376408701964e-16,0.0,0.16510716996673924,4815,horizon
5383,2025-11-23,2,0.0,1.3489376408701964e-16,0.0,0.16510716996673924,4815,horizon
5383,2025-11-24,3,0.0,1.3489376408701964e-16,0.0,0.16510716996673924,4815,horizon
5383,2025-11-25,4,0.0,1.3489376408701964e-16,0.0,0.3164391922845507,6420,horizon
5383,2025-11-26,5,0.0,1.3489376408701964e-16,0.0,0.3164391922845507,6420,horizon
5383,2025-11-27,6,0.0,1.3489376408701964e-16,0.0,0.3164391922845507,6420,horizon
5383,2025-11-28,7,0.0,1.3489376408701964e-16,0.0,0.3164391922845507,6420,horizon
5383,2025-11-29,8,0.0,1.5006439558569507e-16,0.0,0.4385606460783187,11235,horizon
5383,2025-11-30,9,0.0,1.5006439558569507e-16,0.0,0.4385606460783187,11235,horizon
5383,2025-12-01,10,0.0,1.5006439558569507e-16,0.0,0.4385606460783187,11235,horizon
5383,2025-12-02,11,0.0,1.5006439558569507e-16,0.0,0.4385606460783187,11235,horizon
5383,2025-12-03,12,0.0,1.5006439558569507e-16,0.0,0.4385606460783187,11235,horizon
5383,2025-12-04,13,0.0,1.5006439558569507e-16,0.0,0.4385606460783187,11235,horizon
5383,2025-12-05,14,0.0,1.5006439558569507e-16,0.0,0.4385606460783187,11235,horizon
5383,2025-12-06,15,0.0,2.0936493878579075e-16,0.0,0.530339829036103,11235,horizon
5383,2025-12-07,16,0.0,2.0936493878579075e-16,0.0,0.530339829036103,11235,horizon
5383,2025-12-08,17,0.0,2.0936493878579075e-16,0.0,0.530339829036103,11235,horizon
5383,2025-12-09,18,0.0,2.0936493878579075e-16,0.0,0.530339829036103,11235,horizon
5383,2025-12-10,19,0.0,2.0936493878579075e-16,0.0,0.530339829036103,11235,horizon
5383,2025-12-11,20,0.0,2.0936493878579075e-16,0.0,0.530339829036103,11235,horizon
5383,2025-12-12,21,0.0,2.0936493878579075e-16,0.0,0.530339829036103,11235,horizon
5383,2025-12-13,22,0.0,0.00011539169020314227,0.0,0.8633198077050313,14445,horizon
5383,2025-12-14,23,0.0,2.085521617919071e-16,0.0,0.8632044160148283,14445,horizon
5383,2025-12-15,24,0.0,2.085521617919071e-16,0.0,0.8632044160148283,14445,horizon
5383,2025-12-16,25,0.0,2.085521617919071e-16,0.0,0.8632044160148283,14445,horizon
5383,2025-12-17,26,0.0,2.085521617919071e-16,0.0,0.8632044160148283,14445,horizon
5383,2025-12-18,27,0.0,2.085521617919071e-16,0.0,0.8632044160148283,14445,horizon
5383,2025-12-19,28,0.0,2.085521617919071e-16,0.0,0.8632044160148283,14445,horizon
5383,2025-12-20,29,0.0,2.085521617919071e-16,0.0,0.8632044160148283,14445,horizon
5383,2025-12-21,30,0.0,2.085521617919071e-16,0.0,0.8632044160148283,14445,horizon
5410,2025-11-22,1,2.0,2.0,2.0,2.330214339933478,4815,horizon
5410,2025-11-23,2,2.0,2.026335489740185,2.0,2.360898007854353,4815,horizon
5410,2025-11-24,3,0.0,1.3489376408701964e-16,0.0,0.16510716996673924,4815,horizon
5410,2025-11-25,4,0.0,1.3489376408701964e-16,0.0,0.3164391922845507,6420,horizon
5410,2025-11-26,5,0.0,1.3489376408701964e-16,0.0,0.3164391922845507,6420,horizon
5410,2025-11-27,6,0.0,0.13106192839338232,0.0,0.4475011206779329,6420,horizon
5410,2025-11-28,7,0.0,0.0,0.0,0.3164391922845506,6420,horizon
5410,2025-11-29,8,0.0,1.0118347454909625e-05,0.0,0.4385707644257734,11235,horizon
5410,2025-11-30,9,0.0,0.0,0.0,0.4385606460783185,11235,horizon
5410,2025-12-01,10,4.0,4.4588920216588335,4.0,6.414386587470991,11235,horizon
5410,2025-12-02,11,4.0,4.369572015765445,4.0,6.285894342085279,11235,horizon
5410,2025-12-03,12,0.0,8.79717008714225e-06,0.0,0.43856944324840563,11235,horizon
5410,2025-12-04,13,0.0,0.08478734602673661,0.0,0.5233479921050551,11235,horizon
5410,2025-12-05,14,0.0,0.0,0.0,0.4385606460783185,11235,horizon
5410,2025-12-06,15,0.0,0.003797188040177939,0.0,0.5341370170762807,11235,horizon
5410,2025-12-07,16,0.0,0.035445802300879375,0.0,0.5657856313369821,11235,horizon
5410,2025-12-08,17,0.0,0.0,0.0,0.5303398290361028,11235,horizon
5410,2025-12-09,18,0.0,0.0,0.0,0.5303398290361028,11235,horizon
5410,2025-12-10,19,0.0,0.0,0.0,0.5303398290361028,11235,horizon
5410,2025-12-11,20,0.0,0.0,0.0,0.5303398290361028,11235,horizon
5410,2025-12-12,21,0.0,0.0,0.0,0.5303398290361028,11235,horizon
5410,2025-12-13,22,0.0,0.030741865274552728,0.0,0.8939462812893808,14445,horizon
5410,2025-12-14,23,0.0,0.012836818245000265,0.0,0.8760412342598284,14445,horizon
5410,2025-12-15,24,0.0,0.017848122966880684,0.0,0.8810525389817088,14445,horizon
5410,2025-12-16,25,0.0,0.0274587143853978,0.0,0.8906631304002259,14445,horizon
5410,2025-12-17,26,0.0,0.0026120399023020395,0.0,0.8658164559171302,14445,horizon
5410,2025-12-18,27,0.0,0.02356720768621179,0.0,0.8867716237010399,14445,horizon
5410,2025-12-19,28,0.0,0.03143094184885385,0.0,0.894635357863682,14445,horizon
5410,2025-12-20,29,0.0,0.02414063882094427,0.0,0.8873450548357724,14445,horizon
5410,2025-12-21,30,0.0,0.0,0.0,0.8632044160148281,14445,horizon
5413,2025-11-22,1,8594.0,9517.816111947233,8594.0,11089.275794454674,4815,horizon
5413,2025-11-23,2,6999.0,8839.823767254478,7380.305482038373,10299.342052470583,4815,horizon
5413,2025-11-24,3,4937.0,7461.788389614679,6229.793625714728,8693.78315351463,4815,horizon
5413,2025-11-25,4,4646.0,7523.659238683638,5142.878586170391,9904.439891196886,6420,horizon
5413,2025-11-26,5,5216.0,10529.253669288672,7197.385142819823,13861.12219575752,6420,horizon
5413,2025-11-27,6,4538.0,11340.4370669885,7751.87832135688,14928.995812620118,6420,horizon
5413,2025-11-28,7,1409.0,4076.7653128936176,2786.7169901478883,5366.813635639347,6420,horizon
5413,2025-11-29,8,1357.0,4185.480528138488,2349.893483569851,6021.067572707125,11235,horizon
5413,2025-11-30,9,1030.0,3662.2037471315484,2056.1053057190975,5268.302188543999,11235,horizon
5413,2025-12-01,10,1096.0,3971.0830298723718,2229.522290660898,5712.643769083846,11235,horizon
5413,2025-12-02,11,1261.0,5020.521432652002,2818.7183094980946,7222.324555805909,11235,horizon
5413,2025-12-03,12,1371.0,7369.665636275891,4137.620313449554,10601.710959102229,11235,horizon
5413,2025-12-04,13,1447.0,10250.94553005355,5755.284235479614,14746.606824627486,11235,horizon
5413,2025-12-05,14,671.0,4560.114892093195,2560.2279588254414,6560.001825360948,11235,horizon
5413,2025-12-06,15,783.0,4838.712062209462,2272.5503343823675,7404.873790036556,11235,horizon
5413,2025-12-07,16,640.0,3969.270217096386,1864.2081287633941,6074.332305429378,11235,horizon
5413,2025-12-08,17,538.0,3571.7674940377833,1677.5169318930762,5466.018056182491,11235,horizon
5413,2025-12-09,18,478.0,3554.1851153463763,1669.2591889109178,5439.1110417818345,11235,horizon
5413,2025-12-10,19,659.0,6360.09547096683,2987.08352624099,9733.10741569267,11235,horizon
5413,2025-12-11,20,860.0,11209.137654471171,5264.485507156788,17153.789801785555,11235,horizon
5413,2025-12-12,21,510.0,5691.14432432195,2672.9038163412606,8709.38483230264,11235,horizon
5413,2025-12-13,22,504.0,4760.671619019284,651.2388542853769,8870.10438375319,14445,horizon
5413,2025-12-14,23,354.0,3626.559225248608,496.09728707469594,6757.02116342252,14445,horizon
5413,2025-12-15,24,335.0,3546.4221269856284,485.1348859189343,6607.709368052323,14445,horizon
5413,2025-12-16,25,316.0,3806.2950439146757,520.6843533521737,7091.905734477177,14445,horizon
5413,2025-12-17,26,483.0,6632.832695859898,907.3422221060964,12358.3231696137,14445,horizon
5413,2025-12-18,27,560.0,8360.077961571638,1143.6217469147578,15576.534176228519,14445,horizon
5413,2025-12-19,28,277.0,4157.533604214685,568.7322373265242,7746.334971102845,14445,horizon
5413,2025-12-20,29,161.0,2999.991735198425,410.3856213671579,5589.597849029692,14445,horizon
5413,2025-12-21,30,65.0,2131.471900645335,291.5759433967628,3971.3678578939075,14445,horizon
5414,2025-11-22,1,913.0,1039.926199442087,913.0,1211.6254712062366,4815,horizon
5414,2025-11-23,2,790.0,1041.9811314129597,869.9425756466251,1214.0196871792944,4815,horizon
5414,2025-11-24,3,508.0,769.442750059827,642.4022351460239,896.48326497363,4815,horizon
5414,2025-11-25,4,460.0,826.2944080826529,564.8224729997373,1087.7663431655685,6420,horizon
5414,2025-11-26,5,678.0,1422.064704824054,972.0676982531625,1872.0617113949454,6420,horizon
5414,2025-11-27,6,851.0,2285.2016243836683,1562.0742681563574,3008.328980610979,6420,horizon
5414,2025-11-28,7,355.0,887.2845095025417,606.5129159889638,1168.0561030161198,6420,horizon
5414,2025-11-29,8,168.0,511.12149270079647,286.9637206374206,735.2792647641724,11235,horizon
5414,2025-11-30,9,98.0,452.3921106653812,253.99073433123746,650.7934869995249,11235,horizon
5414,2025-12-01,10,99.0,456.69591848409414,256.40706141237877,656.9847755558095,11235,horizon
5414,2025-12-02,11,78.0,555.3568348714343,311.79918256620806,798.9144871766606,11235,horizon
5414,2025-12-03,12,197.0,988.8728269564568,555.1921210771399,1422.5535328357737,11235,horizon
5414,2025-12-04,13,227.0,1985.1374232734681,1114.5342723684075,2855.7405741785287,11235,horizon
5414,2025-12-05,14,68.0,558.8562654168393,313.763900590714,803.9486302429646,11235,horizon
5414,2025-12-06,15,60.0,533.6707795491077,250.64390956147025,816.6976495367451,11235,horizon
5414,2025-12-07,16,75.0,514.1508985401874,241.4761989096258,786.8255981707491,11235,horizon
5414,2025-12-08,17,113.0,609.4297878126706,286.2248983345905,932.6346772907507,11235,horizon
5414,2025-12-09,18,131.0,693.3313817387896,325.630135282075,1061.032628195504,11235,horizon
5414,2025-12-10,19,110.0,851.2737879949264,399.8093928067815,1302.7381831830712,11235,horizon
5414,2025-12-11,20,126.0,2142.4779010314987,1006.2365372848253,3278.719264778172,11235,horizon
5414,2025-12-12,21,38.0,604.1005533553691,283.7219691682676,924.4791375424707,11235,horizon
5414,2025-12-13,22,41.0,536.3330522722729,73.36799309613531,999.2981114484105,14445,horizon
5414,2025-12-14,23,40.0,463.11292780188097,63.35180340974108,862.8740521940208,14445,horizon
5414,2025-12-15,24,34.0,551.3496074175235,75.42219152667536,1027.2770233083718,14445,horizon
5414,2025-12-16,25,53.0,675.4187412483018,92.39430114359118,1258.4431813530123,14445,horizon
5414,2025-12-17,26,57.0,949.2039149656578,129.84690386873854,1768.560926062577,14445,horizon
5414,2025-12-18,27,99.0,1924.2291726941428,263.2260533999995,3585.2322919882863,14445,horizon
5414,2025-12-19,28,38.0,708.6396192657617,96.9387705524897,1320.3404679790337,14445,horizon
5414,2025-12-20,29,28.0,551.3301191138096,75.41952561278794,1027.2407126148312,14445,horizon
5414,2025-12-21,30,17.0,386.73640716704585,52.903832666743256,720.5689816673485,14445,horizon
5434,2025-11-22,1,61.0,73.86474783722304,61.66914836151233,86.06034731293374,4815,horizon
5434,2025-11-23,2,56.0,76.85492890561467,64.1656290960137,89.54422871521564,4815,horizon
5434,2025-11-24,3,32.0,57.79725253640652,48.2545117382675,67.33999333454553,4815,horizon
5434,2025-11-25,4,31.0,59.18921233991597,40.45942579511421,77.91899888471772,6420,horizon
5434,2025-11-26,5,72.0,121.88813750243281,83.31795372209473,160.4583212827709,6420,horizon
5434,2025-11-27,6,77.0,147.75672313245883,101.00070500981158,194.51274125510608,6420,horizon
5434,2025-11-28,7,17.0,43.39597293514702,29.66378631114688,57.128159559147164,6420,horizon
5434,2025-11-29,8,19.0,54.01230961167104,30.324636212194417,77.69998301114767,11235,horizon
5434,2025-11-30,9,15.0,58.96400849165752,33.10471483218874,84.82330215112631,11235,horizon
5434,2025-12-01,10,15.0,59.920616145645226,33.64179201540013,86.19944027589032,11235,horizon
5434,2025-12-02,11,18.0,74.58950915324954,41.877485828335764,107.30153247816331,11235,horizon
5434,2025-12-03,12,19.0,75.95336759022528,42.64320962803207,109.2635255524185,11235,horizon
5434,2025-12-04,13,14.0,103.3812317328078,58.04229195169525,148.72017151392038,11235,horizon
5434,2025-12-05,14,12.0,50.21213430664573,28.191068244151875,72.23320036913958,11235,horizon
5434,2025-12-06,15,9.0,69.99369626125804,32.873251352457544,107.11414117005853,11235,horizon
5434,2025-12-07,16,7.0,61.54726521444441,28.906299102976284,94.18823132591254,11235,horizon
5434,2025-12-08,17,12.0,67.18385987210365,31.553583113546715,102.81413663066058,11235,horizon
5434,2025-12-09,18,10.0,66.65652529083155,31.30591506395129,102.00713551771182,11235,horizon
5434,2025-12-10,19,11.0,75.04929690323127,35.247665614291876,114.85092819217066,11235,horizon
5434,2025-12-11,20,9.0,106.00060615926306,49.78426281103623,162.2169495074899,11235,horizon
5434,2025-12-12,21,9.0,58.82394686837194,27.627264942970772,90.02062879377311,11235,horizon
5434,2025-12-13,22,11.0,71.9086379209468,11.0,133.9804917239194,14445,horizon
5434,2025-12-14,23,10.0,68.77271826919062,10.0,128.1376323804996,14445,horizon
5434,2025-12-15,24,9.0,77.51949676431708,10.604324830111395,144.43466869852278,14445,horizon
5434,2025-12-16,25,11.0,82.1017713066366,11.231159752108383,152.97238286116482,14445,horizon
5434,2025-12-17,26,20.0,84.45745219041699,20.0,157.36149788654615,14445,horizon
5434,2025-12-18,27,25.0,103.0463839657489,25.0,191.99647765934293,14445,horizon
5434,2025-12-19,28,9.0,73.07371165805593,9.996161060227827,136.15126225588403,14445,horizon
5434,2025-12-20,29,9.0,77.89254433792141,10.655356090796857,145.12973258504596,14445,horizon
5434,2025-12-21,30,7.0,61.21826074207057,8.374387728768063,114.06213375537308,14445,horizon
5506,2025-11-22,1,31.0,32.20191634835301,31.0,37.51868362413524,4815,horizon
5506,2025-11-23,2,14.0,17.11774760293363,14.291484740008325,19.944010465858934,4815,horizon
5506,2025-11-24,3,14.0,17.855888773172445,14.907753510593075,20.804024035751816,4815,horizon
5506,2025-11-25,4,12.0,16.81651173454417,12.0,22.137915124866996,6420,horizon
5506,2025-11-26,5,6.0,12.846316461855412,8.78123845683416,16.911394466876665,6420,horizon
5506,2025-11-27,6,7.0,26.066057896734222,17.817735589849313,34.31438020361913,6420,horizon
5506,2025-11-28,7,5.0,8.456644180324469,5.780630526464749,11.13265783418419,6420,horizon
5506,2025-11-29,8,0.0,3.0606846074980867,1.718388788591761,4.402980426404413,11235,horizon
5506,2025-11-30,9,0.0,4.511205704882014,2.5327684163567614,6.489642993407266,11235,horizon
5506,2025-12-01,10,2.0,5.514841010477831,3.0962487739034663,7.933433247052195,11235,horizon
5506,2025-12-02,11,4.0,9.018078010454843,5.06310389180509,12.973052129104596,11235,horizon
5506,2025-12-03,12,5.0,14.55419615296095,8.171298484967817,20.937093820954082,11235,horizon
5506,2025-12-04,13,6.0,52.57148828661785,29.51570241833997,75.62727415489573,11235,horizon
5506,2025-12-05,14,1.0,11.461026491895955,6.434671308889341,16.487381674902572,11235,horizon
5506,2025-12-06,15,0.0,7.142638367456326,3.3546127567928297,10.93066397811982,11235,horizon
5506,2025-12-07,16,0.0,6.58624092069772,3.093295036824307,10.079186804571133,11235,horizon
5506,2025-12-08,17,1.0,7.465866442653733,3.5064201098503758,11.42531277545709,11235,horizon
5506,2025-12-09,18,3.0,9.43416625871571,4.430852137970251,14.437480379461167,11235,horizon
5506,2025-12-10,19,0.0,8.460121191152618,3.9733819650120283,12.946860417293209,11235,horizon
5506,2025-12-11,20,1.0,34.13698783441313,16.032783542502948,52.241192126323305,11235,horizon
5506,2025-12-12,21,0.0,7.401239542463193,3.47606742885802,11.326411656068366,11235,horizon
5506,2025-12-13,22,0.0,6.407732485564773,0.87654950738359,11.938915463745955,14445,horizon
5506,2025-12-14,23,1.0,7.751963129708398,1.0604343233599813,14.443491936056814,14445,horizon
5506,2025-12-15,24,1.0,10.109364944418537,1.382916481290959,18.835813407546116,14445,horizon
5506,2025-12-16,25,1.0,10.37812136533868,1.4196811728404946,19.336561557836866,14445,horizon
5506,2025-12-17,26,1.0,13.083645125180807,1.7897848755538561,24.377505374807757,14445,horizon
5506,2025-12-18,27,0.0,26.02926040541747,3.560687877861195,48.49783293297375,14445,horizon
5506,2025-12-19,28,0.0,9.75570728816333,1.334537675672701,18.17687690065396,14445,horizon
5506,2025-12-20,29,0.0,7.325376126454175,1.0020791051293347,13.648673147779014,14445,horizon
5506,2025-12-21,30,0.0,5.102338900028849,0.6979774295197059,9.506700370537992,14445,horizon
5529,2025-11-22,1,0.0,1.3489376408701964e-16,0.0,0.16510716996673924,4815,horizon
5529,2025-11-23,2,0.0,1.3489376408701964e-16,0.0,0.16510716996673924,4815,horizon
5529,2025-11-24,3,0.0,1.3489376408701964e-16,0.0,0.16510716996673924,4815,horizon
5529,2025-11-25,4,0.0,1.3489376408701964e-16,0.0,0.3164391922845507,6420,horizon
5529,2025-11-26,5,0.0,1.3489376408701964e-16,0.0,0.3164391922845507,6420,horizon
5529,2025-11-27,6,1.0,1.246541713362042,1.0,1.6409963662873264,6420,horizon
5529,2025-11-28,7,0.0,1.3489376408701964e-16,0.0,0.3164391922845507,6420,horizon
5529,2025-11-29,8,0.0,1.5006439558569507e-16,0.0,0.4385606460783187,11235,horizon
5529,2025-11-30,9,0.0,1.5006439558569507e-16,0.0,0.4385606460783187,11235,horizon
5529,2025-12-01,10,0.0,1.5006439558569507e-16,0.0,0.4385606460783187,11235,horizon
5529,2025-12-02,11,0.0,1.5006439558569507e-16,0.0,0.4385606460783187,11235,horizon
5529,2025-12-03,12,0.0,1.5006439558569507e-16,0.0,0.4385606460783187,11235,horizon
5529,2025-12-04,13,0.0,1.5006439558569507e-16,0.0,0.4385606460783187,11235,horizon
5529,2025-12-05,14,0.0,1.5006439558569507e-16,0.0,0.4385606460783187,11235,horizon
5529,2025-12-06,15,0.0,2.0936493878579075e-16,0.0,0.530339829036103,11235,horizon
5529,2025-12-07,16,1.0,1.0738755939431837,1.0,1.6433945928410552,11235,horizon
5529,2025-12-08,17,1.0,1.0738755939431837,1.0,1.6433945928410552,11235,horizon
5529,2025-12-09,18,0.0,2.0936493878579075e-16,0.0,0.530339829036103,11235,horizon
5529,2025-12-10,19,0.0,0.0,0.0,0.5303398290361028,11235,horizon
5529,2025-12-11,20,1.0,1.3913633315732201,1.0,2.1292587229668642,11235,horizon
5529,2025-12-12,21,0.0,2.0936493878579075e-16,0.0,0.530339829036103,11235,horizon
5529,2025-12-13,22,0.0,2.085521617919071e-16,0.0,0.8632044160148283,14445,horizon
5529,2025-12-14,23,0.0,2.085521617919071e-16,0.0,0.8632044160148283,14445,horizon
5529,2025-12-15,24,0.0,2.085521617919071e-16,0.0,0.8632044160148283,14445,horizon
5529,2025-12-16,25,0.0,2.085521617919071e-16,0.0,0.8632044160148283,14445,horizon
5529,2025-12-17,26,0.0,0.0,0.0,0.8632044160148281,14445,horizon
5529,2025-12-18,27,0.0,0.019109932403748045,0.0,0.8823143484185761,14445,horizon
5529,2025-12-19,28,0.0,2.085521617919071e-16,0.0,0.8632044160148283,14445,horizon
5529,2025-12-20,29,0.0,2.085521617919071e-16,0.0,0.8632044160148283,14445,horizon
5529,2025-12-21,30,0.0,2.085521617919071e-16,0.0,0.8632044160148283,14445,horizon
5640,2025-11-22,1,1605.0,1817.0795885247444,1605.0,2117.092456990392,4815,horizon
5640,2025-11-23,2,1395.0,1784.5606896898257,1489.9169245812466,2079.204454798405,4815,horizon
5640,2025-11-24,3,891.0,1324.937232478262,1106.1805956402127,1543.6938693163115,4815,horizon
5640,2025-11-25,4,763.0,1277.6625102164317,873.3600174712926,1681.9650029615707,6420,horizon
5640,2025-11-26,5,828.0,1824.7084137257038,1247.2991571315185,2402.117670319889,6420,horizon
5640,2025-11-27,6,977.0,2855.755427865931,1952.0824869098146,3759.428368822047,6420,horizon
5640,2025-11-28,7,353.0,1022.7123256062838,699.086063351977,1346.3385878605905,6420,horizon
5640,2025-11-29,8,401.0,1090.204054991341,612.0834602771358,1568.3246497055463,11235,horizon
5640,2025-11-30,9,362.0,1115.2418157520274,626.1406445022612,1604.3429870017935,11235,horizon
5640,2025-12-01,10,339.0,1101.6487000751074,618.5089344188286,1584.7884657313862,11235,horizon
5640,2025-12-02,11,286.0,1002.3174641187098,562.7404694792266,1441.8944587581932,11235,horizon
5640,2025-12-03,12,401.0,1742.196368557324,978.1376035675236,2506.2551335471244,11235,horizon
5640,2025-12-04,13,452.0,3571.7654092076045,2005.3296637053277,5138.201154709881,11235,horizon
5640,2025-12-05,14,197.0,1321.1848172557984,741.7651502112303,1900.6044843003665,11235,horizon
5640,2025-12-06,15,237.0,1227.0105349769983,576.2779776318,1877.7430923221966,11235,horizon
5640,2025-12-07,16,214.0,1154.806543319472,542.3666385656504,1767.2464480732935,11235,horizon
5640,2025-12-08,17,204.0,1137.124452308598,534.0620646784841,1740.1868399387117,11235,horizon
5640,2025-12-09,18,205.0,1170.546503855495,549.759071121964,1791.333936589026,11235,horizon
5640,2025-12-10,19,205.0,1890.2628504308548,887.7811735000589,2892.7445273616504,11235,horizon
5640,2025-12-11,20,224.0,3469.5543334058198,1629.5114813959078,5309.5971854157315,11235,horizon
5640,2025-12-12,21,120.0,1323.1891777755277,621.4492554516329,2024.9291000994226,11235,horizon
5640,2025-12-13,22,81.0,765.3991042731203,104.70321745076899,1426.0949910954716,14445,horizon
5640,2025-12-14,23,73.0,773.3751782898645,105.7943091537984,1440.9560474259306,14445,horizon
5640,2025-12-15,24,76.0,770.2000729331834,105.35996876231684,1435.04017710405,14445,horizon
5640,2025-12-16,25,82.0,909.3237157690456,124.39146873019308,1694.2559628078982,14445,horizon
5640,2025-12-17,26,119.0,1777.914841048439,243.2108989571252,3312.618783139753,14445,horizon
5640,2025-12-18,27,121.0,2884.772660466276,394.6241607529423,5374.9211601796105,14445,horizon
5640,2025-12-19,28,38.0,901.0018300114914,123.25307150813057,1678.750588514852,14445,horizon
5640,2025-12-20,29,31.0,750.977075502584,102.73034760285248,1399.2238034023153,14445,horizon
5640,2025-12-21,30,35.0,525.2847494607232,71.85663406098433,978.7128648604621,14445,horizon
5657,2025-11-22,1,41.0,51.58442554406892,43.06746702812774,60.101384060010105,4815,horizon
5657,2025-11-23,2,28.0,46.3345813877828,38.684409783252434,53.98475299231316,4815,horizon
5657,2025-11-24,3,33.0,57.7930310918898,48.25098728450811,67.33507489927149,4815,horizon
5657,2025-11-25,4,14.0,36.527994640827664,24.969105520909764,48.086883760745565,6420,horizon
5657,2025-11-26,5,21.0,56.759927274954215,38.79886173393787,74.72099281597056,6420,horizon
5657,2025-11-27,6,57.0,153.21747430203305,104.73346049001883,201.70148811404727,6420,horizon
5657,2025-11-28,7,78.0,147.19468703149525,100.61651915867168,193.77285490431882,6420,horizon
5657,2025-11-29,8,11.0,38.58221011679339,21.661571120843046,55.50284911274373,11235,horizon
5657,2025-11-30,9,20.0,61.13281586363095,34.32236864189008,87.94326308537183,11235,horizon
5657,2025-12-01,10,17.0,58.84398084730632,33.037326589091464,84.65063510552118,11235,horizon
5657,2025-12-02,11,8.0,43.18883710227017,24.24791279932731,62.12976140521303,11235,horizon
5657,2025-12-03,12,7.0,49.14033439459568,27.589317593997183,70.69135119519419,11235,horizon
5657,2025-12-04,13,33.0,201.22993654700508,112.9784055646515,289.48146752935867,11235,horizon
5657,2025-12-05,14,5.0,58.83426503858579,33.03187175172058,84.63665832545101,11235,horizon
5657,2025-12-06,15,6.0,47.68713625220054,22.396748564987167,72.97752393941391,11235,horizon
5657,2025-12-07,16,6.0,44.93992314441292,21.106491987109376,68.77335430171647,11235,horizon
5657,2025-12-08,17,9.0,54.18923014013505,25.4505230920178,82.9279371882523,11235,horizon
5657,2025-12-09,18,12.0,54.375854716243666,25.538173222339037,83.21353621014829,11235,horizon
5657,2025-12-10,19,5.0,60.809903223118376,28.559989544067818,93.05981690216893,11235,horizon
5657,2025-12-11,20,22.0,197.54645576209728,92.77970218653857,302.31320933765596,11235,horizon
5657,2025-12-12,21,3.0,69.19922405911802,32.5001194021744,105.89832871606166,11235,horizon
5657,2025-12-13,22,20.0,55.61325472922024,20.0,103.61886180044067,14445,horizon
5657,2025-12-14,23,4.0,43.204085578881724,5.910128117308467,80.49804304045497,14445,horizon
5657,2025-12-15,24,2.0,52.61789819388704,7.197896111505095,98.03790027626897,14445,horizon
5657,2025-12-16,25,5.0,61.72153520712287,8.443233453119717,114.99983696112602,14445,horizon
5657,2025-12-17,26,2.0,68.2011064291875,9.329610182415564,127.07260267595944,14445,horizon
5657,2025-12-18,27,15.0,171.70408101407253,23.48836003495731,319.9198019931878,14445,horizon
5657,2025-12-19,28,6.0,84.70625836965743,11.587442080876144,157.82507465843872,14445,horizon
5657,2025-12-20,29,2.0,47.19375402026246,6.455897141654354,87.93161089887056,14445,horizon
5657,2025-12-21,30,0.0,36.63398812715102,5.011367799559476,68.25660845474256,14445,horizon
5683,2025-11-22,1,4.0,4.0,4.0,4.660428679866956,4815,horizon
5683,2025-11-23,2,4.0,4.0,4.0,4.660428679866956,4815,horizon
5683,2025-11-24,3,4.0,4.048272659322653,4.0,4.716671501357141,4815,horizon
5683,2025-11-25,4,4.0,4.245418034675863,4.0,5.588834688478958,6420,horizon
5683,2025-11-26,5,4.0,4.7618194328405705,4.0,6.268645727973517,6420,horizon
5683,2025-11-27,6,4.0,5.079470425226395,4.0,6.686813943818298,6420,horizon
5683,2025-11-28,7,0.0,0.14200060517035615,0.0,0.4584397974549067,6420,horizon
5683,2025-11-29,8,0.0,0.21751510256104173,0.0,0.6560757486393602,11235,horizon
5683,2025-11-30,9,0.0,0.3307853230877666,0.0,0.7693459691660851,11235,horizon
5683,2025-12-01,10,0.0,0.4897279622148723,0.051167316136553787,0.9282886082931908,11235,horizon
5683,2025-12-02,11,0.0,0.6567552403242994,0.21819459424598092,1.095315886402618,11235,horizon
5683,2025-12-03,12,0.0,1.2408063283984,0.6966375033579315,1.7849751534388687,11235,horizon
5683,2025-12-04,13,0.0,2.2040378187413827,1.2374335689731142,3.1706420685096512,11235,horizon
5683,2025-12-05,14,0.0,0.7207025722427917,0.28214192616447314,1.1592632183211102,11235,horizon
5683,2025-12-06,15,0.0,1.7883371776230392,0.8399107445835301,2.7367636106625484,11235,horizon
5683,2025-12-07,16,0.0,1.1098190142947866,0.5212377879926734,1.6984002405968996,11235,horizon
5683,2025-12-08,17,0.0,1.1827775061435104,0.5555034857476131,1.8100515265394077,11235,horizon
5683,2025-12-09,18,0.0,1.3860501466308888,0.650972548831198,2.1211277444305794,11235,horizon
5683,2025-12-10,19,0.0,1.654611443158485,0.7771050932726348,2.5321177930443355,11235,horizon
5683,2025-12-11,20,0.0,2.8388676625437643,1.3333030717341836,4.344432253353345,11235,horizon
5683,2025-12-12,21,0.0,0.8247838008272341,0.29444397179113135,1.355123629863337,11235,horizon
5683,2025-12-13,22,0.0,1.2132405042598362,0.16596594329468872,2.2605150652249835,14445,horizon
5683,2025-12-14,23,0.0,0.8014413819227589,0.0,1.664645797937587,14445,horizon
5683,2025-12-15,24,0.0,1.281166366713857,0.17525790131678298,2.3870748321109314,14445,horizon
5683,2025-12-16,25,0.0,1.9083182489983337,0.2610495093012877,3.5555869886953797,14445,horizon
5683,2025-12-17,26,0.0,1.9486358457503483,0.2665647784938583,3.630706913006838,14445,horizon
5683,2025-12-18,27,0.0,2.663520081540966,0.364357785010629,4.962682378071303,14445,horizon
5683,2025-12-19,28,0.0,1.4281457006803908,0.19536402514048645,2.660927376220295,14445,horizon
5683,2025-12-20,29,0.0,1.6995026665710793,0.23248445975794763,3.166520873384211,14445,horizon
5683,2025-12-21,30,0.0,0.626748509309159,0.0,1.4899529253239872,14445,horizon
5686,2025-11-22,1,0.0,1.3489376408701964e-16,0.0,0.16510716996673924,4815,horizon
5686,2025-11-23,2,0.0,1.3489376408701964e-16,0.0,0.16510716996673924,4815,horizon
5686,2025-11-24,3,0.0,1.3489376408701964e-16,0.0,0.16510716996673924,4815,horizon
5686,2025-11-25,4,0.0,1.3489376408701964e-16,0.0,0.3164391922845507,6420,horizon
5686,2025-11-26,5,0.0,1.3489376408701964e-16,0.0,0.3164391922845507,6420,horizon
5686,2025-11-27,6,0.0,1.3489376408701964e-16,0.0,0.3164391922845507,6420,horizon
5686,2025-11-28,7,0.0,1.3489376408701964e-16,0.0,0.3164391922845507,6420,horizon
5686,2025-11-29,8,0.0,1.5006439558569507e-16,0.0,0.4385606460783187,11235,horizon
5686,2025-11-30,9,0.0,1.5006439558569507e-16,0.0,0.4385606460783187,11235,horizon
5686,2025-12-01,10,0.0,1.5006439558569507e-16,0.0,0.4385606460783187,11235,horizon
5686,2025-12-02,11,0.0,1.5006439558569507e-16,0.0,0.4385606460783187,11235,horizon
5686,2025-12-03,12,0.0,1.5006439558569507e-16,0.0,0.4385606460783187,11235,horizon
5686,2025-12-04,13,0.0,1.5006439558569507e-16,0.0,0.4385606460783187,11235,horizon
5686,2025-12-05,14,0.0,1.5006439558569507e-16,0.0,0.4385606460783187,11235,horizon
5686,2025-12-06,15,0.0,2.0936493878579075e-16,0.0,0.530339829036103,11235,horizon
5686,2025-12-07,16,0.0,2.0936493878579075e-16,0.0,0.530339829036103,11235,horizon
5686,2025-12-08,17,0.0,2.0936493878579075e-16,0.0,0.530339829036103,11235,horizon
5686,2025-12-09,18,0.0,2.0936493878579075e-16,0.0,0.530339829036103,11235,horizon
5686,2025-12-10,19,0.0,2.0936493878579075e-16,0.0,0.530339829036103,11235,horizon
5686,2025-12-11,20,0.0,2.0936493878579075e-16,0.0,0.530339829036103,11235,horizon
5686,2025-12-12,21,0.0,2.0936493878579075e-16,0.0,0.530339829036103,11235,horizon
5686,2025-12-13,22,0.0,0.00010846784112831061,0.0,0.8633128838559564,14445,horizon
5686,2025-12-14,23,0.0,2.085521617919071e-16,0.0,0.8632044160148283,14445,horizon
5686,2025-12-15,24,0.0,2.085521617919071e-16,0.0,0.8632044160148283,14445,horizon
5686,2025-12-16,25,0.0,2.085521617919071e-16,0.0,0.8632044160148283,14445,horizon
5686,2025-12-17,26,0.0,2.085521617919071e-16,0.0,0.8632044160148283,14445,horizon
5686,2025-12-18,27,0.0,2.085521617919071e-16,0.0,0.8632044160148283,14445,horizon
5686,2025-12-19,28,0.0,2.085521617919071e-16,0.0,0.8632044160148283,14445,horizon
5686,2025-12-20,29,0.0,2.085521617919071e-16,0.0,0.8632044160148283,14445,horizon
5686,2025-12-21,30,0.0,2.085521617919071e-16,0.0,0.8632044160148283,14445,horizon
5720,2025-11-22,1,68.0,78.18934770018333,68.0,91.09896962050597,4815,horizon
5720,2025-11-23,2,69.0,92.5639741054838,77.28099830005284,107.84694991091474,4815,horizon
5720,2025-11-24,3,54.0,82.71966487091585,69.06205510348185,96.37727463834985,4815,horizon
5720,2025-11-25,4,36.0,70.23204405494789,48.007872761707205,92.45621534818858,6420,horizon
5720,2025-11-26,5,56.0,129.45514105413662,88.49046078188306,170.41982132639018,6420,horizon
5720,2025-11-27,6,61.0,198.35215865790934,135.5857617843035,261.1185555315152,6420,horizon
5720,2025-11-28,7,2.0,29.162284864908166,19.934194997084653,38.39037473273168,6420,horizon
5720,2025-11-29,8,1.0,25.829297811246096,14.50158427539671,37.157011347095484,11235,horizon
5720,2025-11-30,9,16.0,53.05040829687863,29.784586959480947,76.31622963427631,11235,horizon
5720,2025-12-01,10,13.0,55.86259424817531,31.36345882308459,80.36172967326604,11235,horizon
5720,2025-12-02,11,12.0,62.94550888822613,35.34008584247714,90.55093193397512,11235,horizon
5720,2025-12-03,12,26.0,131.93781037330047,74.07507901382714,189.8005417327738,11235,horizon
5720,2025-12-04,13,21.0,221.8857819498194,124.57541006231371,319.1961538373251,11235,horizon
5720,2025-12-05,14,15.0,90.92737562423869,51.05020702426662,130.80454422421076,11235,horizon
5720,2025-12-06,15,12.0,66.42950143507528,31.19929100104391,101.65971186910664,11235,horizon
5720,2025-12-07,16,12.0,60.79072970191778,28.55098450482277,93.0304748990128,11235,horizon
5720,2025-12-08,17,7.0,53.33277792060952,25.04828159617303,81.61727424504602,11235,horizon
5720,2025-12-09,18,8.0,59.463601308757916,27.927685156800266,90.99951746071557,11235,horizon
5720,2025-12-10,19,8.0,80.49834110712095,37.806864646680545,123.18981756756136,11235,horizon
5720,2025-12-11,20,25.0,331.09615539448384,155.50267694806237,506.68963384090534,11235,horizon
5720,2025-12-12,21,0.0,48.760531974829014,22.90087978358877,74.62018416606927,11235,horizon
5720,2025-12-13,22,9.0,66.3588322835199,9.07759521479818,123.64006935224162,14445,horizon
5720,2025-12-14,23,7.0,55.15535180954216,7.54500856069393,102.76569505839039,14445,horizon
5720,2025-12-15,24,20.0,91.47519551322331,20.0,170.43698823605746,14445,horizon
5720,2025-12-16,25,12.0,82.03361817112777,12.0,152.8453996381195,14445,horizon
5720,2025-12-17,26,3.0,85.85792494069455,11.744984982017371,159.97086489937172,14445,horizon
5720,2025-12-18,27,21.0,264.3605648491759,36.16335785119293,492.55777184715885,14445,horizon
5720,2025-12-19,28,15.0,99.68978146333997,15.0,185.7424410540482,14445,horizon
5720,2025-12-20,29,0.0,47.3645707643115,6.4792641179109935,88.249877410712,14445,horizon
5720,2025-12-21,30,3.0,42.41027355529209,5.801538137967071,79.01900897261712,14445,horizon
5752,2025-11-22,1,0.0,1.3489376408701964e-16,0.0,0.16510716996673924,4815,horizon
5752,2025-11-23,2,0.0,1.3489376408701964e-16,0.0,0.16510716996673924,4815,horizon
5752,2025-11-24,3,0.0,1.3489376408701964e-16,0.0,0.16510716996673924,4815,horizon
5752,2025-11-25,4,0.0,1.3489376408701964e-16,0.0,0.3164391922845507,6420,horizon
5752,2025-11-26,5,0.0,1.3489376408701964e-16,0.0,0.3164391922845507,6420,horizon
5752,2025-11-27,6,0.0,1.3489376408701964e-16,0.0,0.3164391922845507,6420,horizon
5752,2025-11-28,7,0.0,1.3489376408701964e-16,0.0,0.3164391922845507,6420,horizon
5752,2025-11-29,8,0.0,1.5006439558569507e-16,0.0,0.4385606460783187,11235,horizon
5752,2025-11-30,9,0.0,1.5006439558569507e-16,0.0,0.4385606460783187,11235,horizon
5752,2025-12-01,10,0.0,1.5006439558569507e-16,0.0,0.4385606460783187,11235,horizon
5752,2025-12-02,11,0.0,1.5006439558569507e-16,0.0,0.4385606460783187,11235,horizon
5752,2025-12-03,12,0.0,1.5006439558569507e-16,0.0,0.4385606460783187,11235,horizon
5752,2025-12-04,13,0.0,1.5006439558569507e-16,0.0,0.4385606460783187,11235,horizon
5752,2025-12-05,14,0.0,1.5006439558569507e-16,0.0,0.4385606460783187,11235,horizon
5752,2025-12-06,15,0.0,2.0936493878579075e-16,0.0,0.530339829036103,11235,horizon
5752,2025-12-07,16,0.0,2.0936493878579075e-16,0.0,0.530339829036103,11235,horizon
5752,2025-12-08,17,0.0,2.0936493878579075e-16,0.0,0.530339829036103,11235,horizon
5752,2025-12-09,18,0.0,2.0936493878579075e-16,0.0,0.530339829036103,11235,horizon
5752,2025-12-10,19,0.0,2.0936493878579075e-16,0.0,0.530339829036103,11235,horizon
5752,2025-12-11,20,0.0,2.0936493878579075e-16,0.0,0.530339829036103,11235,horizon
5752,2025-12-12,21,0.0,2.0936493878579075e-16,0.0,0.530339829036103,11235,horizon
5752,2025-12-13,22,0.0,2.085521617919071e-16,0.0,0.8632044160148283,14445,horizon
5752,2025-12-14,23,0.0,2.085521617919071e-16,0.0,0.8632044160148283,14445,horizon
5752,2025-12-15,24,0.0,2.085521617919071e-16,0.0,0.8632044160148283,14445,horizon
5752,2025-12-16,25,0.0,2.085521617919071e-16,0.0,0.8632044160148283,14445,horizon
5752,2025-12-17,26,0.0,2.085521617919071e-16,0.0,0.8632044160148283,14445,horizon
5752,2025-12-18,27,0.0,2.085521617919071e-16,0.0,0.8632044160148283,14445,horizon
5752,2025-12-19,28,0.0,2.085521617919071e-16,0.0,0.8632044160148283,14445,horizon
5752,2025-12-20,29,0.0,2.085521617919071e-16,0.0,0.8632044160148283,14445,horizon
5752,2025-12-21,30,0.0,2.085521617919071e-16,0.0,0.8632044160148283,14445,horizon
5762,2025-11-22,1,0.0,1.3489376408701964e-16,0.0,0.16510716996673924,4815,horizon
5762,2025-11-23,2,0.0,1.3489376408701964e-16,0.0,0.16510716996673924,4815,horizon
5762,2025-11-24,3,0.0,1.3489376408701964e-16,0.0,0.16510716996673924,4815,horizon
5762,2025-11-25,4,0.0,1.3489376408701964e-16,0.0,0.3164391922845507,6420,horizon
5762,2025-11-26,5,0.0,1.3489376408701964e-16,0.0,0.3164391922845507,6420,horizon
5762,2025-11-27,6,0.0,1.3489376408701964e-16,0.0,0.3164391922845507,6420,horizon
5762,2025-11-28,7,0.0,1.3489376408701964e-16,0.0,0.3164391922845507,6420,horizon
5762,2025-11-29,8,0.0,1.5006439558569507e-16,0.0,0.4385606460783187,11235,horizon
5762,2025-11-30,9,0.0,1.5006439558569507e-16,0.0,0.4385606460783187,11235,horizon
5762,2025-12-01,10,0.0,1.5006439558569507e-16,0.0,0.4385606460783187,11235,horizon
5762,2025-12-02,11,0.0,1.5006439558569507e-16,0.0,0.4385606460783187,11235,horizon
5762,2025-12-03,12,0.0,1.5006439558569507e-16,0.0,0.4385606460783187,11235,horizon
5762,2025-12-04,13,0.0,1.5006439558569507e-16,0.0,0.4385606460783187,11235,horizon
5762,2025-12-05,14,0.0,1.5006439558569507e-16,0.0,0.4385606460783187,11235,horizon
5762,2025-12-06,15,0.0,2.0936493878579075e-16,0.0,0.530339829036103,11235,horizon
5762,2025-12-07,16,0.0,2.0936493878579075e-16,0.0,0.530339829036103,11235,horizon
5762,2025-12-08,17,0.0,2.0936493878579075e-16,0.0,0.530339829036103,11235,horizon
5762,2025-12-09,18,0.0,2.0936493878579075e-16,0.0,0.530339829036103,11235,horizon
5762,2025-12-10,19,0.0,2.0936493878579075e-16,0.0,0.530339829036103,11235,horizon
5762,2025-12-11,20,0.0,2.0936493878579075e-16,0.0,0.530339829036103,11235,horizon
5762,2025-12-12,21,0.0,2.0936493878579075e-16,0.0,0.530339829036103,11235,horizon
5762,2025-12-13,22,0.0,2.085521617919071e-16,0.0,0.8632044160148283,14445,horizon
5762,2025-12-14,23,0.0,2.085521617919071e-16,0.0,0.8632044160148283,14445,horizon
5762,2025-12-15,24,0.0,2.085521617919071e-16,0.0,0.8632044160148283,14445,horizon
5762,2025-12-16,25,0.0,2.085521617919071e-16,0.0,0.8632044160148283,14445,horizon
5762,2025-12-17,26,0.0,2.085521617919071e-16,0.0,0.8632044160148283,14445,horizon
5762,2025-12-18,27,0.0,2.085521617919071e-16,0.0,0.8632044160148283,14445,horizon
5762,2025-12-19,28,0.0,2.085521617919071e-16,0.0,0.8632044160148283,14445,horizon
5762,2025-12-20,29,0.0,2.085521617919071e-16,0.0,0.8632044160148283,14445,horizon
5762,2025-12-21,30,0.0,2.085521617919071e-16,0.0,0.8632044160148283,14445,horizon
5799,2025-11-22,1,0.0,1.3489376408701964e-16,0.0,0.16510716996673924,4815,horizon
5799,2025-11-23,2,0.0,1.3489376408701964e-16,0.0,0.16510716996673924,4815,horizon
5799,2025-11-24,3,0.0,1.3489376408701964e-16,0.0,0.16510716996673924,4815,horizon
5799,2025-11-25,4,0.0,1.3489376408701964e-16,0.0,0.3164391922845507,6420,horizon
5799,2025-11-26,5,0.0,1.3489376408701964e-16,0.0,0.3164391922845507,6420,horizon
5799,2025-11-27,6,0.0,1.3489376408701964e-16,0.0,0.3164391922845507,6420,horizon
5799,2025-11-28,7,0.0,1.3489376408701964e-16,0.0,0.3164391922845507,6420,horizon
5799,2025-11-29,8,0.0,1.5006439558569507e-16,0.0,0.4385606460783187,11235,horizon
5799,2025-11-30,9,0.0,1.5006439558569507e-16,0.0,0.4385606460783187,11235,horizon
5799,2025-12-01,10,0.0,1.5006439558569507e-16,0.0,0.4385606460783187,11235,horizon
5799,2025-12-02,11,0.0,1.5006439558569507e-16,0.0,0.4385606460783187,11235,horizon
5799,2025-12-03,12,0.0,1.5006439558569507e-16,0.0,0.4385606460783187,11235,horizon
5799,2025-12-04,13,0.0,1.5006439558569507e-16,0.0,0.4385606460783187,11235,horizon
5799,2025-12-05,14,0.0,1.5006439558569507e-16,0.0,0.4385606460783187,11235,horizon
5799,2025-12-06,15,0.0,8.561017390248855e-05,0.0,0.5304254392100053,11235,horizon
5799,2025-12-07,16,0.0,0.00026813766764190535,0.0,0.5306079667037447,11235,horizon
5799,2025-12-08,17,0.0,0.00013990172466460472,0.0,0.5304797307607674,11235,horizon
5799,2025-12-09,18,0.0,0.07442137426325063,0.0,0.6047612032993535,11235,horizon
5799,2025-12-10,19,0.0,0.07476127147517002,0.0,0.6051011005112727,11235,horizon
5799,2025-12-11,20,0.0,0.07798844245455842,0.0,0.6083282714906612,11235,horizon
5799,2025-12-12,21,0.0,0.07414479037732039,0.0,0.6044846194134231,11235,horizon
5799,2025-12-13,22,0.0,2.9423219440423463e-06,0.0,0.8632073583367722,14445,horizon
5799,2025-12-14,23,0.0,0.0,0.0,0.8632044160148281,14445,horizon
5799,2025-12-15,24,0.0,3.0900134893442254e-05,0.0,0.8632353161497216,14445,horizon
5799,2025-12-16,25,0.0,0.0740016127514207,0.0,0.9372060287662488,14445,horizon
5799,2025-12-17,26,0.0,0.07421151921627367,0.0,0.9374159352311018,14445,horizon
5799,2025-12-18,27,0.0,0.08065006792351098,0.0,0.9438544839383392,14445,horizon
5799,2025-12-19,28,0.0,0.00028234816469048583,0.0,0.8634867641795186,14445,horizon
5799,2025-12-20,29,0.0,2.184967493832641e-06,0.0,0.8632066009823219,14445,horizon
5799,2025-12-21,30,0.0,0.0,0.0,0.8632044160148281,14445,horizon
5802,2025-11-22,1,95.0,110.26377933589083,95.0,128.46911989187677,4815,horizon
5802,2025-11-23,2,58.0,83.51367954670214,69.724972263237,97.30238683016726,4815,horizon
5802,2025-11-24,3,29.0,59.609656019805726,49.76767441168481,69.45163762792664,4815,horizon
5802,2025-11-25,4,16.0,45.782324493057885,31.295002709565452,60.26964627655032,6420,horizon
5802,2025-11-26,5,34.0,115.3604990577835,78.85591591439584,151.86508220117116,6420,horizon
5802,2025-11-27,6,47.0,173.80483934833876,118.80617636980438,228.80350232687314,6420,horizon
5802,2025-11-28,7,15.0,52.87477060226751,36.14312090065508,69.60642030387994,6420,horizon
5802,2025-11-29,8,17.0,57.81552180350408,32.45990920800422,83.17113439900395,11235,horizon
5802,2025-11-30,9,7.0,55.38404646207527,31.09478326323593,79.67330966091461,11235,horizon
5802,2025-12-01,10,9.0,53.250889738939165,29.897145130784704,76.60463434709362,11235,horizon
5802,2025-12-02,11,5.0,54.164461062907606,30.41006002467492,77.91886210114029,11235,horizon
5802,2025-12-03,12,3.0,67.30588164510645,37.788170705957725,96.82359258425518,11235,horizon
5802,2025-12-04,13,9.0,145.51647772324853,81.6986772378994,209.33427820859765,11235,horizon
5802,2025-12-05,14,9.0,60.435065000134486,33.93062384789033,86.93950615237864,11235,horizon
5802,2025-12-06,15,3.0,56.719182194966294,26.638740806620305,86.79962358331228,11235,horizon
5802,2025-12-07,16,3.0,51.584040195515534,24.226969137234374,78.94111125379669,11235,horizon
5802,2025-12-08,17,5.0,54.72675087878688,25.70297517402966,83.7505265835441,11235,horizon
5802,2025-12-09,18,3.0,59.70629459373381,28.041668526513835,91.37092066095379,11235,horizon
5802,2025-12-10,19,3.0,81.50581245721204,38.280033813205556,124.73159110121853,11235,horizon
5802,2025-12-11,20,3.0,175.39121121881124,82.3742662465919,268.40815619103057,11235,horizon
5802,2025-12-12,21,3.0,58.71574695904764,27.576447755059245,89.85504616303604,11235,horizon
5802,2025-12-13,22,3.0,46.972450102603325,6.425623742999967,87.51927646220668,14445,horizon
5802,2025-12-14,23,2.0,44.94861473459671,6.148772001943662,83.74845746724975,14445,horizon
5802,2025-12-15,24,1.0,54.02805322039997,7.390799091866562,100.66530734893337,14445,horizon
5802,2025-12-16,25,1.0,60.751050113943826,8.31047537804939,113.19162484983826,14445,horizon
5802,2025-12-17,26,1.0,89.64105475074108,12.26250043367439,167.01960906780778,14445,horizon
5802,2025-12-18,27,1.0,123.79021779091974,16.933955134360474,230.646480447479,14445,horizon
5802,2025-12-19,28,1.0,64.33556768408081,8.800821552361384,119.87031381580024,14445,horizon
5802,2025-12-20,29,1.0,52.13754623913215,7.132186085335988,97.14290639292831,14445,horizon
5802,2025-12-21,30,0.0,41.673623630738724,5.700767681345162,77.64647958013228,14445,horizon
5818,2025-11-22,1,19.0,21.169683778801776,19.0,24.66495035661052,4815,horizon
5818,2025-11-23,2,22.0,27.662993088124054,23.095634586534427,32.23035158971368,4815,horizon
5818,2025-11-24,3,10.0,15.544720952798562,12.97817606835932,18.111265837237806,4815,horizon
5818,2025-11-25,4,17.0,24.077423326357113,17.0,31.696463716042757,6420,horizon
5818,2025-11-26,5,17.0,31.64990803801499,21.63463670258522,41.66517937344476,6420,horizon
5818,2025-11-27,6,15.0,49.1858107824554,33.621492546594475,64.75012901831633,6420,horizon
5818,2025-11-28,7,4.0,10.764796732752018,7.3583931495326,14.171200315971436,6420,horizon
5818,2025-11-29,8,3.0,8.940586727389048,5.019597235906067,12.86157621887203,11235,horizon
5818,2025-11-30,9,3.0,9.332185250119672,5.239456057504634,13.42491444273471,11235,horizon
5818,2025-12-01,10,9.0,16.82854039302812,9.448204845706627,24.208875940349614,11235,horizon
5818,2025-12-02,11,11.0,20.353996971555475,11.427534909433968,29.280459033676983,11235,horizon
5818,2025-12-03,12,10.0,26.922335133508444,15.115258443419966,38.72941182359692,11235,horizon
5818,2025-12-04,13,8.0,75.43576525120501,42.352607305224176,108.51892319718584,11235,horizon
5818,2025-12-05,14,4.0,18.04268723726767,10.12987466550253,25.955499809032812,11235,horizon
5818,2025-12-06,15,4.0,15.613112285647915,7.3328569853559245,23.893367585939906,11235,horizon
5818,2025-12-07,16,4.0,15.510907038738083,7.284855251618845,23.73695882585732,11235,horizon
5818,2025-12-08,17,5.0,15.847841671778093,7.443100028976074,24.252583314580114,11235,horizon
5818,2025-12-09,18,6.0,16.761209004591855,7.872072286658224,25.650345722525486,11235,horizon
5818,2025-12-10,19,5.0,20.517456240156573,9.636232005496217,31.398680474816928,11235,horizon
5818,2025-12-11,20,4.0,65.11102107249054,30.580053288539823,99.64198885644126,11235,horizon
5818,2025-12-12,21,4.0,16.16669753717734,7.592853929232325,24.74054114512235,11235,horizon
5818,2025-12-13,22,5.0,16.276729334167108,5.0,30.326873973698248,14445,horizon
5818,2025-12-14,23,4.0,14.647897518570732,4.0,27.29202734193363,14445,horizon
5818,2025-12-15,24,4.0,17.085869791873392,4.0,31.834468047672857,14445,horizon
5818,2025-12-16,25,4.0,17.651163612570866,4.0,32.88772599074228,14445,horizon
5818,2025-12-17,26,4.0,22.609224144906676,4.0,42.1256062694592,14445,horizon
5818,2025-12-18,27,7.0,61.96655898659575,8.476751624122969,115.45636634906853,14445,horizon
5818,2025-12-19,28,4.0,19.212124972851655,4.0,35.79611609044596,14445,horizon
5818,2025-12-20,29,4.0,16.87191243141887,4.0,31.435821748835117,14445,horizon
5818,2025-12-21,30,3.0,12.533785003484798,3.0,23.3530035678733,14445,horizon
5842,2025-11-22,1,11.0,13.551703416656117,11.314220017303438,15.789186816008797,4815,horizon
5842,2025-11-23,2,10.0,15.305787392737255,12.778692152209812,17.832882633264695,4815,horizon
5842,2025-11-24,3,7.0,14.20215449710014,11.85727696065354,16.547032033546742,4815,horizon
5842,2025-11-25,4,7.0,15.615884987344263,10.674406955140604,20.55736301954792,6420,horizon
5842,2025-11-26,5,7.0,17.866422994162434,12.212786532875551,23.520059455449317,6420,horizon
5842,2025-11-27,6,8.0,21.630427142817354,14.785712248974411,28.475142036660294,6420,horizon
5842,2025-11-28,7,5.0,13.05223195615408,8.921994218438083,17.182469693870075,6420,horizon
5842,2025-11-29,8,6.0,17.026399597407814,9.55929078958102,24.493508405234607,11235,horizon
5842,2025-11-30,9,5.0,18.70695237146441,10.502819253278647,26.911085489650176,11235,horizon
5842,2025-12-01,10,6.0,21.700363711242055,12.183438181905242,31.217289240578868,11235,horizon
5842,2025-12-02,11,3.0,18.924065863094206,10.624715311746959,27.223416414441452,11235,horizon
5842,2025-12-03,12,3.0,20.16151777152272,11.319469511724217,29.003566031321228,11235,horizon
5842,2025-12-04,13,8.0,36.26019933263172,20.35790288638414,52.162495778879304,11235,horizon
5842,2025-12-05,14,3.0,19.411630788388326,10.898453448398962,27.92480812837769,11235,horizon
5842,2025-12-06,15,3.0,23.65641675268597,11.110476736459695,36.202356768912246,11235,horizon
5842,2025-12-07,16,3.0,23.676761873269673,11.120032029271318,36.23349171726802,11235,horizon
5842,2025-12-08,17,5.0,26.190602627765738,12.300682907803953,40.08052234772752,11235,horizon
5842,2025-12-09,18,5.0,26.047864693365195,12.23364458513036,39.862084801600034,11235,horizon
5842,2025-12-10,19,3.0,24.586495501282542,11.547297680535449,37.62569332202963,11235,horizon
5842,2025-12-11,20,3.0,36.20109468206595,17.002212317459325,55.399977046672575,11235,horizon
5842,2025-12-12,21,7.0,29.108969034536514,13.67132337334321,44.546614695729815,11235,horizon
5842,2025-12-13,22,3.0,26.22144873517234,3.5869783926651486,48.85591907767953,14445,horizon
5842,2025-12-14,23,3.0,24.047161262758323,3.2895454681246292,44.804777057392016,14445,horizon
5842,2025-12-15,24,3.0,29.028466501073535,3.970966027208352,54.085966974938714,14445,horizon
5842,2025-12-16,25,2.0,28.878442756350495,3.950443441437322,53.80644207126367,14445,horizon
5842,2025-12-17,26,1.0,26.625109321446654,3.6421973782963377,49.60802126459697,14445,horizon
5842,2025-12-18,27,0.0,26.651973939381367,3.6458723393952575,49.65807553936747,14445,horizon
5842,2025-12-19,28,0.0,18.66180779060859,2.552852894935331,34.770762686281856,14445,horizon
5842,2025-12-20,29,1.0,24.857282064981018,3.400366416363216,46.314197713598816,14445,horizon
5842,2025-12-21,30,2.0,22.202815786751525,3.0372471516638697,41.36838442183918,14445,horizon
5850,2025-11-22,1,0.0,1.3489376408701964e-16,0.0,0.16510716996673924,4815,horizon
5850,2025-11-23,2,0.0,1.3489376408701964e-16,0.0,0.16510716996673924,4815,horizon
5850,2025-11-24,3,0.0,1.3489376408701964e-16,0.0,0.16510716996673924,4815,horizon
5850,2025-11-25,4,0.0,1.3489376408701964e-16,0.0,0.3164391922845507,6420,horizon
5850,2025-11-26,5,0.0,1.3489376408701964e-16,0.0,0.3164391922845507,6420,horizon
5850,2025-11-27,6,0.0,1.3489376408701964e-16,0.0,0.3164391922845507,6420,horizon
5850,2025-11-28,7,0.0,1.3489376408701964e-16,0.0,0.3164391922845507,6420,horizon
5850,2025-11-29,8,0.0,1.5006439558569507e-16,0.0,0.4385606460783187,11235,horizon
5850,2025-11-30,9,0.0,1.5006439558569507e-16,0.0,0.4385606460783187,11235,horizon
5850,2025-12-01,10,0.0,1.5006439558569507e-16,0.0,0.4385606460783187,11235,horizon
5850,2025-12-02,11,0.0,1.5006439558569507e-16,0.0,0.4385606460783187,11235,horizon
5850,2025-12-03,12,0.0,1.5006439558569507e-16,0.0,0.4385606460783187,11235,horizon
5850,2025-12-04,13,0.0,1.5006439558569507e-16,0.0,0.4385606460783187,11235,horizon
5850,2025-12-05,14,0.0,1.5006439558569507e-16,0.0,0.4385606460783187,11235,horizon
5850,2025-12-06,15,0.0,2.0936493878579075e-16,0.0,0.530339829036103,11235,horizon
5850,2025-12-07,16,0.0,2.0936493878579075e-16,0.0,0.530339829036103,11235,horizon
5850,2025-12-08,17,0.0,2.0936493878579075e-16,0.0,0.530339829036103,11235,horizon
5850,2025-12-09,18,0.0,2.0936493878579075e-16,0.0,0.530339829036103,11235,horizon
5850,2025-12-10,19,0.0,2.0936493878579075e-16,0.0,0.530339829036103,11235,horizon
5850,2025-12-11,20,0.0,2.0936493878579075e-16,0.0,0.530339829036103,11235,horizon
5850,2025-12-12,21,0.0,2.0936493878579075e-16,0.0,0.530339829036103,11235,horizon
5850,2025-12-13,22,0.0,0.00011539169020314227,0.0,0.8633198077050313,14445,horizon
5850,2025-12-14,23,0.0,2.085521617919071e-16,0.0,0.8632044160148283,14445,horizon
5850,2025-12-15,24,0.0,2.085521617919071e-16,0.0,0.8632044160148283,14445,horizon
5850,2025-12-16,25,0.0,2.085521617919071e-16,0.0,0.8632044160148283,14445,horizon
5850,2025-12-17,26,0.0,2.085521617919071e-16,0.0,0.8632044160148283,14445,horizon
5850,2025-12-18,27,0.0,2.085521617919071e-16,0.0,0.8632044160148283,14445,horizon
5850,2025-12-19,28,0.0,2.085521617919071e-16,0.0,0.8632044160148283,14445,horizon
5850,2025-12-20,29,0.0,2.085521617919071e-16,0.0,0.8632044160148283,14445,horizon
5850,2025-12-21,30,0.0,2.085521617919071e-16,0.0,0.8632044160148283,14445,horizon
5927,2025-11-22,1,914.0,1018.2830329018936,914.0,1186.4088626894732,4815,horizon
5927,2025-11-23,2,763.0,971.346793428854,810.9704733095491,1131.7231135481588,4815,horizon
5927,2025-11-24,3,481.0,692.7777536936712,578.3951793653946,807.1603280219479,4815,horizon
5927,2025-11-25,4,438.0,699.6543932394812,478.25632216444245,921.05246431452,6420,horizon
5927,2025-11-26,5,478.0,939.0122414607026,641.8719662275726,1236.1525166938327,6420,horizon
5927,2025-11-27,6,547.0,1292.293581818071,883.3612445930519,1701.2259190430902,6420,horizon
5927,2025-11-28,7,188.0,434.99077489632316,297.3426454368999,572.6389043557465,6420,horizon
5927,2025-11-29,8,147.0,353.2179567592608,198.31046143645582,508.12545208206575,11235,horizon
5927,2025-11-30,9,124.0,339.9047637874436,190.8359109757241,488.97361659916305,11235,horizon
5927,2025-12-01,10,97.0,298.8150520593566,167.7665297702788,429.86357434843444,11235,horizon
5927,2025-12-02,11,115.0,357.889214047563,200.93308911040214,514.8453389847239,11235,horizon
5927,2025-12-03,12,159.0,670.4928463569722,376.44107046776776,964.5446222461767,11235,horizon
5927,2025-12-04,13,194.0,1206.1895687605984,677.2022921920219,1735.1768453291747,11235,horizon
5927,2025-12-05,14,66.0,348.3416809103956,195.57272827432504,501.11063354646615,11235,horizon
5927,2025-12-06,15,69.0,376.3190705389284,176.742079006288,575.8960620715687,11235,horizon
5927,2025-12-07,16,65.0,351.73631391541267,165.19653732772375,538.2760905031016,11235,horizon
5927,2025-12-08,17,56.0,288.5747611835018,135.53207167330925,441.6174506936943,11235,horizon
5927,2025-12-09,18,53.0,320.4172805230194,150.48723475022828,490.3473262958105,11235,horizon
5927,2025-12-10,19,61.0,473.5547700580551,222.4098142662352,724.699725849875,11235,horizon
5927,2025-12-11,20,52.0,779.9970953706945,366.33356916314364,1193.6606215782454,11235,horizon
5927,2025-12-12,21,24.0,327.83970757164263,153.97325310685176,501.7061620364335,11235,horizon
5927,2025-12-13,22,25.0,237.73138306375753,32.52060337780932,442.94216274970574,14445,horizon
5927,2025-12-14,23,23.0,219.6613145100975,30.048697797359296,409.2739312228357,14445,horizon
5927,2025-12-15,24,23.0,251.4526218093126,34.39760824500749,468.50763537361775,14445,horizon
5927,2025-12-16,25,47.0,394.0336002813649,53.90205646026908,734.1651441024608,14445,horizon
5927,2025-12-17,26,45.0,541.4922189738857,74.07374431795927,1008.910693629812,14445,horizon
5927,2025-12-18,27,32.0,532.0721594170491,72.78512176970668,991.3591970643915,14445,horizon
5927,2025-12-19,28,15.0,307.71164561164363,42.09359426048303,573.3296969628043,14445,horizon
5927,2025-12-20,29,13.0,212.23876779893834,29.03332618534907,395.4442094125276,14445,horizon
5927,2025-12-21,30,12.0,178.49277972520233,24.417024039645696,332.56853541075895,14445,horizon
5933,2025-11-22,1,2.0,3.636579125374009,3.036153837623387,4.237004413124631,4815,horizon
5933,2025-11-23,2,7.0,11.571439959518386,9.660912255362268,13.481967663674505,4815,horizon
5933,2025-11-24,3,7.0,13.827220338780116,11.544247120137594,16.110193557422637,4815,horizon
5933,2025-11-25,4,2.0,7.06824033460107,4.831572072246826,9.304908596955315,6420,horizon
5933,2025-11-26,5,6.0,15.316299752276382,10.46962222987798,20.162977274674784,6420,horizon
5933,2025-11-27,6,2.0,9.480013133297248,6.480165434549736,12.47986083204476,6420,horizon
5933,2025-11-28,7,4.0,7.80646709767405,5.3361949546901535,10.276739240657946,6420,horizon
5933,2025-11-29,8,1.0,4.724295614055667,2.6524054772904475,6.796185750820888,11235,horizon
5933,2025-11-30,9,1.0,7.612231569057956,4.273806374034127,10.950656764081785,11235,horizon
5933,2025-12-01,10,2.0,10.445195629084049,5.86434388557852,15.026047372589577,11235,horizon
5933,2025-12-02,11,2.0,12.024118909261198,6.7508135518930805,17.297424266629314,11235,horizon
5933,2025-12-03,12,3.0,14.250760205058002,8.000937602420574,20.50058280769543,11235,horizon
5933,2025-12-04,13,2.0,15.975972854403372,8.96953987764655,22.982405831160193,11235,horizon
5933,2025-12-05,14,2.0,10.456408485578992,5.870639224484657,15.042177746673326,11235,horizon
5933,2025-12-06,15,2.0,12.840483073723869,6.030663475664181,19.650302671783557,11235,horizon
5933,2025-12-07,16,1.0,9.317826893383497,4.3762121717584925,14.259441615008502,11235,horizon
5933,2025-12-08,17,2.0,12.057684517173273,5.663014171764336,18.45235486258221,11235,horizon
5933,2025-12-09,18,2.0,12.099319670635802,5.682568545057656,18.51607079621395,11235,horizon
5933,2025-12-10,19,1.0,10.18512476685474,4.783547439289621,15.58670209441986,11235,horizon
5933,2025-12-11,20,1.0,13.193653806482395,6.196533702390995,20.190773910573796,11235,horizon
5933,2025-12-12,21,2.0,10.80345854193175,5.073954185805041,16.532962898058457,11235,horizon
5933,2025-12-13,22,1.0,10.820105417280505,1.480142639338009,20.160068195223,14445,horizon
5933,2025-12-14,23,1.0,8.958905207368044,1.2255386697097093,16.69227174502638,14445,horizon
5933,2025-12-15,24,1.0,13.293592391861907,1.8185047345055878,24.768680049218226,14445,horizon
5933,2025-12-16,25,1.0,13.24141173066493,1.8113666504844144,24.67145681084545,14445,horizon
5933,2025-12-17,26,1.0,13.61152674797598,1.861996750419161,25.3610567455328,14445,horizon
5933,2025-12-18,27,1.0,12.220032160111057,1.671646435659973,22.76841788456214,14445,horizon
5933,2025-12-19,28,1.0,8.023853611943679,1.0976277406573667,14.950079483229992,14445,horizon
5933,2025-12-20,29,0.0,8.625212271717716,1.1798909497056957,16.070533593729735,14445,horizon
5933,2025-12-21,30,0.0,4.471786706311435,0.6117206739470009,8.331852738675869,14445,horizon
5936,2025-11-22,1,15.0,17.59181701235628,15.0,20.49635213383916,4815,horizon
5936,2025-11-23,2,14.0,18.544138200615862,15.48236802284008,21.605908378391646,4815,horizon
5936,2025-11-24,3,5.0,9.526626270234573,7.953711967425352,11.099540573043795,4815,horizon
5936,2025-11-25,4,0.0,3.3804091438629738,2.310715204787665,4.450103082938282,6420,horizon
5936,2025-11-26,5,2.0,11.581191669808932,7.916448732122028,15.245934607495837,6420,horizon
5936,2025-11-27,6,1.0,9.931470333084643,6.7887638826853625,13.074176783483924,6420,horizon
5936,2025-11-28,7,15.0,26.691356483960938,18.245165197197338,35.13754777072454,6420,horizon
5936,2025-11-29,8,4.0,11.512421258175475,6.46352635326427,16.56131616308668,11235,horizon
5936,2025-11-30,9,4.0,13.250459954250779,7.43932967587967,19.06159023262189,11235,horizon
5936,2025-12-01,10,4.0,13.119338851179391,7.365713128485773,18.87296457387301,11235,horizon
5936,2025-12-02,11,4.0,12.646213968355742,7.100082199948991,18.19234573676249,11235,horizon
5936,2025-12-03,12,0.0,10.622245597503108,5.96374670545957,15.280744489546645,11235,horizon
5936,2025-12-04,13,1.0,26.787511363338975,15.039563073002736,38.53545965367522,11235,horizon
5936,2025-12-05,14,0.0,10.202817848154833,5.72826346084865,14.677372235461016,11235,horizon
5936,2025-12-06,15,2.0,12.810653308149499,6.016653622864709,19.60465299343429,11235,horizon
5936,2025-12-07,16,0.0,9.470221812577702,4.447785995561272,14.492657629594131,11235,horizon
5936,2025-12-08,17,0.0,9.189241142328992,4.315820565934713,14.062661718723271,11235,horizon
5936,2025-12-09,18,0.0,10.613933097417986,4.984941633132698,16.242924561703273,11235,horizon
5936,2025-12-10,19,0.0,16.37216114281599,7.689352001383433,25.054970284248547,11235,horizon
5936,2025-12-11,20,0.0,38.387115587974165,18.02889926985883,58.745331906089504,11235,horizon
5936,2025-12-12,21,0.0,11.866011244086446,5.572992869557167,18.159029618615726,11235,horizon
5936,2025-12-13,22,0.0,9.708505804920108,1.3280807212074777,18.08893088863274,14445,horizon
5936,2025-12-14,23,0.0,8.542921583655104,1.1686339469756293,15.91720922033458,14445,horizon
5936,2025-12-15,24,0.0,10.134178127317952,1.3863108151362145,18.88204543949969,14445,horizon
5936,2025-12-16,25,0.0,11.925948032982923,1.6314170257487106,22.220479040217135,14445,horizon
5936,2025-12-17,26,0.0,18.370032861210607,2.5129393730761027,34.22712634934511,14445,horizon
5936,2025-12-18,27,0.0,28.028740916764534,3.834207982077885,52.22327385145118,14445,horizon
5936,2025-12-19,28,0.0,14.672838891343746,2.00717956486171,27.33849821782578,14445,horizon
5936,2025-12-20,29,0.0,10.685832755721362,1.4617747321867824,19.909890779255942,14445,horizon
5936,2025-12-21,30,0.0,7.968472343062839,1.0900518276389723,14.846892858486704,14445,horizon
5947,2025-11-22,1,137.0,153.47003120819414,137.0,178.8090337356862,4815,horizon
5947,2025-11-23,2,97.0,125.6831565083114,104.93196622473735,146.43434679188545,4815,horizon
5947,2025-11-24,3,91.0,130.4864026643283,108.94216200128068,152.0306433273759,4815,horizon
5947,2025-11-25,4,89.0,137.0691692183481,93.69511202377964,180.44322641291654,6420,horizon
5947,2025-11-26,5,133.0,239.9144281861938,163.99610031354482,315.83275605884273,6420,horizon
5947,2025-11-27,6,91.0,231.33116643206685,158.12891897606067,304.533413888073,6420,horizon
5947,2025-11-28,7,20.0,52.55524976401179,35.92470897837508,69.1857905496485,6420,horizon
5947,2025-11-29,8,17.0,51.05518766712123,28.664391578178744,73.44598375606373,11235,horizon
5947,2025-11-30,9,17.0,58.02789862737793,32.579145914787894,83.47665133996796,11235,horizon
5947,2025-12-01,10,16.0,55.37781959510036,31.09128725506458,79.66435193513615,11235,horizon
5947,2025-12-02,11,21.0,79.52751675972888,44.64987762857788,114.40515589087988,11235,horizon
5947,2025-12-03,12,31.0,131.28351179224643,73.7077300412083,188.85929354328456,11235,horizon
5947,2025-12-04,13,17.0,173.19790611140766,97.24012050777677,249.15569171503856,11235,horizon
5947,2025-12-05,14,10.0,62.928412192296875,35.33048708456042,90.52633730003333,11235,horizon
5947,2025-12-06,15,12.0,66.27125336532856,31.124968185551964,101.41753854510516,11235,horizon
5947,2025-12-07,16,12.0,60.133237849525834,28.242186769021,92.02428893003066,11235,horizon
5947,2025-12-08,17,14.0,59.67949407597936,28.02908139076336,91.32990676119536,11235,horizon
5947,2025-12-09,18,10.0,60.04537246174092,28.200919895972127,91.88982502750972,11235,horizon
5947,2025-12-10,19,14.0,104.66327309011696,49.156170733145395,160.17037544708853,11235,horizon
5947,2025-12-11,20,17.0,231.64063538708083,108.79238041808216,354.48889035607954,11235,horizon
5947,2025-12-12,21,8.0,65.5063506139006,30.765723828545546,100.24697739925564,11235,horizon
5947,2025-12-13,22,0.0,40.089671711578156,5.484090053559157,74.69525336959715,14445,horizon
5947,2025-12-14,23,1.0,40.1863751739732,5.497318660170876,74.87543168777552,14445,horizon
5947,2025-12-15,24,6.0,61.010446954545,8.345959720343338,113.67493418874668,14445,horizon
5947,2025-12-16,25,3.0,57.88332018956364,7.918182588332051,107.84845779079524,14445,horizon
5947,2025-12-17,26,0.0,75.68301976104107,10.353102885972916,141.0129366361092,14445,horizon
5947,2025-12-18,27,4.0,141.70638494134369,19.38480768247868,264.02796220020866,14445,horizon
5947,2025-12-19,28,0.0,54.75839926405845,7.49070720542008,102.02609132269681,14445,horizon
5947,2025-12-20,29,0.0,40.66271642439213,5.562480039698158,75.7629528090861,14445,horizon
5947,2025-12-21,30,0.0,30.21939102231604,4.1338792425739825,56.304902802058095,14445,horizon
5951,2025-11-22,1,0.0,1.3489376408701964e-16,0.0,0.16510716996673924,4815,horizon
5951,2025-11-23,2,0.0,1.3489376408701964e-16,0.0,0.16510716996673924,4815,horizon
5951,2025-11-24,3,0.0,1.3489376408701964e-16,0.0,0.16510716996673924,4815,horizon
5951,2025-11-25,4,0.0,1.3489376408701964e-16,0.0,0.3164391922845507,6420,horizon
5951,2025-11-26,5,0.0,1.3489376408701964e-16,0.0,0.3164391922845507,6420,horizon
5951,2025-11-27,6,0.0,1.3489376408701964e-16,0.0,0.3164391922845507,6420,horizon
5951,2025-11-28,7,0.0,1.3489376408701964e-16,0.0,0.3164391922845507,6420,horizon
5951,2025-11-29,8,0.0,1.5006439558569507e-16,0.0,0.4385606460783187,11235,horizon
5951,2025-11-30,9,0.0,1.5006439558569507e-16,0.0,0.4385606460783187,11235,horizon
5951,2025-12-01,10,0.0,1.5006439558569507e-16,0.0,0.4385606460783187,11235,horizon
5951,2025-12-02,11,0.0,1.5006439558569507e-16,0.0,0.4385606460783187,11235,horizon
5951,2025-12-03,12,0.0,1.5006439558569507e-16,0.0,0.4385606460783187,11235,horizon
5951,2025-12-04,13,0.0,1.5006439558569507e-16,0.0,0.4385606460783187,11235,horizon
5951,2025-12-05,14,0.0,1.5006439558569507e-16,0.0,0.4385606460783187,11235,horizon
5951,2025-12-06,15,0.0,0.0,0.0,0.5303398290361028,11235,horizon
5951,2025-12-07,16,0.0,0.0,0.0,0.5303398290361028,11235,horizon
5951,2025-12-08,17,0.0,0.0,0.0,0.5303398290361028,11235,horizon
5951,2025-12-09,18,0.0,2.0936493878579075e-16,0.0,0.530339829036103,11235,horizon
5951,2025-12-10,19,0.0,2.0936493878579075e-16,0.0,0.530339829036103,11235,horizon
5951,2025-12-11,20,0.0,2.0936493878579075e-16,0.0,0.530339829036103,11235,horizon
5951,2025-12-12,21,0.0,2.0936493878579075e-16,0.0,0.530339829036103,11235,horizon
5951,2025-12-13,22,0.0,2.085521617919071e-16,0.0,0.8632044160148283,14445,horizon
5951,2025-12-14,23,0.0,2.085521617919071e-16,0.0,0.8632044160148283,14445,horizon
5951,2025-12-15,24,0.0,2.085521617919071e-16,0.0,0.8632044160148283,14445,horizon
5951,2025-12-16,25,0.0,2.085521617919071e-16,0.0,0.8632044160148283,14445,horizon
5951,2025-12-17,26,0.0,2.085521617919071e-16,0.0,0.8632044160148283,14445,horizon
5951,2025-12-18,27,0.0,2.085521617919071e-16,0.0,0.8632044160148283,14445,horizon
5951,2025-12-19,28,0.0,2.085521617919071e-16,0.0,0.8632044160148283,14445,horizon
5951,2025-12-20,29,0.0,2.085521617919071e-16,0.0,0.8632044160148283,14445,horizon
5951,2025-12-21,30,0.0,2.085521617919071e-16,0.0,0.8632044160148283,14445,horizon
5986,2025-11-22,1,488.0,558.311605329713,488.0,650.4928544452888,4815,horizon
5986,2025-11-23,2,885.0,1222.6253283178482,1020.7611204296331,1424.4895362060633,4815,horizon
5986,2025-11-24,3,517.0,790.45294250288,659.943494174348,920.962390831412,4815,horizon
5986,2025-11-25,4,333.0,606.0865963725946,414.29704336195834,797.8761493832309,6420,horizon
5986,2025-11-26,5,367.0,870.1265358483838,594.7843976591672,1145.4686740376005,6420,horizon
5986,2025-11-27,6,970.0,3000.181272231788,2050.8063337395256,3949.5562107240507,6420,horizon
5986,2025-11-28,7,267.0,902.0355214739051,616.5961296467292,1187.474913301081,6420,horizon
5986,2025-11-29,8,270.0,735.684764535617,413.04237889090115,1058.3271501803329,11235,horizon
5986,2025-11-30,9,192.0,605.4840018454912,339.9425468060468,871.0254568849357,11235,horizon
5986,2025-12-01,10,186.0,652.5298191755522,366.3559200925537,938.7037182585508,11235,horizon
5986,2025-12-02,11,183.0,768.1450109251423,431.26683865197487,1105.0231831983097,11235,horizon
5986,2025-12-03,12,266.0,1208.742282480284,678.6354861335493,1738.8490788270187,11235,horizon
5986,2025-12-04,13,611.0,4973.290916300471,2792.2012389123033,7154.380593688638,11235,horizon
5986,2025-12-05,14,154.0,961.4668265034338,539.8053138892174,1383.1283391176503,11235,horizon
5986,2025-12-06,15,143.0,748.160519937618,351.38119770233993,1144.939842172896,11235,horizon
5986,2025-12-07,16,100.0,702.4949487386085,329.9338977258491,1075.0559997513678,11235,horizon
5986,2025-12-08,17,113.0,718.1794846372194,337.30029953748004,1099.0586697369588,11235,horizon
5986,2025-12-09,18,115.0,735.450446449982,345.4117824151731,1125.489110484791,11235,horizon
5986,2025-12-10,19,130.0,1134.4149140807915,532.7895024911793,1736.0403256704037,11235,horizon
5986,2025-12-11,20,266.0,4807.233890787516,2257.766291010706,7356.701490564326,11235,horizon
5986,2025-12-12,21,104.0,1286.7851521174232,604.3517345372735,1969.218569697573,11235,horizon
5986,2025-12-13,22,83.0,730.2638414319857,99.89686865194346,1360.6308142120279,14445,horizon
5986,2025-12-14,23,65.0,697.9229896837145,95.47278295046078,1300.3731964169683,14445,horizon
5986,2025-12-15,24,68.0,803.6321315681862,109.93332674711849,1497.330936389254,14445,horizon
5986,2025-12-16,25,67.0,848.2169676401155,116.03233543446129,1580.4015998457699,14445,horizon
5986,2025-12-17,26,100.0,1494.7667098259813,204.47748499223917,2785.0559346597233,14445,horizon
5986,2025-12-18,27,317.0,5493.332394286216,751.463612901045,10235.201175671387,14445,horizon
5986,2025-12-19,28,73.0,1374.814563184284,188.06856104211306,2561.5605653264547,14445,horizon
5986,2025-12-20,29,82.0,919.767308627285,125.82010611413932,1713.7145111404307,14445,horizon
5986,2025-12-21,30,30.0,644.9401582739808,88.22496558657838,1201.6553509613832,14445,horizon
6037,2025-11-22,1,75.0,91.16338319276875,76.11165498921731,106.21511139632018,4815,horizon
6037,2025-11-23,2,59.0,84.88508995226076,70.8699529778709,98.90022692665062,4815,horizon
6037,2025-11-24,3,49.0,80.51700384969337,67.22306920986946,93.81093848951727,4815,horizon
6037,2025-11-25,4,51.0,87.92379174952909,60.10125810571307,115.7463253933451,6420,horizon
6037,2025-11-26,5,48.0,96.45914341088871,65.93568998148746,126.98259684028997,6420,horizon
6037,2025-11-27,6,45.0,106.1100259092093,72.53265501720637,139.68739680121223,6420,horizon
6037,2025-11-28,7,22.0,59.04361754962958,40.35990290266688,77.72733219659227,6420,horizon
6037,2025-11-29,8,24.0,67.71106752490458,38.015658004529776,97.40647704527939,11235,horizon
6037,2025-11-30,9,24.0,70.97698383504185,39.849271947655524,102.10469572242818,11235,horizon
6037,2025-12-01,10,20.0,74.08110557350354,41.5920480509917,106.57016309601536,11235,horizon
6037,2025-12-02,11,14.0,67.05170104014587,37.645463711329235,96.45793836896252,11235,horizon
6037,2025-12-03,12,8.0,61.0327113554396,34.266166031486485,87.79925667939273,11235,horizon
6037,2025-12-04,13,15.0,98.7974615083118,55.468782958328774,142.12614005829482,11235,horizon
6037,2025-12-05,14,6.0,60.1975973857328,33.79730018388332,86.59789458758227,11235,horizon
6037,2025-12-06,15,10.0,80.36809928988048,37.74569525252873,122.99050332723222,11235,horizon
6037,2025-12-07,16,8.0,78.28242329244863,36.76613630699959,119.79871027789767,11235,horizon
6037,2025-12-08,17,10.0,80.60156938651527,37.855346858029186,123.34779191500135,11235,horizon
6037,2025-12-09,18,8.0,81.39804151234202,38.229418092812956,124.56666493187109,11235,horizon
6037,2025-12-10,19,11.0,84.8282488779502,39.84044987058611,129.81604788531428,11235,horizon
6037,2025-12-11,20,9.0,123.90310338046676,58.192352716627454,189.61385404430607,11235,horizon
6037,2025-12-12,21,9.0,76.52695355176348,35.94166208846746,117.1122450150595,11235,horizon
6037,2025-12-13,22,8.0,84.01720803268549,11.493183037634893,156.5412330277361,14445,horizon
6037,2025-12-14,23,8.0,76.39918631348154,10.451071307744655,142.34730131921842,14445,horizon
6037,2025-12-15,24,8.0,89.98520106391078,12.30957812956079,167.66082399826075,14445,horizon
6037,2025-12-16,25,8.0,98.74626525206175,13.508053021510477,183.98447748261302,14445,horizon
6037,2025-12-17,26,11.0,99.32319637015804,13.586974650729672,185.05941808958642,14445,horizon
6037,2025-12-18,27,13.0,140.62215424469724,19.23648971115628,262.0078187782382,14445,horizon
6037,2025-12-19,28,7.0,92.00050926207167,12.585263391438303,171.41575513270504,14445,horizon
6037,2025-12-20,29,9.0,106.28906691092587,14.539874979319109,198.03825884253263,14445,horizon
6037,2025-12-21,30,4.0,71.30811926693333,9.75463581800443,132.86160271586223,14445,horizon
6081,2025-11-22,1,1.0,1.0,1.0,1.165107169966739,4815,horizon
6081,2025-11-23,2,0.0,0.043073905993389436,0.0,0.20818107596012853,4815,horizon
6081,2025-11-24,3,4.0,4.4501980075585825,4.0,5.184957606378201,4815,horizon
6081,2025-11-25,4,1.0,1.4244623483099956,1.0,1.8752180632489648,6420,horizon
6081,2025-11-26,5,1.0,2.118305671744321,1.4479907359657656,2.7886206075228763,6420,horizon
6081,2025-11-27,6,1.0,2.220919784123047,1.5181337215063713,2.9237058467397223,6420,horizon
6081,2025-11-28,7,0.0,0.8645271073645807,0.5480879150800302,1.1809662996491312,6420,horizon
6081,2025-11-29,8,0.0,1.0958575448141754,0.6152575519506708,1.5764575376776802,11235,horizon
6081,2025-11-30,9,0.0,1.723188320624624,0.9674657374168761,2.4789109038323716,11235,horizon
6081,2025-12-01,10,2.0,4.29277497837789,2.410132810391643,6.175417146364138,11235,horizon
6081,2025-12-02,11,0.0,2.4295516828974097,1.3640459271652556,3.495057438629564,11235,horizon
6081,2025-12-03,12,0.0,2.7201479875687076,1.5271981287119372,3.9130978464254778,11235,horizon
6081,2025-12-04,13,0.0,4.2741002832011725,2.3996481015969424,6.148552464805403,11235,horizon
6081,2025-12-05,14,0.0,2.932435510276687,1.6463846983067396,4.218486322246634,11235,horizon
6081,2025-12-06,15,0.0,3.789161546920074,1.7796182599363073,5.798704833903841,11235,horizon
6081,2025-12-07,16,0.0,4.216391437492392,1.9802711233833894,6.452511751601396,11235,horizon
6081,2025-12-08,17,0.0,4.088934854881469,1.9204098430038687,6.257459866759069,11235,horizon
6081,2025-12-09,18,0.0,4.048053463037999,1.9012094815214229,6.1948974445545755,11235,horizon
6081,2025-12-10,19,1.0,5.391620971410907,2.53222962720538,8.251012315616434,11235,horizon
6081,2025-12-11,20,1.0,6.630166683967754,3.113925218311431,10.146408149624078,11235,horizon
6081,2025-12-12,21,1.0,4.6085310056683575,2.164443460014622,7.052618551322093,11235,horizon
6081,2025-12-13,22,1.0,5.261068272747059,1.0,9.802445638737824,14445,horizon
6081,2025-12-14,23,0.0,3.723306140706889,0.5093318378735754,6.937280443540202,14445,horizon
6081,2025-12-15,24,0.0,4.327985434190793,0.5920492949494474,8.063921573432138,14445,horizon
6081,2025-12-16,25,0.0,4.452712325353186,0.6091113828646617,8.296313267841711,14445,horizon
6081,2025-12-17,26,0.0,4.283767732840677,0.586000508670776,7.981534957010578,14445,horizon
6081,2025-12-18,27,0.0,4.486662950666351,0.6137556784810378,8.359570222851664,14445,horizon
6081,2025-12-19,28,0.0,3.7449737329998842,0.5122958688148485,6.97765159718492,14445,horizon
6081,2025-12-20,29,0.0,3.9659603827778422,0.5425258666241506,7.389394898931534,14445,horizon
6081,2025-12-21,30,0.0,3.4129824821495403,0.4668809317768079,6.359084032522272,14445,horizon
6093,2025-11-22,1,382.0,480.277908007384,400.980581818739,559.575234196029,4815,horizon
6093,2025-11-23,2,328.0,474.87780803580665,396.4720770710062,553.2835390006071,4815,horizon
6093,2025-11-24,3,261.0,412.58350186583573,344.4630074978008,480.70399623387067,4815,horizon
6093,2025-11-25,4,203.0,383.5341568502773,262.1689180430394,504.89939565751524,6420,horizon
6093,2025-11-26,5,197.0,496.89253690634473,339.6562638754798,654.1288099372097,6420,horizon
6093,2025-11-27,6,427.0,1171.466114936608,800.7683237373471,1542.1639061358687,6420,horizon
6093,2025-11-28,7,221.0,563.4113583597237,385.1259231964313,741.6967935230161,6420,horizon
6093,2025-11-29,8,92.0,297.61335958100415,167.09185232162005,428.1348668403882,11235,horizon
6093,2025-11-30,9,69.0,290.33114076156494,163.0033280925178,417.6589534306121,11235,horizon
6093,2025-12-01,10,100.0,342.38916658169774,192.23075247541135,492.5475806879841,11235,horizon
6093,2025-12-02,11,110.0,404.53213503468197,227.12026053443026,581.9440095349337,11235,horizon
6093,2025-12-03,12,139.0,599.4170636121373,336.5363289240298,862.2977983002448,11235,horizon
6093,2025-12-04,13,155.0,1094.6963982884195,614.6056385954419,1574.787157981397,11235,horizon
6093,2025-12-05,14,130.0,755.8934176001751,424.38831201109406,1087.3985231892561,11235,horizon
6093,2025-12-06,15,81.0,415.1149912245901,194.96297774821767,635.2670047009625,11235,horizon
6093,2025-12-07,16,53.0,364.3963105746941,171.14243352312423,557.6501876262639,11235,horizon
6093,2025-12-08,17,65.0,348.6517176773839,163.74782533121655,533.5556100235513,11235,horizon
6093,2025-12-09,18,62.0,410.19937551600043,192.65430883412864,627.7444421978722,11235,horizon
6093,2025-12-10,19,52.0,486.0250279280584,228.26659770942484,743.783458146692,11235,horizon
6093,2025-12-11,20,103.0,1293.8796176210076,607.6837224185844,1980.075512823431,11235,horizon
6093,2025-12-12,21,82.0,565.0581100122743,265.3852885529014,864.7309314716472,11235,horizon
6093,2025-12-13,22,82.0,492.5835169624573,82.0,917.7837840605654,14445,horizon
6093,2025-12-14,23,49.0,384.4433945993356,52.590158673458006,716.2966305252132,14445,horizon
6093,2025-12-15,24,37.0,364.036206588212,49.79854547198113,678.2738677044429,14445,horizon
6093,2025-12-16,25,37.0,422.32871676542027,57.77270344363393,786.8847300872067,14445,horizon
6093,2025-12-17,26,45.0,579.7150434534893,79.30245791420936,1080.1276289927694,14445,horizon
6093,2025-12-18,27,52.0,914.6846304802275,125.12481818880383,1704.2444427716512,14445,horizon
6093,2025-12-19,28,29.0,415.07469697530286,56.78038557020483,773.3690083804008,14445,horizon
6093,2025-12-20,29,26.0,351.43936231564066,48.07535280334446,654.8033718279369,14445,horizon
6093,2025-12-21,30,17.0,281.69772959638914,38.535005427435095,524.8604537653432,14445,horizon
6095,2025-11-22,1,186.0,196.0111041809892,186.0,228.373942874368,4815,horizon
6095,2025-11-23,2,235.0,290.0768700816869,242.1830989896901,337.97064117368365,4815,horizon
6095,2025-11-24,3,111.0,141.822147053408,118.4062937148131,165.2380003920029,4815,horizon
6095,2025-11-25,4,98.0,138.89411956580355,98.0,182.84566257428023,6420,horizon
6095,2025-11-26,5,122.0,222.36161567813875,151.99768561786087,292.7255457384166,6420,horizon
6095,2025-11-27,6,210.0,518.9769849478287,354.7523270166664,683.2016428789909,6420,horizon
6095,2025-11-28,7,26.0,57.65440558713148,39.41029205149371,75.89851912276924,6420,horizon
6095,2025-11-29,8,24.0,56.185490939687085,31.544745732950407,80.82623614642377,11235,horizon
6095,2025-11-30,9,17.0,47.10476304969252,26.446467733253264,67.76305836613179,11235,horizon
6095,2025-12-01,10,20.0,60.51713229156127,33.976699654967085,87.05756492815544,11235,horizon
6095,2025-12-02,11,24.0,78.34461570893518,43.985750426866986,112.70348099100337,11235,horizon
6095,2025-12-03,12,37.0,146.43029639721365,82.21173100381196,210.64886179061534,11235,horizon
6095,2025-12-04,13,33.0,303.7954069276463,170.56269698983206,437.02811686546056,11235,horizon
6095,2025-12-05,14,14.0,71.46577074352271,40.1236961537584,102.80784533328702,11235,horizon
6095,2025-12-06,15,25.0,97.18162189308535,45.64233715285528,148.72090663331542,11235,horizon
6095,2025-12-07,16,23.0,90.92002391365651,42.70151397532954,139.13853385198348,11235,horizon
6095,2025-12-08,17,19.0,85.00521894186208,39.92356566105846,130.0868722226657,11235,horizon
6095,2025-12-09,18,16.0,75.17386412640293,35.306169877623184,115.04155837518269,11235,horizon
6095,2025-12-10,19,28.0,158.3177809812088,74.35555608225937,242.28000588015826,11235,horizon
6095,2025-12-11,20,24.0,367.5858851710868,172.6404496733681,562.5313206688054,11235,horizon
6095,2025-12-12,21,8.0,76.38026182959376,35.87276682915424,116.88775683003328,11235,horizon
6095,2025-12-13,22,9.0,70.74514576857845,9.677623529528802,131.8126680076281,14445,horizon
6095,2025-12-14,23,8.0,67.80608065042168,9.275572400320094,126.33658890052325,14445,horizon
6095,2025-12-15,24,9.0,85.16751831613186,11.650540404623086,158.68449622764064,14445,horizon
6095,2025-12-16,25,24.0,136.2592975092815,24.0,253.8789248423716,14445,horizon
6095,2025-12-17,26,23.0,177.7708772473233,24.318270968603912,331.22348352604274,14445,horizon
6095,2025-12-18,27,24.0,391.8474656669084,53.603002899014314,730.0919284348025,14445,horizon
6095,2025-12-19,28,8.0,97.05999049615237,13.277378081516403,180.84260291078834,14445,horizon
6095,2025-12-20,29,16.0,93.2539237698964,16.0,173.75112257878112,14445,horizon
6095,2025-12-21,30,4.0,49.022377212586406,6.7060447191371395,91.33870970603567,14445,horizon
6126,2025-11-22,1,0.0,1.3489376408701964e-16,0.0,0.16510716996673924,4815,horizon
6126,2025-11-23,2,0.0,1.3489376408701964e-16,0.0,0.16510716996673924,4815,horizon
6126,2025-11-24,3,0.0,1.3489376408701964e-16,0.0,0.16510716996673924,4815,horizon
6126,2025-11-25,4,0.0,1.3489376408701964e-16,0.0,0.3164391922845507,6420,horizon
6126,2025-11-26,5,0.0,1.3489376408701964e-16,0.0,0.3164391922845507,6420,horizon
6126,2025-11-27,6,0.0,1.3489376408701964e-16,0.0,0.3164391922845507,6420,horizon
6126,2025-11-28,7,0.0,1.3489376408701964e-16,0.0,0.3164391922845507,6420,horizon
6126,2025-11-29,8,0.0,1.5006439558569507e-16,0.0,0.4385606460783187,11235,horizon
6126,2025-11-30,9,0.0,1.5006439558569507e-16,0.0,0.4385606460783187,11235,horizon
6126,2025-12-01,10,0.0,1.5006439558569507e-16,0.0,0.4385606460783187,11235,horizon
6126,2025-12-02,11,0.0,1.5006439558569507e-16,0.0,0.4385606460783187,11235,horizon
6126,2025-12-03,12,0.0,1.5006439558569507e-16,0.0,0.4385606460783187,11235,horizon
6126,2025-12-04,13,0.0,1.5006439558569507e-16,0.0,0.4385606460783187,11235,horizon
6126,2025-12-05,14,0.0,1.5006439558569507e-16,0.0,0.4385606460783187,11235,horizon
6126,2025-12-06,15,0.0,2.0936493878579075e-16,0.0,0.530339829036103,11235,horizon
6126,2025-12-07,16,0.0,2.0936493878579075e-16,0.0,0.530339829036103,11235,horizon
6126,2025-12-08,17,0.0,2.0936493878579075e-16,0.0,0.530339829036103,11235,horizon
6126,2025-12-09,18,0.0,2.0936493878579075e-16,0.0,0.530339829036103,11235,horizon
6126,2025-12-10,19,0.0,2.0936493878579075e-16,0.0,0.530339829036103,11235,horizon
6126,2025-12-11,20,0.0,2.0936493878579075e-16,0.0,0.530339829036103,11235,horizon
6126,2025-12-12,21,0.0,2.0936493878579075e-16,0.0,0.530339829036103,11235,horizon
6126,2025-12-13,22,0.0,0.00011539169020314227,0.0,0.8633198077050313,14445,horizon
6126,2025-12-14,23,0.0,2.085521617919071e-16,0.0,0.8632044160148283,14445,horizon
6126,2025-12-15,24,0.0,2.085521617919071e-16,0.0,0.8632044160148283,14445,horizon
6126,2025-12-16,25,0.0,2.085521617919071e-16,0.0,0.8632044160148283,14445,horizon
6126,2025-12-17,26,0.0,2.085521617919071e-16,0.0,0.8632044160148283,14445,horizon
6126,2025-12-18,27,0.0,2.085521617919071e-16,0.0,0.8632044160148283,14445,horizon
6126,2025-12-19,28,0.0,2.085521617919071e-16,0.0,0.8632044160148283,14445,horizon
6126,2025-12-20,29,0.0,2.085521617919071e-16,0.0,0.8632044160148283,14445,horizon
6126,2025-12-21,30,0.0,2.085521617919071e-16,0.0,0.8632044160148283,14445,horizon
6179,2025-11-22,1,1.0,1.0791613635396768,1.0,1.25733864221116,4815,horizon
6179,2025-11-23,2,0.0,1.3489376408701964e-16,0.0,0.16510716996673924,4815,horizon
6179,2025-11-24,3,0.0,0.04246576096025391,0.0,0.20757293092699303,4815,horizon
6179,2025-11-25,4,1.0,2.5161964619046926,1.7199732858703278,3.3124196379390574,6420,horizon
6179,2025-11-26,5,1.0,3.775617146890814,2.5808639065529855,4.970370387228643,6420,horizon
6179,2025-11-27,6,1.0,5.243312125365912,3.5841226715193324,6.902501579212491,6420,horizon
6179,2025-11-28,7,1.0,4.381835558639499,2.995251053739893,5.7684200635391045,6420,horizon
6179,2025-11-29,8,0.0,0.0057316059830836,0.0,0.4442922520614021,11235,horizon
6179,2025-11-30,9,0.0,0.0015823406938664775,0.0,0.440142986772185,11235,horizon
6179,2025-12-01,10,0.0,0.0014572124234898953,0.0,0.4400178585018084,11235,horizon
6179,2025-12-02,11,0.0,0.0,0.0,0.4385606460783185,11235,horizon
6179,2025-12-03,12,0.0,0.0006829045608686465,0.0,0.4392435506391872,11235,horizon
6179,2025-12-04,13,0.0,0.000786359101783971,0.0,0.4393470051801025,11235,horizon
6179,2025-12-05,14,0.0,0.0,0.0,0.4385606460783185,11235,horizon
6179,2025-12-06,15,0.0,0.025786495693348847,0.0,0.5561263247294517,11235,horizon
6179,2025-12-07,16,0.0,0.0,0.0,0.5303398290361028,11235,horizon
6179,2025-12-08,17,0.0,0.0,0.0,0.5303398290361028,11235,horizon
6179,2025-12-09,18,0.0,0.0,0.0,0.5303398290361028,11235,horizon
6179,2025-12-10,19,0.0,0.0,0.0,0.5303398290361028,11235,horizon
6179,2025-12-11,20,0.0,0.11930584220498834,0.0,0.6496456712410911,11235,horizon
6179,2025-12-12,21,3.0,6.725876095106209,3.1588761167095716,10.292876073502846,11235,horizon
6179,2025-12-13,22,0.0,0.013966111420213584,0.0,0.8771705274350416,14445,horizon
6179,2025-12-14,23,1.0,4.897639701868581,1.0,9.125303920571085,14445,horizon
6179,2025-12-15,24,0.0,0.03308867392770234,0.0,0.8962930899425304,14445,horizon
6179,2025-12-16,25,0.0,0.03052121511806894,0.0,0.893725631132897,14445,horizon
6179,2025-12-17,26,0.0,0.017632979319144797,0.0,0.8808373953339729,14445,horizon
6179,2025-12-18,27,0.0,0.03719554897842662,0.0,0.9003999649932547,14445,horizon
6179,2025-12-19,28,0.0,0.04317704086776682,0.0,0.906381456882595,14445,horizon
6179,2025-12-20,29,0.0,0.032281980274526556,0.0,0.8954863962893547,14445,horizon
6179,2025-12-21,30,0.0,0.035975932501469264,0.0,0.8991803485162974,14445,horizon
6197,2025-11-22,1,4.0,4.047010018602027,4.0,4.715200389600447,4815,horizon
6197,2025-11-23,2,4.0,4.234109266720613,4.0,4.933191065078798,4815,horizon
6197,2025-11-24,3,0.0,1.3489376408701964e-16,0.0,0.16510716996673924,4815,horizon
6197,2025-11-25,4,4.0,4.375181605496459,4.0,5.759660538837982,6420,horizon
6197,2025-11-26,5,0.0,1.3489376408701964e-16,0.0,0.3164391922845507,6420,horizon
6197,2025-11-27,6,0.0,0.0,0.0,0.3164391922845506,6420,horizon
6197,2025-11-28,7,0.0,7.26046897730631e-06,0.0,0.3164464527535279,6420,horizon
6197,2025-11-29,8,0.0,0.0,0.0,0.4385606460783185,11235,horizon
6197,2025-11-30,9,0.0,4.4132529592041584e-05,0.0,0.4386047786079106,11235,horizon
6197,2025-12-01,10,0.0,0.0,0.0,0.4385606460783185,11235,horizon
6197,2025-12-02,11,0.0,1.6073665587837432e-05,0.0,0.43857671974390633,11235,horizon
6197,2025-12-03,12,0.0,5.898106166741791e-06,0.0,0.43856654418448526,11235,horizon
6197,2025-12-04,13,1.0,3.247921245462643,1.8235108056410494,4.672331685284236,11235,horizon
6197,2025-12-05,14,0.0,1.7268072637688678e-05,0.0,0.4385779141509562,11235,horizon
6197,2025-12-06,15,0.0,0.01992434221287773,0.0,0.5502641712489805,11235,horizon
6197,2025-12-07,16,0.0,0.03557945990321017,0.0,0.565919288939313,11235,horizon
6197,2025-12-08,17,0.0,0.015718265228574044,0.0,0.5460580942646768,11235,horizon
6197,2025-12-09,18,0.0,0.0,0.0,0.5303398290361028,11235,horizon
6197,2025-12-10,19,0.0,0.0,0.0,0.5303398290361028,11235,horizon
6197,2025-12-11,20,0.0,0.038700141688125925,0.0,0.5690399707242287,11235,horizon
6197,2025-12-12,21,0.0,0.0017571045843852294,0.0,0.532096933620488,11235,horizon
6197,2025-12-13,22,0.0,0.024942156706067004,0.0,0.8881465727208951,14445,horizon
6197,2025-12-14,23,0.0,0.00444463091189914,0.0,0.8676490469267273,14445,horizon
6197,2025-12-15,24,0.0,0.020152971876060438,0.0,0.8833573878908886,14445,horizon
6197,2025-12-16,25,0.0,0.023863194846583488,0.0,0.8870676108614116,14445,horizon
6197,2025-12-17,26,0.0,0.006956498262954778,0.0,0.8701609142777829,14445,horizon
6197,2025-12-18,27,0.0,0.00023575903878245768,0.0,0.8634401750536106,14445,horizon
6197,2025-12-19,28,0.0,0.019591803332554163,0.0,0.8827962193473823,14445,horizon
6197,2025-12-20,29,0.0,0.01798178681579449,0.0,0.8811862028306227,14445,horizon
6197,2025-12-21,30,0.0,0.026605922636497126,0.0,0.8898103386513252,14445,horizon
6235,2025-11-22,1,2.0,2.000082132466142,2.0,2.3303100330586672,4815,horizon
6235,2025-11-23,2,2.0,2.0,2.0,2.330214339933478,4815,horizon
6235,2025-11-24,3,1.0,1.0,1.0,1.165107169966739,4815,horizon
6235,2025-11-25,4,1.0,1.000448244766254,1.0,1.3170292792625837,6420,horizon
6235,2025-11-26,5,1.0,1.0,1.0,1.3164391922845506,6420,horizon
6235,2025-11-27,6,1.0,1.058770931036132,1.0,1.3938075492675672,6420,horizon
6235,2025-11-28,7,1.0,1.0,1.0,1.3164391922845506,6420,horizon
6235,2025-11-29,8,1.0,1.0001764724479059,1.0,1.438814512396993,11235,horizon
6235,2025-11-30,9,1.0,1.0010047369626973,1.0,1.4400060211325152,11235,horizon
6235,2025-12-01,10,1.0,1.01011702675683,1.0,1.4531146026260156,11235,horizon
6235,2025-12-02,11,1.0,1.0,1.0,1.4385606460783185,11235,horizon
6235,2025-12-03,12,1.0,1.0,1.0,1.4385606460783185,11235,horizon
6235,2025-12-04,13,1.0,1.0273541550249352,1.0,1.4779112570039157,11235,horizon
6235,2025-12-05,14,1.0,1.0313688358091733,1.0,1.4836866187866875,11235,horizon
6235,2025-12-06,15,1.0,1.2411999907445819,1.0,1.8994577816356757,11235,horizon
6235,2025-12-07,16,3.0,3.2914515328590626,3.0,5.037039376076156,11235,horizon
6235,2025-12-08,17,1.0,1.2448835634786446,1.0,1.9050948997037633,11235,horizon
6235,2025-12-09,18,1.0,1.201290595134707,1.0,1.8383828439811256,11235,horizon
6235,2025-12-10,19,1.0,1.2581869987838843,1.0,1.9254536766143766,11235,horizon
6235,2025-12-11,20,1.0,1.7603825013114172,1.0,2.693983456095061,11235,horizon
6235,2025-12-12,21,1.0,1.221848811207141,1.0,1.8698439008507015,11235,horizon
6235,2025-12-13,22,1.0,1.2749211597137582,1.0,2.3754387348494204,14445,horizon
6235,2025-12-14,23,1.0,1.2363552922396548,1.0,2.303582640264228,14445,horizon
6235,2025-12-15,24,1.0,1.3038840497520472,1.0,2.429402519469312,14445,horizon
6235,2025-12-16,25,1.0,1.2736630204870885,1.0,2.373094564286328,14445,horizon
6235,2025-12-17,26,1.0,1.2521193446227192,1.0,2.332954292278643,14445,horizon
6235,2025-12-18,27,1.0,1.7025228212951404,1.0,3.1721480390031296,14445,horizon
6235,2025-12-19,28,1.0,1.2410225188374038,1.0,2.312278637471696,14445,horizon
6235,2025-12-20,29,1.0,1.2767558220197788,1.0,2.3788570857598934,14445,horizon
6235,2025-12-21,30,0.0,0.004553342502429261,0.0,0.8677577585172573,14445,horizon
6248,2025-11-22,1,1336.0,1558.19035740927,1336.0,1815.4587575905764,4815,horizon
6248,2025-11-23,2,1085.0,1503.4360997200538,1255.2080200694436,1751.664179370664,4815,horizon
6248,2025-11-24,3,808.0,1310.7085412374277,1094.301163342483,1527.1159191323723,4815,horizon
6248,2025-11-25,4,787.0,1439.6778573978434,984.1073590529174,1895.2483557427693,6420,horizon
6248,2025-11-26,5,1090.0,2445.476881354095,1671.6321522678634,3219.3216104403264,6420,horizon
6248,2025-11-27,6,1309.0,3637.334337467035,2486.3391976501052,4788.3294772839645,6420,horizon
6248,2025-11-28,7,357.0,1067.748078887807,729.8707392411687,1405.625418534445,6420,horizon
6248,2025-11-29,8,161.0,759.786754279914,426.57418444116627,1092.9993241186617,11235,horizon
6248,2025-11-30,9,206.0,819.6267702781303,460.1707243618679,1179.0828161943928,11235,horizon
6248,2025-12-01,10,176.0,788.4044062580714,442.64126047853847,1134.1675520376043,11235,horizon
6248,2025-12-02,11,184.0,937.1259690477931,526.1393986054227,1348.1125394901635,11235,horizon
6248,2025-12-03,12,258.0,1585.8108727134997,890.3366318182452,2281.2851136087543,11235,horizon
6248,2025-12-04,13,393.0,3272.7448210690654,1837.447737891545,4708.041904246586,11235,horizon
6248,2025-12-05,14,211.0,1440.9874454233789,809.0270603677561,2072.947830479002,11235,horizon
6248,2025-12-06,15,173.0,1126.8441786288902,529.2338295845169,1724.4545276732633,11235,horizon
6248,2025-12-07,16,148.0,1027.7665154371148,482.70099735116423,1572.8320335230653,11235,horizon
6248,2025-12-08,17,110.0,958.8479796609097,450.3327060559303,1467.363253265889,11235,horizon
6248,2025-12-09,18,140.0,1073.5344998947642,504.1963967562168,1642.8726030333114,11235,horizon
6248,2025-12-10,19,173.0,1654.0791560905427,776.8550992373032,2531.3032129437825,11235,horizon
6248,2025-12-11,20,274.0,3605.430247925941,1693.3269866393039,5517.533509212578,11235,horizon
6248,2025-12-12,21,80.0,1138.230515775671,534.5815386355265,1741.8794929158153,11235,horizon
6248,2025-12-13,22,34.0,928.9037199516409,127.06992683678334,1730.7375130664987,14445,horizon
6248,2025-12-14,23,75.0,1029.5611894333201,140.83942415699926,1918.282954709641,14445,horizon
6248,2025-12-15,24,65.0,1080.579829108584,147.81854876550597,2013.3411094516619,14445,horizon
6248,2025-12-16,25,74.0,1109.4213763788462,151.76394506737745,2067.078807690315,14445,horizon
6248,2025-12-17,26,51.0,1465.3433106057169,200.45249391307425,2730.2341272983595,14445,horizon
6248,2025-12-18,27,94.0,2394.3479766471437,327.5362297291608,4461.159723565126,14445,horizon
6248,2025-12-19,28,20.0,945.9170530240647,129.39727566995975,1762.4368303781696,14445,horizon
6248,2025-12-20,29,23.0,1022.6920072873925,139.89975037384647,1905.4842642009385,14445,horizon
6248,2025-12-21,30,25.0,673.0999233969917,92.07709710146594,1254.1227496925176,14445,horizon
6249,2025-11-22,1,11.0,18.587570869350085,15.518629646555492,21.656512092144677,4815,horizon
6249,2025-11-23,2,39.0,55.83493082687407,46.61618341276025,65.05367824098789,4815,horizon
6249,2025-11-24,3,8.0,21.656637739349954,18.080971571211006,25.2323039074889,4815,horizon
6249,2025-11-25,4,10.0,24.605294449645932,16.819214948076436,32.39137395121543,6420,horizon
6249,2025-11-26,5,18.0,39.41458136243584,26.942263071872944,51.886899652998736,6420,horizon
6249,2025-11-27,6,18.0,52.29084305709762,35.74397091623145,68.83771519796379,6420,horizon
6249,2025-11-28,7,6.0,20.367739736451483,13.92258862558683,26.812890847316137,6420,horizon
6249,2025-11-29,8,5.0,23.002136065966393,12.914304411694781,33.08996772023801,11235,horizon
6249,2025-11-30,9,11.0,29.08431617933281,16.32907968497852,41.839552673687095,11235,horizon
6249,2025-12-01,10,2.0,22.649434206996226,12.716283707867593,32.58258470612486,11235,horizon
6249,2025-12-02,11,3.0,22.932186894672025,12.875032194155914,32.98934159518814,11235,horizon
6249,2025-12-03,12,6.0,32.08132669067739,18.01171933016431,46.150934051190475,11235,horizon
6249,2025-12-04,13,4.0,50.03297952768806,28.0904837008019,71.97547535457423,11235,horizon
6249,2025-12-05,14,2.0,23.487865893484948,13.187012252237286,33.78871953473261,11235,horizon
6249,2025-12-06,15,2.0,26.118352848441063,12.266750064094222,39.9699556327879,11235,horizon
6249,2025-12-07,16,2.0,25.99458736046285,12.208622343850944,39.780552377074756,11235,horizon
6249,2025-12-08,17,1.0,24.786909579315402,11.641424190687934,37.93239496794287,11235,horizon
6249,2025-12-09,18,1.0,24.497345872809504,11.505427650785434,37.48926409483357,11235,horizon
6249,2025-12-10,19,3.0,31.08100432414636,14.597509804608208,47.56449884368451,11235,horizon
6249,2025-12-11,20,1.0,40.595143153409246,19.06592187373407,62.12436443308442,11235,horizon
6249,2025-12-12,21,1.0,20.709121032252103,9.726249324519562,31.69199273998464,11235,horizon
6249,2025-12-13,22,2.0,27.430033684960495,3.752307476667106,51.107759893253885,14445,horizon
6249,2025-12-14,23,1.0,24.900443496545737,3.406270709599749,46.39461628349173,14445,horizon
6249,2025-12-15,24,1.0,29.243150547468808,4.000333856707293,54.48596723823032,14445,horizon
6249,2025-12-16,25,1.0,29.857307747607315,4.084347849558938,55.63026764565569,14445,horizon
6249,2025-12-17,26,1.0,33.07780883299574,4.52489817625953,61.63071948973196,14445,horizon
6249,2025-12-18,27,2.0,43.89231770631236,6.004275233097701,81.78036017952702,14445,horizon
6249,2025-12-19,28,3.0,30.72449098988804,4.2029746876088865,57.24600729216719,14445,horizon
6249,2025-12-20,29,1.0,28.762497218715428,3.9345826039060583,53.5904118335248,14445,horizon
6249,2025-12-21,30,1.0,23.79230568174133,3.2546823500875277,44.32992901339513,14445,horizon
6261,2025-11-22,1,8.0,10.360416368176374,8.649837341949691,12.070995394403056,4815,horizon
6261,2025-11-23,2,13.0,19.703748041806683,16.450517964886306,22.95697811872706,4815,horizon
6261,2025-11-24,3,5.0,12.646119420916355,10.558154432267438,14.734084409565272,4815,horizon
6261,2025-11-25,4,7.0,17.828030573232155,12.186542978614298,23.469518167850012,6420,horizon
6261,2025-11-26,5,4.0,17.10903584497128,11.695066361421144,22.523005328521418,6420,horizon
6261,2025-11-27,6,9.0,52.871710360938586,36.14102903962048,69.6023916822567,6420,horizon
6261,2025-11-28,7,2.0,15.307361650627966,10.463512493895747,20.151210807360187,6420,horizon
6261,2025-11-29,8,0.0,8.148615716648509,4.5749535433111985,11.722277889985818,11235,horizon
6261,2025-11-30,9,0.0,10.589658109676371,5.945450807348196,15.233865412004546,11235,horizon
6261,2025-12-01,10,0.0,12.155220456298363,6.824419119759759,17.486021792836965,11235,horizon
6261,2025-12-02,11,0.0,14.603474828953575,8.198965472979232,21.007984184927917,11235,horizon
6261,2025-12-03,12,0.0,16.546205496258224,9.289690923674593,23.802720068841857,11235,horizon
6261,2025-12-04,13,2.0,78.66116912189064,44.1634759705184,113.15886227326288,11235,horizon
6261,2025-12-05,14,4.0,32.670668974037696,18.34259928097285,46.99873866710254,11235,horizon
6261,2025-12-06,15,1.0,21.151401507031405,9.933970847918403,32.36883216614441,11235,horizon
6261,2025-12-07,16,1.0,20.65577638329777,9.701195467571662,31.610357299023878,11235,horizon
6261,2025-12-08,17,1.0,21.77479615308775,10.226754483963203,33.32283782221229,11235,horizon
6261,2025-12-09,18,1.0,22.868212867740823,10.74028876510195,34.996136970379695,11235,horizon
6261,2025-12-10,19,1.0,27.823746775398977,13.067705667390067,42.57978788340789,11235,horizon
6261,2025-12-11,20,1.0,137.20370380071475,64.4391149839236,209.96829261750588,11235,horizon
6261,2025-12-12,21,1.0,29.923261951208723,14.05376432380217,45.792759578615275,11235,horizon
6261,2025-12-13,22,1.0,22.32980449147649,3.05461864568624,41.60499033726674,14445,horizon
6261,2025-12-14,23,1.0,20.795013272285537,2.8446659845617006,38.745360560009374,14445,horizon
6261,2025-12-15,24,1.0,27.488133980721482,3.7602553405554424,51.216012620887525,14445,horizon
6261,2025-12-16,25,2.0,29.340495511855135,4.0136502179585385,54.667340805751735,14445,horizon
6261,2025-12-17,26,2.0,38.475436056656235,5.263269744454426,71.68760236885805,14445,horizon
6261,2025-12-18,27,1.0,102.11504250066314,13.968886872548865,190.2611981287774,14445,horizon
6261,2025-12-19,28,0.0,33.113386647756876,4.529765064206696,61.69700823130705,14445,horizon
6261,2025-12-20,29,0.0,22.078663291171704,3.020263638527812,41.13706294381559,14445,horizon
6261,2025-12-21,30,0.0,14.906504259778329,2.039143955393829,27.773864564162828,14445,horizon
6268,2025-11-22,1,2134.0,2495.270202069402,2134.0,2907.257203435414,4815,horizon
6268,2025-11-23,2,1694.0,2385.6763940795877,1991.784116196652,2779.5686719625232,4815,horizon
6268,2025-11-24,3,1347.0,2220.8735411611165,1854.1913959259941,2587.555686396239,4815,horizon
6268,2025-11-25,4,1199.0,2244.7924834786368,1534.4521631602265,2955.132803797047,6420,horizon
6268,2025-11-26,5,1530.0,3500.3232195394667,2392.6837672135402,4607.962671865393,6420,horizon
6268,2025-11-27,6,1701.0,4816.970553342952,3292.692282184644,6341.248824501261,6420,horizon
6268,2025-11-28,7,582.0,1667.0798174730612,1139.5504265580098,2194.6092083881126,6420,horizon
6268,2025-11-29,8,594.0,1637.8698652459689,919.5645989514883,2356.1751315404495,11235,horizon
6268,2025-11-30,9,432.0,1495.584323206586,839.679896156501,2151.488750256671,11235,horizon
6268,2025-12-01,10,418.0,1569.4926298053435,881.1749280627529,2257.8103315479343,11235,horizon
6268,2025-12-02,11,307.0,1453.972895094227,816.3176028413395,2091.6281873471144,11235,horizon
6268,2025-12-03,12,443.0,2543.2838532298933,1427.899643396836,3658.6680630629508,11235,horizon
6268,2025-12-04,13,500.0,4195.506214868057,2355.522298649921,6035.490131086193,11235,horizon
6268,2025-12-05,14,260.0,1847.7891123587679,1037.421525426224,2658.1566992913117,11235,horizon
6268,2025-12-06,15,173.0,1379.8976109306993,648.0829478623856,2111.712273999013,11235,horizon
6268,2025-12-07,16,153.0,1244.9501180032448,584.703485262928,1905.1967507435616,11235,horizon
6268,2025-12-08,17,158.0,1334.520654646295,626.771198816031,2042.2701104765592,11235,horizon
6268,2025-12-09,18,157.0,1444.0951706548244,678.2339847378831,2209.956356571766,11235,horizon
6268,2025-12-10,19,241.0,2554.768113842664,1199.8728291204588,3909.6633985648696,11235,horizon
6268,2025-12-11,20,249.0,4478.536032747318,2103.3899988080793,6853.682066686557,11235,horizon
6268,2025-12-12,21,117.0,1783.6755902613997,837.7213826662993,2729.6297978565003,11235,horizon
6268,2025-12-13,22,79.0,1395.4898910412498,190.89685459039174,2600.082927492108,14445,horizon
6268,2025-12-14,23,61.0,1112.646857841657,152.20517668771595,2073.0885389955984,14445,horizon
6268,2025-12-15,24,60.0,1171.6743714012987,160.2798798762998,2183.0688629262977,14445,horizon
6268,2025-12-16,25,85.0,1461.680250311402,199.95140344094057,2723.409097181863,14445,horizon
6268,2025-12-17,26,147.0,2694.549081782652,368.6024152191667,5020.495748346138,14445,horizon
6268,2025-12-18,27,170.0,3459.6523888609054,473.2651689199224,6446.039608801888,14445,horizon
6268,2025-12-19,28,85.0,1487.7676938536538,203.52005051498304,2772.0153371923243,14445,horizon
6268,2025-12-20,29,54.0,1199.403294551361,164.07307411189254,2234.7335149908295,14445,horizon
6268,2025-12-21,30,20.0,809.9667988361516,110.7998812553916,1509.1337164169117,14445,horizon
6287,2025-11-22,1,48.0,62.210688492007606,51.93925777340985,72.48211921060536,4815,horizon
6287,2025-11-23,2,50.0,76.34958550038671,63.74372151028428,88.95544949048914,4815,horizon
6287,2025-11-24,3,34.0,63.190809335807295,52.75755363846436,73.62406503315023,4815,horizon
6287,2025-11-25,4,27.0,59.58648228590019,40.730983960272255,78.44198061152812,6420,horizon
6287,2025-11-26,5,29.0,72.63021803827962,49.64717050679562,95.61326556976363,6420,horizon
6287,2025-11-27,6,35.0,97.55992498553019,66.68814112376766,128.4317088472927,6420,horizon
6287,2025-11-28,7,21.0,55.923279589193896,38.22696216608628,73.61959701230151,6420,horizon
6287,2025-11-29,8,12.0,48.73024343856166,27.359076392592314,70.101410484531,11235,horizon
6287,2025-11-30,9,16.0,62.19158714085497,34.91680450372557,89.46636977798437,11235,horizon
6287,2025-12-01,10,8.0,48.84434050543642,27.42313497610284,70.26554603477,11235,horizon
6287,2025-12-02,11,11.0,57.793089088745454,32.44731459912343,83.13886357836748,11235,horizon
6287,2025-12-03,12,10.0,64.05471966900764,35.96284042660207,92.14659891141321,11235,horizon
6287,2025-12-04,13,14.0,121.01587935158449,67.94307711741774,174.08868158575123,11235,horizon
6287,2025-12-05,14,14.0,67.25948497008528,37.76212178670973,96.75684815346084,11235,horizon
6287,2025-12-06,15,8.0,64.08544853618125,30.098382715800923,98.07251435656157,11235,horizon
6287,2025-12-07,16,8.0,64.56937767474827,30.325664957754718,98.81309039174181,11235,horizon
6287,2025-12-08,17,7.0,62.0673756108431,29.150574240668995,94.98417698101721,11235,horizon
6287,2025-12-09,18,7.0,64.55146749658655,30.317253260417296,98.78568173275582,11235,horizon
6287,2025-12-10,19,7.0,66.88862402854716,31.4149225967873,102.362325460307,11235,horizon
6287,2025-12-11,20,9.0,124.36999535461317,58.411633281026724,190.3283574281996,11235,horizon
6287,2025-12-12,21,8.0,62.306762643400994,29.263004795306678,95.3505204914953,11235,horizon
6287,2025-12-13,22,7.0,65.17749291878027,8.915993206513953,121.4389926310466,14445,horizon
6287,2025-12-14,23,7.0,61.96487618324231,8.476521424055498,115.45323094242912,14445,horizon
6287,2025-12-15,24,8.0,74.93441448806894,10.25069699048231,139.61813198565557,14445,horizon
6287,2025-12-16,25,6.0,74.1517245807375,10.14362846752961,138.1598206939454,14445,horizon
6287,2025-12-17,26,6.0,74.46360041323676,10.186291704167203,138.74090912230633,14445,horizon
6287,2025-12-18,27,8.0,116.45307501478278,15.930266403516242,216.97588362604932,14445,horizon
6287,2025-12-19,28,6.0,81.6572111918206,11.170345891585612,152.14407649205558,14445,horizon
6287,2025-12-20,29,7.0,73.91510924089094,10.11126053393545,137.71895794784643,14445,horizon
6287,2025-12-21,30,2.0,54.69216769321727,7.481647019008605,101.90268836742594,14445,horizon
6379,2025-11-22,1,0.0,1.3489376408701964e-16,0.0,0.16510716996673924,4815,horizon
6379,2025-11-23,2,0.0,1.3489376408701964e-16,0.0,0.16510716996673924,4815,horizon
6379,2025-11-24,3,0.0,1.3489376408701964e-16,0.0,0.16510716996673924,4815,horizon
6379,2025-11-25,4,0.0,1.3489376408701964e-16,0.0,0.3164391922845507,6420,horizon
6379,2025-11-26,5,0.0,1.3489376408701964e-16,0.0,0.3164391922845507,6420,horizon
6379,2025-11-27,6,0.0,1.3489376408701964e-16,0.0,0.3164391922845507,6420,horizon
6379,2025-11-28,7,0.0,1.3489376408701964e-16,0.0,0.3164391922845507,6420,horizon
6379,2025-11-29,8,0.0,1.5006439558569507e-16,0.0,0.4385606460783187,11235,horizon
6379,2025-11-30,9,0.0,1.5006439558569507e-16,0.0,0.4385606460783187,11235,horizon
6379,2025-12-01,10,0.0,1.5006439558569507e-16,0.0,0.4385606460783187,11235,horizon
6379,2025-12-02,11,0.0,1.5006439558569507e-16,0.0,0.4385606460783187,11235,horizon
6379,2025-12-03,12,0.0,1.5006439558569507e-16,0.0,0.4385606460783187,11235,horizon
6379,2025-12-04,13,0.0,1.5006439558569507e-16,0.0,0.4385606460783187,11235,horizon
6379,2025-12-05,14,0.0,1.5006439558569507e-16,0.0,0.4385606460783187,11235,horizon
6379,2025-12-06,15,0.0,2.0936493878579075e-16,0.0,0.530339829036103,11235,horizon
6379,2025-12-07,16,0.0,2.0936493878579075e-16,0.0,0.530339829036103,11235,horizon
6379,2025-12-08,17,0.0,2.0936493878579075e-16,0.0,0.530339829036103,11235,horizon
6379,2025-12-09,18,0.0,2.0936493878579075e-16,0.0,0.530339829036103,11235,horizon
6379,2025-12-10,19,0.0,2.0936493878579075e-16,0.0,0.530339829036103,11235,horizon
6379,2025-12-11,20,0.0,2.0936493878579075e-16,0.0,0.530339829036103,11235,horizon
6379,2025-12-12,21,0.0,2.0936493878579075e-16,0.0,0.530339829036103,11235,horizon
6379,2025-12-13,22,0.0,2.085521617919071e-16,0.0,0.8632044160148283,14445,horizon
6379,2025-12-14,23,0.0,2.085521617919071e-16,0.0,0.8632044160148283,14445,horizon
6379,2025-12-15,24,0.0,2.085521617919071e-16,0.0,0.8632044160148283,14445,horizon
6379,2025-12-16,25,0.0,2.085521617919071e-16,0.0,0.8632044160148283,14445,horizon
6379,2025-12-17,26,0.0,2.085521617919071e-16,0.0,0.8632044160148283,14445,horizon
6379,2025-12-18,27,0.0,2.085521617919071e-16,0.0,0.8632044160148283,14445,horizon
6379,2025-12-19,28,0.0,2.085521617919071e-16,0.0,0.8632044160148283,14445,horizon
6379,2025-12-20,29,0.0,2.085521617919071e-16,0.0,0.8632044160148283,14445,horizon
6379,2025-12-21,30,0.0,2.085521617919071e-16,0.0,0.8632044160148283,14445,horizon
6397,2025-11-22,1,0.0,0.0,0.0,0.1651071699667391,4815,horizon
6397,2025-11-23,2,0.0,0.0,0.0,0.1651071699667391,4815,horizon
6397,2025-11-24,3,0.0,0.0,0.0,0.1651071699667391,4815,horizon
6397,2025-11-25,4,0.0,0.00021416177025639427,0.0,0.316653354054807,6420,horizon
6397,2025-11-26,5,0.0,0.12248521081564272,0.0,0.4389244031001933,6420,horizon
6397,2025-11-27,6,0.0,0.10136391930142044,0.0,0.41780311158597105,6420,horizon
6397,2025-11-28,7,0.0,0.008498518506978539,0.0,0.3249377107915291,6420,horizon
6397,2025-11-29,8,0.0,0.0004135898277382718,0.0,0.4389742359060568,11235,horizon
6397,2025-11-30,9,0.0,0.000206291922592739,0.0,0.43876693800091127,11235,horizon
6397,2025-12-01,10,0.0,0.035108544306990404,0.0,0.4736691903853089,11235,horizon
6397,2025-12-02,11,0.0,0.05553073495356191,0.0,0.49409138103188044,11235,horizon
6397,2025-12-03,12,0.0,0.08539589233582938,0.0,0.5239565384141479,11235,horizon
6397,2025-12-04,13,0.0,0.3036221208232943,0.0,0.7421827669016128,11235,horizon
6397,2025-12-05,14,0.0,0.11341338468504304,0.0,0.5519740307633616,11235,horizon
6397,2025-12-06,15,0.0,0.591193677999408,0.06085384896330526,1.1215335070355108,11235,horizon
6397,2025-12-07,16,0.0,0.6700221677658573,0.13968233872975455,1.20036199680196,11235,horizon
6397,2025-12-08,17,0.0,0.6472063919604977,0.1168665629243949,1.1775462209966006,11235,horizon
6397,2025-12-09,18,0.0,0.7520320083203001,0.22169217928419738,1.2823718373564028,11235,horizon
6397,2025-12-10,19,0.0,0.7212213132667048,0.19088148423060203,1.2515611423028075,11235,horizon
6397,2025-12-11,20,0.0,1.177025998845047,0.5528022318465168,1.8012497658435773,11235,horizon
6397,2025-12-12,21,0.0,0.5705811112278979,0.040241282191795125,1.1009209402640008,11235,horizon
6397,2025-12-13,22,0.0,0.6652707489759386,0.0,1.5284751649907666,14445,horizon
6397,2025-12-14,23,0.0,0.5507598063709707,0.0,1.4139642223857987,14445,horizon
6397,2025-12-15,24,0.0,0.8147741800474402,0.0,1.6779785960622684,14445,horizon
6397,2025-12-16,25,0.0,0.9906888803019067,0.1274844642870786,1.853893296316735,14445,horizon
6397,2025-12-17,26,0.0,0.9410982878157459,0.07789387180091778,1.8043027038305741,14445,horizon
6397,2025-12-18,27,0.0,1.0664383846644716,0.14588406161437972,1.9869927077145635,14445,horizon
6397,2025-12-19,28,0.0,0.7411257226533163,0.0,1.6043301386681446,14445,horizon
6397,2025-12-20,29,0.0,0.6502938104476489,0.0,1.513498226462477,14445,horizon
6397,2025-12-21,30,0.0,0.2065969652099134,0.0,1.0698013812247416,14445,horizon
6418,2025-11-22,1,42.0,49.025822449498364,42.0,57.12033724942687,4815,horizon
6418,2025-11-23,2,49.0,64.40587644935135,53.7720044595715,75.0397484391312,4815,horizon
6418,2025-11-24,3,33.0,50.89507988837792,42.491937282776746,59.2982224939791,4815,horizon
6418,2025-11-25,4,22.0,37.072665306284605,25.341421040928424,48.80390957164079,6420,horizon
6418,2025-11-26,5,25.0,51.99781505142071,35.54366845598769,68.45196164685373,6420,horizon
6418,2025-11-27,6,34.0,123.0177154895737,84.09008896336235,161.94534201578506,6420,horizon
6418,2025-11-28,7,13.0,41.097664314317925,28.09275261391356,54.10257601472229,6420,horizon
6418,2025-11-29,8,2.0,23.43720324913027,13.158568249922833,33.715838248337704,11235,horizon
6418,2025-11-30,9,3.0,23.95421585807143,13.44883947505612,34.45959224108674,11235,horizon
6418,2025-12-01,10,5.0,27.979643599258715,15.708873025326724,40.250414173190705,11235,horizon
6418,2025-12-02,11,3.0,27.03648178610675,15.179344866307083,38.89361870590642,11235,horizon
6418,2025-12-03,12,5.0,44.15092820666505,24.788068607392567,63.51378780593753,11235,horizon
6418,2025-12-04,13,8.0,133.51236743215523,74.95909731166338,192.06563755264708,11235,horizon
6418,2025-12-05,14,0.0,33.110162416295516,18.589348195246895,47.63097663734413,11235,horizon
6418,2025-12-06,15,5.0,44.368225418236186,20.837988335293538,67.89846250117884,11235,horizon
6418,2025-12-07,16,6.0,52.632438801616246,24.719360205813945,80.54551739741855,11235,horizon
6418,2025-12-08,17,7.0,52.72129739774222,24.761093549262082,80.68150124622235,11235,horizon
6418,2025-12-09,18,7.0,60.23753871948084,28.29117273343575,92.18390470552592,11235,horizon
6418,2025-12-10,19,7.0,93.7936558228315,44.051144429079976,143.536167216583,11235,horizon
6418,2025-12-11,20,13.0,287.1430787222575,134.85966744379525,439.4264900007197,11235,horizon
6418,2025-12-12,21,2.0,61.44081778767089,28.856304986319167,94.02533058902262,11235,horizon
6418,2025-12-13,22,0.0,39.084952700960635,5.3466489297607325,72.82325647216054,14445,horizon
6418,2025-12-14,23,1.0,40.88559893392819,5.592969382750226,76.17822848510616,14445,horizon
6418,2025-12-15,24,2.0,54.269242396166845,7.423792706016492,101.1146920863172,14445,horizon
6418,2025-12-16,25,5.0,74.49390899758858,10.190437784663374,138.79738021051378,14445,horizon
6418,2025-12-17,26,4.0,103.76449778872153,14.19452507193624,193.33447050550683,14445,horizon
6418,2025-12-18,27,7.0,230.7692476974167,31.568214004586906,429.97028139024644,14445,horizon
6418,2025-12-19,28,0.0,74.08287661089543,10.134210369288873,138.03154285250199,14445,horizon
6418,2025-12-20,29,3.0,66.19285997433258,9.054890935837534,123.33082901282762,14445,horizon
6418,2025-12-21,30,0.0,37.17577617287476,5.085482011670443,69.26607033407907,14445,horizon
6430,2025-11-22,1,2.0,2.4281354881591715,2.0272329094134043,2.8290380669049386,4815,horizon
6430,2025-11-23,2,2.0,3.4355939435691805,2.868352750391604,4.002835136746756,4815,horizon
6430,2025-11-24,3,1.0,2.8494456402714157,2.378981734632139,3.319909545910692,4815,horizon
6430,2025-11-25,4,1.0,2.8576475010360296,1.953375833974224,3.761919168097835,6420,horizon
6430,2025-11-26,5,0.0,3.222169085168353,2.20254850245343,4.241789667883276,6420,horizon
6430,2025-11-27,6,5.0,14.953587359213785,10.221686253507709,19.68548846491986,6420,horizon
6430,2025-11-28,7,0.0,2.5513985316842778,1.7440360411221165,3.358761022246439,6420,horizon
6430,2025-11-29,8,1.0,3.5020899739955125,1.9662111323756388,5.037968815615386,11235,horizon
6430,2025-11-30,9,0.0,3.0856263245098745,1.7323920500765566,4.438860598943192,11235,horizon
6430,2025-12-01,10,2.0,5.60589075180592,3.147367681849445,8.064413821762395,11235,horizon
6430,2025-12-02,11,0.0,3.7488529432254705,2.104753574391902,5.392952312059039,11235,horizon
6430,2025-12-03,12,2.0,6.775414890286866,3.8039845585539984,9.746845222019733,11235,horizon
6430,2025-12-04,13,1.0,14.949421065145122,8.393193304318253,21.505648825971992,11235,horizon
6430,2025-12-05,14,0.0,4.200179686897712,2.358146169766822,6.042213204028602,11235,horizon
6430,2025-12-06,15,0.0,5.184690338248244,2.4350425506565365,7.934338125839952,11235,horizon
6430,2025-12-07,16,0.0,4.556406701227655,2.1399627502796275,6.972850652175682,11235,horizon
6430,2025-12-08,17,0.0,4.671312773525875,2.193929555839999,7.148695991211751,11235,horizon
6430,2025-12-09,18,0.0,4.8317966218928055,2.269302427500956,7.394290816284655,11235,horizon
6430,2025-12-10,19,0.0,5.2752075170044,2.4775548643063225,8.072860169702478,11235,horizon
6430,2025-12-11,20,0.0,14.524317604046939,6.821493489050627,22.22714171904325,11235,horizon
6430,2025-12-12,21,0.0,4.185142185109842,1.9655945941669066,6.404689776052777,11235,horizon
6430,2025-12-13,22,0.0,4.334735997503924,0.5929727422000961,8.076499252807752,14445,horizon
6430,2025-12-14,23,0.0,3.9239757772086397,0.5367825579869248,7.311168996430355,14445,horizon
6430,2025-12-15,24,0.0,5.5656573915161625,0.7613573531338416,10.369957429898484,14445,horizon
6430,2025-12-16,25,0.0,5.552900880114091,0.7596123187069823,10.3461894415212,14445,horizon
6430,2025-12-17,26,0.0,5.6734155947460865,0.7760981994738723,10.5707329900183,14445,horizon
6430,2025-12-18,27,0.0,12.269279209316373,1.678383214515561,22.860175204117184,14445,horizon
6430,2025-12-19,28,0.0,5.135309707550673,0.7024876903891162,9.568131724712229,14445,horizon
6430,2025-12-20,29,0.0,4.381696287690202,0.5993967025202411,8.163995872860163,14445,horizon
6430,2025-12-21,30,0.0,2.8492487418142725,0.3897646455554997,5.308732838073045,14445,horizon
6473,2025-11-22,1,0.0,1.3489376408701964e-16,0.0,0.16510716996673924,4815,horizon
6473,2025-11-23,2,0.0,1.3489376408701964e-16,0.0,0.16510716996673924,4815,horizon
6473,2025-11-24,3,0.0,1.3489376408701964e-16,0.0,0.16510716996673924,4815,horizon
6473,2025-11-25,4,0.0,1.3489376408701964e-16,0.0,0.3164391922845507,6420,horizon
6473,2025-11-26,5,0.0,1.3489376408701964e-16,0.0,0.3164391922845507,6420,horizon
6473,2025-11-27,6,0.0,1.3489376408701964e-16,0.0,0.3164391922845507,6420,horizon
6473,2025-11-28,7,0.0,1.3489376408701964e-16,0.0,0.3164391922845507,6420,horizon
6473,2025-11-29,8,0.0,1.5006439558569507e-16,0.0,0.4385606460783187,11235,horizon
6473,2025-11-30,9,0.0,1.5006439558569507e-16,0.0,0.4385606460783187,11235,horizon
6473,2025-12-01,10,0.0,1.5006439558569507e-16,0.0,0.4385606460783187,11235,horizon
6473,2025-12-02,11,0.0,1.5006439558569507e-16,0.0,0.4385606460783187,11235,horizon
6473,2025-12-03,12,0.0,1.5006439558569507e-16,0.0,0.4385606460783187,11235,horizon
6473,2025-12-04,13,0.0,1.5006439558569507e-16,0.0,0.4385606460783187,11235,horizon
6473,2025-12-05,14,0.0,1.5006439558569507e-16,0.0,0.4385606460783187,11235,horizon
6473,2025-12-06,15,0.0,2.0936493878579075e-16,0.0,0.530339829036103,11235,horizon
6473,2025-12-07,16,0.0,2.0936493878579075e-16,0.0,0.530339829036103,11235,horizon
6473,2025-12-08,17,0.0,2.0936493878579075e-16,0.0,0.530339829036103,11235,horizon
6473,2025-12-09,18,0.0,2.0936493878579075e-16,0.0,0.530339829036103,11235,horizon
6473,2025-12-10,19,0.0,2.0936493878579075e-16,0.0,0.530339829036103,11235,horizon
6473,2025-12-11,20,0.0,2.0936493878579075e-16,0.0,0.530339829036103,11235,horizon
6473,2025-12-12,21,0.0,2.0936493878579075e-16,0.0,0.530339829036103,11235,horizon
6473,2025-12-13,22,0.0,2.085521617919071e-16,0.0,0.8632044160148283,14445,horizon
6473,2025-12-14,23,0.0,2.085521617919071e-16,0.0,0.8632044160148283,14445,horizon
6473,2025-12-15,24,0.0,2.085521617919071e-16,0.0,0.8632044160148283,14445,horizon
6473,2025-12-16,25,0.0,2.085521617919071e-16,0.0,0.8632044160148283,14445,horizon
6473,2025-12-17,26,0.0,2.085521617919071e-16,0.0,0.8632044160148283,14445,horizon
6473,2025-12-18,27,0.0,2.085521617919071e-16,0.0,0.8632044160148283,14445,horizon
6473,2025-12-19,28,0.0,2.085521617919071e-16,0.0,0.8632044160148283,14445,horizon
6473,2025-12-20,29,0.0,2.085521617919071e-16,0.0,0.8632044160148283,14445,horizon
6473,2025-12-21,30,0.0,2.085521617919071e-16,0.0,0.8632044160148283,14445,horizon
6507,2025-11-22,1,6.0,6.012879072977106,6.0,7.005648520068585,4815,horizon
6507,2025-11-23,2,6.0,6.242980207387934,6.0,7.273741001588121,4815,horizon
6507,2025-11-24,3,3.0,3.392641720481192,3.0,3.9527911936609303,4815,horizon
6507,2025-11-25,4,2.0,2.885101610495467,2.0,3.798060833779509,6420,horizon
6507,2025-11-26,5,4.0,6.86655965891998,4.693711066677663,9.039408251162298,6420,horizon
6507,2025-11-27,6,4.0,7.931569697426818,5.421710188824459,10.441429206029177,6420,horizon
6507,2025-11-28,7,2.0,2.6209416568650967,2.0,3.4503103177884196,6420,horizon
6507,2025-11-29,8,0.0,0.4683273588715704,0.02976671279325188,0.9068880049498889,11235,horizon
6507,2025-11-30,9,1.0,1.787661969306518,1.0036637810778122,2.571660157535224,11235,horizon
6507,2025-12-01,10,1.0,1.9235189385916571,1.0799392301390185,2.7670986470442958,11235,horizon
6507,2025-12-02,11,1.0,2.5819638528946744,1.4496161174183215,3.7143115883710274,11235,horizon
6507,2025-12-03,12,3.0,5.74746786317708,3.2268546437877674,8.268081082566393,11235,horizon
6507,2025-12-04,13,0.0,5.934079369278461,3.331625687207678,8.536533051349243,11235,horizon
6507,2025-12-05,14,0.0,0.8391735594705612,0.40061291339224264,1.2777342055488796,11235,horizon
6507,2025-12-06,15,3.0,5.32190276524989,3.0,8.14431976791928,11235,horizon
6507,2025-12-07,16,3.0,5.204782101054647,3.0,7.9650853506981365,11235,horizon
6507,2025-12-08,17,1.0,2.7314657217541956,1.2828606578611004,4.180070785647291,11235,horizon
6507,2025-12-09,18,2.0,4.604587930098217,2.162591554468226,7.046584305728207,11235,horizon
6507,2025-12-10,19,0.0,2.6158039497002177,1.2285389302242418,4.003068969176193,11235,horizon
6507,2025-12-11,20,0.0,4.954617894598871,2.3269866874380902,7.582249101759652,11235,horizon
6507,2025-12-12,21,0.0,1.2443445260225512,0.5844190628297411,1.9042699892153614,11235,horizon
6507,2025-12-13,22,0.0,1.4008212210055822,0.19162615698628005,2.6100162850248845,14445,horizon
6507,2025-12-14,23,0.0,1.2725646259000338,0.17408122115886693,2.3710480306412007,14445,horizon
6507,2025-12-15,24,0.0,1.7872795062517575,0.24449194380243888,3.330067068701076,14445,horizon
6507,2025-12-16,25,0.0,2.145743537587466,0.2935282403066861,3.997958834868246,14445,horizon
6507,2025-12-17,26,0.0,2.619709181958566,0.35836464741733876,4.8810537164997925,14445,horizon
6507,2025-12-18,27,0.0,3.046057074416792,0.41668715634700915,5.675426992486575,14445,horizon
6507,2025-12-19,28,0.0,1.8865538024720405,0.2580722291286095,3.5150353758154713,14445,horizon
6507,2025-12-20,29,0.0,1.6111317137217798,0.22039570365560168,3.001867723787958,14445,horizon
6507,2025-12-21,30,0.0,0.8843057359363155,0.021101319921487338,1.7475101519511436,14445,horizon
6520,2025-11-22,1,4052.0,4263.2876593860365,4052.0,4967.187019581388,4815,horizon
6520,2025-11-23,2,3374.0,3709.926872533795,3374.0,4322.462399241405,4815,horizon
6520,2025-11-24,3,3016.0,3570.4501188022814,3016.0,4159.957033425134,4815,horizon
6520,2025-11-25,4,3074.0,3841.75272389923,3074.0,5057.433852806875,6420,horizon
6520,2025-11-26,5,2844.0,3841.7526685206794,2844.0,5057.433779904381,6420,horizon
6520,2025-11-27,6,2364.0,3455.6680306808694,2364.0,4549.176831113067,6420,horizon
6520,2025-11-28,7,1159.0,1762.9018731253614,1205.0506283166508,2320.753117934072,6420,horizon
6520,2025-11-29,8,1163.0,1916.9576176366936,1163.0,2757.659788932196,11235,horizon
6520,2025-11-30,9,1061.0,1962.5683303359297,1101.8630954109576,2823.2735652609017,11235,horizon
6520,2025-12-01,10,1426.0,2563.1041034473265,1439.0275118734776,3687.1806950211753,11235,horizon
6520,2025-12-02,11,1449.0,2799.579863474435,1571.794309801236,4027.365417147634,11235,horizon
6520,2025-12-03,12,1535.0,3297.964465354701,1851.6070386854071,4744.321892023995,11235,horizon
6520,2025-12-04,13,1630.0,4295.644476868978,2411.7438597705586,6179.545093967397,11235,horizon
6520,2025-12-05,14,832.0,2480.7261166609524,1392.777268194767,3568.6749651271375,11235,horizon
6520,2025-12-06,15,950.0,2932.434311130891,1377.2475999061323,4487.621022355649,11235,horizon
6520,2025-12-07,16,968.0,2859.5776629503753,1343.0297340658149,4376.125591834936,11235,horizon
6520,2025-12-08,17,1012.0,3001.63763937613,1409.7496468810623,4593.525631871198,11235,horizon
6520,2025-12-09,18,1148.0,3503.2378740211248,1645.3312988399614,5361.144449202288,11235,horizon
6520,2025-12-10,19,928.0,3204.5222314905864,1505.0364590994782,4904.008003881694,11235,horizon
6520,2025-12-11,20,1038.0,4360.508644644756,2047.9572355334076,6673.060053756104,11235,horizon
6520,2025-12-12,21,631.0,2863.1837070530573,1344.7233493555839,4381.644064750531,11235,horizon
6520,2025-12-13,22,636.0,2771.642949397373,636.0,5164.137382933548,14445,horizon
6520,2025-12-14,23,570.0,2621.887352037728,570.0,4885.112092610119,14445,horizon
6520,2025-12-15,24,648.0,3131.6204598607933,648.0,5834.849070095017,14445,horizon
6520,2025-12-16,25,789.0,3842.643571520867,789.0,7159.63047162867,14445,horizon
6520,2025-12-17,26,1185.0,4860.929822976797,1185.0,9056.905912108545,14445,horizon
6520,2025-12-18,27,1052.0,4918.414044616071,1052.0,9164.010767718015,14445,horizon
6520,2025-12-19,28,492.0,2997.3941858195626,492.0,5584.758083556179,14445,horizon
6520,2025-12-20,29,444.0,2916.8783404585647,444.0,5434.740604920401,14445,horizon
6520,2025-12-21,30,203.0,1804.083571508852,246.79066572260808,3361.376477295096,14445,horizon
6553,2025-11-22,1,2.0,2.0,2.0,2.330214339933478,4815,horizon
6553,2025-11-23,2,2.0,2.1149521888098084,2.0,2.4641459593191564,4815,horizon
6553,2025-11-24,3,0.0,0.187818486624915,0.022711316658175884,0.3529256565916541,4815,horizon
6553,2025-11-25,4,0.0,0.46193408521296214,0.14549489292841156,0.7783732774975127,6420,horizon
6553,2025-11-26,5,0.0,1.275617233596205,0.871961946532769,1.679272520659641,6420,horizon
6553,2025-11-27,6,0.0,2.0314959232836927,1.3886509941904435,2.674340852376942,6420,horizon
6553,2025-11-28,7,0.0,0.6583943768775856,0.34195518459303503,0.9748335691621361,6420,horizon
6553,2025-11-29,8,1.0,1.9760615720202817,1.1094387323045292,2.842684411736034,11235,horizon
6553,2025-11-30,9,1.0,2.5133906087527906,1.4111163995309886,3.6156648179745927,11235,horizon
6553,2025-12-01,10,1.0,2.763249174517629,1.5513968312657973,3.9751015177694606,11235,horizon
6553,2025-12-02,11,0.0,1.3328413137612938,0.7483095660782659,1.9173730614443216,11235,horizon
6553,2025-12-03,12,0.0,2.158071705963859,1.21162638431301,3.1045170276147083,11235,horizon
6553,2025-12-04,13,0.0,6.241303818048207,3.5041135832339094,8.978494052862505,11235,horizon
6553,2025-12-05,14,0.0,1.6410559345673685,0.9213533836528446,2.3607584854818926,11235,horizon
6553,2025-12-06,15,0.0,1.8326018690161865,0.8607001071108997,2.8045036309214733,11235,horizon
6553,2025-12-07,16,0.0,1.7344247335392144,0.8145902168780393,2.6542592502003894,11235,horizon
6553,2025-12-08,17,0.0,1.8040987854416188,0.84731334400627,2.7608842268769678,11235,horizon
6553,2025-12-09,18,0.0,1.7641950096892767,0.82857212986432,2.6998178895142333,11235,horizon
6553,2025-12-10,19,0.0,2.5264759123651856,1.1865851089376014,3.86636671579277,11235,horizon
6553,2025-12-11,20,0.0,6.6265391926387105,3.112221530113662,10.140856855163758,11235,horizon
6553,2025-12-12,21,0.0,1.5457525505536767,0.72597840716092,2.3655266939464332,11235,horizon
6553,2025-12-13,22,0.0,1.5195461262077392,0.2078671997269934,2.831225052688485,14445,horizon
6553,2025-12-14,23,0.0,1.460654225647043,0.19981104779779635,2.7214974034962895,14445,horizon
6553,2025-12-15,24,0.0,1.8699683573696593,0.2558034134801752,3.4841333012591433,14445,horizon
6553,2025-12-16,25,1.0,3.405237754246818,1.0,6.344654021293087,14445,horizon
6553,2025-12-17,26,1.0,3.9908289362151783,1.0,7.435730097515879,14445,horizon
6553,2025-12-18,27,1.0,6.66223235215173,1.0,12.413100739045959,14445,horizon
6553,2025-12-19,28,1.0,3.301189372808021,1.0,6.150790617517125,14445,horizon
6553,2025-12-20,29,1.0,3.175038990284563,1.0,5.915746667717459,14445,horizon
6553,2025-12-21,30,0.0,1.2537818117425814,0.17151181512731317,2.3360518083578494,14445,horizon
6563,2025-11-22,1,8.0,8.185359435634968,8.0,9.536820967213202,4815,horizon
6563,2025-11-23,2,6.0,7.125718001121244,6.0,8.302225134267422,4815,horizon
6563,2025-11-24,3,6.0,7.18397984315188,6.0,8.370106424152786,4815,horizon
6563,2025-11-25,4,2.0,3.408756456733948,2.330092316870311,4.487420596597585,6420,horizon
6563,2025-11-26,5,4.0,5.838510349131121,4.0,7.686043848155162,6420,horizon
6563,2025-11-27,6,4.0,7.652460047382547,5.23092177099902,10.073998323766075,6420,horizon
6563,2025-11-28,7,2.0,3.232464622910763,2.209586128548497,4.255343117273029,6420,horizon
6563,2025-11-29,8,2.0,3.2704942110904245,2.0,4.704804265301641,11235,horizon
6563,2025-11-30,9,2.0,3.472958784811904,2.0,4.9960618332823845,11235,horizon
6563,2025-12-01,10,2.0,3.6289126901116404,2.0374143961744706,5.22041098404881,11235,horizon
6563,2025-12-02,11,2.0,4.114446872969291,2.3100123941049615,5.91888135183362,11235,horizon
6563,2025-12-03,12,2.0,5.042337584042352,2.8309667554397504,7.253708412644954,11235,horizon
6563,2025-12-04,13,3.0,9.029866900932578,5.069722638858363,12.990011163006795,11235,horizon
6563,2025-12-05,14,4.0,7.111950352610197,4.0,10.230971894127851,11235,horizon
6563,2025-12-06,15,2.0,4.133492722049393,2.0,6.325648545583043,11235,horizon
6563,2025-12-07,16,2.0,4.2270082972733825,2.0,6.468759154983536,11235,horizon
6563,2025-12-08,17,2.0,4.109629779439357,2.0,6.289130134068902,11235,horizon
6563,2025-12-09,18,2.0,4.320597593542753,2.0292126044494925,6.6119825826360135,11235,horizon
6563,2025-12-10,19,2.0,4.440146791465709,2.085360101184585,6.794933481746834,11235,horizon
6563,2025-12-11,20,3.0,11.602945372020658,5.449441307107982,17.756449436933334,11235,horizon
6563,2025-12-12,21,2.0,4.2653776092204545,2.0032779771720577,6.527477241268851,11235,horizon
6563,2025-12-13,22,2.0,4.169010034204508,2.0,7.767717906139969,14445,horizon
6563,2025-12-14,23,2.0,3.8327362902272135,2.0,7.141171181371634,14445,horizon
6563,2025-12-15,24,2.0,4.5169475012972224,2.0,8.41599653132413,14445,horizon
6563,2025-12-16,25,2.0,4.7907783582477155,2.0,8.926199393235411,14445,horizon
6563,2025-12-17,26,2.0,4.797031265611384,2.0,8.93784983784833,14445,horizon
6563,2025-12-18,27,2.0,8.08752125258601,2.0,15.068705312432026,14445,horizon
6563,2025-12-19,28,2.0,5.209153300019267,2.0,9.705717432294113,14445,horizon
6563,2025-12-20,29,2.0,4.773979027337719,2.0,8.894898805697814,14445,horizon
6563,2025-12-21,30,0.0,1.5333732804025266,0.20975869335992225,2.856987867445131,14445,horizon
6593,2025-11-22,1,0.0,1.3489376408701964e-16,0.0,0.16510716996673924,4815,horizon
6593,2025-11-23,2,0.0,1.3489376408701964e-16,0.0,0.16510716996673924,4815,horizon
6593,2025-11-24,3,0.0,1.3489376408701964e-16,0.0,0.16510716996673924,4815,horizon
6593,2025-11-25,4,0.0,1.3489376408701964e-16,0.0,0.3164391922845507,6420,horizon
6593,2025-11-26,5,0.0,1.3489376408701964e-16,0.0,0.3164391922845507,6420,horizon
6593,2025-11-27,6,1.0,1.0192502183085248,1.0,1.3417809341259264,6420,horizon
6593,2025-11-28,7,0.0,1.3489376408701964e-16,0.0,0.3164391922845507,6420,horizon
6593,2025-11-29,8,0.0,1.5006439558569507e-16,0.0,0.4385606460783187,11235,horizon
6593,2025-11-30,9,0.0,1.5006439558569507e-16,0.0,0.4385606460783187,11235,horizon
6593,2025-12-01,10,0.0,1.5006439558569507e-16,0.0,0.4385606460783187,11235,horizon
6593,2025-12-02,11,0.0,1.5006439558569507e-16,0.0,0.4385606460783187,11235,horizon
6593,2025-12-03,12,0.0,1.5006439558569507e-16,0.0,0.4385606460783187,11235,horizon
6593,2025-12-04,13,0.0,1.5006439558569507e-16,0.0,0.4385606460783187,11235,horizon
6593,2025-12-05,14,0.0,1.5006439558569507e-16,0.0,0.4385606460783187,11235,horizon
6593,2025-12-06,15,0.0,2.0936493878579075e-16,0.0,0.530339829036103,11235,horizon
6593,2025-12-07,16,0.0,2.0936493878579075e-16,0.0,0.530339829036103,11235,horizon
6593,2025-12-08,17,0.0,2.0936493878579075e-16,0.0,0.530339829036103,11235,horizon
6593,2025-12-09,18,0.0,2.0936493878579075e-16,0.0,0.530339829036103,11235,horizon
6593,2025-12-10,19,0.0,2.0936493878579075e-16,0.0,0.530339829036103,11235,horizon
6593,2025-12-11,20,0.0,2.0936493878579075e-16,0.0,0.530339829036103,11235,horizon
6593,2025-12-12,21,0.0,2.0936493878579075e-16,0.0,0.530339829036103,11235,horizon
6593,2025-12-13,22,0.0,2.085521617919071e-16,0.0,0.8632044160148283,14445,horizon
6593,2025-12-14,23,1.0,1.0735888010182808,1.0,2.0003153950413255,14445,horizon
6593,2025-12-15,24,0.0,2.085521617919071e-16,0.0,0.8632044160148283,14445,horizon
6593,2025-12-16,25,0.0,2.085521617919071e-16,0.0,0.8632044160148283,14445,horizon
6593,2025-12-17,26,0.0,2.085521617919071e-16,0.0,0.8632044160148283,14445,horizon
6593,2025-12-18,27,0.0,2.085521617919071e-16,0.0,0.8632044160148283,14445,horizon
6593,2025-12-19,28,0.0,2.085521617919071e-16,0.0,0.8632044160148283,14445,horizon
6593,2025-12-20,29,0.0,2.085521617919071e-16,0.0,0.8632044160148283,14445,horizon
6593,2025-12-21,30,0.0,2.085521617919071e-16,0.0,0.8632044160148283,14445,horizon
6603,2025-11-22,1,0.0,1.3489376408701964e-16,0.0,0.16510716996673924,4815,horizon
6603,2025-11-23,2,0.0,1.3489376408701964e-16,0.0,0.16510716996673924,4815,horizon
6603,2025-11-24,3,0.0,1.3489376408701964e-16,0.0,0.16510716996673924,4815,horizon
6603,2025-11-25,4,0.0,1.3489376408701964e-16,0.0,0.3164391922845507,6420,horizon
6603,2025-11-26,5,0.0,1.3489376408701964e-16,0.0,0.3164391922845507,6420,horizon
6603,2025-11-27,6,0.0,1.3489376408701964e-16,0.0,0.3164391922845507,6420,horizon
6603,2025-11-28,7,0.0,1.3489376408701964e-16,0.0,0.3164391922845507,6420,horizon
6603,2025-11-29,8,0.0,1.5006439558569507e-16,0.0,0.4385606460783187,11235,horizon
6603,2025-11-30,9,0.0,1.5006439558569507e-16,0.0,0.4385606460783187,11235,horizon
6603,2025-12-01,10,0.0,1.5006439558569507e-16,0.0,0.4385606460783187,11235,horizon
6603,2025-12-02,11,0.0,1.5006439558569507e-16,0.0,0.4385606460783187,11235,horizon
6603,2025-12-03,12,0.0,1.5006439558569507e-16,0.0,0.4385606460783187,11235,horizon
6603,2025-12-04,13,0.0,1.5006439558569507e-16,0.0,0.4385606460783187,11235,horizon
6603,2025-12-05,14,0.0,1.5006439558569507e-16,0.0,0.4385606460783187,11235,horizon
6603,2025-12-06,15,0.0,2.0936493878579075e-16,0.0,0.530339829036103,11235,horizon
6603,2025-12-07,16,0.0,2.0936493878579075e-16,0.0,0.530339829036103,11235,horizon
6603,2025-12-08,17,0.0,2.0936493878579075e-16,0.0,0.530339829036103,11235,horizon
6603,2025-12-09,18,0.0,2.0936493878579075e-16,0.0,0.530339829036103,11235,horizon
6603,2025-12-10,19,0.0,2.0936493878579075e-16,0.0,0.530339829036103,11235,horizon
6603,2025-12-11,20,0.0,2.0936493878579075e-16,0.0,0.530339829036103,11235,horizon
6603,2025-12-12,21,0.0,2.0936493878579075e-16,0.0,0.530339829036103,11235,horizon
6603,2025-12-13,22,0.0,0.00011539169020314227,0.0,0.8633198077050313,14445,horizon
6603,2025-12-14,23,0.0,2.085521617919071e-16,0.0,0.8632044160148283,14445,horizon
6603,2025-12-15,24,0.0,2.085521617919071e-16,0.0,0.8632044160148283,14445,horizon
6603,2025-12-16,25,0.0,2.085521617919071e-16,0.0,0.8632044160148283,14445,horizon
6603,2025-12-17,26,0.0,2.085521617919071e-16,0.0,0.8632044160148283,14445,horizon
6603,2025-12-18,27,0.0,2.085521617919071e-16,0.0,0.8632044160148283,14445,horizon
6603,2025-12-19,28,0.0,2.085521617919071e-16,0.0,0.8632044160148283,14445,horizon
6603,2025-12-20,29,0.0,2.085521617919071e-16,0.0,0.8632044160148283,14445,horizon
6603,2025-12-21,30,0.0,2.085521617919071e-16,0.0,0.8632044160148283,14445,horizon
6613,2025-11-22,1,5.0,5.277696718541672,5.0,6.149082287682833,4815,horizon
6613,2025-11-23,2,3.0,4.0472837660552345,3.3790481973895288,4.71551933472094,4815,horizon
6613,2025-11-24,3,1.0,2.5139969745234154,2.09891804875491,2.9290759002919207,4815,horizon
6613,2025-11-25,4,1.0,3.1104709537285515,2.126196037506133,4.0947458699509705,6420,horizon
6613,2025-11-26,5,1.0,6.040669946736861,4.129165227933889,7.952174665539832,6420,horizon
6613,2025-11-27,6,1.0,7.385792759583769,5.048638464359999,9.722947054807538,6420,horizon
6613,2025-11-28,7,0.0,1.4413819747633814,0.9852722268957466,1.8974917226310162,6420,horizon
6613,2025-11-29,8,0.0,1.5622399927896407,0.8771030122224281,2.247376973356853,11235,horizon
6613,2025-11-30,9,0.0,2.0644823795585885,1.1590816533620694,2.9698831057551076,11235,horizon
6613,2025-12-01,10,0.0,1.8875940220715954,1.0597695682183046,2.7154184759248863,11235,horizon
6613,2025-12-02,11,0.0,2.243118162752208,1.2593748120655888,3.2268615134388274,11235,horizon
6613,2025-12-03,12,8.0,12.34214359863114,8.0,17.754922069238194,11235,horizon
6613,2025-12-04,13,10.0,23.340508621073425,13.104280080418901,33.57673716172795,11235,horizon
6613,2025-12-05,14,8.0,12.436540027338767,8.0,17.890717056707324,11235,horizon
6613,2025-12-06,15,0.0,3.62603424396012,1.7030038629392557,5.549064624980984,11235,horizon
6613,2025-12-07,16,0.0,2.857836123674834,1.342211802431924,4.373460444917744,11235,horizon
6613,2025-12-08,17,0.0,2.385558788285202,1.1204019483504555,3.650715628219949,11235,horizon
6613,2025-12-09,18,1.0,3.925856785828924,1.8438185692121887,6.007895002445659,11235,horizon
6613,2025-12-10,19,0.0,4.7006000555589456,2.2076846257267193,7.193515485391172,11235,horizon
6613,2025-12-11,20,0.0,11.021403095175774,5.17631406194228,16.86649212840927,11235,horizon
6613,2025-12-12,21,0.0,2.8164924557442865,1.3227943282833883,4.310190583205185,11235,horizon
6613,2025-12-13,22,0.0,2.3915792037069052,0.3271574738178784,4.4560009335959325,14445,horizon
6613,2025-12-14,23,0.0,2.1066474806355036,0.2881800723644248,3.9251148889065823,14445,horizon
6613,2025-12-15,24,0.0,2.6484745101477736,0.36229961728550686,4.93464940301004,14445,horizon
6613,2025-12-16,25,0.0,2.872540568508344,0.3929508645901967,5.352130272426491,14445,horizon
6613,2025-12-17,26,0.0,4.4514398586483335,0.6089373150386699,8.293942402257997,14445,horizon
6613,2025-12-18,27,1.0,8.553325371707729,1.1700571392379464,15.93659360417751,14445,horizon
6613,2025-12-19,28,0.0,3.5332735850592574,0.4833362234475631,6.583210946670952,14445,horizon
6613,2025-12-20,29,0.0,3.1298604176111366,0.4281510836191895,5.831569751603084,14445,horizon
6613,2025-12-21,30,0.0,1.962180237896192,0.26841759152717315,3.655942884265211,14445,horizon
6662,2025-11-22,1,65.0,78.36460785057203,65.42604922281078,91.30316647833328,4815,horizon
6662,2025-11-23,2,45.0,68.20037671215223,56.94000552254328,79.46074790176118,4815,horizon
6662,2025-11-24,3,54.0,86.83534054378478,72.49820321350244,101.17247787406713,4815,horizon
6662,2025-11-25,4,53.0,91.27433745490012,62.391559834364024,120.15711507543622,6420,horizon
6662,2025-11-26,5,38.0,84.6024858197334,57.83094354167182,111.37402809779499,6420,horizon
6662,2025-11-27,6,88.0,218.47093460773056,149.33816852280944,287.60370069265167,6420,horizon
6662,2025-11-28,7,35.0,85.18350804594716,58.22810756392313,112.1389085279712,6420,horizon
6662,2025-11-29,8,20.0,63.44778779523419,35.62208498751623,91.27349060295215,11235,horizon
6662,2025-11-30,9,20.0,76.2418901713291,42.805197559558806,109.6785827830994,11235,horizon
6662,2025-12-01,10,16.0,72.64747626295352,40.78715213711331,104.50780038879373,11235,horizon
6662,2025-12-02,11,27.0,86.43559529554386,48.52834477856608,124.34284581252165,11235,horizon
6662,2025-12-03,12,29.0,101.0702113702296,56.74479417242949,145.3956285680297,11235,horizon
6662,2025-12-04,13,55.0,305.30317227845103,171.40921579425336,439.19712876264873,11235,horizon
6662,2025-12-05,14,30.0,113.58347812118862,63.77023457253758,163.39672166983965,11235,horizon
6662,2025-12-06,15,21.0,95.90467856953462,45.042607733205244,146.766749405864,11235,horizon
6662,2025-12-07,16,17.0,87.38097426014052,41.0393633100095,133.72258521027155,11235,horizon
6662,2025-12-08,17,25.0,96.19308069795886,45.17805872614732,147.2081026697704,11235,horizon
6662,2025-12-09,18,19.0,89.30725052518927,41.94405854997599,136.67044250040254,11235,horizon
6662,2025-12-10,19,24.0,100.14021016268958,47.03186822536939,153.2485521000098,11235,horizon
6662,2025-12-11,20,26.0,288.402136107434,135.4509965505706,441.35327566429737,11235,horizon
6662,2025-12-12,21,16.0,98.1544836283782,46.09925156177716,150.20971569497925,11235,horizon
6662,2025-12-13,22,15.0,86.23152362634059,15.0,160.66695562028477,14445,horizon
6662,2025-12-14,23,12.0,87.08960161696893,12.0,162.26573032170865,14445,horizon
6662,2025-12-15,24,11.0,97.97181398754924,13.402111508513428,182.54151646658505,14445,horizon
6662,2025-12-16,25,12.0,95.11562595204927,13.011397598225756,177.2198543058728,14445,horizon
6662,2025-12-17,26,15.0,96.13194291891958,15.0,179.11346056661634,14445,horizon
6662,2025-12-18,27,29.0,270.55106737299434,37.01019125910034,504.09194348688834,14445,horizon
6662,2025-12-19,28,4.0,95.80916651198868,13.10627088414006,178.5120621398373,14445,horizon
6662,2025-12-20,29,4.0,97.90659199493686,13.393189427945345,182.41999456192838,14445,horizon
6662,2025-12-21,30,2.0,67.83812137344441,9.2799554297373,126.39628731715152,14445,horizon
6692,2025-11-22,1,0.0,1.3489376408701964e-16,0.0,0.16510716996673924,4815,horizon
6692,2025-11-23,2,0.0,1.3489376408701964e-16,0.0,0.16510716996673924,4815,horizon
6692,2025-11-24,3,0.0,1.3489376408701964e-16,0.0,0.16510716996673924,4815,horizon
6692,2025-11-25,4,0.0,1.3489376408701964e-16,0.0,0.3164391922845507,6420,horizon
6692,2025-11-26,5,0.0,1.3489376408701964e-16,0.0,0.3164391922845507,6420,horizon
6692,2025-11-27,6,0.0,1.3489376408701964e-16,0.0,0.3164391922845507,6420,horizon
6692,2025-11-28,7,0.0,1.3489376408701964e-16,0.0,0.3164391922845507,6420,horizon
6692,2025-11-29,8,0.0,1.5006439558569507e-16,0.0,0.4385606460783187,11235,horizon
6692,2025-11-30,9,0.0,1.5006439558569507e-16,0.0,0.4385606460783187,11235,horizon
6692,2025-12-01,10,0.0,1.5006439558569507e-16,0.0,0.4385606460783187,11235,horizon
6692,2025-12-02,11,0.0,1.5006439558569507e-16,0.0,0.4385606460783187,11235,horizon
6692,2025-12-03,12,0.0,1.5006439558569507e-16,0.0,0.4385606460783187,11235,horizon
6692,2025-12-04,13,0.0,1.5006439558569507e-16,0.0,0.4385606460783187,11235,horizon
6692,2025-12-05,14,0.0,1.5006439558569507e-16,0.0,0.4385606460783187,11235,horizon
6692,2025-12-06,15,0.0,2.0936493878579075e-16,0.0,0.530339829036103,11235,horizon
6692,2025-12-07,16,0.0,2.0936493878579075e-16,0.0,0.530339829036103,11235,horizon
6692,2025-12-08,17,0.0,2.0936493878579075e-16,0.0,0.530339829036103,11235,horizon
6692,2025-12-09,18,0.0,2.0936493878579075e-16,0.0,0.530339829036103,11235,horizon
6692,2025-12-10,19,0.0,2.0936493878579075e-16,0.0,0.530339829036103,11235,horizon
6692,2025-12-11,20,0.0,2.0936493878579075e-16,0.0,0.530339829036103,11235,horizon
6692,2025-12-12,21,0.0,2.0936493878579075e-16,0.0,0.530339829036103,11235,horizon
6692,2025-12-13,22,0.0,2.085521617919071e-16,0.0,0.8632044160148283,14445,horizon
6692,2025-12-14,23,0.0,2.085521617919071e-16,0.0,0.8632044160148283,14445,horizon
6692,2025-12-15,24,0.0,2.085521617919071e-16,0.0,0.8632044160148283,14445,horizon
6692,2025-12-16,25,0.0,2.085521617919071e-16,0.0,0.8632044160148283,14445,horizon
6692,2025-12-17,26,0.0,2.085521617919071e-16,0.0,0.8632044160148283,14445,horizon
6692,2025-12-18,27,0.0,2.085521617919071e-16,0.0,0.8632044160148283,14445,horizon
6692,2025-12-19,28,0.0,2.085521617919071e-16,0.0,0.8632044160148283,14445,horizon
6692,2025-12-20,29,0.0,2.085521617919071e-16,0.0,0.8632044160148283,14445,horizon
6692,2025-12-21,30,0.0,2.085521617919071e-16,0.0,0.8632044160148283,14445,horizon
6720,2025-11-22,1,15.0,17.44474495641641,15.0,20.324997426961872,4815,horizon
6720,2025-11-23,2,34.0,42.74573325533846,35.6881062093964,49.80336030128051,4815,horizon
6720,2025-11-24,3,16.0,23.212936719901826,19.380314431461837,27.045559008341815,4815,horizon
6720,2025-11-25,4,6.0,13.167227983326002,9.000600995655791,17.333854970996214,6420,horizon
6720,2025-11-26,5,18.0,34.89269946684739,23.85128183093063,45.93411710276415,6420,horizon
6720,2025-11-27,6,53.0,147.89024401650613,101.09197465315785,194.6885133798544,6420,horizon
6720,2025-11-28,7,14.0,23.034161680917084,15.745250163655935,30.323073198178232,6420,horizon
6720,2025-11-29,8,4.0,12.113368017261937,6.8009215134271015,17.425814521096772,11235,horizon
6720,2025-11-30,9,2.0,13.239460031332825,7.433153886263426,19.045766176402225,11235,horizon
6720,2025-12-01,10,5.0,16.324778685731037,9.165373198231269,23.484184173230805,11235,horizon
6720,2025-12-02,11,7.0,20.384186668234424,11.444484593232488,29.32388874323636,11235,horizon
6720,2025-12-03,12,6.0,26.953693692626253,15.132864372590985,38.77452301266152,11235,horizon
6720,2025-12-04,13,8.0,122.22090262147442,68.61962460352535,175.8221806394235,11235,horizon
6720,2025-12-05,14,3.0,15.913807757394256,8.934637945745273,22.89297756904324,11235,horizon
6720,2025-12-06,15,3.0,22.3595409954628,10.501385846603329,34.217696144322275,11235,horizon
6720,2025-12-07,16,3.0,18.9733102453245,8.911008133570169,29.035612357078833,11235,horizon
6720,2025-12-08,17,6.0,22.08310756832479,10.371556075953555,33.79465906069603,11235,horizon
6720,2025-12-09,18,2.0,17.85284548647811,8.38477046337135,27.32092050958487,11235,horizon
6720,2025-12-10,19,2.0,35.1930455794182,16.52877180356978,53.85731935526661,11235,horizon
6720,2025-12-11,20,3.0,108.26197502240676,50.84633769791273,165.6776123469008,11235,horizon
6720,2025-12-12,21,0.0,15.425489073302382,7.244737835368925,23.606240311235837,11235,horizon
6720,2025-12-13,22,0.0,16.86178611356642,2.306617878438381,31.41695434869446,14445,horizon
6720,2025-12-14,23,0.0,16.769366883081293,2.293975335832707,31.24475843032988,14445,horizon
6720,2025-12-15,24,3.0,22.911478280654062,3.134189051365656,42.688767509942465,14445,horizon
6720,2025-12-16,25,0.0,22.749848255927116,3.1120787777435943,42.387617734110634,14445,horizon
6720,2025-12-17,26,1.0,40.34418681229919,5.518906595395336,75.16946702920305,14445,horizon
6720,2025-12-18,27,2.0,94.52721724415119,12.930905885406872,176.1235286028955,14445,horizon
6720,2025-12-19,28,0.0,18.927334803142752,2.5891758176787825,35.26549378860672,14445,horizon
6720,2025-12-20,29,0.0,18.361063669246963,2.5117124272235607,34.21041491127036,14445,horizon
6720,2025-12-21,30,0.0,13.382887501372284,1.830719911158079,24.93505509158649,14445,horizon
6728,2025-11-22,1,0.0,1.3489376408701964e-16,0.0,0.16510716996673924,4815,horizon
6728,2025-11-23,2,0.0,1.3489376408701964e-16,0.0,0.16510716996673924,4815,horizon
6728,2025-11-24,3,0.0,1.3489376408701964e-16,0.0,0.16510716996673924,4815,horizon
6728,2025-11-25,4,0.0,1.3489376408701964e-16,0.0,0.3164391922845507,6420,horizon
6728,2025-11-26,5,1.0,1.0735159002309533,1.0,1.4132184046046583,6420,horizon
6728,2025-11-27,6,1.0,1.1900960547492851,1.0,1.5666890890551792,6420,horizon
6728,2025-11-28,7,1.0,1.0435851830114096,1.0,1.3738164354036648,6420,horizon
6728,2025-11-29,8,1.0,1.025822930140294,1.0,1.475708497144575,11235,horizon
6728,2025-11-30,9,1.0,1.026039348991683,1.0,1.4760198287872528,11235,horizon
6728,2025-12-01,10,1.0,1.0551092892356633,1.0,1.5178387008060912,11235,horizon
6728,2025-12-02,11,1.0,1.0551869739312416,1.0,1.517950454951953,11235,horizon
6728,2025-12-03,12,0.0,1.5006439558569507e-16,0.0,0.4385606460783187,11235,horizon
6728,2025-12-04,13,0.0,1.5006439558569507e-16,0.0,0.4385606460783187,11235,horizon
6728,2025-12-05,14,0.0,1.5006439558569507e-16,0.0,0.4385606460783187,11235,horizon
6728,2025-12-06,15,0.0,0.008777963488122157,0.0,0.539117792524225,11235,horizon
6728,2025-12-07,16,0.0,0.023699270061136396,0.0,0.5540390990972391,11235,horizon
6728,2025-12-08,17,0.0,0.001665583137581238,0.0,0.532005412173684,11235,horizon
6728,2025-12-09,18,0.0,0.0,0.0,0.5303398290361028,11235,horizon
6728,2025-12-10,19,0.0,0.029056371754430352,0.0,0.5593962007905331,11235,horizon
6728,2025-12-11,20,0.0,0.012568354852022207,0.0,0.542908183888125,11235,horizon
6728,2025-12-12,21,0.0,0.004323899023797072,0.0,0.5346637280598998,11235,horizon
6728,2025-12-13,22,0.0,0.03399432945773221,0.0,0.8971987454725603,14445,horizon
6728,2025-12-14,23,0.0,0.010011848104546325,0.0,0.8732162641193745,14445,horizon
6728,2025-12-15,24,0.0,0.012844474520653352,0.0,0.8760488905354815,14445,horizon
6728,2025-12-16,25,0.0,0.026151685241266914,0.0,0.889356101256095,14445,horizon
6728,2025-12-17,26,0.0,0.011560028944402669,0.0,0.8747644449592308,14445,horizon
6728,2025-12-18,27,0.0,0.015462252878298617,0.0,0.8786666688931267,14445,horizon
6728,2025-12-19,28,0.0,0.0,0.0,0.8632044160148281,14445,horizon
6728,2025-12-20,29,0.0,0.0,0.0,0.8632044160148281,14445,horizon
6728,2025-12-21,30,0.0,1.1637086261745042e-05,0.0,0.8632160531010898,14445,horizon
6733,2025-11-22,1,86.0,98.81078379117895,86.0,115.12515266513584,4815,horizon
6733,2025-11-23,2,63.0,87.16125483119018,72.7703067152626,101.55220294711775,4815,horizon
6733,2025-11-24,3,61.0,94.17137446341158,78.62300533387965,109.71974359294352,4815,horizon
6733,2025-11-25,4,50.0,90.56896362371299,61.90939392857641,119.22853331884957,6420,horizon
6733,2025-11-26,5,49.0,131.3469236483068,89.78360921997607,172.91023807663754,6420,horizon
6733,2025-11-27,6,41.0,141.48257715168478,96.71194471546903,186.25320958790053,6420,horizon
6733,2025-11-28,7,22.0,61.9494376022639,42.34620760492135,81.55266759960645,6420,horizon
6733,2025-11-29,8,26.0,67.36421768646072,37.82092285532602,96.90751251759542,11235,horizon
6733,2025-11-30,9,23.0,63.302766224265106,35.54066417040664,91.06486827812357,11235,horizon
6733,2025-12-01,10,27.0,66.56848306308459,37.37416612248461,95.76280000368456,11235,horizon
6733,2025-12-02,11,18.0,67.99044489910132,38.17251145699913,97.80837834120351,11235,horizon
6733,2025-12-03,12,15.0,106.87521857122223,60.003953664865506,153.74648347757898,11235,horizon
6733,2025-12-04,13,18.0,189.3111857685174,106.28674982802383,272.335621709011,11235,horizon
6733,2025-12-05,14,14.0,71.60446972928371,40.20156722271364,103.00737223585378,11235,horizon
6733,2025-12-06,15,5.0,52.733438804558865,24.766795884463328,80.70008172465441,11235,horizon
6733,2025-12-07,16,3.0,50.4482000377924,23.693510254570462,77.20288982101434,11235,horizon
6733,2025-12-08,17,6.0,53.51406788268558,25.133426270755713,81.89470949461546,11235,horizon
6733,2025-12-09,18,6.0,59.80969059937056,28.090229512198174,91.52915168654295,11235,horizon
6733,2025-12-10,19,6.0,92.78985876704773,43.57970093224752,142.00001660184796,11235,horizon
6733,2025-12-11,20,5.0,190.6865333668198,89.55786986157348,291.8151968720661,11235,horizon
6733,2025-12-12,21,5.0,68.06293705397911,31.966450653076805,104.15942345488142,11235,horizon
6733,2025-12-13,22,5.0,54.853489815848754,7.503715172983711,102.20326445871379,14445,horizon
6733,2025-12-14,23,5.0,51.77921889771335,7.083168487408749,96.47526930801794,14445,horizon
6733,2025-12-15,24,10.0,58.067003228358935,10.0,108.19069683982565,14445,horizon
6733,2025-12-16,25,9.0,65.53421269617073,9.0,122.10363449556031,14445,horizon
6733,2025-12-17,26,9.0,102.3598022001918,14.002368918581922,190.71723548180165,14445,horizon
6733,2025-12-18,27,7.0,159.62810803413103,21.836420258977057,297.419795809285,14445,horizon
6733,2025-12-19,28,3.0,76.31930159187182,10.440143430600571,142.19845975314308,14445,horizon
6733,2025-12-20,29,3.0,53.55331057503543,7.32585639445125,99.78076475561961,14445,horizon
6733,2025-12-21,30,0.0,38.296029354767775,5.238727699898746,71.3533310096368,14445,horizon
6738,2025-11-22,1,0.0,1.3489376408701964e-16,0.0,0.16510716996673924,4815,horizon
6738,2025-11-23,2,0.0,1.3489376408701964e-16,0.0,0.16510716996673924,4815,horizon
6738,2025-11-24,3,0.0,1.3489376408701964e-16,0.0,0.16510716996673924,4815,horizon
6738,2025-11-25,4,0.0,1.3489376408701964e-16,0.0,0.3164391922845507,6420,horizon
6738,2025-11-26,5,0.0,1.3489376408701964e-16,0.0,0.3164391922845507,6420,horizon
6738,2025-11-27,6,0.0,1.3489376408701964e-16,0.0,0.3164391922845507,6420,horizon
6738,2025-11-28,7,0.0,1.3489376408701964e-16,0.0,0.3164391922845507,6420,horizon
6738,2025-11-29,8,0.0,1.5006439558569507e-16,0.0,0.4385606460783187,11235,horizon
6738,2025-11-30,9,0.0,1.5006439558569507e-16,0.0,0.4385606460783187,11235,horizon
6738,2025-12-01,10,0.0,1.5006439558569507e-16,0.0,0.4385606460783187,11235,horizon
6738,2025-12-02,11,0.0,1.5006439558569507e-16,0.0,0.4385606460783187,11235,horizon
6738,2025-12-03,12,0.0,1.5006439558569507e-16,0.0,0.4385606460783187,11235,horizon
6738,2025-12-04,13,0.0,1.5006439558569507e-16,0.0,0.4385606460783187,11235,horizon
6738,2025-12-05,14,0.0,1.5006439558569507e-16,0.0,0.4385606460783187,11235,horizon
6738,2025-12-06,15,0.0,0.0,0.0,0.5303398290361028,11235,horizon
6738,2025-12-07,16,0.0,0.0,0.0,0.5303398290361028,11235,horizon
6738,2025-12-08,17,0.0,0.0,0.0,0.5303398290361028,11235,horizon
6738,2025-12-09,18,0.0,2.0936493878579075e-16,0.0,0.530339829036103,11235,horizon
6738,2025-12-10,19,0.0,2.0936493878579075e-16,0.0,0.530339829036103,11235,horizon
6738,2025-12-11,20,0.0,2.0936493878579075e-16,0.0,0.530339829036103,11235,horizon
6738,2025-12-12,21,0.0,2.0936493878579075e-16,0.0,0.530339829036103,11235,horizon
6738,2025-12-13,22,0.0,2.085521617919071e-16,0.0,0.8632044160148283,14445,horizon
6738,2025-12-14,23,0.0,2.085521617919071e-16,0.0,0.8632044160148283,14445,horizon
6738,2025-12-15,24,0.0,2.085521617919071e-16,0.0,0.8632044160148283,14445,horizon
6738,2025-12-16,25,0.0,2.085521617919071e-16,0.0,0.8632044160148283,14445,horizon
6738,2025-12-17,26,0.0,2.085521617919071e-16,0.0,0.8632044160148283,14445,horizon
6738,2025-12-18,27,0.0,2.085521617919071e-16,0.0,0.8632044160148283,14445,horizon
6738,2025-12-19,28,0.0,2.085521617919071e-16,0.0,0.8632044160148283,14445,horizon
6738,2025-12-20,29,0.0,2.085521617919071e-16,0.0,0.8632044160148283,14445,horizon
6738,2025-12-21,30,0.0,2.085521617919071e-16,0.0,0.8632044160148283,14445,horizon
6752,2025-11-22,1,125.0,159.36947751708428,133.05643410516063,185.68252092900792,4815,horizon
6752,2025-11-23,2,92.0,138.29741623527227,115.4635212269543,161.13131124359023,4815,horizon
6752,2025-11-24,3,94.0,148.49924761857574,123.98095710208267,173.0175381350688,4815,horizon
6752,2025-11-25,4,111.0,190.3350133739971,130.10555547846033,250.56447126953387,6420,horizon
6752,2025-11-26,5,126.0,276.7036781383698,189.1437897260998,364.2635665506398,6420,horizon
6752,2025-11-27,6,131.0,426.32602807501195,291.4197641010745,561.2322920489494,6420,horizon
6752,2025-11-28,7,47.0,146.2693564420053,99.98399943351612,192.55471345049446,6420,horizon
6752,2025-11-29,8,23.0,82.94921235125241,46.57095219079952,119.32747251170531,11235,horizon
6752,2025-11-30,9,16.0,86.7835841010546,48.723719388704005,124.84344881340519,11235,horizon
6752,2025-12-01,10,29.0,87.55517555174566,49.15692119427149,125.95342990921984,11235,horizon
6752,2025-12-02,11,18.0,96.39800269010956,54.12163234967563,138.6743730305435,11235,horizon
6752,2025-12-03,12,26.0,160.423232870077,90.06791621660348,230.7785495235505,11235,horizon
6752,2025-12-04,13,46.0,446.1344053666655,250.47741231129422,641.7913984220368,11235,horizon
6752,2025-12-05,14,6.0,120.5565114392917,67.68516989352773,173.42785298505567,11235,horizon
6752,2025-12-06,15,15.0,99.80006902306052,46.872117479579344,152.7280205665417,11235,horizon
6752,2025-12-07,16,20.0,94.53583007515374,44.399714115310644,144.67194603499684,11235,horizon
6752,2025-12-08,17,18.0,94.8224219433274,44.534314901113945,145.11052898554084,11235,horizon
6752,2025-12-09,18,17.0,105.39595273562914,49.50028118071841,161.29162429053986,11235,horizon
6752,2025-12-10,19,12.0,141.64208111596682,66.52364403260718,216.76051819932644,11235,horizon
6752,2025-12-11,20,16.0,360.4992176420128,169.31212419009893,551.6863110939266,11235,horizon
6752,2025-12-12,21,6.0,120.95713683248134,56.80874956404669,185.105524100916,11235,horizon
6752,2025-12-13,22,6.0,84.98159753896951,11.625107263336176,158.33808781460283,14445,horizon
6752,2025-12-14,23,6.0,77.91599787488994,10.65856443108298,145.17343131869688,14445,horizon
6752,2025-12-15,24,10.0,92.6329072328744,12.671772641165305,172.59404182458348,14445,horizon
6752,2025-12-16,25,11.0,109.61361205556321,14.99465807386484,204.23256603726156,14445,horizon
6752,2025-12-17,26,19.0,127.60985142786602,19.0,237.76323870739608,14445,horizon
6752,2025-12-18,27,17.0,242.37511746211837,33.15584573670512,451.59438918753165,14445,horizon
6752,2025-12-19,28,10.0,151.56175444569377,20.7329787092159,282.39053018217163,14445,horizon
6752,2025-12-20,29,11.0,75.42740457999548,11.0,140.53667330198465,14445,horizon
6752,2025-12-21,30,4.0,65.61655345782904,8.97605474935797,122.25705216630011,14445,horizon
6753,2025-11-22,1,8.0,17.643924619396877,14.730786158381784,20.55706308041197,4815,horizon
6753,2025-11-23,2,31.0,49.39602608692553,41.24038801211004,57.55166416174102,4815,horizon
6753,2025-11-24,3,3.0,19.888412557679377,16.60469304514998,23.172132070208775,4815,horizon
6753,2025-11-25,4,5.0,29.505923498609533,20.16909289909979,38.84275409811927,6420,horizon
6753,2025-11-26,5,9.0,38.086504447506755,26.034441743195774,50.13856715181774,6420,horizon
6753,2025-11-27,6,18.0,58.616006403488115,40.067604682222296,77.16440812475393,6420,horizon
6753,2025-11-28,7,0.0,19.04013054744855,13.015087016021532,25.065174078875565,6420,horizon
6753,2025-11-29,8,0.0,21.90876201156683,12.30044118899796,31.5170828341357,11235,horizon
6753,2025-11-30,9,0.0,29.025910664613583,16.296288530529097,41.75553279869807,11235,horizon
6753,2025-12-01,10,6.0,32.75708725633922,18.391117905555237,47.1230566071232,11235,horizon
6753,2025-12-02,11,6.0,33.6117280522445,18.87094688184341,48.352509222645594,11235,horizon
6753,2025-12-03,12,2.0,37.83373790496953,21.241349365808325,54.42612644413074,11235,horizon
6753,2025-12-04,13,0.0,40.5715070801959,22.77844072273411,58.36457343765769,11235,horizon
6753,2025-12-05,14,0.0,26.94795597453856,15.129642991854844,38.76626895722227,11235,horizon
6753,2025-12-06,15,0.0,33.84251109266897,15.894479545630496,51.790542639707446,11235,horizon
6753,2025-12-07,16,0.0,32.568534769381294,15.296143607831251,49.840925930931334,11235,horizon
6753,2025-12-08,17,0.0,33.89663489449969,15.91989933965153,51.87337044934785,11235,horizon
6753,2025-12-09,18,4.0,32.50117331116506,15.264506613849036,49.737840008481086,11235,horizon
6753,2025-12-10,19,3.0,38.78929325459303,18.217786101520907,59.360800407665145,11235,horizon
6753,2025-12-11,20,6.0,63.80274874276846,29.965609882495215,97.6398876030417,11235,horizon
6753,2025-12-12,21,3.0,31.09753497558475,14.605273593188908,47.58979635798059,11235,horizon
6753,2025-12-13,22,3.0,34.15984711296164,4.672916234661777,63.64677799126151,14445,horizon
6753,2025-12-14,23,0.0,32.76082222419838,4.481535807993616,61.04010864040314,14445,horizon
6753,2025-12-15,24,2.0,37.880083459371804,5.181828138231815,70.57833878051179,14445,horizon
6753,2025-12-16,25,0.0,41.310540025857925,5.651099447580052,76.9699806041358,14445,horizon
6753,2025-12-17,26,0.0,41.751053365517045,5.711359727131978,77.79074700390211,14445,horizon
6753,2025-12-18,27,0.0,45.83876556293317,6.270540704340831,85.4069904215255,14445,horizon
6753,2025-12-19,28,0.0,32.46216034257854,4.4406801814833194,60.48364050367377,14445,horizon
6753,2025-12-20,29,0.0,33.747433659826825,4.616499895496858,62.87836742415679,14445,horizon
6753,2025-12-21,30,0.0,30.36228474193757,4.153426472397424,56.571143011477716,14445,horizon
6782,2025-11-22,1,91.0,102.9530456526996,91.0,119.95133165987332,4815,horizon
6782,2025-11-23,2,91.0,116.05218849202875,96.89114008166331,135.2132369023942,4815,horizon
6782,2025-11-24,3,82.0,113.0076129102902,94.34924575797547,131.66598006260494,4815,horizon
6782,2025-11-25,4,36.0,66.01684920865173,45.126530767895005,86.90716764940846,6420,horizon
6782,2025-11-26,5,29.0,87.00548803507489,59.47354167693266,114.53743439321713,6420,horizon
6782,2025-11-27,6,42.0,157.19213279329222,107.450381258697,206.93388432788743,6420,horizon
6782,2025-11-28,7,11.0,43.60112087831026,29.80401740487671,57.39822435174381,6420,horizon
6782,2025-11-29,8,14.0,38.268482978097396,21.485432358785868,55.05153359740892,11235,horizon
6782,2025-11-30,9,13.0,37.8144915734685,21.230543717885023,54.398439429051976,11235,horizon
6782,2025-12-01,10,11.0,38.90721143221822,21.844039649398855,55.970383215037586,11235,horizon
6782,2025-12-02,11,11.0,47.317945105128956,26.56615652872519,68.06973368153272,11235,horizon
6782,2025-12-03,12,17.0,88.20961110336647,49.52434706755685,126.8948751391761,11235,horizon
6782,2025-12-04,13,26.0,258.1864480335821,144.95603257530814,371.4168634918561,11235,horizon
6782,2025-12-05,14,4.0,55.38412294761704,31.094826205229083,79.67341969000499,11235,horizon
6782,2025-12-06,15,7.0,45.155332139174384,21.207661012416203,69.10300326593256,11235,horizon
6782,2025-12-07,16,1.0,31.32152167087365,14.71047122279193,47.93257211895537,11235,horizon
6782,2025-12-08,17,1.0,28.59682826415092,13.430791251566328,43.76286527673551,11235,horizon
6782,2025-12-09,18,1.0,31.734548213463352,14.904453339397236,48.56464308752947,11235,horizon
6782,2025-12-10,19,5.0,73.65172629993374,34.59128236581304,112.71217023405444,11235,horizon
6782,2025-12-11,20,7.0,229.04488078837053,107.57325786947156,350.5165037072695,11235,horizon
6782,2025-12-12,21,4.0,60.37608595392302,28.356242851250435,92.3959290565956,11235,horizon
6782,2025-12-13,22,4.0,36.94988196604422,5.05458068172819,68.84518325036024,14445,horizon
6782,2025-12-14,23,1.0,29.00502813752707,3.967759762579359,54.04229651247478,14445,horizon
6782,2025-12-15,24,4.0,37.34921500977942,5.10920767865052,69.58922234090832,14445,horizon
6782,2025-12-16,25,4.0,44.23564345100893,6.051240678840614,82.42004622317725,14445,horizon
6782,2025-12-17,26,1.0,68.2359082568748,9.334370918757799,127.13744559499179,14445,horizon
6782,2025-12-18,27,10.0,181.80626711937273,24.870294482758737,338.7422397559867,14445,horizon
6782,2025-12-19,28,1.0,49.547431816064204,6.77786987024399,92.31699376188442,14445,horizon
6782,2025-12-20,29,1.0,30.024276560049607,4.107188445764294,55.94136467433492,14445,horizon
6782,2025-12-21,30,0.0,25.72939983126395,3.5196682755057367,47.939131387022165,14445,horizon
6862,2025-11-22,1,51.0,59.215631428621,51.0,68.99255675159411,4815,horizon
6862,2025-11-23,2,37.0,47.976493370877805,40.05523032548415,55.897756416271456,4815,horizon
6862,2025-11-24,3,11.0,23.053169785181282,19.24692616318726,26.859413407175303,4815,horizon
6862,2025-11-25,4,10.0,26.623025021502265,18.19845648752671,35.04759355547782,6420,horizon
6862,2025-11-26,5,18.0,59.72754329757526,40.82740773935002,78.6276788558005,6420,horizon
6862,2025-11-27,6,32.0,117.02507716613617,79.99375627064683,154.05639806162552,6420,horizon
6862,2025-11-28,7,4.0,16.595387224035584,11.343956295212413,21.846818152858752,6420,horizon
6862,2025-11-29,8,11.0,25.243292543475132,14.172577856464677,36.314007230485586,11235,horizon
6862,2025-11-30,9,12.0,27.275823364735807,15.313720647579176,39.23792608189244,11235,horizon
6862,2025-12-01,10,0.0,15.112621848448594,8.484820646655667,21.74042305024152,11235,horizon
6862,2025-12-02,11,2.0,19.597571046954013,11.002847627036111,28.192294466871914,11235,horizon
6862,2025-12-03,12,8.0,51.509641472674105,28.9195398291556,74.09974311619261,11235,horizon
6862,2025-12-04,13,10.0,149.3748237936239,83.86490456285722,214.8847430243906,11235,horizon
6862,2025-12-05,14,1.0,26.021390741488485,14.60943280604492,37.43334867693205,11235,horizon
6862,2025-12-06,15,0.0,21.813054061946783,10.24472269997866,33.38138542391491,11235,horizon
6862,2025-12-07,16,0.0,17.654873009831597,8.291790676143403,27.01795534351979,11235,horizon
6862,2025-12-08,17,6.0,21.670109370630264,10.177587271816561,33.162631469443966,11235,horizon
6862,2025-12-09,18,6.0,24.95111838472021,11.718546526308133,38.18369024313229,11235,horizon
6862,2025-12-10,19,0.0,32.83563033557643,15.421587757114157,50.24967291403871,11235,horizon
6862,2025-12-11,20,0.0,118.70357309459163,55.75034043363138,181.6568057555519,11235,horizon
6862,2025-12-12,21,0.0,28.051660336839426,13.17474758962118,42.928573084057675,11235,horizon
6862,2025-12-13,22,0.0,18.90431464969571,2.5860267623445665,35.22260253704685,14445,horizon
6862,2025-12-14,23,0.0,15.695239845772447,2.1470395004897807,29.243440191055114,14445,horizon
6862,2025-12-15,24,0.0,20.267468144209904,2.772500140688063,37.76243614773175,14445,horizon
6862,2025-12-16,25,0.0,22.643975683049003,3.09759587730872,42.19035548878929,14445,horizon
6862,2025-12-17,26,0.0,33.848174723226414,4.630280828095891,63.06606861835694,14445,horizon
6862,2025-12-18,27,2.0,90.41035155594683,12.367736839400436,168.45296627249323,14445,horizon
6862,2025-12-19,28,0.0,28.10387384995466,3.8444858355501488,52.363261864359174,14445,horizon
6862,2025-12-20,29,0.0,18.98046547005045,2.596443858285941,35.36448708181496,14445,horizon
6862,2025-12-21,30,0.0,12.85487551869724,1.7584902036368781,23.9512608337576,14445,horizon
6886,2025-11-22,1,2620.0,3065.9576350017683,2620.0,3572.1692233548265,4815,horizon
6886,2025-11-23,2,2158.0,2960.196616721736,2471.4469307896943,3448.946302653778,4815,horizon
6886,2025-11-24,3,1829.0,2821.760093782564,2355.8672703730444,3287.652917192084,4815,horizon
6886,2025-11-25,4,1397.0,2490.1963761694005,1702.2006462644406,3278.1921060743607,6420,horizon
6886,2025-11-26,5,1510.0,3158.8032503548834,2159.234101226771,4158.372399482996,6420,horizon
6886,2025-11-27,6,1482.0,3916.097294787643,2676.8906299173277,5155.303959657958,6420,horizon
6886,2025-11-28,7,532.0,1533.3734487367244,1048.1539931478997,2018.5929043255492,6420,horizon
6886,2025-11-29,8,497.0,1540.9464271615323,865.1479664934941,2216.7448878295704,11235,horizon
6886,2025-11-30,9,512.0,1729.859014946446,971.210927727129,2488.507102165763,11235,horizon
6886,2025-12-01,10,605.0,1945.3973398361834,1092.2226255985847,2798.572054073782,11235,horizon
6886,2025-12-02,11,545.0,2020.510223753972,1134.393954616582,2906.626492891362,11235,horizon
6886,2025-12-03,12,714.0,3153.9879873412247,1770.7729778896016,4537.202996792847,11235,horizon
6886,2025-12-04,13,759.0,4746.969016909028,2665.1352179396445,6828.802815878412,11235,horizon
6886,2025-12-05,14,340.0,2095.007782315184,1176.2198157639318,3013.7957488664365,11235,horizon
6886,2025-12-06,15,360.0,1910.4323570871763,897.2539874445245,2923.6107267298285,11235,horizon
6886,2025-12-07,16,267.0,1669.0408065453219,783.8819905477968,2554.199622542847,11235,horizon
6886,2025-12-08,17,295.0,1649.2922815536153,774.6068949239071,2523.9776681833237,11235,horizon
6886,2025-12-09,18,273.0,1766.3395882890006,829.5793530161119,2703.0998235618895,11235,horizon
6886,2025-12-10,19,388.0,2819.4659683845675,1324.1908687383861,4314.741068030749,11235,horizon
6886,2025-12-11,20,517.0,5019.572788955386,2357.4934142265133,7681.652163684259,11235,horizon
6886,2025-12-12,21,200.0,1993.3768384096368,936.2097067229429,3050.5439700963307,11235,horizon
6886,2025-12-13,22,184.0,1642.220208865831,224.64847250405228,3059.7919452276096,14445,horizon
6886,2025-12-14,23,136.0,1457.287401360947,199.35048110340426,2715.2243216184897,14445,horizon
6886,2025-12-15,24,129.0,1645.9139060377884,225.1537539657545,3066.674058109822,14445,horizon
6886,2025-12-16,25,189.0,2140.755430314206,292.8458892592598,3988.664971369152,14445,horizon
6886,2025-12-17,26,175.0,2847.3832898217943,389.50945996079236,5305.257119682796,14445,horizon
6886,2025-12-18,27,199.0,3837.403073973438,524.93979449069,7149.866353456186,14445,horizon
6886,2025-12-19,28,91.0,1806.6960302782863,247.14803854561,3366.244022010963,14445,horizon
6886,2025-12-20,29,98.0,1610.2243187033403,220.271576024149,3000.1770613825315,14445,horizon
6886,2025-12-21,30,48.0,1200.6621291804204,164.24527713011548,2237.0789812307253,14445,horizon
6888,2025-11-22,1,0.0,1.3489376408701964e-16,0.0,0.16510716996673924,4815,horizon
6888,2025-11-23,2,0.0,1.3489376408701964e-16,0.0,0.16510716996673924,4815,horizon
6888,2025-11-24,3,0.0,1.3489376408701964e-16,0.0,0.16510716996673924,4815,horizon
6888,2025-11-25,4,0.0,1.3489376408701964e-16,0.0,0.3164391922845507,6420,horizon
6888,2025-11-26,5,0.0,1.3489376408701964e-16,0.0,0.3164391922845507,6420,horizon
6888,2025-11-27,6,0.0,1.3489376408701964e-16,0.0,0.3164391922845507,6420,horizon
6888,2025-11-28,7,0.0,1.3489376408701964e-16,0.0,0.3164391922845507,6420,horizon
6888,2025-11-29,8,0.0,1.5006439558569507e-16,0.0,0.4385606460783187,11235,horizon
6888,2025-11-30,9,0.0,1.5006439558569507e-16,0.0,0.4385606460783187,11235,horizon
6888,2025-12-01,10,0.0,1.5006439558569507e-16,0.0,0.4385606460783187,11235,horizon
6888,2025-12-02,11,0.0,1.5006439558569507e-16,0.0,0.4385606460783187,11235,horizon
6888,2025-12-03,12,0.0,1.5006439558569507e-16,0.0,0.4385606460783187,11235,horizon
6888,2025-12-04,13,0.0,1.5006439558569507e-16,0.0,0.4385606460783187,11235,horizon
6888,2025-12-05,14,0.0,1.5006439558569507e-16,0.0,0.4385606460783187,11235,horizon
6888,2025-12-06,15,0.0,2.0936493878579075e-16,0.0,0.530339829036103,11235,horizon
6888,2025-12-07,16,0.0,2.0936493878579075e-16,0.0,0.530339829036103,11235,horizon
6888,2025-12-08,17,0.0,2.0936493878579075e-16,0.0,0.530339829036103,11235,horizon
6888,2025-12-09,18,0.0,2.0936493878579075e-16,0.0,0.530339829036103,11235,horizon
6888,2025-12-10,19,0.0,2.0936493878579075e-16,0.0,0.530339829036103,11235,horizon
6888,2025-12-11,20,0.0,2.0936493878579075e-16,0.0,0.530339829036103,11235,horizon
6888,2025-12-12,21,0.0,2.0936493878579075e-16,0.0,0.530339829036103,11235,horizon
6888,2025-12-13,22,0.0,0.00011539169020314227,0.0,0.8633198077050313,14445,horizon
6888,2025-12-14,23,0.0,2.085521617919071e-16,0.0,0.8632044160148283,14445,horizon
6888,2025-12-15,24,0.0,2.085521617919071e-16,0.0,0.8632044160148283,14445,horizon
6888,2025-12-16,25,0.0,2.085521617919071e-16,0.0,0.8632044160148283,14445,horizon
6888,2025-12-17,26,0.0,2.085521617919071e-16,0.0,0.8632044160148283,14445,horizon
6888,2025-12-18,27,0.0,2.085521617919071e-16,0.0,0.8632044160148283,14445,horizon
6888,2025-12-19,28,0.0,2.085521617919071e-16,0.0,0.8632044160148283,14445,horizon
6888,2025-12-20,29,0.0,2.085521617919071e-16,0.0,0.8632044160148283,14445,horizon
6888,2025-12-21,30,0.0,2.085521617919071e-16,0.0,0.8632044160148283,14445,horizon
6912,2025-11-22,1,0.0,1.3489376408701964e-16,0.0,0.16510716996673924,4815,horizon
6912,2025-11-23,2,0.0,1.3489376408701964e-16,0.0,0.16510716996673924,4815,horizon
6912,2025-11-24,3,0.0,1.3489376408701964e-16,0.0,0.16510716996673924,4815,horizon
6912,2025-11-25,4,0.0,1.3489376408701964e-16,0.0,0.3164391922845507,6420,horizon
6912,2025-11-26,5,0.0,1.3489376408701964e-16,0.0,0.3164391922845507,6420,horizon
6912,2025-11-27,6,0.0,1.3489376408701964e-16,0.0,0.3164391922845507,6420,horizon
6912,2025-11-28,7,0.0,1.3489376408701964e-16,0.0,0.3164391922845507,6420,horizon
6912,2025-11-29,8,0.0,1.5006439558569507e-16,0.0,0.4385606460783187,11235,horizon
6912,2025-11-30,9,0.0,1.5006439558569507e-16,0.0,0.4385606460783187,11235,horizon
6912,2025-12-01,10,0.0,1.5006439558569507e-16,0.0,0.4385606460783187,11235,horizon
6912,2025-12-02,11,0.0,1.5006439558569507e-16,0.0,0.4385606460783187,11235,horizon
6912,2025-12-03,12,0.0,1.5006439558569507e-16,0.0,0.4385606460783187,11235,horizon
6912,2025-12-04,13,0.0,1.5006439558569507e-16,0.0,0.4385606460783187,11235,horizon
6912,2025-12-05,14,0.0,1.5006439558569507e-16,0.0,0.4385606460783187,11235,horizon
6912,2025-12-06,15,0.0,2.0936493878579075e-16,0.0,0.530339829036103,11235,horizon
6912,2025-12-07,16,0.0,2.0936493878579075e-16,0.0,0.530339829036103,11235,horizon
6912,2025-12-08,17,0.0,2.0936493878579075e-16,0.0,0.530339829036103,11235,horizon
6912,2025-12-09,18,0.0,2.0936493878579075e-16,0.0,0.530339829036103,11235,horizon
6912,2025-12-10,19,0.0,2.0936493878579075e-16,0.0,0.530339829036103,11235,horizon
6912,2025-12-11,20,0.0,0.0,0.0,0.5303398290361028,11235,horizon
6912,2025-12-12,21,0.0,2.0936493878579075e-16,0.0,0.530339829036103,11235,horizon
6912,2025-12-13,22,0.0,2.085521617919071e-16,0.0,0.8632044160148283,14445,horizon
6912,2025-12-14,23,0.0,2.085521617919071e-16,0.0,0.8632044160148283,14445,horizon
6912,2025-12-15,24,0.0,2.085521617919071e-16,0.0,0.8632044160148283,14445,horizon
6912,2025-12-16,25,0.0,2.085521617919071e-16,0.0,0.8632044160148283,14445,horizon
6912,2025-12-17,26,0.0,2.085521617919071e-16,0.0,0.8632044160148283,14445,horizon
6912,2025-12-18,27,0.0,0.0,0.0,0.8632044160148281,14445,horizon
6912,2025-12-19,28,0.0,2.085521617919071e-16,0.0,0.8632044160148283,14445,horizon
6912,2025-12-20,29,0.0,2.085521617919071e-16,0.0,0.8632044160148283,14445,horizon
6912,2025-12-21,30,0.0,2.085521617919071e-16,0.0,0.8632044160148283,14445,horizon
6930,2025-11-22,1,5.0,7.077219730994015,5.908720009976827,8.245719452011203,4815,horizon
6930,2025-11-23,2,2.0,6.113921810685072,5.104469483124939,7.123374138245206,4815,horizon
6930,2025-11-24,3,2.0,7.358302883137502,6.143394318344572,8.573211447930431,4815,horizon
6930,2025-11-25,4,2.0,7.128898088632614,4.873035335586833,9.384760841678395,6420,horizon
6930,2025-11-26,5,3.0,12.551009001184372,8.579377850493465,16.52264015187528,6420,horizon
6930,2025-11-27,6,13.0,36.2987672086097,24.81241463219232,47.78511978502709,6420,horizon
6930,2025-11-28,7,4.0,11.404377769322284,7.795585679490056,15.013169859154512,6420,horizon
6930,2025-11-29,8,0.0,7.22479006705612,4.05628146746777,10.39329866664447,11235,horizon
6930,2025-11-30,9,0.0,9.294489054730422,5.218291929919988,13.370686179540854,11235,horizon
6930,2025-12-01,10,0.0,10.239113649667445,5.74864135219996,14.729585947134929,11235,horizon
6930,2025-12-02,11,0.0,11.166038326366275,6.269053343819815,16.063023308912733,11235,horizon
6930,2025-12-03,12,0.0,14.138253606777251,7.937771970569903,20.338735242984598,11235,horizon
6930,2025-12-04,13,0.0,23.38697619940947,13.130368807578195,33.64358359124075,11235,horizon
6930,2025-12-05,14,0.0,10.861772276357353,6.098226409282504,15.625318143432203,11235,horizon
6930,2025-12-06,15,0.0,10.344984340078671,4.858627113780188,15.831341566377155,11235,horizon
6930,2025-12-07,16,3.0,13.520817014560413,6.350189230630014,20.69144479849081,11235,horizon
6930,2025-12-08,17,0.0,9.939320547020195,4.668102987378481,15.210538106661907,11235,horizon
6930,2025-12-09,18,1.0,10.942258667170389,5.139143076354431,16.74537425798635,11235,horizon
6930,2025-12-10,19,1.0,13.604776066708244,6.389621453415731,20.819930680000756,11235,horizon
6930,2025-12-11,20,0.0,23.208384703141938,10.90005392747354,35.51671547881034,11235,horizon
6930,2025-12-12,21,0.0,10.72756419643741,5.0383096345249765,16.41681875834984,11235,horizon
6930,2025-12-13,22,0.0,10.353514127511394,1.4163150113716494,19.29071324365114,14445,horizon
6930,2025-12-14,23,0.0,9.605176078622398,1.3139456709555546,17.89640648628924,14445,horizon
6930,2025-12-15,24,0.0,11.596539483205717,1.5863553908122299,21.606723575599204,14445,horizon
6930,2025-12-16,25,0.0,13.147787663904689,1.7985592915968809,24.497016036212496,14445,horizon
6930,2025-12-17,26,0.0,16.306838502203455,2.2307034958608067,30.3829735085461,14445,horizon
6930,2025-12-18,27,0.0,22.814988287240286,3.1209896463678923,42.50898692811268,14445,horizon
6930,2025-12-19,28,0.0,12.20171890113579,1.6691412627037803,22.7342965395678,14445,horizon
6930,2025-12-20,29,0.0,11.433772318840546,1.5640895615092862,21.303455076171808,14445,horizon
6930,2025-12-21,30,0.0,8.737206742906546,1.1952112987950825,16.279202187018008,14445,horizon
6986,2025-11-22,1,8.0,8.06987119898481,8.0,9.402264794645287,4815,horizon
6986,2025-11-23,2,38.0,41.873223752393656,38.0,48.78679322353541,4815,horizon
6986,2025-11-24,3,14.0,16.90771396507114,14.11612916169113,19.699298768451147,4815,horizon
6986,2025-11-25,4,6.0,8.297453723462741,6.0,10.923093277733727,6420,horizon
6986,2025-11-26,5,22.0,38.53792358879444,26.3430141760326,50.73283300155629,6420,horizon
6986,2025-11-27,6,36.0,99.94460090378016,68.3182121205862,131.57098968697412,6420,horizon
6986,2025-11-28,7,2.0,6.0506456797088495,4.135984248021776,7.965307111395923,6420,horizon
6986,2025-11-29,8,1.0,4.240143050007972,2.3805831745319836,6.09970292548396,11235,horizon
6986,2025-11-30,9,0.0,2.8494200298577943,1.5997765406148583,4.0990635191007305,11235,horizon
6986,2025-12-01,10,0.0,3.4693516305974517,1.9478305380097654,4.990872723185138,11235,horizon
6986,2025-12-02,11,0.0,4.129113387000296,2.318246752266812,5.9399800217337795,11235,horizon
6986,2025-12-03,12,2.0,11.68486980219249,6.5603457524019175,16.80939385198306,11235,horizon
6986,2025-12-04,13,8.0,84.10080180619937,47.217499830367956,120.98410378203079,11235,horizon
6986,2025-12-05,14,0.0,5.309504043609548,2.9809645198887003,7.638043567330397,11235,horizon
6986,2025-12-06,15,0.0,10.491886678339142,4.927621291082597,16.056152065595686,11235,horizon
6986,2025-12-07,16,0.0,9.138139117809674,4.2918199803623684,13.984458255256978,11235,horizon
6986,2025-12-08,17,8.0,20.208173630096766,9.490974281979367,30.925372978214163,11235,horizon
6986,2025-12-09,18,0.0,9.563551758415576,4.491619353879539,14.635484162951613,11235,horizon
6986,2025-12-10,19,5.0,42.98847249230855,20.18997334021443,65.78697164440268,11235,horizon
6986,2025-12-11,20,17.0,204.8039825489161,96.18827345801097,313.4196916398213,11235,horizon
6986,2025-12-12,21,4.0,27.055883503046864,12.707070871620276,41.404696134473454,11235,horizon
6986,2025-12-13,22,0.0,10.134900841973758,1.38640967930961,18.883392004637905,14445,horizon
6986,2025-12-14,23,0.0,9.009688968680312,1.2324856639953845,16.78689227336524,14445,horizon
6986,2025-12-15,24,0.0,11.10541520243534,1.5191717580149486,20.691658646855732,14445,horizon
6986,2025-12-16,25,0.0,12.086468785151283,1.6533755557833203,22.519562014519245,14445,horizon
6986,2025-12-17,26,0.0,28.007844586848055,3.8313494564238155,52.184339717272294,14445,horizon
6986,2025-12-18,27,6.0,140.51248597317885,19.22148757590928,261.8034843704484,14445,horizon
6986,2025-12-19,28,0.0,15.881115848460766,2.1724665168263595,29.58976518009517,14445,horizon
6986,2025-12-20,29,0.0,10.780938363939356,1.474784759403228,20.087091968475484,14445,horizon
6986,2025-12-21,30,0.0,7.952355760335482,1.087847150292938,14.816864370378028,14445,horizon
7008,2025-11-22,1,68.0,78.19534015775386,68.0,91.10595147578711,4815,horizon
7008,2025-11-23,2,43.0,59.22050824272657,49.44277772277804,68.9982387626751,4815,horizon
7008,2025-11-24,3,34.0,53.736322744265166,44.864070571540225,62.60857491699011,4815,horizon
7008,2025-11-25,4,33.0,55.525680930964086,37.95517930612014,73.09618255580804,6420,horizon
7008,2025-11-26,5,34.0,74.72249963488133,51.07737220493686,98.3676270648258,6420,horizon
7008,2025-11-27,6,24.0,79.22075189515859,54.15220115327982,104.28930263703735,6420,horizon
7008,2025-11-28,7,0.0,20.212809671984612,13.81668450558045,26.608934838388773,6420,horizon
7008,2025-11-29,8,5.0,23.56351175162479,13.229482813958171,33.89754068929141,11235,horizon
7008,2025-11-30,9,2.0,29.46004957109314,16.540031197695242,42.38006794449104,11235,horizon
7008,2025-12-01,10,2.0,29.10659130343837,16.341585816264875,41.87159679061187,11235,horizon
7008,2025-12-02,11,3.0,32.07710949616628,18.00935163120263,46.144867361129926,11235,horizon
7008,2025-12-03,12,4.0,51.75376223887045,29.05659883440774,74.45092564333316,11235,horizon
7008,2025-12-04,13,5.0,104.48705394746416,58.66314406144416,150.31096383348415,11235,horizon
7008,2025-12-05,14,0.0,30.35363330404383,17.041724271398003,43.665542336689654,11235,horizon
7008,2025-12-06,15,0.0,30.104663392799488,14.138961355872786,46.07036542972619,11235,horizon
7008,2025-12-07,16,3.0,28.313917241888884,13.29791921248317,43.329915271294595,11235,horizon
7008,2025-12-08,17,5.0,28.531156970974987,13.399948060785901,43.66236588116407,11235,horizon
7008,2025-12-09,18,7.0,33.63664335639717,15.797791669417133,51.47549504337721,11235,horizon
7008,2025-12-10,19,3.0,40.2142160270483,18.8870155744426,61.541416479654,11235,horizon
7008,2025-12-11,20,4.0,113.29936173982156,53.21219760482503,173.3865258748181,11235,horizon
7008,2025-12-12,21,0.0,28.872674388741334,13.560345189601192,44.185003587881475,11235,horizon
7008,2025-12-13,22,0.0,28.220239940854047,3.8604042029108,52.58007567879729,14445,horizon
7008,2025-12-14,23,0.0,26.828831872293275,3.6700657236103496,49.9875980209762,14445,horizon
7008,2025-12-15,24,0.0,31.161164096392618,4.2627096402238,58.05961855256143,14445,horizon
7008,2025-12-16,25,0.0,35.73477614198954,4.888359570922848,66.58119271305624,14445,horizon
7008,2025-12-17,26,0.0,47.378850999145605,6.481217590974566,88.27648440731664,14445,horizon
7008,2025-12-18,27,0.0,85.83915905555705,11.742417891800983,159.9359002193131,14445,horizon
7008,2025-12-19,28,0.0,36.693147880037166,5.0194605925039575,68.36683516757037,14445,horizon
7008,2025-12-20,29,2.0,37.21113025411868,5.090318293860463,69.3319422143769,14445,horizon
7008,2025-12-21,30,0.0,27.145837253406377,3.7134306598461606,50.57824384696659,14445,horizon
7029,2025-11-22,1,0.0,1.3489376408701964e-16,0.0,0.16510716996673924,4815,horizon
7029,2025-11-23,2,0.0,1.3489376408701964e-16,0.0,0.16510716996673924,4815,horizon
7029,2025-11-24,3,0.0,1.3489376408701964e-16,0.0,0.16510716996673924,4815,horizon
7029,2025-11-25,4,0.0,1.3489376408701964e-16,0.0,0.3164391922845507,6420,horizon
7029,2025-11-26,5,0.0,1.3489376408701964e-16,0.0,0.3164391922845507,6420,horizon
7029,2025-11-27,6,0.0,1.3489376408701964e-16,0.0,0.3164391922845507,6420,horizon
7029,2025-11-28,7,0.0,1.3489376408701964e-16,0.0,0.3164391922845507,6420,horizon
7029,2025-11-29,8,0.0,1.5006439558569507e-16,0.0,0.4385606460783187,11235,horizon
7029,2025-11-30,9,0.0,1.5006439558569507e-16,0.0,0.4385606460783187,11235,horizon
7029,2025-12-01,10,0.0,1.5006439558569507e-16,0.0,0.4385606460783187,11235,horizon
7029,2025-12-02,11,0.0,1.5006439558569507e-16,0.0,0.4385606460783187,11235,horizon
7029,2025-12-03,12,0.0,1.5006439558569507e-16,0.0,0.4385606460783187,11235,horizon
7029,2025-12-04,13,0.0,1.5006439558569507e-16,0.0,0.4385606460783187,11235,horizon
7029,2025-12-05,14,0.0,1.5006439558569507e-16,0.0,0.4385606460783187,11235,horizon
7029,2025-12-06,15,0.0,2.0936493878579075e-16,0.0,0.530339829036103,11235,horizon
7029,2025-12-07,16,0.0,2.0936493878579075e-16,0.0,0.530339829036103,11235,horizon
7029,2025-12-08,17,0.0,2.0936493878579075e-16,0.0,0.530339829036103,11235,horizon
7029,2025-12-09,18,0.0,2.0936493878579075e-16,0.0,0.530339829036103,11235,horizon
7029,2025-12-10,19,0.0,2.0936493878579075e-16,0.0,0.530339829036103,11235,horizon
7029,2025-12-11,20,0.0,2.0936493878579075e-16,0.0,0.530339829036103,11235,horizon
7029,2025-12-12,21,0.0,2.0936493878579075e-16,0.0,0.530339829036103,11235,horizon
7029,2025-12-13,22,0.0,2.085521617919071e-16,0.0,0.8632044160148283,14445,horizon
7029,2025-12-14,23,0.0,2.085521617919071e-16,0.0,0.8632044160148283,14445,horizon
7029,2025-12-15,24,0.0,2.085521617919071e-16,0.0,0.8632044160148283,14445,horizon
7029,2025-12-16,25,0.0,2.085521617919071e-16,0.0,0.8632044160148283,14445,horizon
7029,2025-12-17,26,0.0,2.085521617919071e-16,0.0,0.8632044160148283,14445,horizon
7029,2025-12-18,27,0.0,2.085521617919071e-16,0.0,0.8632044160148283,14445,horizon
7029,2025-12-19,28,0.0,2.085521617919071e-16,0.0,0.8632044160148283,14445,horizon
7029,2025-12-20,29,0.0,2.085521617919071e-16,0.0,0.8632044160148283,14445,horizon
7029,2025-12-21,30,0.0,2.085521617919071e-16,0.0,0.8632044160148283,14445,horizon
7039,2025-11-22,1,24.0,27.600750764812513,24.0,32.15783261254802,4815,horizon
7039,2025-11-23,2,13.0,18.78430114292347,15.682878341412394,21.88572394443455,4815,horizon
7039,2025-11-24,3,20.0,31.324604456091993,26.15268766401914,36.496521248164846,4815,horizon
7039,2025-11-25,4,7.0,16.14633427299902,11.037001297294854,21.255667248703187,6420,horizon
7039,2025-11-26,5,5.0,19.996690432798736,13.668953863879704,26.32442700171777,6420,horizon
7039,2025-11-27,6,5.0,20.89330095662001,14.281841677749146,27.504760235490874,6420,horizon
7039,2025-11-28,7,4.0,15.38277476713062,10.515061944724641,20.250487589536597,6420,horizon
7039,2025-11-29,8,4.0,17.433698098787925,9.787964197049138,25.07943200052671,11235,horizon
7039,2025-11-30,9,7.0,22.804100616194564,12.803119516721294,32.80508171566783,11235,horizon
7039,2025-12-01,10,7.0,22.68754426719825,12.737680195445334,32.63740833895116,11235,horizon
7039,2025-12-02,11,7.0,24.028202427501704,13.490378446795935,34.56602640820747,11235,horizon
7039,2025-12-03,12,7.0,27.55593120439445,15.470984212105522,39.64087819668338,11235,horizon
7039,2025-12-04,13,5.0,38.14334048479933,21.415172438200454,54.871508531398206,11235,horizon
7039,2025-12-05,14,4.0,21.961079140197135,12.329814083895196,31.592344196499077,11235,horizon
7039,2025-12-06,15,4.0,25.481152312473245,11.96748235143329,38.9948222735132,11235,horizon
7039,2025-12-07,16,4.0,23.494216071563493,11.034297536833252,35.954134606293735,11235,horizon
7039,2025-12-08,17,4.0,23.144717183935978,10.870151829518422,35.419282538353535,11235,horizon
7039,2025-12-09,18,7.0,23.93814865335333,11.242794989093111,36.63350231761355,11235,horizon
7039,2025-12-10,19,2.0,27.63075372003828,12.977064516014517,42.28444292406204,11235,horizon
7039,2025-12-11,20,2.0,43.265479432574466,20.3200724671379,66.21088639801103,11235,horizon
7039,2025-12-12,21,2.0,24.260702448074785,11.394285659467043,37.127119236682525,11235,horizon
7039,2025-12-13,22,2.0,24.614933575009687,3.3672142131496656,45.86265293686971,14445,horizon
7039,2025-12-14,23,2.0,23.165469186294363,3.1689338856296416,43.162004486959084,14445,horizon
7039,2025-12-15,24,0.0,26.99358732967252,3.692603542617288,50.29457111672775,14445,horizon
7039,2025-12-16,25,0.0,27.341126714947084,3.7401453957837703,50.9421080341104,14445,horizon
7039,2025-12-17,26,1.0,30.516249054399335,4.174488110433508,56.85800999836516,14445,horizon
7039,2025-12-18,27,3.0,41.021025307794346,5.611495112650246,76.43055550293845,14445,horizon
7039,2025-12-19,28,1.0,27.933498418872915,3.821179228958595,52.04581760878723,14445,horizon
7039,2025-12-20,29,1.0,29.013957116405834,3.9689812074594712,54.0589330253522,14445,horizon
7039,2025-12-21,30,0.0,24.901767892651243,3.4064518811384303,46.397083904164056,14445,horizon
7040,2025-11-22,1,4.0,4.0,4.0,4.660428679866956,4815,horizon
7040,2025-11-23,2,4.0,4.0,4.0,4.660428679866956,4815,horizon
7040,2025-11-24,3,0.0,0.06166503985370351,0.0,0.2267722098204426,4815,horizon
7040,2025-11-25,4,0.0,0.16974944381377685,0.0,0.4861886360983274,6420,horizon
7040,2025-11-26,5,0.0,0.6812837288389385,0.3648445365543879,0.997722921123489,6420,horizon
7040,2025-11-27,6,0.0,0.9765008746689673,0.6600616823844168,1.2929400669535178,6420,horizon
7040,2025-11-28,7,0.0,0.01937303248981663,0.0,0.33581222477436723,6420,horizon
7040,2025-11-29,8,0.0,0.04592415541783513,0.0,0.48448480149615364,11235,horizon
7040,2025-11-30,9,2.0,2.2661417127620633,2.0,3.259982286416021,11235,horizon
7040,2025-12-01,10,0.0,0.09996359704646884,0.0,0.5385242431247874,11235,horizon
7040,2025-12-02,11,0.0,0.19440711309871808,0.0,0.6329677591770366,11235,horizon
7040,2025-12-03,12,4.0,4.702842386294395,4.0,6.765323981632166,11235,horizon
7040,2025-12-04,13,0.0,1.8846406960837163,1.0581114547837498,2.7111699373836826,11235,horizon
7040,2025-12-05,14,0.0,0.19317782891636914,0.0,0.6317384749946877,11235,horizon
7040,2025-12-06,15,0.0,0.5231255234430061,0.0,1.0534653524791089,11235,horizon
7040,2025-12-07,16,0.0,0.3483245862410141,0.0,0.8786644152771168,11235,horizon
7040,2025-12-08,17,2.0,2.3254406212146406,2.0,3.5587144027032216,11235,horizon
7040,2025-12-09,18,0.0,0.264121996253065,0.0,0.7944618252891678,11235,horizon
7040,2025-12-10,19,5.0,5.8014899719257125,5.0,8.87825117179146,11235,horizon
7040,2025-12-11,20,0.0,2.0260671265313115,0.9515630330310278,3.100571220031595,11235,horizon
7040,2025-12-12,21,0.0,0.19321619724848624,0.0,0.723556026284589,11235,horizon
7040,2025-12-13,22,0.0,0.20683543941713836,0.0,1.0700398554319666,14445,horizon
7040,2025-12-14,23,0.0,0.16832844337134892,0.0,1.031532859386177,14445,horizon
7040,2025-12-15,24,0.0,0.4011532335423803,0.0,1.2643576495572084,14445,horizon
7040,2025-12-16,25,0.0,0.5596092785404596,0.0,1.4228136945552876,14445,horizon
7040,2025-12-17,26,0.0,0.8934043323123416,0.030199916297513507,1.7566087483271697,14445,horizon
7040,2025-12-18,27,0.0,1.7696344267554662,0.24207817484827898,3.2971906786626537,14445,horizon
7040,2025-12-19,28,0.0,0.8246677965631589,0.0,1.687872212577987,14445,horizon
7040,2025-12-20,29,0.0,0.6674307041577187,0.0,1.5306351201725468,14445,horizon
7040,2025-12-21,30,0.0,0.2057376403586015,0.0,1.0689420563734295,14445,horizon
7049,2025-11-22,1,109.0,127.1503238312971,109.0,148.143753959437,4815,horizon
7049,2025-11-23,2,104.0,138.62646105567924,115.73823838827167,161.51468372308682,4815,horizon
7049,2025-11-24,3,76.0,124.80383147659967,104.19782406049247,145.4098388927069,4815,horizon
7049,2025-11-25,4,119.0,182.75498565354897,124.9241456073653,240.58582569973265,6420,horizon
7049,2025-11-26,5,147.0,280.8918344979274,192.0066492700776,369.7770197257772,6420,horizon
7049,2025-11-27,6,103.0,269.54009684870914,184.24704631360407,354.8331473838142,6420,horizon
7049,2025-11-28,7,27.0,74.6255589329611,51.011107340431764,98.24001052549043,6420,horizon
7049,2025-11-29,8,25.0,75.34419922109808,42.30119853243976,108.38719990975639,11235,horizon
7049,2025-11-30,9,23.0,69.4579831299707,38.996445173193806,99.9195210867476,11235,horizon
7049,2025-12-01,10,22.0,73.45889497786767,41.24271453617468,105.67507541956067,11235,horizon
7049,2025-12-02,11,23.0,89.18235670524564,50.07048472980605,128.29422868068522,11235,horizon
7049,2025-12-03,12,18.0,131.2948666191745,73.71410508790268,188.87562815044635,11235,horizon
7049,2025-12-04,13,40.0,275.8814260797965,154.89068961723308,396.8721625423599,11235,horizon
7049,2025-12-05,14,3.0,56.93098945180556,31.963297935943775,81.89868096766735,11235,horizon
7049,2025-12-06,15,3.0,60.621566046866,28.471535073670275,92.77159702006173,11235,horizon
7049,2025-12-07,16,3.0,54.65402146397709,25.668817064635988,83.63922586331819,11235,horizon
7049,2025-12-08,17,10.0,60.676372280790844,28.497275378865304,92.85546918271638,11235,horizon
7049,2025-12-09,18,27.0,95.72325655813212,44.95740104031333,146.4891120759509,11235,horizon
7049,2025-12-10,19,31.0,144.60283586124274,67.91419261245564,221.29147911002985,11235,horizon
7049,2025-12-11,20,25.0,269.98408459939054,126.80077133048104,413.16739786830004,11235,horizon
7049,2025-12-12,21,2.0,59.15521325139887,27.782847569057793,90.52757893373995,11235,horizon
7049,2025-12-13,22,9.0,59.76124571822355,9.0,111.34741692874135,14445,horizon
7049,2025-12-14,23,9.0,56.59046182014372,9.0,105.43959836761032,14445,horizon
7049,2025-12-15,24,9.0,66.78913423477675,9.136458621510322,124.44180984804319,14445,horizon
7049,2025-12-16,25,9.0,68.99197275834852,9.437797203767353,128.5461483129297,14445,horizon
7049,2025-12-17,26,9.0,111.7651980985565,15.288985543110456,208.24141065400255,14445,horizon
7049,2025-12-18,27,9.0,162.2231879608244,22.191415733037275,302.2549601886115,14445,horizon
7049,2025-12-19,28,9.0,82.95377089667214,11.347709533582417,154.55983225976186,14445,horizon
7049,2025-12-20,29,9.0,65.7431456696408,9.0,122.49291933438086,14445,horizon
7049,2025-12-21,30,7.0,49.470469944392654,7.0,92.17359806272123,14445,horizon
7058,2025-11-22,1,91.0,101.4444329524461,91.0,118.1936361861051,4815,horizon
7058,2025-11-23,2,59.0,75.51458510275968,63.04658566523055,87.98258454028881,4815,horizon
7058,2025-11-24,3,56.0,77.10841804568948,64.37726536155346,89.8395707298255,4815,horizon
7058,2025-11-25,4,51.0,80.00698682099834,54.68964053424094,105.32433310775573,6420,horizon
7058,2025-11-26,5,75.0,153.22155965635335,104.73625307811781,201.7068662345889,6420,horizon
7058,2025-11-27,6,62.0,157.32792302080188,107.54320213629339,207.11264390531036,6420,horizon
7058,2025-11-28,7,48.0,87.82359414994372,60.03276695360934,115.61442134627809,6420,horizon
7058,2025-11-29,8,39.0,82.00462652558096,46.04062453511096,117.96862851605096,11235,horizon
7058,2025-11-30,9,21.0,56.84783588618657,31.91661225178637,81.77905952058677,11235,horizon
7058,2025-12-01,10,11.0,46.919871900556956,26.342662565936756,67.49708123517715,11235,horizon
7058,2025-12-02,11,4.0,43.22492298481047,24.26817283390643,62.181673135714504,11235,horizon
7058,2025-12-03,12,19.0,99.08583715381636,55.6306883944276,142.5409859132051,11235,horizon
7058,2025-12-04,13,21.0,166.143970736127,93.27976358807389,239.0081778841801,11235,horizon
7058,2025-12-05,14,6.0,46.74784843087475,26.246081820259008,67.24961504149049,11235,horizon
7058,2025-12-06,15,15.0,58.69231655046925,27.565443425360563,89.81918967557795,11235,horizon
7058,2025-12-07,16,11.0,52.23269964449281,24.531618644938387,79.93378064404723,11235,horizon
7058,2025-12-08,17,4.0,42.09903512028214,19.772240032006824,64.42583020855746,11235,horizon
7058,2025-12-09,18,6.0,52.35080367994787,24.587087406421738,80.114519953474,11235,horizon
7058,2025-12-10,19,16.0,97.11732650651359,45.612140170605805,148.62251284242137,11235,horizon
7058,2025-12-11,20,10.0,143.2724153373519,67.28934708175119,219.2554835929526,11235,horizon
7058,2025-12-12,21,4.0,51.25812806377932,24.073901189723934,78.4423549378347,11235,horizon
7058,2025-12-13,22,2.0,39.583328406225,5.414824525406395,73.75183228704361,14445,horizon
7058,2025-12-14,23,2.0,37.54282374224103,5.135692498272242,69.94995498620983,14445,horizon
7058,2025-12-15,24,2.0,46.64147830176203,6.380348262221261,86.9026083413028,14445,horizon
7058,2025-12-16,25,6.0,59.06328946733897,8.079597174769887,110.04698175990805,14445,horizon
7058,2025-12-17,26,14.0,120.2979903689607,16.45623384476457,224.13974689315683,14445,horizon
7058,2025-12-18,27,12.0,160.49906965625348,21.955563962703962,299.042575349803,14445,horizon
7058,2025-12-19,28,0.0,49.63290966168154,6.789562862053003,92.47625646131007,14445,horizon
7058,2025-12-20,29,1.0,41.13774600610247,5.62746198873846,76.64803002346648,14445,horizon
7058,2025-12-21,30,0.0,33.43030337364567,4.5731178727993225,62.28748887449202,14445,horizon
7127,2025-11-22,1,3255.0,3761.5037954756026,3255.0,4382.5550419657275,4815,horizon
7127,2025-11-23,2,2630.0,3494.5397701827023,2917.5661983916175,4071.513341973787,4815,horizon
7127,2025-11-24,3,1803.0,2791.0688794391126,2330.243395572683,3251.8943633055424,4815,horizon
7127,2025-11-25,4,1738.0,3039.0153862954926,2077.3518121158254,4000.67896047516,6420,horizon
7127,2025-11-26,5,2171.0,4691.29707925052,3206.7868207256142,6175.807337775426,6420,horizon
7127,2025-11-27,6,2422.0,6449.04071590254,4408.311480752161,8489.76995105292,6420,horizon
7127,2025-11-28,7,971.0,2771.588125568071,1894.5490177678591,3648.6272333682828,6420,horizon
7127,2025-11-29,8,607.0,1856.1089016598403,1042.0925825561826,2670.125220763498,11235,horizon
7127,2025-11-30,9,503.0,1846.5438010605521,1036.7223586555224,2656.365243465582,11235,horizon
7127,2025-12-01,10,556.0,2136.880756337759,1199.7289512459456,3074.0325614295725,11235,horizon
7127,2025-12-02,11,569.0,2356.1142034862287,1322.8152361710054,3389.413170801452,11235,horizon
7127,2025-12-03,12,776.0,4214.4090236343245,2366.1350793909596,6062.682967877689,11235,horizon
7127,2025-12-04,13,806.0,6281.858234857167,3526.882428805802,9036.834040908532,11235,horizon
7127,2025-12-05,14,382.0,2722.9704470470115,1528.7827685379063,3917.158125556117,11235,horizon
7127,2025-12-06,15,311.0,1985.7371300877373,932.6216400063654,3038.8526201691093,11235,horizon
7127,2025-12-07,16,241.0,1839.8493079810285,864.1039405341778,2815.5946754278793,11235,horizon
7127,2025-12-08,17,228.0,1895.246838941811,890.1219543961967,2900.3717234874252,11235,horizon
7127,2025-12-09,18,199.0,1998.4890221943494,938.61069583327,3058.367348555429,11235,horizon
7127,2025-12-10,19,255.0,3283.8823173176147,1542.3087305767099,5025.455904058519,11235,horizon
7127,2025-12-11,20,309.0,5720.358229184059,2686.624423893322,8754.092034474797,11235,horizon
7127,2025-12-12,21,132.0,2305.1825467086464,1082.652428990175,3527.712664427118,11235,horizon
7127,2025-12-13,22,107.0,1754.784536307472,240.04677541232968,3269.5222972026145,14445,horizon
7127,2025-12-14,23,160.0,1727.544382673723,236.32044268815525,3218.768322659291,14445,horizon
7127,2025-12-15,24,153.0,1725.0243234200786,235.97570971087566,3214.072937129282,14445,horizon
7127,2025-12-16,25,161.0,2187.8337397205464,299.2859940875346,4076.381485353558,14445,horizon
7127,2025-12-17,26,273.0,3347.945001294515,457.9840916023204,6237.905910986709,14445,horizon
7127,2025-12-18,27,265.0,4559.434907261944,623.7105607812755,8495.159253742613,14445,horizon
7127,2025-12-19,28,117.0,2148.6779967055813,293.9296613554293,4003.4263320557334,14445,horizon
7127,2025-12-20,29,109.0,1762.7251322869758,241.13301387653632,3284.317250697415,14445,horizon
7127,2025-12-21,30,26.0,1204.4301899100326,164.7607311981144,2244.099648621951,14445,horizon
7154,2025-11-22,1,0.0,1.3489376408701964e-16,0.0,0.16510716996673924,4815,horizon
7154,2025-11-23,2,0.0,1.3489376408701964e-16,0.0,0.16510716996673924,4815,horizon
7154,2025-11-24,3,0.0,1.3489376408701964e-16,0.0,0.16510716996673924,4815,horizon
7154,2025-11-25,4,0.0,1.3489376408701964e-16,0.0,0.3164391922845507,6420,horizon
7154,2025-11-26,5,0.0,1.3489376408701964e-16,0.0,0.3164391922845507,6420,horizon
7154,2025-11-27,6,0.0,1.3489376408701964e-16,0.0,0.3164391922845507,6420,horizon
7154,2025-11-28,7,0.0,1.3489376408701964e-16,0.0,0.3164391922845507,6420,horizon
7154,2025-11-29,8,0.0,1.5006439558569507e-16,0.0,0.4385606460783187,11235,horizon
7154,2025-11-30,9,0.0,1.5006439558569507e-16,0.0,0.4385606460783187,11235,horizon
7154,2025-12-01,10,0.0,1.5006439558569507e-16,0.0,0.4385606460783187,11235,horizon
7154,2025-12-02,11,0.0,1.5006439558569507e-16,0.0,0.4385606460783187,11235,horizon
7154,2025-12-03,12,0.0,1.5006439558569507e-16,0.0,0.4385606460783187,11235,horizon
7154,2025-12-04,13,0.0,1.5006439558569507e-16,0.0,0.4385606460783187,11235,horizon
7154,2025-12-05,14,0.0,1.5006439558569507e-16,0.0,0.4385606460783187,11235,horizon
7154,2025-12-06,15,0.0,2.0936493878579075e-16,0.0,0.530339829036103,11235,horizon
7154,2025-12-07,16,0.0,2.0936493878579075e-16,0.0,0.530339829036103,11235,horizon
7154,2025-12-08,17,0.0,2.0936493878579075e-16,0.0,0.530339829036103,11235,horizon
7154,2025-12-09,18,0.0,2.0936493878579075e-16,0.0,0.530339829036103,11235,horizon
7154,2025-12-10,19,0.0,2.0936493878579075e-16,0.0,0.530339829036103,11235,horizon
7154,2025-12-11,20,0.0,2.0936493878579075e-16,0.0,0.530339829036103,11235,horizon
7154,2025-12-12,21,0.0,2.0936493878579075e-16,0.0,0.530339829036103,11235,horizon
7154,2025-12-13,22,0.0,0.00011539169020314227,0.0,0.8633198077050313,14445,horizon
7154,2025-12-14,23,0.0,2.085521617919071e-16,0.0,0.8632044160148283,14445,horizon
7154,2025-12-15,24,0.0,2.085521617919071e-16,0.0,0.8632044160148283,14445,horizon
7154,2025-12-16,25,0.0,2.085521617919071e-16,0.0,0.8632044160148283,14445,horizon
7154,2025-12-17,26,0.0,2.085521617919071e-16,0.0,0.8632044160148283,14445,horizon
7154,2025-12-18,27,0.0,2.085521617919071e-16,0.0,0.8632044160148283,14445,horizon
7154,2025-12-19,28,0.0,2.085521617919071e-16,0.0,0.8632044160148283,14445,horizon
7154,2025-12-20,29,0.0,2.085521617919071e-16,0.0,0.8632044160148283,14445,horizon
7154,2025-12-21,30,0.0,2.085521617919071e-16,0.0,0.8632044160148283,14445,horizon
7201,2025-11-22,1,346.0,401.11545492502887,346.0,467.3424925176215,4815,horizon
7201,2025-11-23,2,229.0,307.18668319631524,256.4679592823024,357.9054071103281,4815,horizon
7201,2025-11-24,3,244.0,380.4273678461397,317.6160817631679,443.2386539291115,4815,horizon
7201,2025-11-25,4,248.0,420.28055618191644,287.28731645080916,553.2737959130237,6420,horizon
7201,2025-11-26,5,347.0,732.354041367111,500.60852005057603,964.0995626836459,6420,horizon
7201,2025-11-27,6,322.0,839.6077162629168,573.9229286928032,1105.2925038330304,6420,horizon
7201,2025-11-28,7,148.0,346.7015374796566,236.99158299578224,456.41149196353103,6420,horizon
7201,2025-11-29,8,94.0,267.61301522414556,150.24847836847738,384.97755207981373,11235,horizon
7201,2025-11-30,9,43.0,204.3187219695521,114.71257125668899,293.9248726824152,11235,horizon
7201,2025-12-01,10,49.0,215.92879041272252,121.2309205824091,310.62666024303593,11235,horizon
7201,2025-12-02,11,49.0,263.18269346599595,147.7611213829167,378.6042655490752,11235,horizon
7201,2025-12-03,12,69.0,476.8260856851351,267.70892948006656,685.9432418902037,11235,horizon
7201,2025-12-04,13,92.0,749.236508000476,420.65086098632395,1077.822155014628,11235,horizon
7201,2025-12-05,14,51.0,295.3422096818665,165.81673938958892,424.8676799741441,11235,horizon
7201,2025-12-06,15,32.0,251.68709276624782,118.2074030180022,385.16678251449343,11235,horizon
7201,2025-12-07,16,40.0,268.0139116437638,125.87545956331294,410.15236372421464,11235,horizon
7201,2025-12-08,17,44.0,254.15769242607462,119.36774527661981,388.9476395755294,11235,horizon
7201,2025-12-09,18,47.0,292.34081529780894,137.30083729249404,447.3807933031238,11235,horizon
7201,2025-12-10,19,41.0,386.8803897422171,181.7023099889089,592.0584694955253,11235,horizon
7201,2025-12-11,20,38.0,748.2554241588351,351.4257704351019,1145.0850778825684,11235,horizon
7201,2025-12-12,21,36.0,319.02855718249225,149.83500670869478,488.2221076562897,11235,horizon
7201,2025-12-13,22,28.0,251.14692028123372,34.35578962594877,467.93805093651866,14445,horizon
7201,2025-12-14,23,24.0,214.9624873576152,29.40591899299011,400.5190557222403,14445,horizon
7201,2025-12-15,24,21.0,244.67023987795255,33.46980834789662,455.8706714080085,14445,horizon
7201,2025-12-16,25,22.0,297.5542112575551,40.70410209622446,554.4043204188857,14445,horizon
7201,2025-12-17,26,22.0,413.38018816659036,56.548584248148984,770.2117920850317,14445,horizon
7201,2025-12-18,27,51.0,659.5238743784267,90.21995354776004,1228.8277952090934,14445,horizon
7201,2025-12-19,28,24.0,329.650271624298,45.09470141771641,614.2058418308795,14445,horizon
7201,2025-12-20,29,31.0,260.4214286394691,35.624501412988934,485.2183558659493,14445,horizon
7201,2025-12-21,30,3.0,168.87865268760726,23.10185391703024,314.6554514581843,14445,horizon
7221,2025-11-22,1,674.0,796.3465430150958,674.0,927.8290670451144,4815,horizon
7221,2025-11-23,2,475.0,705.488464464969,589.0072606529775,821.9696682769604,4815,horizon
7221,2025-11-24,3,337.0,599.7294871080541,500.7098487460393,698.7491254700687,4815,horizon
7221,2025-11-25,4,370.0,684.4737540351914,467.8794321683213,901.0680759020615,6420,horizon
7221,2025-11-26,5,391.0,945.5417300602687,646.3352687286607,1244.7481913918768,6420,horizon
7221,2025-11-27,6,398.0,1326.067722897084,906.4479237489174,1745.6875220452505,6420,horizon
7221,2025-11-28,7,135.0,504.1037507655506,344.5855670456874,663.6219344854138,6420,horizon
7221,2025-11-29,8,111.0,455.53351816116964,255.75444412607763,655.3125921962617,11235,horizon
7221,2025-11-30,9,107.0,509.9656416987757,286.31478039761635,733.616502999935,11235,horizon
7221,2025-12-01,10,113.0,502.36563741494,282.0478389026976,722.6834359271825,11235,horizon
7221,2025-12-02,11,90.0,561.5503708306671,315.2764773936504,807.8242642676839,11235,horizon
7221,2025-12-03,12,161.0,938.9746630231093,527.1773281565231,1350.7719978896955,11235,horizon
7221,2025-12-04,13,143.0,1459.8407101990183,819.6120251627054,2100.0693952353313,11235,horizon
7221,2025-12-05,14,84.0,623.6380447058114,350.1349409006114,897.1411485110114,11235,horizon
7221,2025-12-06,15,74.0,518.424889465258,243.4835222181926,793.3662567123235,11235,horizon
7221,2025-12-07,16,82.0,497.8575068463963,233.82384178113813,761.8911719116545,11235,horizon
7221,2025-12-08,17,88.0,497.1757269748205,233.5036369300941,760.8478170195469,11235,horizon
7221,2025-12-09,18,84.0,551.8153206441591,259.1656778342335,844.4649634540847,11235,horizon
7221,2025-12-10,19,98.0,830.0123750607066,389.82375397316184,1270.2009961482513,11235,horizon
7221,2025-12-11,20,110.0,1528.6212311023323,717.9325087385645,2339.3099534661,11235,horizon
7221,2025-12-12,21,57.0,578.5878102294357,271.7396498699837,885.4359705888878,11235,horizon
7221,2025-12-13,22,58.0,438.0721329842929,59.92633325921622,816.2179327093696,14445,horizon
7221,2025-12-14,23,50.0,393.30472735001547,53.802349861974164,732.8071048380568,14445,horizon
7221,2025-12-15,24,53.0,431.82797515102055,59.07216004191815,804.5837902601229,14445,horizon
7221,2025-12-16,25,54.0,480.0382425902522,65.66711173034918,894.4093734501553,14445,horizon
7221,2025-12-17,26,63.0,772.4834743167513,105.67232798805458,1439.294620645448,14445,horizon
7221,2025-12-18,27,121.0,1410.699153785184,192.97741456943209,2628.4208930009363,14445,horizon
7221,2025-12-19,28,62.0,693.4657911856486,94.86305787898004,1292.0685244923172,14445,horizon
7221,2025-12-20,29,51.0,448.6817141450079,61.377677109934325,835.9857511800815,14445,horizon
7221,2025-12-21,30,38.0,375.32291449751517,51.34251727170431,699.303311723326,14445,horizon
7222,2025-11-22,1,182.0,229.9564744481932,191.98901173652328,267.92393715986316,4815,horizon
7222,2025-11-23,2,103.0,165.48306439076214,138.16062395177974,192.80550482974454,4815,horizon
7222,2025-11-24,3,123.0,224.6419993943495,187.55199461867855,261.7320041700205,4815,horizon
7222,2025-11-25,4,78.0,177.0648898254793,121.03461910715168,233.0951605438069,6420,horizon
7222,2025-11-26,5,98.0,268.21099584942397,183.3385249609973,353.08346673785064,6420,horizon
7222,2025-11-27,6,207.0,655.2259403842172,447.88677304515045,862.565107723284,6420,horizon
7222,2025-11-28,7,85.0,286.67150484612375,195.95740540161972,377.3856042906278,6420,horizon
7222,2025-11-29,8,34.0,149.75003959640725,84.0755654807531,215.4245137120614,11235,horizon
7222,2025-11-30,9,35.0,166.31598528300975,93.37633932414089,239.25563124187863,11235,horizon
7222,2025-12-01,10,56.0,236.81711177828674,132.95844623439993,340.67577732217353,11235,horizon
7222,2025-12-02,11,51.0,236.4850400714894,132.77200810987995,340.19807203309887,11235,horizon
7222,2025-12-03,12,37.0,251.2181434703372,141.04375216339042,361.39253477728397,11235,horizon
7222,2025-12-04,13,189.0,1061.031436646798,595.7048042815718,1526.3580690120243,11235,horizon
7222,2025-12-05,14,30.0,272.7650576241125,153.14103772489193,392.38907752333307,11235,horizon
7222,2025-12-06,15,26.0,192.92744667010697,90.6103375867106,295.24455575350333,11235,horizon
7222,2025-12-07,16,23.0,178.987663800362,84.06337678090657,273.91195081981743,11235,horizon
7222,2025-12-08,17,29.0,186.85060781757244,87.75628841230919,285.9449272228357,11235,horizon
7222,2025-12-09,18,24.0,194.13815724717037,91.178960123322,297.09735437101875,11235,horizon
7222,2025-12-10,19,14.0,212.29448373686625,99.70626352654891,324.8827039471836,11235,horizon
7222,2025-12-11,20,75.0,830.8328037947944,390.2090766726772,1271.4565309169116,11235,horizon
7222,2025-12-12,21,45.0,356.5739126064405,167.4685647560066,545.6792604568744,11235,horizon
7222,2025-12-13,22,20.0,186.03564474179265,25.448854664511487,346.6224348190738,14445,horizon
7222,2025-12-14,23,22.0,177.42590550119388,24.27108035713374,330.580730645254,14445,horizon
7222,2025-12-15,24,14.0,204.26146869416198,27.942066895686793,380.58087049263713,14445,horizon
7222,2025-12-16,25,16.0,211.11703338100367,28.87987787057142,393.3541888914359,14445,horizon
7222,2025-12-17,26,15.0,237.80638770411406,32.530863681388496,443.0819117268396,14445,horizon
7222,2025-12-18,27,28.0,685.1865141176405,93.7304893374868,1276.642538897794,14445,horizon
7222,2025-12-19,28,25.0,361.370379680312,49.43387212331157,673.3068872373124,14445,horizon
7222,2025-12-20,29,29.0,236.18676999924693,32.30930713161845,440.0642328668754,14445,horizon
7222,2025-12-21,30,56.0,282.3416749684677,56.0,526.0602556262722,14445,horizon
7228,2025-11-22,1,120.0,131.56108320282692,120.0,153.28276132820437,4815,horizon
7228,2025-11-23,2,115.0,144.73273858407637,120.83632571492366,168.6291514532291,4815,horizon
7228,2025-11-24,3,61.0,84.87572844058491,70.86213711889447,98.88931976227535,4815,horizon
7228,2025-11-25,4,65.0,102.85920682371096,70.31052249738633,135.4078911500356,6420,horizon
7228,2025-11-26,5,85.0,189.27114609773596,129.37833750379724,249.1639546916747,6420,horizon
7228,2025-11-27,6,120.0,328.3761934280692,224.46509601421565,432.28729084192275,6420,horizon
7228,2025-11-28,7,20.0,54.496324967881016,37.25155191256836,71.74109802319367,6420,horizon
7228,2025-11-29,8,30.0,60.48751901932609,33.960073598535864,87.01496444011633,11235,horizon
7228,2025-11-30,9,30.0,63.280728831246215,35.528291510708,91.03316615178443,11235,horizon
7228,2025-12-01,10,24.0,63.24098036190477,35.50597515576156,90.97598556804797,11235,horizon
7228,2025-12-02,11,40.0,86.72619097533244,48.69149662927901,124.76088532138587,11235,horizon
7228,2025-12-03,12,41.0,149.3620336276909,83.85772366035924,214.86634359502256,11235,horizon
7228,2025-12-04,13,59.0,398.52643107470095,223.74842198329364,573.3044401661083,11235,horizon
7228,2025-12-05,14,8.0,73.06869043680905,41.02363835074542,105.11374252287268,11235,horizon
7228,2025-12-06,15,18.0,69.60727142579913,32.691762998171214,106.52277985342704,11235,horizon
7228,2025-12-07,16,8.0,49.98687574503441,23.476844608363947,76.49690688170487,11235,horizon
7228,2025-12-08,17,17.0,69.73102876227523,32.74988688997862,106.71217063457183,11235,horizon
7228,2025-12-09,18,15.0,68.62497221416189,32.230416182495965,105.01952824582781,11235,horizon
7228,2025-12-10,19,15.0,120.45784546576915,56.57425229539585,184.34143863614247,11235,horizon
7228,2025-12-11,20,17.0,348.21754324420016,163.54391089269933,532.891175595701,11235,horizon
7228,2025-12-12,21,10.0,89.50204570905758,42.03554608933453,136.96854532878064,11235,horizon
7228,2025-12-13,22,16.0,64.53993166750988,16.0,120.25108569219965,14445,horizon
7228,2025-12-14,23,17.0,64.28178005045542,17.0,119.77009645930244,14445,horizon
7228,2025-12-15,24,10.0,62.92704162877753,10.0,117.24594184948722,14445,horizon
7228,2025-12-16,25,7.0,68.17933396397004,9.326631805321348,127.03203612261873,14445,horizon
7228,2025-12-17,26,7.0,116.65637635144981,15.958077128590574,217.35467557430906,14445,horizon
7228,2025-12-18,27,8.0,227.29273074673247,31.092641838083694,423.49281965538125,14445,horizon
7228,2025-12-19,28,8.0,93.08981118395245,12.734275083978162,173.44534728392674,14445,horizon
7228,2025-12-20,29,6.0,52.43833791919219,7.1733330588676765,97.7033427795167,14445,horizon
7228,2025-12-21,30,0.0,31.31256162145349,4.28342015307841,58.34170308982857,14445,horizon
7252,2025-11-22,1,122.0,131.43881136678115,122.0,153.14030153534245,4815,horizon
7252,2025-11-23,2,86.0,106.56181364567199,88.96769416811205,124.15593312323193,4815,horizon
7252,2025-11-24,3,67.0,96.1206760063744,80.25046321567208,111.9908887970767,4815,horizon
7252,2025-11-25,4,66.0,103.69434819050383,70.88139240462785,136.50730397637983,6420,horizon
7252,2025-11-26,5,104.0,182.64089624285592,124.84615855764018,240.43563392807164,6420,horizon
7252,2025-11-27,6,92.0,186.08135174596512,127.19791910025458,244.96478439167566,6420,horizon
7252,2025-11-28,7,40.0,91.06825783531906,62.2506918831495,119.88582378748862,6420,horizon
7252,2025-11-29,8,44.0,88.4591775537998,49.66446349424867,127.25389161335093,11235,horizon
7252,2025-11-30,9,37.0,91.37441737065129,51.301193853548526,131.44764088775406,11235,horizon
7252,2025-12-01,10,39.0,91.4317245711147,51.333368371151764,131.53008077107762,11235,horizon
7252,2025-12-02,11,29.0,96.28774786119294,54.059730949761935,138.51576477262395,11235,horizon
7252,2025-12-03,12,38.0,142.1104340789277,79.78639029480289,204.43447786305254,11235,horizon
7252,2025-12-04,13,36.0,225.2852951611431,126.4840305633275,324.0865597589587,11235,horizon
7252,2025-12-05,14,17.0,89.34037133045136,50.15920035889173,128.521542302011,11235,horizon
7252,2025-12-06,15,28.0,101.3251490343039,47.58838681839354,155.06191125021428,11235,horizon
7252,2025-12-07,16,24.0,94.20115983819319,44.242532834603225,144.15978684178316,11235,horizon
7252,2025-12-08,17,19.0,84.67925544322466,39.77047358856042,129.5880372978889,11235,horizon
7252,2025-12-09,18,21.0,102.65165237406892,48.21139260373175,157.09191214440608,11235,horizon
7252,2025-12-10,19,23.0,132.18759172956126,62.08324693101159,202.29193652811094,11235,horizon
7252,2025-12-11,20,24.0,216.86469749800176,101.85271090294536,331.87668409305815,11235,horizon
7252,2025-12-12,21,14.0,79.57678140390247,37.37404475891351,121.77951804889143,11235,horizon
7252,2025-12-13,22,15.0,75.63696551061108,15.0,140.9271281533318,14445,horizon
7252,2025-12-14,23,11.0,64.60885929614054,11.0,120.37951195424972,14445,horizon
7252,2025-12-15,24,10.0,75.85030194229785,10.375986349648258,141.32461753494744,14445,horizon
7252,2025-12-16,25,10.0,94.44672492745367,12.919894891937915,175.97355496296944,14445,horizon
7252,2025-12-17,26,11.0,140.1956661502669,19.178148023215954,261.21318427731785,14445,horizon
7252,2025-12-18,27,15.0,204.23345739469218,27.938235073617648,380.5286797157667,14445,horizon
7252,2025-12-19,28,6.0,85.2340790914274,11.65964562475014,158.80851255810467,14445,horizon
7252,2025-12-20,29,8.0,68.5843053871125,9.382030107647424,127.78658066657756,14445,horizon
7252,2025-12-21,30,0.0,49.93983727153804,6.831549203684496,93.04812533939159,14445,horizon
7256,2025-11-22,1,0.0,1.3489376408701964e-16,0.0,0.16510716996673924,4815,horizon
7256,2025-11-23,2,0.0,1.3489376408701964e-16,0.0,0.16510716996673924,4815,horizon
7256,2025-11-24,3,0.0,1.3489376408701964e-16,0.0,0.16510716996673924,4815,horizon
7256,2025-11-25,4,0.0,1.3489376408701964e-16,0.0,0.3164391922845507,6420,horizon
7256,2025-11-26,5,0.0,1.3489376408701964e-16,0.0,0.3164391922845507,6420,horizon
7256,2025-11-27,6,0.0,1.3489376408701964e-16,0.0,0.3164391922845507,6420,horizon
7256,2025-11-28,7,0.0,1.3489376408701964e-16,0.0,0.3164391922845507,6420,horizon
7256,2025-11-29,8,0.0,1.5006439558569507e-16,0.0,0.4385606460783187,11235,horizon
7256,2025-11-30,9,0.0,1.5006439558569507e-16,0.0,0.4385606460783187,11235,horizon
7256,2025-12-01,10,0.0,1.5006439558569507e-16,0.0,0.4385606460783187,11235,horizon
7256,2025-12-02,11,0.0,1.5006439558569507e-16,0.0,0.4385606460783187,11235,horizon
7256,2025-12-03,12,0.0,1.5006439558569507e-16,0.0,0.4385606460783187,11235,horizon
7256,2025-12-04,13,0.0,1.5006439558569507e-16,0.0,0.4385606460783187,11235,horizon
7256,2025-12-05,14,0.0,1.5006439558569507e-16,0.0,0.4385606460783187,11235,horizon
7256,2025-12-06,15,0.0,0.0,0.0,0.5303398290361028,11235,horizon
7256,2025-12-07,16,0.0,0.0,0.0,0.5303398290361028,11235,horizon
7256,2025-12-08,17,0.0,0.0,0.0,0.5303398290361028,11235,horizon
7256,2025-12-09,18,0.0,2.0936493878579075e-16,0.0,0.530339829036103,11235,horizon
7256,2025-12-10,19,0.0,2.0936493878579075e-16,0.0,0.530339829036103,11235,horizon
7256,2025-12-11,20,0.0,2.0936493878579075e-16,0.0,0.530339829036103,11235,horizon
7256,2025-12-12,21,0.0,2.0936493878579075e-16,0.0,0.530339829036103,11235,horizon
7256,2025-12-13,22,0.0,2.085521617919071e-16,0.0,0.8632044160148283,14445,horizon
7256,2025-12-14,23,0.0,2.085521617919071e-16,0.0,0.8632044160148283,14445,horizon
7256,2025-12-15,24,0.0,2.085521617919071e-16,0.0,0.8632044160148283,14445,horizon
7256,2025-12-16,25,0.0,2.085521617919071e-16,0.0,0.8632044160148283,14445,horizon
7256,2025-12-17,26,0.0,2.085521617919071e-16,0.0,0.8632044160148283,14445,horizon
7256,2025-12-18,27,0.0,2.085521617919071e-16,0.0,0.8632044160148283,14445,horizon
7256,2025-12-19,28,0.0,2.085521617919071e-16,0.0,0.8632044160148283,14445,horizon
7256,2025-12-20,29,0.0,2.085521617919071e-16,0.0,0.8632044160148283,14445,horizon
7256,2025-12-21,30,0.0,2.085521617919071e-16,0.0,0.8632044160148283,14445,horizon
7274,2025-11-22,1,3670.0,3975.0735310153545,3670.0,4631.386672130992,4815,horizon
7274,2025-11-23,2,3089.0,3831.374573733615,3198.787160781936,4463.961986685294,4815,horizon
7274,2025-11-24,3,2147.0,2950.855217238804,2463.647863338918,3438.06257113869,4815,horizon
7274,2025-11-25,4,1781.0,2803.6837266875636,1916.4883127932123,3690.8791405819147,6420,horizon
7274,2025-11-26,5,2836.0,5503.200321928873,3761.7720570776214,7244.628586780123,6420,horizon
7274,2025-11-27,6,3340.0,8217.764323764866,5617.341618767916,10818.187028761817,6420,horizon
7274,2025-11-28,7,743.0,1964.4216873036257,1342.8016752670123,2586.041699340239,6420,horizon
7274,2025-11-29,8,630.0,1598.9571226951525,897.7174539144372,2300.196791475868,11235,horizon
7274,2025-11-30,9,494.0,1417.3685360934917,795.7664751732494,2038.9705970137338,11235,horizon
7274,2025-12-01,10,593.0,1707.8829059934878,958.8726753148677,2456.893136672108,11235,horizon
7274,2025-12-02,11,492.0,1710.0304281781346,960.0783787827482,2459.982477573521,11235,horizon
7274,2025-12-03,12,886.0,4097.698203369632,2300.609031865881,5894.787374873384,11235,horizon
7274,2025-12-04,13,1136.0,7464.901857353147,4191.08967588111,10738.714038825183,11235,horizon
7274,2025-12-05,14,400.0,2448.1304883125013,1374.4767996741414,3521.7841769508614,11235,horizon
7274,2025-12-06,15,253.0,1510.2220251674726,709.2911345335982,2311.152915801347,11235,horizon
7274,2025-12-07,16,198.0,1256.7841204788579,590.2614448888116,1923.306796068904,11235,horizon
7274,2025-12-08,17,260.0,1387.2168136352552,651.5204858559267,2122.9131414145836,11235,horizon
7274,2025-12-09,18,305.0,1824.4380168593166,856.8658709111802,2792.010162807453,11235,horizon
7274,2025-12-10,19,383.0,3139.35290112764,1474.4290202596142,4804.276781995666,11235,horizon
7274,2025-12-11,20,469.0,6975.15605192625,3275.952983847545,10674.359120004956,11235,horizon
7274,2025-12-12,21,308.0,2991.1116402252796,1404.806004320308,4577.417276130252,11235,horizon
7274,2025-12-13,22,227.0,2002.7326455018099,273.9649818075884,3731.5003091960316,14445,horizon
7274,2025-12-14,23,182.0,1446.9369053672701,197.9345789594131,2695.939231775127,14445,horizon
7274,2025-12-15,24,144.0,1343.9803413938007,183.85057566555565,2504.1101071220455,14445,horizon
7274,2025-12-16,25,191.0,1956.6482409421942,267.6608387732467,3645.6356431111417,14445,horizon
7274,2025-12-17,26,331.0,3643.834764566406,498.46050456433295,6789.209024568479,14445,horizon
7274,2025-12-18,27,295.0,5540.319577046277,757.891252006526,10322.747902086028,14445,horizon
7274,2025-12-19,28,100.0,1743.3084258633612,238.47689418224923,3248.139957544473,14445,horizon
7274,2025-12-20,29,151.0,1812.160134336455,247.89550385120288,3376.424764821707,14445,horizon
7274,2025-12-21,30,38.0,773.4128819519015,105.79946684826518,1441.0262970555377,14445,horizon
7278,2025-11-22,1,37.0,43.84784998877291,37.0,51.08744440954531,4815,horizon
7278,2025-11-23,2,36.0,48.444549189359975,40.44600677239026,56.44309160632969,4815,horizon
7278,2025-11-24,3,21.0,34.431182604287805,28.746347485885828,40.11601772268978,4815,horizon
7278,2025-11-25,4,12.0,25.206304219486093,17.230041671793252,33.18256676717893,6420,horizon
7278,2025-11-26,5,11.0,38.391264275638505,26.242763617472733,50.53976493380428,6420,horizon
7278,2025-11-27,6,27.0,84.5021012456674,57.762324581141094,111.24187791019372,6420,horizon
7278,2025-11-28,7,10.0,27.598296025749203,18.865113522931203,36.3314785285672,6420,horizon
7278,2025-11-29,8,9.0,24.63804304482559,13.832766968981458,35.44331912066972,11235,horizon
7278,2025-11-30,9,8.0,26.000737465416957,14.597837244070954,37.40363768676296,11235,horizon
7278,2025-12-01,10,0.0,21.234447206843768,11.921854320694418,30.547040092993118,11235,horizon
7278,2025-12-02,11,1.0,19.32163728074391,10.847927551609937,27.795347009877887,11235,horizon
7278,2025-12-03,12,7.0,37.16823158111609,20.867707925313255,53.46875523691892,11235,horizon
7278,2025-12-04,13,6.0,80.54177322098137,45.219321120894364,115.86422532106837,11235,horizon
7278,2025-12-05,14,3.0,21.333570844509477,11.977506231783822,30.689635457235134,11235,horizon
7278,2025-12-06,15,3.0,25.33848412156443,11.900476784499945,38.77649145862892,11235,horizon
7278,2025-12-07,16,1.0,20.72548389028091,9.73393430721883,31.717033473342987,11235,horizon
7278,2025-12-08,17,5.0,22.570665392227315,10.6005425668824,34.54078821757223,11235,horizon
7278,2025-12-09,18,7.0,25.8297027994209,12.131182632722675,39.528222966119124,11235,horizon
7278,2025-12-10,19,0.0,28.98008772269757,13.61079295439088,44.349382491004256,11235,horizon
7278,2025-12-11,20,0.0,81.59939161684679,38.32398421731826,124.8747990163753,11235,horizon
7278,2025-12-12,21,2.0,20.838407851939028,9.786970194357103,31.889845509520953,11235,horizon
7278,2025-12-13,22,0.0,18.95795217635986,2.5933641391281057,35.322540213591616,14445,horizon
7278,2025-12-14,23,0.0,17.951068953388038,2.4556269606368044,33.44651094613927,14445,horizon
7278,2025-12-15,24,1.0,22.337249381860612,3.0556370738140437,41.61886168990718,14445,horizon
7278,2025-12-16,25,0.0,24.941415484498215,3.411875496618741,46.47095547237769,14445,horizon
7278,2025-12-17,26,2.0,35.53607108351675,4.861177596408254,66.21096457062525,14445,horizon
7278,2025-12-18,27,0.0,70.83018763724561,9.689256881616316,131.97111839287493,14445,horizon
7278,2025-12-19,28,0.0,24.53737256204644,3.356604209086875,45.718140915006,14445,horizon
7278,2025-12-20,29,0.0,22.30233665945509,3.050861167564065,41.553812151346115,14445,horizon
7278,2025-12-21,30,1.0,17.567178681105595,2.4031124666537007,32.73124489555749,14445,horizon
7280,2025-11-22,1,0.0,0.0024499865245138997,0.0,0.167557156491253,4815,horizon
7280,2025-11-23,2,4.0,4.272460082318108,4.0,4.977873875305511,4815,horizon
7280,2025-11-24,3,0.0,0.2959134046348508,0.13080623466811167,0.46102057460158985,4815,horizon
7280,2025-11-25,4,0.0,0.5057459363227705,0.18930674403821995,0.8221851286073212,6420,horizon
7280,2025-11-26,5,0.0,1.3695286841966512,0.9361561335589395,1.802901234834363,6420,horizon
7280,2025-11-27,6,0.0,3.8443361747947367,2.6278375407724113,5.060834808817062,6420,horizon
7280,2025-11-28,7,1.0,1.8855334579083265,1.28887677346232,2.482190142354333,6420,horizon
7280,2025-11-29,8,0.0,0.6989701953047935,0.260409549226475,1.137530841383112,11235,horizon
7280,2025-11-30,9,0.0,1.09485324910014,0.6146937008138363,1.5750127973864436,11235,horizon
7280,2025-12-01,10,0.0,1.2280899639793845,0.6894980359342867,1.7666818920244824,11235,horizon
7280,2025-12-02,11,0.0,1.5777288026523235,0.8857990396247486,2.269658565679898,11235,horizon
7280,2025-12-03,12,0.0,2.5651583578236616,1.440180851123318,3.690135864524005,11235,horizon
7280,2025-12-04,13,11.0,29.413329069773063,16.5138004696192,42.31285766992693,11235,horizon
7280,2025-12-05,14,0.0,1.9548977588922134,1.0975565347353875,2.8122389830490393,11235,horizon
7280,2025-12-06,15,0.0,1.8058592380108553,0.8481401584609115,2.7635783175607993,11235,horizon
7280,2025-12-07,16,0.0,1.6874088119101052,0.7925087110876867,2.5823089127325236,11235,horizon
7280,2025-12-08,17,0.0,1.5552473690894568,0.7304377452577057,2.380056992921208,11235,horizon
7280,2025-12-09,18,0.0,1.5266793563960643,0.7170204875320282,2.3363382252601004,11235,horizon
7280,2025-12-10,19,0.0,2.7411880473396986,1.2874268469577543,4.194949247721643,11235,horizon
7280,2025-12-11,20,1.0,13.498560970401323,6.339736453125276,20.65738548767737,11235,horizon
7280,2025-12-12,21,0.0,1.9259642236362906,0.9045486865433698,2.9473797607292114,11235,horizon
7280,2025-12-13,22,0.0,1.3630988223177731,0.1864658994284598,2.5397317452070864,14445,horizon
7280,2025-12-14,23,0.0,1.208367321594313,0.16529931342609205,2.2514353297625336,14445,horizon
7280,2025-12-15,24,0.0,1.5857766478938693,0.21692724261869012,2.9546260531690485,14445,horizon
7280,2025-12-16,25,0.0,1.8681268464211536,0.2555515029145592,3.480702189927748,14445,horizon
7280,2025-12-17,26,0.0,2.872333177065351,0.39292249435663873,5.351743859774063,14445,horizon
7280,2025-12-18,27,0.0,10.491266996880881,1.4351589955826807,19.54737499817908,14445,horizon
7280,2025-12-19,28,0.0,2.6144634227227153,0.3576470507192253,4.871279794726205,14445,horizon
7280,2025-12-20,29,0.0,1.3676470197996486,0.1870880727590729,2.548205966840224,14445,horizon
7280,2025-12-21,30,0.0,0.6896036754995456,0.0,1.5528080915143736,14445,horizon
7285,2025-11-22,1,3.0,3.065683022211434,3.0,3.5718492700238436,4815,horizon
7285,2025-11-23,2,10.0,12.500251646187035,10.436370473013021,14.564132819361049,4815,horizon
7285,2025-11-24,3,6.0,8.50545282356878,7.101141578583728,9.90976406855383,4815,horizon
7285,2025-11-25,4,1.0,2.1682495855067323,1.4821304379976703,2.8543687330157943,6420,horizon
7285,2025-11-26,5,3.0,6.797975353679199,4.646829523590672,8.949121183767726,6420,horizon
7285,2025-11-27,6,4.0,11.489409034460643,7.853709719769098,15.125108349152187,6420,horizon
7285,2025-11-28,7,0.0,1.7729777398403619,1.2119380959067896,2.334017383773934,6420,horizon
7285,2025-11-29,8,0.0,1.5827934214495438,0.8886425159301196,2.276944326968968,11235,horizon
7285,2025-11-30,9,0.0,2.125037164154846,1.193079492502659,3.056994835807033,11235,horizon
7285,2025-12-01,10,0.0,2.233990931095913,1.254250425021385,3.2137314371704413,11235,horizon
7285,2025-12-02,11,0.0,2.3985812945589773,1.3466579323458225,3.4505046567721323,11235,horizon
7285,2025-12-03,12,8.0,20.23098163638739,11.35846925913474,29.10349401364004,11235,horizon
7285,2025-12-04,13,9.0,45.78862288132594,25.707534847455157,65.86971091519672,11235,horizon
7285,2025-12-05,14,0.0,3.8210585135452204,2.1452926231417693,5.496824403948672,11235,horizon
7285,2025-12-06,15,0.0,4.071984531001228,1.9124489509923817,6.2315201110100755,11235,horizon
7285,2025-12-07,16,0.0,3.6085007625143706,1.6947690850458528,5.522232439982888,11235,horizon
7285,2025-12-08,17,0.0,3.4415606496176245,1.6163639630820348,5.266757336153214,11235,horizon
7285,2025-12-09,18,0.0,3.2408351564230276,1.5220911936314476,4.959579119214608,11235,horizon
7285,2025-12-10,19,0.0,6.720747374366425,3.156467360850099,10.285027387882751,11235,horizon
7285,2025-12-11,20,0.0,22.304417336166463,10.475496459354053,34.13333821297887,11235,horizon
7285,2025-12-12,21,0.0,3.986327090688571,1.8722190629308093,6.100435118446333,11235,horizon
7285,2025-12-13,22,0.0,3.635134944239372,0.49727040756213015,6.772999480916614,14445,horizon
7285,2025-12-14,23,0.0,3.2680355556343614,0.4470528323173082,6.089018278951414,14445,horizon
7285,2025-12-15,24,0.0,3.8653085024700413,0.5287571338782393,7.201859871061844,14445,horizon
7285,2025-12-16,25,0.0,4.092144544414703,0.5597873027049443,7.624501786124462,14445,horizon
7285,2025-12-17,26,0.0,7.396031560258435,1.011744456458315,13.780318664058555,14445,horizon
7285,2025-12-18,27,9.0,22.563699374458196,9.0,42.040784316121524,14445,horizon
7285,2025-12-19,28,0.0,4.504419408387321,0.616184683484486,8.392654133290156,14445,horizon
7285,2025-12-20,29,0.0,3.5902171234558193,0.4911258480367029,6.689308398874935,14445,horizon
7285,2025-12-21,30,0.0,2.3362338158386597,0.31958646916355615,4.352881162513763,14445,horizon
7339,2025-11-22,1,28695.0,31969.099152140934,28695.0,37247.426639537,4815,horizon
7339,2025-11-23,2,22209.0,28087.80534704189,23450.30729561516,32725.30339846862,4815,horizon
7339,2025-11-24,3,17605.0,25875.684538032783,21603.42349300608,30147.945583059485,4815,horizon
7339,2025-11-25,4,16710.0,26421.066393169698,18060.405484418596,34781.7273019208,6420,horizon
7339,2025-11-26,5,21281.0,41920.79342131737,28655.4114111482,55186.17543148654,6420,horizon
7339,2025-11-27,6,19216.0,43049.16073053386,29426.719080435934,56671.60238063179,6420,horizon
7339,2025-11-28,7,6653.0,15776.678515761658,10784.319109301017,20769.0379222223,6420,horizon
7339,2025-11-29,8,5877.0,14754.458046689655,8283.733393197996,21225.182700181314,11235,horizon
7339,2025-11-30,9,5160.0,13662.279456008224,7670.541350878719,19654.017561137727,11235,horizon
7339,2025-12-01,10,4649.0,14749.712953125038,8281.069310932777,21218.3565953173,11235,horizon
7339,2025-12-02,11,5182.0,17870.73726267134,10033.335182858316,25708.139342484363,11235,horizon
7339,2025-12-03,12,8064.0,35216.97043304678,19772.193127008744,50661.747739084814,11235,horizon
7339,2025-12-04,13,8577.0,40595.77726894243,22792.066961823522,58399.487576061336,11235,horizon
7339,2025-12-05,14,3469.0,18029.242075453243,10122.326022540065,25936.15812836642,11235,horizon
7339,2025-12-06,15,2668.0,14554.01103002587,6835.439308572396,22272.582751479342,11235,horizon
7339,2025-12-07,16,2186.0,12063.110383401507,5665.562485024715,18460.6582817783,11235,horizon
7339,2025-12-08,17,2180.0,11944.540204971674,5609.874794752141,18279.205615191207,11235,horizon
7339,2025-12-09,18,2605.0,16465.370142459076,7733.128556091178,25197.611728826974,11235,horizon
7339,2025-12-10,19,3768.0,26349.741521560507,12375.424107870609,40324.0589352504,11235,horizon
7339,2025-12-11,20,3995.0,39068.71585910857,18349.019769728853,59788.41194848828,11235,horizon
7339,2025-12-12,21,1583.0,14983.301139484887,7037.0597747740285,22929.542504195746,11235,horizon
7339,2025-12-13,22,1551.0,12556.558560970012,1717.6817611919032,23395.43536074812,14445,horizon
7339,2025-12-14,23,1542.0,12299.571200492677,1682.5270251385973,22916.615375846755,14445,horizon
7339,2025-12-15,24,1460.0,14095.713675112354,1928.2313838747687,26263.19596634994,14445,horizon
7339,2025-12-16,25,1666.0,17485.43517922792,2391.9303165773526,32578.940041878486,14445,horizon
7339,2025-12-17,26,2261.0,23848.996199372858,3262.4373625533553,44435.55503619236,14445,horizon
7339,2025-12-18,27,2446.0,30823.181415621446,4216.475102030832,57429.88772921206,14445,horizon
7339,2025-12-19,28,1119.0,13735.388375223358,1878.9404740518203,25591.836276394897,14445,horizon
7339,2025-12-20,29,876.0,10558.847550244229,1444.40371684606,19673.291383642398,14445,horizon
7339,2025-12-21,30,456.0,7609.347820295207,1040.9251788235779,14177.770461766837,14445,horizon
7366,2025-11-22,1,4.0,4.40220730253514,4.0,5.1290432918636295,4815,horizon
7366,2025-11-23,2,2.0,3.1664962813045783,2.643685041588176,3.6893075210209805,4815,horizon
7366,2025-11-24,3,1.0,3.1427427036262867,2.6238533498969323,3.661632057355641,4815,horizon
7366,2025-11-25,4,6.0,8.792585253662294,6.010266677900347,11.57490382942424,6420,horizon
7366,2025-11-26,5,4.0,9.342600481844052,6.386235531532067,12.298965432156036,6420,horizon
7366,2025-11-27,6,4.0,10.036635164283345,6.860650439642805,13.212619888923884,6420,horizon
7366,2025-11-28,7,2.0,3.842859669299084,2.6268282594832066,5.058891079114961,6420,horizon
7366,2025-11-29,8,2.0,4.214406117653431,2.3661334478589247,6.062678787447938,11235,horizon
7366,2025-11-30,9,0.0,1.8782463524359216,1.0545214186173788,2.7019712862544645,11235,horizon
7366,2025-12-01,10,0.0,1.7272457874677922,0.9697437589798632,2.4847478159557213,11235,horizon
7366,2025-12-02,11,0.0,2.3249491758490826,1.3053179631894547,3.34458038850871,11235,horizon
7366,2025-12-03,12,0.0,5.275219407447567,2.9617157759124777,7.588723038982657,11235,horizon
7366,2025-12-04,13,0.0,12.039375254009757,6.759379064231918,17.319371443787595,11235,horizon
7366,2025-12-05,14,0.0,2.8129578888234943,1.5793052597099597,4.046610517937029,11235,horizon
7366,2025-12-06,15,0.0,3.38874479075654,1.5915584577797326,5.185931123733347,11235,horizon
7366,2025-12-07,16,0.0,2.9586004856612047,1.3895368099095107,4.527664161412899,11235,horizon
7366,2025-12-08,17,0.0,2.519677416921444,1.1833921264051965,3.855962707437692,11235,horizon
7366,2025-12-09,18,0.0,2.8919996243518558,1.3582570380006191,4.425742210703092,11235,horizon
7366,2025-12-10,19,0.0,5.440747104024344,2.555302215047402,8.326191993001286,11235,horizon
7366,2025-12-11,20,0.0,9.033418972630006,4.242637099073922,13.824200846186091,11235,horizon
7366,2025-12-12,21,0.0,2.604863574199751,1.2234006715962833,3.9863264768032183,11235,horizon
7366,2025-12-13,22,0.0,2.431190929853584,0.3325761830287739,4.529805676678394,14445,horizon
7366,2025-12-14,23,4.0,7.0157556015055,4.0,13.071786818405815,14445,horizon
7366,2025-12-15,24,4.0,8.136549765360119,4.0,15.160055453943386,14445,horizon
7366,2025-12-16,25,4.0,8.89046470741819,4.0,16.564753103285547,14445,horizon
7366,2025-12-17,26,4.0,10.45360807974993,4.0,19.477208737478357,14445,horizon
7366,2025-12-18,27,0.0,5.594457846677284,0.7652971282166465,10.423618565137922,14445,horizon
7366,2025-12-19,28,0.0,3.030753784465389,0.4145937338612127,5.646913835069565,14445,horizon
7366,2025-12-20,29,0.0,2.542514704434225,0.3478047837839666,4.737224625084483,14445,horizon
7366,2025-12-21,30,0.0,1.595713305122842,0.21828653344718796,2.9731400767984963,14445,horizon
7399,2025-11-22,1,981.0,1028.5580123000138,981.0,1198.3803148574837,4815,horizon
7399,2025-11-23,2,884.0,1005.5783849980397,884.0,1171.60658632479,4815,horizon
7399,2025-11-24,3,750.0,877.885142606818,750.0,1022.8302740584769,4815,horizon
7399,2025-11-25,4,711.0,859.9726020595715,711.0,1132.1016376421455,6420,horizon
7399,2025-11-26,5,732.0,952.2191266374969,732.0,1253.5385779485666,6420,horizon
7399,2025-11-27,6,564.0,790.4449275942704,564.0,1040.5726820276213,6420,horizon
7399,2025-11-28,7,312.0,476.47539820524946,325.6999080537207,627.2508883567782,6420,horizon
7399,2025-11-29,8,337.0,533.6378120266984,337.0,767.6703556409475,11235,horizon
7399,2025-11-30,9,278.0,493.51449647082904,278.0,709.9505328920918,11235,horizon
7399,2025-12-01,10,322.0,562.9779650620802,322.0,809.8779451475632,11235,horizon
7399,2025-12-02,11,361.0,668.4587877541971,375.29906991998683,961.6185055884075,11235,horizon
7399,2025-12-03,12,347.0,713.0871833872766,400.3552075307842,1025.819159243769,11235,horizon
7399,2025-12-04,13,291.0,800.5692035943366,449.47105643559945,1151.6673507530738,11235,horizon
7399,2025-12-05,14,135.0,455.30351559017925,255.62531163122046,654.981719549138,11235,horizon
7399,2025-12-06,15,176.0,518.2354053992688,243.39452909936517,793.0762816991723,11235,horizon
7399,2025-12-07,16,224.0,574.7029129976961,269.9150683719477,879.4907576234446,11235,horizon
7399,2025-12-08,17,232.0,604.8710910856023,284.083860050383,925.6583221208216,11235,horizon
7399,2025-12-09,18,251.0,667.1194968070531,313.31945692374967,1020.9195366903566,11235,horizon
7399,2025-12-10,19,277.0,760.4864554045917,357.17019866104874,1163.8027121481346,11235,horizon
7399,2025-12-11,20,253.0,904.919815674726,425.0047953384102,1384.8348360110417,11235,horizon
7399,2025-12-12,21,163.0,596.8689852355817,280.32558964879115,913.4123808223723,11235,horizon
7399,2025-12-13,22,185.0,633.0681676290395,185.0,1179.5354055648418,14445,horizon
7399,2025-12-14,23,212.0,641.9097822770432,212.0,1196.0091410217037,14445,horizon
7399,2025-12-15,24,236.0,806.3291017324882,236.0,1502.3559431092417,14445,horizon
7399,2025-12-16,25,230.0,832.9365536404996,230.0,1551.9310650031507,14445,horizon
7399,2025-12-17,26,231.0,845.9784773926315,231.0,1576.2308349314512,14445,horizon
7399,2025-12-18,27,104.0,665.4539096563645,104.0,1239.876663126071,14445,horizon
7399,2025-12-19,28,54.0,491.2906053528197,67.20638526566756,915.3748254399718,14445,horizon
7399,2025-12-20,29,82.0,587.6871058222371,82.0,1094.9812108029657,14445,horizon
7399,2025-12-21,30,38.0,359.44405322416475,49.170359170796814,669.7177472775327,14445,horizon
7401,2025-11-22,1,0.0,0.0,0.0,0.1651071699667391,4815,horizon
7401,2025-11-23,2,1.0,1.0486216336957779,1.0,1.2217565840011864,4815,horizon
7401,2025-11-24,3,2.0,2.220454756288106,2.0,2.5870677571380205,4815,horizon
7401,2025-11-25,4,2.0,2.4155263831094116,2.0,3.1798936007225755,6420,horizon
7401,2025-11-26,5,0.0,0.8180457020785393,0.5016065097939888,1.1344848943630899,6420,horizon
7401,2025-11-27,6,0.0,1.4518175471476513,0.9924055751837111,1.9112295191115916,6420,horizon
7401,2025-11-28,7,0.0,0.49798600018983236,0.18154680790528177,0.8144251924743829,6420,horizon
7401,2025-11-29,8,0.0,0.43048433024355903,0.0,0.8690449763218775,11235,horizon
7401,2025-11-30,9,0.0,0.5797966664612407,0.1412360203829222,1.0183573125395593,11235,horizon
7401,2025-12-01,10,0.0,0.6140243611176607,0.17546371503934216,1.0525850071959792,11235,horizon
7401,2025-12-02,11,0.0,0.8293327704409519,0.39077212436263337,1.2678934165192703,11235,horizon
7401,2025-12-03,12,0.0,1.3407243255870622,0.7527353991446823,1.928713252029442,11235,horizon
7401,2025-12-04,13,2.0,6.424306788102211,3.606858652506778,9.241754923697643,11235,horizon
7401,2025-12-05,14,0.0,1.104230130803909,0.6199582512194006,1.5885020103884175,11235,horizon
7401,2025-12-06,15,0.0,1.279439967162321,0.6009019937154987,1.957977940609143,11235,horizon
7401,2025-12-07,16,0.0,1.3029108130436928,0.6119253152048111,1.9938963108825747,11235,horizon
7401,2025-12-08,17,0.0,1.3096573570568633,0.6150938982194522,2.0042208158942745,11235,horizon
7401,2025-12-09,18,0.0,1.417747505604922,0.6658595358660465,2.1696354753437976,11235,horizon
7401,2025-12-10,19,0.0,1.513194735582194,0.7106872982152025,2.3157021729491856,11235,horizon
7401,2025-12-11,20,0.0,5.098133467609057,2.394390235994036,7.801876699224078,11235,horizon
7401,2025-12-12,21,0.0,1.2938436197463983,0.6076668156506411,1.9800204238421555,11235,horizon
7401,2025-12-13,22,0.0,1.1234559409319045,0.15368381152139066,2.0932280703424184,14445,horizon
7401,2025-12-14,23,0.0,1.2109943067957911,0.16565867340084872,2.2563299401907333,14445,horizon
7401,2025-12-15,24,0.0,1.585468430397597,0.21688507982629313,2.954051780968901,14445,horizon
7401,2025-12-16,25,0.0,1.8037344575388787,0.24674290847320823,3.3607260066045495,14445,horizon
7401,2025-12-17,26,0.0,1.9101315116020907,0.2612975556180872,3.558965467586094,14445,horizon
7401,2025-12-18,27,0.0,3.7334642458778284,0.510721421802617,6.95620706995304,14445,horizon
7401,2025-12-19,28,0.0,2.0972323213247153,0.286892120148192,3.9075725225012388,14445,horizon
7401,2025-12-20,29,0.0,1.4842757620843037,0.2030423696693584,2.7655091544992487,14445,horizon
7401,2025-12-21,30,0.0,0.8822521047521661,0.019047688737337976,1.7454565207669943,14445,horizon
7412,2025-11-22,1,817.0,914.9426556868327,817.0,1066.0062482491383,4815,horizon
7412,2025-11-23,2,631.0,786.5771740883908,656.7076429142215,916.4467052625602,4815,horizon
7412,2025-11-24,3,652.0,912.3116981845096,761.6824955697155,1062.9409007993038,4815,horizon
7412,2025-11-25,4,638.0,950.3378042946556,649.6136771061815,1251.0619314831297,6420,horizon
7412,2025-11-26,5,597.0,1036.9153451067714,708.7946908337286,1365.0359993798143,6420,horizon
7412,2025-11-27,6,467.0,873.0978041139944,596.8154401947472,1149.3801680332415,6420,horizon
7412,2025-11-28,7,264.0,498.1394916686378,340.5086332799774,655.7703500572982,6420,horizon
7412,2025-11-29,8,303.0,581.5944462861173,326.5300101673158,836.6588824049188,11235,horizon
7412,2025-11-30,9,273.0,571.860998301647,321.0652694194845,822.6567271838095,11235,horizon
7412,2025-12-01,10,286.0,627.6836872904785,352.406323859545,902.961050721412,11235,horizon
7412,2025-12-02,11,247.0,595.3653930519426,334.2615616224106,856.4692244814746,11235,horizon
7412,2025-12-03,12,268.0,826.5023036313996,464.0309193655944,1188.9736878972049,11235,horizon
7412,2025-12-04,13,293.0,1116.4931572793503,626.8431968808967,1606.1431176778037,11235,horizon
7412,2025-12-05,14,206.0,549.9597850412445,308.76906639646313,791.1505036860258,11235,horizon
7412,2025-12-06,15,212.0,591.2734337453069,277.69758197923136,904.8492855113824,11235,horizon
7412,2025-12-07,16,196.0,554.006953838501,260.1950006549783,847.8189070220237,11235,horizon
7412,2025-12-08,17,172.0,515.7155827894285,242.21106878162885,789.220096797228,11235,horizon
7412,2025-12-09,18,164.0,509.31506222566026,239.20499919939152,779.425125251929,11235,horizon
7412,2025-12-10,19,157.0,669.0095995282685,314.207162890935,1023.812036165602,11235,horizon
7412,2025-12-11,20,136.0,993.3695961982697,466.54613438081697,1520.1930580157225,11235,horizon
7412,2025-12-12,21,96.0,418.97179982008043,196.7743671325507,641.1692325076101,11235,horizon
7412,2025-12-13,22,86.0,368.95094432129673,86.0,687.431028752281,14445,horizon
7412,2025-12-14,23,72.0,293.8745553679572,72.0,547.548369315972,14445,horizon
7412,2025-12-15,24,61.0,308.4053005742729,61.0,574.6221179523657,14445,horizon
7412,2025-12-16,25,31.0,278.3946084756244,38.083153044746325,518.7060639065025,14445,horizon
7412,2025-12-17,26,38.0,383.6215319922767,52.47773149816982,714.7653324863836,14445,horizon
7412,2025-12-18,27,44.0,439.3418194224898,60.10002075700743,818.5836180879721,14445,horizon
7412,2025-12-19,28,26.0,279.52015411419643,38.237122717676755,520.803185510716,14445,horizon
7412,2025-12-20,29,15.0,208.53368242229524,28.52648686753625,388.54087797705427,14445,horizon
7412,2025-12-21,30,10.0,141.9533100111903,19.418585941608924,264.4880340807717,14445,horizon
7416,2025-11-22,1,7.0,7.750402565326318,7.0,9.030049598990301,4815,horizon
7416,2025-11-23,2,30.0,36.330395115845086,30.331986394494464,42.32880383719571,4815,horizon
7416,2025-11-24,3,8.0,12.099324880388725,10.10163959087959,14.09701016989786,4815,horizon
7416,2025-11-25,4,10.0,15.274965571737102,10.441367804042294,20.10856333943191,6420,horizon
7416,2025-11-26,5,11.0,23.770090915797326,16.248302545872086,31.291879285722565,6420,horizon
7416,2025-11-27,6,31.0,111.66184805859154,76.32766304993062,146.99603306725248,6420,horizon
7416,2025-11-28,7,3.0,9.354456131100841,6.394339588714029,12.314572673487653,6420,horizon
7416,2025-11-29,8,4.0,10.046463207035401,5.6404798121559,14.452446601914904,11235,horizon
7416,2025-11-30,9,7.0,14.695997448502176,8.25091131272174,21.14108358428261,11235,horizon
7416,2025-12-01,10,6.0,13.83929727410234,7.769926120302105,19.908668427902573,11235,horizon
7416,2025-12-02,11,6.0,14.898547549226661,8.364630910409268,21.432464188044055,11235,horizon
7416,2025-12-03,12,8.0,26.448692377004217,14.84933676021855,38.048047993789886,11235,horizon
7416,2025-12-04,13,16.0,161.8998661168259,90.89695623263746,232.90277600101433,11235,horizon
7416,2025-12-05,14,2.0,12.743185509541355,7.154525839381032,18.33184517970168,11235,horizon
7416,2025-12-06,15,2.0,13.242678792053486,6.219558785495816,20.265798798611154,11235,horizon
7416,2025-12-07,16,2.0,12.39867647861819,5.823164514673871,18.97418844256251,11235,horizon
7416,2025-12-08,17,2.0,12.27010000545596,5.762777266306562,18.77742274460536,11235,horizon
7416,2025-12-09,18,2.0,12.508677079036655,5.874827415472538,19.142526742600772,11235,horizon
7416,2025-12-10,19,2.0,23.54570058284041,11.058477761201562,36.03292340447926,11235,horizon
7416,2025-12-11,20,2.0,102.21786976303754,48.007662188473596,156.42807733760148,11235,horizon
7416,2025-12-12,21,2.0,17.144243203452657,8.051968193980208,26.236518212925105,11235,horizon
7416,2025-12-13,22,2.0,14.013120529772495,2.0,26.10930805322016,14445,horizon
7416,2025-12-14,23,2.0,12.311773029898571,2.0,22.93934987827928,14445,horizon
7416,2025-12-15,24,5.0,19.11293924651112,5.0,35.611312807122644,14445,horizon
7416,2025-12-16,25,4.0,19.701200296299305,4.0,36.7073633928575,14445,horizon
7416,2025-12-17,26,3.0,29.015816445798432,3.9692355555095524,54.062397336087315,14445,horizon
7416,2025-12-18,27,5.0,98.23502376255857,13.438117443396436,183.0319300817207,14445,horizon
7416,2025-12-19,28,2.0,19.828192681323518,2.7124091972121604,36.943976165434876,14445,horizon
7416,2025-12-20,29,2.0,15.106491801116672,2.0665013679009654,28.146482234332378,14445,horizon
7416,2025-12-21,30,0.0,7.446700901506922,1.0186757985845452,13.874726004429299,14445,horizon
7432,2025-11-22,1,0.0,1.3489376408701964e-16,0.0,0.16510716996673924,4815,horizon
7432,2025-11-23,2,0.0,1.3489376408701964e-16,0.0,0.16510716996673924,4815,horizon
7432,2025-11-24,3,0.0,1.3489376408701964e-16,0.0,0.16510716996673924,4815,horizon
7432,2025-11-25,4,0.0,0.0,0.0,0.3164391922845506,6420,horizon
7432,2025-11-26,5,0.0,1.063931367340635e-05,0.0,0.316449831598224,6420,horizon
7432,2025-11-27,6,0.0,0.0,0.0,0.3164391922845506,6420,horizon
7432,2025-11-28,7,0.0,0.0,0.0,0.3164391922845506,6420,horizon
7432,2025-11-29,8,0.0,0.0,0.0,0.4385606460783185,11235,horizon
7432,2025-11-30,9,0.0,0.0,0.0,0.4385606460783185,11235,horizon
7432,2025-12-01,10,0.0,0.0,0.0,0.4385606460783185,11235,horizon
7432,2025-12-02,11,0.0,0.0,0.0,0.4385606460783185,11235,horizon
7432,2025-12-03,12,0.0,2.5849940322444678e-05,0.0,0.43858649601864097,11235,horizon
7432,2025-12-04,13,1.0,1.9865880954192061,1.1153487368006627,2.8578274540377495,11235,horizon
7432,2025-12-05,14,0.0,3.7754412860922397e-06,0.0,0.4385644215196046,11235,horizon
7432,2025-12-06,15,0.0,0.019364210998845534,0.0,0.5497040400349483,11235,horizon
7432,2025-12-07,16,1.0,1.695630726732821,1.0,2.594891236456668,11235,horizon
7432,2025-12-08,17,0.0,0.0015770409816312592,0.0,0.531916870017734,11235,horizon
7432,2025-12-09,18,0.0,0.013646516644395488,0.0,0.5439863456804983,11235,horizon
7432,2025-12-10,19,0.0,0.0,0.0,0.5303398290361028,11235,horizon
7432,2025-12-11,20,0.0,0.045820608900603195,0.0,0.576160437936706,11235,horizon
7432,2025-12-12,21,0.0,0.0040240715277191945,0.0,0.534363900563822,11235,horizon
7432,2025-12-13,22,0.0,0.021981915171084502,0.0,0.8851863311859126,14445,horizon
7432,2025-12-14,23,0.0,0.0035483669966139353,0.0,0.8667527830114421,14445,horizon
7432,2025-12-15,24,0.0,0.009220403370067468,0.0,0.8724248193848956,14445,horizon
7432,2025-12-16,25,1.0,2.038940750752018,1.0,3.798963410793749,14445,horizon
7432,2025-12-17,26,0.0,0.0,0.0,0.8632044160148281,14445,horizon
7432,2025-12-18,27,1.0,3.3097279668197945,1.0,6.16669976358642,14445,horizon
7432,2025-12-19,28,0.0,0.004625352322221441,0.0,0.8678297683370495,14445,horizon
7432,2025-12-20,29,0.0,0.005867530257582093,0.0,0.8690719462724102,14445,horizon
7432,2025-12-21,30,0.0,0.03694524083106068,0.0,0.9001496568458888,14445,horizon
7458,2025-11-22,1,0.0,0.013182383977290334,0.0,0.17828955394402943,4815,horizon
7458,2025-11-23,2,0.0,0.006801257204108128,0.0,0.17190842717084723,4815,horizon
7458,2025-11-24,3,3.0,3.0152677035795814,3.0,3.5131100208097146,4815,horizon
7458,2025-11-25,4,0.0,0.032151167506626825,0.0,0.3485903597911774,6420,horizon
7458,2025-11-26,5,0.0,0.3696779295068875,0.05323873722233691,0.6861171217914381,6420,horizon
7458,2025-11-27,6,0.0,0.49205181861911845,0.17561262633456787,0.808491010903669,6420,horizon
7458,2025-11-28,7,0.0,0.0,0.0,0.3164391922845506,6420,horizon
7458,2025-11-29,8,0.0,0.0072632567608266856,0.0,0.4458239028391452,11235,horizon
7458,2025-11-30,9,0.0,0.009310963874931258,0.0,0.44787160995324976,11235,horizon
7458,2025-12-01,10,0.0,0.016619149499552205,0.0,0.4551797955778707,11235,horizon
7458,2025-12-02,11,0.0,0.021084883333442113,0.0,0.4596455294117606,11235,horizon
7458,2025-12-03,12,0.0,0.325905174610151,0.0,0.7644658206884696,11235,horizon
7458,2025-12-04,13,0.0,0.5038934318828533,0.06533278580453478,0.9424540779611719,11235,horizon
7458,2025-12-05,14,0.0,0.04872598797810078,0.0,0.4872866340564193,11235,horizon
7458,2025-12-06,15,0.0,0.21502739425739553,0.0,0.7453672232934982,11235,horizon
7458,2025-12-07,16,0.0,0.08924049329653651,0.0,0.6195803223326393,11235,horizon
7458,2025-12-08,17,0.0,0.05102052984691547,0.0,0.5813603588830183,11235,horizon
7458,2025-12-09,18,0.0,0.04536481058299683,0.0,0.5757046396190996,11235,horizon
7458,2025-12-10,19,0.0,0.25300614660817183,0.0,0.7833459756442747,11235,horizon
7458,2025-12-11,20,0.0,0.6508970339689472,0.12055720493284439,1.1812368630050498,11235,horizon
7458,2025-12-12,21,0.0,0.06166826539856317,0.0,0.592008094434666,11235,horizon
7458,2025-12-13,22,0.0,0.05299683364397343,0.0,0.9162012496588016,14445,horizon
7458,2025-12-14,23,0.0,0.030519594360930904,0.0,0.893724010375759,14445,horizon
7458,2025-12-15,24,0.0,0.040148164538226706,0.0,0.9033525805530548,14445,horizon
7458,2025-12-16,25,0.0,0.08124887217332682,0.0,0.9444532881881549,14445,horizon
7458,2025-12-17,26,0.0,0.12646223145245145,0.0,0.9896666474672795,14445,horizon
7458,2025-12-18,27,2.0,3.4406345724656413,2.0,6.4106055293112725,14445,horizon
7458,2025-12-19,28,0.0,0.15058069372404106,0.0,1.0137851097388693,14445,horizon
7458,2025-12-20,29,0.0,0.1557394657035596,0.0,1.0189438817183878,14445,horizon
7458,2025-12-21,30,0.0,0.052061257944156676,0.0,0.9152656739589848,14445,horizon
7515,2025-11-22,1,0.0,1.3489376408701964e-16,0.0,0.16510716996673924,4815,horizon
7515,2025-11-23,2,0.0,1.3489376408701964e-16,0.0,0.16510716996673924,4815,horizon
7515,2025-11-24,3,0.0,1.3489376408701964e-16,0.0,0.16510716996673924,4815,horizon
7515,2025-11-25,4,0.0,1.3489376408701964e-16,0.0,0.3164391922845507,6420,horizon
7515,2025-11-26,5,0.0,1.3489376408701964e-16,0.0,0.3164391922845507,6420,horizon
7515,2025-11-27,6,0.0,1.3489376408701964e-16,0.0,0.3164391922845507,6420,horizon
7515,2025-11-28,7,0.0,1.3489376408701964e-16,0.0,0.3164391922845507,6420,horizon
7515,2025-11-29,8,0.0,1.5006439558569507e-16,0.0,0.4385606460783187,11235,horizon
7515,2025-11-30,9,0.0,1.5006439558569507e-16,0.0,0.4385606460783187,11235,horizon
7515,2025-12-01,10,0.0,1.5006439558569507e-16,0.0,0.4385606460783187,11235,horizon
7515,2025-12-02,11,0.0,1.5006439558569507e-16,0.0,0.4385606460783187,11235,horizon
7515,2025-12-03,12,0.0,1.5006439558569507e-16,0.0,0.4385606460783187,11235,horizon
7515,2025-12-04,13,0.0,1.5006439558569507e-16,0.0,0.4385606460783187,11235,horizon
7515,2025-12-05,14,0.0,1.5006439558569507e-16,0.0,0.4385606460783187,11235,horizon
7515,2025-12-06,15,0.0,2.0936493878579075e-16,0.0,0.530339829036103,11235,horizon
7515,2025-12-07,16,0.0,2.0936493878579075e-16,0.0,0.530339829036103,11235,horizon
7515,2025-12-08,17,0.0,2.0936493878579075e-16,0.0,0.530339829036103,11235,horizon
7515,2025-12-09,18,0.0,2.0936493878579075e-16,0.0,0.530339829036103,11235,horizon
7515,2025-12-10,19,0.0,2.0936493878579075e-16,0.0,0.530339829036103,11235,horizon
7515,2025-12-11,20,0.0,2.0936493878579075e-16,0.0,0.530339829036103,11235,horizon
7515,2025-12-12,21,0.0,2.0936493878579075e-16,0.0,0.530339829036103,11235,horizon
7515,2025-12-13,22,0.0,2.085521617919071e-16,0.0,0.8632044160148283,14445,horizon
7515,2025-12-14,23,0.0,2.085521617919071e-16,0.0,0.8632044160148283,14445,horizon
7515,2025-12-15,24,0.0,2.085521617919071e-16,0.0,0.8632044160148283,14445,horizon
7515,2025-12-16,25,0.0,2.085521617919071e-16,0.0,0.8632044160148283,14445,horizon
7515,2025-12-17,26,0.0,2.085521617919071e-16,0.0,0.8632044160148283,14445,horizon
7515,2025-12-18,27,0.0,2.085521617919071e-16,0.0,0.8632044160148283,14445,horizon
7515,2025-12-19,28,0.0,2.085521617919071e-16,0.0,0.8632044160148283,14445,horizon
7515,2025-12-20,29,0.0,2.085521617919071e-16,0.0,0.8632044160148283,14445,horizon
7515,2025-12-21,30,0.0,2.085521617919071e-16,0.0,0.8632044160148283,14445,horizon
7562,2025-11-22,1,632.0,691.4566237557118,632.0,805.6210700587737,4815,horizon
7562,2025-11-23,2,429.0,549.3892138667228,458.6811155549366,640.097312178509,4815,horizon
7562,2025-11-24,3,351.0,507.7262626646433,423.8970163182948,591.5555090109917,4815,horizon
7562,2025-11-25,4,385.0,614.8458447337882,420.28452224671605,809.4071672208604,6420,horizon
7562,2025-11-26,5,451.0,846.1081131562169,578.3663452436585,1113.8498810687752,6420,horizon
7562,2025-11-27,6,382.0,923.0831214812979,630.9834441082543,1215.1827988543414,6420,horizon
7562,2025-11-28,7,177.0,383.91021919398213,262.42597952245364,505.3944588655106,6420,horizon
7562,2025-11-29,8,176.0,366.91320456988433,205.9995125190496,527.826896620719,11235,horizon
7562,2025-11-30,9,135.0,323.0077947325657,181.34928758631878,464.6663018788126,11235,horizon
7562,2025-12-01,10,126.0,320.872713040491,180.15056870055037,461.5948573804317,11235,horizon
7562,2025-12-02,11,107.0,333.4272431839091,187.19917599306132,479.65531037475694,11235,horizon
7562,2025-12-03,12,114.0,497.2669894063043,279.18525725885513,715.3487215537534,11235,horizon
7562,2025-12-04,13,158.0,1057.2867877182239,593.6024110064496,1520.9711644299982,11235,horizon
7562,2025-12-05,14,88.0,404.3224738677526,227.00254850432697,581.6423992311782,11235,horizon
7562,2025-12-06,15,82.0,351.7435339461286,165.19992828858415,538.287139603673,11235,horizon
7562,2025-12-07,16,74.0,337.02308943795043,158.28632180420863,515.7598570716923,11235,horizon
7562,2025-12-08,17,96.0,348.80109016193967,163.81797963785033,533.784200686029,11235,horizon
7562,2025-12-09,18,64.0,318.7920712207168,149.72393867145675,487.8602037699769,11235,horizon
7562,2025-12-10,19,74.0,456.16053378029255,214.24043428223482,698.0806332783503,11235,horizon
7562,2025-12-11,20,91.0,961.968193183696,451.798146072486,1472.1382402949062,11235,horizon
7562,2025-12-12,21,31.0,306.62731108138007,144.01063534468108,469.24398681807907,11235,horizon
7562,2025-12-13,22,23.0,254.20794546814125,34.7745243539851,473.6413665822974,14445,horizon
7562,2025-12-14,23,21.0,204.64735649125822,27.994854642243325,381.2998583402731,14445,horizon
7562,2025-12-15,24,29.0,258.5674290548432,35.37088245710177,481.7639756525847,14445,horizon
7562,2025-12-16,25,23.0,275.30417163095706,37.66039493181077,512.9479483301034,14445,horizon
7562,2025-12-17,26,38.0,444.757289438937,60.840833140461484,828.6737457374124,14445,horizon
7562,2025-12-18,27,65.0,677.5719384160651,92.68884900759053,1262.4550278245397,14445,horizon
7562,2025-12-19,28,29.0,310.8821287167329,42.52730234835883,579.236955085107,14445,horizon
7562,2025-12-20,29,22.0,239.99899394095414,32.830802532006544,447.16718534990173,14445,horizon
7562,2025-12-21,30,11.0,159.560938003697,21.827231695437547,297.29464431195646,14445,horizon
7599,2025-11-22,1,1.0,1.0000002062297872,1.0,1.1651074102465429,4815,horizon
7599,2025-11-23,2,1.0,1.0002644832077445,1.0,1.165415321248418,4815,horizon
7599,2025-11-24,3,1.0,1.0000543384495686,1.0,1.1651704800839364,4815,horizon
7599,2025-11-25,4,0.0,1.3489376408701964e-16,0.0,0.3164391922845507,6420,horizon
7599,2025-11-26,5,0.0,1.3489376408701964e-16,0.0,0.3164391922845507,6420,horizon
7599,2025-11-27,6,0.0,1.3489376408701964e-16,0.0,0.3164391922845507,6420,horizon
7599,2025-11-28,7,0.0,1.3489376408701964e-16,0.0,0.3164391922845507,6420,horizon
7599,2025-11-29,8,0.0,1.5006439558569507e-16,0.0,0.4385606460783187,11235,horizon
7599,2025-11-30,9,0.0,1.5006439558569507e-16,0.0,0.4385606460783187,11235,horizon
7599,2025-12-01,10,0.0,1.5006439558569507e-16,0.0,0.4385606460783187,11235,horizon
7599,2025-12-02,11,0.0,1.5006439558569507e-16,0.0,0.4385606460783187,11235,horizon
7599,2025-12-03,12,0.0,1.5006439558569507e-16,0.0,0.4385606460783187,11235,horizon
7599,2025-12-04,13,0.0,1.5006439558569507e-16,0.0,0.4385606460783187,11235,horizon
7599,2025-12-05,14,0.0,1.5006439558569507e-16,0.0,0.4385606460783187,11235,horizon
7599,2025-12-06,15,0.0,0.011759281239731814,0.0,0.5420991102758346,11235,horizon
7599,2025-12-07,16,0.0,0.04995413399843612,0.0,0.580293963034539,11235,horizon
7599,2025-12-08,17,0.0,0.0,0.0,0.5303398290361028,11235,horizon
7599,2025-12-09,18,0.0,0.0,0.0,0.5303398290361028,11235,horizon
7599,2025-12-10,19,0.0,0.0,0.0,0.5303398290361028,11235,horizon
7599,2025-12-11,20,0.0,0.009398828364103093,0.0,0.5397386574002059,11235,horizon
7599,2025-12-12,21,0.0,0.0,0.0,0.5303398290361028,11235,horizon
7599,2025-12-13,22,0.0,0.02297113240978702,0.0,0.8861755484246151,14445,horizon
7599,2025-12-14,23,0.0,0.009243576321376325,0.0,0.8724479923362044,14445,horizon
7599,2025-12-15,24,0.0,0.019754989926354122,0.0,0.8829594059411823,14445,horizon
7599,2025-12-16,25,0.0,0.02398096077013167,0.0,0.8871853767849598,14445,horizon
7599,2025-12-17,26,0.0,0.014077036412242736,0.0,0.8772814524270709,14445,horizon
7599,2025-12-18,27,0.0,0.022581593547095397,0.0,0.8857860095619235,14445,horizon
7599,2025-12-19,28,0.0,0.0,0.0,0.8632044160148281,14445,horizon
7599,2025-12-20,29,0.0,0.002148420599542966,0.0,0.8653528366143711,14445,horizon
7599,2025-12-21,30,0.0,0.0030243643007522385,0.0,0.8662287803155804,14445,horizon
7613,2025-11-22,1,11.0,11.608243492997568,11.0,13.524847724411211,4815,horizon
7613,2025-11-23,2,3.0,4.471376986589434,3.733120586479247,5.209633386699622,4815,horizon
7613,2025-11-24,3,3.0,5.812652320862378,4.852941746164193,6.772362895560564,4815,horizon
7613,2025-11-25,4,5.0,8.54364772979435,5.840102743014491,11.247192716574208,6420,horizon
7613,2025-11-26,5,4.0,11.127404767010134,7.6062577903141895,14.64855174370608,6420,horizon
7613,2025-11-27,6,1.0,8.763111983208788,5.990119905343132,11.536104061074443,6420,horizon
7613,2025-11-28,7,0.0,2.37966622613552,1.6266465676303712,3.1326858846406687,6420,horizon
7613,2025-11-29,8,3.0,5.780478505435967,3.2453881174501364,8.315568893421798,11235,horizon
7613,2025-11-30,9,3.0,5.824719717783379,3.2702268751271792,8.37921256043958,11235,horizon
7613,2025-12-01,10,0.0,3.111049141445449,1.7466654199917349,4.475432862899163,11235,horizon
7613,2025-12-02,11,0.0,4.176415222631124,2.3448038643026936,6.008026580959553,11235,horizon
7613,2025-12-03,12,1.0,8.807273760128478,4.94475008969791,12.669797430559045,11235,horizon
7613,2025-12-04,13,1.0,18.47777539263476,10.374150278350806,26.58140050691872,11235,horizon
7613,2025-12-05,14,0.0,4.202027723305312,2.3591837301335286,6.044871716477095,11235,horizon
7613,2025-12-06,15,0.0,4.648332097245433,2.183136447489261,7.113527747001605,11235,horizon
7613,2025-12-07,16,0.0,4.55604014328521,2.1397905926137106,6.972289693956709,11235,horizon
7613,2025-12-08,17,0.0,4.02943645458831,1.8924658141501056,6.166407095026514,11235,horizon
7613,2025-12-09,18,0.0,4.960052772909989,2.3295392333148577,7.5905663125051195,11235,horizon
7613,2025-12-10,19,0.0,8.885339355175864,4.173090000624141,13.597588709727587,11235,horizon
7613,2025-12-11,20,0.0,14.042246146738655,6.595083725994404,21.489408567482908,11235,horizon
7613,2025-12-12,21,0.0,4.380589873995446,2.0573885891434185,6.703791158847475,11235,horizon
7613,2025-12-13,22,0.0,4.219547579579166,0.5772154753017507,7.861879683856582,14445,horizon
7613,2025-12-14,23,0.0,3.9925777397403244,0.5461670035139754,7.438988475966673,14445,horizon
7613,2025-12-15,24,0.0,4.940182326522273,0.6757951263498398,9.204569526694707,14445,horizon
7613,2025-12-16,25,0.0,5.640814777634068,0.7716385516586399,10.509991003609496,14445,horizon
7613,2025-12-17,26,0.0,9.15022558802103,1.2517104529093999,17.04874072313266,14445,horizon
7613,2025-12-18,27,0.0,11.302692394466707,1.5461584067058336,21.05922638222758,14445,horizon
7613,2025-12-19,28,0.0,4.971481514663974,0.6800767170699453,9.262886312258004,14445,horizon
7613,2025-12-20,29,0.0,4.351488947716713,0.595264471807929,8.107713423625498,14445,horizon
7613,2025-12-21,30,0.0,3.3677194282678657,0.4606891458881117,6.27474971064762,14445,horizon
7619,2025-11-22,1,7978.0,9049.750171931672,7978.0,10543.92881172532,4815,horizon
7619,2025-11-23,2,6264.0,8254.019307019278,6891.2215383865005,9616.817075652056,4815,horizon
7619,2025-11-24,3,5012.0,7359.5807955032615,6144.461238216156,8574.700352790367,4815,horizon
7619,2025-11-25,4,4910.0,8030.6769906037725,5489.456050198989,10571.897931008556,6420,horizon
7619,2025-11-26,5,5363.0,10603.11601045641,7247.874544408197,13958.357476504621,6420,horizon
7619,2025-11-27,6,5225.0,12476.974852453692,8528.771007988596,16425.17869691879,6420,horizon
7619,2025-11-28,7,2039.0,5188.385803206741,3546.5771903793707,6830.194416034112,6420,horizon
7619,2025-11-29,8,1973.0,5356.81567650963,3007.527132497102,7706.104220522158,11235,horizon
7619,2025-11-30,9,1854.0,5618.076559538,3154.209273869558,8081.943845206442,11235,horizon
7619,2025-12-01,10,1769.0,5794.165908407684,3253.0727641314425,8335.259052683925,11235,horizon
7619,2025-12-02,11,1710.0,6161.442607581781,3459.2763568262358,8863.608858337326,11235,horizon
7619,2025-12-03,12,2162.0,9731.78247503992,5463.805665292754,13999.759284787084,11235,horizon
7619,2025-12-04,13,2417.0,15078.929183160884,8465.904258424634,21691.954107897134,11235,horizon
7619,2025-12-05,14,951.0,5327.565874559785,2991.1051425880437,7664.026606531526,11235,horizon
7619,2025-12-06,15,1111.0,6265.615292122837,2942.7099492924203,9588.520634953253,11235,horizon
7619,2025-12-07,16,980.0,5793.409794949017,2720.933834759672,8865.885755138363,11235,horizon
7619,2025-12-08,17,922.0,5485.0896043032935,2576.1281213093803,8394.051087297206,11235,horizon
7619,2025-12-09,18,850.0,5859.652754921658,2752.0455146655772,8967.25999517774,11235,horizon
7619,2025-12-10,19,1045.0,8657.636134956278,4066.1468672867795,13249.125402625776,11235,horizon
7619,2025-12-11,20,1163.0,12814.075063476668,6018.260685056664,19609.889441896674,11235,horizon
7619,2025-12-12,21,716.0,6607.756793703557,3103.4001854186663,10112.113401988448,11235,horizon
7619,2025-12-13,22,852.0,6775.584016963977,926.8699724411836,12624.29806148677,14445,horizon
7619,2025-12-14,23,828.0,6343.032407500572,867.6988224209117,11818.365992580231,14445,horizon
7619,2025-12-15,24,831.0,6805.633382361767,930.9805929291588,12680.286171794374,14445,horizon
7619,2025-12-16,25,931.0,8190.321514263377,1120.3998145699761,15260.243213956779,14445,horizon
7619,2025-12-17,26,1012.0,10606.051870818503,1450.8610594456422,19761.24268219136,14445,horizon
7619,2025-12-18,27,982.0,12584.460220059556,1721.4985849412114,23447.4218551779,14445,horizon
7619,2025-12-19,28,672.0,7487.0122971796045,1024.190219496847,13949.834374862363,14445,horizon
7619,2025-12-20,29,713.0,6630.148144429422,906.9749873254268,12353.321301533419,14445,horizon
7619,2025-12-21,30,403.0,5378.1258473114,735.7038660287108,10020.54782859409,14445,horizon
7634,2025-11-22,1,0.0,0.002288946520998172,0.0,0.16739611648773728,4815,horizon
7634,2025-11-23,2,0.0,0.0,0.0,0.1651071699667391,4815,horizon
7634,2025-11-24,3,0.0,0.0,0.0,0.1651071699667391,4815,horizon
7634,2025-11-25,4,0.0,0.0024783735647054385,0.0,0.318917565849256,6420,horizon
7634,2025-11-26,5,0.0,0.2170160166304995,0.0,0.53345520891505,6420,horizon
7634,2025-11-27,6,0.0,0.27474194373484273,0.0,0.5911811360193933,6420,horizon
7634,2025-11-28,7,0.0,0.0,0.0,0.3164391922845506,6420,horizon
7634,2025-11-29,8,0.0,0.0023534676844323577,0.0,0.44091411376275086,11235,horizon
7634,2025-11-30,9,0.0,0.002071614173824164,0.0,0.4406322602521427,11235,horizon
7634,2025-12-01,10,0.0,0.011319617472532212,0.0,0.44988026355085076,11235,horizon
7634,2025-12-02,11,0.0,0.006908968139806966,0.0,0.4454696142181255,11235,horizon
7634,2025-12-03,12,0.0,0.2806194498810142,0.0,0.7191800959593327,11235,horizon
7634,2025-12-04,13,0.0,0.45761465641292076,0.019054010334602245,0.8961753024912393,11235,horizon
7634,2025-12-05,14,0.0,0.021060342315809305,0.0,0.4596209883941278,11235,horizon
7634,2025-12-06,15,0.0,0.08448643661537285,0.0,0.6148262656514756,11235,horizon
7634,2025-12-07,16,0.0,0.07026992660562778,0.0,0.6006097556417306,11235,horizon
7634,2025-12-08,17,0.0,0.029832948517021257,0.0,0.560172777553124,11235,horizon
7634,2025-12-09,18,0.0,0.011913223951328518,0.0,0.5422530529874313,11235,horizon
7634,2025-12-10,19,0.0,0.08592857379749545,0.0,0.6162684028335982,11235,horizon
7634,2025-12-11,20,0.0,0.23177558540825938,0.0,0.7621154144443621,11235,horizon
7634,2025-12-12,21,0.0,0.033139235667121375,0.0,0.5634790647032242,11235,horizon
7634,2025-12-13,22,0.0,0.05238491385395808,0.0,0.9155893298687862,14445,horizon
7634,2025-12-14,23,0.0,0.017710090459596747,0.0,0.8809145064744248,14445,horizon
7634,2025-12-15,24,0.0,0.06421351464215122,0.0,0.9274179306569793,14445,horizon
7634,2025-12-16,25,0.0,0.10288407870426432,0.0,0.9660884947190924,14445,horizon
7634,2025-12-17,26,0.0,0.09559737092359287,0.0,0.958801786938421,14445,horizon
7634,2025-12-18,27,0.0,0.16395393087041985,0.0,1.0271583468852479,14445,horizon
7634,2025-12-19,28,0.0,0.20010535949660624,0.0,1.0633097755114345,14445,horizon
7634,2025-12-20,29,0.0,0.17775065750390748,0.0,1.0409550735187356,14445,horizon
7634,2025-12-21,30,0.0,0.03771820937335843,0.0,0.9009226253881866,14445,horizon
7651,2025-11-22,1,349.0,402.75722625375425,349.0,469.25533206416526,4815,horizon
7651,2025-11-23,2,215.0,286.21536731193464,238.9591580140704,333.4715766097989,4815,horizon
7651,2025-11-24,3,258.0,365.43039401429655,305.0952158387656,425.7655721898275,4815,horizon
7651,2025-11-25,4,234.0,379.3980934490626,259.3416672037428,499.45451969438244,6420,horizon
7651,2025-11-26,5,180.0,387.83381153064306,265.10799346924773,510.5596295920384,6420,horizon
7651,2025-11-27,6,116.0,335.4118376393659,229.27438665408812,441.5492886246437,6420,horizon
7651,2025-11-28,7,97.0,210.1212823871642,143.630673506776,276.61189126755244,6420,horizon
7651,2025-11-29,8,101.0,210.6245266020183,118.25289813549718,302.99615506853945,11235,horizon
7651,2025-11-30,9,70.0,162.36567376642722,91.15847897848141,233.57286855437303,11235,horizon
7651,2025-12-01,10,58.0,150.84796861838367,84.69198604150341,217.00395119526394,11235,horizon
7651,2025-12-02,11,47.0,158.19925684240826,88.81928855249184,227.57922513232467,11235,horizon
7651,2025-12-03,12,32.0,192.3331760793034,107.9834141156691,276.6829380429377,11235,horizon
7651,2025-12-04,13,40.0,413.97461346896966,232.42163952599614,595.5275874119432,11235,horizon
7651,2025-12-05,14,21.0,135.12613732389843,75.86513123706195,194.38714341073492,11235,horizon
7651,2025-12-06,15,21.0,132.8234980351375,62.38190679520555,203.26508927506944,11235,horizon
7651,2025-12-07,16,17.0,118.47808926654608,55.64443966040191,181.31173887269026,11235,horizon
7651,2025-12-08,17,27.0,127.0044857857879,59.64894850733501,194.3600230642408,11235,horizon
7651,2025-12-09,18,8.0,107.307819453959,50.3982088305094,164.2174300774086,11235,horizon
7651,2025-12-10,19,11.0,156.22860035803583,73.37435115360549,239.08284956246618,11235,horizon
7651,2025-12-11,20,18.0,312.08498666048797,146.57388819023038,477.59608513074556,11235,horizon
7651,2025-12-12,21,11.0,114.96398534104324,53.99400500996534,175.93396567212113,11235,horizon
7651,2025-12-13,22,3.0,84.28156578814848,11.529346011174454,157.0337855651225,14445,horizon
7651,2025-12-14,23,13.0,93.01186122209158,13.0,173.3001105707594,14445,horizon
7651,2025-12-15,24,23.0,134.68418839853626,23.0,250.94417459152584,14445,horizon
7651,2025-12-16,25,29.0,178.3371479884134,29.0,332.27856167150173,14445,horizon
7651,2025-12-17,26,24.0,207.06917742833403,28.32614905163814,385.8122058050299,14445,horizon
7651,2025-12-18,27,15.0,269.9271556024123,36.92484288408835,502.9294683207363,14445,horizon
7651,2025-12-19,28,6.0,118.06131028983754,16.150265887152912,219.97235469252217,14445,horizon
7651,2025-12-20,29,1.0,88.76018374251757,12.142001169688854,165.37836631534628,14445,horizon
7651,2025-12-21,30,1.0,65.36233350450266,8.941278582382004,121.7833884266233,14445,horizon
7766,2025-11-22,1,138.0,162.03723304958658,138.0,188.7907420276448,4815,horizon
7766,2025-11-23,2,104.0,142.77601010587938,119.20266713815509,166.34935307360365,4815,horizon
7766,2025-11-24,3,90.0,140.41339841099216,117.23013957394102,163.5966572480433,4815,horizon
7766,2025-11-25,4,110.0,172.98849771285865,118.24815722208382,227.72883820363347,6420,horizon
7766,2025-11-26,5,96.0,179.45567630915576,122.66886704700875,236.24248557130278,6420,horizon
7766,2025-11-27,6,118.0,262.13754333569716,179.1869508550928,345.08813581630153,6420,horizon
7766,2025-11-28,7,57.0,122.7149206669737,83.88311028985385,161.54673104409355,6420,horizon
7766,2025-11-29,8,58.0,129.74184894697362,72.84217984939326,186.64151804455398,11235,horizon
7766,2025-11-30,9,46.0,128.4285713531377,72.10485412559021,184.7522885806852,11235,horizon
7766,2025-12-01,10,45.0,128.84498812903473,72.33864689121198,185.3513293668575,11235,horizon
7766,2025-12-02,11,45.0,137.25442769696753,77.0600372090756,197.44881818485945,11235,horizon
7766,2025-12-03,12,32.0,134.79609422313098,75.67983205180076,193.9123563944612,11235,horizon
7766,2025-12-04,13,63.0,258.50277841095806,145.13363289800787,371.87192392390824,11235,horizon
7766,2025-12-05,14,24.0,108.60866871273471,60.97718079237172,156.2401566330977,11235,horizon
7766,2025-12-06,15,17.0,102.80321495073771,48.28257550940175,157.32385439207366,11235,horizon
7766,2025-12-07,16,13.0,90.13304184251389,42.33189984125118,137.9341838437766,11235,horizon
7766,2025-12-08,17,12.0,89.63374635786943,42.09740063857156,137.17009207716728,11235,horizon
7766,2025-12-09,18,9.0,89.64260960967131,42.101563354928125,137.1836558644145,11235,horizon
7766,2025-12-10,19,15.0,115.37328918761258,54.18623872452128,176.5603396507039,11235,horizon
7766,2025-12-11,20,18.0,206.20949682590117,96.84838753363196,315.57060611817036,11235,horizon
7766,2025-12-12,21,7.0,92.73087060723977,43.55199654302726,141.90974467145227,11235,horizon
7766,2025-12-13,22,2.0,79.38726277176094,10.85982697184734,147.91469857167453,14445,horizon
7766,2025-12-14,23,2.0,75.45234929351734,10.321548184659875,140.58315040237483,14445,horizon
7766,2025-12-15,24,5.0,91.14933589947591,12.468826634229401,169.82984516472243,14445,horizon
7766,2025-12-16,25,10.0,109.6807062686918,15.003836265931795,204.3575762714518,14445,horizon
7766,2025-12-17,26,8.0,112.22311727380134,15.35162686410608,209.09460768349658,14445,horizon
7766,2025-12-18,27,56.0,282.7682742745037,56.0,526.8550973371474,14445,horizon
7766,2025-12-19,28,48.0,178.30317429659598,48.0,332.21526173887924,14445,horizon
7766,2025-12-20,29,4.0,93.70185096093796,12.817999422693049,174.58570249918287,14445,horizon
7766,2025-12-21,30,7.0,94.74777965998388,12.961077849885882,176.53448147008186,14445,horizon
7810,2025-11-22,1,6584.0,7379.772347397873,6584.0,8598.225674675536,4815,horizon
7810,2025-11-23,2,4990.0,6595.168158782528,5506.258608631195,7684.077708933861,4815,horizon
7810,2025-11-24,3,3694.0,5546.950603515514,4631.109287423772,6462.791919607255,4815,horizon
7810,2025-11-25,4,3723.0,6301.046332625515,4307.148320581968,8294.944344669062,6420,horizon
7810,2025-11-26,5,4533.0,9919.622559404668,6780.665208939048,13058.579909870288,6420,horizon
7810,2025-11-27,6,4382.0,11868.580509986545,8112.896479842243,15624.264540130847,6420,horizon
7810,2025-11-28,7,1513.0,4287.191771828367,2930.556270382027,5643.827273274706,6420,horizon
7810,2025-11-29,8,1261.0,3711.819568372616,2083.961580340976,5339.6775564042555,11235,horizon
7810,2025-11-30,9,1233.0,4167.960429823923,2340.057010891477,5995.8638487563685,11235,horizon
7810,2025-12-01,10,1087.0,3957.514481315272,2221.9043735253445,5693.124589105199,11235,horizon
7810,2025-12-02,11,1118.0,4652.640740536632,2612.1756113965803,6693.105869676683,11235,horizon
7810,2025-12-03,12,1455.0,7484.905184469358,4202.32033093352,10767.490038005195,11235,horizon
7810,2025-12-04,13,1497.0,11204.220151978765,6290.490123323242,16117.950180634289,11235,horizon
7810,2025-12-05,14,636.0,4441.13039931097,2493.42538207109,6388.835416550849,11235,horizon
7810,2025-12-06,15,576.0,4212.6359165929925,1978.507304795719,6446.764528390266,11235,horizon
7810,2025-12-07,16,508.0,3719.8318656882084,1747.0568699960768,5692.60686138034,11235,horizon
7810,2025-12-08,17,482.0,3654.9060126593577,1716.5637827625699,5593.248242556146,11235,horizon
7810,2025-12-09,18,473.0,4065.631784963106,1909.4653192020269,6221.798250724185,11235,horizon
7810,2025-12-10,19,587.0,6207.474030197021,2915.403314276285,9499.544746117757,11235,horizon
7810,2025-12-11,20,654.0,11196.933308693751,5258.753612032463,17135.11300535504,11235,horizon
7810,2025-12-12,21,345.0,4381.524672401494,2057.8276267226197,6705.221718080369,11235,horizon
7810,2025-12-13,22,377.0,3533.3091868362717,483.34109361344053,6583.277280059103,14445,horizon
7810,2025-12-14,23,352.0,3345.596416765583,457.6628156101465,6233.530017921019,14445,horizon
7810,2025-12-15,24,352.0,3475.2679816580107,475.4013130558774,6475.134650260145,14445,horizon
7810,2025-12-16,25,424.0,4459.024627078205,609.9748778654266,8308.074376290984,14445,horizon
7810,2025-12-17,26,477.0,6497.788542989873,888.8687783504593,12106.708307629287,14445,horizon
7810,2025-12-18,27,666.0,9874.59221533747,1350.8006087125214,18398.38382196242,14445,horizon
7810,2025-12-19,28,357.0,4714.083743931819,644.8658387061587,8783.30164915748,14445,horizon
7810,2025-12-20,29,250.0,3225.6616903768772,441.2562746737017,6010.067106080052,14445,horizon
7810,2025-12-21,30,94.0,2256.4762290460185,308.67598350100866,4204.276474591028,14445,horizon
7888,2025-11-22,1,0.0,1.3489376408701964e-16,0.0,0.16510716996673924,4815,horizon
7888,2025-11-23,2,0.0,1.3489376408701964e-16,0.0,0.16510716996673924,4815,horizon
7888,2025-11-24,3,0.0,1.3489376408701964e-16,0.0,0.16510716996673924,4815,horizon
7888,2025-11-25,4,0.0,1.3489376408701964e-16,0.0,0.3164391922845507,6420,horizon
7888,2025-11-26,5,0.0,1.3489376408701964e-16,0.0,0.3164391922845507,6420,horizon
7888,2025-11-27,6,0.0,1.3489376408701964e-16,0.0,0.3164391922845507,6420,horizon
7888,2025-11-28,7,0.0,1.3489376408701964e-16,0.0,0.3164391922845507,6420,horizon
7888,2025-11-29,8,0.0,1.5006439558569507e-16,0.0,0.4385606460783187,11235,horizon
7888,2025-11-30,9,0.0,1.5006439558569507e-16,0.0,0.4385606460783187,11235,horizon
7888,2025-12-01,10,0.0,1.5006439558569507e-16,0.0,0.4385606460783187,11235,horizon
7888,2025-12-02,11,0.0,1.5006439558569507e-16,0.0,0.4385606460783187,11235,horizon
7888,2025-12-03,12,0.0,1.5006439558569507e-16,0.0,0.4385606460783187,11235,horizon
7888,2025-12-04,13,0.0,1.5006439558569507e-16,0.0,0.4385606460783187,11235,horizon
7888,2025-12-05,14,0.0,1.5006439558569507e-16,0.0,0.4385606460783187,11235,horizon
7888,2025-12-06,15,0.0,2.0936493878579075e-16,0.0,0.530339829036103,11235,horizon
7888,2025-12-07,16,0.0,2.0936493878579075e-16,0.0,0.530339829036103,11235,horizon
7888,2025-12-08,17,0.0,2.0936493878579075e-16,0.0,0.530339829036103,11235,horizon
7888,2025-12-09,18,0.0,2.0936493878579075e-16,0.0,0.530339829036103,11235,horizon
7888,2025-12-10,19,0.0,2.0936493878579075e-16,0.0,0.530339829036103,11235,horizon
7888,2025-12-11,20,0.0,2.0936493878579075e-16,0.0,0.530339829036103,11235,horizon
7888,2025-12-12,21,0.0,2.0936493878579075e-16,0.0,0.530339829036103,11235,horizon
7888,2025-12-13,22,0.0,0.00011539169020314227,0.0,0.8633198077050313,14445,horizon
7888,2025-12-14,23,0.0,2.085521617919071e-16,0.0,0.8632044160148283,14445,horizon
7888,2025-12-15,24,0.0,2.085521617919071e-16,0.0,0.8632044160148283,14445,horizon
7888,2025-12-16,25,0.0,2.085521617919071e-16,0.0,0.8632044160148283,14445,horizon
7888,2025-12-17,26,0.0,2.085521617919071e-16,0.0,0.8632044160148283,14445,horizon
7888,2025-12-18,27,0.0,2.085521617919071e-16,0.0,0.8632044160148283,14445,horizon
7888,2025-12-19,28,0.0,2.085521617919071e-16,0.0,0.8632044160148283,14445,horizon
7888,2025-12-20,29,0.0,2.085521617919071e-16,0.0,0.8632044160148283,14445,horizon
7888,2025-12-21,30,0.0,2.085521617919071e-16,0.0,0.8632044160148283,14445,horizon
7896,2025-11-22,1,14.0,16.78762798996973,14.015870242091413,19.55938573784805,4815,horizon
7896,2025-11-23,2,17.0,23.373749750498526,19.51457607768294,27.232923423314112,4815,horizon
7896,2025-11-24,3,12.0,20.71824950691054,17.297517964159752,24.138981049661325,4815,horizon
7896,2025-11-25,4,21.0,33.578736811275846,22.953108456780214,44.20436516577148,6420,horizon
7896,2025-11-26,5,17.0,31.429662760201303,21.484085662587383,41.375239857815224,6420,horizon
7896,2025-11-27,6,64.0,111.92634847397011,76.50846516750786,147.34423178043235,6420,horizon
7896,2025-11-28,7,6.0,20.99485650031936,14.351261067228256,27.638451933410465,6420,horizon
7896,2025-11-29,8,5.0,18.280839784777758,10.263582877911395,26.29809669164412,11235,horizon
7896,2025-11-30,9,7.0,22.23231971428514,12.48209921656851,31.98254021200177,11235,horizon
7896,2025-12-01,10,5.0,21.81659221515092,12.248693438047118,31.38449099225472,11235,horizon
7896,2025-12-02,11,6.0,24.227356647165525,13.602191463214767,34.852521831116285,11235,horizon
7896,2025-12-03,12,6.0,26.558901722582718,14.911212623996274,38.20659082116916,11235,horizon
7896,2025-12-04,13,26.0,108.31078201136187,60.809935475211084,155.81162854751264,11235,horizon
7896,2025-12-05,14,3.0,25.71548211759179,14.437683665885288,36.99328056929829,11235,horizon
7896,2025-12-06,15,10.0,29.621955626431415,13.912252743794756,45.33165850906808,11235,horizon
7896,2025-12-07,16,9.0,29.538327727854355,13.872976050651703,45.20367940505701,11235,horizon
7896,2025-12-08,17,3.0,21.980013358250762,10.323136831624797,33.63688988487672,11235,horizon
7896,2025-12-09,18,3.0,22.299806296990397,10.473330837906301,34.12628175607449,11235,horizon
7896,2025-12-10,19,3.0,25.534324208086385,11.992455073017432,39.07619334315534,11235,horizon
7896,2025-12-11,20,13.0,111.28245242735112,52.264935632311484,170.29996922239076,11235,horizon
7896,2025-12-12,21,4.0,32.00314372152275,15.030601951632548,48.975685491412946,11235,horizon
7896,2025-12-13,22,3.0,22.604201645306787,3.0921549645883246,42.11624832602525,14445,horizon
7896,2025-12-14,23,3.0,21.983085692582552,3.0071890451129057,40.9589823400522,14445,horizon
7896,2025-12-15,24,3.0,28.60979760857254,3.913693971562253,53.305901245582824,14445,horizon
7896,2025-12-16,25,3.0,29.158947100506914,3.988815197006577,54.329079004007255,14445,horizon
7896,2025-12-17,26,3.0,31.28220519921857,4.279267528571083,58.28514286986606,14445,horizon
7896,2025-12-18,27,20.0,104.7516280679855,20.0,195.17369600101338,14445,horizon
7896,2025-12-19,28,1.0,31.395166639996436,4.294720154830099,58.49561312516278,14445,horizon
7896,2025-12-20,29,1.0,23.31265344653432,3.189068042462594,43.436238850606046,14445,horizon
7896,2025-12-21,30,3.0,21.011524352810905,3.0,39.148764961360385,14445,horizon
7963,2025-11-22,1,7.0,7.115917240088963,7.0,8.29080619731758,4815,horizon
7963,2025-11-23,2,4.0,4.4834604508560325,4.0,5.223711917554672,4815,horizon
7963,2025-11-24,3,4.0,4.789771395864529,4.0,5.580596995823359,4815,horizon
7963,2025-11-25,4,2.0,2.9490147430825013,2.015830899746243,3.8821985864187596,6420,horizon
7963,2025-11-26,5,3.0,5.293068943128563,3.6181344820585206,6.968003404198605,6420,horizon
7963,2025-11-27,6,3.0,6.324410462249596,4.323119123899373,8.32570180059982,6420,horizon
7963,2025-11-28,7,2.0,3.869366314597197,2.6449471633530117,5.093785465841382,6420,horizon
7963,2025-11-29,8,2.0,4.433455016863798,2.4891161203088483,6.377793913418747,11235,horizon
7963,2025-11-30,9,2.0,4.837807292765284,2.71613540084774,6.959479184682827,11235,horizon
7963,2025-12-01,10,2.0,5.092322241189212,2.85903010905428,7.325614373324144,11235,horizon
7963,2025-12-02,11,2.0,5.467627665036668,3.0697413437424985,7.865513986330837,11235,horizon
7963,2025-12-03,12,2.0,6.148196550774375,3.4518394992502754,8.844553602298475,11235,horizon
7963,2025-12-04,13,2.0,8.452370657153597,4.7454935208588935,12.159247793448301,11235,horizon
7963,2025-12-05,14,2.0,4.7409152343885,2.6617363861925365,6.820094082584463,11235,horizon
7963,2025-12-06,15,2.0,5.04102028025312,2.3675664466561535,7.714474113850086,11235,horizon
7963,2025-12-07,16,2.0,4.891069796009326,2.297140676590094,7.484998915428558,11235,horizon
7963,2025-12-08,17,3.0,7.259290168466997,3.409399461598748,11.109180875335245,11235,horizon
7963,2025-12-09,18,2.0,5.249253518075597,2.4653653047322237,8.03314173141897,11235,horizon
7963,2025-12-10,19,1.0,3.75639046218224,1.764226986675664,5.748553937688817,11235,horizon
7963,2025-12-11,20,1.0,5.345703746047175,2.510664135290862,8.180743356803488,11235,horizon
7963,2025-12-12,21,1.0,3.2894394680705394,1.5449187029494007,5.033960233191678,11235,horizon
7963,2025-12-13,22,1.0,3.355514026515499,1.0,6.252008552203375,14445,horizon
7963,2025-12-14,23,1.0,3.2452939406696046,1.0,6.046646001521771,14445,horizon
7963,2025-12-15,24,1.0,3.7032849343825665,1.0,6.899976843502781,14445,horizon
7963,2025-12-16,25,1.0,4.441812472599446,1.0,8.276004614057031,14445,horizon
7963,2025-12-17,26,1.0,4.479735438691259,1.0,8.346662851947677,14445,horizon
7963,2025-12-18,27,1.0,5.662576183097215,1.0,10.550536950367121,14445,horizon
7963,2025-12-19,28,1.0,4.469343836153021,1.0,8.32730117220896,14445,horizon
7963,2025-12-20,29,1.0,4.863029395454992,1.0,9.060817844821662,14445,horizon
7963,2025-12-21,30,1.0,4.6942579369749105,1.0,8.74636211808431,14445,horizon
7992,2025-11-22,1,1.0,1.0,1.0,1.165107169966739,4815,horizon
7992,2025-11-23,2,1.0,1.0118555399312552,1.0,1.1789201445444715,4815,horizon
7992,2025-11-24,3,1.0,1.2922929660153968,1.0789261316286713,1.5056598004021222,4815,horizon
7992,2025-11-25,4,1.0,1.3703795629150985,1.0,1.8040213649272079,6420,horizon
7992,2025-11-26,5,1.0,1.825306573803671,1.2477080359175567,2.402905111689785,6420,horizon
7992,2025-11-27,6,1.0,2.1632046202264137,1.4786818974557594,2.847727342997068,6420,horizon
7992,2025-11-28,7,1.0,1.3681239972056771,1.0,1.8010520498265523,6420,horizon
7992,2025-11-29,8,1.0,1.3906238374024842,1.0,2.000496725985628,11235,horizon
7992,2025-11-30,9,1.0,1.6117527513286416,1.0,2.3186040792698384,11235,horizon
7992,2025-12-01,10,2.0,3.0213617717664394,2.0,4.346412142428662,11235,horizon
7992,2025-12-02,11,1.0,2.0273417628753707,1.138229449527191,2.9164540762235505,11235,horizon
7992,2025-12-03,12,1.0,2.2570184920969956,1.2671790039922248,3.2468579802017663,11235,horizon
7992,2025-12-04,13,1.0,2.7548053073968832,1.5466561119649254,3.962954502828841,11235,horizon
7992,2025-12-05,14,1.0,1.9866394362344972,1.1153775615548298,2.8579013109141647,11235,horizon
7992,2025-12-06,15,1.0,2.3928012634793383,1.1238034504883354,3.6617990764703414,11235,horizon
7992,2025-12-07,16,1.0,2.316452392943008,1.0879454268993418,3.5449593589866737,11235,horizon
7992,2025-12-08,17,1.0,2.144669286442671,1.0072657437316843,3.282072829153657,11235,horizon
7992,2025-12-09,18,1.0,2.2763564464261155,1.069113957803259,3.4835989350489722,11235,horizon
7992,2025-12-10,19,1.0,2.4598232428420603,1.1552810047741702,3.7643654809099507,11235,horizon
7992,2025-12-11,20,2.0,3.8302872692180037,2.0,5.861641164734241,11235,horizon
7992,2025-12-12,21,1.0,2.0026783695424664,1.0,3.064778473659919,11235,horizon
7992,2025-12-13,22,1.0,2.1900901690382906,1.0,4.080585674422805,14445,horizon
7992,2025-12-14,23,1.0,2.2401813368590853,1.0,4.173915759509849,14445,horizon
7992,2025-12-15,24,1.0,2.4329014202133035,1.0,4.532992669870174,14445,horizon
7992,2025-12-16,25,1.0,2.6200647297062405,1.0,4.881716174633365,14445,horizon
7992,2025-12-17,26,1.0,2.7392435565833084,1.0,5.103770691166184,14445,horizon
7992,2025-12-18,27,1.0,2.8978297354528113,1.0,5.399249159954759,14445,horizon
7992,2025-12-19,28,1.0,2.5955688450473104,1.0,4.836075334162656,14445,horizon
7992,2025-12-20,29,1.0,2.5982618615720505,1.0,4.841092974443953,14445,horizon
7992,2025-12-21,30,0.0,1.5561603911007642,0.2128758694752224,2.899444912726306,14445,horizon
8008,2025-11-22,1,0.0,1.3489376408701964e-16,0.0,0.16510716996673924,4815,horizon
8008,2025-11-23,2,0.0,1.3489376408701964e-16,0.0,0.16510716996673924,4815,horizon
8008,2025-11-24,3,0.0,1.3489376408701964e-16,0.0,0.16510716996673924,4815,horizon
8008,2025-11-25,4,0.0,1.3489376408701964e-16,0.0,0.3164391922845507,6420,horizon
8008,2025-11-26,5,0.0,1.3489376408701964e-16,0.0,0.3164391922845507,6420,horizon
8008,2025-11-27,6,0.0,1.3489376408701964e-16,0.0,0.3164391922845507,6420,horizon
8008,2025-11-28,7,0.0,1.3489376408701964e-16,0.0,0.3164391922845507,6420,horizon
8008,2025-11-29,8,0.0,1.5006439558569507e-16,0.0,0.4385606460783187,11235,horizon
8008,2025-11-30,9,0.0,1.5006439558569507e-16,0.0,0.4385606460783187,11235,horizon
8008,2025-12-01,10,0.0,1.5006439558569507e-16,0.0,0.4385606460783187,11235,horizon
8008,2025-12-02,11,0.0,1.5006439558569507e-16,0.0,0.4385606460783187,11235,horizon
8008,2025-12-03,12,0.0,1.5006439558569507e-16,0.0,0.4385606460783187,11235,horizon
8008,2025-12-04,13,0.0,1.5006439558569507e-16,0.0,0.4385606460783187,11235,horizon
8008,2025-12-05,14,0.0,1.5006439558569507e-16,0.0,0.4385606460783187,11235,horizon
8008,2025-12-06,15,0.0,2.0936493878579075e-16,0.0,0.530339829036103,11235,horizon
8008,2025-12-07,16,0.0,2.0936493878579075e-16,0.0,0.530339829036103,11235,horizon
8008,2025-12-08,17,0.0,2.0936493878579075e-16,0.0,0.530339829036103,11235,horizon
8008,2025-12-09,18,0.0,2.0936493878579075e-16,0.0,0.530339829036103,11235,horizon
8008,2025-12-10,19,0.0,2.0936493878579075e-16,0.0,0.530339829036103,11235,horizon
8008,2025-12-11,20,0.0,2.0936493878579075e-16,0.0,0.530339829036103,11235,horizon
8008,2025-12-12,21,0.0,2.0936493878579075e-16,0.0,0.530339829036103,11235,horizon
8008,2025-12-13,22,0.0,2.085521617919071e-16,0.0,0.8632044160148283,14445,horizon
8008,2025-12-14,23,0.0,2.085521617919071e-16,0.0,0.8632044160148283,14445,horizon
8008,2025-12-15,24,0.0,2.085521617919071e-16,0.0,0.8632044160148283,14445,horizon
8008,2025-12-16,25,0.0,2.085521617919071e-16,0.0,0.8632044160148283,14445,horizon
8008,2025-12-17,26,0.0,2.085521617919071e-16,0.0,0.8632044160148283,14445,horizon
8008,2025-12-18,27,0.0,2.085521617919071e-16,0.0,0.8632044160148283,14445,horizon
8008,2025-12-19,28,0.0,2.085521617919071e-16,0.0,0.8632044160148283,14445,horizon
8008,2025-12-20,29,0.0,2.085521617919071e-16,0.0,0.8632044160148283,14445,horizon
8008,2025-12-21,30,0.0,2.085521617919071e-16,0.0,0.8632044160148283,14445,horizon
8043,2025-11-22,1,346.0,398.77269604160085,346.0,464.61292734503627,4815,horizon
8043,2025-11-23,2,252.0,343.05156175070965,286.41128923737995,399.69183426403936,4815,horizon
8043,2025-11-24,3,167.0,290.96196924681647,242.9220619365252,339.0018765571077,4815,horizon
8043,2025-11-25,4,133.0,291.81167017641224,199.47102096658267,384.1523193862418,6420,horizon
8043,2025-11-26,5,171.0,420.5250315604709,287.45443023804035,553.5956328829014,6420,horizon
8043,2025-11-27,6,170.0,527.6608336046737,360.6882656186181,694.6334015907294,6420,horizon
8043,2025-11-28,7,67.0,234.9006527724625,160.56887994203078,309.23242560289424,6420,horizon
8043,2025-11-29,8,70.0,215.13896994004267,120.78748428651362,309.4904555935717,11235,horizon
8043,2025-11-30,9,73.0,224.58358268841528,126.0900615660004,323.0771038108302,11235,horizon
8043,2025-12-01,10,63.0,230.55150920249415,129.4406903723169,331.6623280326714,11235,horizon
8043,2025-12-02,11,52.0,244.47783287635212,137.25947653827194,351.6961892144323,11235,horizon
8043,2025-12-03,12,66.0,374.55365449664697,210.2891617896022,538.8181472036918,11235,horizon
8043,2025-12-04,13,48.0,583.8046904194902,327.77092820556584,839.8384526334145,11235,horizon
8043,2025-12-05,14,22.0,247.41923828611434,138.9108972911506,355.92757928107807,11235,horizon
8043,2025-12-06,15,33.0,234.21593473283752,110.00189594909347,358.4299735165816,11235,horizon
8043,2025-12-07,16,27.0,204.3866083909635,95.99224943963102,312.780967342296,11235,horizon
8043,2025-12-08,17,31.0,204.78676063067613,96.18018500894605,313.3933362524062,11235,horizon
8043,2025-12-09,18,30.0,211.4928842633162,99.32978418075682,323.6559843458756,11235,horizon
8043,2025-12-10,19,33.0,334.72643881207654,157.20767647861635,512.2452011455367,11235,horizon
8043,2025-12-11,20,33.0,619.1188137591311,290.77544791707874,947.4621796011834,11235,horizon
8043,2025-12-12,21,21.0,271.55925245382616,127.54056493429212,415.57793997336023,11235,horizon
8043,2025-12-13,22,14.0,195.6157247340122,26.75936730167183,364.47208216635255,14445,horizon
8043,2025-12-14,23,11.0,198.18132397020653,27.11032994745895,369.2523179929541,14445,horizon
8043,2025-12-15,24,11.0,212.87382692016743,29.120199468702708,396.62745437163215,14445,horizon
8043,2025-12-16,25,18.0,237.2209217239964,32.450774520734825,441.99106892725797,14445,horizon
8043,2025-12-17,26,29.0,351.83139281287725,48.12898084415394,655.5338047816006,14445,horizon
8043,2025-12-18,27,28.0,476.6561777522066,65.20446019575297,888.1078953086602,14445,horizon
8043,2025-12-19,28,22.0,232.09309054603867,31.749309860168722,432.43687123190864,14445,horizon
8043,2025-12-20,29,18.0,196.0653621820604,26.8208757189592,365.3098486451616,14445,horizon
8043,2025-12-21,30,8.0,149.6588585928698,20.47267095976588,278.8450462259737,14445,horizon
8122,2025-11-22,1,5.0,5.268627807346746,5.0,6.138516034225834,4815,horizon
8122,2025-11-23,2,6.0,7.085813061484557,6.0,8.255731602979628,4815,horizon
8122,2025-11-24,3,5.0,6.596839294678393,5.507653828008664,7.686024761348122,4815,horizon
8122,2025-11-25,4,4.0,6.304189140687684,4.309296620999438,8.29908166037593,6420,horizon
8122,2025-11-26,5,0.0,3.9884559013263967,2.7263521374481225,5.250559665204671,6420,horizon
8122,2025-11-27,6,0.0,4.4123166584473195,3.0160867389445825,5.8085465779500565,6420,horizon
8122,2025-11-28,7,0.0,1.3675827583421167,0.9348259749100596,1.8003395417741739,6420,horizon
8122,2025-11-29,8,0.0,1.316987312338369,0.7394085057623057,1.8945661189144325,11235,horizon
8122,2025-11-30,9,0.0,1.9651280590936548,1.1033002278709096,2.8269558903164,11235,horizon
8122,2025-12-01,10,1.0,3.1146553836788953,1.748690106301366,4.480620661056425,11235,horizon
8122,2025-12-02,11,1.0,4.310434259136904,2.4200474255717053,6.200821092702102,11235,horizon
8122,2025-12-03,12,0.0,3.917986555301008,2.199711840282032,5.6362612703199835,11235,horizon
8122,2025-12-04,13,0.0,10.63151360095746,5.968950127331126,15.294077074583793,11235,horizon
8122,2025-12-05,14,0.0,2.6274671491435857,1.475163458665617,3.7797708396215546,11235,horizon
8122,2025-12-06,15,0.0,3.015059351205197,1.4160532903533298,4.614065412057064,11235,horizon
8122,2025-12-07,16,0.0,2.8883519249082727,1.356543858856321,4.420159990960224,11235,horizon
8122,2025-12-08,17,0.0,2.526901988591605,1.1867852199709452,3.867018757212265,11235,horizon
8122,2025-12-09,18,0.0,2.8180785899583345,1.3235392723495298,4.312617907567139,11235,horizon
8122,2025-12-10,19,0.0,4.2248954795267855,1.9842651332191465,6.465525825834424,11235,horizon
8122,2025-12-11,20,0.0,8.589884269656846,4.034326514647126,13.145442024666565,11235,horizon
8122,2025-12-12,21,0.0,2.860529500532744,1.34347677426748,4.377582226798007,11235,horizon
8122,2025-12-13,22,0.0,2.3048061116151293,0.3152872980109849,4.294324925219273,14445,horizon
8122,2025-12-14,23,0.0,2.3998818483075346,0.3282932389346427,4.471470457680427,14445,horizon
8122,2025-12-15,24,2.0,5.77937928008018,2.0,10.76816499646999,14445,horizon
8122,2025-12-16,25,0.0,3.352212394546133,0.45856785215426976,6.2458569369379955,14445,horizon
8122,2025-12-17,26,0.0,4.427101501780615,0.6056079352977108,8.24859506826352,14445,horizon
8122,2025-12-18,27,0.0,5.488019799719102,0.7507368734247608,10.225302726013442,14445,horizon
8122,2025-12-19,28,0.0,3.8567152503808453,0.5275816149403663,7.185848885821324,14445,horizon
8122,2025-12-20,29,0.0,3.0197071860127473,0.41308260797483376,5.626331764050661,14445,horizon
8122,2025-12-21,30,0.0,2.058338803492461,0.2815716586630912,3.835105948321831,14445,horizon
8139,2025-11-22,1,44.0,46.87484595556333,44.0,54.61421911391324,4815,horizon
8139,2025-11-23,2,15.0,18.59376235635402,15.523798874662322,21.663725838045718,4815,horizon
8139,2025-11-24,3,27.0,33.81895170946679,28.23520030147491,39.402703117458664,4815,horizon
8139,2025-11-25,4,31.0,38.933641244914725,31.0,51.25377123315201,6420,horizon
8139,2025-11-26,5,15.0,32.167531143063044,21.988463570364047,42.34659871576204,6420,horizon
8139,2025-11-27,6,15.0,38.24062572664601,26.13979300925034,50.34145844404168,6420,horizon
8139,2025-11-28,7,7.0,14.569921144558252,9.959427065924643,19.18041522319186,6420,horizon
8139,2025-11-29,8,4.0,11.84131170701258,6.648178394370386,17.034445019654772,11235,horizon
8139,2025-11-30,9,5.0,13.301751662801017,7.468126859589655,19.135376466012378,11235,horizon
8139,2025-12-01,10,5.0,12.516067860470294,7.027013053222364,18.005122667718226,11235,horizon
8139,2025-12-02,11,6.0,16.36163532411415,9.18606596547281,23.53720468275549,11235,horizon
8139,2025-12-03,12,10.0,28.888555378655713,16.21917186752318,41.55793888978825,11235,horizon
8139,2025-12-04,13,6.0,47.285032278428346,26.547677972566664,68.02238658429003,11235,horizon
8139,2025-12-05,14,1.0,9.897260905825732,5.556711768561115,14.237810043090349,11235,horizon
8139,2025-12-06,15,1.0,11.922658289380552,5.5995977305345965,18.245718848226506,11235,horizon
8139,2025-12-07,16,1.0,11.20226067877948,5.261255665577714,17.143265691981245,11235,horizon
8139,2025-12-08,17,1.0,10.59611261320995,4.976572061472893,16.215653164947007,11235,horizon
8139,2025-12-09,18,2.0,12.191231352763094,5.725735801399138,18.656726904127048,11235,horizon
8139,2025-12-10,19,2.0,18.626827836276313,8.748279146100613,28.50537652645201,11235,horizon
8139,2025-12-11,20,2.0,33.565077868625124,15.764180210195,51.36597552705525,11235,horizon
8139,2025-12-12,21,3.0,13.931503051922004,6.5430721051497445,21.319933998694264,11235,horizon
8139,2025-12-13,22,1.0,10.263779169995594,1.4040396654543894,19.123518674536797,14445,horizon
8139,2025-12-14,23,2.0,11.128049267729565,2.0,20.7338305372643,14445,horizon
8139,2025-12-15,24,2.0,12.901474471244603,2.0,24.038084207925515,14445,horizon
8139,2025-12-16,25,2.0,14.537874225361891,2.0,27.087031456162425,14445,horizon
8139,2025-12-17,26,2.0,20.558000574842342,2.812243694203058,38.30375745548163,14445,horizon
8139,2025-12-18,27,3.0,26.751868673917986,3.659537497943237,49.84419984989273,14445,horizon
8139,2025-12-19,28,4.0,17.953224429854068,4.0,33.450527039409394,14445,horizon
8139,2025-12-20,29,1.0,11.091953980868244,1.5173303223495243,20.666577639386965,14445,horizon
8139,2025-12-21,30,1.0,9.84547986479964,1.3468181677195172,18.344141561879766,14445,horizon
8143,2025-11-22,1,0.0,1.3489376408701964e-16,0.0,0.16510716996673924,4815,horizon
8143,2025-11-23,2,0.0,1.3489376408701964e-16,0.0,0.16510716996673924,4815,horizon
8143,2025-11-24,3,0.0,1.3489376408701964e-16,0.0,0.16510716996673924,4815,horizon
8143,2025-11-25,4,0.0,1.3489376408701964e-16,0.0,0.3164391922845507,6420,horizon
8143,2025-11-26,5,0.0,1.3489376408701964e-16,0.0,0.3164391922845507,6420,horizon
8143,2025-11-27,6,0.0,1.3489376408701964e-16,0.0,0.3164391922845507,6420,horizon
8143,2025-11-28,7,0.0,1.3489376408701964e-16,0.0,0.3164391922845507,6420,horizon
8143,2025-11-29,8,0.0,1.5006439558569507e-16,0.0,0.4385606460783187,11235,horizon
8143,2025-11-30,9,0.0,1.5006439558569507e-16,0.0,0.4385606460783187,11235,horizon
8143,2025-12-01,10,0.0,1.5006439558569507e-16,0.0,0.4385606460783187,11235,horizon
8143,2025-12-02,11,0.0,1.5006439558569507e-16,0.0,0.4385606460783187,11235,horizon
8143,2025-12-03,12,0.0,1.5006439558569507e-16,0.0,0.4385606460783187,11235,horizon
8143,2025-12-04,13,0.0,1.5006439558569507e-16,0.0,0.4385606460783187,11235,horizon
8143,2025-12-05,14,0.0,1.5006439558569507e-16,0.0,0.4385606460783187,11235,horizon
8143,2025-12-06,15,0.0,2.0936493878579075e-16,0.0,0.530339829036103,11235,horizon
8143,2025-12-07,16,0.0,2.0936493878579075e-16,0.0,0.530339829036103,11235,horizon
8143,2025-12-08,17,0.0,2.0936493878579075e-16,0.0,0.530339829036103,11235,horizon
8143,2025-12-09,18,0.0,2.0936493878579075e-16,0.0,0.530339829036103,11235,horizon
8143,2025-12-10,19,0.0,2.0936493878579075e-16,0.0,0.530339829036103,11235,horizon
8143,2025-12-11,20,0.0,2.0936493878579075e-16,0.0,0.530339829036103,11235,horizon
8143,2025-12-12,21,0.0,2.0936493878579075e-16,0.0,0.530339829036103,11235,horizon
8143,2025-12-13,22,0.0,0.00011539169020314227,0.0,0.8633198077050313,14445,horizon
8143,2025-12-14,23,0.0,2.085521617919071e-16,0.0,0.8632044160148283,14445,horizon
8143,2025-12-15,24,0.0,2.085521617919071e-16,0.0,0.8632044160148283,14445,horizon
8143,2025-12-16,25,0.0,2.085521617919071e-16,0.0,0.8632044160148283,14445,horizon
8143,2025-12-17,26,0.0,2.085521617919071e-16,0.0,0.8632044160148283,14445,horizon
8143,2025-12-18,27,0.0,2.085521617919071e-16,0.0,0.8632044160148283,14445,horizon
8143,2025-12-19,28,0.0,2.085521617919071e-16,0.0,0.8632044160148283,14445,horizon
8143,2025-12-20,29,0.0,2.085521617919071e-16,0.0,0.8632044160148283,14445,horizon
8143,2025-12-21,30,0.0,2.085521617919071e-16,0.0,0.8632044160148283,14445,horizon
8216,2025-11-22,1,7.0,8.471785330965021,7.073032830403653,9.87053783152639,4815,horizon
8216,2025-11-23,2,10.0,14.271751089165713,11.915382656363835,16.62811952196759,4815,horizon
8216,2025-11-24,3,17.0,22.49098947658915,18.777565854357803,26.204413098820496,4815,horizon
8216,2025-11-25,4,8.0,16.616193572658403,11.358178699682638,21.874208445634167,6420,horizon
8216,2025-11-26,5,4.0,15.693939755994675,10.727762135845325,20.660117376144026,6420,horizon
8216,2025-11-27,6,7.0,28.09912704309588,19.207461977677646,36.990792108514114,6420,horizon
8216,2025-11-28,7,11.0,16.889213700429064,11.544804558744126,22.233622842114002,6420,horizon
8216,2025-11-29,8,11.0,17.199407472943964,11.0,24.74239072644253,11235,horizon
8216,2025-11-30,9,5.0,10.500751902013246,5.895535363558184,15.105968440468306,11235,horizon
8216,2025-12-01,10,3.0,9.949931358144102,5.586283033281504,14.3135796830067,11235,horizon
8216,2025-12-02,11,2.0,13.59067245429365,7.6303383620998195,19.55100654648748,11235,horizon
8216,2025-12-03,12,1.0,17.087060492730338,9.59334820345921,24.580772782001468,11235,horizon
8216,2025-12-04,13,3.0,41.87850143532865,23.51223878905913,60.24476408159818,11235,horizon
8216,2025-12-05,14,3.0,12.578950402427944,7.06231778695202,18.09558301790387,11235,horizon
8216,2025-12-06,15,3.0,15.102322045230618,7.092959153714846,23.111684936746393,11235,horizon
8216,2025-12-07,16,1.0,12.15682311589702,5.709575622990052,18.604070608803987,11235,horizon
8216,2025-12-08,17,1.0,11.676986783609232,5.484215609133081,17.869757958085383,11235,horizon
8216,2025-12-09,18,1.0,12.712360557488374,5.970489432784694,19.454231682192052,11235,horizon
8216,2025-12-10,19,1.0,19.163123960411603,9.000156075449269,29.326091845373938,11235,horizon
8216,2025-12-11,20,3.0,39.471007912023644,18.537960324078366,60.40405549996892,11235,horizon
8216,2025-12-12,21,1.0,10.844574241926818,5.093264592494026,16.59588389135961,11235,horizon
8216,2025-12-13,22,1.0,10.697617039010863,1.4633867701012164,19.93184730792051,14445,horizon
8216,2025-12-14,23,1.0,9.759897973385176,1.3351109429049206,18.184685003865432,14445,horizon
8216,2025-12-15,24,1.0,11.40744389017246,1.560487948734222,21.254399831610698,14445,horizon
8216,2025-12-16,25,0.0,12.047339382738834,1.6480228263293188,22.44665593914835,14445,horizon
8216,2025-12-17,26,0.0,18.77035087189114,2.5677011091269293,34.97300063465535,14445,horizon
8216,2025-12-18,27,1.0,25.648885554871157,3.508654278047441,47.78911683169487,14445,horizon
8216,2025-12-19,28,0.0,12.614970161849275,1.7256722102456905,23.50426811345286,14445,horizon
8216,2025-12-20,29,0.0,10.727492301805817,1.4674735741219624,19.987511029489674,14445,horizon
8216,2025-12-21,30,5.0,11.973504201334713,5.0,22.309085903098932,14445,horizon
8234,2025-11-22,1,0.0,1.3489376408701964e-16,0.0,0.16510716996673924,4815,horizon
8234,2025-11-23,2,0.0,1.3489376408701964e-16,0.0,0.16510716996673924,4815,horizon
8234,2025-11-24,3,1.0,1.0262651884084397,1.0,1.1957089293019396,4815,horizon
8234,2025-11-25,4,0.0,1.3489376408701964e-16,0.0,0.3164391922845507,6420,horizon
8234,2025-11-26,5,0.0,1.3489376408701964e-16,0.0,0.3164391922845507,6420,horizon
8234,2025-11-27,6,0.0,1.3489376408701964e-16,0.0,0.3164391922845507,6420,horizon
8234,2025-11-28,7,0.0,1.3489376408701964e-16,0.0,0.3164391922845507,6420,horizon
8234,2025-11-29,8,0.0,1.5006439558569507e-16,0.0,0.4385606460783187,11235,horizon
8234,2025-11-30,9,0.0,1.5006439558569507e-16,0.0,0.4385606460783187,11235,horizon
8234,2025-12-01,10,0.0,1.5006439558569507e-16,0.0,0.4385606460783187,11235,horizon
8234,2025-12-02,11,0.0,1.5006439558569507e-16,0.0,0.4385606460783187,11235,horizon
8234,2025-12-03,12,0.0,1.5006439558569507e-16,0.0,0.4385606460783187,11235,horizon
8234,2025-12-04,13,0.0,1.5006439558569507e-16,0.0,0.4385606460783187,11235,horizon
8234,2025-12-05,14,0.0,1.5006439558569507e-16,0.0,0.4385606460783187,11235,horizon
8234,2025-12-06,15,0.0,1.5445825952551262e-09,0.0,0.5303398305806853,11235,horizon
8234,2025-12-07,16,0.0,1.885593628383333e-09,0.0,0.5303398309216965,11235,horizon
8234,2025-12-08,17,0.0,1.5445825952551262e-09,0.0,0.5303398305806853,11235,horizon
8234,2025-12-09,18,0.0,7.514853789650763e-10,0.0,0.5303398297875882,11235,horizon
8234,2025-12-10,19,0.0,0.0003823045568673413,0.0,0.5307221335929702,11235,horizon
8234,2025-12-11,20,0.0,0.0,0.0,0.5303398290361028,11235,horizon
8234,2025-12-12,21,0.0,0.0,0.0,0.5303398290361028,11235,horizon
8234,2025-12-13,22,0.0,8.208221879033373e-13,0.0,0.8632044160156489,14445,horizon
8234,2025-12-14,23,0.0,1.9354842670618216e-16,0.0,0.8632044160148283,14445,horizon
8234,2025-12-15,24,0.0,1.9354842670618216e-16,0.0,0.8632044160148283,14445,horizon
8234,2025-12-16,25,0.0,3.8584482288388303e-16,0.0,0.8632044160148284,14445,horizon
8234,2025-12-17,26,0.0,0.003808190973645164,0.0,0.8670126069884733,14445,horizon
8234,2025-12-18,27,0.0,0.0,0.0,0.8632044160148281,14445,horizon
8234,2025-12-19,28,0.0,2.085521617919071e-16,0.0,0.8632044160148283,14445,horizon
8234,2025-12-20,29,0.0,3.324533253466421e-07,0.0,0.8632047484681534,14445,horizon
8234,2025-12-21,30,0.0,2.085521617919071e-16,0.0,0.8632044160148283,14445,horizon
8270,2025-11-22,1,2.0,3.3313479127350205,2.781318486688738,3.881377338781303,4815,horizon
8270,2025-11-23,2,8.0,12.625288410346556,10.540762770900365,14.709814049792747,4815,horizon
8270,2025-11-24,3,6.0,11.740832863004933,9.802337175941702,13.679328550068163,4815,horizon
8270,2025-11-25,4,1.0,6.046489057623391,4.133142944071672,7.95983517117511,6420,horizon
8270,2025-11-26,5,1.0,8.13184612946751,5.5586113084765625,10.705080950458457,6420,horizon
8270,2025-11-27,6,13.0,36.82885943189915,25.17476490050773,48.48295396329057,6420,horizon
8270,2025-11-28,7,5.0,14.255504232586174,9.744503987617612,18.766504477554736,6420,horizon
8270,2025-11-29,8,0.0,7.556672339789386,4.242613236249194,10.870731443329579,11235,horizon
8270,2025-11-30,9,0.0,7.943013569785715,4.459520406811641,11.42650673275979,11235,horizon
8270,2025-12-01,10,0.0,10.004725898125553,5.617046844407125,14.392404951843982,11235,horizon
8270,2025-12-02,11,0.0,10.665406986840647,5.9879792080036,15.342834765677694,11235,horizon
8270,2025-12-03,12,1.0,11.983930520347904,6.728250208786448,17.23961083190936,11235,horizon
8270,2025-12-04,13,1.0,25.487792403345814,14.309849699824415,36.66573510686722,11235,horizon
8270,2025-12-05,14,1.0,15.507089815641876,8.706290487299462,22.30788914398429,11235,horizon
8270,2025-12-06,15,3.0,14.336800954125463,6.73342438718993,21.940177521060996,11235,horizon
8270,2025-12-07,16,3.0,13.687503313578828,6.428475146324343,20.946531480833315,11235,horizon
8270,2025-12-08,17,0.0,14.176233472736072,6.658012236429347,21.694454709042798,11235,horizon
8270,2025-12-09,18,0.0,13.706252711393415,6.437280991707411,20.97522443107942,11235,horizon
8270,2025-12-10,19,3.0,16.767581114067532,7.875065012683972,25.660097215451092,11235,horizon
8270,2025-12-11,20,6.0,56.23320581155923,26.410497055304926,86.05591456781353,11235,horizon
8270,2025-12-12,21,6.0,21.90510435838314,10.287955057940236,33.522253658826045,11235,horizon
8270,2025-12-13,22,1.0,14.83491607495327,2.0293510078442463,27.640481142062292,14445,horizon
8270,2025-12-14,23,0.0,12.231800643069198,1.673256312158852,22.790344973979543,14445,horizon
8270,2025-12-15,24,0.0,17.7941100207131,2.4341556717798465,33.15406436964635,14445,horizon
8270,2025-12-16,25,0.0,18.539121342446588,2.5360699306119443,34.54217275428123,14445,horizon
8270,2025-12-17,26,0.0,18.00060673643677,2.4624035105982873,33.53880996227525,14445,horizon
8270,2025-12-18,27,6.0,53.14030377785517,7.269358888441133,99.01124866726921,14445,horizon
8270,2025-12-19,28,1.0,19.868117542666667,2.7178707419351262,37.018364343398204,14445,horizon
8270,2025-12-20,29,5.0,19.161808793018142,5.0,35.70236676198317,14445,horizon
8270,2025-12-21,30,0.0,11.013276524638055,1.5065675937780476,20.519985455498063,14445,horizon
8271,2025-11-22,1,110.0,129.8552397389646,110.0,151.29527087761747,4815,horizon
8271,2025-11-23,2,87.0,122.11129325719357,101.94984320651979,142.27274330786736,4815,horizon
8271,2025-11-24,3,87.0,136.93930038964638,114.32964004508669,159.54896073420605,4815,horizon
8271,2025-11-25,4,98.0,163.38038799570978,111.6804299832109,215.08034600820866,6420,horizon
8271,2025-11-26,5,111.0,245.27297813092386,167.65899504194806,322.88696121989966,6420,horizon
8271,2025-11-27,6,95.0,269.39426177633584,184.14735917373935,354.64116437893233,6420,horizon
8271,2025-11-28,7,24.0,76.62698290192404,52.37920232523713,100.87476347861094,6420,horizon
8271,2025-11-29,8,28.0,78.45496552472738,44.04770515615074,112.86222589330403,11235,horizon
8271,2025-11-30,9,17.0,63.78805546969634,35.813124650826694,91.76298628856598,11235,horizon
8271,2025-12-01,10,16.0,66.25232450414032,37.196662265414126,95.30798674286652,11235,horizon
8271,2025-12-02,11,21.0,93.20762165281482,52.33042688133288,134.08481642429678,11235,horizon
8271,2025-12-03,12,16.0,126.88669837518388,71.23918595701852,182.53421079334925,11235,horizon
8271,2025-12-04,13,17.0,216.69390479612818,121.66048590750457,311.7273236847518,11235,horizon
8271,2025-12-05,14,10.0,86.67289862067123,48.66157620410905,124.68422103723341,11235,horizon
8271,2025-12-06,15,17.0,82.04868760124411,38.5350006461637,125.56237455632453,11235,horizon
8271,2025-12-07,16,13.0,63.23304546182847,29.698042942170247,96.76804798148669,11235,horizon
8271,2025-12-08,17,11.0,65.0016443755447,30.52868341035277,99.47460534073663,11235,horizon
8271,2025-12-09,18,22.0,93.35559699274849,43.84540564405094,142.86578834144603,11235,horizon
8271,2025-12-10,19,24.0,143.17863550038362,67.2453024274877,219.11196857327954,11235,horizon
8271,2025-12-11,20,17.0,294.82714013741855,138.4685650417369,451.1857152331002,11235,horizon
8271,2025-12-12,21,5.0,92.35285137499812,43.37445596578501,141.33124678421123,11235,horizon
8271,2025-12-13,22,5.0,61.4591219198643,8.407336474243714,114.51090736548488,14445,horizon
8271,2025-12-14,23,5.0,54.36582403850597,7.437004648182523,101.29464342882942,14445,horizon
8271,2025-12-15,24,11.0,74.19445232709933,11.0,138.2394312196531,14445,horizon
8271,2025-12-16,25,6.0,75.01623107505878,10.261889138279258,139.7705730118383,14445,horizon
8271,2025-12-17,26,5.0,118.85271080378072,16.258525982623937,221.4468956249375,14445,horizon
8271,2025-12-18,27,6.0,194.79758398376867,26.64744925996021,362.9477187075771,14445,horizon
8271,2025-12-19,28,2.0,90.83454331953142,12.425764399421695,169.24332223964115,14445,horizon
8271,2025-12-20,29,3.0,65.88884113471926,9.013302501130134,122.76437976830837,14445,horizon
8271,2025-12-21,30,1.0,44.028698675884954,6.0229315474748475,82.03446580429505,14445,horizon
8304,2025-11-22,1,174.0,198.65598438935524,174.0,231.4555117688384,4815,horizon
8304,2025-11-23,2,257.0,357.0351281221932,298.0860685392258,415.98418770516065,4815,horizon
8304,2025-11-24,3,127.0,213.21414081983713,178.01095743218403,248.41732420749022,4815,horizon
8304,2025-11-25,4,94.0,181.72788145349358,124.2220574307675,239.23370547621965,6420,horizon
8304,2025-11-26,5,91.0,241.89596705654603,165.35060262428235,318.44133148880974,6420,horizon
8304,2025-11-27,6,149.0,573.1209000447026,391.7629853531622,754.478814736243,6420,horizon
8304,2025-11-28,7,61.0,222.26210766139042,151.92966583755822,292.5945494852226,6420,horizon
8304,2025-11-29,8,26.0,112.16851317739487,62.97581756867219,161.36120878611754,11235,horizon
8304,2025-11-30,9,19.0,118.97165887738751,66.79537129511112,171.1479464596639,11235,horizon
8304,2025-12-01,10,14.0,114.31395543445772,64.18035328335384,164.4475575855616,11235,horizon
8304,2025-12-02,11,19.0,144.58309649500777,81.1746402841533,207.99155270586223,11235,horizon
8304,2025-12-03,12,33.0,270.73015227879444,151.9985617825248,389.46174277506407,11235,horizon
8304,2025-12-04,13,49.0,650.4959133626935,365.21400532704473,935.7778213983422,11235,horizon
8304,2025-12-05,14,18.0,260.9087741944692,146.48445361624067,375.3330947726977,11235,horizon
8304,2025-12-06,15,11.0,143.0257362054038,67.17349171846722,218.87798069234037,11235,horizon
8304,2025-12-07,16,6.0,120.24190016979945,56.47283139077187,184.01096894882704,11235,horizon
8304,2025-12-08,17,4.0,124.09586038347857,58.28288300361646,189.90883776334067,11235,horizon
8304,2025-12-09,18,10.0,151.73508691466517,71.26392686156345,232.2062469677669,11235,horizon
8304,2025-12-10,19,26.0,332.8584959008544,156.33037809158097,509.3866137101278,11235,horizon
8304,2025-12-11,20,66.0,1448.3191171063352,680.217804150442,2216.420430062228,11235,horizon
8304,2025-12-12,21,10.0,271.79336371343067,127.65051766850254,415.9362097583588,11235,horizon
8304,2025-12-13,22,10.0,161.0227467110974,22.02720067124099,300.01829275095383,14445,horizon
8304,2025-12-14,23,11.0,172.0881135232897,23.54089398632496,320.6353330602544,14445,horizon
8304,2025-12-15,24,5.0,212.60317321764143,29.083175237407914,396.12317119787497,14445,horizon
8304,2025-12-16,25,5.0,219.46275668230618,30.021535963351766,408.9039774012606,14445,horizon
8304,2025-12-17,26,8.0,346.2000511530896,47.358638173183294,645.0414641329959,14445,horizon
8304,2025-12-18,27,20.0,767.8520783415,105.0387734709534,1430.6653832120467,14445,horizon
8304,2025-12-19,28,14.0,272.33985075387324,37.254888926310656,507.42481258143584,14445,horizon
8304,2025-12-20,29,8.0,185.51563836419103,25.37772008841148,345.6535566399706,14445,horizon
8304,2025-12-21,30,5.0,139.3696023463422,19.065146142749057,259.67405854993535,14445,horizon
8375,2025-11-22,1,336.0,392.89994250032333,336.0,457.77054008664624,4815,horizon
8375,2025-11-23,2,221.0,324.4323001806632,270.86620125203433,377.9983991092921,4815,horizon
8375,2025-11-24,3,130.0,235.94353538584446,196.9875659863405,274.8995047853484,4815,horizon
8375,2025-11-25,4,88.0,201.58929584999044,137.79854189800815,265.38004980197275,6420,horizon
8375,2025-11-26,5,87.0,292.51714679007813,199.95325713044448,385.08103644971175,6420,horizon
8375,2025-11-27,6,63.0,322.5940260312797,220.5126329981203,424.67541906443915,6420,horizon
8375,2025-11-28,7,17.0,101.99913082387762,69.72260825224359,134.27565339551165,6420,horizon
8375,2025-11-29,8,35.0,141.8026352229146,79.61357990394505,203.99169054188417,11235,horizon
8375,2025-11-30,9,35.0,166.9802240866123,93.74926912888522,240.21117904433942,11235,horizon
8375,2025-12-01,10,46.0,189.3402630458912,106.30307495584637,272.377451135936,11235,horizon
8375,2025-12-02,11,52.0,213.71816506555734,119.98978851573379,307.4465416153809,11235,horizon
8375,2025-12-03,12,22.0,261.45137178008554,146.78908925414856,376.1136543060225,11235,horizon
8375,2025-12-04,13,32.0,590.3389146955295,331.4394988614847,849.2383305295743,11235,horizon
8375,2025-12-05,14,5.0,151.97162082601105,85.3228486109864,218.6203930410357,11235,horizon
8375,2025-12-06,15,36.0,206.30480286883093,96.89314898604825,315.71645675161363,11235,horizon
8375,2025-12-07,16,32.0,166.83358321931095,78.35508921730116,255.31207722132075,11235,horizon
8375,2025-12-08,17,32.0,180.08423709943878,84.57839358402542,275.5900806148521,11235,horizon
8375,2025-12-09,18,42.0,210.7697608068522,98.99016189456593,322.54935971913847,11235,horizon
8375,2025-12-10,19,26.0,324.762139958518,152.52784217551869,496.9964377415173,11235,horizon
8375,2025-12-11,20,25.0,671.7262953544592,315.48308671712067,1027.9695039917979,11235,horizon
8375,2025-12-12,21,7.0,194.10449642803206,91.16315097725072,297.0458418788134,11235,horizon
8375,2025-12-13,22,0.0,131.95030958507238,18.050219656714205,245.85039951343055,14445,horizon
8375,2025-12-14,23,0.0,114.7441632790191,15.696494824643338,213.79183173339487,14445,horizon
8375,2025-12-15,24,4.0,160.45191040860675,21.94911278588185,298.9547080313316,14445,horizon
8375,2025-12-16,25,4.0,177.86383616614228,24.33098733819037,331.3966849940942,14445,horizon
8375,2025-12-17,26,13.0,315.34668692593976,43.13803419582308,587.5553396560565,14445,horizon
8375,2025-12-18,27,16.0,437.2974332113323,59.820357751360916,814.7745086713037,14445,horizon
8375,2025-12-19,28,6.0,196.8195709024946,26.924048141317684,366.7150936636715,14445,horizon
8375,2025-12-20,29,10.0,166.59065670443434,22.788866170356386,310.3924472385123,14445,horizon
8375,2025-12-21,30,0.0,107.9914257585268,14.772750152029005,201.2101013650246,14445,horizon
8377,2025-11-22,1,0.0,1.3489376408701964e-16,0.0,0.16510716996673924,4815,horizon
8377,2025-11-23,2,0.0,1.3489376408701964e-16,0.0,0.16510716996673924,4815,horizon
8377,2025-11-24,3,0.0,1.3489376408701964e-16,0.0,0.16510716996673924,4815,horizon
8377,2025-11-25,4,0.0,1.3489376408701964e-16,0.0,0.3164391922845507,6420,horizon
8377,2025-11-26,5,0.0,1.3489376408701964e-16,0.0,0.3164391922845507,6420,horizon
8377,2025-11-27,6,0.0,1.3489376408701964e-16,0.0,0.3164391922845507,6420,horizon
8377,2025-11-28,7,0.0,1.3489376408701964e-16,0.0,0.3164391922845507,6420,horizon
8377,2025-11-29,8,0.0,1.5006439558569507e-16,0.0,0.4385606460783187,11235,horizon
8377,2025-11-30,9,0.0,1.5006439558569507e-16,0.0,0.4385606460783187,11235,horizon
8377,2025-12-01,10,0.0,1.5006439558569507e-16,0.0,0.4385606460783187,11235,horizon
8377,2025-12-02,11,0.0,1.5006439558569507e-16,0.0,0.4385606460783187,11235,horizon
8377,2025-12-03,12,0.0,1.5006439558569507e-16,0.0,0.4385606460783187,11235,horizon
8377,2025-12-04,13,0.0,1.5006439558569507e-16,0.0,0.4385606460783187,11235,horizon
8377,2025-12-05,14,0.0,1.5006439558569507e-16,0.0,0.4385606460783187,11235,horizon
8377,2025-12-06,15,0.0,2.0936493878579075e-16,0.0,0.530339829036103,11235,horizon
8377,2025-12-07,16,0.0,2.0936493878579075e-16,0.0,0.530339829036103,11235,horizon
8377,2025-12-08,17,0.0,2.0936493878579075e-16,0.0,0.530339829036103,11235,horizon
8377,2025-12-09,18,0.0,2.0936493878579075e-16,0.0,0.530339829036103,11235,horizon
8377,2025-12-10,19,0.0,2.0936493878579075e-16,0.0,0.530339829036103,11235,horizon
8377,2025-12-11,20,0.0,2.0936493878579075e-16,0.0,0.530339829036103,11235,horizon
8377,2025-12-12,21,0.0,2.0936493878579075e-16,0.0,0.530339829036103,11235,horizon
8377,2025-12-13,22,0.0,2.085521617919071e-16,0.0,0.8632044160148283,14445,horizon
8377,2025-12-14,23,0.0,2.085521617919071e-16,0.0,0.8632044160148283,14445,horizon
8377,2025-12-15,24,0.0,2.085521617919071e-16,0.0,0.8632044160148283,14445,horizon
8377,2025-12-16,25,0.0,2.085521617919071e-16,0.0,0.8632044160148283,14445,horizon
8377,2025-12-17,26,0.0,2.085521617919071e-16,0.0,0.8632044160148283,14445,horizon
8377,2025-12-18,27,0.0,2.085521617919071e-16,0.0,0.8632044160148283,14445,horizon
8377,2025-12-19,28,0.0,2.085521617919071e-16,0.0,0.8632044160148283,14445,horizon
8377,2025-12-20,29,0.0,2.085521617919071e-16,0.0,0.8632044160148283,14445,horizon
8377,2025-12-21,30,0.0,2.085521617919071e-16,0.0,0.8632044160148283,14445,horizon
8428,2025-11-22,1,0.0,0.030446524792796647,0.0,0.19555369475953574,4815,horizon
8428,2025-11-23,2,4.0,4.756990707522839,4.0,5.54240398080001,4815,horizon
8428,2025-11-24,3,0.0,0.7626444142236862,0.5975372442569471,0.9277515841904254,4815,horizon
8428,2025-11-25,4,1.0,1.9170431633551317,1.310415573168414,2.5236707535418494,6420,horizon
8428,2025-11-26,5,1.0,2.6229411973905035,1.7929398034783806,3.4529425913026266,6420,horizon
8428,2025-11-27,6,1.0,4.398930208514324,3.0069362864159417,5.790924130612707,6420,horizon
8428,2025-11-28,7,1.0,2.512029994891999,1.7171252523138112,3.306934737470187,6420,horizon
8428,2025-11-29,8,0.0,1.2787674807631662,0.7179503882157282,1.8395845733106042,11235,horizon
8428,2025-11-30,9,0.0,1.7923172263777933,1.0062774256002485,2.578357027155338,11235,horizon
8428,2025-12-01,10,3.0,5.278597915770002,3.0,7.593583228097759,11235,horizon
8428,2025-12-02,11,0.0,2.2004087202726743,1.2353960502735242,3.1654213902718245,11235,horizon
8428,2025-12-03,12,0.0,2.512410813181667,1.4105663037385614,3.6142553226247722,11235,horizon
8428,2025-12-04,13,0.0,6.628746003978011,3.7216388737843427,9.53585313417168,11235,horizon
8428,2025-12-05,14,0.0,2.7582951912948284,1.5486154701258492,3.9679749124638075,11235,horizon
8428,2025-12-06,15,0.0,2.635277488277826,1.2376848756818735,4.032870100873779,11235,horizon
8428,2025-12-07,16,0.0,2.487337950302438,1.168203566984033,3.8064723336208433,11235,horizon
8428,2025-12-08,17,0.0,2.418520825798935,1.1358829045244738,3.7011587470733964,11235,horizon
8428,2025-12-09,18,0.0,2.6634650892096574,1.2509234691545794,4.076006709264735,11235,horizon
8428,2025-12-10,19,0.0,3.09183724636692,1.452112809721233,4.7315616830126075,11235,horizon
8428,2025-12-11,20,0.0,6.149504930283246,2.8881775369001583,9.410832323666334,11235,horizon
8428,2025-12-12,21,0.0,2.9791693586096977,1.3991971902950346,4.5591415269243605,11235,horizon
8428,2025-12-13,22,0.0,2.7559616612643314,0.3770033848933987,5.134919937635264,14445,horizon
8428,2025-12-14,23,0.0,2.063408575409815,0.2822651810731971,3.8445519697464325,14445,horizon
8428,2025-12-15,24,0.0,2.8741562552083773,0.3931718833958646,5.35514062702089,14445,horizon
8428,2025-12-16,25,0.0,3.308816044760574,0.45263142314252924,6.165000666378619,14445,horizon
8428,2025-12-17,26,0.0,3.2484836471421548,0.4443782175770923,6.052589076707218,14445,horizon
8428,2025-12-18,27,0.0,6.582128871236336,0.9004061628064353,12.263851579666238,14445,horizon
8428,2025-12-19,28,0.0,3.8082738582480755,0.5209550464145094,7.095592670081642,14445,horizon
8428,2025-12-20,29,0.0,2.9149155826638995,0.3987475793979858,5.431083585929813,14445,horizon
8428,2025-12-21,30,0.0,1.8946863545878774,0.2591847263445852,3.5301879828311695,14445,horizon
8445,2025-11-22,1,40.0,46.50928209518091,40.0,54.18829803910096,4815,horizon
8445,2025-11-23,2,43.0,59.90142221183241,50.011267913454,69.79157651021083,4815,horizon
8445,2025-11-24,3,39.0,58.729829947899496,49.03311393257397,68.42654596322502,4815,horizon
8445,2025-11-25,4,32.0,55.21352666704912,37.7418028853466,72.68525044875165,6420,horizon
8445,2025-11-26,5,32.0,60.645391779328726,41.45481298889782,79.83597056975964,6420,horizon
8445,2025-11-27,6,53.0,124.07549164505502,84.8131432865853,163.33784000352475,6420,horizon
8445,2025-11-28,7,14.0,32.69841324921623,22.3513537716478,43.04547272678466,6420,horizon
8445,2025-11-29,8,9.0,29.358354093692764,16.48293535456682,42.23377283281871,11235,horizon
8445,2025-11-30,9,12.0,34.57154284371748,19.409824678252473,49.733261009182485,11235,horizon
8445,2025-12-01,10,13.0,40.4114144878812,22.6885584411373,58.1342705346251,11235,horizon
8445,2025-12-02,11,15.0,50.5385150026132,28.374311211228363,72.70271879399805,11235,horizon
8445,2025-12-03,12,12.0,46.847018815533275,26.301759976949857,67.3922776541167,11235,horizon
8445,2025-12-04,13,19.0,116.60318980399292,65.46561954876098,167.74076005922484,11235,horizon
8445,2025-12-05,14,21.0,73.927644022635,41.50588869702025,106.34939934824973,11235,horizon
8445,2025-12-06,15,8.0,46.898609359274644,22.02640888964596,71.77080982890332,11235,horizon
8445,2025-12-07,16,3.0,39.224189843542646,18.4220397078386,60.02633997924669,11235,horizon
8445,2025-12-08,17,3.0,38.10129598177165,17.894661184744923,58.30793077879838,11235,horizon
8445,2025-12-09,18,6.0,44.55587020071996,20.92611761591535,68.18562278552457,11235,horizon
8445,2025-12-10,19,17.0,81.23767051772249,38.1540982240623,124.32124281138269,11235,horizon
8445,2025-12-11,20,25.0,185.31174762056793,87.03354706909451,283.5899481720413,11235,horizon
8445,2025-12-12,21,3.0,34.60595143593442,16.253037067769284,52.95886580409956,11235,horizon
8445,2025-12-13,22,1.0,32.61887556676815,4.4621181320957035,60.7756330014406,14445,horizon
8445,2025-12-14,23,9.0,54.18661860359859,9.0,100.96074707113613,14445,horizon
8445,2025-12-15,24,4.0,45.090982965805935,6.16824734727286,84.01371858433902,14445,horizon
8445,2025-12-16,25,5.0,47.525386957458956,6.501263062966871,88.54951085195104,14445,horizon
8445,2025-12-17,26,14.0,85.044288341077,14.0,158.45489359393304,14445,horizon
8445,2025-12-18,27,3.0,91.95541756232448,12.579095046038503,171.33174007861047,14445,horizon
8445,2025-12-19,28,1.0,40.52465273843221,5.54359353715013,75.50571193971429,14445,horizon
8445,2025-12-20,29,3.0,45.907442231892944,6.279935369377341,85.53494909440855,14445,horizon
8445,2025-12-21,30,6.0,50.016266539872326,6.84200439007985,93.1905286896648,14445,horizon
8503,2025-11-22,1,0.0,1.3489376408701964e-16,0.0,0.16510716996673924,4815,horizon
8503,2025-11-23,2,0.0,1.3489376408701964e-16,0.0,0.16510716996673924,4815,horizon
8503,2025-11-24,3,0.0,1.3489376408701964e-16,0.0,0.16510716996673924,4815,horizon
8503,2025-11-25,4,0.0,1.3489376408701964e-16,0.0,0.3164391922845507,6420,horizon
8503,2025-11-26,5,0.0,1.3489376408701964e-16,0.0,0.3164391922845507,6420,horizon
8503,2025-11-27,6,0.0,1.3489376408701964e-16,0.0,0.3164391922845507,6420,horizon
8503,2025-11-28,7,0.0,1.3489376408701964e-16,0.0,0.3164391922845507,6420,horizon
8503,2025-11-29,8,0.0,1.5006439558569507e-16,0.0,0.4385606460783187,11235,horizon
8503,2025-11-30,9,0.0,1.5006439558569507e-16,0.0,0.4385606460783187,11235,horizon
8503,2025-12-01,10,0.0,1.5006439558569507e-16,0.0,0.4385606460783187,11235,horizon
8503,2025-12-02,11,0.0,1.5006439558569507e-16,0.0,0.4385606460783187,11235,horizon
8503,2025-12-03,12,0.0,1.5006439558569507e-16,0.0,0.4385606460783187,11235,horizon
8503,2025-12-04,13,0.0,1.5006439558569507e-16,0.0,0.4385606460783187,11235,horizon
8503,2025-12-05,14,0.0,1.5006439558569507e-16,0.0,0.4385606460783187,11235,horizon
8503,2025-12-06,15,0.0,2.0936493878579075e-16,0.0,0.530339829036103,11235,horizon
8503,2025-12-07,16,0.0,2.0936493878579075e-16,0.0,0.530339829036103,11235,horizon
8503,2025-12-08,17,0.0,2.0936493878579075e-16,0.0,0.530339829036103,11235,horizon
8503,2025-12-09,18,0.0,2.0936493878579075e-16,0.0,0.530339829036103,11235,horizon
8503,2025-12-10,19,0.0,2.0936493878579075e-16,0.0,0.530339829036103,11235,horizon
8503,2025-12-11,20,0.0,0.0004209418532518125,0.0,0.5307607708893546,11235,horizon
8503,2025-12-12,21,0.0,2.0936493878579075e-16,0.0,0.530339829036103,11235,horizon
8503,2025-12-13,22,0.0,2.085521617919071e-16,0.0,0.8632044160148283,14445,horizon
8503,2025-12-14,23,0.0,2.085521617919071e-16,0.0,0.8632044160148283,14445,horizon
8503,2025-12-15,24,0.0,2.085521617919071e-16,0.0,0.8632044160148283,14445,horizon
8503,2025-12-16,25,0.0,2.085521617919071e-16,0.0,0.8632044160148283,14445,horizon
8503,2025-12-17,26,0.0,2.085521617919071e-16,0.0,0.8632044160148283,14445,horizon
8503,2025-12-18,27,0.0,0.00041930771213883526,0.0,0.8636237237269669,14445,horizon
8503,2025-12-19,28,0.0,2.085521617919071e-16,0.0,0.8632044160148283,14445,horizon
8503,2025-12-20,29,0.0,2.085521617919071e-16,0.0,0.8632044160148283,14445,horizon
8503,2025-12-21,30,0.0,2.085521617919071e-16,0.0,0.8632044160148283,14445,horizon
8504,2025-11-22,1,0.0,1.3489376408701964e-16,0.0,0.16510716996673924,4815,horizon
8504,2025-11-23,2,0.0,1.3489376408701964e-16,0.0,0.16510716996673924,4815,horizon
8504,2025-11-24,3,0.0,1.3489376408701964e-16,0.0,0.16510716996673924,4815,horizon
8504,2025-11-25,4,0.0,1.3489376408701964e-16,0.0,0.3164391922845507,6420,horizon
8504,2025-11-26,5,0.0,1.3489376408701964e-16,0.0,0.3164391922845507,6420,horizon
8504,2025-11-27,6,0.0,1.3489376408701964e-16,0.0,0.3164391922845507,6420,horizon
8504,2025-11-28,7,0.0,1.3489376408701964e-16,0.0,0.3164391922845507,6420,horizon
8504,2025-11-29,8,0.0,1.5006439558569507e-16,0.0,0.4385606460783187,11235,horizon
8504,2025-11-30,9,0.0,1.5006439558569507e-16,0.0,0.4385606460783187,11235,horizon
8504,2025-12-01,10,0.0,1.5006439558569507e-16,0.0,0.4385606460783187,11235,horizon
8504,2025-12-02,11,0.0,1.5006439558569507e-16,0.0,0.4385606460783187,11235,horizon
8504,2025-12-03,12,0.0,1.5006439558569507e-16,0.0,0.4385606460783187,11235,horizon
8504,2025-12-04,13,0.0,1.5006439558569507e-16,0.0,0.4385606460783187,11235,horizon
8504,2025-12-05,14,0.0,1.5006439558569507e-16,0.0,0.4385606460783187,11235,horizon
8504,2025-12-06,15,0.0,2.0936493878579075e-16,0.0,0.530339829036103,11235,horizon
8504,2025-12-07,16,0.0,2.0936493878579075e-16,0.0,0.530339829036103,11235,horizon
8504,2025-12-08,17,0.0,2.0936493878579075e-16,0.0,0.530339829036103,11235,horizon
8504,2025-12-09,18,0.0,2.0936493878579075e-16,0.0,0.530339829036103,11235,horizon
8504,2025-12-10,19,0.0,2.0936493878579075e-16,0.0,0.530339829036103,11235,horizon
8504,2025-12-11,20,0.0,2.0936493878579075e-16,0.0,0.530339829036103,11235,horizon
8504,2025-12-12,21,0.0,2.0936493878579075e-16,0.0,0.530339829036103,11235,horizon
8504,2025-12-13,22,0.0,2.085521617919071e-16,0.0,0.8632044160148283,14445,horizon
8504,2025-12-14,23,0.0,2.085521617919071e-16,0.0,0.8632044160148283,14445,horizon
8504,2025-12-15,24,0.0,2.085521617919071e-16,0.0,0.8632044160148283,14445,horizon
8504,2025-12-16,25,0.0,2.085521617919071e-16,0.0,0.8632044160148283,14445,horizon
8504,2025-12-17,26,0.0,2.085521617919071e-16,0.0,0.8632044160148283,14445,horizon
8504,2025-12-18,27,0.0,2.085521617919071e-16,0.0,0.8632044160148283,14445,horizon
8504,2025-12-19,28,0.0,2.085521617919071e-16,0.0,0.8632044160148283,14445,horizon
8504,2025-12-20,29,0.0,2.085521617919071e-16,0.0,0.8632044160148283,14445,horizon
8504,2025-12-21,30,0.0,2.085521617919071e-16,0.0,0.8632044160148283,14445,horizon
8545,2025-11-22,1,2543.0,3006.697440493814,2543.0,3503.1247458399857,4815,horizon
8545,2025-11-23,2,2132.0,2977.0388096128245,2485.5083568765012,3468.5692623491477,4815,horizon
8545,2025-11-24,3,1939.0,3076.3272549217027,2568.4035679700332,3584.250941873372,4815,horizon
8545,2025-11-25,4,1772.0,3149.207464476148,2152.674798080838,4145.740130871458,6420,horizon
8545,2025-11-26,5,2134.0,4923.86916335754,3365.7639823898744,6481.9743443252055,6420,horizon
8545,2025-11-27,6,2078.0,6247.833356028435,4270.774015318324,8224.892696738547,6420,horizon
8545,2025-11-28,7,820.0,2472.600720950595,1690.1729459707913,3255.028495930399,6420,horizon
8545,2025-11-29,8,715.0,2057.172982205941,1154.9778700348425,2959.3680943770396,11235,horizon
8545,2025-11-30,9,589.0,2071.681548264995,1163.1235499893676,2980.2395465406225,11235,horizon
8545,2025-12-01,10,650.0,2270.6171433379586,1274.8138219591574,3266.42046471676,11235,horizon
8545,2025-12-02,11,592.0,2485.5779496623672,1395.501278180417,3575.6546211443174,11235,horizon
8545,2025-12-03,12,650.0,3899.7926492163406,2189.4970654045446,5610.0882330281365,11235,horizon
8545,2025-12-04,13,616.0,5709.53997519822,3205.5604348653023,8213.519515531138,11235,horizon
8545,2025-12-05,14,360.0,2879.3729332288167,1616.5932793315637,4142.152587126069,11235,horizon
8545,2025-12-06,15,370.0,2208.8954263468413,1037.430203579428,3380.3606491142546,11235,horizon
8545,2025-12-07,16,279.0,1890.5620173457128,887.9216802844379,2893.2023544069875,11235,horizon
8545,2025-12-08,17,329.0,2097.400610004296,985.0655290744,3209.7356909341925,11235,horizon
8545,2025-12-09,18,327.0,2346.558764063323,1102.0851903068117,3591.0323378198345,11235,horizon
8545,2025-12-10,19,284.0,3112.6832213306143,1461.9033338865906,4763.463108774638,11235,horizon
8545,2025-12-11,20,386.0,6155.999206120057,2891.2276395999615,9420.770772640153,11235,horizon
8545,2025-12-12,21,207.0,2525.9369199882103,1186.331965685683,3865.5418742907377,11235,horizon
8545,2025-12-13,22,225.0,2193.7227479271846,300.0915844042552,4087.353911450114,14445,horizon
8545,2025-12-14,23,159.0,1635.830095226541,223.77433317703412,3047.8858572760482,14445,horizon
8545,2025-12-15,24,138.0,1678.8534004220387,229.65973133622447,3128.047069507853,14445,horizon
8545,2025-12-16,25,144.0,1955.75067672679,267.5380559522364,3643.9632975013437,14445,horizon
8545,2025-12-17,26,131.0,2983.0261050492327,408.0647980832223,5557.9874120152435,14445,horizon
8545,2025-12-18,27,147.0,4387.650671640925,600.211235950052,8175.090107331798,14445,horizon
8545,2025-12-19,28,74.0,2109.8990432281607,288.6248717681517,3931.1732146881695,14445,horizon
8545,2025-12-20,29,85.0,1609.9951038434963,220.24022044353842,2999.749987243454,14445,horizon
8545,2025-12-21,30,47.0,1124.0802366207213,153.76921241472178,2094.391260826721,14445,horizon
8592,2025-11-22,1,0.0,1.3489376408701964e-16,0.0,0.16510716996673924,4815,horizon
8592,2025-11-23,2,0.0,1.3489376408701964e-16,0.0,0.16510716996673924,4815,horizon
8592,2025-11-24,3,0.0,1.3489376408701964e-16,0.0,0.16510716996673924,4815,horizon
8592,2025-11-25,4,0.0,1.3489376408701964e-16,0.0,0.3164391922845507,6420,horizon
8592,2025-11-26,5,0.0,1.3489376408701964e-16,0.0,0.3164391922845507,6420,horizon
8592,2025-11-27,6,0.0,1.3489376408701964e-16,0.0,0.3164391922845507,6420,horizon
8592,2025-11-28,7,0.0,1.3489376408701964e-16,0.0,0.3164391922845507,6420,horizon
8592,2025-11-29,8,0.0,1.5006439558569507e-16,0.0,0.4385606460783187,11235,horizon
8592,2025-11-30,9,0.0,1.5006439558569507e-16,0.0,0.4385606460783187,11235,horizon
8592,2025-12-01,10,0.0,1.5006439558569507e-16,0.0,0.4385606460783187,11235,horizon
8592,2025-12-02,11,0.0,1.5006439558569507e-16,0.0,0.4385606460783187,11235,horizon
8592,2025-12-03,12,0.0,1.5006439558569507e-16,0.0,0.4385606460783187,11235,horizon
8592,2025-12-04,13,0.0,1.5006439558569507e-16,0.0,0.4385606460783187,11235,horizon
8592,2025-12-05,14,0.0,1.5006439558569507e-16,0.0,0.4385606460783187,11235,horizon
8592,2025-12-06,15,0.0,2.0936493878579075e-16,0.0,0.530339829036103,11235,horizon
8592,2025-12-07,16,0.0,2.0936493878579075e-16,0.0,0.530339829036103,11235,horizon
8592,2025-12-08,17,0.0,2.0936493878579075e-16,0.0,0.530339829036103,11235,horizon
8592,2025-12-09,18,0.0,2.0936493878579075e-16,0.0,0.530339829036103,11235,horizon
8592,2025-12-10,19,0.0,2.0936493878579075e-16,0.0,0.530339829036103,11235,horizon
8592,2025-12-11,20,0.0,2.0936493878579075e-16,0.0,0.530339829036103,11235,horizon
8592,2025-12-12,21,0.0,2.0936493878579075e-16,0.0,0.530339829036103,11235,horizon
8592,2025-12-13,22,0.0,0.00011539169020314227,0.0,0.8633198077050313,14445,horizon
8592,2025-12-14,23,0.0,2.085521617919071e-16,0.0,0.8632044160148283,14445,horizon
8592,2025-12-15,24,0.0,2.085521617919071e-16,0.0,0.8632044160148283,14445,horizon
8592,2025-12-16,25,0.0,2.085521617919071e-16,0.0,0.8632044160148283,14445,horizon
8592,2025-12-17,26,0.0,2.085521617919071e-16,0.0,0.8632044160148283,14445,horizon
8592,2025-12-18,27,0.0,2.085521617919071e-16,0.0,0.8632044160148283,14445,horizon
8592,2025-12-19,28,0.0,2.085521617919071e-16,0.0,0.8632044160148283,14445,horizon
8592,2025-12-20,29,0.0,2.085521617919071e-16,0.0,0.8632044160148283,14445,horizon
8592,2025-12-21,30,0.0,2.085521617919071e-16,0.0,0.8632044160148283,14445,horizon
8593,2025-11-22,1,0.0,1.3489376408701964e-16,0.0,0.16510716996673924,4815,horizon
8593,2025-11-23,2,0.0,1.3489376408701964e-16,0.0,0.16510716996673924,4815,horizon
8593,2025-11-24,3,0.0,1.3489376408701964e-16,0.0,0.16510716996673924,4815,horizon
8593,2025-11-25,4,0.0,1.3489376408701964e-16,0.0,0.3164391922845507,6420,horizon
8593,2025-11-26,5,0.0,1.3489376408701964e-16,0.0,0.3164391922845507,6420,horizon
8593,2025-11-27,6,0.0,1.3489376408701964e-16,0.0,0.3164391922845507,6420,horizon
8593,2025-11-28,7,0.0,1.3489376408701964e-16,0.0,0.3164391922845507,6420,horizon
8593,2025-11-29,8,0.0,1.5006439558569507e-16,0.0,0.4385606460783187,11235,horizon
8593,2025-11-30,9,0.0,1.5006439558569507e-16,0.0,0.4385606460783187,11235,horizon
8593,2025-12-01,10,0.0,1.5006439558569507e-16,0.0,0.4385606460783187,11235,horizon
8593,2025-12-02,11,0.0,1.5006439558569507e-16,0.0,0.4385606460783187,11235,horizon
8593,2025-12-03,12,0.0,1.5006439558569507e-16,0.0,0.4385606460783187,11235,horizon
8593,2025-12-04,13,0.0,1.5006439558569507e-16,0.0,0.4385606460783187,11235,horizon
8593,2025-12-05,14,0.0,1.5006439558569507e-16,0.0,0.4385606460783187,11235,horizon
8593,2025-12-06,15,0.0,2.0936493878579075e-16,0.0,0.530339829036103,11235,horizon
8593,2025-12-07,16,0.0,2.0936493878579075e-16,0.0,0.530339829036103,11235,horizon
8593,2025-12-08,17,0.0,2.0936493878579075e-16,0.0,0.530339829036103,11235,horizon
8593,2025-12-09,18,0.0,2.0936493878579075e-16,0.0,0.530339829036103,11235,horizon
8593,2025-12-10,19,0.0,2.0936493878579075e-16,0.0,0.530339829036103,11235,horizon
8593,2025-12-11,20,0.0,2.0936493878579075e-16,0.0,0.530339829036103,11235,horizon
8593,2025-12-12,21,0.0,2.0936493878579075e-16,0.0,0.530339829036103,11235,horizon
8593,2025-12-13,22,0.0,0.00011539169020314227,0.0,0.8633198077050313,14445,horizon
8593,2025-12-14,23,0.0,2.085521617919071e-16,0.0,0.8632044160148283,14445,horizon
8593,2025-12-15,24,0.0,2.085521617919071e-16,0.0,0.8632044160148283,14445,horizon
8593,2025-12-16,25,0.0,2.085521617919071e-16,0.0,0.8632044160148283,14445,horizon
8593,2025-12-17,26,0.0,2.085521617919071e-16,0.0,0.8632044160148283,14445,horizon
8593,2025-12-18,27,0.0,2.085521617919071e-16,0.0,0.8632044160148283,14445,horizon
8593,2025-12-19,28,0.0,2.085521617919071e-16,0.0,0.8632044160148283,14445,horizon
8593,2025-12-20,29,0.0,2.085521617919071e-16,0.0,0.8632044160148283,14445,horizon
8593,2025-12-21,30,0.0,2.085521617919071e-16,0.0,0.8632044160148283,14445,horizon
8619,2025-11-22,1,0.0,0.0,0.0,0.1651071699667391,4815,horizon
8619,2025-11-23,2,0.0,0.0,0.0,0.1651071699667391,4815,horizon
8619,2025-11-24,3,1.0,1.301135716602981,1.0863088806920178,1.5159625525139444,4815,horizon
8619,2025-11-25,4,0.0,0.4824039312662527,0.1659647389817021,0.7988431235508033,6420,horizon
8619,2025-11-26,5,0.0,1.0338209055143406,0.7066794532064999,1.3609623578221812,6420,horizon
8619,2025-11-27,6,0.0,1.4586429982861877,0.9970711860769914,1.920214810495384,6420,horizon
8619,2025-11-28,7,2.0,2.747442415056968,2.0,3.6168408737259097,6420,horizon
8619,2025-11-29,8,0.0,0.4835457108382597,0.044985064759941185,0.9221063569165782,11235,horizon
8619,2025-11-30,9,0.0,0.7281130660518412,0.2895524199735227,1.1666737121301598,11235,horizon
8619,2025-12-01,10,0.0,0.845631932530334,0.40707128645201546,1.2841925786086525,11235,horizon
8619,2025-12-02,11,0.0,1.000430567085848,0.56168109122818,1.439180042943516,11235,horizon
8619,2025-12-03,12,0.0,1.4870271090663703,0.8348755393782487,2.139178678754492,11235,horizon
8619,2025-12-04,13,0.0,3.3804683041436925,1.8979279406311569,4.863008667656228,11235,horizon
8619,2025-12-05,14,0.0,1.2091350950276516,0.6788560265563557,1.7394141634989475,11235,horizon
8619,2025-12-06,15,0.0,1.6326283447917553,0.7667805075354004,2.49847618204811,11235,horizon
8619,2025-12-07,16,0.0,1.4290761981711917,0.6711801715535182,2.186972224788865,11235,horizon
8619,2025-12-08,17,0.0,1.511670878417978,0.7099716031989323,2.313370153637024,11235,horizon
8619,2025-12-09,18,1.0,2.765581105190278,1.2988832946781899,4.232278915702366,11235,horizon
8619,2025-12-10,19,1.0,3.246736722800675,1.5248629243053284,4.968610521296021,11235,horizon
8619,2025-12-11,20,1.0,6.39365584684665,3.0028454981143184,9.78446619557898,11235,horizon
8619,2025-12-12,21,0.0,1.1794647315902858,0.5539476074845807,1.8049818556959907,11235,horizon
8619,2025-12-13,22,0.0,1.3207403250591179,0.18067144405922786,2.460809206059008,14445,horizon
8619,2025-12-14,23,0.0,1.1639123591744462,0.1592180708808275,2.168606647468065,14445,horizon
8619,2025-12-15,24,0.0,1.760933316726339,0.24088790142052519,3.280978732032153,14445,horizon
8619,2025-12-16,25,0.0,1.9594288086715947,0.2680412081596004,3.650816409183589,14445,horizon
8619,2025-12-17,26,0.0,2.0028125694710917,0.2739759150536407,3.7316492238885424,14445,horizon
8619,2025-12-18,27,0.0,3.3612800871950426,0.4598082724655752,6.26275190192451,14445,horizon
8619,2025-12-19,28,0.0,1.7654565249877394,0.2415066563361301,3.2894063936393487,14445,horizon
8619,2025-12-20,29,0.0,1.6686457098998602,0.22826336435010308,3.1090280554496172,14445,horizon
8619,2025-12-21,30,0.0,1.184472108290618,0.16203055376776287,2.206913662813473,14445,horizon
8628,2025-11-22,1,8.0,8.285163787201876,8.0,9.653103732817687,4815,horizon
8628,2025-11-23,2,1.0,1.5357830083740285,1.2822142221783879,1.789351794569669,4815,horizon
8628,2025-11-24,3,0.0,0.6129837050269294,0.4478765350601903,0.7780908749936686,4815,horizon
8628,2025-11-25,4,0.0,0.8362114609730003,0.5197722686884496,1.152650653257551,6420,horizon
8628,2025-11-26,5,0.0,2.200878770517326,1.5044344700586085,2.897323070976043,6420,horizon
8628,2025-11-27,6,3.0,9.97348463834103,6.817483215122022,13.12948606156004,6420,horizon
8628,2025-11-28,7,0.0,1.44536825404945,0.9879970911843109,1.902739416914589,6420,horizon
8628,2025-11-29,8,0.0,1.726087258425385,0.9690933151827946,2.4830812016679755,11235,horizon
8628,2025-11-30,9,0.0,2.040028449848976,1.1453522548650583,2.9347046448328933,11235,horizon
8628,2025-12-01,10,0.0,2.2288024902918604,1.2513374301684967,3.206267550415224,11235,horizon
8628,2025-12-02,11,0.0,2.4081583897028573,1.352034890455849,3.4642818889498654,11235,horizon
8628,2025-12-03,12,1.0,6.514958621530872,3.6577541592987814,9.372163083762963,11235,horizon
8628,2025-12-04,13,4.0,29.248593973873916,16.42131170380936,42.075876243938474,11235,horizon
8628,2025-12-05,14,3.0,9.310050876697346,5.2270289491909425,13.39307280420375,11235,horizon
8628,2025-12-06,15,3.0,9.120842229897438,4.283696321028364,13.957988138766511,11235,horizon
8628,2025-12-07,16,3.0,8.304675459524764,3.9003752961200826,12.708975622929447,11235,horizon
8628,2025-12-08,17,3.0,9.124179334974034,4.285263626369163,13.963095043578905,11235,horizon
8628,2025-12-09,18,3.0,9.421661653045302,4.424979222733251,14.418344083357352,11235,horizon
8628,2025-12-10,19,3.0,14.875179137634948,6.986279176900227,22.76407909836967,11235,horizon
8628,2025-12-11,20,7.0,38.82208950313693,18.23318919321901,59.41098981305485,11235,horizon
8628,2025-12-12,21,5.0,10.754484309704795,5.050952939524504,16.458015679885087,11235,horizon
8628,2025-12-13,22,5.0,10.919036175734366,5.0,20.344396421253933,14445,horizon
8628,2025-12-14,23,5.0,10.053010395489515,5.0,18.73081336311904,14445,horizon
8628,2025-12-15,24,5.0,11.682596898695664,5.0,21.767066132170896,14445,horizon
8628,2025-12-16,25,5.0,12.504721667691747,5.0,23.29885263227957,14445,horizon
8628,2025-12-17,26,5.0,20.031261492157334,5.0,37.32233487053532,14445,horizon
8628,2025-12-18,27,5.0,31.48941144380223,5.0,58.67121045980018,14445,horizon
8628,2025-12-19,28,5.0,12.439711053568747,5.0,23.177724568957757,14445,horizon
8628,2025-12-20,29,5.0,12.060361817361771,5.0,22.47091939684507,14445,horizon
8628,2025-12-21,30,2.0,6.2287345379881245,2.0,11.605405697363555,14445,horizon
8656,2025-11-22,1,0.0,1.3489376408701964e-16,0.0,0.16510716996673924,4815,horizon
8656,2025-11-23,2,0.0,1.3489376408701964e-16,0.0,0.16510716996673924,4815,horizon
8656,2025-11-24,3,0.0,1.3489376408701964e-16,0.0,0.16510716996673924,4815,horizon
8656,2025-11-25,4,0.0,1.3489376408701964e-16,0.0,0.3164391922845507,6420,horizon
8656,2025-11-26,5,0.0,1.3489376408701964e-16,0.0,0.3164391922845507,6420,horizon
8656,2025-11-27,6,0.0,1.3489376408701964e-16,0.0,0.3164391922845507,6420,horizon
8656,2025-11-28,7,0.0,1.3489376408701964e-16,0.0,0.3164391922845507,6420,horizon
8656,2025-11-29,8,0.0,1.5006439558569507e-16,0.0,0.4385606460783187,11235,horizon
8656,2025-11-30,9,0.0,1.5006439558569507e-16,0.0,0.4385606460783187,11235,horizon
8656,2025-12-01,10,0.0,1.5006439558569507e-16,0.0,0.4385606460783187,11235,horizon
8656,2025-12-02,11,0.0,1.5006439558569507e-16,0.0,0.4385606460783187,11235,horizon
8656,2025-12-03,12,0.0,1.5006439558569507e-16,0.0,0.4385606460783187,11235,horizon
8656,2025-12-04,13,0.0,1.5006439558569507e-16,0.0,0.4385606460783187,11235,horizon
8656,2025-12-05,14,0.0,1.5006439558569507e-16,0.0,0.4385606460783187,11235,horizon
8656,2025-12-06,15,0.0,2.0936493878579075e-16,0.0,0.530339829036103,11235,horizon
8656,2025-12-07,16,0.0,2.0936493878579075e-16,0.0,0.530339829036103,11235,horizon
8656,2025-12-08,17,0.0,2.0936493878579075e-16,0.0,0.530339829036103,11235,horizon
8656,2025-12-09,18,0.0,2.0936493878579075e-16,0.0,0.530339829036103,11235,horizon
8656,2025-12-10,19,0.0,2.0936493878579075e-16,0.0,0.530339829036103,11235,horizon
8656,2025-12-11,20,0.0,2.0936493878579075e-16,0.0,0.530339829036103,11235,horizon
8656,2025-12-12,21,0.0,2.0936493878579075e-16,0.0,0.530339829036103,11235,horizon
8656,2025-12-13,22,0.0,2.085521617919071e-16,0.0,0.8632044160148283,14445,horizon
8656,2025-12-14,23,0.0,2.085521617919071e-16,0.0,0.8632044160148283,14445,horizon
8656,2025-12-15,24,0.0,2.085521617919071e-16,0.0,0.8632044160148283,14445,horizon
8656,2025-12-16,25,0.0,2.085521617919071e-16,0.0,0.8632044160148283,14445,horizon
8656,2025-12-17,26,0.0,2.085521617919071e-16,0.0,0.8632044160148283,14445,horizon
8656,2025-12-18,27,0.0,2.085521617919071e-16,0.0,0.8632044160148283,14445,horizon
8656,2025-12-19,28,0.0,2.085521617919071e-16,0.0,0.8632044160148283,14445,horizon
8656,2025-12-20,29,0.0,2.085521617919071e-16,0.0,0.8632044160148283,14445,horizon
8656,2025-12-21,30,0.0,2.085521617919071e-16,0.0,0.8632044160148283,14445,horizon
8682,2025-11-22,1,0.0,1.3489376408701964e-16,0.0,0.16510716996673924,4815,horizon
8682,2025-11-23,2,0.0,1.3489376408701964e-16,0.0,0.16510716996673924,4815,horizon
8682,2025-11-24,3,0.0,1.3489376408701964e-16,0.0,0.16510716996673924,4815,horizon
8682,2025-11-25,4,0.0,1.3489376408701964e-16,0.0,0.3164391922845507,6420,horizon
8682,2025-11-26,5,0.0,1.3489376408701964e-16,0.0,0.3164391922845507,6420,horizon
8682,2025-11-27,6,0.0,1.3489376408701964e-16,0.0,0.3164391922845507,6420,horizon
8682,2025-11-28,7,0.0,1.3489376408701964e-16,0.0,0.3164391922845507,6420,horizon
8682,2025-11-29,8,0.0,1.5006439558569507e-16,0.0,0.4385606460783187,11235,horizon
8682,2025-11-30,9,0.0,1.5006439558569507e-16,0.0,0.4385606460783187,11235,horizon
8682,2025-12-01,10,0.0,1.5006439558569507e-16,0.0,0.4385606460783187,11235,horizon
8682,2025-12-02,11,0.0,1.5006439558569507e-16,0.0,0.4385606460783187,11235,horizon
8682,2025-12-03,12,0.0,1.5006439558569507e-16,0.0,0.4385606460783187,11235,horizon
8682,2025-12-04,13,0.0,1.5006439558569507e-16,0.0,0.4385606460783187,11235,horizon
8682,2025-12-05,14,0.0,1.5006439558569507e-16,0.0,0.4385606460783187,11235,horizon
8682,2025-12-06,15,0.0,0.0,0.0,0.5303398290361028,11235,horizon
8682,2025-12-07,16,0.0,0.0,0.0,0.5303398290361028,11235,horizon
8682,2025-12-08,17,0.0,0.0,0.0,0.5303398290361028,11235,horizon
8682,2025-12-09,18,0.0,2.0936493878579075e-16,0.0,0.530339829036103,11235,horizon
8682,2025-12-10,19,0.0,2.0936493878579075e-16,0.0,0.530339829036103,11235,horizon
8682,2025-12-11,20,0.0,2.0936493878579075e-16,0.0,0.530339829036103,11235,horizon
8682,2025-12-12,21,0.0,2.0936493878579075e-16,0.0,0.530339829036103,11235,horizon
8682,2025-12-13,22,0.0,2.085521617919071e-16,0.0,0.8632044160148283,14445,horizon
8682,2025-12-14,23,0.0,2.085521617919071e-16,0.0,0.8632044160148283,14445,horizon
8682,2025-12-15,24,0.0,2.085521617919071e-16,0.0,0.8632044160148283,14445,horizon
8682,2025-12-16,25,0.0,2.085521617919071e-16,0.0,0.8632044160148283,14445,horizon
8682,2025-12-17,26,0.0,2.085521617919071e-16,0.0,0.8632044160148283,14445,horizon
8682,2025-12-18,27,0.0,2.085521617919071e-16,0.0,0.8632044160148283,14445,horizon
8682,2025-12-19,28,0.0,2.085521617919071e-16,0.0,0.8632044160148283,14445,horizon
8682,2025-12-20,29,0.0,2.085521617919071e-16,0.0,0.8632044160148283,14445,horizon
8682,2025-12-21,30,0.0,2.085521617919071e-16,0.0,0.8632044160148283,14445,horizon
8695,2025-11-22,1,33.0,37.317899654040104,33.0,43.47935245502142,4815,horizon
8695,2025-11-23,2,58.0,72.59416851577618,60.608350796047816,84.57998623550453,4815,horizon
8695,2025-11-24,3,48.0,61.9830240524937,51.74918236520614,72.21686573978126,4815,horizon
8695,2025-11-25,4,45.0,64.05732403149295,45.0,84.32757190792832,6420,horizon
8695,2025-11-26,5,53.0,94.54492515654681,64.62720540540585,124.46264490768777,6420,horizon
8695,2025-11-27,6,51.0,140.0148454549408,95.70866085133315,184.32103005854844,6420,horizon
8695,2025-11-28,7,2.0,18.329777701287657,12.529517650736825,24.13003775183849,6420,horizon
8695,2025-11-29,8,2.0,18.95601885913159,10.64265498119805,27.26938273706513,11235,horizon
8695,2025-11-30,9,8.0,28.651641167466323,16.086158905858145,41.217123429074505,11235,horizon
8695,2025-12-01,10,4.0,24.67597847142257,13.85406541038081,35.49789153246433,11235,horizon
8695,2025-12-02,11,10.0,33.572259833118196,18.8487878703967,48.29573179583969,11235,horizon
8695,2025-12-03,12,14.0,49.66323306103065,27.882893483446942,71.44357263861437,11235,horizon
8695,2025-12-04,13,23.0,187.10381206992884,105.04744336482456,269.1601807750331,11235,horizon
8695,2025-12-05,14,8.0,32.5674872272325,18.284668987710027,46.85030546675497,11235,horizon
8695,2025-12-06,15,7.0,38.2378322747773,17.958786843460732,58.516877706093865,11235,horizon
8695,2025-12-07,16,5.0,29.722568644847815,13.959506671225396,45.48563061847023,11235,horizon
8695,2025-12-08,17,4.0,28.707523392588392,13.482780344513143,43.93226644066364,11235,horizon
8695,2025-12-09,18,5.0,38.48174555166192,18.07334319478273,58.89014790854112,11235,horizon
8695,2025-12-10,19,3.0,53.383762599706465,25.07222706927424,81.6952981301387,11235,horizon
8695,2025-12-11,20,3.0,161.20488778901253,75.7115151592035,246.69826041882158,11235,horizon
8695,2025-12-12,21,0.0,32.579221465684064,15.301162723443849,49.857280207924276,11235,horizon
8695,2025-12-13,22,1.0,30.30380488083578,4.145426685646633,56.46218307602493,14445,horizon
8695,2025-12-14,23,8.0,33.95377603658173,8.0,63.26282545173753,14445,horizon
8695,2025-12-15,24,0.0,36.00134859990868,4.924825505978259,67.0778716938391,14445,horizon
8695,2025-12-16,25,1.0,44.23059019251855,6.050549415394393,82.41063096964271,14445,horizon
8695,2025-12-17,26,0.0,66.2191424612501,9.058486263984001,123.3797986585162,14445,horizon
8695,2025-12-18,27,7.0,143.06363800102133,19.570473907392937,266.5568020946497,14445,horizon
8695,2025-12-19,28,1.0,37.644596465647,5.14961455740432,70.13957837388968,14445,horizon
8695,2025-12-20,29,3.0,35.36019552735306,4.837118596994124,65.883272457712,14445,horizon
8695,2025-12-21,30,0.0,23.621810894835928,3.2313594161463755,44.01226237352548,14445,horizon
8699,2025-11-22,1,0.0,1.3489376408701964e-16,0.0,0.16510716996673924,4815,horizon
8699,2025-11-23,2,0.0,1.3489376408701964e-16,0.0,0.16510716996673924,4815,horizon
8699,2025-11-24,3,0.0,1.3489376408701964e-16,0.0,0.16510716996673924,4815,horizon
8699,2025-11-25,4,0.0,1.3489376408701964e-16,0.0,0.3164391922845507,6420,horizon
8699,2025-11-26,5,0.0,1.3489376408701964e-16,0.0,0.3164391922845507,6420,horizon
8699,2025-11-27,6,0.0,1.3489376408701964e-16,0.0,0.3164391922845507,6420,horizon
8699,2025-11-28,7,0.0,1.3489376408701964e-16,0.0,0.3164391922845507,6420,horizon
8699,2025-11-29,8,0.0,1.5006439558569507e-16,0.0,0.4385606460783187,11235,horizon
8699,2025-11-30,9,0.0,1.5006439558569507e-16,0.0,0.4385606460783187,11235,horizon
8699,2025-12-01,10,0.0,1.5006439558569507e-16,0.0,0.4385606460783187,11235,horizon
8699,2025-12-02,11,0.0,1.5006439558569507e-16,0.0,0.4385606460783187,11235,horizon
8699,2025-12-03,12,0.0,1.5006439558569507e-16,0.0,0.4385606460783187,11235,horizon
8699,2025-12-04,13,0.0,1.5006439558569507e-16,0.0,0.4385606460783187,11235,horizon
8699,2025-12-05,14,0.0,1.5006439558569507e-16,0.0,0.4385606460783187,11235,horizon
8699,2025-12-06,15,0.0,2.0936493878579075e-16,0.0,0.530339829036103,11235,horizon
8699,2025-12-07,16,0.0,2.0936493878579075e-16,0.0,0.530339829036103,11235,horizon
8699,2025-12-08,17,0.0,2.0936493878579075e-16,0.0,0.530339829036103,11235,horizon
8699,2025-12-09,18,0.0,2.0936493878579075e-16,0.0,0.530339829036103,11235,horizon
8699,2025-12-10,19,0.0,2.0936493878579075e-16,0.0,0.530339829036103,11235,horizon
8699,2025-12-11,20,0.0,2.0936493878579075e-16,0.0,0.530339829036103,11235,horizon
8699,2025-12-12,21,0.0,2.0936493878579075e-16,0.0,0.530339829036103,11235,horizon
8699,2025-12-13,22,0.0,2.085521617919071e-16,0.0,0.8632044160148283,14445,horizon
8699,2025-12-14,23,0.0,2.085521617919071e-16,0.0,0.8632044160148283,14445,horizon
8699,2025-12-15,24,0.0,2.085521617919071e-16,0.0,0.8632044160148283,14445,horizon
8699,2025-12-16,25,0.0,2.085521617919071e-16,0.0,0.8632044160148283,14445,horizon
8699,2025-12-17,26,0.0,2.085521617919071e-16,0.0,0.8632044160148283,14445,horizon
8699,2025-12-18,27,0.0,2.085521617919071e-16,0.0,0.8632044160148283,14445,horizon
8699,2025-12-19,28,0.0,2.085521617919071e-16,0.0,0.8632044160148283,14445,horizon
8699,2025-12-20,29,0.0,2.085521617919071e-16,0.0,0.8632044160148283,14445,horizon
8699,2025-12-21,30,0.0,2.085521617919071e-16,0.0,0.8632044160148283,14445,horizon
8715,2025-11-22,1,2418.0,2777.8185859905734,2418.0,3236.4563514044858,4815,horizon
8715,2025-11-23,2,2187.0,2797.4687712474006,2335.586619356411,3259.35092313839,4815,horizon
8715,2025-11-24,3,1893.0,2756.4790090501833,2301.3645607931862,3211.5934573071804,4815,horizon
8715,2025-11-25,4,1798.0,2800.0700254937174,1914.0181282863045,3686.12192270113,6420,horizon
8715,2025-11-26,5,1674.0,2973.5118508313426,2032.5761625057335,3914.4475391569517,6420,horizon
8715,2025-11-27,6,1345.0,2623.2286180876436,1793.1362730022718,3453.320963173015,6420,horizon
8715,2025-11-28,7,683.0,1441.6570643410184,985.4602673496302,1897.8538613324067,6420,horizon
8715,2025-11-29,8,627.0,1454.3729574685613,816.5422136023142,2092.203701334808,11235,horizon
8715,2025-11-30,9,596.0,1648.4363305060367,925.4970283803367,2371.3756326317366,11235,horizon
8715,2025-12-01,10,719.0,1935.2332159673877,1086.5160864605082,2783.950345474267,11235,horizon
8715,2025-12-02,11,679.0,1960.7209504799632,1100.8259036581758,2820.6159973017507,11235,horizon
8715,2025-12-03,12,634.0,2100.3761918548444,1179.2338521474655,3021.518531562223,11235,horizon
8715,2025-12-04,13,527.0,2477.7728591037967,1391.119193179913,3564.4265250276803,11235,horizon
8715,2025-12-05,14,373.0,1719.6983330621863,965.5063210546265,2473.890345069746,11235,horizon
8715,2025-12-06,15,349.0,1761.8852180736637,827.4873127392402,2696.2831234080872,11235,horizon
8715,2025-12-07,16,376.0,1885.598500117804,885.590513934596,2885.606486301012,11235,horizon
8715,2025-12-08,17,376.0,1841.4078742396773,864.8359370296735,2817.979811449681,11235,horizon
8715,2025-12-09,18,432.0,2152.0426086091206,1010.728699480951,3293.3565177372902,11235,horizon
8715,2025-12-10,19,494.0,2462.147253797479,1156.372500156814,3767.922007438144,11235,horizon
8715,2025-12-11,20,480.0,3142.4686202917583,1475.8923494549094,4809.044891128608,11235,horizon
8715,2025-12-12,21,323.0,2001.7385011148733,940.1368466586268,3063.34015557112,11235,horizon
8715,2025-12-13,22,396.0,2281.7080954650705,396.0,4251.288599527303,14445,horizon
8715,2025-12-14,23,318.0,2070.9770671255037,318.0,3858.653616933676,14445,horizon
8715,2025-12-15,24,363.0,2474.512515025764,363.0,4610.522645479962,14445,horizon
8715,2025-12-16,25,405.0,2780.02018177913,405.0,5179.74587930122,14445,horizon
8715,2025-12-17,26,500.0,3552.9911894048605,500.0,6619.948874160913,14445,horizon
8715,2025-12-18,27,419.0,3082.00121547557,421.60415611399003,5742.39827483715,14445,horizon
8715,2025-12-19,28,241.0,2161.717603592586,295.7134219944742,4027.7217851906976,14445,horizon
8715,2025-12-20,29,226.0,2190.158217887797,299.60397243588454,4080.7124633397098,14445,horizon
8715,2025-12-21,30,137.0,1415.4390633804226,193.62581327054954,2637.252313490296,14445,horizon
8728,2025-11-22,1,0.0,1.3489376408701964e-16,0.0,0.16510716996673924,4815,horizon
8728,2025-11-23,2,0.0,1.3489376408701964e-16,0.0,0.16510716996673924,4815,horizon
8728,2025-11-24,3,0.0,1.3489376408701964e-16,0.0,0.16510716996673924,4815,horizon
8728,2025-11-25,4,0.0,1.3489376408701964e-16,0.0,0.3164391922845507,6420,horizon
8728,2025-11-26,5,0.0,1.3489376408701964e-16,0.0,0.3164391922845507,6420,horizon
8728,2025-11-27,6,0.0,1.3489376408701964e-16,0.0,0.3164391922845507,6420,horizon
8728,2025-11-28,7,0.0,1.3489376408701964e-16,0.0,0.3164391922845507,6420,horizon
8728,2025-11-29,8,0.0,1.5006439558569507e-16,0.0,0.4385606460783187,11235,horizon
8728,2025-11-30,9,0.0,1.5006439558569507e-16,0.0,0.4385606460783187,11235,horizon
8728,2025-12-01,10,0.0,1.5006439558569507e-16,0.0,0.4385606460783187,11235,horizon
8728,2025-12-02,11,0.0,1.5006439558569507e-16,0.0,0.4385606460783187,11235,horizon
8728,2025-12-03,12,0.0,1.5006439558569507e-16,0.0,0.4385606460783187,11235,horizon
8728,2025-12-04,13,0.0,1.5006439558569507e-16,0.0,0.4385606460783187,11235,horizon
8728,2025-12-05,14,0.0,1.5006439558569507e-16,0.0,0.4385606460783187,11235,horizon
8728,2025-12-06,15,0.0,2.0936493878579075e-16,0.0,0.530339829036103,11235,horizon
8728,2025-12-07,16,0.0,2.0936493878579075e-16,0.0,0.530339829036103,11235,horizon
8728,2025-12-08,17,0.0,2.0936493878579075e-16,0.0,0.530339829036103,11235,horizon
8728,2025-12-09,18,0.0,2.0936493878579075e-16,0.0,0.530339829036103,11235,horizon
8728,2025-12-10,19,0.0,2.0936493878579075e-16,0.0,0.530339829036103,11235,horizon
8728,2025-12-11,20,0.0,2.0936493878579075e-16,0.0,0.530339829036103,11235,horizon
8728,2025-12-12,21,0.0,2.0936493878579075e-16,0.0,0.530339829036103,11235,horizon
8728,2025-12-13,22,0.0,0.00010846784112831061,0.0,0.8633128838559564,14445,horizon
8728,2025-12-14,23,0.0,2.085521617919071e-16,0.0,0.8632044160148283,14445,horizon
8728,2025-12-15,24,0.0,2.085521617919071e-16,0.0,0.8632044160148283,14445,horizon
8728,2025-12-16,25,0.0,2.085521617919071e-16,0.0,0.8632044160148283,14445,horizon
8728,2025-12-17,26,0.0,2.085521617919071e-16,0.0,0.8632044160148283,14445,horizon
8728,2025-12-18,27,0.0,2.085521617919071e-16,0.0,0.8632044160148283,14445,horizon
8728,2025-12-19,28,0.0,2.085521617919071e-16,0.0,0.8632044160148283,14445,horizon
8728,2025-12-20,29,0.0,2.085521617919071e-16,0.0,0.8632044160148283,14445,horizon
8728,2025-12-21,30,0.0,2.085521617919071e-16,0.0,0.8632044160148283,14445,horizon
8738,2025-11-22,1,8.0,9.444581964268309,8.0,11.003950163907556,4815,horizon
8738,2025-11-23,2,5.0,8.861381919117798,7.398304228457827,10.324459609777769,4815,horizon
8738,2025-11-24,3,12.0,18.247881603443545,15.23502551401086,21.26073769287623,4815,horizon
8738,2025-11-25,4,8.0,14.97503714208513,10.236348484412567,19.713725799757693,6420,horizon
8738,2025-11-26,5,6.0,14.48518472573904,9.90150457103367,19.068864880444412,6420,horizon
8738,2025-11-27,6,12.0,33.18924010280594,22.686863772136014,43.691616433475865,6420,horizon
8738,2025-11-28,7,5.0,14.12266903106306,9.65370304997143,18.59163501215469,6420,horizon
8738,2025-11-29,8,2.0,8.404613262050466,4.718680639807209,12.090545884293723,11235,horizon
8738,2025-11-30,9,3.0,9.947243158752432,5.584773772351832,14.309712545153033,11235,horizon
8738,2025-12-01,10,5.0,14.820835782646366,8.321000466388314,21.32067109890442,11235,horizon
8738,2025-12-02,11,6.0,17.175234022839568,9.642852293236729,24.707615752442408,11235,horizon
8738,2025-12-03,12,3.0,16.341744231924704,9.17489832352517,23.508590140324237,11235,horizon
8738,2025-12-04,13,10.0,49.815792063020204,27.968546110958894,71.66303801508151,11235,horizon
8738,2025-12-05,14,2.0,16.00757978834327,8.987285254217213,23.02787432246933,11235,horizon
8738,2025-12-06,15,3.0,13.638918768974788,6.405656920799406,20.87218061715017,11235,horizon
8738,2025-12-07,16,0.0,10.527790796617177,4.944484025411367,16.111097567822988,11235,horizon
8738,2025-12-08,17,1.0,12.008305409310577,5.639822771523497,18.376788047097655,11235,horizon
8738,2025-12-09,18,1.0,12.57609806021491,5.906492365019271,19.24570375541055,11235,horizon
8738,2025-12-10,19,2.0,16.672601423353044,7.830456834904906,25.51474601180118,11235,horizon
8738,2025-12-11,20,0.0,35.10850004375649,16.489064132836667,53.72793595467632,11235,horizon
8738,2025-12-12,21,0.0,13.444968854279612,6.3145663707052355,20.575371337853987,11235,horizon
8738,2025-12-13,22,0.0,11.65926393289023,1.594935818536971,21.72359204724349,14445,horizon
8738,2025-12-14,23,2.0,13.094474719152638,2.0,24.397683122119723,14445,horizon
8738,2025-12-15,24,2.0,15.607245921561224,2.13500232024016,29.07948952288229,14445,horizon
8738,2025-12-16,25,3.0,18.086764899306203,3.0,33.6993402318093,14445,horizon
8738,2025-12-17,26,4.0,20.805690004231977,4.0,38.765253494120586,14445,horizon
8738,2025-12-18,27,8.0,52.138801479312285,8.0,97.14524516197511,14445,horizon
8738,2025-12-19,28,7.0,24.9346685648433,7.0,46.45838458188216,14445,horizon
8738,2025-12-20,29,2.0,13.867833927482712,2.0,25.838609414246047,14445,horizon
8738,2025-12-21,30,1.0,10.183919555749382,1.393115222886749,18.974723888612015,14445,horizon
8789,2025-11-22,1,0.0,0.040939782099678995,0.0,0.2060469520664181,4815,horizon
8789,2025-11-23,2,0.0,0.024820938290024953,0.0,0.18992810825676407,4815,horizon
8789,2025-11-24,3,0.0,0.21301251018908862,0.04790534022234952,0.37811968015582775,4815,horizon
8789,2025-11-25,4,0.0,0.36767168006040635,0.05123248777585576,0.6841108723449569,6420,horizon
8789,2025-11-26,5,0.0,0.8384465239797185,0.5220073316951679,1.1548857162642692,6420,horizon
8789,2025-11-27,6,0.0,0.857370592610745,0.5409314003261945,1.1738097848952955,6420,horizon
8789,2025-11-28,7,0.0,0.5734782850442592,0.25703909275970865,0.8899174773288099,6420,horizon
8789,2025-11-29,8,0.0,0.7381979989570572,0.29963735287873866,1.1767586450353757,11235,horizon
8789,2025-11-30,9,0.0,0.9213919356613669,0.4828312895830484,1.3599525817396854,11235,horizon
8789,2025-12-01,10,0.0,0.9589455222394072,0.5203848761610887,1.3975061683177257,11235,horizon
8789,2025-12-02,11,0.0,1.204456881580253,0.6762294934209404,1.7326842697395657,11235,horizon
8789,2025-12-03,12,0.0,1.7755842305125802,0.996882863212509,2.5542855978126515,11235,horizon
8789,2025-12-04,13,0.0,2.818680808694988,1.5825183321451568,4.054843285244819,11235,horizon
8789,2025-12-05,14,0.0,1.2642653431884165,0.7098083174652775,1.8187223689115557,11235,horizon
8789,2025-12-06,15,0.0,1.9708089973022547,0.9256104906101639,3.0160075039943455,11235,horizon
8789,2025-12-07,16,0.0,1.7727530389173445,0.8325914953346883,2.7129145825000007,11235,horizon
8789,2025-12-08,17,0.0,1.7360385918255972,0.8153481818367334,2.656729001814461,11235,horizon
8789,2025-12-09,18,0.0,1.8665401420321261,0.8766395622177854,2.856440721846467,11235,horizon
8789,2025-12-10,19,0.0,2.0736340273154172,0.9739033117855136,3.1733647428453207,11235,horizon
8789,2025-12-11,20,0.0,3.0891024687988833,1.4508283936210806,4.7273765439766855,11235,horizon
8789,2025-12-12,21,0.0,1.7183587178170603,0.8070446491872638,2.6296727864468568,11235,horizon
8789,2025-12-13,22,0.0,1.7611280417205506,0.24091453893982484,3.2813415445012764,14445,horizon
8789,2025-12-14,23,0.0,1.5440315224232934,0.2112166938014084,2.8768463510451783,14445,horizon
8789,2025-12-15,24,0.0,1.9200038995944113,0.2626480546988248,3.577359744489998,14445,horizon
8789,2025-12-16,25,0.0,2.3341196166450247,0.31929725605020165,4.348941977239848,14445,horizon
8789,2025-12-17,26,0.0,2.367895900091265,0.3239177024690787,4.411874097713451,14445,horizon
8789,2025-12-18,27,0.0,2.8839315458482857,0.3945090999875758,5.373353991708996,14445,horizon
8789,2025-12-19,28,0.0,2.299599042972327,0.3145749940151419,4.284623091929513,14445,horizon
8789,2025-12-20,29,0.0,1.7411006397211495,0.238174878787611,3.244026400654688,14445,horizon
8789,2025-12-21,30,0.0,1.2604104118016104,0.17241857834339225,2.3484022452598285,14445,horizon
8837,2025-11-22,1,168.0,186.12528714925895,168.0,216.85590656971976,4815,horizon
8837,2025-11-23,2,112.0,141.3589488503531,118.01957285619827,164.69832484450794,4815,horizon
8837,2025-11-24,3,88.0,124.25760978101613,103.74178748324115,144.7734320787911,4815,horizon
8837,2025-11-25,4,90.0,139.10536695179798,95.086976991125,183.12375691247095,6420,horizon
8837,2025-11-26,5,61.0,146.9200840867411,100.4288113479545,193.41135682552772,6420,horizon
8837,2025-11-27,6,92.0,224.6802015969384,153.5825800812732,295.7778231126036,6420,horizon
8837,2025-11-28,7,21.0,56.37172576388469,38.53350239547483,74.20994913229455,6420,horizon
8837,2025-11-29,8,29.0,67.75649519223792,38.04116288472758,97.47182749974826,11235,horizon
8837,2025-11-30,9,29.0,76.3775892413951,42.881384357784434,109.87379412500576,11235,horizon
8837,2025-12-01,10,30.0,85.01156917695116,47.72884047457579,122.29429787932652,11235,horizon
8837,2025-12-02,11,31.0,86.60217810038918,48.621870920892896,124.58248527988547,11235,horizon
8837,2025-12-03,12,23.0,111.9041779254165,62.82740935558273,160.9809464952503,11235,horizon
8837,2025-12-04,13,27.0,189.93705089381916,106.63813513961537,273.23596664802295,11235,horizon
8837,2025-12-05,14,15.0,66.93217238546791,37.578355620671715,96.2859891502641,11235,horizon
8837,2025-12-06,15,12.0,54.95735881037148,25.811282534603315,84.10343508613965,11235,horizon
8837,2025-12-07,16,2.0,45.94513821635673,21.57860146965399,70.31167496305947,11235,horizon
8837,2025-12-08,17,4.0,46.78601104437181,21.973525945818448,71.59849614292517,11235,horizon
8837,2025-12-09,18,9.0,57.013190684116886,26.77682488389961,87.24955648433416,11235,horizon
8837,2025-12-10,19,5.0,74.42469944212667,34.95431706392588,113.89508182032745,11235,horizon
8837,2025-12-11,20,5.0,144.12599666012773,67.69024023173768,220.56175308851778,11235,horizon
8837,2025-12-12,21,4.0,51.93820538505889,24.393306420704768,79.48310434941303,11235,horizon
8837,2025-12-13,22,4.0,45.72215051411623,6.2545882806364546,85.189712747596,14445,horizon
8837,2025-12-14,23,9.0,48.86655860929815,9.0,91.04838779629173,14445,horizon
8837,2025-12-15,24,9.0,63.84180758941053,9.0,118.95033782695867,14445,horizon
8837,2025-12-16,25,6.0,59.1172141607321,8.086973834693822,110.14745448677037,14445,horizon
8837,2025-12-17,26,2.0,72.10773127900251,9.864019210156997,134.35144334784803,14445,horizon
8837,2025-12-18,27,11.0,131.53338330359497,17.993185982560732,245.07358062462922,14445,horizon
8837,2025-12-19,28,0.0,53.49658092977661,7.318096029498804,99.67506583005442,14445,horizon
8837,2025-12-20,29,0.0,42.228870283910645,5.776722971521629,78.68101759629965,14445,horizon
8837,2025-12-21,30,0.0,35.579798154947355,4.867159266680563,66.29243704321415,14445,horizon
8838,2025-11-22,1,372.0,442.3473414009055,372.0,515.38205908192,4815,horizon
8838,2025-11-23,2,206.0,310.49185229959846,259.227421268681,361.75628333051594,4815,horizon
8838,2025-11-24,3,278.0,462.5857790778648,386.2095502274593,538.9620079282703,4815,horizon
8838,2025-11-25,4,248.0,440.83008929444793,301.3341719033865,580.3260066855094,6420,horizon
8838,2025-11-26,5,293.0,666.5577536213946,455.632756454436,877.4827507883531,6420,horizon
8838,2025-11-27,6,287.0,854.1089415826574,583.8353979852288,1124.382485180086,6420,horizon
8838,2025-11-28,7,78.0,268.83918083928165,183.76792760005912,353.9104340785042,6420,horizon
8838,2025-11-29,8,55.0,237.28708607489116,133.22230829984534,341.351863849937,11235,horizon
8838,2025-11-30,9,54.0,234.79100510407136,131.82091021225204,337.7610999958907,11235,horizon
8838,2025-12-01,10,42.0,224.97694938131966,126.31091310791895,323.64298565472035,11235,horizon
8838,2025-12-02,11,39.0,262.71788760020775,147.5001610779296,377.9356141224859,11235,horizon
8838,2025-12-03,12,54.0,443.0417165715279,248.74105511227134,637.3423780307844,11235,horizon
8838,2025-12-04,13,73.0,836.8305900313011,469.8296258090732,1203.831554253529,11235,horizon
8838,2025-12-05,14,49.0,327.1415730287679,183.67015340219402,470.6129926553417,11235,horizon
8838,2025-12-06,15,96.0,362.18156220211586,170.1022544238171,554.2608699804146,11235,horizon
8838,2025-12-07,16,95.0,315.59979760311126,148.2246548984486,482.9749403077739,11235,horizon
8838,2025-12-08,17,68.0,259.5876369895519,121.91797396862705,397.2573000104768,11235,horizon
8838,2025-12-09,18,95.0,371.07817254284925,174.28063795744512,567.8757071282533,11235,horizon
8838,2025-12-10,19,37.0,478.71746531303546,224.83452660232376,732.6004040237472,11235,horizon
8838,2025-12-11,20,69.0,904.1527156359998,424.64451900307563,1383.660912268924,11235,horizon
8838,2025-12-12,21,22.0,291.87708627342386,137.08304223962043,446.67113030722726,11235,horizon
8838,2025-12-13,22,18.0,225.85907111913548,30.89652353209061,420.82161870618035,14445,horizon
8838,2025-12-14,23,17.0,220.67088232056614,30.186802215564995,411.1549624255673,14445,horizon
8838,2025-12-15,24,27.0,245.26730007645696,33.55148354642532,456.9831166064886,14445,horizon
8838,2025-12-16,25,12.0,289.5477634049373,39.60885538657877,539.4866714232959,14445,horizon
8838,2025-12-17,26,17.0,435.4548891151114,59.56830585569992,811.3414723745229,14445,horizon
8838,2025-12-18,27,42.0,682.9461701402192,93.42402017476786,1272.4683201056705,14445,horizon
8838,2025-12-19,28,16.0,318.120872637029,43.51753055025489,592.724214723803,14445,horizon
8838,2025-12-20,29,16.0,227.28777309327245,31.091963652983452,423.48358253356145,14445,horizon
8838,2025-12-21,30,12.0,173.11434776751784,23.68127829906973,322.54741723596595,14445,horizon
8840,2025-11-22,1,105.0,112.86784313757221,105.0,131.5031332982666,4815,horizon
8840,2025-11-23,2,99.0,115.54491689092191,99.0,134.6222111228241,4815,horizon
8840,2025-11-24,3,78.0,100.07510699954688,83.55198929873309,116.59822470036066,4815,horizon
8840,2025-11-25,4,74.0,102.71890522079661,74.0,135.2231926212188,6420,horizon
8840,2025-11-26,5,76.0,128.38993739845907,87.76232931062667,169.01754548629145,6420,horizon
8840,2025-11-27,6,63.0,131.84593362127697,90.12471288015762,173.5671543623963,6420,horizon
8840,2025-11-28,7,30.0,60.79288167708537,41.55563130253822,80.03013205163252,6420,horizon
8840,2025-11-29,8,24.0,59.68597825120318,33.51005706753905,85.86189943486731,11235,horizon
8840,2025-11-30,9,23.0,67.19050510650338,37.7233937766667,96.65761643634006,11235,horizon
8840,2025-12-01,10,15.0,59.11550922518382,33.189773306138406,85.04124514422924,11235,horizon
8840,2025-12-02,11,15.0,60.47030122232905,33.950406849713886,86.99019559494421,11235,horizon
8840,2025-12-03,12,18.0,84.66002771318016,47.53147126227952,121.78858416408079,11235,horizon
8840,2025-12-04,13,19.0,121.08255732619986,67.98051275640661,174.18460189599313,11235,horizon
8840,2025-12-05,14,10.0,56.13183599808456,31.51462173720238,80.74905025896675,11235,horizon
8840,2025-12-06,15,13.0,72.77217911731444,34.17819408565325,111.36616414897563,11235,horizon
8840,2025-12-07,16,17.0,75.0467768183459,35.24648203079378,114.84707160589804,11235,horizon
8840,2025-12-08,17,18.0,75.15899122409635,35.299184667783145,115.01879778040956,11235,horizon
8840,2025-12-09,18,20.0,79.16567671023026,37.18096525819936,121.15038816226115,11235,horizon
8840,2025-12-10,19,16.0,90.2030924650342,42.36479982860019,138.04138510146822,11235,horizon
8840,2025-12-11,20,11.0,156.48433821954552,73.49446104136406,239.474215397727,11235,horizon
8840,2025-12-12,21,5.0,55.91787988227899,26.26240102544982,85.57335873910816,11235,horizon
8840,2025-12-13,22,9.0,63.23564325749639,9.0,117.82092976690556,14445,horizon
8840,2025-12-14,23,10.0,61.301483567596954,10.0,114.21719489140706,14445,horizon
8840,2025-12-15,24,10.0,74.79327992276748,10.23139040520141,139.35516944033355,14445,horizon
8840,2025-12-16,25,10.0,78.20830235368862,10.698550392961735,145.7180543144155,14445,horizon
8840,2025-12-17,26,6.0,112.41941319651494,15.378479279487607,209.46034711354227,14445,horizon
8840,2025-12-18,27,12.0,155.3758558597481,21.254730939530134,289.49698077996607,14445,horizon
8840,2025-12-19,28,4.0,77.39480677345759,10.58726778999467,144.20234575692052,14445,horizon
8840,2025-12-20,29,5.0,70.09990652234188,9.589357650029719,130.61045539465405,14445,horizon
8840,2025-12-21,30,0.0,43.98312651539009,6.016697477166488,81.94955555361369,14445,horizon
8856,2025-11-22,1,531.0,620.9617499968923,531.0,723.4869871964729,4815,horizon
8856,2025-11-23,2,614.0,874.7158867747131,730.2940221843936,1019.1377513650326,4815,horizon
8856,2025-11-24,3,370.0,615.2652902455945,513.6805793943801,716.850001096809,4815,horizon
8856,2025-11-25,4,247.0,485.42243038180857,331.81574859498556,639.0291121686316,6420,horizon
8856,2025-11-26,5,325.0,762.9688736433144,521.5356195293707,1004.4021277572581,6420,horizon
8856,2025-11-27,6,759.0,2201.306135503789,1504.7266000139443,2897.8856709936335,6420,horizon
8856,2025-11-28,7,197.0,694.7584187526479,474.9096258896684,914.6072116156274,6420,horizon
8856,2025-11-29,8,171.0,530.1858418082127,297.6671964832258,762.7044871331996,11235,horizon
8856,2025-11-30,9,100.0,474.57409488093293,266.44457321791776,682.7036165439481,11235,horizon
8856,2025-12-01,10,153.0,652.7172323508628,366.4611412246165,938.973323477109,11235,horizon
8856,2025-12-02,11,142.0,670.0883348638287,376.21396179640334,963.962707931254,11235,horizon
8856,2025-12-03,12,133.0,805.4515818148071,452.2122157093017,1158.6909479203125,11235,horizon
8856,2025-12-04,13,325.0,2556.312930634959,1435.2146801973315,3677.4111810725863,11235,horizon
8856,2025-12-05,14,135.0,995.0580217288144,558.664732834012,1431.4513106236168,11235,horizon
8856,2025-12-06,15,97.0,685.7271945651764,322.0587514340744,1049.3956376962785,11235,horizon
8856,2025-12-07,16,87.0,653.6965044287803,307.0152120285229,1000.3777968290376,11235,horizon
8856,2025-12-08,17,110.0,682.5543471122867,320.5685913569078,1044.5401028676656,11235,horizon
8856,2025-12-09,18,93.0,756.6294587773049,355.35872096567005,1157.9001965889397,11235,horizon
8856,2025-12-10,19,130.0,974.0726015260489,457.48310456397223,1490.6620984881256,11235,horizon
8856,2025-12-11,20,259.0,3478.1832180966976,1633.5641248550533,5322.802311338342,11235,horizon
8856,2025-12-12,21,98.0,1066.5094144273235,500.8969939145427,1632.1218349401042,11235,horizon
8856,2025-12-13,22,49.0,628.9980129891663,86.04415051236572,1171.951875465967,14445,horizon
8856,2025-12-14,23,51.0,693.1172393109973,94.81537752173801,1291.4191011002567,14445,horizon
8856,2025-12-15,24,65.0,783.6236119575823,107.19624962230716,1460.0509742928575,14445,horizon
8856,2025-12-16,25,76.0,843.5856957407799,115.39879789039753,1571.7725935911621,14445,horizon
8856,2025-12-17,26,120.0,1226.4300967667848,167.77022130420323,2285.089972229366,14445,horizon
8856,2025-12-18,27,159.0,2732.9012548581195,373.84882313212574,5091.953686584113,14445,horizon
8856,2025-12-19,28,83.0,1178.046199501493,161.15151782231908,2194.940881180667,14445,horizon
8856,2025-12-20,29,67.0,747.9588497388672,102.31746764690581,1393.6002318308288,14445,horizon
8856,2025-12-21,30,71.0,686.1520811403981,93.86257464224184,1278.4415876385542,14445,horizon
8913,2025-11-22,1,79.0,89.28118651264444,79.0,104.02215054901976,4815,horizon
8913,2025-11-23,2,82.0,106.83565835883608,89.19632515567527,124.4749915619969,4815,horizon
8913,2025-11-24,3,25.0,43.93162120391831,36.678195554888575,51.18504685294805,4815,horizon
8913,2025-11-25,4,27.0,50.669084486983884,34.63540031812505,66.70276865584272,6420,horizon
8913,2025-11-26,5,35.0,89.48219689867571,61.16652278821165,117.79787100913977,6420,horizon
8913,2025-11-27,6,65.0,201.74949690700404,137.90804906193725,265.59094475207087,6420,horizon
8913,2025-11-28,7,15.0,48.529762224789295,33.173043464615674,63.886480984962915,6420,horizon
8913,2025-11-29,8,4.0,26.094334614582344,14.65038636702728,37.53828286213741,11235,horizon
8913,2025-11-30,9,11.0,30.818462371939038,17.302697602961103,44.33422714091697,11235,horizon
8913,2025-12-01,10,12.0,39.593474679281826,22.22933484345044,56.95761451511321,11235,horizon
8913,2025-12-02,11,17.0,46.89237191353803,26.327222990991995,67.45752083608406,11235,horizon
8913,2025-12-03,12,16.0,70.32614508720494,39.48386546156277,101.1684247128471,11235,horizon
8913,2025-12-04,13,32.0,266.6070723703871,149.6837024625811,383.53044227819305,11235,horizon
8913,2025-12-05,14,16.0,66.52701715330748,37.35088552888958,95.70314877772539,11235,horizon
8913,2025-12-06,15,4.0,32.94052944228086,15.470854689502922,50.4102041950588,11235,horizon
8913,2025-12-07,16,7.0,36.8860262378258,17.323897389036066,56.44815508661554,11235,horizon
8913,2025-12-08,17,6.0,35.998769236256024,16.90718811398989,55.09035035852216,11235,horizon
8913,2025-12-09,18,10.0,40.8911004815226,19.204921243053803,62.577279719991395,11235,horizon
8913,2025-12-10,19,6.0,61.1044184539021,28.698311617709173,93.51052529009502,11235,horizon
8913,2025-12-11,20,4.0,223.78366311489833,105.10227347747033,342.4650527523263,11235,horizon
8913,2025-12-12,21,3.0,50.810490646473326,23.863663723782164,77.75731756916448,11235,horizon
8913,2025-12-13,22,5.0,37.64250192318049,5.14932803324443,70.13567581311655,14445,horizon
8913,2025-12-14,23,3.0,33.15896699441407,4.536000254345915,61.78193373448223,14445,horizon
8913,2025-12-15,24,5.0,39.43820952902246,5.394972903852199,73.48144615419272,14445,horizon
8913,2025-12-16,25,6.0,44.9164774055005,6.144375757242216,83.68857905375879,14445,horizon
8913,2025-12-17,26,9.0,74.13603456917717,10.141482143235478,138.13058699511885,14445,horizon
8913,2025-12-18,27,6.0,168.6352326259805,23.06855512754632,314.20191012441467,14445,horizon
8913,2025-12-19,28,0.0,44.43533398964623,6.078557462689815,82.79211051660265,14445,horizon
8913,2025-12-20,29,0.0,29.948289116743638,4.096793699081715,55.79978453440556,14445,horizon
8913,2025-12-21,30,0.0,24.608065635554134,3.3662747093610683,45.8498565617472,14445,horizon
8930,2025-11-22,1,0.0,1.3489376408701964e-16,0.0,0.16510716996673924,4815,horizon
8930,2025-11-23,2,0.0,1.3489376408701964e-16,0.0,0.16510716996673924,4815,horizon
8930,2025-11-24,3,0.0,1.3489376408701964e-16,0.0,0.16510716996673924,4815,horizon
8930,2025-11-25,4,0.0,1.3489376408701964e-16,0.0,0.3164391922845507,6420,horizon
8930,2025-11-26,5,0.0,1.3489376408701964e-16,0.0,0.3164391922845507,6420,horizon
8930,2025-11-27,6,0.0,1.3489376408701964e-16,0.0,0.3164391922845507,6420,horizon
8930,2025-11-28,7,0.0,1.3489376408701964e-16,0.0,0.3164391922845507,6420,horizon
8930,2025-11-29,8,0.0,1.5006439558569507e-16,0.0,0.4385606460783187,11235,horizon
8930,2025-11-30,9,0.0,1.5006439558569507e-16,0.0,0.4385606460783187,11235,horizon
8930,2025-12-01,10,0.0,1.5006439558569507e-16,0.0,0.4385606460783187,11235,horizon
8930,2025-12-02,11,0.0,1.5006439558569507e-16,0.0,0.4385606460783187,11235,horizon
8930,2025-12-03,12,0.0,1.5006439558569507e-16,0.0,0.4385606460783187,11235,horizon
8930,2025-12-04,13,0.0,1.5006439558569507e-16,0.0,0.4385606460783187,11235,horizon
8930,2025-12-05,14,0.0,1.5006439558569507e-16,0.0,0.4385606460783187,11235,horizon
8930,2025-12-06,15,0.0,2.0936493878579075e-16,0.0,0.530339829036103,11235,horizon
8930,2025-12-07,16,0.0,2.0936493878579075e-16,0.0,0.530339829036103,11235,horizon
8930,2025-12-08,17,0.0,2.0936493878579075e-16,0.0,0.530339829036103,11235,horizon
8930,2025-12-09,18,0.0,2.0936493878579075e-16,0.0,0.530339829036103,11235,horizon
8930,2025-12-10,19,0.0,2.0936493878579075e-16,0.0,0.530339829036103,11235,horizon
8930,2025-12-11,20,0.0,2.0936493878579075e-16,0.0,0.530339829036103,11235,horizon
8930,2025-12-12,21,0.0,2.0936493878579075e-16,0.0,0.530339829036103,11235,horizon
8930,2025-12-13,22,0.0,0.00011539169020314227,0.0,0.8633198077050313,14445,horizon
8930,2025-12-14,23,0.0,2.085521617919071e-16,0.0,0.8632044160148283,14445,horizon
8930,2025-12-15,24,0.0,2.085521617919071e-16,0.0,0.8632044160148283,14445,horizon
8930,2025-12-16,25,0.0,2.085521617919071e-16,0.0,0.8632044160148283,14445,horizon
8930,2025-12-17,26,0.0,2.085521617919071e-16,0.0,0.8632044160148283,14445,horizon
8930,2025-12-18,27,0.0,2.085521617919071e-16,0.0,0.8632044160148283,14445,horizon
8930,2025-12-19,28,0.0,2.085521617919071e-16,0.0,0.8632044160148283,14445,horizon
8930,2025-12-20,29,0.0,2.085521617919071e-16,0.0,0.8632044160148283,14445,horizon
8930,2025-12-21,30,0.0,2.085521617919071e-16,0.0,0.8632044160148283,14445,horizon
8957,2025-11-22,1,0.0,1.3489376408701964e-16,0.0,0.16510716996673924,4815,horizon
8957,2025-11-23,2,0.0,1.3489376408701964e-16,0.0,0.16510716996673924,4815,horizon
8957,2025-11-24,3,0.0,1.3489376408701964e-16,0.0,0.16510716996673924,4815,horizon
8957,2025-11-25,4,0.0,1.3489376408701964e-16,0.0,0.3164391922845507,6420,horizon
8957,2025-11-26,5,0.0,1.3489376408701964e-16,0.0,0.3164391922845507,6420,horizon
8957,2025-11-27,6,0.0,1.3489376408701964e-16,0.0,0.3164391922845507,6420,horizon
8957,2025-11-28,7,0.0,1.3489376408701964e-16,0.0,0.3164391922845507,6420,horizon
8957,2025-11-29,8,0.0,1.5006439558569507e-16,0.0,0.4385606460783187,11235,horizon
8957,2025-11-30,9,0.0,1.5006439558569507e-16,0.0,0.4385606460783187,11235,horizon
8957,2025-12-01,10,0.0,1.5006439558569507e-16,0.0,0.4385606460783187,11235,horizon
8957,2025-12-02,11,0.0,1.5006439558569507e-16,0.0,0.4385606460783187,11235,horizon
8957,2025-12-03,12,0.0,1.5006439558569507e-16,0.0,0.4385606460783187,11235,horizon
8957,2025-12-04,13,0.0,1.5006439558569507e-16,0.0,0.4385606460783187,11235,horizon
8957,2025-12-05,14,0.0,1.5006439558569507e-16,0.0,0.4385606460783187,11235,horizon
8957,2025-12-06,15,0.0,2.0936493878579075e-16,0.0,0.530339829036103,11235,horizon
8957,2025-12-07,16,0.0,2.0936493878579075e-16,0.0,0.530339829036103,11235,horizon
8957,2025-12-08,17,0.0,2.0936493878579075e-16,0.0,0.530339829036103,11235,horizon
8957,2025-12-09,18,0.0,2.0936493878579075e-16,0.0,0.530339829036103,11235,horizon
8957,2025-12-10,19,0.0,2.0936493878579075e-16,0.0,0.530339829036103,11235,horizon
8957,2025-12-11,20,0.0,2.0936493878579075e-16,0.0,0.530339829036103,11235,horizon
8957,2025-12-12,21,0.0,2.0936493878579075e-16,0.0,0.530339829036103,11235,horizon
8957,2025-12-13,22,0.0,2.085521617919071e-16,0.0,0.8632044160148283,14445,horizon
8957,2025-12-14,23,0.0,2.085521617919071e-16,0.0,0.8632044160148283,14445,horizon
8957,2025-12-15,24,0.0,2.085521617919071e-16,0.0,0.8632044160148283,14445,horizon
8957,2025-12-16,25,0.0,2.085521617919071e-16,0.0,0.8632044160148283,14445,horizon
8957,2025-12-17,26,0.0,2.085521617919071e-16,0.0,0.8632044160148283,14445,horizon
8957,2025-12-18,27,0.0,2.085521617919071e-16,0.0,0.8632044160148283,14445,horizon
8957,2025-12-19,28,0.0,2.085521617919071e-16,0.0,0.8632044160148283,14445,horizon
8957,2025-12-20,29,0.0,2.085521617919071e-16,0.0,0.8632044160148283,14445,horizon
8957,2025-12-21,30,0.0,2.085521617919071e-16,0.0,0.8632044160148283,14445,horizon
8978,2025-11-22,1,27620.0,30354.144539890753,27620.0,35365.83144163346,4815,horizon
8978,2025-11-23,2,21358.0,26350.626663779087,21999.949268472425,30701.30405908575,4815,horizon
8978,2025-11-24,3,17625.0,24647.613984824846,20578.116193357793,28717.1117762919,4815,horizon
8978,2025-11-25,4,16311.0,26137.08703690297,17866.288326274396,34407.885747531545,6420,horizon
8978,2025-11-26,5,18292.0,35875.146258975896,24522.843953695447,47227.448564256345,6420,horizon
8978,2025-11-27,6,15982.0,36922.36711296928,25238.683086507626,48606.051139430936,6420,horizon
8978,2025-11-28,7,5878.0,14325.577116735085,9792.403064905393,18858.751168564777,6420,horizon
8978,2025-11-29,8,5734.0,14993.408223117414,8417.889425871068,21568.92702036376,11235,horizon
8978,2025-11-30,9,4756.0,14191.734627219405,7967.798320134018,20415.67093430479,11235,horizon
8978,2025-12-01,10,4478.0,15303.899848006604,8592.211643146948,22015.58805286626,11235,horizon
8978,2025-12-02,11,4208.0,15075.94632710397,8464.2295656472,21687.663088560737,11235,horizon
8978,2025-12-03,12,5132.0,21460.6606558721,12048.859453365281,30872.46185837892,11235,horizon
8978,2025-12-04,13,5297.0,28035.29362764372,15740.117141308925,40330.47011397852,11235,horizon
8978,2025-12-05,14,2274.0,13487.43201820907,7572.3751183659015,19402.48891805224,11235,horizon
8978,2025-12-06,15,2385.0,13779.51608953032,6471.689882408583,21087.342296652056,11235,horizon
8978,2025-12-07,16,2173.0,13073.520968179217,6140.1120930151465,20006.929843343285,11235,horizon
8978,2025-12-08,17,2044.0,12241.72320542929,5749.449813554629,18733.99659730395,11235,horizon
8978,2025-12-09,18,2089.0,13237.616737514798,6217.181340095747,20258.05213493385,11235,horizon
8978,2025-12-10,19,2606.0,20818.28784011067,9777.520626161999,31859.05505405934,11235,horizon
8978,2025-12-11,20,2681.0,29491.744873255448,13851.097939196794,45132.3918073141,11235,horizon
8978,2025-12-12,21,1361.0,13539.612534022119,6359.016737513754,20720.208330530484,11235,horizon
8978,2025-12-13,22,1170.0,11008.897108308849,1505.9685089637787,20511.82570765392,14445,horizon
8978,2025-12-14,23,1142.0,10611.670746885642,1451.6296968785864,19771.711796892698,14445,horizon
8978,2025-12-15,24,1146.0,12026.634128892652,1645.1904390378695,22408.077818747435,14445,horizon
8978,2025-12-16,25,1265.0,13973.442349223193,1911.5052064451193,26035.379492001266,14445,horizon
8978,2025-12-17,26,1582.0,20499.954765987663,2804.3032838828913,38195.60624809243,14445,horizon
8978,2025-12-18,27,1868.0,26428.048629441473,3615.240345852966,49240.85691302998,14445,horizon
8978,2025-12-19,28,1076.0,12639.162316137072,1728.9815901193488,23549.343042154796,14445,horizon
8978,2025-12-20,29,815.0,9415.369128992546,1287.980918436495,17542.757339548596,14445,horizon
8978,2025-12-21,30,414.0,7554.536455539475,1033.4272261727929,14075.645684906158,14445,horizon
8979,2025-11-22,1,443.0,516.5617373217461,443.0,601.8497838840417,4815,horizon
8979,2025-11-23,2,327.0,465.3696897602169,388.5338172956081,542.2055622248256,4815,horizon
8979,2025-11-24,3,183.0,328.700512280554,274.42970093129435,382.97132362981364,4815,horizon
8979,2025-11-25,4,138.0,306.0561879874268,209.2080150669969,402.90436090785676,6420,horizon
8979,2025-11-26,5,290.0,744.2680553785133,508.7524730913434,979.7836376656832,6420,horizon
8979,2025-11-27,6,414.0,1292.058762388308,883.2007312339757,1700.9167935426403,6420,horizon
8979,2025-11-28,7,116.0,387.3976665670123,264.8098618656273,509.98547126839736,6420,horizon
8979,2025-11-29,8,56.0,249.76191121889113,140.2261660689786,359.29765636880364,11235,horizon
8979,2025-11-30,9,48.0,268.14128750807737,150.54507121826282,385.7375037978919,11235,horizon
8979,2025-12-01,10,67.0,279.1558894652659,156.72910222481121,401.5826767057206,11235,horizon
8979,2025-12-02,11,59.0,305.0865146853787,171.2875756951766,438.8854536755808,11235,horizon
8979,2025-12-03,12,122.0,676.1457434911121,379.61482938254494,972.6766575996792,11235,horizon
8979,2025-12-04,13,129.0,1256.4801257470297,705.4373900148454,1807.522861479214,11235,horizon
8979,2025-12-05,14,46.0,332.12514939923244,186.468129299847,477.7821694986179,11235,horizon
8979,2025-12-06,15,43.0,311.4324189754059,146.2674031396892,476.5974348111225,11235,horizon
8979,2025-12-07,16,46.0,264.76070503761775,124.34755799248953,405.17385208274595,11235,horizon
8979,2025-12-08,17,36.0,266.4262972488331,125.12982031516506,407.7227741825012,11235,horizon
8979,2025-12-09,18,26.0,275.6552069032607,129.46427160127388,421.84614220524753,11235,horizon
8979,2025-12-10,19,16.0,394.4114623323332,185.23935482912432,603.5835698355421,11235,horizon
8979,2025-12-11,20,20.0,800.7642164527095,376.0870588009508,1225.4413741044682,11235,horizon
8979,2025-12-12,21,11.0,310.4366675156709,145.79973833887252,475.0735966924692,11235,horizon
8979,2025-12-13,22,19.0,243.94088134290914,33.37003532116077,454.51172736465753,14445,horizon
8979,2025-12-14,23,13.0,222.60678023291396,30.45162450102029,414.76193596480766,14445,horizon
8979,2025-12-15,24,23.0,242.3855608513889,33.15727434623915,451.61384735653866,14445,horizon
8979,2025-12-16,25,46.0,347.8547685281697,47.58499620283777,648.1245408535017,14445,horizon
8979,2025-12-17,26,60.0,589.0228040298576,80.57571845784781,1097.4698896018674,14445,horizon
8979,2025-12-18,27,51.0,730.4038872838205,99.91602630602983,1360.8917482616112,14445,horizon
8979,2025-12-19,28,38.0,384.1527954444923,52.5504059923656,715.7551848966191,14445,horizon
8979,2025-12-20,29,14.0,263.83180769251453,36.09102620716109,491.57258917786794,14445,horizon
8979,2025-12-21,30,0.0,201.3996461601482,27.550582210884443,375.24871010941195,14445,horizon
8999,2025-11-22,1,1168.0,1453.5403425196994,1213.5504101337872,1693.5302749056116,4815,horizon
8999,2025-11-23,2,1181.0,1779.3483069344497,1485.5651435913942,2073.1314702775053,4815,horizon
8999,2025-11-24,3,860.0,1493.4615640708744,1246.8803517730325,1740.0427763687162,4815,horizon
8999,2025-11-25,4,702.0,1362.8032850201373,931.5589142656329,1794.0476557746417,6420,horizon
8999,2025-11-26,5,1036.0,2298.667070466192,1571.278719356776,3026.055421575608,6420,horizon
8999,2025-11-27,6,1326.0,3974.720483544018,2716.9631441744905,5232.477822913545,6420,horizon
8999,2025-11-28,7,337.0,1031.1831942557806,704.8764171680785,1357.4899713434825,6420,horizon
8999,2025-11-29,8,290.0,941.0575925014809,528.3467667371244,1353.7684182658375,11235,horizon
8999,2025-11-30,9,214.0,880.4987556627782,494.34665250815465,1266.6508588174017,11235,horizon
8999,2025-12-01,10,305.0,1163.034340053438,652.9732484683313,1673.0954316385446,11235,horizon
8999,2025-12-02,11,361.0,1332.7758308236278,748.2728013800498,1917.2788602672058,11235,horizon
8999,2025-12-03,12,338.0,1884.833567505818,1058.2197403903647,2711.4473946212715,11235,horizon
8999,2025-12-04,13,538.0,4188.9110870269415,2351.8195343357747,6026.002639718108,11235,horizon
8999,2025-12-05,14,232.0,1491.735343786631,837.5189276377034,2145.9517599355586,11235,horizon
8999,2025-12-06,15,267.0,1452.6785616651673,682.2652616272508,2223.091861703084,11235,horizon
8999,2025-12-07,16,135.0,1009.466268434266,474.1061002151247,1544.8264366534072,11235,horizon
8999,2025-12-08,17,122.0,1067.3115761008287,501.2737373032618,1633.3494148983955,11235,horizon
8999,2025-12-09,18,143.0,1152.637653761762,541.3479975251746,1763.9273099983495,11235,horizon
8999,2025-12-10,19,203.0,2127.30859717411,999.112119441761,3255.5050749064594,11235,horizon
8999,2025-12-11,20,291.0,4580.764490693745,2151.4026338445738,7010.126347542916,11235,horizon
8999,2025-12-12,21,123.0,1407.793902528588,661.1847249435087,2154.4030801136673,11235,horizon
8999,2025-12-13,22,112.0,1164.2535159191189,159.26473961694546,2169.2422922212922,14445,horizon
8999,2025-12-14,23,137.0,1179.1030123335825,161.29608515084772,2196.909939516317,14445,horizon
8999,2025-12-15,24,163.0,1399.3092590553772,191.41932726833852,2607.199190842416,14445,horizon
8999,2025-12-16,25,143.0,1377.8981801731036,188.4903862288852,2567.305974117322,14445,horizon
8999,2025-12-17,26,239.0,2707.3806103490433,370.3577116628285,5044.403509035258,14445,horizon
8999,2025-12-18,27,231.0,4280.992676810853,585.6208932605846,7976.364460361121,14445,horizon
8999,2025-12-19,28,89.0,1379.7472122120937,188.74332564646625,2570.7510987777214,14445,horizon
8999,2025-12-20,29,86.0,1267.0770334270699,173.3305427418552,2360.8235241122848,14445,horizon
8999,2025-12-21,30,50.0,939.3687666759134,128.50149901486225,1750.2360343369646,14445,horizon
9059,2025-11-22,1,1312.0,1623.2687079046834,1355.2554054469758,1891.282010362391,4815,horizon
9059,2025-11-23,2,1512.0,2314.716290076414,1932.5400341459879,2696.8925460068403,4815,horizon
9059,2025-11-24,3,1084.0,1877.9781167519454,1567.9104646355654,2188.0457688683255,4815,horizon
9059,2025-11-25,4,883.0,1721.8166259221302,1176.966363553221,2266.6668882910394,6420,horizon
9059,2025-11-26,5,842.0,1973.6146553545077,1349.0856279331756,2598.14368277584,6420,horizon
9059,2025-11-27,6,1209.0,3564.3041707281354,2436.4186378864697,4692.189703569801,6420,horizon
9059,2025-11-28,7,599.0,1832.7740679574088,1252.8125222528963,2412.735613661921,6420,horizon
9059,2025-11-29,8,440.0,1434.7657465995076,805.5339537997864,2063.9975393992286,11235,horizon
9059,2025-11-30,9,446.0,1589.8569145610554,892.608238939077,2287.105590183034,11235,horizon
9059,2025-12-01,10,407.0,1629.9776527370716,915.1336002594804,2344.821705214663,11235,horizon
9059,2025-12-02,11,432.0,1852.260458443588,1039.9319150832457,2664.5890018039304,11235,horizon
9059,2025-12-03,12,439.0,2119.4084497623585,1189.919310730731,3048.897588793986,11235,horizon
9059,2025-12-04,13,631.0,4498.907425096929,2525.8636780998754,6471.951172093983,11235,horizon
9059,2025-12-05,14,341.0,2232.273153031395,1253.2859968146613,3211.2603092481286,11235,horizon
9059,2025-12-06,15,314.0,1899.8715553526918,892.2939994963906,2907.4491112089927,11235,horizon
9059,2025-12-07,16,319.0,1880.5149827451135,883.2029882962403,2877.8269771939867,11235,horizon
9059,2025-12-08,17,300.0,1838.3814709576588,863.4145559468349,2813.348385968483,11235,horizon
9059,2025-12-09,18,303.0,1983.1096742020222,931.3876286258803,3034.8317197781644,11235,horizon
9059,2025-12-10,19,300.0,2250.2425067635086,1056.8492804367781,3443.6357330902392,11235,horizon
9059,2025-12-11,20,384.0,4618.389330606967,2169.073522590707,7067.705138623227,11235,horizon
9059,2025-12-12,21,253.0,2248.364480010655,1055.967246070958,3440.761713950352,11235,horizon
9059,2025-12-13,22,239.0,2006.9464591342748,274.54141290424604,3739.3515053643036,14445,horizon
9059,2025-12-14,23,235.0,1925.267864670294,263.3681418754577,3587.1675874651305,14445,horizon
9059,2025-12-15,24,240.0,2231.803530756718,305.3008673300337,4158.306194183402,14445,horizon
9059,2025-12-16,25,250.0,2446.9683308657623,334.7344618140032,4559.202199917521,14445,horizon
9059,2025-12-17,26,264.0,2597.904999316379,355.38193151948144,4840.4280671132765,14445,horizon
9059,2025-12-18,27,336.0,4134.387467522616,565.5659480407321,7703.2089870045,14445,horizon
9059,2025-12-19,28,254.0,2441.1747851937425,333.94193035045464,4548.40764003703,14445,horizon
9059,2025-12-20,29,219.0,1977.9295119260457,270.57202266542936,3685.287001186662,14445,horizon
9059,2025-12-21,30,120.0,1849.7070277934652,253.03175306848357,3446.3823025184465,14445,horizon
9062,2025-11-22,1,0.0,1.3489376408701964e-16,0.0,0.16510716996673924,4815,horizon
9062,2025-11-23,2,0.0,1.3489376408701964e-16,0.0,0.16510716996673924,4815,horizon
9062,2025-11-24,3,0.0,1.3489376408701964e-16,0.0,0.16510716996673924,4815,horizon
9062,2025-11-25,4,0.0,1.3489376408701964e-16,0.0,0.3164391922845507,6420,horizon
9062,2025-11-26,5,0.0,1.3489376408701964e-16,0.0,0.3164391922845507,6420,horizon
9062,2025-11-27,6,0.0,1.3489376408701964e-16,0.0,0.3164391922845507,6420,horizon
9062,2025-11-28,7,0.0,1.3489376408701964e-16,0.0,0.3164391922845507,6420,horizon
9062,2025-11-29,8,0.0,1.5006439558569507e-16,0.0,0.4385606460783187,11235,horizon
9062,2025-11-30,9,0.0,1.5006439558569507e-16,0.0,0.4385606460783187,11235,horizon
9062,2025-12-01,10,0.0,1.5006439558569507e-16,0.0,0.4385606460783187,11235,horizon
9062,2025-12-02,11,0.0,1.5006439558569507e-16,0.0,0.4385606460783187,11235,horizon
9062,2025-12-03,12,0.0,1.5006439558569507e-16,0.0,0.4385606460783187,11235,horizon
9062,2025-12-04,13,0.0,1.5006439558569507e-16,0.0,0.4385606460783187,11235,horizon
9062,2025-12-05,14,0.0,1.5006439558569507e-16,0.0,0.4385606460783187,11235,horizon
9062,2025-12-06,15,0.0,2.0936493878579075e-16,0.0,0.530339829036103,11235,horizon
9062,2025-12-07,16,0.0,2.0936493878579075e-16,0.0,0.530339829036103,11235,horizon
9062,2025-12-08,17,0.0,2.0936493878579075e-16,0.0,0.530339829036103,11235,horizon
9062,2025-12-09,18,0.0,2.0936493878579075e-16,0.0,0.530339829036103,11235,horizon
9062,2025-12-10,19,0.0,2.0936493878579075e-16,0.0,0.530339829036103,11235,horizon
9062,2025-12-11,20,0.0,2.0936493878579075e-16,0.0,0.530339829036103,11235,horizon
9062,2025-12-12,21,0.0,2.0936493878579075e-16,0.0,0.530339829036103,11235,horizon
9062,2025-12-13,22,0.0,2.085521617919071e-16,0.0,0.8632044160148283,14445,horizon
9062,2025-12-14,23,0.0,2.085521617919071e-16,0.0,0.8632044160148283,14445,horizon
9062,2025-12-15,24,0.0,2.085521617919071e-16,0.0,0.8632044160148283,14445,horizon
9062,2025-12-16,25,0.0,2.085521617919071e-16,0.0,0.8632044160148283,14445,horizon
9062,2025-12-17,26,0.0,2.085521617919071e-16,0.0,0.8632044160148283,14445,horizon
9062,2025-12-18,27,0.0,2.085521617919071e-16,0.0,0.8632044160148283,14445,horizon
9062,2025-12-19,28,0.0,2.085521617919071e-16,0.0,0.8632044160148283,14445,horizon
9062,2025-12-20,29,0.0,2.085521617919071e-16,0.0,0.8632044160148283,14445,horizon
9062,2025-12-21,30,0.0,2.085521617919071e-16,0.0,0.8632044160148283,14445,horizon
9063,2025-11-22,1,113.0,127.03949803667426,113.0,148.01463003150465,4815,horizon
9063,2025-11-23,2,92.0,119.99064915192992,100.17933264798286,139.80196565587696,4815,horizon
9063,2025-11-24,3,50.0,79.09692167045151,66.03745278036243,92.15639056054059,4815,horizon
9063,2025-11-25,4,33.0,65.99350803320509,45.11057565515367,86.87644041125651,6420,horizon
9063,2025-11-26,5,52.0,126.91598762218047,86.75479501102166,167.07718023333928,6420,horizon
9063,2025-11-27,6,57.0,151.04071676029827,103.2455143465899,198.83591917400662,6420,horizon
9063,2025-11-28,7,23.0,56.368377274587274,38.53121349942606,74.20554104974849,6420,horizon
9063,2025-11-29,8,12.0,41.70135820455474,23.412783608021822,59.98993280108765,11235,horizon
9063,2025-11-30,9,5.0,28.351533650542443,15.91766673544936,40.78540056563553,11235,horizon
9063,2025-12-01,10,5.0,28.729941297909196,16.130119680505974,41.329762915312415,11235,horizon
9063,2025-12-02,11,7.0,45.33825494348829,25.454680563408544,65.22182932356803,11235,horizon
9063,2025-12-03,12,30.0,135.95391395034483,76.32987761140548,195.57795028928416,11235,horizon
9063,2025-12-04,13,30.0,244.1287155890584,137.06346835405088,351.1939628240659,11235,horizon
9063,2025-12-05,14,9.0,55.049597292926414,30.90701033778935,79.19218424806348,11235,horizon
9063,2025-12-06,15,6.0,47.27388925075124,22.20266290763617,72.34511559386631,11235,horizon
9063,2025-12-07,16,6.0,41.557142590702554,19.517734693920417,63.59655048748469,11235,horizon
9063,2025-12-08,17,4.0,38.41424964113506,18.041643053905318,58.7868562283648,11235,horizon
9063,2025-12-09,18,2.0,38.19292153002327,17.93769405540144,58.4481490046451,11235,horizon
9063,2025-12-10,19,10.0,75.69864033116714,35.55263635967052,115.84464430266377,11235,horizon
9063,2025-12-11,20,23.0,194.83992608815183,91.50855299715448,298.1712991791492,11235,horizon
9063,2025-12-12,21,15.0,71.11612818134418,33.400412919940536,108.83184344274783,11235,horizon
9063,2025-12-13,22,2.0,32.81870651124207,4.489454122843323,61.14795889964081,14445,horizon
9063,2025-12-14,23,0.0,27.351696195316432,3.741591254023316,50.96180113660955,14445,horizon
9063,2025-12-15,24,0.0,33.17404674845692,4.538063098106555,61.81003039880728,14445,horizon
9063,2025-12-16,25,0.0,35.740177905330256,4.889098508293589,66.59125730236693,14445,horizon
9063,2025-12-17,26,0.0,51.86129451321537,7.094396069162286,96.62819295726845,14445,horizon
9063,2025-12-18,27,7.0,87.3291502007196,11.946242100636226,162.71205830080297,14445,horizon
9063,2025-12-19,28,0.0,34.21031357147577,4.679819823325879,63.74080731962567,14445,horizon
9063,2025-12-20,29,0.0,27.516667328695927,3.76415857655466,51.2691760808372,14445,horizon
9063,2025-12-21,30,0.0,21.480133823323037,2.938387450441116,40.02188019620496,14445,horizon
9076,2025-11-22,1,0.0,1.3489376408701964e-16,0.0,0.16510716996673924,4815,horizon
9076,2025-11-23,2,0.0,1.3489376408701964e-16,0.0,0.16510716996673924,4815,horizon
9076,2025-11-24,3,0.0,1.3489376408701964e-16,0.0,0.16510716996673924,4815,horizon
9076,2025-11-25,4,0.0,1.3489376408701964e-16,0.0,0.3164391922845507,6420,horizon
9076,2025-11-26,5,0.0,1.3489376408701964e-16,0.0,0.3164391922845507,6420,horizon
9076,2025-11-27,6,0.0,1.3489376408701964e-16,0.0,0.3164391922845507,6420,horizon
9076,2025-11-28,7,0.0,1.3489376408701964e-16,0.0,0.3164391922845507,6420,horizon
9076,2025-11-29,8,0.0,1.5006439558569507e-16,0.0,0.4385606460783187,11235,horizon
9076,2025-11-30,9,0.0,1.5006439558569507e-16,0.0,0.4385606460783187,11235,horizon
9076,2025-12-01,10,0.0,1.5006439558569507e-16,0.0,0.4385606460783187,11235,horizon
9076,2025-12-02,11,0.0,1.5006439558569507e-16,0.0,0.4385606460783187,11235,horizon
9076,2025-12-03,12,0.0,1.5006439558569507e-16,0.0,0.4385606460783187,11235,horizon
9076,2025-12-04,13,0.0,1.5006439558569507e-16,0.0,0.4385606460783187,11235,horizon
9076,2025-12-05,14,0.0,1.5006439558569507e-16,0.0,0.4385606460783187,11235,horizon
9076,2025-12-06,15,0.0,2.0936493878579075e-16,0.0,0.530339829036103,11235,horizon
9076,2025-12-07,16,0.0,2.0936493878579075e-16,0.0,0.530339829036103,11235,horizon
9076,2025-12-08,17,0.0,2.0936493878579075e-16,0.0,0.530339829036103,11235,horizon
9076,2025-12-09,18,0.0,2.0936493878579075e-16,0.0,0.530339829036103,11235,horizon
9076,2025-12-10,19,0.0,2.0936493878579075e-16,0.0,0.530339829036103,11235,horizon
9076,2025-12-11,20,0.0,2.0936493878579075e-16,0.0,0.530339829036103,11235,horizon
9076,2025-12-12,21,0.0,2.0936493878579075e-16,0.0,0.530339829036103,11235,horizon
9076,2025-12-13,22,0.0,2.085521617919071e-16,0.0,0.8632044160148283,14445,horizon
9076,2025-12-14,23,0.0,2.085521617919071e-16,0.0,0.8632044160148283,14445,horizon
9076,2025-12-15,24,0.0,2.085521617919071e-16,0.0,0.8632044160148283,14445,horizon
9076,2025-12-16,25,0.0,2.085521617919071e-16,0.0,0.8632044160148283,14445,horizon
9076,2025-12-17,26,0.0,2.085521617919071e-16,0.0,0.8632044160148283,14445,horizon
9076,2025-12-18,27,0.0,2.085521617919071e-16,0.0,0.8632044160148283,14445,horizon
9076,2025-12-19,28,0.0,2.085521617919071e-16,0.0,0.8632044160148283,14445,horizon
9076,2025-12-20,29,0.0,2.085521617919071e-16,0.0,0.8632044160148283,14445,horizon
9076,2025-12-21,30,0.0,2.085521617919071e-16,0.0,0.8632044160148283,14445,horizon
9077,2025-11-22,1,78.0,91.76259119750415,78.0,106.91325293893887,4815,horizon
9077,2025-11-23,2,152.0,217.9686732882122,181.9804825001907,253.95686407623367,4815,horizon
9077,2025-11-24,3,65.0,101.72436801350862,84.92894549414314,118.51979053287411,4815,horizon
9077,2025-11-25,4,34.0,72.4848488539543,49.547801829741275,95.42189587816733,6420,horizon
9077,2025-11-26,5,46.0,132.99340088318579,90.90907652853504,175.07772523783655,6420,horizon
9077,2025-11-27,6,88.0,369.9874892159596,252.9089469730725,487.06603145884674,6420,horizon
9077,2025-11-28,7,21.0,93.61128901587904,63.98900833097865,123.23356970077943,6420,horizon
9077,2025-11-29,8,16.0,60.80679219772113,34.13932612553849,87.47425826990377,11235,horizon
9077,2025-11-30,9,17.0,68.3994747016566,38.40215688508048,98.39679251823273,11235,horizon
9077,2025-12-01,10,21.0,85.15223000739341,47.807813000341376,122.49664701444544,11235,horizon
9077,2025-12-02,11,19.0,84.17456685095544,47.25891442943781,121.09021927247308,11235,horizon
9077,2025-12-03,12,25.0,140.27950717108547,78.75843587458611,201.80057846758484,11235,horizon
9077,2025-12-04,13,43.0,508.94636449753665,285.7425180642856,732.1502109307877,11235,horizon
9077,2025-12-05,14,8.0,111.94969524874072,62.852964572182124,161.04642592529933,11235,horizon
9077,2025-12-06,15,8.0,110.44807168023868,51.873060227973674,169.0230831325037,11235,horizon
9077,2025-12-07,16,11.0,114.4778756862268,53.76569866637705,175.19005270607653,11235,horizon
9077,2025-12-08,17,17.0,122.94787620297349,57.7437205571366,188.1520318488104,11235,horizon
9077,2025-12-09,18,12.0,124.14232900911612,58.30470746627786,189.9799505519544,11235,horizon
9077,2025-12-10,19,12.0,155.47598348625172,73.02087698493304,237.9310899875704,11235,horizon
9077,2025-12-11,20,27.0,740.6508046649653,347.85418354349565,1133.447425786435,11235,horizon
9077,2025-12-12,21,10.0,170.25530134755218,79.9621339384012,260.5484687567032,11235,horizon
9077,2025-12-13,22,10.0,129.31557873053308,17.68980011082374,240.9413573502424,14445,horizon
9077,2025-12-14,23,10.0,119.96679505266584,16.410927788058856,223.52266231727282,14445,horizon
9077,2025-12-15,24,9.0,145.79869762478424,19.94461798585985,271.65277726370863,14445,horizon
9077,2025-12-16,25,9.0,153.68706925885473,21.02371239023458,286.35042612747486,14445,horizon
9077,2025-12-17,26,10.0,241.31653417474797,33.01103621771233,449.6220321317836,14445,horizon
9077,2025-12-18,27,22.0,660.5814211650621,90.3646212780294,1230.798221052095,14445,horizon
9077,2025-12-19,28,7.0,181.52435473320693,24.831730113260534,338.2169793531533,14445,horizon
9077,2025-12-20,29,9.0,137.77957960926673,18.847638053881127,256.71152116465237,14445,horizon
9077,2025-12-21,30,5.0,93.18121999529859,12.746779405707642,173.61566058488955,14445,horizon
9091,2025-11-22,1,122.0,136.61386395905183,122.0,159.16979241555197,4815,horizon
9091,2025-11-23,2,92.0,120.45103652629005,100.56370676587397,140.33836628670613,4815,horizon
9091,2025-11-24,3,56.0,86.20317850950217,71.97041566366065,100.43594135534369,4815,horizon
9091,2025-11-25,4,47.0,83.6847992380836,57.20364896068965,110.16594951547755,6420,horizon
9091,2025-11-26,5,78.0,164.11709321371725,112.18401279708027,216.05017363035424,6420,horizon
9091,2025-11-27,6,92.0,254.04572809883473,173.6557030958989,334.43575310177056,6420,horizon
9091,2025-11-28,7,44.0,92.56058659147398,63.27078933308375,121.85038384986422,6420,horizon
9091,2025-11-29,8,31.0,73.6385341501984,41.34357103702707,105.93349726336973,11235,horizon
9091,2025-11-30,9,24.0,66.04792607924509,37.08190494579834,95.01394721269183,11235,horizon
9091,2025-12-01,10,22.0,65.41072519175694,36.724155291208675,94.0972950923052,11235,horizon
9091,2025-12-02,11,19.0,69.54446965516524,39.04500211202196,100.04393719830853,11235,horizon
9091,2025-12-03,12,31.0,128.44893697947847,72.11628818968518,184.78158576927177,11235,horizon
9091,2025-12-04,13,36.0,283.90533276992915,159.395626605269,408.4150389345893,11235,horizon
9091,2025-12-05,14,29.0,118.24660544041747,66.38829776189996,170.10491311893497,11235,horizon
9091,2025-12-06,15,18.0,70.45703089207606,33.09086117438103,107.82320060977109,11235,horizon
9091,2025-12-07,16,19.0,72.21402146463024,33.91604966706878,110.51199326219168,11235,horizon
9091,2025-12-08,17,10.0,51.586763693254476,24.22824825564806,78.94527913086088,11235,horizon
9091,2025-12-09,18,11.0,55.34872912049379,25.995093581365552,84.70236465962203,11235,horizon
9091,2025-12-10,19,16.0,94.53254156010955,44.39816963077277,144.66691348944633,11235,horizon
9091,2025-12-11,20,15.0,213.85660818556227,100.43993116219036,327.27328520893417,11235,horizon
9091,2025-12-12,21,5.0,63.87363637611822,29.99890298049349,97.74836977174294,11235,horizon
9091,2025-12-13,22,8.0,47.29528205696394,8.0,88.12077838520207,14445,horizon
9091,2025-12-14,23,4.0,42.3697062191133,5.795988705523776,78.94342373270283,14445,horizon
9091,2025-12-15,24,8.0,58.40802320476834,8.0,108.82608676582092,14445,horizon
9091,2025-12-16,25,4.0,59.16831608432064,8.093964352173877,110.24266781646739,14445,horizon
9091,2025-12-17,26,7.0,93.64192728166864,12.809802127992867,174.47405243534442,14445,horizon
9091,2025-12-18,27,12.0,194.00609615421584,26.53917722009936,361.4730150883323,14445,horizon
9091,2025-12-19,28,2.0,58.81774978622227,8.046008430699992,109.58949114174456,14445,horizon
9091,2025-12-20,29,8.0,62.35117214145972,8.529365005250966,116.17297927766847,14445,horizon
9091,2025-12-21,30,5.0,35.62295539093346,5.0,66.37284779588646,14445,horizon
9150,2025-11-22,1,56.0,74.78733807950994,62.43941233985631,87.13526381916357,4815,horizon
9150,2025-11-23,2,44.0,71.08877405672223,59.35150775581188,82.82604035763258,4815,horizon
9150,2025-11-24,3,41.0,72.15409178361641,60.240933887703164,84.06724967952965,4815,horizon
9150,2025-11-25,4,45.0,86.10398930120908,58.8573124742569,113.35066612816127,6420,horizon
9150,2025-11-26,5,33.0,81.7193653533304,55.860155386916446,107.57857531974436,6420,horizon
9150,2025-11-27,6,42.0,96.00294506112137,65.62385066904204,126.38203945320069,6420,horizon
9150,2025-11-28,7,34.0,71.55118587944887,48.90958641275432,94.19278534614341,6420,horizon
9150,2025-11-29,8,9.0,49.4914405206732,27.78644239058009,71.19643865076631,11235,horizon
9150,2025-11-30,9,21.0,63.0978206268012,35.42559964657741,90.770041607025,11235,horizon
9150,2025-12-01,10,15.0,61.801699771793835,34.697906391137664,88.90549315245,11235,horizon
9150,2025-12-02,11,13.0,65.53498187718898,36.793917884398084,94.27604586997988,11235,horizon
9150,2025-12-03,12,12.0,73.38245627247498,41.1997988388044,105.56511370614557,11235,horizon
9150,2025-12-04,13,10.0,83.64497988467953,46.96158346524652,120.32837630411254,11235,horizon
9150,2025-12-05,14,6.0,51.50729271160214,28.91822114225684,74.09636428094744,11235,horizon
9150,2025-12-06,15,5.0,57.311511652807134,26.916934361056786,87.70608894455748,11235,horizon
9150,2025-12-07,16,5.0,55.04026866785146,25.850221992441952,84.23031534326097,11235,horizon
9150,2025-12-08,17,5.0,57.127648996057395,26.830581394253826,87.42471659786096,11235,horizon
9150,2025-12-09,18,7.0,63.07500472559604,29.62381750297206,96.52619194822002,11235,horizon
9150,2025-12-10,19,7.0,70.36290959903917,33.04665615180198,107.67916304627636,11235,horizon
9150,2025-12-11,20,12.0,112.70056039837522,52.93096446442793,172.47015633232252,11235,horizon
9150,2025-12-12,21,8.0,63.9327254599766,30.026654769720516,97.8387961502327,11235,horizon
9150,2025-12-13,22,5.0,61.064089747788444,8.353297817571665,113.77488167800522,14445,horizon
9150,2025-12-14,23,5.0,58.135484635302355,7.9526775709471735,108.31829169965754,14445,horizon
9150,2025-12-15,24,6.0,72.70267846264329,9.945405357583468,135.45995156770311,14445,horizon
9150,2025-12-16,25,4.0,73.68755294645842,10.08013183774905,137.2949740551678,14445,horizon
9150,2025-12-17,26,4.0,78.446853213332,10.731183097116812,146.16252332954718,14445,horizon
9150,2025-12-18,27,5.0,90.72085092385382,12.41021178176031,169.0314900659473,14445,horizon
9150,2025-12-19,28,2.0,78.65728150428166,10.759968758064275,146.55459425049904,14445,horizon
9150,2025-12-20,29,2.0,66.04638688310716,9.03485406378524,123.05791970242907,14445,horizon
9150,2025-12-21,30,1.0,49.408477528987234,6.758861537396051,92.05809352057841,14445,horizon
9220,2025-11-22,1,6.0,8.226962703646242,6.868632174225299,9.585293233067185,4815,horizon
9220,2025-11-23,2,9.0,14.469009659037246,12.080072422012194,16.8579468960623,4815,horizon
9220,2025-11-24,3,6.0,13.141811392433628,10.97200410519226,15.311618679674995,4815,horizon
9220,2025-11-25,4,4.0,10.33975630437098,7.067852170996737,13.611660437745222,6420,horizon
9220,2025-11-26,5,2.0,9.727914340547297,6.649620984011214,12.80620769708338,6420,horizon
9220,2025-11-27,6,2.0,12.039037550277037,8.229414231983997,15.848660868570077,6420,horizon
9220,2025-11-28,7,3.0,7.894511037427584,5.39637834126253,10.392643733592639,6420,horizon
9220,2025-11-29,8,1.0,5.298318825668378,2.9746846983543365,7.62195295298242,11235,horizon
9220,2025-11-30,9,1.0,8.434230258358266,4.7353087870793615,12.13315172963717,11235,horizon
9220,2025-12-01,10,1.0,8.753187594520728,4.914383987822995,12.591991201218462,11235,horizon
9220,2025-12-02,11,1.0,10.068596945010208,5.652906563704347,14.48428732631607,11235,horizon
9220,2025-12-03,12,1.0,11.489505079802752,6.450660308884335,16.52834985072117,11235,horizon
9220,2025-12-04,13,1.0,23.600263395560646,13.250116633185078,33.95041015793621,11235,horizon
9220,2025-12-05,14,0.0,8.136200591479302,4.5679832034573415,11.704417979501262,11235,horizon
9220,2025-12-06,15,0.0,13.310436748190225,6.251381998759162,20.36949149762129,11235,horizon
9220,2025-12-07,16,1.0,14.48311793954613,6.802143647577522,22.164092231514736,11235,horizon
9220,2025-12-08,17,1.0,13.565109359687332,6.370991581014715,20.75922713835995,11235,horizon
9220,2025-12-09,18,2.0,17.203597597172845,8.07984458868229,26.327350605663398,11235,horizon
9220,2025-12-10,19,1.0,14.840750023370264,6.97010919320854,22.711390853531988,11235,horizon
9220,2025-12-11,20,0.0,25.68950997489172,12.065339646786388,39.31368030299706,11235,horizon
9220,2025-12-12,21,0.0,11.841220364836294,5.561349580970195,18.121091148702394,11235,horizon
9220,2025-12-13,22,0.0,13.19494443592318,1.805010129764005,24.584878742082353,14445,horizon
9220,2025-12-14,23,0.0,11.647109760350407,1.5932731814065288,21.700946339294283,14445,horizon
9220,2025-12-15,24,0.0,18.639983557602516,2.5498674362362372,34.7300996789688,14445,horizon
9220,2025-12-16,25,0.0,18.982260685027388,2.5966894357670895,35.367831934287686,14445,horizon
9220,2025-12-17,26,0.0,19.46726419200769,2.663035773739317,36.27149261027606,14445,horizon
9220,2025-12-18,27,0.0,27.514408157016078,3.7638495318453913,51.26496678218676,14445,horizon
9220,2025-12-19,28,0.0,15.078853411737157,2.0627205582853865,28.09498626518893,14445,horizon
9220,2025-12-20,29,0.0,15.022437807110483,2.0550031527046038,27.989872461516363,14445,horizon
9220,2025-12-21,30,0.0,8.58916525643189,1.1749598771987495,16.003370635665032,14445,horizon
9221,2025-11-22,1,0.0,1.3489376408701964e-16,0.0,0.16510716996673924,4815,horizon
9221,2025-11-23,2,0.0,1.3489376408701964e-16,0.0,0.16510716996673924,4815,horizon
9221,2025-11-24,3,0.0,1.3489376408701964e-16,0.0,0.16510716996673924,4815,horizon
9221,2025-11-25,4,0.0,1.3489376408701964e-16,0.0,0.3164391922845507,6420,horizon
9221,2025-11-26,5,0.0,1.3489376408701964e-16,0.0,0.3164391922845507,6420,horizon
9221,2025-11-27,6,0.0,1.3489376408701964e-16,0.0,0.3164391922845507,6420,horizon
9221,2025-11-28,7,0.0,1.3489376408701964e-16,0.0,0.3164391922845507,6420,horizon
9221,2025-11-29,8,0.0,1.5006439558569507e-16,0.0,0.4385606460783187,11235,horizon
9221,2025-11-30,9,0.0,1.5006439558569507e-16,0.0,0.4385606460783187,11235,horizon
9221,2025-12-01,10,0.0,1.5006439558569507e-16,0.0,0.4385606460783187,11235,horizon
9221,2025-12-02,11,0.0,1.5006439558569507e-16,0.0,0.4385606460783187,11235,horizon
9221,2025-12-03,12,0.0,1.5006439558569507e-16,0.0,0.4385606460783187,11235,horizon
9221,2025-12-04,13,0.0,1.5006439558569507e-16,0.0,0.4385606460783187,11235,horizon
9221,2025-12-05,14,0.0,1.5006439558569507e-16,0.0,0.4385606460783187,11235,horizon
9221,2025-12-06,15,0.0,0.0,0.0,0.5303398290361028,11235,horizon
9221,2025-12-07,16,0.0,0.0,0.0,0.5303398290361028,11235,horizon
9221,2025-12-08,17,0.0,0.0,0.0,0.5303398290361028,11235,horizon
9221,2025-12-09,18,0.0,2.0936493878579075e-16,0.0,0.530339829036103,11235,horizon
9221,2025-12-10,19,0.0,2.0936493878579075e-16,0.0,0.530339829036103,11235,horizon
9221,2025-12-11,20,0.0,2.0936493878579075e-16,0.0,0.530339829036103,11235,horizon
9221,2025-12-12,21,0.0,2.0936493878579075e-16,0.0,0.530339829036103,11235,horizon
9221,2025-12-13,22,0.0,2.085521617919071e-16,0.0,0.8632044160148283,14445,horizon
9221,2025-12-14,23,0.0,2.085521617919071e-16,0.0,0.8632044160148283,14445,horizon
9221,2025-12-15,24,0.0,2.085521617919071e-16,0.0,0.8632044160148283,14445,horizon
9221,2025-12-16,25,0.0,2.085521617919071e-16,0.0,0.8632044160148283,14445,horizon
9221,2025-12-17,26,0.0,2.085521617919071e-16,0.0,0.8632044160148283,14445,horizon
9221,2025-12-18,27,0.0,2.085521617919071e-16,0.0,0.8632044160148283,14445,horizon
9221,2025-12-19,28,0.0,2.085521617919071e-16,0.0,0.8632044160148283,14445,horizon
9221,2025-12-20,29,0.0,2.085521617919071e-16,0.0,0.8632044160148283,14445,horizon
9221,2025-12-21,30,0.0,2.085521617919071e-16,0.0,0.8632044160148283,14445,horizon
9308,2025-11-22,1,0.0,1.3489376408701964e-16,0.0,0.16510716996673924,4815,horizon
9308,2025-11-23,2,0.0,1.3489376408701964e-16,0.0,0.16510716996673924,4815,horizon
9308,2025-11-24,3,0.0,1.3489376408701964e-16,0.0,0.16510716996673924,4815,horizon
9308,2025-11-25,4,0.0,1.3489376408701964e-16,0.0,0.3164391922845507,6420,horizon
9308,2025-11-26,5,0.0,1.3489376408701964e-16,0.0,0.3164391922845507,6420,horizon
9308,2025-11-27,6,0.0,1.3489376408701964e-16,0.0,0.3164391922845507,6420,horizon
9308,2025-11-28,7,0.0,1.3489376408701964e-16,0.0,0.3164391922845507,6420,horizon
9308,2025-11-29,8,0.0,1.5006439558569507e-16,0.0,0.4385606460783187,11235,horizon
9308,2025-11-30,9,0.0,1.5006439558569507e-16,0.0,0.4385606460783187,11235,horizon
9308,2025-12-01,10,0.0,1.5006439558569507e-16,0.0,0.4385606460783187,11235,horizon
9308,2025-12-02,11,0.0,1.5006439558569507e-16,0.0,0.4385606460783187,11235,horizon
9308,2025-12-03,12,0.0,1.5006439558569507e-16,0.0,0.4385606460783187,11235,horizon
9308,2025-12-04,13,0.0,1.5006439558569507e-16,0.0,0.4385606460783187,11235,horizon
9308,2025-12-05,14,0.0,1.5006439558569507e-16,0.0,0.4385606460783187,11235,horizon
9308,2025-12-06,15,0.0,2.0936493878579075e-16,0.0,0.530339829036103,11235,horizon
9308,2025-12-07,16,0.0,2.0936493878579075e-16,0.0,0.530339829036103,11235,horizon
9308,2025-12-08,17,0.0,2.0936493878579075e-16,0.0,0.530339829036103,11235,horizon
9308,2025-12-09,18,0.0,2.0936493878579075e-16,0.0,0.530339829036103,11235,horizon
9308,2025-12-10,19,0.0,2.0936493878579075e-16,0.0,0.530339829036103,11235,horizon
9308,2025-12-11,20,0.0,2.0936493878579075e-16,0.0,0.530339829036103,11235,horizon
9308,2025-12-12,21,0.0,2.0936493878579075e-16,0.0,0.530339829036103,11235,horizon
9308,2025-12-13,22,0.0,2.085521617919071e-16,0.0,0.8632044160148283,14445,horizon
9308,2025-12-14,23,0.0,2.085521617919071e-16,0.0,0.8632044160148283,14445,horizon
9308,2025-12-15,24,0.0,2.085521617919071e-16,0.0,0.8632044160148283,14445,horizon
9308,2025-12-16,25,0.0,2.085521617919071e-16,0.0,0.8632044160148283,14445,horizon
9308,2025-12-17,26,0.0,2.085521617919071e-16,0.0,0.8632044160148283,14445,horizon
9308,2025-12-18,27,0.0,2.085521617919071e-16,0.0,0.8632044160148283,14445,horizon
9308,2025-12-19,28,0.0,2.085521617919071e-16,0.0,0.8632044160148283,14445,horizon
9308,2025-12-20,29,0.0,2.085521617919071e-16,0.0,0.8632044160148283,14445,horizon
9308,2025-12-21,30,0.0,2.085521617919071e-16,0.0,0.8632044160148283,14445,horizon
9356,2025-11-22,1,26486.0,27817.885092492324,26486.0,32410.81737457367,4815,horizon
9356,2025-11-23,2,24152.0,27236.69737073319,24152.0,31733.67139285547,4815,horizon
9356,2025-11-24,3,21997.0,27254.86991335647,22754.89547415056,31754.84435256238,4815,horizon
9356,2025-11-25,4,20661.0,27633.894180660784,20661.0,36378.34133486582,6420,horizon
9356,2025-11-26,5,19169.0,28721.157325718756,19632.65750009081,37809.657151346706,6420,horizon
9356,2025-11-27,6,14421.0,25552.721097117887,17466.838672473506,33638.60352176226,6420,horizon
9356,2025-11-28,7,6680.0,12926.14637960507,8835.807059890974,17016.485699319168,6420,horizon
9356,2025-11-29,8,6346.0,13368.232052768657,7505.4515667815485,19231.012538755764,11235,horizon
9356,2025-11-30,9,6191.0,15128.901069588817,8493.96044205498,21763.841697122654,11235,horizon
9356,2025-12-01,10,6521.0,16080.622884682643,9028.29452303443,23132.951246330857,11235,horizon
9356,2025-12-02,11,7227.0,18430.39849054723,10347.551021051971,26513.24596004249,11235,horizon
9356,2025-12-03,12,8049.0,24271.89437306257,13627.196695267545,34916.592050857595,11235,horizon
9356,2025-12-04,13,7780.0,28098.012973995017,15775.330250602787,40420.695697387244,11235,horizon
9356,2025-12-05,14,4533.0,18400.253076659857,10330.626199355342,26469.879953964373,11235,horizon
9356,2025-12-06,15,4092.0,15785.05962219459,7413.613800835223,24156.505443553957,11235,horizon
9356,2025-12-07,16,3499.0,13937.51150063971,6545.89403420173,21329.12896707769,11235,horizon
9356,2025-12-08,17,3616.0,15458.333828160088,7260.163708550663,23656.503947769514,11235,horizon
9356,2025-12-09,18,3987.0,16654.17303827199,7821.801756417151,25486.544320126828,11235,horizon
9356,2025-12-10,19,4591.0,19509.43747193524,9162.805738478568,29856.069205391916,11235,horizon
9356,2025-12-11,20,4650.0,23703.97080068342,11132.810978772202,36275.13062259463,11235,horizon
9356,2025-12-12,21,2932.0,16113.836302883898,7568.027112896705,24659.64549287109,11235,horizon
9356,2025-12-13,22,2971.0,15935.890216119185,2971.0,29691.82102380076,14445,horizon
9356,2025-12-14,23,2600.0,15389.005520287923,2600.0,28672.863043477024,14445,horizon
9356,2025-12-15,24,2546.0,15854.40187837863,2546.0,29539.99159306885,14445,horizon
9356,2025-12-16,25,2781.0,18448.54433223058,2781.0,34373.409268857344,14445,horizon
9356,2025-12-17,26,3350.0,21358.18376978322,3350.0,39794.66231791633,14445,horizon
9356,2025-12-18,27,3243.0,21201.656777470944,3243.0,39503.020534614574,14445,horizon
9356,2025-12-19,28,2188.0,16627.209430067735,2274.5288240298723,30979.890036105597,14445,horizon
9356,2025-12-20,29,1633.0,14743.390304284121,2016.8306865958675,27469.949921972373,14445,horizon
9356,2025-12-21,30,854.0,11246.939068445557,1538.5315979136558,20955.346538977457,14445,horizon
9508,2025-11-22,1,8.0,8.220916275110124,8.0,9.578248495827063,4815,horizon
9508,2025-11-23,2,14.0,15.267905773039775,14.0,17.78874648654521,4815,horizon
9508,2025-11-24,3,3.0,4.354193285825825,3.635284754914946,5.0731018167367035,4815,horizon
9508,2025-11-25,4,4.0,5.7739365667486116,4.0,7.601036390232773,6420,horizon
9508,2025-11-26,5,11.0,15.020720379924642,11.0,19.773865004480083,6420,horizon
9508,2025-11-27,6,7.0,17.579540389954825,12.016684828223887,23.142395951685764,6420,horizon
9508,2025-11-28,7,5.0,7.000709268702718,5.0,9.216008055109974,6420,horizon
9508,2025-11-29,8,7.0,8.800438165336795,7.0,12.659964012899191,11235,horizon
9508,2025-11-30,9,4.0,5.956192789277909,4.0,8.568344547110652,11235,horizon
9508,2025-12-01,10,3.0,5.2143657692389125,3.0,7.501181389884998,11235,horizon
9508,2025-12-02,11,3.0,5.694484798119523,3.1971078659730616,8.191861730265984,11235,horizon
9508,2025-12-03,12,3.0,6.737929497479462,3.7829387838347093,9.692920211124216,11235,horizon
9508,2025-12-04,13,7.0,18.655425291479716,10.473889922782568,26.836960660176864,11235,horizon
9508,2025-12-05,14,3.0,6.139773334004863,3.4471103738692586,8.832436294140468,11235,horizon
9508,2025-12-06,15,0.0,3.9292668179866794,1.8454201254983924,6.013113510474966,11235,horizon
9508,2025-12-07,16,0.0,3.5632193114806046,1.6735021910118408,5.452936431949368,11235,horizon
9508,2025-12-08,17,2.0,5.593351824550679,2.626974574179698,8.559729074921659,11235,horizon
9508,2025-12-09,18,0.0,3.015447531211566,1.4162356030414858,4.614659459381646,11235,horizon
9508,2025-12-10,19,0.0,3.9477692198529795,1.8541099667221617,6.041428472983798,11235,horizon
9508,2025-12-11,20,0.0,10.56496547807819,4.961943492661875,16.167987463494505,11235,horizon
9508,2025-12-12,21,0.0,2.6640129958471683,1.251180799079625,4.076845192614711,11235,horizon
9508,2025-12-13,22,0.0,2.5741963912757626,0.35213869863709,4.796254083914436,14445,horizon
9508,2025-12-14,23,1.0,3.6947465993921536,1.0,6.884068180043229,14445,horizon
9508,2025-12-15,24,1.0,4.581031374661031,1.0,8.535397887170912,14445,horizon
9508,2025-12-16,25,0.0,3.4833874829909823,0.47651202498238954,6.490262940999575,14445,horizon
9508,2025-12-17,26,0.0,4.254208467851938,0.581956931754469,7.926460003949407,14445,horizon
9508,2025-12-18,27,0.0,8.270485581159765,1.131365904915694,15.409605257403836,14445,horizon
9508,2025-12-19,28,0.0,3.3204444627207117,0.45422213936821,6.186666786073213,14445,horizon
9508,2025-12-20,29,0.0,2.6931997972234343,0.3684178390499264,5.017981755396942,14445,horizon
9508,2025-12-21,30,0.0,1.9173404852375133,0.26228371137647843,3.5723972590985484,14445,horizon
9547,2025-11-22,1,6418.0,7628.7974374313,6418.0,8888.366592575094,4815,horizon
9547,2025-11-23,2,8302.0,12354.293703067793,10314.511232816365,14394.076173319221,4815,horizon
9547,2025-11-24,3,5361.0,9406.914345359128,7853.765339677362,10960.063351040893,4815,horizon
9547,2025-11-25,4,3364.0,6981.733548501563,4772.439423667779,9191.027673335346,6420,horizon
9547,2025-11-26,5,3871.0,9132.870893928573,6242.872605014734,12022.869182842413,6420,horizon
9547,2025-11-27,6,10718.0,32331.839389638946,22100.77824810778,42562.90053117011,6420,horizon
9547,2025-11-28,7,3314.0,11196.864165447027,7653.737512813141,14739.990818080913,6420,horizon
9547,2025-11-29,8,1645.0,6022.041316019334,3381.010985755567,8663.0716462831,11235,horizon
9547,2025-11-30,9,1616.0,6965.276072136413,3910.580097826415,10019.972046446412,11235,horizon
9547,2025-12-01,10,1363.0,6096.775507428057,3422.96970189594,8770.581312960174,11235,horizon
9547,2025-12-02,11,1463.0,7565.62196731511,4247.637909345076,10883.606025285144,11235,horizon
9547,2025-12-03,12,1900.0,10783.112429375376,6054.0636756133645,15512.161183137388,11235,horizon
9547,2025-12-04,13,5808.0,40685.73801291303,22842.57446379669,58528.90156202938,11235,horizon
9547,2025-12-05,14,1755.0,14396.272144158303,8082.633731496938,20709.91055681967,11235,horizon
9547,2025-12-06,15,842.0,7263.215860669441,3411.2432028697,11115.188518469182,11235,horizon
9547,2025-12-07,16,637.0,6231.972101814468,2926.909082780421,9537.035120848515,11235,horizon
9547,2025-12-08,17,766.0,6558.220026591119,3080.1347389076395,10036.305314274598,11235,horizon
9547,2025-12-09,18,783.0,7235.656547405089,3398.2996910903166,11073.013403719862,11235,horizon
9547,2025-12-10,19,1249.0,11816.651972524123,5549.810785636553,18083.493159411693,11235,horizon
9547,2025-12-11,20,3638.0,41524.5023034902,19502.40485104795,63546.599755932446,11235,horizon
9547,2025-12-12,21,1350.0,15020.89367864613,7054.715493143465,22987.0718641488,11235,horizon
9547,2025-12-13,22,650.0,7817.696231088729,1069.42632135046,14565.966140826999,14445,horizon
9547,2025-12-14,23,480.0,6533.708877507314,893.7825214877148,12173.635233526915,14445,horizon
9547,2025-12-15,24,480.0,7219.051718562381,987.5343956598999,13450.569041464863,14445,horizon
9547,2025-12-16,25,537.0,8236.822597147791,1126.7609573590926,15346.88423693649,14445,horizon
9547,2025-12-17,26,839.0,14047.93378862833,1921.695306400441,26174.17227085622,14445,horizon
9547,2025-12-18,27,2771.0,37782.148854106854,5168.43111671224,70395.86659150147,14445,horizon
9547,2025-12-19,28,796.0,14579.632094471792,1994.4292866522228,27164.83490229136,14445,horizon
9547,2025-12-20,29,545.0,8392.103315813427,1148.0026739505947,15636.203957676258,14445,horizon
9547,2025-12-21,30,593.0,8813.66193541974,1205.6700315036232,16421.653839335857,14445,horizon
9581,2025-11-22,1,45.0,49.74960341891303,45.0,57.96361964637737,4815,horizon
9581,2025-11-23,2,23.0,31.46751824040713,26.272005357856766,36.66303112295749,4815,horizon
9581,2025-11-24,3,22.0,34.24681760112064,28.592422466632502,39.90121273560878,4815,horizon
9581,2025-11-25,4,32.0,50.147148118747396,34.27862507267725,66.01567116481755,6420,horizon
9581,2025-11-26,5,30.0,62.905964621245985,43.00005198661839,82.81187725587358,6420,horizon
9581,2025-11-27,6,38.0,78.71740125046432,53.808130380028516,103.62667212090012,6420,horizon
9581,2025-11-28,7,23.0,38.82349127062935,26.538217051285095,51.1087654899736,6420,horizon
9581,2025-11-29,8,26.0,42.48652114806392,26.0,61.11943731237898,11235,horizon
9581,2025-11-30,9,11.0,27.326790631895307,15.342335677124359,39.31124558666625,11235,horizon
9581,2025-12-01,10,14.0,30.448013388064194,17.09471296479347,43.80131381133492,11235,horizon
9581,2025-12-02,11,11.0,31.26820525408762,17.555200956145477,44.98120955202976,11235,horizon
9581,2025-12-03,12,12.0,43.37780501506037,24.35400682219617,62.401603207924566,11235,horizon
9581,2025-12-04,13,10.0,62.35026193252123,35.005890776242325,89.69463308880013,11235,horizon
9581,2025-12-05,14,14.0,33.080254285340345,18.572556593526418,47.587951977154276,11235,horizon
9581,2025-12-06,15,2.0,25.08237894829364,11.780194385036848,38.38456351155043,11235,horizon
9581,2025-12-07,16,0.0,20.05247277983898,9.41784779402807,30.687097765649888,11235,horizon
9581,2025-12-08,17,0.0,18.731820726664772,8.79759012495045,28.666051328379094,11235,horizon
9581,2025-12-09,18,0.0,19.99303112413301,9.389930415846829,30.596131832419196,11235,horizon
9581,2025-12-10,19,1.0,27.63875708286475,12.980823376767884,42.29669078896161,11235,horizon
9581,2025-12-11,20,3.0,54.22262569692831,25.46620765493076,82.97904373892587,11235,horizon
9581,2025-12-12,21,3.0,21.48110060445853,10.088817382382668,32.87338382653439,11235,horizon
9581,2025-12-13,22,2.0,21.562897928655257,2.9497092145630504,40.176086642747464,14445,horizon
9581,2025-12-14,23,2.0,21.132701972198767,2.890860307471524,39.374543636926006,14445,horizon
9581,2025-12-15,24,7.0,29.657202869887087,7.0,55.257431353821254,14445,horizon
9581,2025-12-16,25,6.0,31.32126658279802,6.0,58.35792221224693,14445,horizon
9581,2025-12-17,26,0.0,31.48720247919412,4.307310251200711,58.66709470718753,14445,horizon
9581,2025-12-18,27,0.0,35.75391314970421,4.890977429068904,66.61684887033951,14445,horizon
9581,2025-12-19,28,0.0,22.41593821735545,3.0664013590186734,41.76547507569222,14445,horizon
9581,2025-12-20,29,0.0,21.178023190787492,2.8970600500352894,39.45898633153969,14445,horizon
9581,2025-12-21,30,0.0,16.965211034321847,2.3207659508717384,31.609656117771955,14445,horizon
9600,2025-11-22,1,28.0,30.479319030790784,28.0,35.511673138478024,4815,horizon
9600,2025-11-23,2,42.0,47.83204670829751,42.0,55.729460574021395,4815,horizon
9600,2025-11-24,3,25.0,31.761688730590603,26.51760619091832,37.00577127026288,4815,horizon
9600,2025-11-25,4,23.0,32.404445835403806,23.0,42.65848250198746,6420,horizon
9600,2025-11-26,5,35.0,53.873325315484635,36.82569376696985,70.92095686399942,6420,horizon
9600,2025-11-27,6,26.0,46.65174541913464,31.889304780039193,61.41418605823009,6420,horizon
9600,2025-11-28,7,0.0,4.3115154218105705,2.94718296421045,5.675847879410691,6420,horizon
9600,2025-11-29,8,1.0,6.703204754432442,3.763442946533294,9.64296656233159,11235,horizon
9600,2025-11-30,9,2.0,9.128082833823363,5.124864928765381,13.131300738881347,11235,horizon
9600,2025-12-01,10,4.0,12.69347603782541,7.126616985697044,18.260335089953777,11235,horizon
9600,2025-12-02,11,4.0,14.878268913156562,8.35324568607566,21.403292140237465,11235,horizon
9600,2025-12-03,12,1.0,12.204419401168881,6.852041343581491,17.55679745875627,11235,horizon
9600,2025-12-04,13,0.0,17.326562462581066,9.727814034675173,24.92531089048696,11235,horizon
9600,2025-12-05,14,0.0,8.756765328680473,4.916392668578146,12.5971379887828,11235,horizon
9600,2025-12-06,15,1.0,13.27423788808093,6.234380835931532,20.31409494023033,11235,horizon
9600,2025-12-07,16,2.0,13.425049038966144,6.305210826839543,20.544887251092746,11235,horizon
9600,2025-12-08,17,1.0,11.803933731956718,5.543837534597306,18.06402992931613,11235,horizon
9600,2025-12-09,18,2.0,13.465764541465722,6.324333276704376,20.607195806227068,11235,horizon
9600,2025-12-10,19,2.0,15.912854740054128,7.473634077737485,24.352075402370772,11235,horizon
9600,2025-12-11,20,0.0,25.414115516421873,11.93599783833893,38.89223319450482,11235,horizon
9600,2025-12-12,21,0.0,10.907688150887678,5.122906681766783,16.692469620008573,11235,horizon
9600,2025-12-13,22,0.0,13.366068431910415,1.8284191367289555,24.903717727091873,14445,horizon
9600,2025-12-14,23,0.0,11.37182476081758,1.555615409133079,21.18803411250208,14445,horizon
9600,2025-12-15,24,1.0,14.794042174343637,2.0237596387406,27.564324709946675,14445,horizon
9600,2025-12-16,25,1.0,16.48956606144175,2.2556998190369946,30.723432303846504,14445,horizon
9600,2025-12-17,26,0.0,17.80263694742083,2.43532211769843,33.169951777143226,14445,horizon
9600,2025-12-18,27,0.0,24.370978520300945,3.333842238974647,45.40811480162724,14445,horizon
9600,2025-12-19,28,0.0,13.103096657774381,1.7924457593144005,24.413747556234362,14445,horizon
9600,2025-12-20,29,0.0,13.244996251404588,1.8118569970923026,24.678135505716874,14445,horizon
9600,2025-12-21,30,0.0,9.182891789036947,1.2561790449539494,17.109604533119946,14445,horizon
9647,2025-11-22,1,0.0,1.3489376408701964e-16,0.0,0.16510716996673924,4815,horizon
9647,2025-11-23,2,0.0,1.3489376408701964e-16,0.0,0.16510716996673924,4815,horizon
9647,2025-11-24,3,0.0,1.3489376408701964e-16,0.0,0.16510716996673924,4815,horizon
9647,2025-11-25,4,0.0,1.3489376408701964e-16,0.0,0.3164391922845507,6420,horizon
9647,2025-11-26,5,0.0,1.3489376408701964e-16,0.0,0.3164391922845507,6420,horizon
9647,2025-11-27,6,0.0,1.3489376408701964e-16,0.0,0.3164391922845507,6420,horizon
9647,2025-11-28,7,0.0,1.3489376408701964e-16,0.0,0.3164391922845507,6420,horizon
9647,2025-11-29,8,0.0,1.5006439558569507e-16,0.0,0.4385606460783187,11235,horizon
9647,2025-11-30,9,0.0,1.5006439558569507e-16,0.0,0.4385606460783187,11235,horizon
9647,2025-12-01,10,0.0,1.5006439558569507e-16,0.0,0.4385606460783187,11235,horizon
9647,2025-12-02,11,0.0,1.5006439558569507e-16,0.0,0.4385606460783187,11235,horizon
9647,2025-12-03,12,0.0,1.5006439558569507e-16,0.0,0.4385606460783187,11235,horizon
9647,2025-12-04,13,0.0,1.5006439558569507e-16,0.0,0.4385606460783187,11235,horizon
9647,2025-12-05,14,0.0,1.5006439558569507e-16,0.0,0.4385606460783187,11235,horizon
9647,2025-12-06,15,0.0,2.0936493878579075e-16,0.0,0.530339829036103,11235,horizon
9647,2025-12-07,16,0.0,2.0936493878579075e-16,0.0,0.530339829036103,11235,horizon
9647,2025-12-08,17,0.0,2.0936493878579075e-16,0.0,0.530339829036103,11235,horizon
9647,2025-12-09,18,0.0,2.0936493878579075e-16,0.0,0.530339829036103,11235,horizon
9647,2025-12-10,19,0.0,2.0936493878579075e-16,0.0,0.530339829036103,11235,horizon
9647,2025-12-11,20,0.0,2.0936493878579075e-16,0.0,0.530339829036103,11235,horizon
9647,2025-12-12,21,0.0,2.0936493878579075e-16,0.0,0.530339829036103,11235,horizon
9647,2025-12-13,22,0.0,0.00011539169020314227,0.0,0.8633198077050313,14445,horizon
9647,2025-12-14,23,0.0,2.085521617919071e-16,0.0,0.8632044160148283,14445,horizon
9647,2025-12-15,24,0.0,2.085521617919071e-16,0.0,0.8632044160148283,14445,horizon
9647,2025-12-16,25,0.0,2.085521617919071e-16,0.0,0.8632044160148283,14445,horizon
9647,2025-12-17,26,0.0,2.085521617919071e-16,0.0,0.8632044160148283,14445,horizon
9647,2025-12-18,27,0.0,2.085521617919071e-16,0.0,0.8632044160148283,14445,horizon
9647,2025-12-19,28,0.0,2.085521617919071e-16,0.0,0.8632044160148283,14445,horizon
9647,2025-12-20,29,0.0,2.085521617919071e-16,0.0,0.8632044160148283,14445,horizon
9647,2025-12-21,30,0.0,2.085521617919071e-16,0.0,0.8632044160148283,14445,horizon
9681,2025-11-22,1,5.0,5.065729452318503,5.0,5.90211770600797,4815,horizon
9681,2025-11-23,2,10.0,11.03263209222524,10.0,12.854198754256773,4815,horizon
9681,2025-11-24,3,7.0,8.502839353714316,7.098959611340729,9.906719096087905,4815,horizon
9681,2025-11-25,4,1.0,2.0349012497763566,1.3909787419183037,2.6788237576344094,6420,horizon
9681,2025-11-26,5,1.0,3.626024130882868,2.4786079837020036,4.773440278063732,6420,horizon
9681,2025-11-27,6,1.0,5.151882923958978,3.5216252527568304,6.782140595161126,6420,horizon
9681,2025-11-28,7,1.0,2.509968559840708,1.7157161361050979,3.3042209835763185,6420,horizon
9681,2025-11-29,8,3.0,4.706485416942749,3.0,6.770564702155345,11235,horizon
9681,2025-11-30,9,3.0,5.28058123787077,3.0,7.596436357220422,11235,horizon
9681,2025-12-01,10,1.0,3.2227898901734333,1.8094010737642992,4.636178706582568,11235,horizon
9681,2025-12-02,11,1.0,3.462009158453874,1.9437081851932874,4.980310131714461,11235,horizon
9681,2025-12-03,12,0.0,4.063094539928706,2.2811811734202845,5.845007906437127,11235,horizon
9681,2025-12-04,13,0.0,8.708841493055745,4.889486341267549,12.528196644843941,11235,horizon
9681,2025-12-05,14,0.0,2.988210915973924,1.6776992060461158,4.298722625901732,11235,horizon
9681,2025-12-06,15,0.0,3.564628710364228,1.6741641295324796,5.4550932911959755,11235,horizon
9681,2025-12-07,16,0.0,3.42019606808817,1.606329870068339,5.234062266108001,11235,horizon
9681,2025-12-08,17,0.0,3.4497473360464324,1.6202089236298165,5.279285748463048,11235,horizon
9681,2025-12-09,18,0.0,3.582380255120765,1.6825013230777084,5.482259187163821,11235,horizon
9681,2025-12-10,19,0.0,5.513734860021307,2.5895816570072068,8.437888063035407,11235,horizon
9681,2025-12-11,20,0.0,10.37782581675736,4.874051447331808,15.881600186182911,11235,horizon
9681,2025-12-12,21,0.0,4.169856210339609,1.9584153806429696,6.381297040036248,11235,horizon
9681,2025-12-13,22,0.0,3.864598096999694,0.5286599535470571,7.200536240452331,14445,horizon
9681,2025-12-14,23,0.0,3.4740963566076997,0.4752410399229081,6.472951673292491,14445,horizon
9681,2025-12-15,24,0.0,4.1581650647202375,0.5688186183351451,7.74751151110533,14445,horizon
9681,2025-12-16,25,0.0,4.57889033522798,0.626371977411571,8.531408693044389,14445,horizon
9681,2025-12-17,26,1.0,7.873856979452467,1.0771088637199213,14.670605095185012,14445,horizon
9681,2025-12-18,27,1.0,10.62342450170873,1.4532375586336297,19.793611444783828,14445,horizon
9681,2025-12-19,28,0.0,4.639932876788768,0.6347223275323177,8.645143426045218,14445,horizon
9681,2025-12-20,29,0.0,4.017201109059175,0.5495353716996298,7.48486684641872,14445,horizon
9681,2025-12-21,30,0.0,3.1010119285007267,0.42420473770424083,5.777819119297213,14445,horizon
9704,2025-11-22,1,2.0,2.0531795657235548,2.0,2.3921742332537095,4815,horizon
9704,2025-11-23,2,2.0,2.182906370194953,2.0,2.5433198632802085,4815,horizon
9704,2025-11-24,3,1.0,1.5006771418928277,1.2529045859611283,1.7484496978245272,4815,horizon
9704,2025-11-25,4,1.0,1.6513655180037934,1.1288087473201145,2.1739222886874723,6420,horizon
9704,2025-11-26,5,1.0,2.180965479505314,1.490822524770165,2.8711084342404636,6420,horizon
9704,2025-11-27,6,1.0,2.3722211257565915,1.6215573888018284,3.122884862711355,6420,horizon
9704,2025-11-28,7,1.0,1.7181886059590958,1.1744863912968815,2.26189082062131,6420,horizon
9704,2025-11-29,8,1.0,1.8112136035335926,1.016886595382061,2.6055406116851243,11235,horizon
9704,2025-11-30,9,1.0,2.0968403714595167,1.1772487034291297,3.016432039489904,11235,horizon
9704,2025-12-01,10,1.0,2.193710823993693,1.2316355877140186,3.1557860602733676,11235,horizon
9704,2025-12-02,11,1.0,2.4094862793648293,1.352780419969746,3.4661921387599124,11235,horizon
9704,2025-12-03,12,1.0,2.6497060158588104,1.4876492336261633,3.8117627980914577,11235,horizon
9704,2025-12-04,13,1.0,3.2628439683109556,1.8318890095157583,4.693798927106153,11235,horizon
9704,2025-12-05,14,1.0,2.5317225375157006,1.421408665771775,3.6420364092596262,11235,horizon
9704,2025-12-06,15,1.0,3.5385510621627825,1.6619164968198525,5.415185627505712,11235,horizon
9704,2025-12-07,16,1.0,3.6954286012066135,1.7355956286275738,5.655261573785653,11235,horizon
9704,2025-12-08,17,1.0,3.35914176400316,1.5776550951736914,5.140628432832629,11235,horizon
9704,2025-12-09,18,1.0,3.411846097232516,1.602408221328729,5.221283973136303,11235,horizon
9704,2025-12-10,19,1.0,3.4165220337078757,1.6046043224531628,5.228439744962588,11235,horizon
9704,2025-12-11,20,1.0,4.524424542096593,2.1249420039543385,6.923907080238848,11235,horizon
9704,2025-12-12,21,1.0,3.2583183418961927,1.530302349509768,4.986334334282617,11235,horizon
9704,2025-12-13,22,1.0,3.5720149540923347,1.0,6.655394036535842,14445,horizon
9704,2025-12-14,23,1.0,3.4403847283627695,1.0,6.410140018675487,14445,horizon
9704,2025-12-15,24,1.0,3.8346885872358563,1.0,7.144808709779509,14445,horizon
9704,2025-12-16,25,1.0,3.8986506337943427,1.0,7.263983077384628,14445,horizon
9704,2025-12-17,26,1.0,3.9905923247774497,1.0,7.4352892420402235,14445,horizon
9704,2025-12-18,27,1.0,4.135301657761232,1.0,7.7049123102941675,14445,horizon
9704,2025-12-19,28,1.0,4.207799924978902,1.0,7.839991401927552,14445,horizon
9704,2025-12-20,29,1.0,4.085767929798468,1.0,7.612620849612268,14445,horizon
9704,2025-12-21,30,1.0,3.4826934999133585,1.0,6.488969908664707,14445,horizon
9749,2025-11-22,1,0.0,1.3489376408701964e-16,0.0,0.16510716996673924,4815,horizon
9749,2025-11-23,2,0.0,1.3489376408701964e-16,0.0,0.16510716996673924,4815,horizon
9749,2025-11-24,3,0.0,1.3489376408701964e-16,0.0,0.16510716996673924,4815,horizon
9749,2025-11-25,4,0.0,1.3489376408701964e-16,0.0,0.3164391922845507,6420,horizon
9749,2025-11-26,5,0.0,1.3489376408701964e-16,0.0,0.3164391922845507,6420,horizon
9749,2025-11-27,6,0.0,1.3489376408701964e-16,0.0,0.3164391922845507,6420,horizon
9749,2025-11-28,7,0.0,1.3489376408701964e-16,0.0,0.3164391922845507,6420,horizon
9749,2025-11-29,8,0.0,1.5006439558569507e-16,0.0,0.4385606460783187,11235,horizon
9749,2025-11-30,9,0.0,1.5006439558569507e-16,0.0,0.4385606460783187,11235,horizon
9749,2025-12-01,10,0.0,1.5006439558569507e-16,0.0,0.4385606460783187,11235,horizon
9749,2025-12-02,11,0.0,1.5006439558569507e-16,0.0,0.4385606460783187,11235,horizon
9749,2025-12-03,12,0.0,1.5006439558569507e-16,0.0,0.4385606460783187,11235,horizon
9749,2025-12-04,13,0.0,1.5006439558569507e-16,0.0,0.4385606460783187,11235,horizon
9749,2025-12-05,14,0.0,1.5006439558569507e-16,0.0,0.4385606460783187,11235,horizon
9749,2025-12-06,15,0.0,0.001856922518304443,0.0,0.5321967515544073,11235,horizon
9749,2025-12-07,16,0.0,0.0005183645344249105,0.0,0.5308581935705277,11235,horizon
9749,2025-12-08,17,0.0,0.0006850638288601243,0.0,0.5310248928649629,11235,horizon
9749,2025-12-09,18,0.0,0.0007208837583480091,0.0,0.5310607127944508,11235,horizon
9749,2025-12-10,19,0.0,0.002455263438801526,0.0,0.5327950924749043,11235,horizon
9749,2025-12-11,20,0.0,0.0011980004546193477,0.0,0.5315378294907221,11235,horizon
9749,2025-12-12,21,0.0,0.0,0.0,0.5303398290361028,11235,horizon
9749,2025-12-13,22,0.0,0.002016770245923156,0.0,0.8652211862607513,14445,horizon
9749,2025-12-14,23,0.0,4.3311007778062204e-05,0.0,0.8632477270226062,14445,horizon
9749,2025-12-15,24,0.0,0.0022717573995957485,0.0,0.8654761734144238,14445,horizon
9749,2025-12-16,25,0.0,0.009805425383534641,0.0,0.8730098413983628,14445,horizon
9749,2025-12-17,26,0.0,0.0,0.0,0.8632044160148281,14445,horizon
9749,2025-12-18,27,0.0,0.0,0.0,0.8632044160148281,14445,horizon
9749,2025-12-19,28,0.0,0.0,0.0,0.8632044160148281,14445,horizon
9749,2025-12-20,29,0.0,0.0025999651460566213,0.0,0.8658043811608848,14445,horizon
9749,2025-12-21,30,0.0,0.010663446035980793,0.0,0.8738678620508089,14445,horizon
9767,2025-11-22,1,0.0,1.3489376408701964e-16,0.0,0.16510716996673924,4815,horizon
9767,2025-11-23,2,0.0,1.3489376408701964e-16,0.0,0.16510716996673924,4815,horizon
9767,2025-11-24,3,0.0,1.3489376408701964e-16,0.0,0.16510716996673924,4815,horizon
9767,2025-11-25,4,0.0,1.3489376408701964e-16,0.0,0.3164391922845507,6420,horizon
9767,2025-11-26,5,0.0,1.3489376408701964e-16,0.0,0.3164391922845507,6420,horizon
9767,2025-11-27,6,0.0,1.3489376408701964e-16,0.0,0.3164391922845507,6420,horizon
9767,2025-11-28,7,0.0,1.3489376408701964e-16,0.0,0.3164391922845507,6420,horizon
9767,2025-11-29,8,0.0,1.5006439558569507e-16,0.0,0.4385606460783187,11235,horizon
9767,2025-11-30,9,0.0,1.5006439558569507e-16,0.0,0.4385606460783187,11235,horizon
9767,2025-12-01,10,0.0,1.5006439558569507e-16,0.0,0.4385606460783187,11235,horizon
9767,2025-12-02,11,0.0,1.5006439558569507e-16,0.0,0.4385606460783187,11235,horizon
9767,2025-12-03,12,0.0,1.5006439558569507e-16,0.0,0.4385606460783187,11235,horizon
9767,2025-12-04,13,0.0,1.5006439558569507e-16,0.0,0.4385606460783187,11235,horizon
9767,2025-12-05,14,0.0,1.5006439558569507e-16,0.0,0.4385606460783187,11235,horizon
9767,2025-12-06,15,0.0,0.0,0.0,0.5303398290361028,11235,horizon
9767,2025-12-07,16,0.0,0.0,0.0,0.5303398290361028,11235,horizon
9767,2025-12-08,17,0.0,0.0,0.0,0.5303398290361028,11235,horizon
9767,2025-12-09,18,0.0,2.0936493878579075e-16,0.0,0.530339829036103,11235,horizon
9767,2025-12-10,19,0.0,2.0936493878579075e-16,0.0,0.530339829036103,11235,horizon
9767,2025-12-11,20,0.0,2.0936493878579075e-16,0.0,0.530339829036103,11235,horizon
9767,2025-12-12,21,0.0,2.0936493878579075e-16,0.0,0.530339829036103,11235,horizon
9767,2025-12-13,22,0.0,2.085521617919071e-16,0.0,0.8632044160148283,14445,horizon
9767,2025-12-14,23,0.0,2.085521617919071e-16,0.0,0.8632044160148283,14445,horizon
9767,2025-12-15,24,0.0,2.085521617919071e-16,0.0,0.8632044160148283,14445,horizon
9767,2025-12-16,25,0.0,2.085521617919071e-16,0.0,0.8632044160148283,14445,horizon
9767,2025-12-17,26,0.0,2.085521617919071e-16,0.0,0.8632044160148283,14445,horizon
9767,2025-12-18,27,0.0,2.085521617919071e-16,0.0,0.8632044160148283,14445,horizon
9767,2025-12-19,28,0.0,2.085521617919071e-16,0.0,0.8632044160148283,14445,horizon
9767,2025-12-20,29,0.0,2.085521617919071e-16,0.0,0.8632044160148283,14445,horizon
9767,2025-12-21,30,0.0,2.085521617919071e-16,0.0,0.8632044160148283,14445,horizon
9770,2025-11-22,1,6994.0,8095.874412851922,6994.0,9432.561325564038,4815,horizon
9770,2025-11-23,2,6066.0,8524.292014186514,7116.870283754104,9931.713744618924,4815,horizon
9770,2025-11-24,3,4539.0,7165.355902236599,5982.304267413843,8348.407537059355,4815,horizon
9770,2025-11-25,4,3683.0,6887.2276868636345,4707.838920552713,9066.616453174556,6420,horizon
9770,2025-11-26,5,4922.0,11543.81123421736,7890.896931376298,15196.725537058424,6420,horizon
9770,2025-11-27,6,5493.0,16688.068573097757,11407.30963303751,21968.827513158,6420,horizon
9770,2025-11-28,7,1804.0,5584.578229968731,3817.3988056275402,7351.757654309921,6420,horizon
9770,2025-11-29,8,1588.0,4722.626109331793,2651.468151636906,6793.78406702668,11235,horizon
9770,2025-11-30,9,1425.0,4942.7316070292045,2775.044040058751,7110.419173999659,11235,horizon
9770,2025-12-01,10,1159.0,4557.575337134945,2558.8021527304327,6556.348521539457,11235,horizon
9770,2025-12-02,11,1023.0,4850.231638566205,2723.110917527109,6977.352359605302,11235,horizon
9770,2025-12-03,12,1386.0,8634.728957560023,4847.876647221334,12421.581267898711,11235,horizon
9770,2025-12-04,13,1704.0,14954.34642138475,8395.958593143263,21512.734249626235,11235,horizon
9770,2025-12-05,14,757.0,6053.108827646053,3398.453509411227,8707.76414588088,11235,horizon
9770,2025-12-06,15,709.0,4940.996483303533,2320.589253080352,7561.403713526714,11235,horizon
9770,2025-12-07,16,592.0,4293.783767558545,2016.6192183535532,6570.948316763537,11235,horizon
9770,2025-12-08,17,617.0,4551.230590969684,2137.531737450941,6964.929444488427,11235,horizon
9770,2025-12-09,18,590.0,4836.1438346543955,2271.344140189781,7400.94352911901,11235,horizon
9770,2025-12-10,19,691.0,7804.425147754444,3665.427649169291,11943.422646339597,11235,horizon
9770,2025-12-11,20,884.0,14896.440293355075,6996.264694930632,22796.61589177952,11235,horizon
9770,2025-12-12,21,451.0,6016.513507568945,2825.716762571428,9207.310252566462,11235,horizon
9770,2025-12-13,22,357.0,4135.24632161993,565.6834354885323,7704.809207751328,14445,horizon
9770,2025-12-14,23,323.0,3882.9084961398094,531.1647352904306,7234.652256989188,14445,horizon
9770,2025-12-15,24,370.0,4301.282492066559,588.3964503874404,8014.168533745677,14445,horizon
9770,2025-12-16,25,413.0,5415.012583996519,740.7498087148588,10089.275359278181,14445,horizon
9770,2025-12-17,26,578.0,9014.983161566333,1233.209886202958,16796.75643692971,14445,horizon
9770,2025-12-18,27,773.0,12767.934761337594,1746.597091961752,23789.272430713434,14445,horizon
9770,2025-12-19,28,472.0,6524.066393834018,892.4634723025592,12155.669315365476,14445,horizon
9770,2025-12-20,29,387.0,5188.663859106889,709.7863027092826,9667.541415504495,14445,horizon
9770,2025-12-21,30,100.0,2632.629628747341,360.132107481159,4905.127150013523,14445,horizon
9806,2025-11-22,1,81.0,89.9658817545165,81.0,104.81989388456701,4815,horizon
9806,2025-11-23,2,104.0,128.07819978958634,106.93157068789313,149.22482889127954,4815,horizon
9806,2025-11-24,3,55.0,78.54817391302001,65.57930721218602,91.517040613854,4815,horizon
9806,2025-11-25,4,50.0,81.02497897746801,55.38550007496534,106.66445787997068,6420,horizon
9806,2025-11-26,5,39.0,85.7594224688439,58.621780092013395,112.8970648456744,6420,horizon
9806,2025-11-27,6,45.0,146.51766795344295,100.15373545083949,192.8816004560464,6420,horizon
9806,2025-11-28,7,7.0,30.84598068894751,21.085103474512117,40.6068579033829,6420,horizon
9806,2025-11-29,8,5.0,28.588908540799036,16.05093834047225,41.12687874112582,11235,horizon
9806,2025-11-30,9,5.0,34.30400936908221,19.259620857100824,49.34839788106359,11235,horizon
9806,2025-12-01,10,3.0,29.169176443598058,16.376723576921222,41.961629310274894,11235,horizon
9806,2025-12-02,11,3.0,34.34516686629683,19.282728295746033,49.407605436847625,11235,horizon
9806,2025-12-03,12,9.0,57.40851766989141,32.23140107018527,82.58563426959755,11235,horizon
9806,2025-12-04,13,20.0,180.92793996777246,101.58006572188694,260.275814213658,11235,horizon
9806,2025-12-05,14,8.0,53.16194618536075,29.847208719528137,76.47668365119335,11235,horizon
9806,2025-12-06,15,6.0,47.747731125470764,22.425207563526797,73.07025468741473,11235,horizon
9806,2025-12-07,16,3.0,36.953338878827374,17.355511455516893,56.55116630213786,11235,horizon
9806,2025-12-08,17,5.0,44.52524769823394,20.911735446162425,68.13875995030546,11235,horizon
9806,2025-12-09,18,15.0,59.43066434685023,27.91221597763967,90.9491127160608,11235,horizon
9806,2025-12-10,19,4.0,51.92595720834769,24.387553939936588,79.4643604767588,11235,horizon
9806,2025-12-11,20,7.0,170.01391889713997,79.84876621547292,260.179071578807,11235,horizon
9806,2025-12-12,21,3.0,39.573253445474414,18.58598097879915,60.56052591214968,11235,horizon
9806,2025-12-13,22,12.0,57.090906419991846,12.0,106.37202895601811,14445,horizon
9806,2025-12-14,23,3.0,38.06322051735704,5.206880479028236,70.91956055568585,14445,horizon
9806,2025-12-15,24,4.0,52.7985726810063,7.2226115834818,98.3745337785308,14445,horizon
9806,2025-12-16,25,4.0,59.49383122660408,8.138493386158558,110.8491690670496,14445,horizon
9806,2025-12-17,26,6.0,72.91290345091124,9.974163207621856,135.85164369420062,14445,horizon
9806,2025-12-18,27,10.0,166.18922321297856,22.733951841461476,309.64449458449565,14445,horizon
9806,2025-12-19,28,5.0,60.63454938001752,8.294538592117242,112.97456016791779,14445,horizon
9806,2025-12-20,29,2.0,48.386676690696774,6.619083695005571,90.15426968638798,14445,horizon
9806,2025-12-21,30,3.0,33.92784215657743,4.641178981165744,63.21450533198911,14445,horizon
9814,2025-11-22,1,9989.0,11608.437470283314,9989.0,13525.073728737643,4815,horizon
9814,2025-11-23,2,7673.0,10695.14408646697,8929.299113963903,12460.989058970035,4815,horizon
9814,2025-11-24,3,6188.0,9546.410496852604,7970.229676376499,11122.59131732871,4815,horizon
9814,2025-11-25,4,6180.0,10759.638952504209,7354.867493100389,14164.41041190803,6420,horizon
9814,2025-11-26,5,7506.0,15981.59116979432,10924.389368602699,21038.792970985938,6420,horizon
9814,2025-11-27,6,7315.0,18252.358318578004,12476.596794958983,24028.119842197026,6420,horizon
9814,2025-11-28,7,2613.0,7156.426659303846,4891.852787590112,9421.00053101758,6420,horizon
9814,2025-11-29,8,1963.0,5646.510454802255,3170.173181656198,8122.847727948311,11235,horizon
9814,2025-11-30,9,1760.0,5759.172738200579,3233.4262212586946,8284.919255142464,11235,horizon
9814,2025-12-01,10,1461.0,5119.295773476164,2874.1741115944524,7364.417435357876,11235,horizon
9814,2025-12-02,11,1518.0,6279.89876032916,3525.7823026927717,9034.015217965549,11235,horizon
9814,2025-12-03,12,1998.0,10393.022890339958,5835.052056845713,14950.993723834203,11235,horizon
9814,2025-12-04,13,2396.0,16086.680801490516,9031.695675933152,23141.66592704788,11235,horizon
9814,2025-12-05,14,1129.0,7519.22810096816,4221.590566997316,10816.865634939004,11235,horizon
9814,2025-12-06,15,976.0,6258.252490190985,2939.2519344783336,9577.253045903635,11235,horizon
9814,2025-12-07,16,691.0,4814.248949547765,2261.060984707366,7367.436914388163,11235,horizon
9814,2025-12-08,17,649.0,4646.967628869223,2182.495611038415,7111.43964670003,11235,horizon
9814,2025-12-09,18,726.0,5850.226281166656,2747.6182753902162,8952.834286943096,11235,horizon
9814,2025-12-10,19,1008.0,9976.074344809005,4685.364782331547,15266.783907286463,11235,horizon
9814,2025-12-11,20,971.0,15421.278317730139,7242.760211186978,23599.7964242733,11235,horizon
9814,2025-12-12,21,413.0,5437.851975362612,2553.9424884251707,8321.761462300054,11235,horizon
9814,2025-12-13,22,435.0,4870.585639414577,666.2746068935085,9074.896671935645,14445,horizon
9814,2025-12-14,23,401.0,4719.988132896161,645.6735330426113,8794.302732749711,14445,horizon
9814,2025-12-15,24,515.0,5431.285766847587,742.9759082662677,10119.595625428907,14445,horizon
9814,2025-12-16,25,573.0,6909.417778455763,945.1778400013854,12873.65771691014,14445,horizon
9814,2025-12-17,26,1035.0,11155.35565285728,1526.0033910949005,20784.707914619663,14445,horizon
9814,2025-12-18,27,1113.0,12823.948187599264,1754.2594813182277,23893.6368938803,14445,horizon
9814,2025-12-19,28,406.0,6170.580169911474,844.1081178703616,11497.052221952585,14445,horizon
9814,2025-12-20,29,340.0,4925.053471874888,673.7255658433232,9176.381377906451,14445,horizon
9814,2025-12-21,30,211.0,3854.2932117303726,527.2502907487401,7181.336132712006,14445,horizon
9879,2025-11-22,1,736.0,813.0471768257687,736.0,947.2870952409182,4815,horizon
9879,2025-11-23,2,582.0,729.329305470583,608.9118078705277,849.7468030706383,4815,horizon
9879,2025-11-24,3,398.0,574.4758397684109,479.6257596499827,669.3259198868391,4815,horizon
9879,2025-11-25,4,389.0,643.9386258691491,440.1712072182921,847.706044520006,6420,horizon
9879,2025-11-26,5,494.0,951.7145297817722,650.5547526921573,1252.874306871387,6420,horizon
9879,2025-11-27,6,355.0,936.8022363657976,640.361293359844,1233.2431793717512,6420,horizon
9879,2025-11-28,7,107.0,308.2997978372774,210.74165882815913,405.8579368463957,6420,horizon
9879,2025-11-29,8,134.0,344.0543365331622,193.16564441713135,494.943028649193,11235,horizon
9879,2025-11-30,9,188.0,433.94126379456645,243.63170278477935,624.2508248043536,11235,horizon
9879,2025-12-01,10,171.0,440.45899844797475,247.29101551762184,633.6269813783276,11235,horizon
9879,2025-12-02,11,158.0,464.167934824677,260.6021454391278,667.7337242102262,11235,horizon
9879,2025-12-03,12,157.0,709.0314867868248,398.07817985172414,1019.9847937219254,11235,horizon
9879,2025-12-04,13,183.0,1298.8503466625455,729.2256994711715,1868.4749938539194,11235,horizon
9879,2025-12-05,14,46.0,341.1190946955999,191.51768413624652,490.7205052549533,11235,horizon
9879,2025-12-06,15,52.0,329.901597137482,154.94164051285253,504.86155376211144,11235,horizon
9879,2025-12-07,16,77.0,401.02842095427184,188.34707674676505,613.7097651617786,11235,horizon
9879,2025-12-08,17,76.0,360.50421160716644,169.31446965662678,551.6939535577061,11235,horizon
9879,2025-12-09,18,59.0,394.96000458477977,185.4969832771893,604.4230258923702,11235,horizon
9879,2025-12-10,19,61.0,609.1048950263242,286.0723091330101,932.1374809196384,11235,horizon
9879,2025-12-11,20,44.0,875.4850357400395,411.18045156200066,1339.7896199180784,11235,horizon
9879,2025-12-12,21,36.0,445.53755713413625,209.25124525445557,681.8238690138169,11235,horizon
9879,2025-12-13,22,44.0,372.88715571171053,51.009316226153146,694.7649951972679,14445,horizon
9879,2025-12-14,23,50.0,337.6663422968509,50.0,629.1414201070672,14445,horizon
9879,2025-12-15,24,40.0,353.0450744162654,48.29500712786148,657.7951417046693,14445,horizon
9879,2025-12-16,25,40.0,395.76423308782995,54.1387993856934,737.3896667899664,14445,horizon
9879,2025-12-17,26,60.0,671.2628204728912,91.8257895341228,1250.6998514116597,14445,horizon
9879,2025-12-18,27,66.0,911.4339301290295,124.68013673590099,1698.187723522158,14445,horizon
9879,2025-12-19,28,51.0,527.3918080354554,72.14487036920576,982.6387457017049,14445,horizon
9879,2025-12-20,29,33.0,345.5405491128678,47.268421206451706,643.8126770192839,14445,horizon
9879,2025-12-21,30,26.0,243.60503787328224,33.32409341760555,453.8859823289589,14445,horizon
9880,2025-11-22,1,50.0,54.88042512252482,50.0,63.94157680107642,4815,horizon
9880,2025-11-23,2,131.0,159.3270684240702,133.02102705747498,185.63310979066543,4815,horizon
9880,2025-11-24,3,65.0,86.48760872927237,72.20788441479156,100.76733304375317,4815,horizon
9880,2025-11-25,4,30.0,48.79313851451104,33.35307717395097,64.23319985507112,6420,horizon
9880,2025-11-26,5,59.0,109.29012264360753,74.70644450958488,143.87380077763018,6420,horizon
9880,2025-11-27,6,122.0,336.571698501621,230.06722208192875,443.07617492131317,6420,horizon
9880,2025-11-28,7,14.0,38.550366402363274,26.35151959572596,50.74921320900059,6420,horizon
9880,2025-11-29,8,14.0,35.76124626978053,20.077771001139723,51.444721538421334,11235,horizon
9880,2025-11-30,9,19.0,53.94450088772851,30.286565726033867,77.60243604942315,11235,horizon
9880,2025-12-01,10,8.0,34.688133863668725,19.475283465166967,49.90098426217048,11235,horizon
9880,2025-12-02,11,3.0,33.415557345801844,18.760808927159886,48.0703057644438,11235,horizon
9880,2025-12-03,12,19.0,85.48700127458382,47.9957667643043,122.97823578486333,11235,horizon
9880,2025-12-04,13,28.0,283.5770071304662,159.211291670373,407.9427225905594,11235,horizon
9880,2025-12-05,14,4.0,37.961466684390075,21.3130613292034,54.60987203957675,11235,horizon
9880,2025-12-06,15,4.0,48.2002014847814,22.637714869836728,73.76268809972608,11235,horizon
9880,2025-12-07,16,2.0,41.23120816312809,19.36465627494277,63.0977600513134,11235,horizon
9880,2025-12-08,17,5.0,50.489074026799045,23.712707139235302,77.26544091436278,11235,horizon
9880,2025-12-09,18,3.0,46.430836489926456,21.806714603855617,71.0549583759973,11235,horizon
9880,2025-12-10,19,0.0,75.35895899598162,35.39310156571405,115.3248164262492,11235,horizon
9880,2025-12-11,20,10.0,213.2753154570708,100.16692111994699,326.3837097941946,11235,horizon
9880,2025-12-12,21,2.0,51.4836060775576,24.179799232223644,78.78741292289156,11235,horizon
9880,2025-12-13,22,2.0,43.16888227088415,5.905312460232729,80.43245208153556,14445,horizon
9880,2025-12-14,23,0.0,37.090150257586544,5.073768764584322,69.10653175058877,14445,horizon
9880,2025-12-15,24,0.0,48.48385739456614,6.63237758614347,90.3353372029888,14445,horizon
9880,2025-12-16,25,0.0,53.45079698649744,7.311832988240781,99.5897609847541,14445,horizon
9880,2025-12-17,26,6.0,96.91365534093366,13.257360078500696,180.56995060336664,14445,horizon
9880,2025-12-18,27,19.0,362.7237931982547,49.61901311587195,675.8285732806376,14445,horizon
9880,2025-12-19,28,5.0,69.24140535422697,9.471918481385487,129.01089222706844,14445,horizon
9880,2025-12-20,29,1.0,49.32894396745797,6.747981697400235,91.9099062375157,14445,horizon
9880,2025-12-21,30,2.0,41.66684300066407,5.6998401210943115,77.63384588023384,14445,horizon
9899,2025-11-22,1,14.0,16.165585840651143,14.0,18.83463996965544,4815,horizon
9899,2025-11-23,2,13.0,18.45081331372068,15.404451743907627,21.49717488353373,4815,horizon
9899,2025-11-24,3,8.0,15.525527396746682,12.962151506028764,18.0889032874646,4815,horizon
9899,2025-11-25,4,10.0,20.792932266563035,14.213233574904459,27.372630958221613,6420,horizon
9899,2025-11-26,5,6.0,21.553282718084365,14.732979343693184,28.373586092475545,6420,horizon
9899,2025-11-27,6,19.0,82.8402198779731,56.626327611112714,109.05411214483348,6420,horizon
9899,2025-11-28,7,6.0,22.043045370115493,15.067761897704443,29.018328842526543,6420,horizon
9899,2025-11-29,8,6.0,17.63808329692307,9.90271409064129,25.373452503204852,11235,horizon
9899,2025-11-30,9,5.0,18.66499194299479,10.479261017428385,26.850722868561192,11235,horizon
9899,2025-12-01,10,7.0,22.564136191804646,12.66839404532763,32.45987833828166,11235,horizon
9899,2025-12-02,11,5.0,21.00566397809498,11.793406412557584,30.217921543632375,11235,horizon
9899,2025-12-03,12,10.0,42.21997928019649,23.703957889660295,60.736000670732686,11235,horizon
9899,2025-12-04,13,18.0,158.8042788489697,89.15897171696409,228.4495859809753,11235,horizon
9899,2025-12-05,14,2.0,24.971662419593944,14.020074015207157,35.92325082398073,11235,horizon
9899,2025-12-06,15,1.0,21.23012473552829,9.97094401287308,32.489305458183495,11235,horizon
9899,2025-12-07,16,1.0,21.391872330492607,10.04691041597702,32.7368342450082,11235,horizon
9899,2025-12-08,17,1.0,21.19026480157164,9.95222338947639,32.428306213666886,11235,horizon
9899,2025-12-09,18,2.0,22.64469233202463,10.63531007208354,34.65407459196572,11235,horizon
9899,2025-12-10,19,1.0,40.91141423848495,19.21446180562166,62.60836667134824,11235,horizon
9899,2025-12-11,20,8.0,175.03282605075773,82.20594700729296,267.8597050942225,11235,horizon
9899,2025-12-12,21,1.0,31.22358953297688,14.664476398164474,47.78270266778929,11235,horizon
9899,2025-12-13,22,1.0,21.89485082827645,2.9951189053223004,40.7945827512306,14445,horizon
9899,2025-12-14,23,1.0,21.683002482732224,2.9661389871772847,40.39986597828717,14445,horizon
9899,2025-12-15,24,1.0,26.865385659936642,3.6750661203378954,50.05570519953539,14445,horizon
9899,2025-12-16,25,1.0,27.43962991816029,3.7536201989917295,51.125639637328845,14445,horizon
9899,2025-12-17,26,2.0,47.019325014925464,6.432036024005328,87.6066140058456,14445,horizon
9899,2025-12-18,27,2.0,140.59836035225456,19.233234811744296,261.9634858927648,14445,horizon
9899,2025-12-19,28,1.0,38.26650166561124,5.234688442416839,71.29831488880563,14445,horizon
9899,2025-12-20,29,1.0,23.28530243989958,3.1853265455374107,43.385278334261756,14445,horizon
9899,2025-12-21,30,4.0,19.450977654561115,4.0,36.24114746178401,14445,horizon
9936,2025-11-22,1,0.0,1.3489376408701964e-16,0.0,0.16510716996673924,4815,horizon
9936,2025-11-23,2,0.0,1.3489376408701964e-16,0.0,0.16510716996673924,4815,horizon
9936,2025-11-24,3,0.0,1.3489376408701964e-16,0.0,0.16510716996673924,4815,horizon
9936,2025-11-25,4,0.0,1.3489376408701964e-16,0.0,0.3164391922845507,6420,horizon
9936,2025-11-26,5,0.0,1.3489376408701964e-16,0.0,0.3164391922845507,6420,horizon
9936,2025-11-27,6,0.0,1.3489376408701964e-16,0.0,0.3164391922845507,6420,horizon
9936,2025-11-28,7,0.0,1.3489376408701964e-16,0.0,0.3164391922845507,6420,horizon
9936,2025-11-29,8,0.0,1.5006439558569507e-16,0.0,0.4385606460783187,11235,horizon
9936,2025-11-30,9,0.0,1.5006439558569507e-16,0.0,0.4385606460783187,11235,horizon
9936,2025-12-01,10,0.0,1.5006439558569507e-16,0.0,0.4385606460783187,11235,horizon
9936,2025-12-02,11,0.0,1.5006439558569507e-16,0.0,0.4385606460783187,11235,horizon
9936,2025-12-03,12,0.0,1.5006439558569507e-16,0.0,0.4385606460783187,11235,horizon
9936,2025-12-04,13,0.0,1.5006439558569507e-16,0.0,0.4385606460783187,11235,horizon
9936,2025-12-05,14,0.0,1.5006439558569507e-16,0.0,0.4385606460783187,11235,horizon
9936,2025-12-06,15,0.0,2.0936493878579075e-16,0.0,0.530339829036103,11235,horizon
9936,2025-12-07,16,0.0,2.0936493878579075e-16,0.0,0.530339829036103,11235,horizon
9936,2025-12-08,17,0.0,2.0936493878579075e-16,0.0,0.530339829036103,11235,horizon
9936,2025-12-09,18,0.0,2.0936493878579075e-16,0.0,0.530339829036103,11235,horizon
9936,2025-12-10,19,0.0,2.0936493878579075e-16,0.0,0.530339829036103,11235,horizon
9936,2025-12-11,20,0.0,2.0936493878579075e-16,0.0,0.530339829036103,11235,horizon
9936,2025-12-12,21,0.0,2.0936493878579075e-16,0.0,0.530339829036103,11235,horizon
9936,2025-12-13,22,0.0,2.085521617919071e-16,0.0,0.8632044160148283,14445,horizon
9936,2025-12-14,23,0.0,2.085521617919071e-16,0.0,0.8632044160148283,14445,horizon
9936,2025-12-15,24,0.0,2.085521617919071e-16,0.0,0.8632044160148283,14445,horizon
9936,2025-12-16,25,0.0,2.085521617919071e-16,0.0,0.8632044160148283,14445,horizon
9936,2025-12-17,26,0.0,2.085521617919071e-16,0.0,0.8632044160148283,14445,horizon
9936,2025-12-18,27,0.0,2.085521617919071e-16,0.0,0.8632044160148283,14445,horizon
9936,2025-12-19,28,0.0,2.085521617919071e-16,0.0,0.8632044160148283,14445,horizon
9936,2025-12-20,29,0.0,2.085521617919071e-16,0.0,0.8632044160148283,14445,horizon
9936,2025-12-21,30,0.0,2.085521617919071e-16,0.0,0.8632044160148283,14445,horizon
9951,2025-11-22,1,314.0,397.02676943228346,331.4748031302821,462.5787357342848,4815,horizon
9951,2025-11-23,2,283.0,430.37381486648655,359.31601226609166,501.43161746688145,4815,horizon
9951,2025-11-24,3,231.0,390.7212671279907,326.2103844666699,455.2321497893115,4815,horizon
9951,2025-11-25,4,212.0,418.9203172466303,286.35751042551897,551.4831240677416,6420,horizon
9951,2025-11-26,5,216.0,555.1452869169856,379.47556072439954,730.8150131095716,6420,horizon
9951,2025-11-27,6,231.0,876.481879106266,599.128661229834,1153.835096982698,6420,horizon
9951,2025-11-28,7,47.0,232.36296310853695,158.8342147456267,305.8917114714472,6420,horizon
9951,2025-11-29,8,68.0,232.5801598507242,130.579654681592,334.5806650198564,11235,horizon
9951,2025-11-30,9,56.0,215.2150908831146,120.83022157961183,309.5999601866174,11235,horizon
9951,2025-12-01,10,29.0,175.2159145986735,98.37310988907576,252.05871930827124,11235,horizon
9951,2025-12-02,11,42.0,231.7632085502708,130.12098607127996,333.40543102926165,11235,horizon
9951,2025-12-03,12,38.0,381.0879208501662,213.95775606947421,548.2180856308582,11235,horizon
9951,2025-12-04,13,53.0,833.6827623005325,468.0623114416538,1199.3032131594114,11235,horizon
9951,2025-12-05,14,22.0,297.08631290794676,166.79594757801215,427.3766782378814,11235,horizon
9951,2025-12-06,15,39.0,231.08595587003447,108.531869541276,353.6400421987929,11235,horizon
9951,2025-12-07,16,11.0,188.1248187402862,88.35473453211499,287.8949029484574,11235,horizon
9951,2025-12-08,17,7.0,166.22768606365082,78.07052345558728,254.38484867171437,11235,horizon
9951,2025-12-09,18,8.0,177.260772302335,83.25232462470711,271.2692199799629,11235,horizon
9951,2025-12-10,19,11.0,341.3619610550567,160.32411698968917,522.3998051204243,11235,horizon
9951,2025-12-11,20,29.0,907.3224960550913,426.1332386166241,1388.5117534935584,11235,horizon
9951,2025-12-12,21,20.0,309.1585388509344,145.1994522116785,473.11762549019033,11235,horizon
9951,2025-12-13,22,8.0,182.86056473292297,25.01451774049852,340.70661172534744,14445,horizon
9951,2025-12-14,23,3.0,158.2101731712888,21.64245303136161,294.77789331121596,14445,horizon
9951,2025-12-15,24,3.0,180.86962551202313,24.74216604709656,336.99708497694974,14445,horizon
9951,2025-12-16,25,7.0,232.22072415677192,31.766769574485124,432.6746787390587,14445,horizon
9951,2025-12-17,26,7.0,382.4471708941495,52.31708408594204,712.577257702357,14445,horizon
9951,2025-12-18,27,21.0,674.6991313805854,92.29586169149536,1257.1024010696756,14445,horizon
9951,2025-12-19,28,5.0,274.3373603756694,37.52813942154026,511.14658132979855,14445,horizon
9951,2025-12-20,29,3.0,168.40058407464147,23.036456241934616,313.7647119073483,14445,horizon
9951,2025-12-21,30,1.0,125.68792186793047,17.193552671806202,234.18229106405474,14445,horizon
