cluster_code,checkin,predicted_demand
1011,2025-11-22,140
1011,2025-11-23,183
1011,2025-11-24,133
1011,2025-11-25,124
1011,2025-11-26,138
1011,2025-11-27,477
1011,2025-11-28,152
1011,2025-11-29,96
1011,2025-11-30,99
1011,2025-12-01,121
1011,2025-12-02,88
1011,2025-12-03,192
1011,2025-12-04,552
1011,2025-12-05,137
1011,2025-12-06,107
1011,2025-12-07,98
1011,2025-12-08,116
1011,2025-12-09,118
1011,2025-12-10,166
1011,2025-12-11,678
1011,2025-12-12,227
1011,2025-12-13,128
1011,2025-12-14,103
1011,2025-12-15,146
1011,2025-12-16,155
1011,2025-12-17,232
1011,2025-12-18,723
1011,2025-12-19,153
1011,2025-12-20,147
1011,2025-12-21,96
1013,2025-11-22,0
1013,2025-11-23,0
1013,2025-11-24,0
1013,2025-11-25,0
1013,2025-11-26,0
1013,2025-11-27,0
1013,2025-11-28,0
1013,2025-11-29,0
1013,2025-11-30,0
1013,2025-12-01,0
1013,2025-12-02,0
1013,2025-12-03,0
1013,2025-12-04,0
1013,2025-12-05,0
1013,2025-12-06,0
1013,2025-12-07,0
1013,2025-12-08,0
1013,2025-12-09,0
1013,2025-12-10,0
1013,2025-12-11,0
1013,2025-12-12,0
1013,2025-12-13,0
1013,2025-12-14,0
1013,2025-12-15,0
1013,2025-12-16,0
1013,2025-12-17,0
1013,2025-12-18,0
1013,2025-12-19,0
1013,2025-12-20,0
1013,2025-12-21,0
1053,2025-11-22,645
1053,2025-11-23,567
1053,2025-11-24,577
1053,2025-11-25,548
1053,2025-11-26,711
1053,2025-11-27,1053
1053,2025-11-28,467
1053,2025-11-29,297
1053,2025-11-30,284
1053,2025-12-01,245
1053,2025-12-02,276
1053,2025-12-03,587
1053,2025-12-04,828
1053,2025-12-05,224
1053,2025-12-06,271
1053,2025-12-07,276
1053,2025-12-08,261
1053,2025-12-09,265
1053,2025-12-10,392
1053,2025-12-11,844
1053,2025-12-12,319
1053,2025-12-13,267
1053,2025-12-14,252
1053,2025-12-15,264
1053,2025-12-16,293
1053,2025-12-17,438
1053,2025-12-18,589
1053,2025-12-19,331
1053,2025-12-20,300
1053,2025-12-21,247
1054,2025-11-22,20
1054,2025-11-23,24
1054,2025-11-24,7
1054,2025-11-25,8
1054,2025-11-26,7
1054,2025-11-27,10
1054,2025-11-28,3
1054,2025-11-29,2
1054,2025-11-30,3
1054,2025-12-01,3
1054,2025-12-02,5
1054,2025-12-03,10
1054,2025-12-04,13
1054,2025-12-05,4
1054,2025-12-06,4
1054,2025-12-07,4
1054,2025-12-08,4
1054,2025-12-09,6
1054,2025-12-10,8
1054,2025-12-11,17
1054,2025-12-12,5
1054,2025-12-13,4
1054,2025-12-14,3
1054,2025-12-15,4
1054,2025-12-16,5
1054,2025-12-17,7
1054,2025-12-18,14
1054,2025-12-19,7
1054,2025-12-20,4
1054,2025-12-21,3
1120,2025-11-22,19
1120,2025-11-23,22
1120,2025-11-24,16
1120,2025-11-25,13
1120,2025-11-26,19
1120,2025-11-27,77
1120,2025-11-28,20
1120,2025-11-29,9
1120,2025-11-30,15
1120,2025-12-01,14
1120,2025-12-02,19
1120,2025-12-03,13
1120,2025-12-04,58
1120,2025-12-05,23
1120,2025-12-06,16
1120,2025-12-07,15
1120,2025-12-08,15
1120,2025-12-09,16
1120,2025-12-10,19
1120,2025-12-11,58
1120,2025-12-12,19
1120,2025-12-13,17
1120,2025-12-14,15
1120,2025-12-15,19
1120,2025-12-16,19
1120,2025-12-17,21
1120,2025-12-18,47
1120,2025-12-19,23
1120,2025-12-20,18
1120,2025-12-21,13
1156,2025-11-22,0
1156,2025-11-23,0
1156,2025-11-24,0
1156,2025-11-25,0
1156,2025-11-26,0
1156,2025-11-27,0
1156,2025-11-28,0
1156,2025-11-29,0
1156,2025-11-30,0
1156,2025-12-01,0
1156,2025-12-02,0
1156,2025-12-03,0
1156,2025-12-04,0
1156,2025-12-05,0
1156,2025-12-06,0
1156,2025-12-07,0
1156,2025-12-08,0
1156,2025-12-09,0
1156,2025-12-10,0
1156,2025-12-11,0
1156,2025-12-12,0
1156,2025-12-13,0
1156,2025-12-14,0
1156,2025-12-15,0
1156,2025-12-16,0
1156,2025-12-17,0
1156,2025-12-18,0
1156,2025-12-19,0
1156,2025-12-20,0
1156,2025-12-21,0
1173,2025-11-22,0
1173,2025-11-23,0
1173,2025-11-24,8
1173,2025-11-25,3
1173,2025-11-26,1
1173,2025-11-27,8
1173,2025-11-28,0
1173,2025-11-29,0
1173,2025-11-30,1
1173,2025-12-01,0
1173,2025-12-02,1
1173,2025-12-03,2
1173,2025-12-04,6
1173,2025-12-05,1
1173,2025-12-06,1
1173,2025-12-07,1
1173,2025-12-08,1
1173,2025-12-09,1
1173,2025-12-10,2
1173,2025-12-11,8
1173,2025-12-12,1
1173,2025-12-13,1
1173,2025-12-14,1
1173,2025-12-15,2
1173,2025-12-16,2
1173,2025-12-17,3
1173,2025-12-18,7
1173,2025-12-19,2
1173,2025-12-20,2
1173,2025-12-21,1
1177,2025-11-22,41
1177,2025-11-23,56
1177,2025-11-24,44
1177,2025-11-25,43
1177,2025-11-26,83
1177,2025-11-27,127
1177,2025-11-28,19
1177,2025-11-29,9
1177,2025-11-30,16
1177,2025-12-01,19
1177,2025-12-02,24
1177,2025-12-03,41
1177,2025-12-04,112
1177,2025-12-05,22
1177,2025-12-06,22
1177,2025-12-07,19
1177,2025-12-08,18
1177,2025-12-09,21
1177,2025-12-10,35
1177,2025-12-11,117
1177,2025-12-12,27
1177,2025-12-13,18
1177,2025-12-14,19
1177,2025-12-15,22
1177,2025-12-16,25
1177,2025-12-17,43
1177,2025-12-18,87
1177,2025-12-19,35
1177,2025-12-20,22
1177,2025-12-21,18
1183,2025-11-22,37351
1183,2025-11-23,38185
1183,2025-11-24,36812
1183,2025-11-25,36289
1183,2025-11-26,41840
1183,2025-11-27,50983
1183,2025-11-28,31089
1183,2025-11-29,30435
1183,2025-11-30,30042
1183,2025-12-01,31101
1183,2025-12-02,31574
1183,2025-12-03,37910
1183,2025-12-04,51071
1183,2025-12-05,36336
1183,2025-12-06,34858
1183,2025-12-07,33365
1183,2025-12-08,35445
1183,2025-12-09,36353
1183,2025-12-10,44722
1183,2025-12-11,56991
1183,2025-12-12,35396
1183,2025-12-13,35278
1183,2025-12-14,33422
1183,2025-12-15,36283
1183,2025-12-16,36367
1183,2025-12-17,41267
1183,2025-12-18,53892
1183,2025-12-19,35530
1183,2025-12-20,32979
1183,2025-12-21,26581
1209,2025-11-22,0
1209,2025-11-23,1
1209,2025-11-24,0
1209,2025-11-25,0
1209,2025-11-26,0
1209,2025-11-27,5
1209,2025-11-28,0
1209,2025-11-29,0
1209,2025-11-30,0
1209,2025-12-01,3
1209,2025-12-02,3
1209,2025-12-03,0
1209,2025-12-04,0
1209,2025-12-05,0
1209,2025-12-06,4
1209,2025-12-07,5
1209,2025-12-08,5
1209,2025-12-09,4
1209,2025-12-10,5
1209,2025-12-11,7
1209,2025-12-12,4
1209,2025-12-13,3
1209,2025-12-14,3
1209,2025-12-15,4
1209,2025-12-16,5
1209,2025-12-17,5
1209,2025-12-18,7
1209,2025-12-19,0
1209,2025-12-20,0
1209,2025-12-21,0
1224,2025-11-22,22
1224,2025-11-23,20
1224,2025-11-24,19
1224,2025-11-25,11
1224,2025-11-26,27
1224,2025-11-27,44
1224,2025-11-28,21
1224,2025-11-29,19
1224,2025-11-30,20
1224,2025-12-01,22
1224,2025-12-02,25
1224,2025-12-03,32
1224,2025-12-04,46
1224,2025-12-05,28
1224,2025-12-06,23
1224,2025-12-07,24
1224,2025-12-08,24
1224,2025-12-09,25
1224,2025-12-10,26
1224,2025-12-11,58
1224,2025-12-12,25
1224,2025-12-13,26
1224,2025-12-14,25
1224,2025-12-15,29
1224,2025-12-16,30
1224,2025-12-17,31
1224,2025-12-18,44
1224,2025-12-19,31
1224,2025-12-20,29
1224,2025-12-21,23
1239,2025-11-22,5
1239,2025-11-23,7
1239,2025-11-24,10
1239,2025-11-25,10
1239,2025-11-26,12
1239,2025-11-27,17
1239,2025-11-28,8
1239,2025-11-29,8
1239,2025-11-30,9
1239,2025-12-01,10
1239,2025-12-02,7
1239,2025-12-03,7
1239,2025-12-04,15
1239,2025-12-05,7
1239,2025-12-06,8
1239,2025-12-07,8
1239,2025-12-08,9
1239,2025-12-09,9
1239,2025-12-10,12
1239,2025-12-11,18
1239,2025-12-12,9
1239,2025-12-13,9
1239,2025-12-14,8
1239,2025-12-15,10
1239,2025-12-16,10
1239,2025-12-17,10
1239,2025-12-18,16
1239,2025-12-19,9
1239,2025-12-20,9
1239,2025-12-21,8
1265,2025-11-22,44
1265,2025-11-23,45
1265,2025-11-24,43
1265,2025-11-25,50
1265,2025-11-26,48
1265,2025-11-27,62
1265,2025-11-28,21
1265,2025-11-29,32
1265,2025-11-30,45
1265,2025-12-01,48
1265,2025-12-02,59
1265,2025-12-03,63
1265,2025-12-04,70
1265,2025-12-05,43
1265,2025-12-06,52
1265,2025-12-07,48
1265,2025-12-08,47
1265,2025-12-09,56
1265,2025-12-10,56
1265,2025-12-11,61
1265,2025-12-12,41
1265,2025-12-13,53
1265,2025-12-14,49
1265,2025-12-15,50
1265,2025-12-16,50
1265,2025-12-17,48
1265,2025-12-18,47
1265,2025-12-19,38
1265,2025-12-20,50
1265,2025-12-21,45
1297,2025-11-22,0
1297,2025-11-23,0
1297,2025-11-24,0
1297,2025-11-25,0
1297,2025-11-26,1
1297,2025-11-27,2
1297,2025-11-28,0
1297,2025-11-29,0
1297,2025-11-30,0
1297,2025-12-01,0
1297,2025-12-02,0
1297,2025-12-03,0
1297,2025-12-04,0
1297,2025-12-05,0
1297,2025-12-06,0
1297,2025-12-07,0
1297,2025-12-08,0
1297,2025-12-09,0
1297,2025-12-10,0
1297,2025-12-11,1
1297,2025-12-12,0
1297,2025-12-13,0
1297,2025-12-14,0
1297,2025-12-15,0
1297,2025-12-16,1
1297,2025-12-17,1
1297,2025-12-18,1
1297,2025-12-19,0
1297,2025-12-20,1
1297,2025-12-21,0
1299,2025-11-22,162
1299,2025-11-23,397
1299,2025-11-24,150
1299,2025-11-25,207
1299,2025-11-26,318
1299,2025-11-27,1277
1299,2025-11-28,209
1299,2025-11-29,190
1299,2025-11-30,193
1299,2025-12-01,190
1299,2025-12-02,161
1299,2025-12-03,334
1299,2025-12-04,956
1299,2025-12-05,261
1299,2025-12-06,180
1299,2025-12-07,166
1299,2025-12-08,251
1299,2025-12-09,257
1299,2025-12-10,284
1299,2025-12-11,996
1299,2025-12-12,249
1299,2025-12-13,208
1299,2025-12-14,183
1299,2025-12-15,164
1299,2025-12-16,245
1299,2025-12-17,350
1299,2025-12-18,991
1299,2025-12-19,256
1299,2025-12-20,274
1299,2025-12-21,166
1307,2025-11-22,1
1307,2025-11-23,0
1307,2025-11-24,0
1307,2025-11-25,0
1307,2025-11-26,0
1307,2025-11-27,0
1307,2025-11-28,0
1307,2025-11-29,0
1307,2025-11-30,0
1307,2025-12-01,0
1307,2025-12-02,0
1307,2025-12-03,0
1307,2025-12-04,0
1307,2025-12-05,0
1307,2025-12-06,0
1307,2025-12-07,0
1307,2025-12-08,0
1307,2025-12-09,0
1307,2025-12-10,0
1307,2025-12-11,0
1307,2025-12-12,0
1307,2025-12-13,0
1307,2025-12-14,0
1307,2025-12-15,0
1307,2025-12-16,0
1307,2025-12-17,0
1307,2025-12-18,0
1307,2025-12-19,0
1307,2025-12-20,0
1307,2025-12-21,0
1317,2025-11-22,32
1317,2025-11-23,22
1317,2025-11-24,28
1317,2025-11-25,21
1317,2025-11-26,27
1317,2025-11-27,22
1317,2025-11-28,4
1317,2025-11-29,3
1317,2025-11-30,5
1317,2025-12-01,5
1317,2025-12-02,11
1317,2025-12-03,25
1317,2025-12-04,43
1317,2025-12-05,6
1317,2025-12-06,10
1317,2025-12-07,8
1317,2025-12-08,9
1317,2025-12-09,10
1317,2025-12-10,13
1317,2025-12-11,30
1317,2025-12-12,7
1317,2025-12-13,6
1317,2025-12-14,6
1317,2025-12-15,11
1317,2025-12-16,11
1317,2025-12-17,15
1317,2025-12-18,27
1317,2025-12-19,9
1317,2025-12-20,7
1317,2025-12-21,5
1370,2025-11-22,0
1370,2025-11-23,0
1370,2025-11-24,0
1370,2025-11-25,0
1370,2025-11-26,0
1370,2025-11-27,0
1370,2025-11-28,0
1370,2025-11-29,0
1370,2025-11-30,0
1370,2025-12-01,0
1370,2025-12-02,0
1370,2025-12-03,0
1370,2025-12-04,0
1370,2025-12-05,0
1370,2025-12-06,0
1370,2025-12-07,0
1370,2025-12-08,0
1370,2025-12-09,0
1370,2025-12-10,0
1370,2025-12-11,0
1370,2025-12-12,0
1370,2025-12-13,0
1370,2025-12-14,0
1370,2025-12-15,0
1370,2025-12-16,0
1370,2025-12-17,0
1370,2025-12-18,0
1370,2025-12-19,0
1370,2025-12-20,0
1370,2025-12-21,0
1371,2025-11-22,10
1371,2025-11-23,11
1371,2025-11-24,13
1371,2025-11-25,12
1371,2025-11-26,15
1371,2025-11-27,23
1371,2025-11-28,12
1371,2025-11-29,17
1371,2025-11-30,14
1371,2025-12-01,15
1371,2025-12-02,24
1371,2025-12-03,20
1371,2025-12-04,18
1371,2025-12-05,17
1371,2025-12-06,16
1371,2025-12-07,16
1371,2025-12-08,16
1371,2025-12-09,16
1371,2025-12-10,15
1371,2025-12-11,19
1371,2025-12-12,14
1371,2025-12-13,16
1371,2025-12-14,14
1371,2025-12-15,20
1371,2025-12-16,17
1371,2025-12-17,16
1371,2025-12-18,18
1371,2025-12-19,14
1371,2025-12-20,15
1371,2025-12-21,12
1402,2025-11-22,0
1402,2025-11-23,0
1402,2025-11-24,0
1402,2025-11-25,0
1402,2025-11-26,0
1402,2025-11-27,1
1402,2025-11-28,0
1402,2025-11-29,0
1402,2025-11-30,0
1402,2025-12-01,0
1402,2025-12-02,0
1402,2025-12-03,0
1402,2025-12-04,0
1402,2025-12-05,0
1402,2025-12-06,0
1402,2025-12-07,0
1402,2025-12-08,0
1402,2025-12-09,0
1402,2025-12-10,0
1402,2025-12-11,0
1402,2025-12-12,0
1402,2025-12-13,0
1402,2025-12-14,0
1402,2025-12-15,0
1402,2025-12-16,0
1402,2025-12-17,0
1402,2025-12-18,0
1402,2025-12-19,0
1402,2025-12-20,0
1402,2025-12-21,0
1460,2025-11-22,0
1460,2025-11-23,0
1460,2025-11-24,1
1460,2025-11-25,0
1460,2025-11-26,2
1460,2025-11-27,2
1460,2025-11-28,2
1460,2025-11-29,2
1460,2025-11-30,3
1460,2025-12-01,3
1460,2025-12-02,3
1460,2025-12-03,3
1460,2025-12-04,5
1460,2025-12-05,5
1460,2025-12-06,7
1460,2025-12-07,8
1460,2025-12-08,9
1460,2025-12-09,10
1460,2025-12-10,12
1460,2025-12-11,12
1460,2025-12-12,10
1460,2025-12-13,10
1460,2025-12-14,10
1460,2025-12-15,12
1460,2025-12-16,13
1460,2025-12-17,16
1460,2025-12-18,13
1460,2025-12-19,11
1460,2025-12-20,11
1460,2025-12-21,10
1494,2025-11-22,0
1494,2025-11-23,0
1494,2025-11-24,0
1494,2025-11-25,0
1494,2025-11-26,0
1494,2025-11-27,0
1494,2025-11-28,0
1494,2025-11-29,0
1494,2025-11-30,0
1494,2025-12-01,0
1494,2025-12-02,0
1494,2025-12-03,0
1494,2025-12-04,0
1494,2025-12-05,0
1494,2025-12-06,0
1494,2025-12-07,0
1494,2025-12-08,0
1494,2025-12-09,0
1494,2025-12-10,0
1494,2025-12-11,0
1494,2025-12-12,0
1494,2025-12-13,0
1494,2025-12-14,0
1494,2025-12-15,0
1494,2025-12-16,0
1494,2025-12-17,0
1494,2025-12-18,0
1494,2025-12-19,0
1494,2025-12-20,0
1494,2025-12-21,0
1496,2025-11-22,163
1496,2025-11-23,112
1496,2025-11-24,145
1496,2025-11-25,172
1496,2025-11-26,263
1496,2025-11-27,294
1496,2025-11-28,126
1496,2025-11-29,150
1496,2025-11-30,148
1496,2025-12-01,121
1496,2025-12-02,116
1496,2025-12-03,168
1496,2025-12-04,291
1496,2025-12-05,83
1496,2025-12-06,84
1496,2025-12-07,85
1496,2025-12-08,85
1496,2025-12-09,83
1496,2025-12-10,125
1496,2025-12-11,306
1496,2025-12-12,93
1496,2025-12-13,81
1496,2025-12-14,66
1496,2025-12-15,85
1496,2025-12-16,105
1496,2025-12-17,140
1496,2025-12-18,213
1496,2025-12-19,94
1496,2025-12-20,77
1496,2025-12-21,58
1524,2025-11-22,11
1524,2025-11-23,11
1524,2025-11-24,12
1524,2025-11-25,14
1524,2025-11-26,13
1524,2025-11-27,9
1524,2025-11-28,4
1524,2025-11-29,4
1524,2025-11-30,9
1524,2025-12-01,5
1524,2025-12-02,2
1524,2025-12-03,7
1524,2025-12-04,6
1524,2025-12-05,0
1524,2025-12-06,0
1524,2025-12-07,0
1524,2025-12-08,0
1524,2025-12-09,0
1524,2025-12-10,7
1524,2025-12-11,3
1524,2025-12-12,0
1524,2025-12-13,0
1524,2025-12-14,4
1524,2025-12-15,7
1524,2025-12-16,11
1524,2025-12-17,11
1524,2025-12-18,8
1524,2025-12-19,4
1524,2025-12-20,0
1524,2025-12-21,0
1553,2025-11-22,0
1553,2025-11-23,0
1553,2025-11-24,0
1553,2025-11-25,0
1553,2025-11-26,0
1553,2025-11-27,0
1553,2025-11-28,0
1553,2025-11-29,0
1553,2025-11-30,0
1553,2025-12-01,0
1553,2025-12-02,0
1553,2025-12-03,0
1553,2025-12-04,0
1553,2025-12-05,0
1553,2025-12-06,0
1553,2025-12-07,0
1553,2025-12-08,0
1553,2025-12-09,0
1553,2025-12-10,0
1553,2025-12-11,0
1553,2025-12-12,0
1553,2025-12-13,0
1553,2025-12-14,0
1553,2025-12-15,0
1553,2025-12-16,0
1553,2025-12-17,0
1553,2025-12-18,0
1553,2025-12-19,0
1553,2025-12-20,0
1553,2025-12-21,0
1572,2025-11-22,4
1572,2025-11-23,6
1572,2025-11-24,6
1572,2025-11-25,4
1572,2025-11-26,4
1572,2025-11-27,11
1572,2025-11-28,10
1572,2025-11-29,10
1572,2025-11-30,12
1572,2025-12-01,6
1572,2025-12-02,4
1572,2025-12-03,4
1572,2025-12-04,7
1572,2025-12-05,4
1572,2025-12-06,5
1572,2025-12-07,5
1572,2025-12-08,6
1572,2025-12-09,7
1572,2025-12-10,8
1572,2025-12-11,10
1572,2025-12-12,5
1572,2025-12-13,5
1572,2025-12-14,5
1572,2025-12-15,7
1572,2025-12-16,7
1572,2025-12-17,7
1572,2025-12-18,7
1572,2025-12-19,6
1572,2025-12-20,6
1572,2025-12-21,4
1629,2025-11-22,0
1629,2025-11-23,0
1629,2025-11-24,0
1629,2025-11-25,0
1629,2025-11-26,0
1629,2025-11-27,0
1629,2025-11-28,0
1629,2025-11-29,0
1629,2025-11-30,0
1629,2025-12-01,0
1629,2025-12-02,0
1629,2025-12-03,0
1629,2025-12-04,0
1629,2025-12-05,0
1629,2025-12-06,0
1629,2025-12-07,0
1629,2025-12-08,0
1629,2025-12-09,0
1629,2025-12-10,0
1629,2025-12-11,0
1629,2025-12-12,0
1629,2025-12-13,0
1629,2025-12-14,0
1629,2025-12-15,0
1629,2025-12-16,0
1629,2025-12-17,0
1629,2025-12-18,0
1629,2025-12-19,0
1629,2025-12-20,0
1629,2025-12-21,0
1638,2025-11-22,2915
1638,2025-11-23,2616
1638,2025-11-24,2118
1638,2025-11-25,2273
1638,2025-11-26,3421
1638,2025-11-27,4340
1638,2025-11-28,1522
1638,2025-11-29,1261
1638,2025-11-30,1363
1638,2025-12-01,1295
1638,2025-12-02,1307
1638,2025-12-03,2322
1638,2025-12-04,4444
1638,2025-12-05,1494
1638,2025-12-06,1428
1638,2025-12-07,1204
1638,2025-12-08,1250
1638,2025-12-09,1292
1638,2025-12-10,2045
1638,2025-12-11,3699
1638,2025-12-12,1560
1638,2025-12-13,1252
1638,2025-12-14,1215
1638,2025-12-15,1248
1638,2025-12-16,1404
1638,2025-12-17,2355
1638,2025-12-18,2917
1638,2025-12-19,909
1638,2025-12-20,1019
1638,2025-12-21,865
1668,2025-11-22,0
1668,2025-11-23,0
1668,2025-11-24,0
1668,2025-11-25,0
1668,2025-11-26,1
1668,2025-11-27,1
1668,2025-11-28,0
1668,2025-11-29,0
1668,2025-11-30,0
1668,2025-12-01,0
1668,2025-12-02,0
1668,2025-12-03,1
1668,2025-12-04,2
1668,2025-12-05,1
1668,2025-12-06,1
1668,2025-12-07,1
1668,2025-12-08,1
1668,2025-12-09,1
1668,2025-12-10,1
1668,2025-12-11,2
1668,2025-12-12,1
1668,2025-12-13,1
1668,2025-12-14,1
1668,2025-12-15,1
1668,2025-12-16,1
1668,2025-12-17,1
1668,2025-12-18,2
1668,2025-12-19,1
1668,2025-12-20,1
1668,2025-12-21,0
1675,2025-11-22,0
1675,2025-11-23,1
1675,2025-11-24,2
1675,2025-11-25,0
1675,2025-11-26,1
1675,2025-11-27,2
1675,2025-11-28,0
1675,2025-11-29,0
1675,2025-11-30,0
1675,2025-12-01,0
1675,2025-12-02,0
1675,2025-12-03,0
1675,2025-12-04,0
1675,2025-12-05,0
1675,2025-12-06,0
1675,2025-12-07,0
1675,2025-12-08,0
1675,2025-12-09,0
1675,2025-12-10,0
1675,2025-12-11,0
1675,2025-12-12,0
1675,2025-12-13,0
1675,2025-12-14,0
1675,2025-12-15,0
1675,2025-12-16,0
1675,2025-12-17,0
1675,2025-12-18,0
1675,2025-12-19,0
1675,2025-12-20,0
1675,2025-12-21,0
1751,2025-11-22,0
1751,2025-11-23,0
1751,2025-11-24,0
1751,2025-11-25,0
1751,2025-11-26,0
1751,2025-11-27,0
1751,2025-11-28,0
1751,2025-11-29,0
1751,2025-11-30,0
1751,2025-12-01,0
1751,2025-12-02,0
1751,2025-12-03,0
1751,2025-12-04,0
1751,2025-12-05,0
1751,2025-12-06,0
1751,2025-12-07,0
1751,2025-12-08,0
1751,2025-12-09,0
1751,2025-12-10,0
1751,2025-12-11,0
1751,2025-12-12,0
1751,2025-12-13,0
1751,2025-12-14,0
1751,2025-12-15,0
1751,2025-12-16,0
1751,2025-12-17,0
1751,2025-12-18,0
1751,2025-12-19,0
1751,2025-12-20,0
1751,2025-12-21,0
1782,2025-11-22,18
1782,2025-11-23,9
1782,2025-11-24,17
1782,2025-11-25,18
1782,2025-11-26,41
1782,2025-11-27,44
1782,2025-11-28,9
1782,2025-11-29,2
1782,2025-11-30,3
1782,2025-12-01,3
1782,2025-12-02,4
1782,2025-12-03,5
1782,2025-12-04,9
1782,2025-12-05,5
1782,2025-12-06,7
1782,2025-12-07,7
1782,2025-12-08,6
1782,2025-12-09,6
1782,2025-12-10,10
1782,2025-12-11,23
1782,2025-12-12,7
1782,2025-12-13,7
1782,2025-12-14,8
1782,2025-12-15,9
1782,2025-12-16,8
1782,2025-12-17,13
1782,2025-12-18,19
1782,2025-12-19,8
1782,2025-12-20,8
1782,2025-12-21,6
1859,2025-11-22,13
1859,2025-11-23,14
1859,2025-11-24,15
1859,2025-11-25,16
1859,2025-11-26,16
1859,2025-11-27,17
1859,2025-11-28,10
1859,2025-11-29,11
1859,2025-11-30,11
1859,2025-12-01,11
1859,2025-12-02,12
1859,2025-12-03,17
1859,2025-12-04,20
1859,2025-12-05,12
1859,2025-12-06,16
1859,2025-12-07,16
1859,2025-12-08,14
1859,2025-12-09,14
1859,2025-12-10,17
1859,2025-12-11,29
1859,2025-12-12,12
1859,2025-12-13,13
1859,2025-12-14,13
1859,2025-12-15,17
1859,2025-12-16,16
1859,2025-12-17,19
1859,2025-12-18,24
1859,2025-12-19,13
1859,2025-12-20,14
1859,2025-12-21,10
1895,2025-11-22,26
1895,2025-11-23,28
1895,2025-11-24,16
1895,2025-11-25,20
1895,2025-11-26,28
1895,2025-11-27,66
1895,2025-11-28,15
1895,2025-11-29,14
1895,2025-11-30,18
1895,2025-12-01,20
1895,2025-12-02,19
1895,2025-12-03,30
1895,2025-12-04,84
1895,2025-12-05,21
1895,2025-12-06,23
1895,2025-12-07,20
1895,2025-12-08,19
1895,2025-12-09,22
1895,2025-12-10,34
1895,2025-12-11,101
1895,2025-12-12,29
1895,2025-12-13,23
1895,2025-12-14,20
1895,2025-12-15,26
1895,2025-12-16,30
1895,2025-12-17,39
1895,2025-12-18,103
1895,2025-12-19,35
1895,2025-12-20,32
1895,2025-12-21,18
1916,2025-11-22,8
1916,2025-11-23,7
1916,2025-11-24,6
1916,2025-11-25,7
1916,2025-11-26,11
1916,2025-11-27,21
1916,2025-11-28,7
1916,2025-11-29,5
1916,2025-11-30,5
1916,2025-12-01,6
1916,2025-12-02,7
1916,2025-12-03,13
1916,2025-12-04,22
1916,2025-12-05,7
1916,2025-12-06,11
1916,2025-12-07,10
1916,2025-12-08,12
1916,2025-12-09,8
1916,2025-12-10,10
1916,2025-12-11,23
1916,2025-12-12,7
1916,2025-12-13,9
1916,2025-12-14,8
1916,2025-12-15,11
1916,2025-12-16,11
1916,2025-12-17,13
1916,2025-12-18,17
1916,2025-12-19,7
1916,2025-12-20,6
1916,2025-12-21,3
1931,2025-11-22,0
1931,2025-11-23,0
1931,2025-11-24,0
1931,2025-11-25,0
1931,2025-11-26,0
1931,2025-11-27,0
1931,2025-11-28,0
1931,2025-11-29,0
1931,2025-11-30,0
1931,2025-12-01,0
1931,2025-12-02,0
1931,2025-12-03,0
1931,2025-12-04,0
1931,2025-12-05,0
1931,2025-12-06,0
1931,2025-12-07,0
1931,2025-12-08,0
1931,2025-12-09,0
1931,2025-12-10,0
1931,2025-12-11,0
1931,2025-12-12,0
1931,2025-12-13,0
1931,2025-12-14,0
1931,2025-12-15,0
1931,2025-12-16,0
1931,2025-12-17,0
1931,2025-12-18,0
1931,2025-12-19,0
1931,2025-12-20,0
1931,2025-12-21,0
1960,2025-11-22,6
1960,2025-11-23,13
1960,2025-11-24,7
1960,2025-11-25,8
1960,2025-11-26,12
1960,2025-11-27,22
1960,2025-11-28,5
1960,2025-11-29,7
1960,2025-11-30,7
1960,2025-12-01,7
1960,2025-12-02,8
1960,2025-12-03,12
1960,2025-12-04,20
1960,2025-12-05,8
1960,2025-12-06,9
1960,2025-12-07,7
1960,2025-12-08,7
1960,2025-12-09,7
1960,2025-12-10,11
1960,2025-12-11,18
1960,2025-12-12,7
1960,2025-12-13,7
1960,2025-12-14,7
1960,2025-12-15,7
1960,2025-12-16,8
1960,2025-12-17,14
1960,2025-12-18,14
1960,2025-12-19,8
1960,2025-12-20,7
1960,2025-12-21,6
1986,2025-11-22,6
1986,2025-11-23,20
1986,2025-11-24,14
1986,2025-11-25,11
1986,2025-11-26,13
1986,2025-11-27,15
1986,2025-11-28,4
1986,2025-11-29,4
1986,2025-11-30,5
1986,2025-12-01,5
1986,2025-12-02,8
1986,2025-12-03,8
1986,2025-12-04,12
1986,2025-12-05,5
1986,2025-12-06,9
1986,2025-12-07,8
1986,2025-12-08,8
1986,2025-12-09,8
1986,2025-12-10,12
1986,2025-12-11,16
1986,2025-12-12,7
1986,2025-12-13,8
1986,2025-12-14,8
1986,2025-12-15,9
1986,2025-12-16,10
1986,2025-12-17,15
1986,2025-12-18,15
1986,2025-12-19,10
1986,2025-12-20,9
1986,2025-12-21,6
1996,2025-11-22,1
1996,2025-11-23,2
1996,2025-11-24,3
1996,2025-11-25,1
1996,2025-11-26,2
1996,2025-11-27,3
1996,2025-11-28,2
1996,2025-11-29,1
1996,2025-11-30,1
1996,2025-12-01,1
1996,2025-12-02,1
1996,2025-12-03,2
1996,2025-12-04,5
1996,2025-12-05,2
1996,2025-12-06,2
1996,2025-12-07,2
1996,2025-12-08,2
1996,2025-12-09,2
1996,2025-12-10,2
1996,2025-12-11,4
1996,2025-12-12,2
1996,2025-12-13,2
1996,2025-12-14,2
1996,2025-12-15,2
1996,2025-12-16,2
1996,2025-12-17,2
1996,2025-12-18,3
1996,2025-12-19,2
1996,2025-12-20,2
1996,2025-12-21,2
2028,2025-11-22,33
2028,2025-11-23,52
2028,2025-11-24,42
2028,2025-11-25,67
2028,2025-11-26,88
2028,2025-11-27,77
2028,2025-11-28,24
2028,2025-11-29,23
2028,2025-11-30,24
2028,2025-12-01,24
2028,2025-12-02,26
2028,2025-12-03,54
2028,2025-12-04,82
2028,2025-12-05,23
2028,2025-12-06,26
2028,2025-12-07,22
2028,2025-12-08,21
2028,2025-12-09,22
2028,2025-12-10,29
2028,2025-12-11,87
2028,2025-12-12,22
2028,2025-12-13,20
2028,2025-12-14,20
2028,2025-12-15,24
2028,2025-12-16,31
2028,2025-12-17,29
2028,2025-12-18,72
2028,2025-12-19,30
2028,2025-12-20,24
2028,2025-12-21,17
2099,2025-11-22,25702
2099,2025-11-23,25214
2099,2025-11-24,25999
2099,2025-11-25,27904
2099,2025-11-26,28733
2099,2025-11-27,26438
2099,2025-11-28,15454
2099,2025-11-29,16998
2099,2025-11-30,16230
2099,2025-12-01,18966
2099,2025-12-02,26386
2099,2025-12-03,38138
2099,2025-12-04,39531
2099,2025-12-05,33664
2099,2025-12-06,26110
2099,2025-12-07,21979
2099,2025-12-08,21212
2099,2025-12-09,21096
2099,2025-12-10,21939
2099,2025-12-11,22809
2099,2025-12-12,18800
2099,2025-12-13,20757
2099,2025-12-14,18456
2099,2025-12-15,21558
2099,2025-12-16,24288
2099,2025-12-17,25824
2099,2025-12-18,27908
2099,2025-12-19,23298
2099,2025-12-20,20932
2099,2025-12-21,14074
2101,2025-11-22,1586
2101,2025-11-23,1432
2101,2025-11-24,1139
2101,2025-11-25,1151
2101,2025-11-26,1740
2101,2025-11-27,2229
2101,2025-11-28,677
2101,2025-11-29,683
2101,2025-11-30,750
2101,2025-12-01,601
2101,2025-12-02,586
2101,2025-12-03,1151
2101,2025-12-04,1908
2101,2025-12-05,912
2101,2025-12-06,922
2101,2025-12-07,784
2101,2025-12-08,725
2101,2025-12-09,758
2101,2025-12-10,1134
2101,2025-12-11,2115
2101,2025-12-12,728
2101,2025-12-13,712
2101,2025-12-14,515
2101,2025-12-15,594
2101,2025-12-16,847
2101,2025-12-17,1326
2101,2025-12-18,1778
2101,2025-12-19,768
2101,2025-12-20,686
2101,2025-12-21,463
2108,2025-11-22,0
2108,2025-11-23,0
2108,2025-11-24,0
2108,2025-11-25,0
2108,2025-11-26,0
2108,2025-11-27,0
2108,2025-11-28,0
2108,2025-11-29,0
2108,2025-11-30,0
2108,2025-12-01,0
2108,2025-12-02,0
2108,2025-12-03,0
2108,2025-12-04,0
2108,2025-12-05,0
2108,2025-12-06,0
2108,2025-12-07,0
2108,2025-12-08,0
2108,2025-12-09,0
2108,2025-12-10,0
2108,2025-12-11,0
2108,2025-12-12,0
2108,2025-12-13,0
2108,2025-12-14,0
2108,2025-12-15,0
2108,2025-12-16,0
2108,2025-12-17,0
2108,2025-12-18,0
2108,2025-12-19,0
2108,2025-12-20,0
2108,2025-12-21,0
2126,2025-11-22,0
2126,2025-11-23,0
2126,2025-11-24,0
2126,2025-11-25,0
2126,2025-11-26,0
2126,2025-11-27,0
2126,2025-11-28,0
2126,2025-11-29,0
2126,2025-11-30,0
2126,2025-12-01,0
2126,2025-12-02,0
2126,2025-12-03,0
2126,2025-12-04,0
2126,2025-12-05,0
2126,2025-12-06,0
2126,2025-12-07,0
2126,2025-12-08,0
2126,2025-12-09,0
2126,2025-12-10,0
2126,2025-12-11,0
2126,2025-12-12,0
2126,2025-12-13,0
2126,2025-12-14,0
2126,2025-12-15,0
2126,2025-12-16,0
2126,2025-12-17,0
2126,2025-12-18,0
2126,2025-12-19,0
2126,2025-12-20,0
2126,2025-12-21,0
2136,2025-11-22,0
2136,2025-11-23,0
2136,2025-11-24,0
2136,2025-11-25,0
2136,2025-11-26,0
2136,2025-11-27,0
2136,2025-11-28,0
2136,2025-11-29,0
2136,2025-11-30,0
2136,2025-12-01,0
2136,2025-12-02,0
2136,2025-12-03,0
2136,2025-12-04,0
2136,2025-12-05,0
2136,2025-12-06,0
2136,2025-12-07,0
2136,2025-12-08,0
2136,2025-12-09,0
2136,2025-12-10,0
2136,2025-12-11,0
2136,2025-12-12,0
2136,2025-12-13,0
2136,2025-12-14,0
2136,2025-12-15,0
2136,2025-12-16,0
2136,2025-12-17,0
2136,2025-12-18,0
2136,2025-12-19,0
2136,2025-12-20,0
2136,2025-12-21,0
2154,2025-11-22,2
2154,2025-11-23,3
2154,2025-11-24,6
2154,2025-11-25,4
2154,2025-11-26,8
2154,2025-11-27,4
2154,2025-11-28,2
2154,2025-11-29,2
2154,2025-11-30,1
2154,2025-12-01,1
2154,2025-12-02,3
2154,2025-12-03,2
2154,2025-12-04,4
2154,2025-12-05,1
2154,2025-12-06,2
2154,2025-12-07,4
2154,2025-12-08,2
2154,2025-12-09,2
2154,2025-12-10,3
2154,2025-12-11,6
2154,2025-12-12,2
2154,2025-12-13,2
2154,2025-12-14,2
2154,2025-12-15,3
2154,2025-12-16,3
2154,2025-12-17,3
2154,2025-12-18,5
2154,2025-12-19,3
2154,2025-12-20,3
2154,2025-12-21,1
2168,2025-11-22,3
2168,2025-11-23,6
2168,2025-11-24,3
2168,2025-11-25,3
2168,2025-11-26,3
2168,2025-11-27,2
2168,2025-11-28,0
2168,2025-11-29,1
2168,2025-11-30,1
2168,2025-12-01,1
2168,2025-12-02,0
2168,2025-12-03,1
2168,2025-12-04,1
2168,2025-12-05,0
2168,2025-12-06,2
2168,2025-12-07,1
2168,2025-12-08,1
2168,2025-12-09,1
2168,2025-12-10,1
2168,2025-12-11,2
2168,2025-12-12,1
2168,2025-12-13,1
2168,2025-12-14,1
2168,2025-12-15,3
2168,2025-12-16,2
2168,2025-12-17,2
2168,2025-12-18,2
2168,2025-12-19,2
2168,2025-12-20,2
2168,2025-12-21,1
2195,2025-11-22,738
2195,2025-11-23,776
2195,2025-11-24,663
2195,2025-11-25,630
2195,2025-11-26,1036
2195,2025-11-27,1376
2195,2025-11-28,486
2195,2025-11-29,435
2195,2025-11-30,422
2195,2025-12-01,423
2195,2025-12-02,459
2195,2025-12-03,727
2195,2025-12-04,1207
2195,2025-12-05,525
2195,2025-12-06,482
2195,2025-12-07,457
2195,2025-12-08,536
2195,2025-12-09,468
2195,2025-12-10,697
2195,2025-12-11,1347
2195,2025-12-12,503
2195,2025-12-13,415
2195,2025-12-14,385
2195,2025-12-15,430
2195,2025-12-16,506
2195,2025-12-17,740
2195,2025-12-18,973
2195,2025-12-19,481
2195,2025-12-20,426
2195,2025-12-21,331
2302,2025-11-22,0
2302,2025-11-23,0
2302,2025-11-24,0
2302,2025-11-25,0
2302,2025-11-26,0
2302,2025-11-27,0
2302,2025-11-28,0
2302,2025-11-29,0
2302,2025-11-30,0
2302,2025-12-01,0
2302,2025-12-02,0
2302,2025-12-03,0
2302,2025-12-04,0
2302,2025-12-05,0
2302,2025-12-06,0
2302,2025-12-07,0
2302,2025-12-08,0
2302,2025-12-09,0
2302,2025-12-10,0
2302,2025-12-11,0
2302,2025-12-12,0
2302,2025-12-13,0
2302,2025-12-14,0
2302,2025-12-15,0
2302,2025-12-16,0
2302,2025-12-17,0
2302,2025-12-18,0
2302,2025-12-19,0
2302,2025-12-20,0
2302,2025-12-21,0
2335,2025-11-22,0
2335,2025-11-23,0
2335,2025-11-24,0
2335,2025-11-25,0
2335,2025-11-26,0
2335,2025-11-27,0
2335,2025-11-28,0
2335,2025-11-29,0
2335,2025-11-30,0
2335,2025-12-01,0
2335,2025-12-02,0
2335,2025-12-03,0
2335,2025-12-04,0
2335,2025-12-05,0
2335,2025-12-06,0
2335,2025-12-07,0
2335,2025-12-08,0
2335,2025-12-09,0
2335,2025-12-10,0
2335,2025-12-11,0
2335,2025-12-12,0
2335,2025-12-13,0
2335,2025-12-14,0
2335,2025-12-15,0
2335,2025-12-16,0
2335,2025-12-17,0
2335,2025-12-18,0
2335,2025-12-19,0
2335,2025-12-20,0
2335,2025-12-21,0
2337,2025-11-22,93
2337,2025-11-23,97
2337,2025-11-24,101
2337,2025-11-25,94
2337,2025-11-26,103
2337,2025-11-27,94
2337,2025-11-28,32
2337,2025-11-29,26
2337,2025-11-30,17
2337,2025-12-01,17
2337,2025-12-02,26
2337,2025-12-03,24
2337,2025-12-04,31
2337,2025-12-05,19
2337,2025-12-06,20
2337,2025-12-07,25
2337,2025-12-08,20
2337,2025-12-09,34
2337,2025-12-10,66
2337,2025-12-11,59
2337,2025-12-12,34
2337,2025-12-13,61
2337,2025-12-14,73
2337,2025-12-15,67
2337,2025-12-16,63
2337,2025-12-17,43
2337,2025-12-18,59
2337,2025-12-19,45
2337,2025-12-20,41
2337,2025-12-21,24
2363,2025-11-22,7
2363,2025-11-23,14
2363,2025-11-24,8
2363,2025-11-25,15
2363,2025-11-26,14
2363,2025-11-27,28
2363,2025-11-28,6
2363,2025-11-29,10
2363,2025-11-30,10
2363,2025-12-01,10
2363,2025-12-02,12
2363,2025-12-03,18
2363,2025-12-04,50
2363,2025-12-05,9
2363,2025-12-06,8
2363,2025-12-07,5
2363,2025-12-08,5
2363,2025-12-09,5
2363,2025-12-10,9
2363,2025-12-11,34
2363,2025-12-12,5
2363,2025-12-13,5
2363,2025-12-14,4
2363,2025-12-15,5
2363,2025-12-16,6
2363,2025-12-17,11
2363,2025-12-18,33
2363,2025-12-19,7
2363,2025-12-20,5
2363,2025-12-21,4
2406,2025-11-22,5
2406,2025-11-23,4
2406,2025-11-24,4
2406,2025-11-25,5
2406,2025-11-26,5
2406,2025-11-27,6
2406,2025-11-28,5
2406,2025-11-29,5
2406,2025-11-30,5
2406,2025-12-01,4
2406,2025-12-02,4
2406,2025-12-03,4
2406,2025-12-04,5
2406,2025-12-05,5
2406,2025-12-06,4
2406,2025-12-07,4
2406,2025-12-08,4
2406,2025-12-09,4
2406,2025-12-10,5
2406,2025-12-11,5
2406,2025-12-12,4
2406,2025-12-13,4
2406,2025-12-14,4
2406,2025-12-15,5
2406,2025-12-16,5
2406,2025-12-17,5
2406,2025-12-18,5
2406,2025-12-19,5
2406,2025-12-20,5
2406,2025-12-21,4
2423,2025-11-22,24
2423,2025-11-23,23
2423,2025-11-24,15
2423,2025-11-25,12
2423,2025-11-26,17
2423,2025-11-27,17
2423,2025-11-28,12
2423,2025-11-29,12
2423,2025-11-30,15
2423,2025-12-01,14
2423,2025-12-02,15
2423,2025-12-03,16
2423,2025-12-04,22
2423,2025-12-05,18
2423,2025-12-06,20
2423,2025-12-07,19
2423,2025-12-08,20
2423,2025-12-09,19
2423,2025-12-10,19
2423,2025-12-11,19
2423,2025-12-12,17
2423,2025-12-13,18
2423,2025-12-14,17
2423,2025-12-15,18
2423,2025-12-16,18
2423,2025-12-17,21
2423,2025-12-18,21
2423,2025-12-19,16
2423,2025-12-20,18
2423,2025-12-21,18
2424,2025-11-22,0
2424,2025-11-23,0
2424,2025-11-24,0
2424,2025-11-25,0
2424,2025-11-26,0
2424,2025-11-27,0
2424,2025-11-28,0
2424,2025-11-29,0
2424,2025-11-30,0
2424,2025-12-01,0
2424,2025-12-02,0
2424,2025-12-03,0
2424,2025-12-04,0
2424,2025-12-05,0
2424,2025-12-06,0
2424,2025-12-07,0
2424,2025-12-08,0
2424,2025-12-09,0
2424,2025-12-10,0
2424,2025-12-11,0
2424,2025-12-12,0
2424,2025-12-13,0
2424,2025-12-14,0
2424,2025-12-15,0
2424,2025-12-16,0
2424,2025-12-17,0
2424,2025-12-18,0
2424,2025-12-19,0
2424,2025-12-20,0
2424,2025-12-21,0
2451,2025-11-22,0
2451,2025-11-23,0
2451,2025-11-24,0
2451,2025-11-25,0
2451,2025-11-26,0
2451,2025-11-27,0
2451,2025-11-28,0
2451,2025-11-29,0
2451,2025-11-30,0
2451,2025-12-01,0
2451,2025-12-02,0
2451,2025-12-03,0
2451,2025-12-04,0
2451,2025-12-05,0
2451,2025-12-06,0
2451,2025-12-07,0
2451,2025-12-08,0
2451,2025-12-09,0
2451,2025-12-10,0
2451,2025-12-11,0
2451,2025-12-12,0
2451,2025-12-13,0
2451,2025-12-14,0
2451,2025-12-15,0
2451,2025-12-16,0
2451,2025-12-17,0
2451,2025-12-18,0
2451,2025-12-19,0
2451,2025-12-20,0
2451,2025-12-21,0
2483,2025-11-22,1433
2483,2025-11-23,1417
2483,2025-11-24,1644
2483,2025-11-25,1764
2483,2025-11-26,1824
2483,2025-11-27,1426
2483,2025-11-28,638
2483,2025-11-29,747
2483,2025-11-30,807
2483,2025-12-01,846
2483,2025-12-02,892
2483,2025-12-03,1077
2483,2025-12-04,1070
2483,2025-12-05,796
2483,2025-12-06,851
2483,2025-12-07,821
2483,2025-12-08,855
2483,2025-12-09,956
2483,2025-12-10,968
2483,2025-12-11,828
2483,2025-12-12,566
2483,2025-12-13,715
2483,2025-12-14,846
2483,2025-12-15,1025
2483,2025-12-16,1141
2483,2025-12-17,1076
2483,2025-12-18,861
2483,2025-12-19,678
2483,2025-12-20,693
2483,2025-12-21,498
2575,2025-11-22,0
2575,2025-11-23,0
2575,2025-11-24,0
2575,2025-11-25,0
2575,2025-11-26,0
2575,2025-11-27,0
2575,2025-11-28,0
2575,2025-11-29,0
2575,2025-11-30,0
2575,2025-12-01,0
2575,2025-12-02,0
2575,2025-12-03,0
2575,2025-12-04,0
2575,2025-12-05,0
2575,2025-12-06,0
2575,2025-12-07,0
2575,2025-12-08,0
2575,2025-12-09,0
2575,2025-12-10,0
2575,2025-12-11,0
2575,2025-12-12,0
2575,2025-12-13,0
2575,2025-12-14,0
2575,2025-12-15,0
2575,2025-12-16,0
2575,2025-12-17,0
2575,2025-12-18,0
2575,2025-12-19,0
2575,2025-12-20,0
2575,2025-12-21,0
2587,2025-11-22,499
2587,2025-11-23,434
2587,2025-11-24,348
2587,2025-11-25,317
2587,2025-11-26,444
2587,2025-11-27,572
2587,2025-11-28,187
2587,2025-11-29,199
2587,2025-11-30,200
2587,2025-12-01,212
2587,2025-12-02,251
2587,2025-12-03,354
2587,2025-12-04,811
2587,2025-12-05,297
2587,2025-12-06,283
2587,2025-12-07,225
2587,2025-12-08,211
2587,2025-12-09,235
2587,2025-12-10,332
2587,2025-12-11,651
2587,2025-12-12,258
2587,2025-12-13,202
2587,2025-12-14,208
2587,2025-12-15,222
2587,2025-12-16,255
2587,2025-12-17,376
2587,2025-12-18,502
2587,2025-12-19,251
2587,2025-12-20,184
2587,2025-12-21,150
2642,2025-11-22,619
2642,2025-11-23,629
2642,2025-11-24,897
2642,2025-11-25,1018
2642,2025-11-26,1142
2642,2025-11-27,921
2642,2025-11-28,275
2642,2025-11-29,322
2642,2025-11-30,346
2642,2025-12-01,399
2642,2025-12-02,438
2642,2025-12-03,526
2642,2025-12-04,565
2642,2025-12-05,283
2642,2025-12-06,333
2642,2025-12-07,274
2642,2025-12-08,283
2642,2025-12-09,343
2642,2025-12-10,433
2642,2025-12-11,609
2642,2025-12-12,297
2642,2025-12-13,278
2642,2025-12-14,290
2642,2025-12-15,382
2642,2025-12-16,482
2642,2025-12-17,418
2642,2025-12-18,403
2642,2025-12-19,265
2642,2025-12-20,343
2642,2025-12-21,114
2668,2025-11-22,0
2668,2025-11-23,0
2668,2025-11-24,0
2668,2025-11-25,0
2668,2025-11-26,0
2668,2025-11-27,0
2668,2025-11-28,0
2668,2025-11-29,0
2668,2025-11-30,2
2668,2025-12-01,0
2668,2025-12-02,0
2668,2025-12-03,0
2668,2025-12-04,0
2668,2025-12-05,0
2668,2025-12-06,0
2668,2025-12-07,0
2668,2025-12-08,0
2668,2025-12-09,0
2668,2025-12-10,0
2668,2025-12-11,0
2668,2025-12-12,0
2668,2025-12-13,0
2668,2025-12-14,0
2668,2025-12-15,0
2668,2025-12-16,0
2668,2025-12-17,0
2668,2025-12-18,0
2668,2025-12-19,0
2668,2025-12-20,0
2668,2025-12-21,0
2670,2025-11-22,13
2670,2025-11-23,13
2670,2025-11-24,4
2670,2025-11-25,3
2670,2025-11-26,13
2670,2025-11-27,36
2670,2025-11-28,8
2670,2025-11-29,4
2670,2025-11-30,15
2670,2025-12-01,15
2670,2025-12-02,19
2670,2025-12-03,17
2670,2025-12-04,68
2670,2025-12-05,7
2670,2025-12-06,6
2670,2025-12-07,8
2670,2025-12-08,7
2670,2025-12-09,6
2670,2025-12-10,10
2670,2025-12-11,47
2670,2025-12-12,8
2670,2025-12-13,7
2670,2025-12-14,6
2670,2025-12-15,8
2670,2025-12-16,8
2670,2025-12-17,13
2670,2025-12-18,45
2670,2025-12-19,11
2670,2025-12-20,8
2670,2025-12-21,6
2692,2025-11-22,597
2692,2025-11-23,596
2692,2025-11-24,538
2692,2025-11-25,464
2692,2025-11-26,832
2692,2025-11-27,1128
2692,2025-11-28,387
2692,2025-11-29,380
2692,2025-11-30,368
2692,2025-12-01,326
2692,2025-12-02,495
2692,2025-12-03,724
2692,2025-12-04,1322
2692,2025-12-05,372
2692,2025-12-06,267
2692,2025-12-07,251
2692,2025-12-08,247
2692,2025-12-09,255
2692,2025-12-10,511
2692,2025-12-11,977
2692,2025-12-12,286
2692,2025-12-13,293
2692,2025-12-14,283
2692,2025-12-15,313
2692,2025-12-16,311
2692,2025-12-17,571
2692,2025-12-18,837
2692,2025-12-19,399
2692,2025-12-20,370
2692,2025-12-21,246
2728,2025-11-22,208
2728,2025-11-23,176
2728,2025-11-24,197
2728,2025-11-25,193
2728,2025-11-26,211
2728,2025-11-27,175
2728,2025-11-28,69
2728,2025-11-29,109
2728,2025-11-30,102
2728,2025-12-01,105
2728,2025-12-02,120
2728,2025-12-03,99
2728,2025-12-04,82
2728,2025-12-05,42
2728,2025-12-06,107
2728,2025-12-07,121
2728,2025-12-08,153
2728,2025-12-09,178
2728,2025-12-10,139
2728,2025-12-11,97
2728,2025-12-12,75
2728,2025-12-13,88
2728,2025-12-14,74
2728,2025-12-15,94
2728,2025-12-16,124
2728,2025-12-17,122
2728,2025-12-18,171
2728,2025-12-19,134
2728,2025-12-20,89
2728,2025-12-21,22
2730,2025-11-22,1
2730,2025-11-23,1
2730,2025-11-24,3
2730,2025-11-25,2
2730,2025-11-26,3
2730,2025-11-27,4
2730,2025-11-28,2
2730,2025-11-29,2
2730,2025-11-30,2
2730,2025-12-01,3
2730,2025-12-02,4
2730,2025-12-03,3
2730,2025-12-04,5
2730,2025-12-05,0
2730,2025-12-06,0
2730,2025-12-07,0
2730,2025-12-08,4
2730,2025-12-09,0
2730,2025-12-10,0
2730,2025-12-11,0
2730,2025-12-12,0
2730,2025-12-13,0
2730,2025-12-14,0
2730,2025-12-15,0
2730,2025-12-16,0
2730,2025-12-17,0
2730,2025-12-18,0
2730,2025-12-19,0
2730,2025-12-20,0
2730,2025-12-21,0
2751,2025-11-22,21
2751,2025-11-23,18
2751,2025-11-24,16
2751,2025-11-25,23
2751,2025-11-26,28
2751,2025-11-27,32
2751,2025-11-28,12
2751,2025-11-29,11
2751,2025-11-30,12
2751,2025-12-01,13
2751,2025-12-02,14
2751,2025-12-03,25
2751,2025-12-04,49
2751,2025-12-05,16
2751,2025-12-06,15
2751,2025-12-07,15
2751,2025-12-08,12
2751,2025-12-09,14
2751,2025-12-10,18
2751,2025-12-11,38
2751,2025-12-12,16
2751,2025-12-13,15
2751,2025-12-14,14
2751,2025-12-15,15
2751,2025-12-16,15
2751,2025-12-17,20
2751,2025-12-18,34
2751,2025-12-19,15
2751,2025-12-20,14
2751,2025-12-21,10
2778,2025-11-22,3955
2778,2025-11-23,3356
2778,2025-11-24,3346
2778,2025-11-25,3700
2778,2025-11-26,5129
2778,2025-11-27,5243
2778,2025-11-28,2053
2778,2025-11-29,2074
2778,2025-11-30,2085
2778,2025-12-01,2018
2778,2025-12-02,2260
2778,2025-12-03,3365
2778,2025-12-04,5443
2778,2025-12-05,2369
2778,2025-12-06,1911
2778,2025-12-07,1839
2778,2025-12-08,1841
2778,2025-12-09,1985
2778,2025-12-10,3328
2778,2025-12-11,5328
2778,2025-12-12,2309
2778,2025-12-13,1665
2778,2025-12-14,1430
2778,2025-12-15,1641
2778,2025-12-16,2054
2778,2025-12-17,3138
2778,2025-12-18,3994
2778,2025-12-19,1801
2778,2025-12-20,1380
2778,2025-12-21,1044
2852,2025-11-22,28
2852,2025-11-23,23
2852,2025-11-24,22
2852,2025-11-25,17
2852,2025-11-26,11
2852,2025-11-27,25
2852,2025-11-28,7
2852,2025-11-29,23
2852,2025-11-30,18
2852,2025-12-01,17
2852,2025-12-02,7
2852,2025-12-03,10
2852,2025-12-04,20
2852,2025-12-05,7
2852,2025-12-06,11
2852,2025-12-07,8
2852,2025-12-08,8
2852,2025-12-09,8
2852,2025-12-10,17
2852,2025-12-11,25
2852,2025-12-12,7
2852,2025-12-13,7
2852,2025-12-14,7
2852,2025-12-15,8
2852,2025-12-16,10
2852,2025-12-17,18
2852,2025-12-18,21
2852,2025-12-19,10
2852,2025-12-20,8
2852,2025-12-21,4
2854,2025-11-22,16
2854,2025-11-23,14
2854,2025-11-24,8
2854,2025-11-25,13
2854,2025-11-26,18
2854,2025-11-27,17
2854,2025-11-28,6
2854,2025-11-29,6
2854,2025-11-30,8
2854,2025-12-01,6
2854,2025-12-02,3
2854,2025-12-03,6
2854,2025-12-04,13
2854,2025-12-05,4
2854,2025-12-06,4
2854,2025-12-07,4
2854,2025-12-08,3
2854,2025-12-09,4
2854,2025-12-10,6
2854,2025-12-11,14
2854,2025-12-12,6
2854,2025-12-13,6
2854,2025-12-14,3
2854,2025-12-15,3
2854,2025-12-16,4
2854,2025-12-17,6
2854,2025-12-18,10
2854,2025-12-19,3
2854,2025-12-20,3
2854,2025-12-21,2
2894,2025-11-22,0
2894,2025-11-23,0
2894,2025-11-24,0
2894,2025-11-25,0
2894,2025-11-26,0
2894,2025-11-27,0
2894,2025-11-28,0
2894,2025-11-29,0
2894,2025-11-30,0
2894,2025-12-01,0
2894,2025-12-02,0
2894,2025-12-03,0
2894,2025-12-04,0
2894,2025-12-05,0
2894,2025-12-06,0
2894,2025-12-07,0
2894,2025-12-08,0
2894,2025-12-09,0
2894,2025-12-10,0
2894,2025-12-11,0
2894,2025-12-12,0
2894,2025-12-13,0
2894,2025-12-14,0
2894,2025-12-15,0
2894,2025-12-16,0
2894,2025-12-17,0
2894,2025-12-18,0
2894,2025-12-19,0
2894,2025-12-20,0
2894,2025-12-21,0
2908,2025-11-22,0
2908,2025-11-23,0
2908,2025-11-24,0
2908,2025-11-25,0
2908,2025-11-26,0
2908,2025-11-27,0
2908,2025-11-28,0
2908,2025-11-29,0
2908,2025-11-30,0
2908,2025-12-01,0
2908,2025-12-02,0
2908,2025-12-03,0
2908,2025-12-04,0
2908,2025-12-05,0
2908,2025-12-06,0
2908,2025-12-07,0
2908,2025-12-08,0
2908,2025-12-09,0
2908,2025-12-10,0
2908,2025-12-11,0
2908,2025-12-12,0
2908,2025-12-13,0
2908,2025-12-14,0
2908,2025-12-15,0
2908,2025-12-16,0
2908,2025-12-17,0
2908,2025-12-18,0
2908,2025-12-19,0
2908,2025-12-20,0
2908,2025-12-21,0
2949,2025-11-22,2456
2949,2025-11-23,3634
2949,2025-11-24,2941
2949,2025-11-25,2118
2949,2025-11-26,2793
2949,2025-11-27,9792
2949,2025-11-28,2530
2949,2025-11-29,1621
2949,2025-11-30,1468
2949,2025-12-01,2070
2949,2025-12-02,2310
2949,2025-12-03,2400
2949,2025-12-04,9097
2949,2025-12-05,3951
2949,2025-12-06,2040
2949,2025-12-07,1704
2949,2025-12-08,1878
2949,2025-12-09,2039
2949,2025-12-10,2456
2949,2025-12-11,10385
2949,2025-12-12,3238
2949,2025-12-13,2264
2949,2025-12-14,1734
2949,2025-12-15,1985
2949,2025-12-16,2342
2949,2025-12-17,2950
2949,2025-12-18,11724
2949,2025-12-19,3661
2949,2025-12-20,2186
2949,2025-12-21,4038
2951,2025-11-22,0
2951,2025-11-23,0
2951,2025-11-24,0
2951,2025-11-25,0
2951,2025-11-26,0
2951,2025-11-27,0
2951,2025-11-28,0
2951,2025-11-29,0
2951,2025-11-30,0
2951,2025-12-01,0
2951,2025-12-02,0
2951,2025-12-03,0
2951,2025-12-04,0
2951,2025-12-05,0
2951,2025-12-06,0
2951,2025-12-07,0
2951,2025-12-08,0
2951,2025-12-09,0
2951,2025-12-10,0
2951,2025-12-11,0
2951,2025-12-12,0
2951,2025-12-13,0
2951,2025-12-14,0
2951,2025-12-15,0
2951,2025-12-16,0
2951,2025-12-17,0
2951,2025-12-18,0
2951,2025-12-19,0
2951,2025-12-20,0
2951,2025-12-21,0
2969,2025-11-22,90
2969,2025-11-23,121
2969,2025-11-24,107
2969,2025-11-25,90
2969,2025-11-26,143
2969,2025-11-27,304
2969,2025-11-28,124
2969,2025-11-29,103
2969,2025-11-30,92
2969,2025-12-01,110
2969,2025-12-02,118
2969,2025-12-03,104
2969,2025-12-04,220
2969,2025-12-05,134
2969,2025-12-06,86
2969,2025-12-07,91
2969,2025-12-08,88
2969,2025-12-09,91
2969,2025-12-10,116
2969,2025-12-11,247
2969,2025-12-12,120
2969,2025-12-13,98
2969,2025-12-14,95
2969,2025-12-15,110
2969,2025-12-16,124
2969,2025-12-17,149
2969,2025-12-18,303
2969,2025-12-19,134
2969,2025-12-20,115
2969,2025-12-21,101
2992,2025-11-22,0
2992,2025-11-23,1
2992,2025-11-24,0
2992,2025-11-25,0
2992,2025-11-26,0
2992,2025-11-27,0
2992,2025-11-28,0
2992,2025-11-29,0
2992,2025-11-30,0
2992,2025-12-01,0
2992,2025-12-02,0
2992,2025-12-03,0
2992,2025-12-04,0
2992,2025-12-05,0
2992,2025-12-06,0
2992,2025-12-07,0
2992,2025-12-08,0
2992,2025-12-09,0
2992,2025-12-10,0
2992,2025-12-11,0
2992,2025-12-12,0
2992,2025-12-13,0
2992,2025-12-14,0
2992,2025-12-15,0
2992,2025-12-16,0
2992,2025-12-17,0
2992,2025-12-18,0
2992,2025-12-19,0
2992,2025-12-20,0
2992,2025-12-21,0
3042,2025-11-22,63
3042,2025-11-23,62
3042,2025-11-24,31
3042,2025-11-25,28
3042,2025-11-26,43
3042,2025-11-27,131
3042,2025-11-28,28
3042,2025-11-29,26
3042,2025-11-30,28
3042,2025-12-01,26
3042,2025-12-02,38
3042,2025-12-03,46
3042,2025-12-04,105
3042,2025-12-05,31
3042,2025-12-06,34
3042,2025-12-07,37
3042,2025-12-08,38
3042,2025-12-09,39
3042,2025-12-10,71
3042,2025-12-11,129
3042,2025-12-12,36
3042,2025-12-13,39
3042,2025-12-14,36
3042,2025-12-15,43
3042,2025-12-16,49
3042,2025-12-17,76
3042,2025-12-18,151
3042,2025-12-19,48
3042,2025-12-20,46
3042,2025-12-21,29
3109,2025-11-22,0
3109,2025-11-23,0
3109,2025-11-24,0
3109,2025-11-25,0
3109,2025-11-26,0
3109,2025-11-27,0
3109,2025-11-28,0
3109,2025-11-29,0
3109,2025-11-30,0
3109,2025-12-01,0
3109,2025-12-02,0
3109,2025-12-03,0
3109,2025-12-04,0
3109,2025-12-05,0
3109,2025-12-06,0
3109,2025-12-07,0
3109,2025-12-08,0
3109,2025-12-09,0
3109,2025-12-10,0
3109,2025-12-11,0
3109,2025-12-12,0
3109,2025-12-13,0
3109,2025-12-14,0
3109,2025-12-15,0
3109,2025-12-16,0
3109,2025-12-17,0
3109,2025-12-18,0
3109,2025-12-19,0
3109,2025-12-20,0
3109,2025-12-21,0
3124,2025-11-22,523
3124,2025-11-23,457
3124,2025-11-24,301
3124,2025-11-25,356
3124,2025-11-26,517
3124,2025-11-27,554
3124,2025-11-28,206
3124,2025-11-29,150
3124,2025-11-30,151
3124,2025-12-01,173
3124,2025-12-02,238
3124,2025-12-03,326
3124,2025-12-04,659
3124,2025-12-05,261
3124,2025-12-06,189
3124,2025-12-07,131
3124,2025-12-08,137
3124,2025-12-09,147
3124,2025-12-10,214
3124,2025-12-11,433
3124,2025-12-12,161
3124,2025-12-13,113
3124,2025-12-14,145
3124,2025-12-15,141
3124,2025-12-16,167
3124,2025-12-17,234
3124,2025-12-18,374
3124,2025-12-19,134
3124,2025-12-20,134
3124,2025-12-21,97
3127,2025-11-22,0
3127,2025-11-23,0
3127,2025-11-24,0
3127,2025-11-25,0
3127,2025-11-26,0
3127,2025-11-27,0
3127,2025-11-28,0
3127,2025-11-29,0
3127,2025-11-30,0
3127,2025-12-01,0
3127,2025-12-02,0
3127,2025-12-03,0
3127,2025-12-04,0
3127,2025-12-05,0
3127,2025-12-06,0
3127,2025-12-07,0
3127,2025-12-08,0
3127,2025-12-09,0
3127,2025-12-10,0
3127,2025-12-11,0
3127,2025-12-12,0
3127,2025-12-13,0
3127,2025-12-14,0
3127,2025-12-15,0
3127,2025-12-16,0
3127,2025-12-17,0
3127,2025-12-18,0
3127,2025-12-19,0
3127,2025-12-20,0
3127,2025-12-21,0
3140,2025-11-22,111
3140,2025-11-23,155
3140,2025-11-24,108
3140,2025-11-25,77
3140,2025-11-26,141
3140,2025-11-27,392
3140,2025-11-28,112
3140,2025-11-29,41
3140,2025-11-30,57
3140,2025-12-01,65
3140,2025-12-02,71
3140,2025-12-03,118
3140,2025-12-04,475
3140,2025-12-05,130
3140,2025-12-06,76
3140,2025-12-07,76
3140,2025-12-08,77
3140,2025-12-09,73
3140,2025-12-10,155
3140,2025-12-11,580
3140,2025-12-12,132
3140,2025-12-13,97
3140,2025-12-14,85
3140,2025-12-15,104
3140,2025-12-16,113
3140,2025-12-17,202
3140,2025-12-18,504
3140,2025-12-19,196
3140,2025-12-20,106
3140,2025-12-21,97
3217,2025-11-22,62
3217,2025-11-23,86
3217,2025-11-24,96
3217,2025-11-25,78
3217,2025-11-26,83
3217,2025-11-27,288
3217,2025-11-28,87
3217,2025-11-29,67
3217,2025-11-30,63
3217,2025-12-01,63
3217,2025-12-02,62
3217,2025-12-03,88
3217,2025-12-04,299
3217,2025-12-05,103
3217,2025-12-06,76
3217,2025-12-07,76
3217,2025-12-08,70
3217,2025-12-09,72
3217,2025-12-10,95
3217,2025-12-11,370
3217,2025-12-12,102
3217,2025-12-13,67
3217,2025-12-14,62
3217,2025-12-15,76
3217,2025-12-16,90
3217,2025-12-17,101
3217,2025-12-18,315
3217,2025-12-19,129
3217,2025-12-20,86
3217,2025-12-21,63
3312,2025-11-22,50
3312,2025-11-23,64
3312,2025-11-24,50
3312,2025-11-25,45
3312,2025-11-26,56
3312,2025-11-27,73
3312,2025-11-28,44
3312,2025-11-29,40
3312,2025-11-30,58
3312,2025-12-01,41
3312,2025-12-02,43
3312,2025-12-03,44
3312,2025-12-04,71
3312,2025-12-05,56
3312,2025-12-06,60
3312,2025-12-07,61
3312,2025-12-08,57
3312,2025-12-09,58
3312,2025-12-10,58
3312,2025-12-11,101
3312,2025-12-12,65
3312,2025-12-13,64
3312,2025-12-14,52
3312,2025-12-15,63
3312,2025-12-16,63
3312,2025-12-17,60
3312,2025-12-18,89
3312,2025-12-19,62
3312,2025-12-20,60
3312,2025-12-21,46
3333,2025-11-22,656
3333,2025-11-23,638
3333,2025-11-24,520
3333,2025-11-25,618
3333,2025-11-26,697
3333,2025-11-27,1148
3333,2025-11-28,365
3333,2025-11-29,297
3333,2025-11-30,266
3333,2025-12-01,315
3333,2025-12-02,366
3333,2025-12-03,452
3333,2025-12-04,931
3333,2025-12-05,335
3333,2025-12-06,328
3333,2025-12-07,311
3333,2025-12-08,314
3333,2025-12-09,323
3333,2025-12-10,484
3333,2025-12-11,1099
3333,2025-12-12,338
3333,2025-12-13,322
3333,2025-12-14,277
3333,2025-12-15,292
3333,2025-12-16,347
3333,2025-12-17,464
3333,2025-12-18,803
3333,2025-12-19,348
3333,2025-12-20,304
3333,2025-12-21,218
3351,2025-11-22,0
3351,2025-11-23,1
3351,2025-11-24,1
3351,2025-11-25,0
3351,2025-11-26,0
3351,2025-11-27,0
3351,2025-11-28,0
3351,2025-11-29,0
3351,2025-11-30,0
3351,2025-12-01,0
3351,2025-12-02,0
3351,2025-12-03,0
3351,2025-12-04,5
3351,2025-12-05,0
3351,2025-12-06,0
3351,2025-12-07,0
3351,2025-12-08,0
3351,2025-12-09,0
3351,2025-12-10,0
3351,2025-12-11,0
3351,2025-12-12,0
3351,2025-12-13,0
3351,2025-12-14,0
3351,2025-12-15,0
3351,2025-12-16,0
3351,2025-12-17,0
3351,2025-12-18,0
3351,2025-12-19,0
3351,2025-12-20,0
3351,2025-12-21,3
3364,2025-11-22,7
3364,2025-11-23,7
3364,2025-11-24,8
3364,2025-11-25,7
3364,2025-11-26,7
3364,2025-11-27,9
3364,2025-11-28,4
3364,2025-11-29,3
3364,2025-11-30,4
3364,2025-12-01,4
3364,2025-12-02,5
3364,2025-12-03,10
3364,2025-12-04,23
3364,2025-12-05,6
3364,2025-12-06,5
3364,2025-12-07,6
3364,2025-12-08,6
3364,2025-12-09,5
3364,2025-12-10,9
3364,2025-12-11,25
3364,2025-12-12,6
3364,2025-12-13,5
3364,2025-12-14,4
3364,2025-12-15,5
3364,2025-12-16,5
3364,2025-12-17,9
3364,2025-12-18,26
3364,2025-12-19,6
3364,2025-12-20,5
3364,2025-12-21,4
3365,2025-11-22,496
3365,2025-11-23,985
3365,2025-11-24,716
3365,2025-11-25,684
3365,2025-11-26,966
3365,2025-11-27,2723
3365,2025-11-28,800
3365,2025-11-29,404
3365,2025-11-30,495
3365,2025-12-01,495
3365,2025-12-02,500
3365,2025-12-03,804
3365,2025-12-04,3038
3365,2025-12-05,1217
3365,2025-12-06,476
3365,2025-12-07,437
3365,2025-12-08,509
3365,2025-12-09,598
3365,2025-12-10,757
3365,2025-12-11,3181
3365,2025-12-12,962
3365,2025-12-13,522
3365,2025-12-14,501
3365,2025-12-15,629
3365,2025-12-16,651
3365,2025-12-17,957
3365,2025-12-18,3140
3365,2025-12-19,1218
3365,2025-12-20,517
3365,2025-12-21,497
3382,2025-11-22,5
3382,2025-11-23,6
3382,2025-11-24,2
3382,2025-11-25,1
3382,2025-11-26,3
3382,2025-11-27,4
3382,2025-11-28,1
3382,2025-11-29,1
3382,2025-11-30,1
3382,2025-12-01,1
3382,2025-12-02,1
3382,2025-12-03,3
3382,2025-12-04,10
3382,2025-12-05,1
3382,2025-12-06,1
3382,2025-12-07,1
3382,2025-12-08,4
3382,2025-12-09,1
3382,2025-12-10,3
3382,2025-12-11,7
3382,2025-12-12,1
3382,2025-12-13,1
3382,2025-12-14,1
3382,2025-12-15,1
3382,2025-12-16,2
3382,2025-12-17,3
3382,2025-12-18,6
3382,2025-12-19,2
3382,2025-12-20,1
3382,2025-12-21,1
3396,2025-11-22,0
3396,2025-11-23,0
3396,2025-11-24,0
3396,2025-11-25,0
3396,2025-11-26,0
3396,2025-11-27,0
3396,2025-11-28,0
3396,2025-11-29,0
3396,2025-11-30,0
3396,2025-12-01,0
3396,2025-12-02,0
3396,2025-12-03,0
3396,2025-12-04,0
3396,2025-12-05,0
3396,2025-12-06,0
3396,2025-12-07,0
3396,2025-12-08,0
3396,2025-12-09,0
3396,2025-12-10,0
3396,2025-12-11,0
3396,2025-12-12,0
3396,2025-12-13,0
3396,2025-12-14,0
3396,2025-12-15,0
3396,2025-12-16,0
3396,2025-12-17,0
3396,2025-12-18,0
3396,2025-12-19,0
3396,2025-12-20,0
3396,2025-12-21,0
3456,2025-11-22,5
3456,2025-11-23,3
3456,2025-11-24,3
3456,2025-11-25,3
3456,2025-11-26,4
3456,2025-11-27,4
3456,2025-11-28,3
3456,2025-11-29,4
3456,2025-11-30,4
3456,2025-12-01,4
3456,2025-12-02,4
3456,2025-12-03,5
3456,2025-12-04,5
3456,2025-12-05,4
3456,2025-12-06,5
3456,2025-12-07,4
3456,2025-12-08,5
3456,2025-12-09,5
3456,2025-12-10,5
3456,2025-12-11,6
3456,2025-12-12,4
3456,2025-12-13,5
3456,2025-12-14,4
3456,2025-12-15,5
3456,2025-12-16,5
3456,2025-12-17,5
3456,2025-12-18,6
3456,2025-12-19,4
3456,2025-12-20,5
3456,2025-12-21,4
3478,2025-11-22,7
3478,2025-11-23,4
3478,2025-11-24,7
3478,2025-11-25,4
3478,2025-11-26,6
3478,2025-11-27,11
3478,2025-11-28,3
3478,2025-11-29,2
3478,2025-11-30,3
3478,2025-12-01,3
3478,2025-12-02,4
3478,2025-12-03,9
3478,2025-12-04,19
3478,2025-12-05,3
3478,2025-12-06,6
3478,2025-12-07,9
3478,2025-12-08,3
3478,2025-12-09,3
3478,2025-12-10,9
3478,2025-12-11,13
3478,2025-12-12,7
3478,2025-12-13,7
3478,2025-12-14,5
3478,2025-12-15,6
3478,2025-12-16,4
3478,2025-12-17,7
3478,2025-12-18,12
3478,2025-12-19,4
3478,2025-12-20,4
3478,2025-12-21,3
3523,2025-11-22,4491
3523,2025-11-23,4091
3523,2025-11-24,3308
3523,2025-11-25,3457
3523,2025-11-26,5456
3523,2025-11-27,6258
3523,2025-11-28,2283
3523,2025-11-29,1793
3523,2025-11-30,1998
3523,2025-12-01,1841
3523,2025-12-02,2118
3523,2025-12-03,3333
3523,2025-12-04,4794
3523,2025-12-05,1827
3523,2025-12-06,2147
3523,2025-12-07,1793
3523,2025-12-08,1781
3523,2025-12-09,1766
3523,2025-12-10,3203
3523,2025-12-11,5444
3523,2025-12-12,2369
3523,2025-12-13,1896
3523,2025-12-14,1640
3523,2025-12-15,1627
3523,2025-12-16,1997
3523,2025-12-17,3301
3523,2025-12-18,4430
3523,2025-12-19,2150
3523,2025-12-20,1562
3523,2025-12-21,1022
3578,2025-11-22,0
3578,2025-11-23,0
3578,2025-11-24,0
3578,2025-11-25,0
3578,2025-11-26,0
3578,2025-11-27,0
3578,2025-11-28,0
3578,2025-11-29,0
3578,2025-11-30,0
3578,2025-12-01,0
3578,2025-12-02,0
3578,2025-12-03,0
3578,2025-12-04,0
3578,2025-12-05,0
3578,2025-12-06,0
3578,2025-12-07,0
3578,2025-12-08,0
3578,2025-12-09,0
3578,2025-12-10,0
3578,2025-12-11,0
3578,2025-12-12,0
3578,2025-12-13,0
3578,2025-12-14,0
3578,2025-12-15,0
3578,2025-12-16,0
3578,2025-12-17,0
3578,2025-12-18,0
3578,2025-12-19,0
3578,2025-12-20,0
3578,2025-12-21,0
3617,2025-11-22,2
3617,2025-11-23,2
3617,2025-11-24,2
3617,2025-11-25,2
3617,2025-11-26,3
3617,2025-11-27,3
3617,2025-11-28,2
3617,2025-11-29,2
3617,2025-11-30,2
3617,2025-12-01,2
3617,2025-12-02,3
3617,2025-12-03,5
3617,2025-12-04,7
3617,2025-12-05,3
3617,2025-12-06,3
3617,2025-12-07,3
3617,2025-12-08,3
3617,2025-12-09,4
3617,2025-12-10,4
3617,2025-12-11,5
3617,2025-12-12,3
3617,2025-12-13,3
3617,2025-12-14,3
3617,2025-12-15,3
3617,2025-12-16,4
3617,2025-12-17,4
3617,2025-12-18,4
3617,2025-12-19,4
3617,2025-12-20,4
3617,2025-12-21,1
3723,2025-11-22,62
3723,2025-11-23,56
3723,2025-11-24,63
3723,2025-11-25,70
3723,2025-11-26,79
3723,2025-11-27,74
3723,2025-11-28,40
3723,2025-11-29,35
3723,2025-11-30,41
3723,2025-12-01,41
3723,2025-12-02,44
3723,2025-12-03,49
3723,2025-12-04,61
3723,2025-12-05,40
3723,2025-12-06,42
3723,2025-12-07,38
3723,2025-12-08,41
3723,2025-12-09,43
3723,2025-12-10,46
3723,2025-12-11,63
3723,2025-12-12,35
3723,2025-12-13,43
3723,2025-12-14,40
3723,2025-12-15,56
3723,2025-12-16,65
3723,2025-12-17,67
3723,2025-12-18,64
3723,2025-12-19,38
3723,2025-12-20,45
3723,2025-12-21,24
3752,2025-11-22,0
3752,2025-11-23,0
3752,2025-11-24,0
3752,2025-11-25,0
3752,2025-11-26,0
3752,2025-11-27,0
3752,2025-11-28,0
3752,2025-11-29,0
3752,2025-11-30,0
3752,2025-12-01,0
3752,2025-12-02,0
3752,2025-12-03,0
3752,2025-12-04,0
3752,2025-12-05,0
3752,2025-12-06,0
3752,2025-12-07,0
3752,2025-12-08,0
3752,2025-12-09,0
3752,2025-12-10,0
3752,2025-12-11,0
3752,2025-12-12,0
3752,2025-12-13,0
3752,2025-12-14,0
3752,2025-12-15,0
3752,2025-12-16,0
3752,2025-12-17,0
3752,2025-12-18,0
3752,2025-12-19,0
3752,2025-12-20,0
3752,2025-12-21,0
3771,2025-11-22,5
3771,2025-11-23,1
3771,2025-11-24,2
3771,2025-11-25,3
3771,2025-11-26,5
3771,2025-11-27,4
3771,2025-11-28,2
3771,2025-11-29,2
3771,2025-11-30,3
3771,2025-12-01,3
3771,2025-12-02,3
3771,2025-12-03,5
3771,2025-12-04,10
3771,2025-12-05,2
3771,2025-12-06,3
3771,2025-12-07,3
3771,2025-12-08,2
3771,2025-12-09,3
3771,2025-12-10,4
3771,2025-12-11,7
3771,2025-12-12,2
3771,2025-12-13,2
3771,2025-12-14,2
3771,2025-12-15,3
3771,2025-12-16,3
3771,2025-12-17,4
3771,2025-12-18,5
3771,2025-12-19,3
3771,2025-12-20,3
3771,2025-12-21,2
3832,2025-11-22,2
3832,2025-11-23,2
3832,2025-11-24,1
3832,2025-11-25,1
3832,2025-11-26,1
3832,2025-11-27,3
3832,2025-11-28,2
3832,2025-11-29,1
3832,2025-11-30,1
3832,2025-12-01,1
3832,2025-12-02,2
3832,2025-12-03,2
3832,2025-12-04,3
3832,2025-12-05,2
3832,2025-12-06,2
3832,2025-12-07,2
3832,2025-12-08,2
3832,2025-12-09,2
3832,2025-12-10,2
3832,2025-12-11,4
3832,2025-12-12,2
3832,2025-12-13,2
3832,2025-12-14,2
3832,2025-12-15,3
3832,2025-12-16,3
3832,2025-12-17,3
3832,2025-12-18,4
3832,2025-12-19,3
3832,2025-12-20,2
3832,2025-12-21,2
3837,2025-11-22,13
3837,2025-11-23,14
3837,2025-11-24,12
3837,2025-11-25,13
3837,2025-11-26,14
3837,2025-11-27,16
3837,2025-11-28,9
3837,2025-11-29,9
3837,2025-11-30,9
3837,2025-12-01,6
3837,2025-12-02,6
3837,2025-12-03,7
3837,2025-12-04,17
3837,2025-12-05,7
3837,2025-12-06,5
3837,2025-12-07,3
3837,2025-12-08,2
3837,2025-12-09,2
3837,2025-12-10,5
3837,2025-12-11,13
3837,2025-12-12,3
3837,2025-12-13,2
3837,2025-12-14,2
3837,2025-12-15,3
3837,2025-12-16,3
3837,2025-12-17,5
3837,2025-12-18,16
3837,2025-12-19,4
3837,2025-12-20,3
3837,2025-12-21,2
3870,2025-11-22,7
3870,2025-11-23,3
3870,2025-11-24,10
3870,2025-11-25,11
3870,2025-11-26,15
3870,2025-11-27,14
3870,2025-11-28,4
3870,2025-11-29,3
3870,2025-11-30,2
3870,2025-12-01,2
3870,2025-12-02,2
3870,2025-12-03,6
3870,2025-12-04,13
3870,2025-12-05,3
3870,2025-12-06,7
3870,2025-12-07,5
3870,2025-12-08,3
3870,2025-12-09,3
3870,2025-12-10,7
3870,2025-12-11,14
3870,2025-12-12,3
3870,2025-12-13,3
3870,2025-12-14,3
3870,2025-12-15,4
3870,2025-12-16,4
3870,2025-12-17,5
3870,2025-12-18,6
3870,2025-12-19,4
3870,2025-12-20,3
3870,2025-12-21,2
3892,2025-11-22,477
3892,2025-11-23,546
3892,2025-11-24,497
3892,2025-11-25,529
3892,2025-11-26,792
3892,2025-11-27,1047
3892,2025-11-28,528
3892,2025-11-29,383
3892,2025-11-30,431
3892,2025-12-01,358
3892,2025-12-02,381
3892,2025-12-03,714
3892,2025-12-04,1148
3892,2025-12-05,544
3892,2025-12-06,402
3892,2025-12-07,338
3892,2025-12-08,347
3892,2025-12-09,378
3892,2025-12-10,531
3892,2025-12-11,1001
3892,2025-12-12,460
3892,2025-12-13,289
3892,2025-12-14,276
3892,2025-12-15,311
3892,2025-12-16,341
3892,2025-12-17,505
3892,2025-12-18,667
3892,2025-12-19,390
3892,2025-12-20,323
3892,2025-12-21,204
3914,2025-11-22,85
3914,2025-11-23,112
3914,2025-11-24,62
3914,2025-11-25,56
3914,2025-11-26,75
3914,2025-11-27,224
3914,2025-11-28,105
3914,2025-11-29,70
3914,2025-11-30,62
3914,2025-12-01,79
3914,2025-12-02,83
3914,2025-12-03,128
3914,2025-12-04,362
3914,2025-12-05,150
3914,2025-12-06,102
3914,2025-12-07,115
3914,2025-12-08,118
3914,2025-12-09,127
3914,2025-12-10,180
3914,2025-12-11,676
3914,2025-12-12,190
3914,2025-12-13,112
3914,2025-12-14,105
3914,2025-12-15,131
3914,2025-12-16,133
3914,2025-12-17,192
3914,2025-12-18,494
3914,2025-12-19,201
3914,2025-12-20,123
3914,2025-12-21,59
3927,2025-11-22,2
3927,2025-11-23,1
3927,2025-11-24,1
3927,2025-11-25,1
3927,2025-11-26,2
3927,2025-11-27,5
3927,2025-11-28,2
3927,2025-11-29,2
3927,2025-11-30,2
3927,2025-12-01,2
3927,2025-12-02,2
3927,2025-12-03,2
3927,2025-12-04,8
3927,2025-12-05,4
3927,2025-12-06,3
3927,2025-12-07,3
3927,2025-12-08,2
3927,2025-12-09,2
3927,2025-12-10,3
3927,2025-12-11,5
3927,2025-12-12,2
3927,2025-12-13,6
3927,2025-12-14,5
3927,2025-12-15,9
3927,2025-12-16,7
3927,2025-12-17,7
3927,2025-12-18,9
3927,2025-12-19,4
3927,2025-12-20,3
3927,2025-12-21,2
3933,2025-11-22,55
3933,2025-11-23,51
3933,2025-11-24,25
3933,2025-11-25,26
3933,2025-11-26,45
3933,2025-11-27,89
3933,2025-11-28,9
3933,2025-11-29,9
3933,2025-11-30,16
3933,2025-12-01,16
3933,2025-12-02,17
3933,2025-12-03,45
3933,2025-12-04,131
3933,2025-12-05,25
3933,2025-12-06,26
3933,2025-12-07,22
3933,2025-12-08,15
3933,2025-12-09,19
3933,2025-12-10,39
3933,2025-12-11,120
3933,2025-12-12,24
3933,2025-12-13,16
3933,2025-12-14,14
3933,2025-12-15,17
3933,2025-12-16,21
3933,2025-12-17,48
3933,2025-12-18,98
3933,2025-12-19,24
3933,2025-12-20,17
3933,2025-12-21,11
3935,2025-11-22,0
3935,2025-11-23,0
3935,2025-11-24,0
3935,2025-11-25,0
3935,2025-11-26,0
3935,2025-11-27,0
3935,2025-11-28,0
3935,2025-11-29,0
3935,2025-11-30,0
3935,2025-12-01,0
3935,2025-12-02,0
3935,2025-12-03,0
3935,2025-12-04,0
3935,2025-12-05,0
3935,2025-12-06,0
3935,2025-12-07,0
3935,2025-12-08,0
3935,2025-12-09,0
3935,2025-12-10,0
3935,2025-12-11,0
3935,2025-12-12,0
3935,2025-12-13,0
3935,2025-12-14,0
3935,2025-12-15,0
3935,2025-12-16,0
3935,2025-12-17,0
3935,2025-12-18,0
3935,2025-12-19,0
3935,2025-12-20,0
3935,2025-12-21,0
4078,2025-11-22,0
4078,2025-11-23,0
4078,2025-11-24,0
4078,2025-11-25,0
4078,2025-11-26,0
4078,2025-11-27,0
4078,2025-11-28,0
4078,2025-11-29,0
4078,2025-11-30,0
4078,2025-12-01,0
4078,2025-12-02,0
4078,2025-12-03,0
4078,2025-12-04,0
4078,2025-12-05,0
4078,2025-12-06,0
4078,2025-12-07,0
4078,2025-12-08,0
4078,2025-12-09,0
4078,2025-12-10,0
4078,2025-12-11,0
4078,2025-12-12,0
4078,2025-12-13,0
4078,2025-12-14,0
4078,2025-12-15,0
4078,2025-12-16,0
4078,2025-12-17,0
4078,2025-12-18,0
4078,2025-12-19,0
4078,2025-12-20,0
4078,2025-12-21,0
4125,2025-11-22,3
4125,2025-11-23,1
4125,2025-11-24,0
4125,2025-11-25,0
4125,2025-11-26,1
4125,2025-11-27,1
4125,2025-11-28,1
4125,2025-11-29,1
4125,2025-11-30,1
4125,2025-12-01,1
4125,2025-12-02,1
4125,2025-12-03,1
4125,2025-12-04,7
4125,2025-12-05,2
4125,2025-12-06,2
4125,2025-12-07,2
4125,2025-12-08,1
4125,2025-12-09,1
4125,2025-12-10,1
4125,2025-12-11,15
4125,2025-12-12,1
4125,2025-12-13,1
4125,2025-12-14,1
4125,2025-12-15,2
4125,2025-12-16,2
4125,2025-12-17,2
4125,2025-12-18,3
4125,2025-12-19,2
4125,2025-12-20,2
4125,2025-12-21,1
4138,2025-11-22,7
4138,2025-11-23,7
4138,2025-11-24,9
4138,2025-11-25,6
4138,2025-11-26,7
4138,2025-11-27,15
4138,2025-11-28,4
4138,2025-11-29,4
4138,2025-11-30,5
4138,2025-12-01,4
4138,2025-12-02,6
4138,2025-12-03,7
4138,2025-12-04,18
4138,2025-12-05,8
4138,2025-12-06,8
4138,2025-12-07,7
4138,2025-12-08,7
4138,2025-12-09,6
4138,2025-12-10,8
4138,2025-12-11,14
4138,2025-12-12,6
4138,2025-12-13,7
4138,2025-12-14,7
4138,2025-12-15,8
4138,2025-12-16,7
4138,2025-12-17,7
4138,2025-12-18,12
4138,2025-12-19,6
4138,2025-12-20,7
4138,2025-12-21,11
4161,2025-11-22,148
4161,2025-11-23,108
4161,2025-11-24,111
4161,2025-11-25,151
4161,2025-11-26,274
4161,2025-11-27,298
4161,2025-11-28,73
4161,2025-11-29,68
4161,2025-11-30,71
4161,2025-12-01,72
4161,2025-12-02,90
4161,2025-12-03,96
4161,2025-12-04,139
4161,2025-12-05,83
4161,2025-12-06,83
4161,2025-12-07,77
4161,2025-12-08,68
4161,2025-12-09,67
4161,2025-12-10,107
4161,2025-12-11,280
4161,2025-12-12,99
4161,2025-12-13,80
4161,2025-12-14,62
4161,2025-12-15,80
4161,2025-12-16,110
4161,2025-12-17,131
4161,2025-12-18,182
4161,2025-12-19,96
4161,2025-12-20,74
4161,2025-12-21,58
4174,2025-11-22,0
4174,2025-11-23,0
4174,2025-11-24,0
4174,2025-11-25,0
4174,2025-11-26,0
4174,2025-11-27,0
4174,2025-11-28,0
4174,2025-11-29,0
4174,2025-11-30,0
4174,2025-12-01,0
4174,2025-12-02,0
4174,2025-12-03,0
4174,2025-12-04,0
4174,2025-12-05,0
4174,2025-12-06,0
4174,2025-12-07,0
4174,2025-12-08,0
4174,2025-12-09,0
4174,2025-12-10,0
4174,2025-12-11,2
4174,2025-12-12,0
4174,2025-12-13,0
4174,2025-12-14,0
4174,2025-12-15,0
4174,2025-12-16,0
4174,2025-12-17,0
4174,2025-12-18,0
4174,2025-12-19,0
4174,2025-12-20,0
4174,2025-12-21,0
4192,2025-11-22,13
4192,2025-11-23,21
4192,2025-11-24,21
4192,2025-11-25,40
4192,2025-11-26,62
4192,2025-11-27,63
4192,2025-11-28,8
4192,2025-11-29,7
4192,2025-11-30,10
4192,2025-12-01,11
4192,2025-12-02,12
4192,2025-12-03,29
4192,2025-12-04,54
4192,2025-12-05,22
4192,2025-12-06,13
4192,2025-12-07,10
4192,2025-12-08,11
4192,2025-12-09,10
4192,2025-12-10,21
4192,2025-12-11,32
4192,2025-12-12,8
4192,2025-12-13,8
4192,2025-12-14,11
4192,2025-12-15,9
4192,2025-12-16,17
4192,2025-12-17,24
4192,2025-12-18,25
4192,2025-12-19,9
4192,2025-12-20,8
4192,2025-12-21,6
4198,2025-11-22,38
4198,2025-11-23,30
4198,2025-11-24,9
4198,2025-11-25,14
4198,2025-11-26,10
4198,2025-11-27,20
4198,2025-11-28,5
4198,2025-11-29,3
4198,2025-11-30,6
4198,2025-12-01,6
4198,2025-12-02,8
4198,2025-12-03,15
4198,2025-12-04,36
4198,2025-12-05,6
4198,2025-12-06,8
4198,2025-12-07,6
4198,2025-12-08,6
4198,2025-12-09,7
4198,2025-12-10,9
4198,2025-12-11,31
4198,2025-12-12,7
4198,2025-12-13,6
4198,2025-12-14,5
4198,2025-12-15,8
4198,2025-12-16,7
4198,2025-12-17,9
4198,2025-12-18,21
4198,2025-12-19,7
4198,2025-12-20,5
4198,2025-12-21,4
4235,2025-11-22,560
4235,2025-11-23,499
4235,2025-11-24,400
4235,2025-11-25,394
4235,2025-11-26,624
4235,2025-11-27,732
4235,2025-11-28,327
4235,2025-11-29,311
4235,2025-11-30,296
4235,2025-12-01,293
4235,2025-12-02,279
4235,2025-12-03,504
4235,2025-12-04,890
4235,2025-12-05,347
4235,2025-12-06,334
4235,2025-12-07,275
4235,2025-12-08,273
4235,2025-12-09,290
4235,2025-12-10,406
4235,2025-12-11,810
4235,2025-12-12,301
4235,2025-12-13,238
4235,2025-12-14,193
4235,2025-12-15,246
4235,2025-12-16,311
4235,2025-12-17,454
4235,2025-12-18,559
4235,2025-12-19,245
4235,2025-12-20,243
4235,2025-12-21,144
4247,2025-11-22,11
4247,2025-11-23,11
4247,2025-11-24,7
4247,2025-11-25,7
4247,2025-11-26,10
4247,2025-11-27,21
4247,2025-11-28,6
4247,2025-11-29,3
4247,2025-11-30,4
4247,2025-12-01,4
4247,2025-12-02,5
4247,2025-12-03,7
4247,2025-12-04,15
4247,2025-12-05,5
4247,2025-12-06,6
4247,2025-12-07,5
4247,2025-12-08,6
4247,2025-12-09,8
4247,2025-12-10,8
4247,2025-12-11,14
4247,2025-12-12,5
4247,2025-12-13,6
4247,2025-12-14,5
4247,2025-12-15,7
4247,2025-12-16,7
4247,2025-12-17,9
4247,2025-12-18,14
4247,2025-12-19,6
4247,2025-12-20,5
4247,2025-12-21,3
4252,2025-11-22,332
4252,2025-11-23,277
4252,2025-11-24,273
4252,2025-11-25,299
4252,2025-11-26,385
4252,2025-11-27,407
4252,2025-11-28,136
4252,2025-11-29,136
4252,2025-11-30,134
4252,2025-12-01,120
4252,2025-12-02,126
4252,2025-12-03,219
4252,2025-12-04,380
4252,2025-12-05,184
4252,2025-12-06,137
4252,2025-12-07,151
4252,2025-12-08,141
4252,2025-12-09,138
4252,2025-12-10,191
4252,2025-12-11,317
4252,2025-12-12,134
4252,2025-12-13,115
4252,2025-12-14,92
4252,2025-12-15,119
4252,2025-12-16,128
4252,2025-12-17,186
4252,2025-12-18,256
4252,2025-12-19,127
4252,2025-12-20,92
4252,2025-12-21,71
4324,2025-11-22,4904
4324,2025-11-23,4775
4324,2025-11-24,3707
4324,2025-11-25,3774
4324,2025-11-26,6124
4324,2025-11-27,9631
4324,2025-11-28,2703
4324,2025-11-29,2158
4324,2025-11-30,1859
4324,2025-12-01,1874
4324,2025-12-02,2233
4324,2025-12-03,4464
4324,2025-12-04,8570
4324,2025-12-05,2077
4324,2025-12-06,1613
4324,2025-12-07,1325
4324,2025-12-08,1516
4324,2025-12-09,1602
4324,2025-12-10,3550
4324,2025-12-11,7982
4324,2025-12-12,2509
4324,2025-12-13,1570
4324,2025-12-14,1358
4324,2025-12-15,1457
4324,2025-12-16,1895
4324,2025-12-17,3396
4324,2025-12-18,5498
4324,2025-12-19,2353
4324,2025-12-20,1831
4324,2025-12-21,1180
4353,2025-11-22,5
4353,2025-11-23,7
4353,2025-11-24,10
4353,2025-11-25,12
4353,2025-11-26,12
4353,2025-11-27,8
4353,2025-11-28,4
4353,2025-11-29,8
4353,2025-11-30,10
4353,2025-12-01,8
4353,2025-12-02,9
4353,2025-12-03,11
4353,2025-12-04,8
4353,2025-12-05,5
4353,2025-12-06,9
4353,2025-12-07,11
4353,2025-12-08,12
4353,2025-12-09,13
4353,2025-12-10,9
4353,2025-12-11,8
4353,2025-12-12,5
4353,2025-12-13,10
4353,2025-12-14,8
4353,2025-12-15,13
4353,2025-12-16,10
4353,2025-12-17,10
4353,2025-12-18,9
4353,2025-12-19,6
4353,2025-12-20,9
4353,2025-12-21,5
4380,2025-11-22,3
4380,2025-11-23,0
4380,2025-11-24,1
4380,2025-11-25,1
4380,2025-11-26,2
4380,2025-11-27,6
4380,2025-11-28,3
4380,2025-11-29,1
4380,2025-11-30,2
4380,2025-12-01,2
4380,2025-12-02,3
4380,2025-12-03,3
4380,2025-12-04,9
4380,2025-12-05,2
4380,2025-12-06,2
4380,2025-12-07,2
4380,2025-12-08,2
4380,2025-12-09,2
4380,2025-12-10,6
4380,2025-12-11,9
4380,2025-12-12,2
4380,2025-12-13,2
4380,2025-12-14,2
4380,2025-12-15,2
4380,2025-12-16,3
4380,2025-12-17,3
4380,2025-12-18,10
4380,2025-12-19,8
4380,2025-12-20,2
4380,2025-12-21,2
4396,2025-11-22,0
4396,2025-11-23,0
4396,2025-11-24,0
4396,2025-11-25,0
4396,2025-11-26,0
4396,2025-11-27,0
4396,2025-11-28,0
4396,2025-11-29,0
4396,2025-11-30,0
4396,2025-12-01,0
4396,2025-12-02,0
4396,2025-12-03,0
4396,2025-12-04,0
4396,2025-12-05,0
4396,2025-12-06,0
4396,2025-12-07,0
4396,2025-12-08,0
4396,2025-12-09,0
4396,2025-12-10,0
4396,2025-12-11,0
4396,2025-12-12,0
4396,2025-12-13,0
4396,2025-12-14,0
4396,2025-12-15,0
4396,2025-12-16,0
4396,2025-12-17,0
4396,2025-12-18,0
4396,2025-12-19,0
4396,2025-12-20,0
4396,2025-12-21,0
4397,2025-11-22,6
4397,2025-11-23,8
4397,2025-11-24,3
4397,2025-11-25,3
4397,2025-11-26,10
4397,2025-11-27,26
4397,2025-11-28,8
4397,2025-11-29,3
4397,2025-11-30,4
4397,2025-12-01,6
4397,2025-12-02,6
4397,2025-12-03,11
4397,2025-12-04,30
4397,2025-12-05,12
4397,2025-12-06,7
4397,2025-12-07,7
4397,2025-12-08,7
4397,2025-12-09,7
4397,2025-12-10,24
4397,2025-12-11,35
4397,2025-12-12,10
4397,2025-12-13,7
4397,2025-12-14,7
4397,2025-12-15,9
4397,2025-12-16,9
4397,2025-12-17,17
4397,2025-12-18,35
4397,2025-12-19,12
4397,2025-12-20,8
4397,2025-12-21,6
4404,2025-11-22,0
4404,2025-11-23,0
4404,2025-11-24,0
4404,2025-11-25,0
4404,2025-11-26,0
4404,2025-11-27,0
4404,2025-11-28,0
4404,2025-11-29,0
4404,2025-11-30,0
4404,2025-12-01,0
4404,2025-12-02,0
4404,2025-12-03,0
4404,2025-12-04,0
4404,2025-12-05,0
4404,2025-12-06,0
4404,2025-12-07,0
4404,2025-12-08,0
4404,2025-12-09,0
4404,2025-12-10,0
4404,2025-12-11,0
4404,2025-12-12,0
4404,2025-12-13,0
4404,2025-12-14,0
4404,2025-12-15,0
4404,2025-12-16,0
4404,2025-12-17,0
4404,2025-12-18,0
4404,2025-12-19,0
4404,2025-12-20,0
4404,2025-12-21,0
4419,2025-11-22,324
4419,2025-11-23,228
4419,2025-11-24,231
4419,2025-11-25,165
4419,2025-11-26,163
4419,2025-11-27,273
4419,2025-11-28,128
4419,2025-11-29,129
4419,2025-11-30,127
4419,2025-12-01,160
4419,2025-12-02,171
4419,2025-12-03,242
4419,2025-12-04,444
4419,2025-12-05,143
4419,2025-12-06,127
4419,2025-12-07,118
4419,2025-12-08,123
4419,2025-12-09,135
4419,2025-12-10,191
4419,2025-12-11,428
4419,2025-12-12,162
4419,2025-12-13,140
4419,2025-12-14,126
4419,2025-12-15,145
4419,2025-12-16,165
4419,2025-12-17,208
4419,2025-12-18,402
4419,2025-12-19,251
4419,2025-12-20,165
4419,2025-12-21,109
4516,2025-11-22,15
4516,2025-11-23,15
4516,2025-11-24,13
4516,2025-11-25,7
4516,2025-11-26,9
4516,2025-11-27,8
4516,2025-11-28,9
4516,2025-11-29,5
4516,2025-11-30,8
4516,2025-12-01,12
4516,2025-12-02,12
4516,2025-12-03,12
4516,2025-12-04,15
4516,2025-12-05,7
4516,2025-12-06,10
4516,2025-12-07,10
4516,2025-12-08,10
4516,2025-12-09,12
4516,2025-12-10,12
4516,2025-12-11,13
4516,2025-12-12,6
4516,2025-12-13,7
4516,2025-12-14,6
4516,2025-12-15,10
4516,2025-12-16,10
4516,2025-12-17,10
4516,2025-12-18,10
4516,2025-12-19,7
4516,2025-12-20,8
4516,2025-12-21,4
4541,2025-11-22,0
4541,2025-11-23,0
4541,2025-11-24,2
4541,2025-11-25,3
4541,2025-11-26,2
4541,2025-11-27,3
4541,2025-11-28,0
4541,2025-11-29,0
4541,2025-11-30,0
4541,2025-12-01,0
4541,2025-12-02,2
4541,2025-12-03,1
4541,2025-12-04,2
4541,2025-12-05,0
4541,2025-12-06,0
4541,2025-12-07,0
4541,2025-12-08,0
4541,2025-12-09,3
4541,2025-12-10,1
4541,2025-12-11,2
4541,2025-12-12,0
4541,2025-12-13,0
4541,2025-12-14,0
4541,2025-12-15,0
4541,2025-12-16,0
4541,2025-12-17,1
4541,2025-12-18,1
4541,2025-12-19,1
4541,2025-12-20,0
4541,2025-12-21,0
4609,2025-11-22,274
4609,2025-11-23,462
4609,2025-11-24,420
4609,2025-11-25,311
4609,2025-11-26,364
4609,2025-11-27,984
4609,2025-11-28,510
4609,2025-11-29,207
4609,2025-11-30,282
4609,2025-12-01,276
4609,2025-12-02,344
4609,2025-12-03,325
4609,2025-12-04,1126
4609,2025-12-05,376
4609,2025-12-06,250
4609,2025-12-07,214
4609,2025-12-08,239
4609,2025-12-09,248
4609,2025-12-10,369
4609,2025-12-11,1028
4609,2025-12-12,372
4609,2025-12-13,255
4609,2025-12-14,226
4609,2025-12-15,234
4609,2025-12-16,303
4609,2025-12-17,346
4609,2025-12-18,985
4609,2025-12-19,481
4609,2025-12-20,268
4609,2025-12-21,259
4611,2025-11-22,1
4611,2025-11-23,5
4611,2025-11-24,1
4611,2025-11-25,6
4611,2025-11-26,0
4611,2025-11-27,0
4611,2025-11-28,0
4611,2025-11-29,10
4611,2025-11-30,11
4611,2025-12-01,12
4611,2025-12-02,0
4611,2025-12-03,0
4611,2025-12-04,0
4611,2025-12-05,0
4611,2025-12-06,7
4611,2025-12-07,6
4611,2025-12-08,6
4611,2025-12-09,0
4611,2025-12-10,0
4611,2025-12-11,0
4611,2025-12-12,0
4611,2025-12-13,0
4611,2025-12-14,0
4611,2025-12-15,0
4611,2025-12-16,0
4611,2025-12-17,6
4611,2025-12-18,0
4611,2025-12-19,0
4611,2025-12-20,0
4611,2025-12-21,0
4655,2025-11-22,5402
4655,2025-11-23,5109
4655,2025-11-24,4359
4655,2025-11-25,4344
4655,2025-11-26,6186
4655,2025-11-27,7167
4655,2025-11-28,3305
4655,2025-11-29,2596
4655,2025-11-30,2815
4655,2025-12-01,2807
4655,2025-12-02,2869
4655,2025-12-03,4721
4655,2025-12-04,7846
4655,2025-12-05,3026
4655,2025-12-06,3159
4655,2025-12-07,2691
4655,2025-12-08,2807
4655,2025-12-09,3029
4655,2025-12-10,4991
4655,2025-12-11,7339
4655,2025-12-12,2976
4655,2025-12-13,2757
4655,2025-12-14,2505
4655,2025-12-15,2655
4655,2025-12-16,3194
4655,2025-12-17,4337
4655,2025-12-18,4689
4655,2025-12-19,2636
4655,2025-12-20,2649
4655,2025-12-21,1682
4684,2025-11-22,0
4684,2025-11-23,0
4684,2025-11-24,0
4684,2025-11-25,0
4684,2025-11-26,0
4684,2025-11-27,0
4684,2025-11-28,0
4684,2025-11-29,0
4684,2025-11-30,0
4684,2025-12-01,0
4684,2025-12-02,0
4684,2025-12-03,0
4684,2025-12-04,0
4684,2025-12-05,0
4684,2025-12-06,0
4684,2025-12-07,0
4684,2025-12-08,0
4684,2025-12-09,0
4684,2025-12-10,0
4684,2025-12-11,0
4684,2025-12-12,0
4684,2025-12-13,0
4684,2025-12-14,0
4684,2025-12-15,0
4684,2025-12-16,0
4684,2025-12-17,0
4684,2025-12-18,0
4684,2025-12-19,0
4684,2025-12-20,0
4684,2025-12-21,0
4729,2025-11-22,0
4729,2025-11-23,0
4729,2025-11-24,0
4729,2025-11-25,0
4729,2025-11-26,0
4729,2025-11-27,0
4729,2025-11-28,0
4729,2025-11-29,0
4729,2025-11-30,0
4729,2025-12-01,0
4729,2025-12-02,0
4729,2025-12-03,0
4729,2025-12-04,0
4729,2025-12-05,0
4729,2025-12-06,0
4729,2025-12-07,0
4729,2025-12-08,0
4729,2025-12-09,0
4729,2025-12-10,0
4729,2025-12-11,0
4729,2025-12-12,0
4729,2025-12-13,0
4729,2025-12-14,0
4729,2025-12-15,0
4729,2025-12-16,0
4729,2025-12-17,0
4729,2025-12-18,0
4729,2025-12-19,0
4729,2025-12-20,0
4729,2025-12-21,0
4756,2025-11-22,807
4756,2025-11-23,751
4756,2025-11-24,605
4756,2025-11-25,672
4756,2025-11-26,965
4756,2025-11-27,1222
4756,2025-11-28,509
4756,2025-11-29,399
4756,2025-11-30,415
4756,2025-12-01,396
4756,2025-12-02,440
4756,2025-12-03,762
4756,2025-12-04,1370
4756,2025-12-05,559
4756,2025-12-06,434
4756,2025-12-07,389
4756,2025-12-08,379
4756,2025-12-09,431
4756,2025-12-10,654
4756,2025-12-11,1212
4756,2025-12-12,478
4756,2025-12-13,351
4756,2025-12-14,343
4756,2025-12-15,386
4756,2025-12-16,470
4756,2025-12-17,642
4756,2025-12-18,862
4756,2025-12-19,459
4756,2025-12-20,356
4756,2025-12-21,245
4791,2025-11-22,2482
4791,2025-11-23,2094
4791,2025-11-24,2236
4791,2025-11-25,2323
4791,2025-11-26,3168
4791,2025-11-27,3358
4791,2025-11-28,897
4791,2025-11-29,968
4791,2025-11-30,1089
4791,2025-12-01,1064
4791,2025-12-02,1303
4791,2025-12-03,2225
4791,2025-12-04,2893
4791,2025-12-05,886
4791,2025-12-06,1172
4791,2025-12-07,963
4791,2025-12-08,913
4791,2025-12-09,1130
4791,2025-12-10,2265
4791,2025-12-11,3559
4791,2025-12-12,1260
4791,2025-12-13,998
4791,2025-12-14,884
4791,2025-12-15,933
4791,2025-12-16,1238
4791,2025-12-17,2049
4791,2025-12-18,2092
4791,2025-12-19,989
4791,2025-12-20,736
4791,2025-12-21,512
4797,2025-11-22,0
4797,2025-11-23,0
4797,2025-11-24,0
4797,2025-11-25,0
4797,2025-11-26,0
4797,2025-11-27,0
4797,2025-11-28,0
4797,2025-11-29,0
4797,2025-11-30,0
4797,2025-12-01,0
4797,2025-12-02,0
4797,2025-12-03,0
4797,2025-12-04,0
4797,2025-12-05,0
4797,2025-12-06,0
4797,2025-12-07,0
4797,2025-12-08,0
4797,2025-12-09,0
4797,2025-12-10,0
4797,2025-12-11,0
4797,2025-12-12,0
4797,2025-12-13,0
4797,2025-12-14,0
4797,2025-12-15,0
4797,2025-12-16,0
4797,2025-12-17,0
4797,2025-12-18,0
4797,2025-12-19,0
4797,2025-12-20,0
4797,2025-12-21,0
4820,2025-11-22,16
4820,2025-11-23,8
4820,2025-11-24,7
4820,2025-11-25,6
4820,2025-11-26,14
4820,2025-11-27,12
4820,2025-11-28,7
4820,2025-11-29,11
4820,2025-11-30,8
4820,2025-12-01,11
4820,2025-12-02,12
4820,2025-12-03,15
4820,2025-12-04,19
4820,2025-12-05,7
4820,2025-12-06,8
4820,2025-12-07,8
4820,2025-12-08,8
4820,2025-12-09,9
4820,2025-12-10,10
4820,2025-12-11,18
4820,2025-12-12,8
4820,2025-12-13,10
4820,2025-12-14,8
4820,2025-12-15,10
4820,2025-12-16,14
4820,2025-12-17,15
4820,2025-12-18,25
4820,2025-12-19,11
4820,2025-12-20,12
4820,2025-12-21,6
4879,2025-11-22,37
4879,2025-11-23,39
4879,2025-11-24,14
4879,2025-11-25,12
4879,2025-11-26,21
4879,2025-11-27,34
4879,2025-11-28,0
4879,2025-11-29,0
4879,2025-11-30,0
4879,2025-12-01,0
4879,2025-12-02,0
4879,2025-12-03,1
4879,2025-12-04,2
4879,2025-12-05,0
4879,2025-12-06,0
4879,2025-12-07,0
4879,2025-12-08,0
4879,2025-12-09,0
4879,2025-12-10,1
4879,2025-12-11,5
4879,2025-12-12,0
4879,2025-12-13,0
4879,2025-12-14,0
4879,2025-12-15,0
4879,2025-12-16,0
4879,2025-12-17,1
4879,2025-12-18,3
4879,2025-12-19,0
4879,2025-12-20,0
4879,2025-12-21,0
4933,2025-11-22,10
4933,2025-11-23,12
4933,2025-11-24,11
4933,2025-11-25,11
4933,2025-11-26,19
4933,2025-11-27,20
4933,2025-11-28,10
4933,2025-11-29,5
4933,2025-11-30,5
4933,2025-12-01,6
4933,2025-12-02,7
4933,2025-12-03,10
4933,2025-12-04,18
4933,2025-12-05,10
4933,2025-12-06,10
4933,2025-12-07,10
4933,2025-12-08,7
4933,2025-12-09,10
4933,2025-12-10,14
4933,2025-12-11,19
4933,2025-12-12,5
4933,2025-12-13,4
4933,2025-12-14,3
4933,2025-12-15,3
4933,2025-12-16,4
4933,2025-12-17,7
4933,2025-12-18,9
4933,2025-12-19,4
4933,2025-12-20,3
4933,2025-12-21,2
4946,2025-11-22,2
4946,2025-11-23,4
4946,2025-11-24,3
4946,2025-11-25,3
4946,2025-11-26,1
4946,2025-11-27,2
4946,2025-11-28,1
4946,2025-11-29,1
4946,2025-11-30,4
4946,2025-12-01,2
4946,2025-12-02,2
4946,2025-12-03,3
4946,2025-12-04,5
4946,2025-12-05,2
4946,2025-12-06,3
4946,2025-12-07,3
4946,2025-12-08,3
4946,2025-12-09,4
4946,2025-12-10,4
4946,2025-12-11,5
4946,2025-12-12,3
4946,2025-12-13,3
4946,2025-12-14,3
4946,2025-12-15,4
4946,2025-12-16,4
4946,2025-12-17,4
4946,2025-12-18,5
4946,2025-12-19,4
4946,2025-12-20,4
4946,2025-12-21,2
4973,2025-11-22,28
4973,2025-11-23,22
4973,2025-11-24,18
4973,2025-11-25,13
4973,2025-11-26,21
4973,2025-11-27,26
4973,2025-11-28,19
4973,2025-11-29,15
4973,2025-11-30,18
4973,2025-12-01,18
4973,2025-12-02,25
4973,2025-12-03,30
4973,2025-12-04,80
4973,2025-12-05,26
4973,2025-12-06,23
4973,2025-12-07,22
4973,2025-12-08,26
4973,2025-12-09,29
4973,2025-12-10,37
4973,2025-12-11,71
4973,2025-12-12,32
4973,2025-12-13,23
4973,2025-12-14,22
4973,2025-12-15,25
4973,2025-12-16,30
4973,2025-12-17,39
4973,2025-12-18,80
4973,2025-12-19,35
4973,2025-12-20,28
4973,2025-12-21,22
4981,2025-11-22,187
4981,2025-11-23,336
4981,2025-11-24,265
4981,2025-11-25,236
4981,2025-11-26,412
4981,2025-11-27,905
4981,2025-11-28,281
4981,2025-11-29,191
4981,2025-11-30,191
4981,2025-12-01,207
4981,2025-12-02,224
4981,2025-12-03,337
4981,2025-12-04,1108
4981,2025-12-05,377
4981,2025-12-06,240
4981,2025-12-07,212
4981,2025-12-08,264
4981,2025-12-09,277
4981,2025-12-10,387
4981,2025-12-11,1589
4981,2025-12-12,405
4981,2025-12-13,225
4981,2025-12-14,227
4981,2025-12-15,286
4981,2025-12-16,316
4981,2025-12-17,428
4981,2025-12-18,1165
4981,2025-12-19,435
4981,2025-12-20,237
4981,2025-12-21,206
4994,2025-11-22,0
4994,2025-11-23,0
4994,2025-11-24,0
4994,2025-11-25,0
4994,2025-11-26,0
4994,2025-11-27,0
4994,2025-11-28,0
4994,2025-11-29,0
4994,2025-11-30,0
4994,2025-12-01,0
4994,2025-12-02,0
4994,2025-12-03,0
4994,2025-12-04,0
4994,2025-12-05,0
4994,2025-12-06,0
4994,2025-12-07,0
4994,2025-12-08,0
4994,2025-12-09,0
4994,2025-12-10,0
4994,2025-12-11,0
4994,2025-12-12,0
4994,2025-12-13,0
4994,2025-12-14,0
4994,2025-12-15,0
4994,2025-12-16,0
4994,2025-12-17,0
4994,2025-12-18,0
4994,2025-12-19,0
4994,2025-12-20,0
4994,2025-12-21,0
4995,2025-11-22,43165
4995,2025-11-23,43068
4995,2025-11-24,46768
4995,2025-11-25,50064
4995,2025-11-26,51444
4995,2025-11-27,43609
4995,2025-11-28,20581
4995,2025-11-29,24797
4995,2025-11-30,25508
4995,2025-12-01,28467
4995,2025-12-02,30734
4995,2025-12-03,33342
4995,2025-12-04,36585
4995,2025-12-05,24763
4995,2025-12-06,27197
4995,2025-12-07,27197
4995,2025-12-08,28588
4995,2025-12-09,30969
4995,2025-12-10,31977
4995,2025-12-11,34996
4995,2025-12-12,25080
4995,2025-12-13,27209
4995,2025-12-14,28703
4995,2025-12-15,32495
4995,2025-12-16,37581
4995,2025-12-17,37344
4995,2025-12-18,37779
4995,2025-12-19,27851
4995,2025-12-20,29020
4995,2025-12-21,20755
4998,2025-11-22,0
4998,2025-11-23,0
4998,2025-11-24,0
4998,2025-11-25,0
4998,2025-11-26,0
4998,2025-11-27,0
4998,2025-11-28,0
4998,2025-11-29,0
4998,2025-11-30,0
4998,2025-12-01,0
4998,2025-12-02,0
4998,2025-12-03,0
4998,2025-12-04,0
4998,2025-12-05,0
4998,2025-12-06,0
4998,2025-12-07,0
4998,2025-12-08,0
4998,2025-12-09,0
4998,2025-12-10,0
4998,2025-12-11,0
4998,2025-12-12,0
4998,2025-12-13,0
4998,2025-12-14,0
4998,2025-12-15,0
4998,2025-12-16,0
4998,2025-12-17,0
4998,2025-12-18,0
4998,2025-12-19,0
4998,2025-12-20,0
4998,2025-12-21,0
5163,2025-11-22,2
5163,2025-11-23,0
5163,2025-11-24,1
5163,2025-11-25,0
5163,2025-11-26,1
5163,2025-11-27,1
5163,2025-11-28,0
5163,2025-11-29,0
5163,2025-11-30,0
5163,2025-12-01,0
5163,2025-12-02,0
5163,2025-12-03,1
5163,2025-12-04,1
5163,2025-12-05,0
5163,2025-12-06,0
5163,2025-12-07,0
5163,2025-12-08,0
5163,2025-12-09,0
5163,2025-12-10,0
5163,2025-12-11,1
5163,2025-12-12,0
5163,2025-12-13,0
5163,2025-12-14,0
5163,2025-12-15,0
5163,2025-12-16,0
5163,2025-12-17,0
5163,2025-12-18,1
5163,2025-12-19,0
5163,2025-12-20,0
5163,2025-12-21,0
5171,2025-11-22,0
5171,2025-11-23,0
5171,2025-11-24,0
5171,2025-11-25,0
5171,2025-11-26,0
5171,2025-11-27,0
5171,2025-11-28,0
5171,2025-11-29,0
5171,2025-11-30,0
5171,2025-12-01,0
5171,2025-12-02,0
5171,2025-12-03,0
5171,2025-12-04,0
5171,2025-12-05,0
5171,2025-12-06,0
5171,2025-12-07,0
5171,2025-12-08,0
5171,2025-12-09,0
5171,2025-12-10,0
5171,2025-12-11,0
5171,2025-12-12,0
5171,2025-12-13,0
5171,2025-12-14,0
5171,2025-12-15,0
5171,2025-12-16,0
5171,2025-12-17,0
5171,2025-12-18,0
5171,2025-12-19,0
5171,2025-12-20,0
5171,2025-12-21,0
5241,2025-11-22,0
5241,2025-11-23,0
5241,2025-11-24,0
5241,2025-11-25,0
5241,2025-11-26,0
5241,2025-11-27,0
5241,2025-11-28,0
5241,2025-11-29,0
5241,2025-11-30,0
5241,2025-12-01,0
5241,2025-12-02,0
5241,2025-12-03,0
5241,2025-12-04,0
5241,2025-12-05,0
5241,2025-12-06,0
5241,2025-12-07,0
5241,2025-12-08,0
5241,2025-12-09,0
5241,2025-12-10,0
5241,2025-12-11,0
5241,2025-12-12,0
5241,2025-12-13,0
5241,2025-12-14,0
5241,2025-12-15,0
5241,2025-12-16,0
5241,2025-12-17,0
5241,2025-12-18,0
5241,2025-12-19,0
5241,2025-12-20,0
5241,2025-12-21,0
5244,2025-11-22,59
5244,2025-11-23,55
5244,2025-11-24,50
5244,2025-11-25,51
5244,2025-11-26,65
5244,2025-11-27,162
5244,2025-11-28,82
5244,2025-11-29,55
5244,2025-11-30,68
5244,2025-12-01,85
5244,2025-12-02,90
5244,2025-12-03,105
5244,2025-12-04,174
5244,2025-12-05,77
5244,2025-12-06,71
5244,2025-12-07,69
5244,2025-12-08,70
5244,2025-12-09,68
5244,2025-12-10,71
5244,2025-12-11,209
5244,2025-12-12,69
5244,2025-12-13,63
5244,2025-12-14,55
5244,2025-12-15,69
5244,2025-12-16,79
5244,2025-12-17,73
5244,2025-12-18,153
5244,2025-12-19,79
5244,2025-12-20,74
5244,2025-12-21,54
5262,2025-11-22,38
5262,2025-11-23,36
5262,2025-11-24,42
5262,2025-11-25,29
5262,2025-11-26,42
5262,2025-11-27,127
5262,2025-11-28,28
5262,2025-11-29,25
5262,2025-11-30,31
5262,2025-12-01,36
5262,2025-12-02,36
5262,2025-12-03,75
5262,2025-12-04,164
5262,2025-12-05,52
5262,2025-12-06,40
5262,2025-12-07,35
5262,2025-12-08,34
5262,2025-12-09,38
5262,2025-12-10,50
5262,2025-12-11,185
5262,2025-12-12,56
5262,2025-12-13,41
5262,2025-12-14,36
5262,2025-12-15,41
5262,2025-12-16,43
5262,2025-12-17,55
5262,2025-12-18,148
5262,2025-12-19,68
5262,2025-12-20,46
5262,2025-12-21,39
5265,2025-11-22,22
5265,2025-11-23,17
5265,2025-11-24,18
5265,2025-11-25,17
5265,2025-11-26,25
5265,2025-11-27,22
5265,2025-11-28,11
5265,2025-11-29,9
5265,2025-11-30,12
5265,2025-12-01,13
5265,2025-12-02,14
5265,2025-12-03,15
5265,2025-12-04,20
5265,2025-12-05,10
5265,2025-12-06,11
5265,2025-12-07,11
5265,2025-12-08,13
5265,2025-12-09,16
5265,2025-12-10,16
5265,2025-12-11,22
5265,2025-12-12,12
5265,2025-12-13,14
5265,2025-12-14,15
5265,2025-12-15,18
5265,2025-12-16,22
5265,2025-12-17,22
5265,2025-12-18,24
5265,2025-12-19,15
5265,2025-12-20,15
5265,2025-12-21,10
5270,2025-11-22,21
5270,2025-11-23,29
5270,2025-11-24,14
5270,2025-11-25,16
5270,2025-11-26,24
5270,2025-11-27,58
5270,2025-11-28,10
5270,2025-11-29,10
5270,2025-11-30,11
5270,2025-12-01,12
5270,2025-12-02,13
5270,2025-12-03,13
5270,2025-12-04,47
5270,2025-12-05,10
5270,2025-12-06,6
5270,2025-12-07,6
5270,2025-12-08,0
5270,2025-12-09,0
5270,2025-12-10,12
5270,2025-12-11,35
5270,2025-12-12,0
5270,2025-12-13,0
5270,2025-12-14,0
5270,2025-12-15,0
5270,2025-12-16,0
5270,2025-12-17,0
5270,2025-12-18,28
5270,2025-12-19,14
5270,2025-12-20,10
5270,2025-12-21,10
5297,2025-11-22,1521
5297,2025-11-23,1194
5297,2025-11-24,1120
5297,2025-11-25,1075
5297,2025-11-26,1292
5297,2025-11-27,1384
5297,2025-11-28,499
5297,2025-11-29,336
5297,2025-11-30,479
5297,2025-12-01,491
5297,2025-12-02,652
5297,2025-12-03,817
5297,2025-12-04,1539
5297,2025-12-05,508
5297,2025-12-06,454
5297,2025-12-07,515
5297,2025-12-08,493
5297,2025-12-09,501
5297,2025-12-10,760
5297,2025-12-11,1679
5297,2025-12-12,721
5297,2025-12-13,503
5297,2025-12-14,456
5297,2025-12-15,411
5297,2025-12-16,446
5297,2025-12-17,661
5297,2025-12-18,842
5297,2025-12-19,402
5297,2025-12-20,462
5297,2025-12-21,308
5303,2025-11-22,0
5303,2025-11-23,0
5303,2025-11-24,0
5303,2025-11-25,0
5303,2025-11-26,0
5303,2025-11-27,0
5303,2025-11-28,0
5303,2025-11-29,0
5303,2025-11-30,0
5303,2025-12-01,0
5303,2025-12-02,0
5303,2025-12-03,0
5303,2025-12-04,0
5303,2025-12-05,0
5303,2025-12-06,0
5303,2025-12-07,0
5303,2025-12-08,0
5303,2025-12-09,0
5303,2025-12-10,0
5303,2025-12-11,0
5303,2025-12-12,0
5303,2025-12-13,0
5303,2025-12-14,0
5303,2025-12-15,0
5303,2025-12-16,0
5303,2025-12-17,0
5303,2025-12-18,0
5303,2025-12-19,0
5303,2025-12-20,0
5303,2025-12-21,0
5309,2025-11-22,5
5309,2025-11-23,13
5309,2025-11-24,9
5309,2025-11-25,7
5309,2025-11-26,9
5309,2025-11-27,11
5309,2025-11-28,5
5309,2025-11-29,10
5309,2025-11-30,16
5309,2025-12-01,17
5309,2025-12-02,6
5309,2025-12-03,7
5309,2025-12-04,11
5309,2025-12-05,8
5309,2025-12-06,6
5309,2025-12-07,6
5309,2025-12-08,5
5309,2025-12-09,5
5309,2025-12-10,6
5309,2025-12-11,4
5309,2025-12-12,2
5309,2025-12-13,0
5309,2025-12-14,7
5309,2025-12-15,0
5309,2025-12-16,4
5309,2025-12-17,5
5309,2025-12-18,7
5309,2025-12-19,5
5309,2025-12-20,5
5309,2025-12-21,0
5383,2025-11-22,0
5383,2025-11-23,0
5383,2025-11-24,0
5383,2025-11-25,0
5383,2025-11-26,0
5383,2025-11-27,0
5383,2025-11-28,0
5383,2025-11-29,0
5383,2025-11-30,0
5383,2025-12-01,0
5383,2025-12-02,0
5383,2025-12-03,0
5383,2025-12-04,0
5383,2025-12-05,0
5383,2025-12-06,0
5383,2025-12-07,0
5383,2025-12-08,0
5383,2025-12-09,0
5383,2025-12-10,0
5383,2025-12-11,0
5383,2025-12-12,0
5383,2025-12-13,0
5383,2025-12-14,0
5383,2025-12-15,0
5383,2025-12-16,0
5383,2025-12-17,0
5383,2025-12-18,0
5383,2025-12-19,0
5383,2025-12-20,0
5383,2025-12-21,0
5410,2025-11-22,2
5410,2025-11-23,2
5410,2025-11-24,0
5410,2025-11-25,0
5410,2025-11-26,0
5410,2025-11-27,0
5410,2025-11-28,0
5410,2025-11-29,0
5410,2025-11-30,0
5410,2025-12-01,4
5410,2025-12-02,4
5410,2025-12-03,0
5410,2025-12-04,0
5410,2025-12-05,0
5410,2025-12-06,0
5410,2025-12-07,0
5410,2025-12-08,0
5410,2025-12-09,0
5410,2025-12-10,0
5410,2025-12-11,0
5410,2025-12-12,0
5410,2025-12-13,0
5410,2025-12-14,0
5410,2025-12-15,0
5410,2025-12-16,0
5410,2025-12-17,0
5410,2025-12-18,0
5410,2025-12-19,0
5410,2025-12-20,0
5410,2025-12-21,0
5413,2025-11-22,9518
5413,2025-11-23,8840
5413,2025-11-24,7462
5413,2025-11-25,7524
5413,2025-11-26,10529
5413,2025-11-27,11340
5413,2025-11-28,4077
5413,2025-11-29,3900
5413,2025-11-30,3396
5413,2025-12-01,3680
5413,2025-12-02,4640
5413,2025-12-03,6763
5413,2025-12-04,9361
5413,2025-12-05,4167
5413,2025-12-06,4524
5413,2025-12-07,3711
5413,2025-12-08,3336
5413,2025-12-09,3315
5413,2025-12-10,5917
5413,2025-12-11,10405
5413,2025-12-12,5289
5413,2025-12-13,4445
5413,2025-12-14,3384
5413,2025-12-15,3309
5413,2025-12-16,3548
5413,2025-12-17,6177
5413,2025-12-18,7782
5413,2025-12-19,3870
5413,2025-12-20,2790
5413,2025-12-21,1978
5414,2025-11-22,1040
5414,2025-11-23,1042
5414,2025-11-24,769
5414,2025-11-25,826
5414,2025-11-26,1422
5414,2025-11-27,2285
5414,2025-11-28,887
5414,2025-11-29,476
5414,2025-11-30,417
5414,2025-12-01,421
5414,2025-12-02,507
5414,2025-12-03,909
5414,2025-12-04,1807
5414,2025-12-05,509
5414,2025-12-06,497
5414,2025-12-07,480
5414,2025-12-08,571
5414,2025-12-09,650
5414,2025-12-10,794
5414,2025-12-11,1986
5414,2025-12-12,560
5414,2025-12-13,500
5414,2025-12-14,432
5414,2025-12-15,513
5414,2025-12-16,629
5414,2025-12-17,883
5414,2025-12-18,1789
5414,2025-12-19,659
5414,2025-12-20,513
5414,2025-12-21,359
5434,2025-11-22,74
5434,2025-11-23,77
5434,2025-11-24,58
5434,2025-11-25,59
5434,2025-11-26,122
5434,2025-11-27,148
5434,2025-11-28,43
5434,2025-11-29,50
5434,2025-11-30,55
5434,2025-12-01,55
5434,2025-12-02,69
5434,2025-12-03,70
5434,2025-12-04,94
5434,2025-12-05,46
5434,2025-12-06,65
5434,2025-12-07,57
5434,2025-12-08,63
5434,2025-12-09,62
5434,2025-12-10,70
5434,2025-12-11,98
5434,2025-12-12,55
5434,2025-12-13,67
5434,2025-12-14,64
5434,2025-12-15,72
5434,2025-12-16,77
5434,2025-12-17,80
5434,2025-12-18,97
5434,2025-12-19,68
5434,2025-12-20,73
5434,2025-12-21,57
5506,2025-11-22,32
5506,2025-11-23,17
5506,2025-11-24,18
5506,2025-11-25,17
5506,2025-11-26,13
5506,2025-11-27,26
5506,2025-11-28,8
5506,2025-11-29,3
5506,2025-11-30,4
5506,2025-12-01,5
5506,2025-12-02,9
5506,2025-12-03,14
5506,2025-12-04,48
5506,2025-12-05,10
5506,2025-12-06,7
5506,2025-12-07,6
5506,2025-12-08,7
5506,2025-12-09,9
5506,2025-12-10,8
5506,2025-12-11,32
5506,2025-12-12,7
5506,2025-12-13,6
5506,2025-12-14,7
5506,2025-12-15,9
5506,2025-12-16,10
5506,2025-12-17,12
5506,2025-12-18,24
5506,2025-12-19,9
5506,2025-12-20,7
5506,2025-12-21,5
5529,2025-11-22,0
5529,2025-11-23,0
5529,2025-11-24,0
5529,2025-11-25,0
5529,2025-11-26,0
5529,2025-11-27,1
5529,2025-11-28,0
5529,2025-11-29,0
5529,2025-11-30,0
5529,2025-12-01,0
5529,2025-12-02,0
5529,2025-12-03,0
5529,2025-12-04,0
5529,2025-12-05,0
5529,2025-12-06,0
5529,2025-12-07,1
5529,2025-12-08,1
5529,2025-12-09,0
5529,2025-12-10,0
5529,2025-12-11,1
5529,2025-12-12,0
5529,2025-12-13,0
5529,2025-12-14,0
5529,2025-12-15,0
5529,2025-12-16,0
5529,2025-12-17,0
5529,2025-12-18,0
5529,2025-12-19,0
5529,2025-12-20,0
5529,2025-12-21,0
5640,2025-11-22,1817
5640,2025-11-23,1785
5640,2025-11-24,1325
5640,2025-11-25,1278
5640,2025-11-26,1825
5640,2025-11-27,2856
5640,2025-11-28,1023
5640,2025-11-29,1021
5640,2025-11-30,1039
5640,2025-12-01,1025
5640,2025-12-02,930
5640,2025-12-03,1607
5640,2025-12-04,3256
5640,2025-12-05,1208
5640,2025-12-06,1150
5640,2025-12-07,1082
5640,2025-12-08,1065
5640,2025-12-09,1096
5640,2025-12-10,1759
5640,2025-12-11,3217
5640,2025-12-12,1230
5640,2025-12-13,715
5640,2025-12-14,721
5640,2025-12-15,719
5640,2025-12-16,848
5640,2025-12-17,1655
5640,2025-12-18,2680
5640,2025-12-19,837
5640,2025-12-20,698
5640,2025-12-21,489
5657,2025-11-22,52
5657,2025-11-23,46
5657,2025-11-24,58
5657,2025-11-25,37
5657,2025-11-26,57
5657,2025-11-27,153
5657,2025-11-28,147
5657,2025-11-29,36
5657,2025-11-30,57
5657,2025-12-01,55
5657,2025-12-02,40
5657,2025-12-03,45
5657,2025-12-04,184
5657,2025-12-05,53
5657,2025-12-06,44
5657,2025-12-07,42
5657,2025-12-08,51
5657,2025-12-09,51
5657,2025-12-10,56
5657,2025-12-11,184
5657,2025-12-12,64
5657,2025-12-13,53
5657,2025-12-14,40
5657,2025-12-15,49
5657,2025-12-16,58
5657,2025-12-17,63
5657,2025-12-18,160
5657,2025-12-19,79
5657,2025-12-20,44
5657,2025-12-21,34
5683,2025-11-22,4
5683,2025-11-23,4
5683,2025-11-24,4
5683,2025-11-25,4
5683,2025-11-26,5
5683,2025-11-27,5
5683,2025-11-28,0
5683,2025-11-29,0
5683,2025-11-30,0
5683,2025-12-01,0
5683,2025-12-02,1
5683,2025-12-03,1
5683,2025-12-04,2
5683,2025-12-05,1
5683,2025-12-06,2
5683,2025-12-07,1
5683,2025-12-08,1
5683,2025-12-09,1
5683,2025-12-10,2
5683,2025-12-11,3
5683,2025-12-12,1
5683,2025-12-13,1
5683,2025-12-14,1
5683,2025-12-15,1
5683,2025-12-16,2
5683,2025-12-17,2
5683,2025-12-18,2
5683,2025-12-19,1
5683,2025-12-20,2
5683,2025-12-21,1
5686,2025-11-22,0
5686,2025-11-23,0
5686,2025-11-24,0
5686,2025-11-25,0
5686,2025-11-26,0
5686,2025-11-27,0
5686,2025-11-28,0
5686,2025-11-29,0
5686,2025-11-30,0
5686,2025-12-01,0
5686,2025-12-02,0
5686,2025-12-03,0
5686,2025-12-04,0
5686,2025-12-05,0
5686,2025-12-06,0
5686,2025-12-07,0
5686,2025-12-08,0
5686,2025-12-09,0
5686,2025-12-10,0
5686,2025-12-11,0
5686,2025-12-12,0
5686,2025-12-13,0
5686,2025-12-14,0
5686,2025-12-15,0
5686,2025-12-16,0
5686,2025-12-17,0
5686,2025-12-18,0
5686,2025-12-19,0
5686,2025-12-20,0
5686,2025-12-21,0
5720,2025-11-22,78
5720,2025-11-23,93
5720,2025-11-24,83
5720,2025-11-25,70
5720,2025-11-26,129
5720,2025-11-27,198
5720,2025-11-28,29
5720,2025-11-29,23
5720,2025-11-30,49
5720,2025-12-01,52
5720,2025-12-02,58
5720,2025-12-03,121
5720,2025-12-04,202
5720,2025-12-05,83
5720,2025-12-06,62
5720,2025-12-07,57
5720,2025-12-08,50
5720,2025-12-09,55
5720,2025-12-10,75
5720,2025-12-11,307
5720,2025-12-12,45
5720,2025-12-13,62
5720,2025-12-14,52
5720,2025-12-15,86
5720,2025-12-16,77
5720,2025-12-17,80
5720,2025-12-18,246
5720,2025-12-19,93
5720,2025-12-20,44
5720,2025-12-21,39
5752,2025-11-22,0
5752,2025-11-23,0
5752,2025-11-24,0
5752,2025-11-25,0
5752,2025-11-26,0
5752,2025-11-27,0
5752,2025-11-28,0
5752,2025-11-29,0
5752,2025-11-30,0
5752,2025-12-01,0
5752,2025-12-02,0
5752,2025-12-03,0
5752,2025-12-04,0
5752,2025-12-05,0
5752,2025-12-06,0
5752,2025-12-07,0
5752,2025-12-08,0
5752,2025-12-09,0
5752,2025-12-10,0
5752,2025-12-11,0
5752,2025-12-12,0
5752,2025-12-13,0
5752,2025-12-14,0
5752,2025-12-15,0
5752,2025-12-16,0
5752,2025-12-17,0
5752,2025-12-18,0
5752,2025-12-19,0
5752,2025-12-20,0
5752,2025-12-21,0
5762,2025-11-22,0
5762,2025-11-23,0
5762,2025-11-24,0
5762,2025-11-25,0
5762,2025-11-26,0
5762,2025-11-27,0
5762,2025-11-28,0
5762,2025-11-29,0
5762,2025-11-30,0
5762,2025-12-01,0
5762,2025-12-02,0
5762,2025-12-03,0
5762,2025-12-04,0
5762,2025-12-05,0
5762,2025-12-06,0
5762,2025-12-07,0
5762,2025-12-08,0
5762,2025-12-09,0
5762,2025-12-10,0
5762,2025-12-11,0
5762,2025-12-12,0
5762,2025-12-13,0
5762,2025-12-14,0
5762,2025-12-15,0
5762,2025-12-16,0
5762,2025-12-17,0
5762,2025-12-18,0
5762,2025-12-19,0
5762,2025-12-20,0
5762,2025-12-21,0
5799,2025-11-22,0
5799,2025-11-23,0
5799,2025-11-24,0
5799,2025-11-25,0
5799,2025-11-26,0
5799,2025-11-27,0
5799,2025-11-28,0
5799,2025-11-29,0
5799,2025-11-30,0
5799,2025-12-01,0
5799,2025-12-02,0
5799,2025-12-03,0
5799,2025-12-04,0
5799,2025-12-05,0
5799,2025-12-06,0
5799,2025-12-07,0
5799,2025-12-08,0
5799,2025-12-09,0
5799,2025-12-10,0
5799,2025-12-11,0
5799,2025-12-12,0
5799,2025-12-13,0
5799,2025-12-14,0
5799,2025-12-15,0
5799,2025-12-16,0
5799,2025-12-17,0
5799,2025-12-18,0
5799,2025-12-19,0
5799,2025-12-20,0
5799,2025-12-21,0
5802,2025-11-22,110
5802,2025-11-23,84
5802,2025-11-24,60
5802,2025-11-25,46
5802,2025-11-26,115
5802,2025-11-27,174
5802,2025-11-28,53
5802,2025-11-29,54
5802,2025-11-30,50
5802,2025-12-01,49
5802,2025-12-02,49
5802,2025-12-03,61
5802,2025-12-04,132
5802,2025-12-05,55
5802,2025-12-06,53
5802,2025-12-07,48
5802,2025-12-08,51
5802,2025-12-09,55
5802,2025-12-10,75
5802,2025-12-11,162
5802,2025-12-12,54
5802,2025-12-13,44
5802,2025-12-14,42
5802,2025-12-15,50
5802,2025-12-16,56
5802,2025-12-17,83
5802,2025-12-18,115
5802,2025-12-19,60
5802,2025-12-20,48
5802,2025-12-21,39
5818,2025-11-22,21
5818,2025-11-23,28
5818,2025-11-24,16
5818,2025-11-25,24
5818,2025-11-26,32
5818,2025-11-27,49
5818,2025-11-28,11
5818,2025-11-29,8
5818,2025-11-30,9
5818,2025-12-01,16
5818,2025-12-02,19
5818,2025-12-03,25
5818,2025-12-04,69
5818,2025-12-05,17
5818,2025-12-06,15
5818,2025-12-07,15
5818,2025-12-08,15
5818,2025-12-09,16
5818,2025-12-10,19
5818,2025-12-11,60
5818,2025-12-12,15
5818,2025-12-13,15
5818,2025-12-14,14
5818,2025-12-15,16
5818,2025-12-16,17
5818,2025-12-17,21
5818,2025-12-18,58
5818,2025-12-19,18
5818,2025-12-20,16
5818,2025-12-21,12
5842,2025-11-22,14
5842,2025-11-23,15
5842,2025-11-24,14
5842,2025-11-25,16
5842,2025-11-26,18
5842,2025-11-27,22
5842,2025-11-28,13
5842,2025-11-29,16
5842,2025-11-30,17
5842,2025-12-01,20
5842,2025-12-02,17
5842,2025-12-03,18
5842,2025-12-04,33
5842,2025-12-05,18
5842,2025-12-06,22
5842,2025-12-07,22
5842,2025-12-08,25
5842,2025-12-09,24
5842,2025-12-10,23
5842,2025-12-11,34
5842,2025-12-12,27
5842,2025-12-13,25
5842,2025-12-14,22
5842,2025-12-15,27
5842,2025-12-16,27
5842,2025-12-17,25
5842,2025-12-18,25
5842,2025-12-19,17
5842,2025-12-20,23
5842,2025-12-21,21
5850,2025-11-22,0
5850,2025-11-23,0
5850,2025-11-24,0
5850,2025-11-25,0
5850,2025-11-26,0
5850,2025-11-27,0
5850,2025-11-28,0
5850,2025-11-29,0
5850,2025-11-30,0
5850,2025-12-01,0
5850,2025-12-02,0
5850,2025-12-03,0
5850,2025-12-04,0
5850,2025-12-05,0
5850,2025-12-06,0
5850,2025-12-07,0
5850,2025-12-08,0
5850,2025-12-09,0
5850,2025-12-10,0
5850,2025-12-11,0
5850,2025-12-12,0
5850,2025-12-13,0
5850,2025-12-14,0
5850,2025-12-15,0
5850,2025-12-16,0
5850,2025-12-17,0
5850,2025-12-18,0
5850,2025-12-19,0
5850,2025-12-20,0
5850,2025-12-21,0
5927,2025-11-22,1018
5927,2025-11-23,971
5927,2025-11-24,693
5927,2025-11-25,700
5927,2025-11-26,939
5927,2025-11-27,1292
5927,2025-11-28,435
5927,2025-11-29,332
5927,2025-11-30,318
5927,2025-12-01,278
5927,2025-12-02,333
5927,2025-12-03,619
5927,2025-12-04,1104
5927,2025-12-05,320
5927,2025-12-06,352
5927,2025-12-07,329
5927,2025-12-08,271
5927,2025-12-09,300
5927,2025-12-10,442
5927,2025-12-11,723
5927,2025-12-12,304
5927,2025-12-13,222
5927,2025-12-14,205
5927,2025-12-15,235
5927,2025-12-16,368
5927,2025-12-17,505
5927,2025-12-18,495
5927,2025-12-19,286
5927,2025-12-20,197
5927,2025-12-21,166
5933,2025-11-22,4
5933,2025-11-23,12
5933,2025-11-24,14
5933,2025-11-25,7
5933,2025-11-26,15
5933,2025-11-27,9
5933,2025-11-28,8
5933,2025-11-29,4
5933,2025-11-30,7
5933,2025-12-01,10
5933,2025-12-02,11
5933,2025-12-03,13
5933,2025-12-04,15
5933,2025-12-05,10
5933,2025-12-06,12
5933,2025-12-07,9
5933,2025-12-08,11
5933,2025-12-09,11
5933,2025-12-10,9
5933,2025-12-11,12
5933,2025-12-12,10
5933,2025-12-13,10
5933,2025-12-14,8
5933,2025-12-15,12
5933,2025-12-16,12
5933,2025-12-17,13
5933,2025-12-18,11
5933,2025-12-19,8
5933,2025-12-20,8
5933,2025-12-21,4
5936,2025-11-22,18
5936,2025-11-23,19
5936,2025-11-24,10
5936,2025-11-25,3
5936,2025-11-26,12
5936,2025-11-27,10
5936,2025-11-28,27
5936,2025-11-29,11
5936,2025-11-30,12
5936,2025-12-01,12
5936,2025-12-02,12
5936,2025-12-03,10
5936,2025-12-04,24
5936,2025-12-05,9
5936,2025-12-06,12
5936,2025-12-07,9
5936,2025-12-08,8
5936,2025-12-09,10
5936,2025-12-10,15
5936,2025-12-11,35
5936,2025-12-12,11
5936,2025-12-13,9
5936,2025-12-14,8
5936,2025-12-15,9
5936,2025-12-16,11
5936,2025-12-17,17
5936,2025-12-18,26
5936,2025-12-19,14
5936,2025-12-20,10
5936,2025-12-21,7
5947,2025-11-22,153
5947,2025-11-23,126
5947,2025-11-24,130
5947,2025-11-25,137
5947,2025-11-26,240
5947,2025-11-27,231
5947,2025-11-28,53
5947,2025-11-29,48
5947,2025-11-30,54
5947,2025-12-01,51
5947,2025-12-02,74
5947,2025-12-03,121
5947,2025-12-04,157
5947,2025-12-05,58
5947,2025-12-06,62
5947,2025-12-07,56
5947,2025-12-08,56
5947,2025-12-09,56
5947,2025-12-10,98
5947,2025-12-11,215
5947,2025-12-12,61
5947,2025-12-13,37
5947,2025-12-14,37
5947,2025-12-15,57
5947,2025-12-16,54
5947,2025-12-17,70
5947,2025-12-18,132
5947,2025-12-19,51
5947,2025-12-20,38
5947,2025-12-21,28
5951,2025-11-22,0
5951,2025-11-23,0
5951,2025-11-24,0
5951,2025-11-25,0
5951,2025-11-26,0
5951,2025-11-27,0
5951,2025-11-28,0
5951,2025-11-29,0
5951,2025-11-30,0
5951,2025-12-01,0
5951,2025-12-02,0
5951,2025-12-03,0
5951,2025-12-04,0
5951,2025-12-05,0
5951,2025-12-06,0
5951,2025-12-07,0
5951,2025-12-08,0
5951,2025-12-09,0
5951,2025-12-10,0
5951,2025-12-11,0
5951,2025-12-12,0
5951,2025-12-13,0
5951,2025-12-14,0
5951,2025-12-15,0
5951,2025-12-16,0
5951,2025-12-17,0
5951,2025-12-18,0
5951,2025-12-19,0
5951,2025-12-20,0
5951,2025-12-21,0
5986,2025-11-22,558
5986,2025-11-23,1223
5986,2025-11-24,790
5986,2025-11-25,606
5986,2025-11-26,870
5986,2025-11-27,3000
5986,2025-11-28,902
5986,2025-11-29,689
5986,2025-11-30,564
5986,2025-12-01,605
5986,2025-12-02,709
5986,2025-12-03,1113
5986,2025-12-04,4532
5986,2025-12-05,880
5986,2025-12-06,701
5986,2025-12-07,656
5986,2025-12-08,671
5986,2025-12-09,687
5986,2025-12-10,1056
5986,2025-12-11,4455
5986,2025-12-12,1195
5986,2025-12-13,682
5986,2025-12-14,651
5986,2025-12-15,749
5986,2025-12-16,790
5986,2025-12-17,1391
5986,2025-12-18,5110
5986,2025-12-19,1278
5986,2025-12-20,858
5986,2025-12-21,599
6037,2025-11-22,91
6037,2025-11-23,85
6037,2025-11-24,81
6037,2025-11-25,88
6037,2025-11-26,96
6037,2025-11-27,106
6037,2025-11-28,59
6037,2025-11-29,63
6037,2025-11-30,66
6037,2025-12-01,69
6037,2025-12-02,62
6037,2025-12-03,56
6037,2025-12-04,90
6037,2025-12-05,55
6037,2025-12-06,75
6037,2025-12-07,73
6037,2025-12-08,75
6037,2025-12-09,76
6037,2025-12-10,79
6037,2025-12-11,115
6037,2025-12-12,71
6037,2025-12-13,78
6037,2025-12-14,71
6037,2025-12-15,84
6037,2025-12-16,92
6037,2025-12-17,93
6037,2025-12-18,131
6037,2025-12-19,86
6037,2025-12-20,99
6037,2025-12-21,66
6081,2025-11-22,1
6081,2025-11-23,0
6081,2025-11-24,4
6081,2025-11-25,1
6081,2025-11-26,2
6081,2025-11-27,2
6081,2025-11-28,1
6081,2025-11-29,1
6081,2025-11-30,2
6081,2025-12-01,4
6081,2025-12-02,2
6081,2025-12-03,2
6081,2025-12-04,4
6081,2025-12-05,3
6081,2025-12-06,3
6081,2025-12-07,4
6081,2025-12-08,4
6081,2025-12-09,4
6081,2025-12-10,5
6081,2025-12-11,6
6081,2025-12-12,4
6081,2025-12-13,5
6081,2025-12-14,3
6081,2025-12-15,4
6081,2025-12-16,4
6081,2025-12-17,4
6081,2025-12-18,4
6081,2025-12-19,3
6081,2025-12-20,4
6081,2025-12-21,3
6093,2025-11-22,480
6093,2025-11-23,475
6093,2025-11-24,413
6093,2025-11-25,384
6093,2025-11-26,497
6093,2025-11-27,1171
6093,2025-11-28,563
6093,2025-11-29,277
6093,2025-11-30,268
6093,2025-12-01,318
6093,2025-12-02,375
6093,2025-12-03,553
6093,2025-12-04,1000
6093,2025-12-05,693
6093,2025-12-06,389
6093,2025-12-07,340
6093,2025-12-08,327
6093,2025-12-09,383
6093,2025-12-10,452
6093,2025-12-11,1201
6093,2025-12-12,528
6093,2025-12-13,462
6093,2025-12-14,360
6093,2025-12-15,340
6093,2025-12-16,394
6093,2025-12-17,540
6093,2025-12-18,851
6093,2025-12-19,386
6093,2025-12-20,327
6093,2025-12-21,262
6095,2025-11-22,196
6095,2025-11-23,290
6095,2025-11-24,142
6095,2025-11-25,139
6095,2025-11-26,222
6095,2025-11-27,519
6095,2025-11-28,58
6095,2025-11-29,53
6095,2025-11-30,44
6095,2025-12-01,56
6095,2025-12-02,73
6095,2025-12-03,135
6095,2025-12-04,276
6095,2025-12-05,66
6095,2025-12-06,92
6095,2025-12-07,86
6095,2025-12-08,80
6095,2025-12-09,71
6095,2025-12-10,148
6095,2025-12-11,341
6095,2025-12-12,71
6095,2025-12-13,66
6095,2025-12-14,63
6095,2025-12-15,80
6095,2025-12-16,128
6095,2025-12-17,166
6095,2025-12-18,365
6095,2025-12-19,90
6095,2025-12-20,88
6095,2025-12-21,46
6126,2025-11-22,0
6126,2025-11-23,0
6126,2025-11-24,0
6126,2025-11-25,0
6126,2025-11-26,0
6126,2025-11-27,0
6126,2025-11-28,0
6126,2025-11-29,0
6126,2025-11-30,0
6126,2025-12-01,0
6126,2025-12-02,0
6126,2025-12-03,0
6126,2025-12-04,0
6126,2025-12-05,0
6126,2025-12-06,0
6126,2025-12-07,0
6126,2025-12-08,0
6126,2025-12-09,0
6126,2025-12-10,0
6126,2025-12-11,0
6126,2025-12-12,0
6126,2025-12-13,0
6126,2025-12-14,0
6126,2025-12-15,0
6126,2025-12-16,0
6126,2025-12-17,0
6126,2025-12-18,0
6126,2025-12-19,0
6126,2025-12-20,0
6126,2025-12-21,0
6179,2025-11-22,1
6179,2025-11-23,0
6179,2025-11-24,0
6179,2025-11-25,3
6179,2025-11-26,4
6179,2025-11-27,5
6179,2025-11-28,4
6179,2025-11-29,0
6179,2025-11-30,0
6179,2025-12-01,0
6179,2025-12-02,0
6179,2025-12-03,0
6179,2025-12-04,0
6179,2025-12-05,0
6179,2025-12-06,0
6179,2025-12-07,0
6179,2025-12-08,0
6179,2025-12-09,0
6179,2025-12-10,0
6179,2025-12-11,0
6179,2025-12-12,6
6179,2025-12-13,0
6179,2025-12-14,5
6179,2025-12-15,0
6179,2025-12-16,0
6179,2025-12-17,0
6179,2025-12-18,0
6179,2025-12-19,0
6179,2025-12-20,0
6179,2025-12-21,0
6197,2025-11-22,4
6197,2025-11-23,4
6197,2025-11-24,0
6197,2025-11-25,4
6197,2025-11-26,0
6197,2025-11-27,0
6197,2025-11-28,0
6197,2025-11-29,0
6197,2025-11-30,0
6197,2025-12-01,0
6197,2025-12-02,0
6197,2025-12-03,0
6197,2025-12-04,3
6197,2025-12-05,0
6197,2025-12-06,0
6197,2025-12-07,0
6197,2025-12-08,0
6197,2025-12-09,0
6197,2025-12-10,0
6197,2025-12-11,0
6197,2025-12-12,0
6197,2025-12-13,0
6197,2025-12-14,0
6197,2025-12-15,0
6197,2025-12-16,0
6197,2025-12-17,0
6197,2025-12-18,0
6197,2025-12-19,0
6197,2025-12-20,0
6197,2025-12-21,0
6235,2025-11-22,2
6235,2025-11-23,2
6235,2025-11-24,1
6235,2025-11-25,1
6235,2025-11-26,1
6235,2025-11-27,1
6235,2025-11-28,1
6235,2025-11-29,1
6235,2025-11-30,1
6235,2025-12-01,1
6235,2025-12-02,1
6235,2025-12-03,1
6235,2025-12-04,1
6235,2025-12-05,1
6235,2025-12-06,1
6235,2025-12-07,3
6235,2025-12-08,1
6235,2025-12-09,1
6235,2025-12-10,1
6235,2025-12-11,2
6235,2025-12-12,1
6235,2025-12-13,1
6235,2025-12-14,1
6235,2025-12-15,1
6235,2025-12-16,1
6235,2025-12-17,1
6235,2025-12-18,2
6235,2025-12-19,1
6235,2025-12-20,1
6235,2025-12-21,0
6248,2025-11-22,1558
6248,2025-11-23,1503
6248,2025-11-24,1311
6248,2025-11-25,1440
6248,2025-11-26,2445
6248,2025-11-27,3637
6248,2025-11-28,1068
6248,2025-11-29,699
6248,2025-11-30,758
6248,2025-12-01,726
6248,2025-12-02,861
6248,2025-12-03,1452
6248,2025-12-04,2982
6248,2025-12-05,1317
6248,2025-12-06,1053
6248,2025-12-07,959
6248,2025-12-08,893
6248,2025-12-09,1001
6248,2025-12-10,1539
6248,2025-12-11,3347
6248,2025-12-12,1056
6248,2025-12-13,863
6248,2025-12-14,959
6248,2025-12-15,1005
6248,2025-12-16,1033
6248,2025-12-17,1361
6248,2025-12-18,2224
6248,2025-12-19,877
6248,2025-12-20,949
6248,2025-12-21,625
6249,2025-11-22,19
6249,2025-11-23,56
6249,2025-11-24,22
6249,2025-11-25,25
6249,2025-11-26,39
6249,2025-11-27,52
6249,2025-11-28,20
6249,2025-11-29,21
6249,2025-11-30,27
6249,2025-12-01,21
6249,2025-12-02,21
6249,2025-12-03,29
6249,2025-12-04,45
6249,2025-12-05,21
6249,2025-12-06,24
6249,2025-12-07,24
6249,2025-12-08,23
6249,2025-12-09,23
6249,2025-12-10,29
6249,2025-12-11,38
6249,2025-12-12,19
6249,2025-12-13,26
6249,2025-12-14,23
6249,2025-12-15,27
6249,2025-12-16,28
6249,2025-12-17,31
6249,2025-12-18,41
6249,2025-12-19,29
6249,2025-12-20,27
6249,2025-12-21,22
6261,2025-11-22,10
6261,2025-11-23,20
6261,2025-11-24,13
6261,2025-11-25,18
6261,2025-11-26,17
6261,2025-11-27,53
6261,2025-11-28,15
6261,2025-11-29,7
6261,2025-11-30,10
6261,2025-12-01,11
6261,2025-12-02,13
6261,2025-12-03,15
6261,2025-12-04,71
6261,2025-12-05,30
6261,2025-12-06,20
6261,2025-12-07,19
6261,2025-12-08,20
6261,2025-12-09,21
6261,2025-12-10,26
6261,2025-12-11,127
6261,2025-12-12,28
6261,2025-12-13,21
6261,2025-12-14,19
6261,2025-12-15,26
6261,2025-12-16,27
6261,2025-12-17,36
6261,2025-12-18,95
6261,2025-12-19,31
6261,2025-12-20,20
6261,2025-12-21,14
6268,2025-11-22,2495
6268,2025-11-23,2386
6268,2025-11-24,2221
6268,2025-11-25,2245
6268,2025-11-26,3500
6268,2025-11-27,4817
6268,2025-11-28,1667
6268,2025-11-29,1532
6268,2025-11-30,1388
6268,2025-12-01,1453
6268,2025-12-02,1338
6268,2025-12-03,2331
6268,2025-12-04,3822
6268,2025-12-05,1687
6268,2025-12-06,1286
6268,2025-12-07,1160
6268,2025-12-08,1243
6268,2025-12-09,1344
6268,2025-12-10,2375
6268,2025-12-11,4150
6268,2025-12-12,1654
6268,2025-12-13,1298
6268,2025-12-14,1035
6268,2025-12-15,1089
6268,2025-12-16,1360
6268,2025-12-17,2506
6268,2025-12-18,3216
6268,2025-12-19,1384
6268,2025-12-20,1115
6268,2025-12-21,751
6287,2025-11-22,62
6287,2025-11-23,76
6287,2025-11-24,63
6287,2025-11-25,60
6287,2025-11-26,73
6287,2025-11-27,98
6287,2025-11-28,56
6287,2025-11-29,45
6287,2025-11-30,58
6287,2025-12-01,45
6287,2025-12-02,53
6287,2025-12-03,59
6287,2025-12-04,110
6287,2025-12-05,62
6287,2025-12-06,60
6287,2025-12-07,60
6287,2025-12-08,58
6287,2025-12-09,60
6287,2025-12-10,62
6287,2025-12-11,115
6287,2025-12-12,58
6287,2025-12-13,61
6287,2025-12-14,58
6287,2025-12-15,70
6287,2025-12-16,69
6287,2025-12-17,69
6287,2025-12-18,108
6287,2025-12-19,76
6287,2025-12-20,69
6287,2025-12-21,51
6379,2025-11-22,0
6379,2025-11-23,0
6379,2025-11-24,0
6379,2025-11-25,0
6379,2025-11-26,0
6379,2025-11-27,0
6379,2025-11-28,0
6379,2025-11-29,0
6379,2025-11-30,0
6379,2025-12-01,0
6379,2025-12-02,0
6379,2025-12-03,0
6379,2025-12-04,0
6379,2025-12-05,0
6379,2025-12-06,0
6379,2025-12-07,0
6379,2025-12-08,0
6379,2025-12-09,0
6379,2025-12-10,0
6379,2025-12-11,0
6379,2025-12-12,0
6379,2025-12-13,0
6379,2025-12-14,0
6379,2025-12-15,0
6379,2025-12-16,0
6379,2025-12-17,0
6379,2025-12-18,0
6379,2025-12-19,0
6379,2025-12-20,0
6379,2025-12-21,0
6397,2025-11-22,0
6397,2025-11-23,0
6397,2025-11-24,0
6397,2025-11-25,0
6397,2025-11-26,0
6397,2025-11-27,0
6397,2025-11-28,0
6397,2025-11-29,0
6397,2025-11-30,0
6397,2025-12-01,0
6397,2025-12-02,0
6397,2025-12-03,0
6397,2025-12-04,0
6397,2025-12-05,0
6397,2025-12-06,1
6397,2025-12-07,1
6397,2025-12-08,1
6397,2025-12-09,1
6397,2025-12-10,1
6397,2025-12-11,1
6397,2025-12-12,1
6397,2025-12-13,1
6397,2025-12-14,1
6397,2025-12-15,1
6397,2025-12-16,1
6397,2025-12-17,1
6397,2025-12-18,1
6397,2025-12-19,1
6397,2025-12-20,1
6397,2025-12-21,0
6418,2025-11-22,49
6418,2025-11-23,64
6418,2025-11-24,51
6418,2025-11-25,37
6418,2025-11-26,52
6418,2025-11-27,123
6418,2025-11-28,41
6418,2025-11-29,21
6418,2025-11-30,22
6418,2025-12-01,26
6418,2025-12-02,25
6418,2025-12-03,40
6418,2025-12-04,121
6418,2025-12-05,30
6418,2025-12-06,41
6418,2025-12-07,49
6418,2025-12-08,49
6418,2025-12-09,56
6418,2025-12-10,87
6418,2025-12-11,266
6418,2025-12-12,57
6418,2025-12-13,36
6418,2025-12-14,38
6418,2025-12-15,50
6418,2025-12-16,69
6418,2025-12-17,96
6418,2025-12-18,214
6418,2025-12-19,69
6418,2025-12-20,62
6418,2025-12-21,34
6430,2025-11-22,2
6430,2025-11-23,3
6430,2025-11-24,3
6430,2025-11-25,3
6430,2025-11-26,3
6430,2025-11-27,15
6430,2025-11-28,3
6430,2025-11-29,3
6430,2025-11-30,3
6430,2025-12-01,5
6430,2025-12-02,3
6430,2025-12-03,6
6430,2025-12-04,14
6430,2025-12-05,4
6430,2025-12-06,5
6430,2025-12-07,4
6430,2025-12-08,4
6430,2025-12-09,4
6430,2025-12-10,5
6430,2025-12-11,13
6430,2025-12-12,4
6430,2025-12-13,4
6430,2025-12-14,4
6430,2025-12-15,5
6430,2025-12-16,5
6430,2025-12-17,5
6430,2025-12-18,11
6430,2025-12-19,5
6430,2025-12-20,4
6430,2025-12-21,3
6473,2025-11-22,0
6473,2025-11-23,0
6473,2025-11-24,0
6473,2025-11-25,0
6473,2025-11-26,0
6473,2025-11-27,0
6473,2025-11-28,0
6473,2025-11-29,0
6473,2025-11-30,0
6473,2025-12-01,0
6473,2025-12-02,0
6473,2025-12-03,0
6473,2025-12-04,0
6473,2025-12-05,0
6473,2025-12-06,0
6473,2025-12-07,0
6473,2025-12-08,0
6473,2025-12-09,0
6473,2025-12-10,0
6473,2025-12-11,0
6473,2025-12-12,0
6473,2025-12-13,0
6473,2025-12-14,0
6473,2025-12-15,0
6473,2025-12-16,0
6473,2025-12-17,0
6473,2025-12-18,0
6473,2025-12-19,0
6473,2025-12-20,0
6473,2025-12-21,0
6507,2025-11-22,6
6507,2025-11-23,6
6507,2025-11-24,3
6507,2025-11-25,3
6507,2025-11-26,7
6507,2025-11-27,8
6507,2025-11-28,3
6507,2025-11-29,0
6507,2025-11-30,2
6507,2025-12-01,2
6507,2025-12-02,2
6507,2025-12-03,5
6507,2025-12-04,5
6507,2025-12-05,1
6507,2025-12-06,5
6507,2025-12-07,5
6507,2025-12-08,3
6507,2025-12-09,4
6507,2025-12-10,2
6507,2025-12-11,5
6507,2025-12-12,1
6507,2025-12-13,1
6507,2025-12-14,1
6507,2025-12-15,2
6507,2025-12-16,2
6507,2025-12-17,2
6507,2025-12-18,3
6507,2025-12-19,2
6507,2025-12-20,1
6507,2025-12-21,1
6520,2025-11-22,4263
6520,2025-11-23,3710
6520,2025-11-24,3570
6520,2025-11-25,3842
6520,2025-11-26,3842
6520,2025-11-27,3456
6520,2025-11-28,1763
6520,2025-11-29,1841
6520,2025-11-30,1871
6520,2025-12-01,2448
6520,2025-12-02,2663
6520,2025-12-03,3120
6520,2025-12-04,4026
6520,2025-12-05,2314
6520,2025-12-06,2778
6520,2025-12-07,2713
6520,2025-12-08,2847
6520,2025-12-09,3320
6520,2025-12-10,3028
6520,2025-12-11,4102
6520,2025-12-12,2690
6520,2025-12-13,2613
6520,2025-12-14,2470
6520,2025-12-15,2948
6520,2025-12-16,3616
6520,2025-12-17,4589
6520,2025-12-18,4632
6520,2025-12-19,2812
6520,2025-12-20,2734
6520,2025-12-21,1685
6553,2025-11-22,2
6553,2025-11-23,2
6553,2025-11-24,0
6553,2025-11-25,0
6553,2025-11-26,1
6553,2025-11-27,2
6553,2025-11-28,1
6553,2025-11-29,2
6553,2025-11-30,2
6553,2025-12-01,3
6553,2025-12-02,1
6553,2025-12-03,2
6553,2025-12-04,6
6553,2025-12-05,1
6553,2025-12-06,2
6553,2025-12-07,2
6553,2025-12-08,2
6553,2025-12-09,2
6553,2025-12-10,2
6553,2025-12-11,6
6553,2025-12-12,1
6553,2025-12-13,1
6553,2025-12-14,1
6553,2025-12-15,2
6553,2025-12-16,3
6553,2025-12-17,4
6553,2025-12-18,6
6553,2025-12-19,3
6553,2025-12-20,3
6553,2025-12-21,1
6563,2025-11-22,8
6563,2025-11-23,7
6563,2025-11-24,7
6563,2025-11-25,3
6563,2025-11-26,6
6563,2025-11-27,8
6563,2025-11-28,3
6563,2025-11-29,3
6563,2025-11-30,3
6563,2025-12-01,3
6563,2025-12-02,4
6563,2025-12-03,5
6563,2025-12-04,8
6563,2025-12-05,7
6563,2025-12-06,4
6563,2025-12-07,4
6563,2025-12-08,4
6563,2025-12-09,4
6563,2025-12-10,4
6563,2025-12-11,11
6563,2025-12-12,4
6563,2025-12-13,4
6563,2025-12-14,4
6563,2025-12-15,4
6563,2025-12-16,5
6563,2025-12-17,5
6563,2025-12-18,8
6563,2025-12-19,5
6563,2025-12-20,5
6563,2025-12-21,1
6593,2025-11-22,0
6593,2025-11-23,0
6593,2025-11-24,0
6593,2025-11-25,0
6593,2025-11-26,0
6593,2025-11-27,1
6593,2025-11-28,0
6593,2025-11-29,0
6593,2025-11-30,0
6593,2025-12-01,0
6593,2025-12-02,0
6593,2025-12-03,0
6593,2025-12-04,0
6593,2025-12-05,0
6593,2025-12-06,0
6593,2025-12-07,0
6593,2025-12-08,0
6593,2025-12-09,0
6593,2025-12-10,0
6593,2025-12-11,0
6593,2025-12-12,0
6593,2025-12-13,0
6593,2025-12-14,1
6593,2025-12-15,0
6593,2025-12-16,0
6593,2025-12-17,0
6593,2025-12-18,0
6593,2025-12-19,0
6593,2025-12-20,0
6593,2025-12-21,0
6603,2025-11-22,0
6603,2025-11-23,0
6603,2025-11-24,0
6603,2025-11-25,0
6603,2025-11-26,0
6603,2025-11-27,0
6603,2025-11-28,0
6603,2025-11-29,0
6603,2025-11-30,0
6603,2025-12-01,0
6603,2025-12-02,0
6603,2025-12-03,0
6603,2025-12-04,0
6603,2025-12-05,0
6603,2025-12-06,0
6603,2025-12-07,0
6603,2025-12-08,0
6603,2025-12-09,0
6603,2025-12-10,0
6603,2025-12-11,0
6603,2025-12-12,0
6603,2025-12-13,0
6603,2025-12-14,0
6603,2025-12-15,0
6603,2025-12-16,0
6603,2025-12-17,0
6603,2025-12-18,0
6603,2025-12-19,0
6603,2025-12-20,0
6603,2025-12-21,0
6613,2025-11-22,5
6613,2025-11-23,4
6613,2025-11-24,3
6613,2025-11-25,3
6613,2025-11-26,6
6613,2025-11-27,7
6613,2025-11-28,1
6613,2025-11-29,1
6613,2025-11-30,2
6613,2025-12-01,2
6613,2025-12-02,2
6613,2025-12-03,12
6613,2025-12-04,22
6613,2025-12-05,12
6613,2025-12-06,3
6613,2025-12-07,3
6613,2025-12-08,2
6613,2025-12-09,4
6613,2025-12-10,4
6613,2025-12-11,10
6613,2025-12-12,3
6613,2025-12-13,2
6613,2025-12-14,2
6613,2025-12-15,2
6613,2025-12-16,3
6613,2025-12-17,4
6613,2025-12-18,8
6613,2025-12-19,3
6613,2025-12-20,3
6613,2025-12-21,2
6662,2025-11-22,78
6662,2025-11-23,68
6662,2025-11-24,87
6662,2025-11-25,91
6662,2025-11-26,85
6662,2025-11-27,218
6662,2025-11-28,85
6662,2025-11-29,59
6662,2025-11-30,71
6662,2025-12-01,67
6662,2025-12-02,80
6662,2025-12-03,94
6662,2025-12-04,280
6662,2025-12-05,105
6662,2025-12-06,90
6662,2025-12-07,82
6662,2025-12-08,91
6662,2025-12-09,84
6662,2025-12-10,94
6662,2025-12-11,268
6662,2025-12-12,92
6662,2025-12-13,81
6662,2025-12-14,82
6662,2025-12-15,92
6662,2025-12-16,89
6662,2025-12-17,90
6662,2025-12-18,253
6662,2025-12-19,89
6662,2025-12-20,91
6662,2025-12-21,63
6692,2025-11-22,0
6692,2025-11-23,0
6692,2025-11-24,0
6692,2025-11-25,0
6692,2025-11-26,0
6692,2025-11-27,0
6692,2025-11-28,0
6692,2025-11-29,0
6692,2025-11-30,0
6692,2025-12-01,0
6692,2025-12-02,0
6692,2025-12-03,0
6692,2025-12-04,0
6692,2025-12-05,0
6692,2025-12-06,0
6692,2025-12-07,0
6692,2025-12-08,0
6692,2025-12-09,0
6692,2025-12-10,0
6692,2025-12-11,0
6692,2025-12-12,0
6692,2025-12-13,0
6692,2025-12-14,0
6692,2025-12-15,0
6692,2025-12-16,0
6692,2025-12-17,0
6692,2025-12-18,0
6692,2025-12-19,0
6692,2025-12-20,0
6692,2025-12-21,0
6720,2025-11-22,17
6720,2025-11-23,43
6720,2025-11-24,23
6720,2025-11-25,13
6720,2025-11-26,35
6720,2025-11-27,148
6720,2025-11-28,23
6720,2025-11-29,11
6720,2025-11-30,12
6720,2025-12-01,15
6720,2025-12-02,19
6720,2025-12-03,25
6720,2025-12-04,111
6720,2025-12-05,15
6720,2025-12-06,21
6720,2025-12-07,18
6720,2025-12-08,21
6720,2025-12-09,17
6720,2025-12-10,33
6720,2025-12-11,100
6720,2025-12-12,14
6720,2025-12-13,16
6720,2025-12-14,16
6720,2025-12-15,21
6720,2025-12-16,21
6720,2025-12-17,37
6720,2025-12-18,88
6720,2025-12-19,18
6720,2025-12-20,17
6720,2025-12-21,12
6728,2025-11-22,0
6728,2025-11-23,0
6728,2025-11-24,0
6728,2025-11-25,0
6728,2025-11-26,1
6728,2025-11-27,1
6728,2025-11-28,1
6728,2025-11-29,1
6728,2025-11-30,1
6728,2025-12-01,1
6728,2025-12-02,1
6728,2025-12-03,0
6728,2025-12-04,0
6728,2025-12-05,0
6728,2025-12-06,0
6728,2025-12-07,0
6728,2025-12-08,0
6728,2025-12-09,0
6728,2025-12-10,0
6728,2025-12-11,0
6728,2025-12-12,0
6728,2025-12-13,0
6728,2025-12-14,0
6728,2025-12-15,0
6728,2025-12-16,0
6728,2025-12-17,0
6728,2025-12-18,0
6728,2025-12-19,0
6728,2025-12-20,0
6728,2025-12-21,0
6733,2025-11-22,99
6733,2025-11-23,87
6733,2025-11-24,94
6733,2025-11-25,91
6733,2025-11-26,131
6733,2025-11-27,141
6733,2025-11-28,62
6733,2025-11-29,63
6733,2025-11-30,59
6733,2025-12-01,63
6733,2025-12-02,63
6733,2025-12-03,98
6733,2025-12-04,172
6733,2025-12-05,66
6733,2025-12-06,49
6733,2025-12-07,47
6733,2025-12-08,50
6733,2025-12-09,56
6733,2025-12-10,86
6733,2025-12-11,176
6733,2025-12-12,63
6733,2025-12-13,51
6733,2025-12-14,48
6733,2025-12-15,55
6733,2025-12-16,61
6733,2025-12-17,95
6733,2025-12-18,148
6733,2025-12-19,71
6733,2025-12-20,50
6733,2025-12-21,35
6738,2025-11-22,0
6738,2025-11-23,0
6738,2025-11-24,0
6738,2025-11-25,0
6738,2025-11-26,0
6738,2025-11-27,0
6738,2025-11-28,0
6738,2025-11-29,0
6738,2025-11-30,0
6738,2025-12-01,0
6738,2025-12-02,0
6738,2025-12-03,0
6738,2025-12-04,0
6738,2025-12-05,0
6738,2025-12-06,0
6738,2025-12-07,0
6738,2025-12-08,0
6738,2025-12-09,0
6738,2025-12-10,0
6738,2025-12-11,0
6738,2025-12-12,0
6738,2025-12-13,0
6738,2025-12-14,0
6738,2025-12-15,0
6738,2025-12-16,0
6738,2025-12-17,0
6738,2025-12-18,0
6738,2025-12-19,0
6738,2025-12-20,0
6738,2025-12-21,0
6752,2025-11-22,159
6752,2025-11-23,138
6752,2025-11-24,148
6752,2025-11-25,190
6752,2025-11-26,277
6752,2025-11-27,426
6752,2025-11-28,146
6752,2025-11-29,77
6752,2025-11-30,80
6752,2025-12-01,82
6752,2025-12-02,88
6752,2025-12-03,147
6752,2025-12-04,406
6752,2025-12-05,109
6752,2025-12-06,93
6752,2025-12-07,89
6752,2025-12-08,89
6752,2025-12-09,99
6752,2025-12-10,132
6752,2025-12-11,334
6752,2025-12-12,112
6752,2025-12-13,79
6752,2025-12-14,73
6752,2025-12-15,87
6752,2025-12-16,102
6752,2025-12-17,120
6752,2025-12-18,226
6752,2025-12-19,141
6752,2025-12-20,71
6752,2025-12-21,61
6753,2025-11-22,18
6753,2025-11-23,49
6753,2025-11-24,20
6753,2025-11-25,30
6753,2025-11-26,38
6753,2025-11-27,59
6753,2025-11-28,19
6753,2025-11-29,20
6753,2025-11-30,26
6753,2025-12-01,30
6753,2025-12-02,31
6753,2025-12-03,34
6753,2025-12-04,36
6753,2025-12-05,24
6753,2025-12-06,31
6753,2025-12-07,30
6753,2025-12-08,31
6753,2025-12-09,30
6753,2025-12-10,36
6753,2025-12-11,59
6753,2025-12-12,29
6753,2025-12-13,32
6753,2025-12-14,30
6753,2025-12-15,35
6753,2025-12-16,38
6753,2025-12-17,39
6753,2025-12-18,42
6753,2025-12-19,30
6753,2025-12-20,31
6753,2025-12-21,28
6782,2025-11-22,103
6782,2025-11-23,116
6782,2025-11-24,113
6782,2025-11-25,66
6782,2025-11-26,87
6782,2025-11-27,157
6782,2025-11-28,44
6782,2025-11-29,36
6782,2025-11-30,35
6782,2025-12-01,36
6782,2025-12-02,44
6782,2025-12-03,81
6782,2025-12-04,235
6782,2025-12-05,50
6782,2025-12-06,42
6782,2025-12-07,29
6782,2025-12-08,26
6782,2025-12-09,29
6782,2025-12-10,68
6782,2025-12-11,212
6782,2025-12-12,56
6782,2025-12-13,35
6782,2025-12-14,27
6782,2025-12-15,35
6782,2025-12-16,41
6782,2025-12-17,63
6782,2025-12-18,169
6782,2025-12-19,46
6782,2025-12-20,28
6782,2025-12-21,24
6862,2025-11-22,59
6862,2025-11-23,48
6862,2025-11-24,23
6862,2025-11-25,27
6862,2025-11-26,60
6862,2025-11-27,117
6862,2025-11-28,17
6862,2025-11-29,24
6862,2025-11-30,26
6862,2025-12-01,14
6862,2025-12-02,18
6862,2025-12-03,47
6862,2025-12-04,135
6862,2025-12-05,23
6862,2025-12-06,20
6862,2025-12-07,16
6862,2025-12-08,20
6862,2025-12-09,23
6862,2025-12-10,30
6862,2025-12-11,109
6862,2025-12-12,26
6862,2025-12-13,18
6862,2025-12-14,15
6862,2025-12-15,19
6862,2025-12-16,21
6862,2025-12-17,31
6862,2025-12-18,84
6862,2025-12-19,26
6862,2025-12-20,18
6862,2025-12-21,12
6886,2025-11-22,3066
6886,2025-11-23,2960
6886,2025-11-24,2822
6886,2025-11-25,2490
6886,2025-11-26,3159
6886,2025-11-27,3916
6886,2025-11-28,1533
6886,2025-11-29,1435
6886,2025-11-30,1607
6886,2025-12-01,1810
6886,2025-12-02,1871
6886,2025-12-03,2907
6886,2025-12-04,4344
6886,2025-12-05,1918
6886,2025-12-06,1790
6886,2025-12-07,1560
6886,2025-12-08,1544
6886,2025-12-09,1650
6886,2025-12-10,2631
6886,2025-12-11,4670
6886,2025-12-12,1854
6886,2025-12-13,1534
6886,2025-12-14,1359
6886,2025-12-15,1534
6886,2025-12-16,1996
6886,2025-12-17,2649
6886,2025-12-18,3568
6886,2025-12-19,1680
6886,2025-12-20,1498
6886,2025-12-21,1115
6888,2025-11-22,0
6888,2025-11-23,0
6888,2025-11-24,0
6888,2025-11-25,0
6888,2025-11-26,0
6888,2025-11-27,0
6888,2025-11-28,0
6888,2025-11-29,0
6888,2025-11-30,0
6888,2025-12-01,0
6888,2025-12-02,0
6888,2025-12-03,0
6888,2025-12-04,0
6888,2025-12-05,0
6888,2025-12-06,0
6888,2025-12-07,0
6888,2025-12-08,0
6888,2025-12-09,0
6888,2025-12-10,0
6888,2025-12-11,0
6888,2025-12-12,0
6888,2025-12-13,0
6888,2025-12-14,0
6888,2025-12-15,0
6888,2025-12-16,0
6888,2025-12-17,0
6888,2025-12-18,0
6888,2025-12-19,0
6888,2025-12-20,0
6888,2025-12-21,0
6912,2025-11-22,0
6912,2025-11-23,0
6912,2025-11-24,0
6912,2025-11-25,0
6912,2025-11-26,0
6912,2025-11-27,0
6912,2025-11-28,0
6912,2025-11-29,0
6912,2025-11-30,0
6912,2025-12-01,0
6912,2025-12-02,0
6912,2025-12-03,0
6912,2025-12-04,0
6912,2025-12-05,0
6912,2025-12-06,0
6912,2025-12-07,0
6912,2025-12-08,0
6912,2025-12-09,0
6912,2025-12-10,0
6912,2025-12-11,0
6912,2025-12-12,0
6912,2025-12-13,0
6912,2025-12-14,0
6912,2025-12-15,0
6912,2025-12-16,0
6912,2025-12-17,0
6912,2025-12-18,0
6912,2025-12-19,0
6912,2025-12-20,0
6912,2025-12-21,0
6930,2025-11-22,7
6930,2025-11-23,6
6930,2025-11-24,7
6930,2025-11-25,7
6930,2025-11-26,13
6930,2025-11-27,36
6930,2025-11-28,11
6930,2025-11-29,6
6930,2025-11-30,8
6930,2025-12-01,9
6930,2025-12-02,10
6930,2025-12-03,13
6930,2025-12-04,21
6930,2025-12-05,10
6930,2025-12-06,10
6930,2025-12-07,13
6930,2025-12-08,9
6930,2025-12-09,10
6930,2025-12-10,13
6930,2025-12-11,21
6930,2025-12-12,10
6930,2025-12-13,10
6930,2025-12-14,9
6930,2025-12-15,11
6930,2025-12-16,12
6930,2025-12-17,15
6930,2025-12-18,21
6930,2025-12-19,11
6930,2025-12-20,11
6930,2025-12-21,8
6986,2025-11-22,8
6986,2025-11-23,42
6986,2025-11-24,17
6986,2025-11-25,8
6986,2025-11-26,39
6986,2025-11-27,100
6986,2025-11-28,6
6986,2025-11-29,4
6986,2025-11-30,3
6986,2025-12-01,3
6986,2025-12-02,4
6986,2025-12-03,11
6986,2025-12-04,76
6986,2025-12-05,5
6986,2025-12-06,10
6986,2025-12-07,8
6986,2025-12-08,19
6986,2025-12-09,9
6986,2025-12-10,40
6986,2025-12-11,190
6986,2025-12-12,25
6986,2025-12-13,9
6986,2025-12-14,8
6986,2025-12-15,10
6986,2025-12-16,11
6986,2025-12-17,26
6986,2025-12-18,131
6986,2025-12-19,15
6986,2025-12-20,10
6986,2025-12-21,7
7008,2025-11-22,78
7008,2025-11-23,59
7008,2025-11-24,54
7008,2025-11-25,56
7008,2025-11-26,75
7008,2025-11-27,79
7008,2025-11-28,20
7008,2025-11-29,22
7008,2025-11-30,27
7008,2025-12-01,26
7008,2025-12-02,29
7008,2025-12-03,47
7008,2025-12-04,94
7008,2025-12-05,27
7008,2025-12-06,28
7008,2025-12-07,26
7008,2025-12-08,27
7008,2025-12-09,32
7008,2025-12-10,37
7008,2025-12-11,105
7008,2025-12-12,27
7008,2025-12-13,26
7008,2025-12-14,25
7008,2025-12-15,29
7008,2025-12-16,33
7008,2025-12-17,44
7008,2025-12-18,79
7008,2025-12-19,34
7008,2025-12-20,35
7008,2025-12-21,25
7029,2025-11-22,0
7029,2025-11-23,0
7029,2025-11-24,0
7029,2025-11-25,0
7029,2025-11-26,0
7029,2025-11-27,0
7029,2025-11-28,0
7029,2025-11-29,0
7029,2025-11-30,0
7029,2025-12-01,0
7029,2025-12-02,0
7029,2025-12-03,0
7029,2025-12-04,0
7029,2025-12-05,0
7029,2025-12-06,0
7029,2025-12-07,0
7029,2025-12-08,0
7029,2025-12-09,0
7029,2025-12-10,0
7029,2025-12-11,0
7029,2025-12-12,0
7029,2025-12-13,0
7029,2025-12-14,0
7029,2025-12-15,0
7029,2025-12-16,0
7029,2025-12-17,0
7029,2025-12-18,0
7029,2025-12-19,0
7029,2025-12-20,0
7029,2025-12-21,0
7039,2025-11-22,28
7039,2025-11-23,19
7039,2025-11-24,31
7039,2025-11-25,16
7039,2025-11-26,20
7039,2025-11-27,21
7039,2025-11-28,15
7039,2025-11-29,16
7039,2025-11-30,21
7039,2025-12-01,21
7039,2025-12-02,22
7039,2025-12-03,25
7039,2025-12-04,35
7039,2025-12-05,20
7039,2025-12-06,24
7039,2025-12-07,22
7039,2025-12-08,22
7039,2025-12-09,23
7039,2025-12-10,26
7039,2025-12-11,40
7039,2025-12-12,23
7039,2025-12-13,23
7039,2025-12-14,22
7039,2025-12-15,25
7039,2025-12-16,25
7039,2025-12-17,28
7039,2025-12-18,38
7039,2025-12-19,26
7039,2025-12-20,27
7039,2025-12-21,23
7040,2025-11-22,4
7040,2025-11-23,4
7040,2025-11-24,0
7040,2025-11-25,0
7040,2025-11-26,1
7040,2025-11-27,1
7040,2025-11-28,0
7040,2025-11-29,0
7040,2025-11-30,2
7040,2025-12-01,0
7040,2025-12-02,0
7040,2025-12-03,5
7040,2025-12-04,2
7040,2025-12-05,0
7040,2025-12-06,0
7040,2025-12-07,0
7040,2025-12-08,2
7040,2025-12-09,0
7040,2025-12-10,6
7040,2025-12-11,2
7040,2025-12-12,0
7040,2025-12-13,0
7040,2025-12-14,0
7040,2025-12-15,0
7040,2025-12-16,1
7040,2025-12-17,1
7040,2025-12-18,2
7040,2025-12-19,1
7040,2025-12-20,1
7040,2025-12-21,0
7049,2025-11-22,127
7049,2025-11-23,139
7049,2025-11-24,125
7049,2025-11-25,183
7049,2025-11-26,281
7049,2025-11-27,270
7049,2025-11-28,75
7049,2025-11-29,70
7049,2025-11-30,65
7049,2025-12-01,68
7049,2025-12-02,82
7049,2025-12-03,120
7049,2025-12-04,252
7049,2025-12-05,51
7049,2025-12-06,56
7049,2025-12-07,51
7049,2025-12-08,57
7049,2025-12-09,90
7049,2025-12-10,136
7049,2025-12-11,251
7049,2025-12-12,55
7049,2025-12-13,56
7049,2025-12-14,53
7049,2025-12-15,63
7049,2025-12-16,65
7049,2025-12-17,104
7049,2025-12-18,151
7049,2025-12-19,77
7049,2025-12-20,62
7049,2025-12-21,46
7058,2025-11-22,101
7058,2025-11-23,76
7058,2025-11-24,77
7058,2025-11-25,80
7058,2025-11-26,153
7058,2025-11-27,157
7058,2025-11-28,88
7058,2025-11-29,78
7058,2025-11-30,53
7058,2025-12-01,43
7058,2025-12-02,39
7058,2025-12-03,91
7058,2025-12-04,151
7058,2025-12-05,43
7058,2025-12-06,55
7058,2025-12-07,49
7058,2025-12-08,39
7058,2025-12-09,49
7058,2025-12-10,91
7058,2025-12-11,133
7058,2025-12-12,48
7058,2025-12-13,37
7058,2025-12-14,35
7058,2025-12-15,43
7058,2025-12-16,55
7058,2025-12-17,112
7058,2025-12-18,149
7058,2025-12-19,46
7058,2025-12-20,38
7058,2025-12-21,31
7127,2025-11-22,3762
7127,2025-11-23,3495
7127,2025-11-24,2791
7127,2025-11-25,3039
7127,2025-11-26,4691
7127,2025-11-27,6449
7127,2025-11-28,2772
7127,2025-11-29,1730
7127,2025-11-30,1711
7127,2025-12-01,1977
7127,2025-12-02,2175
7127,2025-12-03,3867
7127,2025-12-04,5728
7127,2025-12-05,2486
7127,2025-12-06,1856
7127,2025-12-07,1716
7127,2025-12-08,1766
7127,2025-12-09,1859
7127,2025-12-10,3049
7127,2025-12-11,5300
7127,2025-12-12,2136
7127,2025-12-13,1633
7127,2025-12-14,1611
7127,2025-12-15,1609
7127,2025-12-16,2038
7127,2025-12-17,3120
7127,2025-12-18,4241
7127,2025-12-19,1998
7127,2025-12-20,1640
7127,2025-12-21,1117
7154,2025-11-22,0
7154,2025-11-23,0
7154,2025-11-24,0
7154,2025-11-25,0
7154,2025-11-26,0
7154,2025-11-27,0
7154,2025-11-28,0
7154,2025-11-29,0
7154,2025-11-30,0
7154,2025-12-01,0
7154,2025-12-02,0
7154,2025-12-03,0
7154,2025-12-04,0
7154,2025-12-05,0
7154,2025-12-06,0
7154,2025-12-07,0
7154,2025-12-08,0
7154,2025-12-09,0
7154,2025-12-10,0
7154,2025-12-11,0
7154,2025-12-12,0
7154,2025-12-13,0
7154,2025-12-14,0
7154,2025-12-15,0
7154,2025-12-16,0
7154,2025-12-17,0
7154,2025-12-18,0
7154,2025-12-19,0
7154,2025-12-20,0
7154,2025-12-21,0
7201,2025-11-22,401
7201,2025-11-23,307
7201,2025-11-24,380
7201,2025-11-25,420
7201,2025-11-26,732
7201,2025-11-27,840
7201,2025-11-28,347
7201,2025-11-29,250
7201,2025-11-30,188
7201,2025-12-01,199
7201,2025-12-02,242
7201,2025-12-03,436
7201,2025-12-04,683
7201,2025-12-05,271
7201,2025-12-06,235
7201,2025-12-07,250
7201,2025-12-08,238
7201,2025-12-09,273
7201,2025-12-10,360
7201,2025-12-11,693
7201,2025-12-12,297
7201,2025-12-13,235
7201,2025-12-14,201
7201,2025-12-15,228
7201,2025-12-16,277
7201,2025-12-17,384
7201,2025-12-18,614
7201,2025-12-19,307
7201,2025-12-20,243
7201,2025-12-21,157
7221,2025-11-22,796
7221,2025-11-23,705
7221,2025-11-24,600
7221,2025-11-25,684
7221,2025-11-26,946
7221,2025-11-27,1326
7221,2025-11-28,504
7221,2025-11-29,421
7221,2025-11-30,469
7221,2025-12-01,463
7221,2025-12-02,514
7221,2025-12-03,860
7221,2025-12-04,1327
7221,2025-12-05,569
7221,2025-12-06,484
7221,2025-12-07,466
7221,2025-12-08,465
7221,2025-12-09,515
7221,2025-12-10,773
7221,2025-12-11,1418
7221,2025-12-12,538
7221,2025-12-13,410
7221,2025-12-14,368
7221,2025-12-15,404
7221,2025-12-16,448
7221,2025-12-17,720
7221,2025-12-18,1315
7221,2025-12-19,647
7221,2025-12-20,419
7221,2025-12-21,350
7222,2025-11-22,230
7222,2025-11-23,165
7222,2025-11-24,225
7222,2025-11-25,177
7222,2025-11-26,268
7222,2025-11-27,655
7222,2025-11-28,287
7222,2025-11-29,138
7222,2025-11-30,153
7222,2025-12-01,219
7222,2025-12-02,218
7222,2025-12-03,230
7222,2025-12-04,973
7222,2025-12-05,248
7222,2025-12-06,180
7222,2025-12-07,167
7222,2025-12-08,175
7222,2025-12-09,181
7222,2025-12-10,197
7222,2025-12-11,772
7222,2025-12-12,332
7222,2025-12-13,174
7222,2025-12-14,166
7222,2025-12-15,190
7222,2025-12-16,197
7222,2025-12-17,221
7222,2025-12-18,637
7222,2025-12-19,336
7222,2025-12-20,221
7222,2025-12-21,266
7228,2025-11-22,132
7228,2025-11-23,145
7228,2025-11-24,85
7228,2025-11-25,103
7228,2025-11-26,189
7228,2025-11-27,328
7228,2025-11-28,54
7228,2025-11-29,57
7228,2025-11-30,60
7228,2025-12-01,59
7228,2025-12-02,82
7228,2025-12-03,138
7228,2025-12-04,364
7228,2025-12-05,66
7228,2025-12-06,66
7228,2025-12-07,47
7228,2025-12-08,66
7228,2025-12-09,64
7228,2025-12-10,112
7228,2025-12-11,322
7228,2025-12-12,83
7228,2025-12-13,61
7228,2025-12-14,61
7228,2025-12-15,59
7228,2025-12-16,64
7228,2025-12-17,109
7228,2025-12-18,211
7228,2025-12-19,87
7228,2025-12-20,49
7228,2025-12-21,29
7252,2025-11-22,131
7252,2025-11-23,107
7252,2025-11-24,96
7252,2025-11-25,104
7252,2025-11-26,183
7252,2025-11-27,186
7252,2025-11-28,91
7252,2025-11-29,84
7252,2025-11-30,86
7252,2025-12-01,86
7252,2025-12-02,89
7252,2025-12-03,132
7252,2025-12-04,206
7252,2025-12-05,82
7252,2025-12-06,96
7252,2025-12-07,89
7252,2025-12-08,80
7252,2025-12-09,96
7252,2025-12-10,124
7252,2025-12-11,202
7252,2025-12-12,74
7252,2025-12-13,71
7252,2025-12-14,61
7252,2025-12-15,71
7252,2025-12-16,88
7252,2025-12-17,131
7252,2025-12-18,190
7252,2025-12-19,79
7252,2025-12-20,64
7252,2025-12-21,46
7256,2025-11-22,0
7256,2025-11-23,0
7256,2025-11-24,0
7256,2025-11-25,0
7256,2025-11-26,0
7256,2025-11-27,0
7256,2025-11-28,0
7256,2025-11-29,0
7256,2025-11-30,0
7256,2025-12-01,0
7256,2025-12-02,0
7256,2025-12-03,0
7256,2025-12-04,0
7256,2025-12-05,0
7256,2025-12-06,0
7256,2025-12-07,0
7256,2025-12-08,0
7256,2025-12-09,0
7256,2025-12-10,0
7256,2025-12-11,0
7256,2025-12-12,0
7256,2025-12-13,0
7256,2025-12-14,0
7256,2025-12-15,0
7256,2025-12-16,0
7256,2025-12-17,0
7256,2025-12-18,0
7256,2025-12-19,0
7256,2025-12-20,0
7256,2025-12-21,0
7274,2025-11-22,3975
7274,2025-11-23,3831
7274,2025-11-24,2951
7274,2025-11-25,2804
7274,2025-11-26,5503
7274,2025-11-27,8218
7274,2025-11-28,1964
7274,2025-11-29,1501
7274,2025-11-30,1324
7274,2025-12-01,1595
7274,2025-12-02,1587
7274,2025-12-03,3773
7274,2025-12-04,6825
7274,2025-12-05,2241
7274,2025-12-06,1413
7274,2025-12-07,1175
7274,2025-12-08,1300
7274,2025-12-09,1706
7274,2025-12-10,2925
7274,2025-12-11,6470
7274,2025-12-12,2783
7274,2025-12-13,1871
7274,2025-12-14,1353
7274,2025-12-15,1255
7274,2025-12-16,1826
7274,2025-12-17,3398
7274,2025-12-18,5152
7274,2025-12-19,1622
7274,2025-12-20,1689
7274,2025-12-21,719
7278,2025-11-22,44
7278,2025-11-23,48
7278,2025-11-24,34
7278,2025-11-25,25
7278,2025-11-26,38
7278,2025-11-27,85
7278,2025-11-28,28
7278,2025-11-29,23
7278,2025-11-30,24
7278,2025-12-01,19
7278,2025-12-02,17
7278,2025-12-03,34
7278,2025-12-04,73
7278,2025-12-05,19
7278,2025-12-06,24
7278,2025-12-07,19
7278,2025-12-08,21
7278,2025-12-09,24
7278,2025-12-10,27
7278,2025-12-11,75
7278,2025-12-12,19
7278,2025-12-13,18
7278,2025-12-14,17
7278,2025-12-15,21
7278,2025-12-16,23
7278,2025-12-17,33
7278,2025-12-18,66
7278,2025-12-19,23
7278,2025-12-20,21
7278,2025-12-21,16
7280,2025-11-22,0
7280,2025-11-23,4
7280,2025-11-24,0
7280,2025-11-25,1
7280,2025-11-26,1
7280,2025-11-27,4
7280,2025-11-28,2
7280,2025-11-29,1
7280,2025-11-30,1
7280,2025-12-01,1
7280,2025-12-02,1
7280,2025-12-03,2
7280,2025-12-04,28
7280,2025-12-05,2
7280,2025-12-06,2
7280,2025-12-07,2
7280,2025-12-08,1
7280,2025-12-09,1
7280,2025-12-10,3
7280,2025-12-11,13
7280,2025-12-12,2
7280,2025-12-13,1
7280,2025-12-14,1
7280,2025-12-15,1
7280,2025-12-16,2
7280,2025-12-17,3
7280,2025-12-18,10
7280,2025-12-19,2
7280,2025-12-20,1
7280,2025-12-21,1
7285,2025-11-22,3
7285,2025-11-23,13
7285,2025-11-24,9
7285,2025-11-25,2
7285,2025-11-26,7
7285,2025-11-27,11
7285,2025-11-28,2
7285,2025-11-29,1
7285,2025-11-30,2
7285,2025-12-01,2
7285,2025-12-02,2
7285,2025-12-03,19
7285,2025-12-04,42
7285,2025-12-05,3
7285,2025-12-06,4
7285,2025-12-07,3
7285,2025-12-08,3
7285,2025-12-09,3
7285,2025-12-10,6
7285,2025-12-11,21
7285,2025-12-12,4
7285,2025-12-13,3
7285,2025-12-14,3
7285,2025-12-15,4
7285,2025-12-16,4
7285,2025-12-17,7
7285,2025-12-18,22
7285,2025-12-19,4
7285,2025-12-20,3
7285,2025-12-21,2
7339,2025-11-22,31969
7339,2025-11-23,28088
7339,2025-11-24,25876
7339,2025-11-25,26421
7339,2025-11-26,41921
7339,2025-11-27,43049
7339,2025-11-28,15777
7339,2025-11-29,13857
7339,2025-11-30,12803
7339,2025-12-01,13729
7339,2025-12-02,16588
7339,2025-12-03,32472
7339,2025-12-04,37359
7339,2025-12-05,16557
7339,2025-12-06,13631
7339,2025-12-07,11296
7339,2025-12-08,11186
7339,2025-12-09,15389
7339,2025-12-10,24596
7339,2025-12-11,36345
7339,2025-12-12,13943
7339,2025-12-13,11741
7339,2025-12-14,11503
7339,2025-12-15,13160
7339,2025-12-16,16314
7339,2025-12-17,22250
7339,2025-12-18,28721
7339,2025-12-19,12801
7339,2025-12-20,9842
7339,2025-12-21,7079
7366,2025-11-22,4
7366,2025-11-23,3
7366,2025-11-24,3
7366,2025-11-25,9
7366,2025-11-26,9
7366,2025-11-27,10
7366,2025-11-28,4
7366,2025-11-29,4
7366,2025-11-30,2
7366,2025-12-01,2
7366,2025-12-02,2
7366,2025-12-03,5
7366,2025-12-04,11
7366,2025-12-05,3
7366,2025-12-06,3
7366,2025-12-07,3
7366,2025-12-08,2
7366,2025-12-09,3
7366,2025-12-10,5
7366,2025-12-11,8
7366,2025-12-12,2
7366,2025-12-13,2
7366,2025-12-14,7
7366,2025-12-15,8
7366,2025-12-16,9
7366,2025-12-17,10
7366,2025-12-18,5
7366,2025-12-19,3
7366,2025-12-20,2
7366,2025-12-21,1
7399,2025-11-22,1029
7399,2025-11-23,1006
7399,2025-11-24,878
7399,2025-11-25,860
7399,2025-11-26,952
7399,2025-11-27,790
7399,2025-11-28,476
7399,2025-11-29,514
7399,2025-11-30,472
7399,2025-12-01,539
7399,2025-12-02,637
7399,2025-12-03,676
7399,2025-12-04,749
7399,2025-12-05,423
7399,2025-12-06,492
7399,2025-12-07,547
7399,2025-12-08,576
7399,2025-12-09,635
7399,2025-12-10,723
7399,2025-12-11,854
7399,2025-12-12,563
7399,2025-12-13,600
7399,2025-12-14,610
7399,2025-12-15,764
7399,2025-12-16,788
7399,2025-12-17,800
7399,2025-12-18,624
7399,2025-12-19,459
7399,2025-12-20,550
7399,2025-12-21,336
7401,2025-11-22,0
7401,2025-11-23,1
7401,2025-11-24,2
7401,2025-11-25,2
7401,2025-11-26,1
7401,2025-11-27,1
7401,2025-11-28,0
7401,2025-11-29,0
7401,2025-11-30,1
7401,2025-12-01,1
7401,2025-12-02,1
7401,2025-12-03,1
7401,2025-12-04,6
7401,2025-12-05,1
7401,2025-12-06,1
7401,2025-12-07,1
7401,2025-12-08,1
7401,2025-12-09,1
7401,2025-12-10,1
7401,2025-12-11,5
7401,2025-12-12,1
7401,2025-12-13,1
7401,2025-12-14,1
7401,2025-12-15,1
7401,2025-12-16,2
7401,2025-12-17,2
7401,2025-12-18,3
7401,2025-12-19,2
7401,2025-12-20,1
7401,2025-12-21,1
7412,2025-11-22,915
7412,2025-11-23,787
7412,2025-11-24,912
7412,2025-11-25,950
7412,2025-11-26,1037
7412,2025-11-27,873
7412,2025-11-28,498
7412,2025-11-29,553
7412,2025-11-30,542
7412,2025-12-01,593
7412,2025-12-02,560
7412,2025-12-03,770
7412,2025-12-04,1033
7412,2025-12-05,515
7412,2025-12-06,562
7412,2025-12-07,526
7412,2025-12-08,489
7412,2025-12-09,482
7412,2025-12-10,629
7412,2025-12-11,927
7412,2025-12-12,394
7412,2025-12-13,348
7412,2025-12-14,277
7412,2025-12-15,290
7412,2025-12-16,260
7412,2025-12-17,358
7412,2025-12-18,410
7412,2025-12-19,261
7412,2025-12-20,194
7412,2025-12-21,132
7416,2025-11-22,8
7416,2025-11-23,36
7416,2025-11-24,12
7416,2025-11-25,15
7416,2025-11-26,24
7416,2025-11-27,112
7416,2025-11-28,9
7416,2025-11-29,9
7416,2025-11-30,14
7416,2025-12-01,13
7416,2025-12-02,14
7416,2025-12-03,25
7416,2025-12-04,147
7416,2025-12-05,12
7416,2025-12-06,12
7416,2025-12-07,12
7416,2025-12-08,11
7416,2025-12-09,12
7416,2025-12-10,22
7416,2025-12-11,94
7416,2025-12-12,16
7416,2025-12-13,13
7416,2025-12-14,12
7416,2025-12-15,18
7416,2025-12-16,19
7416,2025-12-17,27
7416,2025-12-18,91
7416,2025-12-19,19
7416,2025-12-20,14
7416,2025-12-21,7
7432,2025-11-22,0
7432,2025-11-23,0
7432,2025-11-24,0
7432,2025-11-25,0
7432,2025-11-26,0
7432,2025-11-27,0
7432,2025-11-28,0
7432,2025-11-29,0
7432,2025-11-30,0
7432,2025-12-01,0
7432,2025-12-02,0
7432,2025-12-03,0
7432,2025-12-04,2
7432,2025-12-05,0
7432,2025-12-06,0
7432,2025-12-07,2
7432,2025-12-08,0
7432,2025-12-09,0
7432,2025-12-10,0
7432,2025-12-11,0
7432,2025-12-12,0
7432,2025-12-13,0
7432,2025-12-14,0
7432,2025-12-15,0
7432,2025-12-16,2
7432,2025-12-17,0
7432,2025-12-18,3
7432,2025-12-19,0
7432,2025-12-20,0
7432,2025-12-21,0
7458,2025-11-22,0
7458,2025-11-23,0
7458,2025-11-24,3
7458,2025-11-25,0
7458,2025-11-26,0
7458,2025-11-27,0
7458,2025-11-28,0
7458,2025-11-29,0
7458,2025-11-30,0
7458,2025-12-01,0
7458,2025-12-02,0
7458,2025-12-03,0
7458,2025-12-04,0
7458,2025-12-05,0
7458,2025-12-06,0
7458,2025-12-07,0
7458,2025-12-08,0
7458,2025-12-09,0
7458,2025-12-10,0
7458,2025-12-11,1
7458,2025-12-12,0
7458,2025-12-13,0
7458,2025-12-14,0
7458,2025-12-15,0
7458,2025-12-16,0
7458,2025-12-17,0
7458,2025-12-18,3
7458,2025-12-19,0
7458,2025-12-20,0
7458,2025-12-21,0
7515,2025-11-22,0
7515,2025-11-23,0
7515,2025-11-24,0
7515,2025-11-25,0
7515,2025-11-26,0
7515,2025-11-27,0
7515,2025-11-28,0
7515,2025-11-29,0
7515,2025-11-30,0
7515,2025-12-01,0
7515,2025-12-02,0
7515,2025-12-03,0
7515,2025-12-04,0
7515,2025-12-05,0
7515,2025-12-06,0
7515,2025-12-07,0
7515,2025-12-08,0
7515,2025-12-09,0
7515,2025-12-10,0
7515,2025-12-11,0
7515,2025-12-12,0
7515,2025-12-13,0
7515,2025-12-14,0
7515,2025-12-15,0
7515,2025-12-16,0
7515,2025-12-17,0
7515,2025-12-18,0
7515,2025-12-19,0
7515,2025-12-20,0
7515,2025-12-21,0
7562,2025-11-22,691
7562,2025-11-23,549
7562,2025-11-24,508
7562,2025-11-25,615
7562,2025-11-26,846
7562,2025-11-27,923
7562,2025-11-28,384
7562,2025-11-29,348
7562,2025-11-30,304
7562,2025-12-01,301
7562,2025-12-02,311
7562,2025-12-03,459
7562,2025-12-04,966
7562,2025-12-05,372
7562,2025-12-06,331
7562,2025-12-07,317
7562,2025-12-08,329
7562,2025-12-09,299
7562,2025-12-10,426
7562,2025-12-11,894
7562,2025-12-12,285
7562,2025-12-13,237
7562,2025-12-14,191
7562,2025-12-15,242
7562,2025-12-16,257
7562,2025-12-17,415
7562,2025-12-18,632
7562,2025-12-19,290
7562,2025-12-20,224
7562,2025-12-21,149
7599,2025-11-22,1
7599,2025-11-23,1
7599,2025-11-24,1
7599,2025-11-25,0
7599,2025-11-26,0
7599,2025-11-27,0
7599,2025-11-28,0
7599,2025-11-29,0
7599,2025-11-30,0
7599,2025-12-01,0
7599,2025-12-02,0
7599,2025-12-03,0
7599,2025-12-04,0
7599,2025-12-05,0
7599,2025-12-06,0
7599,2025-12-07,0
7599,2025-12-08,0
7599,2025-12-09,0
7599,2025-12-10,0
7599,2025-12-11,0
7599,2025-12-12,0
7599,2025-12-13,0
7599,2025-12-14,0
7599,2025-12-15,0
7599,2025-12-16,0
7599,2025-12-17,0
7599,2025-12-18,0
7599,2025-12-19,0
7599,2025-12-20,0
7599,2025-12-21,0
7613,2025-11-22,12
7613,2025-11-23,4
7613,2025-11-24,6
7613,2025-11-25,9
7613,2025-11-26,11
7613,2025-11-27,9
7613,2025-11-28,2
7613,2025-11-29,5
7613,2025-11-30,6
7613,2025-12-01,3
7613,2025-12-02,4
7613,2025-12-03,8
7613,2025-12-04,17
7613,2025-12-05,4
7613,2025-12-06,4
7613,2025-12-07,4
7613,2025-12-08,4
7613,2025-12-09,5
7613,2025-12-10,8
7613,2025-12-11,13
7613,2025-12-12,4
7613,2025-12-13,4
7613,2025-12-14,4
7613,2025-12-15,5
7613,2025-12-16,5
7613,2025-12-17,8
7613,2025-12-18,10
7613,2025-12-19,5
7613,2025-12-20,4
7613,2025-12-21,3
7619,2025-11-22,9050
7619,2025-11-23,8254
7619,2025-11-24,7360
7619,2025-11-25,8031
7619,2025-11-26,10603
7619,2025-11-27,12477
7619,2025-11-28,5188
7619,2025-11-29,5015
7619,2025-11-30,5238
7619,2025-12-01,5387
7619,2025-12-02,5711
7619,2025-12-03,8967
7619,2025-12-04,13799
7619,2025-12-05,4885
7619,2025-12-06,5865
7619,2025-12-07,5420
7619,2025-12-08,5131
7619,2025-12-09,5471
7619,2025-12-10,8066
7619,2025-12-11,11909
7619,2025-12-12,6150
7619,2025-12-13,6337
7619,2025-12-14,5935
7619,2025-12-15,6363
7619,2025-12-16,7653
7619,2025-12-17,9895
7619,2025-12-18,11725
7619,2025-12-19,6982
7619,2025-12-20,6192
7619,2025-12-21,5010
7634,2025-11-22,0
7634,2025-11-23,0
7634,2025-11-24,0
7634,2025-11-25,0
7634,2025-11-26,0
7634,2025-11-27,0
7634,2025-11-28,0
7634,2025-11-29,0
7634,2025-11-30,0
7634,2025-12-01,0
7634,2025-12-02,0
7634,2025-12-03,0
7634,2025-12-04,0
7634,2025-12-05,0
7634,2025-12-06,0
7634,2025-12-07,0
7634,2025-12-08,0
7634,2025-12-09,0
7634,2025-12-10,0
7634,2025-12-11,0
7634,2025-12-12,0
7634,2025-12-13,0
7634,2025-12-14,0
7634,2025-12-15,0
7634,2025-12-16,0
7634,2025-12-17,0
7634,2025-12-18,0
7634,2025-12-19,0
7634,2025-12-20,0
7634,2025-12-21,0
7651,2025-11-22,403
7651,2025-11-23,286
7651,2025-11-24,365
7651,2025-11-25,379
7651,2025-11-26,388
7651,2025-11-27,335
7651,2025-11-28,210
7651,2025-11-29,200
7651,2025-11-30,153
7651,2025-12-01,141
7651,2025-12-02,147
7651,2025-12-03,176
7651,2025-12-04,376
7651,2025-12-05,124
7651,2025-12-06,124
7651,2025-12-07,111
7651,2025-12-08,119
7651,2025-12-09,100
7651,2025-12-10,145
7651,2025-12-11,289
7651,2025-12-12,107
7651,2025-12-13,78
7651,2025-12-14,87
7651,2025-12-15,126
7651,2025-12-16,167
7651,2025-12-17,194
7651,2025-12-18,251
7651,2025-12-19,110
7651,2025-12-20,82
7651,2025-12-21,61
7766,2025-11-22,162
7766,2025-11-23,143
7766,2025-11-24,140
7766,2025-11-25,173
7766,2025-11-26,179
7766,2025-11-27,262
7766,2025-11-28,123
7766,2025-11-29,122
7766,2025-11-30,120
7766,2025-12-01,120
7766,2025-12-02,128
7766,2025-12-03,124
7766,2025-12-04,239
7766,2025-12-05,100
7766,2025-12-06,96
7766,2025-12-07,84
7766,2025-12-08,84
7766,2025-12-09,83
7766,2025-12-10,108
7766,2025-12-11,192
7766,2025-12-12,86
7766,2025-12-13,74
7766,2025-12-14,70
7766,2025-12-15,85
7766,2025-12-16,102
7766,2025-12-17,105
7766,2025-12-18,266
7766,2025-12-19,169
7766,2025-12-20,87
7766,2025-12-21,88
7810,2025-11-22,7380
7810,2025-11-23,6595
7810,2025-11-24,5547
7810,2025-11-25,6301
7810,2025-11-26,9920
7810,2025-11-27,11869
7810,2025-11-28,4287
7810,2025-11-29,3464
7810,2025-11-30,3871
7810,2025-12-01,3667
7810,2025-12-02,4295
7810,2025-12-03,6875
7810,2025-12-04,10223
7810,2025-12-05,4056
7810,2025-12-06,3930
7810,2025-12-07,3470
7810,2025-12-08,3408
7810,2025-12-09,3787
7810,2025-12-10,5771
7810,2025-12-11,10378
7810,2025-12-12,4068
7810,2025-12-13,3300
7810,2025-12-14,3124
7810,2025-12-15,3244
7810,2025-12-16,4160
7810,2025-12-17,6052
7810,2025-12-18,9192
7810,2025-12-19,4391
7810,2025-12-20,3005
7810,2025-12-21,2096
7888,2025-11-22,0
7888,2025-11-23,0
7888,2025-11-24,0
7888,2025-11-25,0
7888,2025-11-26,0
7888,2025-11-27,0
7888,2025-11-28,0
7888,2025-11-29,0
7888,2025-11-30,0
7888,2025-12-01,0
7888,2025-12-02,0
7888,2025-12-03,0
7888,2025-12-04,0
7888,2025-12-05,0
7888,2025-12-06,0
7888,2025-12-07,0
7888,2025-12-08,0
7888,2025-12-09,0
7888,2025-12-10,0
7888,2025-12-11,0
7888,2025-12-12,0
7888,2025-12-13,0
7888,2025-12-14,0
7888,2025-12-15,0
7888,2025-12-16,0
7888,2025-12-17,0
7888,2025-12-18,0
7888,2025-12-19,0
7888,2025-12-20,0
7888,2025-12-21,0
7896,2025-11-22,17
7896,2025-11-23,23
7896,2025-11-24,21
7896,2025-11-25,34
7896,2025-11-26,31
7896,2025-11-27,112
7896,2025-11-28,21
7896,2025-11-29,17
7896,2025-11-30,21
7896,2025-12-01,20
7896,2025-12-02,22
7896,2025-12-03,24
7896,2025-12-04,100
7896,2025-12-05,23
7896,2025-12-06,28
7896,2025-12-07,28
7896,2025-12-08,21
7896,2025-12-09,21
7896,2025-12-10,24
7896,2025-12-11,104
7896,2025-12-12,30
7896,2025-12-13,21
7896,2025-12-14,21
7896,2025-12-15,27
7896,2025-12-16,27
7896,2025-12-17,29
7896,2025-12-18,98
7896,2025-12-19,29
7896,2025-12-20,22
7896,2025-12-21,20
7963,2025-11-22,7
7963,2025-11-23,4
7963,2025-11-24,5
7963,2025-11-25,3
7963,2025-11-26,5
7963,2025-11-27,6
7963,2025-11-28,4
7963,2025-11-29,4
7963,2025-11-30,5
7963,2025-12-01,5
7963,2025-12-02,5
7963,2025-12-03,6
7963,2025-12-04,8
7963,2025-12-05,4
7963,2025-12-06,5
7963,2025-12-07,5
7963,2025-12-08,7
7963,2025-12-09,5
7963,2025-12-10,4
7963,2025-12-11,5
7963,2025-12-12,3
7963,2025-12-13,3
7963,2025-12-14,3
7963,2025-12-15,4
7963,2025-12-16,4
7963,2025-12-17,4
7963,2025-12-18,5
7963,2025-12-19,4
7963,2025-12-20,5
7963,2025-12-21,4
7992,2025-11-22,1
7992,2025-11-23,1
7992,2025-11-24,1
7992,2025-11-25,1
7992,2025-11-26,2
7992,2025-11-27,2
7992,2025-11-28,1
7992,2025-11-29,1
7992,2025-11-30,2
7992,2025-12-01,3
7992,2025-12-02,2
7992,2025-12-03,2
7992,2025-12-04,3
7992,2025-12-05,2
7992,2025-12-06,2
7992,2025-12-07,2
7992,2025-12-08,2
7992,2025-12-09,2
7992,2025-12-10,2
7992,2025-12-11,4
7992,2025-12-12,2
7992,2025-12-13,2
7992,2025-12-14,2
7992,2025-12-15,2
7992,2025-12-16,3
7992,2025-12-17,3
7992,2025-12-18,3
7992,2025-12-19,2
7992,2025-12-20,2
7992,2025-12-21,1
8008,2025-11-22,0
8008,2025-11-23,0
8008,2025-11-24,0
8008,2025-11-25,0
8008,2025-11-26,0
8008,2025-11-27,0
8008,2025-11-28,0
8008,2025-11-29,0
8008,2025-11-30,0
8008,2025-12-01,0
8008,2025-12-02,0
8008,2025-12-03,0
8008,2025-12-04,0
8008,2025-12-05,0
8008,2025-12-06,0
8008,2025-12-07,0
8008,2025-12-08,0
8008,2025-12-09,0
8008,2025-12-10,0
8008,2025-12-11,0
8008,2025-12-12,0
8008,2025-12-13,0
8008,2025-12-14,0
8008,2025-12-15,0
8008,2025-12-16,0
8008,2025-12-17,0
8008,2025-12-18,0
8008,2025-12-19,0
8008,2025-12-20,0
8008,2025-12-21,0
8043,2025-11-22,399
8043,2025-11-23,343
8043,2025-11-24,291
8043,2025-11-25,292
8043,2025-11-26,421
8043,2025-11-27,528
8043,2025-11-28,235
8043,2025-11-29,200
8043,2025-11-30,209
8043,2025-12-01,214
8043,2025-12-02,225
8043,2025-12-03,343
8043,2025-12-04,530
8043,2025-12-05,225
8043,2025-12-06,219
8043,2025-12-07,191
8043,2025-12-08,191
8043,2025-12-09,197
8043,2025-12-10,311
8043,2025-12-11,574
8043,2025-12-12,252
8043,2025-12-13,182
8043,2025-12-14,184
8043,2025-12-15,198
8043,2025-12-16,221
8043,2025-12-17,328
8043,2025-12-18,443
8043,2025-12-19,217
8043,2025-12-20,183
8043,2025-12-21,139
8122,2025-11-22,5
8122,2025-11-23,7
8122,2025-11-24,7
8122,2025-11-25,6
8122,2025-11-26,4
8122,2025-11-27,4
8122,2025-11-28,1
8122,2025-11-29,1
8122,2025-11-30,2
8122,2025-12-01,3
8122,2025-12-02,4
8122,2025-12-03,4
8122,2025-12-04,10
8122,2025-12-05,2
8122,2025-12-06,3
8122,2025-12-07,3
8122,2025-12-08,2
8122,2025-12-09,3
8122,2025-12-10,4
8122,2025-12-11,8
8122,2025-12-12,3
8122,2025-12-13,2
8122,2025-12-14,2
8122,2025-12-15,5
8122,2025-12-16,3
8122,2025-12-17,4
8122,2025-12-18,5
8122,2025-12-19,4
8122,2025-12-20,3
8122,2025-12-21,2
8139,2025-11-22,47
8139,2025-11-23,19
8139,2025-11-24,34
8139,2025-11-25,39
8139,2025-11-26,32
8139,2025-11-27,38
8139,2025-11-28,15
8139,2025-11-29,11
8139,2025-11-30,12
8139,2025-12-01,12
8139,2025-12-02,15
8139,2025-12-03,27
8139,2025-12-04,43
8139,2025-12-05,9
8139,2025-12-06,11
8139,2025-12-07,10
8139,2025-12-08,10
8139,2025-12-09,11
8139,2025-12-10,17
8139,2025-12-11,31
8139,2025-12-12,13
8139,2025-12-13,10
8139,2025-12-14,10
8139,2025-12-15,12
8139,2025-12-16,14
8139,2025-12-17,19
8139,2025-12-18,25
8139,2025-12-19,17
8139,2025-12-20,10
8139,2025-12-21,9
8143,2025-11-22,0
8143,2025-11-23,0
8143,2025-11-24,0
8143,2025-11-25,0
8143,2025-11-26,0
8143,2025-11-27,0
8143,2025-11-28,0
8143,2025-11-29,0
8143,2025-11-30,0
8143,2025-12-01,0
8143,2025-12-02,0
8143,2025-12-03,0
8143,2025-12-04,0
8143,2025-12-05,0
8143,2025-12-06,0
8143,2025-12-07,0
8143,2025-12-08,0
8143,2025-12-09,0
8143,2025-12-10,0
8143,2025-12-11,0
8143,2025-12-12,0
8143,2025-12-13,0
8143,2025-12-14,0
8143,2025-12-15,0
8143,2025-12-16,0
8143,2025-12-17,0
8143,2025-12-18,0
8143,2025-12-19,0
8143,2025-12-20,0
8143,2025-12-21,0
8216,2025-11-22,8
8216,2025-11-23,14
8216,2025-11-24,22
8216,2025-11-25,17
8216,2025-11-26,16
8216,2025-11-27,28
8216,2025-11-28,17
8216,2025-11-29,17
8216,2025-11-30,10
8216,2025-12-01,9
8216,2025-12-02,12
8216,2025-12-03,15
8216,2025-12-04,38
8216,2025-12-05,12
8216,2025-12-06,14
8216,2025-12-07,11
8216,2025-12-08,11
8216,2025-12-09,12
8216,2025-12-10,18
8216,2025-12-11,37
8216,2025-12-12,10
8216,2025-12-13,10
8216,2025-12-14,9
8216,2025-12-15,11
8216,2025-12-16,11
8216,2025-12-17,17
8216,2025-12-18,24
8216,2025-12-19,12
8216,2025-12-20,10
8216,2025-12-21,11
8234,2025-11-22,0
8234,2025-11-23,0
8234,2025-11-24,1
8234,2025-11-25,0
8234,2025-11-26,0
8234,2025-11-27,0
8234,2025-11-28,0
8234,2025-11-29,0
8234,2025-11-30,0
8234,2025-12-01,0
8234,2025-12-02,0
8234,2025-12-03,0
8234,2025-12-04,0
8234,2025-12-05,0
8234,2025-12-06,0
8234,2025-12-07,0
8234,2025-12-08,0
8234,2025-12-09,0
8234,2025-12-10,0
8234,2025-12-11,0
8234,2025-12-12,0
8234,2025-12-13,0
8234,2025-12-14,0
8234,2025-12-15,0
8234,2025-12-16,0
8234,2025-12-17,0
8234,2025-12-18,0
8234,2025-12-19,0
8234,2025-12-20,0
8234,2025-12-21,0
8270,2025-11-22,3
8270,2025-11-23,13
8270,2025-11-24,12
8270,2025-11-25,6
8270,2025-11-26,8
8270,2025-11-27,37
8270,2025-11-28,14
8270,2025-11-29,7
8270,2025-11-30,7
8270,2025-12-01,9
8270,2025-12-02,10
8270,2025-12-03,11
8270,2025-12-04,23
8270,2025-12-05,14
8270,2025-12-06,13
8270,2025-12-07,13
8270,2025-12-08,13
8270,2025-12-09,13
8270,2025-12-10,16
8270,2025-12-11,52
8270,2025-12-12,21
8270,2025-12-13,14
8270,2025-12-14,11
8270,2025-12-15,16
8270,2025-12-16,17
8270,2025-12-17,17
8270,2025-12-18,50
8270,2025-12-19,18
8270,2025-12-20,18
8270,2025-12-21,10
8271,2025-11-22,130
8271,2025-11-23,122
8271,2025-11-24,137
8271,2025-11-25,163
8271,2025-11-26,245
8271,2025-11-27,269
8271,2025-11-28,77
8271,2025-11-29,73
8271,2025-11-30,59
8271,2025-12-01,61
8271,2025-12-02,86
8271,2025-12-03,116
8271,2025-12-04,197
8271,2025-12-05,79
8271,2025-12-06,77
8271,2025-12-07,59
8271,2025-12-08,61
8271,2025-12-09,88
8271,2025-12-10,134
8271,2025-12-11,273
8271,2025-12-12,86
8271,2025-12-13,57
8271,2025-12-14,51
8271,2025-12-15,70
8271,2025-12-16,70
8271,2025-12-17,110
8271,2025-12-18,181
8271,2025-12-19,84
8271,2025-12-20,61
8271,2025-12-21,41
8304,2025-11-22,199
8304,2025-11-23,357
8304,2025-11-24,213
8304,2025-11-25,182
8304,2025-11-26,242
8304,2025-11-27,573
8304,2025-11-28,222
8304,2025-11-29,103
8304,2025-11-30,109
8304,2025-12-01,104
8304,2025-12-02,132
8304,2025-12-03,247
8304,2025-12-04,590
8304,2025-12-05,236
8304,2025-12-06,133
8304,2025-12-07,111
8304,2025-12-08,115
8304,2025-12-09,141
8304,2025-12-10,309
8304,2025-12-11,1341
8304,2025-12-12,251
8304,2025-12-13,150
8304,2025-12-14,160
8304,2025-12-15,197
8304,2025-12-16,204
8304,2025-12-17,321
8304,2025-12-18,712
8304,2025-12-19,253
8304,2025-12-20,172
8304,2025-12-21,129
8375,2025-11-22,393
8375,2025-11-23,324
8375,2025-11-24,236
8375,2025-11-25,202
8375,2025-11-26,293
8375,2025-11-27,323
8375,2025-11-28,102
8375,2025-11-29,131
8375,2025-11-30,154
8375,2025-12-01,175
8375,2025-12-02,197
8375,2025-12-03,237
8375,2025-12-04,534
8375,2025-12-05,137
8375,2025-12-06,193
8375,2025-12-07,156
8375,2025-12-08,169
8375,2025-12-09,198
8375,2025-12-10,302
8375,2025-12-11,621
8375,2025-12-12,180
8375,2025-12-13,122
8375,2025-12-14,106
8375,2025-12-15,149
8375,2025-12-16,165
8375,2025-12-17,293
8375,2025-12-18,406
8375,2025-12-19,183
8375,2025-12-20,155
8375,2025-12-21,100
8377,2025-11-22,0
8377,2025-11-23,0
8377,2025-11-24,0
8377,2025-11-25,0
8377,2025-11-26,0
8377,2025-11-27,0
8377,2025-11-28,0
8377,2025-11-29,0
8377,2025-11-30,0
8377,2025-12-01,0
8377,2025-12-02,0
8377,2025-12-03,0
8377,2025-12-04,0
8377,2025-12-05,0
8377,2025-12-06,0
8377,2025-12-07,0
8377,2025-12-08,0
8377,2025-12-09,0
8377,2025-12-10,0
8377,2025-12-11,0
8377,2025-12-12,0
8377,2025-12-13,0
8377,2025-12-14,0
8377,2025-12-15,0
8377,2025-12-16,0
8377,2025-12-17,0
8377,2025-12-18,0
8377,2025-12-19,0
8377,2025-12-20,0
8377,2025-12-21,0
8428,2025-11-22,0
8428,2025-11-23,5
8428,2025-11-24,1
8428,2025-11-25,2
8428,2025-11-26,3
8428,2025-11-27,4
8428,2025-11-28,3
8428,2025-11-29,1
8428,2025-11-30,2
8428,2025-12-01,5
8428,2025-12-02,2
8428,2025-12-03,2
8428,2025-12-04,6
8428,2025-12-05,2
8428,2025-12-06,2
8428,2025-12-07,2
8428,2025-12-08,2
8428,2025-12-09,2
8428,2025-12-10,3
8428,2025-12-11,6
8428,2025-12-12,3
8428,2025-12-13,3
8428,2025-12-14,2
8428,2025-12-15,3
8428,2025-12-16,3
8428,2025-12-17,3
8428,2025-12-18,6
8428,2025-12-19,4
8428,2025-12-20,3
8428,2025-12-21,2
8445,2025-11-22,47
8445,2025-11-23,60
8445,2025-11-24,59
8445,2025-11-25,55
8445,2025-11-26,61
8445,2025-11-27,124
8445,2025-11-28,33
8445,2025-11-29,27
8445,2025-11-30,32
8445,2025-12-01,38
8445,2025-12-02,47
8445,2025-12-03,43
8445,2025-12-04,107
8445,2025-12-05,69
8445,2025-12-06,44
8445,2025-12-07,36
8445,2025-12-08,35
8445,2025-12-09,42
8445,2025-12-10,76
8445,2025-12-11,173
8445,2025-12-12,32
8445,2025-12-13,30
8445,2025-12-14,51
8445,2025-12-15,42
8445,2025-12-16,44
8445,2025-12-17,80
8445,2025-12-18,85
8445,2025-12-19,38
8445,2025-12-20,43
8445,2025-12-21,47
8503,2025-11-22,0
8503,2025-11-23,0
8503,2025-11-24,0
8503,2025-11-25,0
8503,2025-11-26,0
8503,2025-11-27,0
8503,2025-11-28,0
8503,2025-11-29,0
8503,2025-11-30,0
8503,2025-12-01,0
8503,2025-12-02,0
8503,2025-12-03,0
8503,2025-12-04,0
8503,2025-12-05,0
8503,2025-12-06,0
8503,2025-12-07,0
8503,2025-12-08,0
8503,2025-12-09,0
8503,2025-12-10,0
8503,2025-12-11,0
8503,2025-12-12,0
8503,2025-12-13,0
8503,2025-12-14,0
8503,2025-12-15,0
8503,2025-12-16,0
8503,2025-12-17,0
8503,2025-12-18,0
8503,2025-12-19,0
8503,2025-12-20,0
8503,2025-12-21,0
8504,2025-11-22,0
8504,2025-11-23,0
8504,2025-11-24,0
8504,2025-11-25,0
8504,2025-11-26,0
8504,2025-11-27,0
8504,2025-11-28,0
8504,2025-11-29,0
8504,2025-11-30,0
8504,2025-12-01,0
8504,2025-12-02,0
8504,2025-12-03,0
8504,2025-12-04,0
8504,2025-12-05,0
8504,2025-12-06,0
8504,2025-12-07,0
8504,2025-12-08,0
8504,2025-12-09,0
8504,2025-12-10,0
8504,2025-12-11,0
8504,2025-12-12,0
8504,2025-12-13,0
8504,2025-12-14,0
8504,2025-12-15,0
8504,2025-12-16,0
8504,2025-12-17,0
8504,2025-12-18,0
8504,2025-12-19,0
8504,2025-12-20,0
8504,2025-12-21,0
8545,2025-11-22,3007
8545,2025-11-23,2977
8545,2025-11-24,3076
8545,2025-11-25,3149
8545,2025-11-26,4924
8545,2025-11-27,6248
8545,2025-11-28,2473
8545,2025-11-29,1921
8545,2025-11-30,1922
8545,2025-12-01,2107
8545,2025-12-02,2294
8545,2025-12-03,3571
8545,2025-12-04,5195
8545,2025-12-05,2625
8545,2025-12-06,2066
8545,2025-12-07,1765
8545,2025-12-08,1960
8545,2025-12-09,2190
8545,2025-12-10,2893
8545,2025-12-11,5708
8545,2025-12-12,2346
8545,2025-12-13,2048
8545,2025-12-14,1526
8545,2025-12-15,1565
8545,2025-12-16,1822
8545,2025-12-17,2772
8545,2025-12-18,4074
8545,2025-12-19,1959
8545,2025-12-20,1497
8545,2025-12-21,1044
8592,2025-11-22,0
8592,2025-11-23,0
8592,2025-11-24,0
8592,2025-11-25,0
8592,2025-11-26,0
8592,2025-11-27,0
8592,2025-11-28,0
8592,2025-11-29,0
8592,2025-11-30,0
8592,2025-12-01,0
8592,2025-12-02,0
8592,2025-12-03,0
8592,2025-12-04,0
8592,2025-12-05,0
8592,2025-12-06,0
8592,2025-12-07,0
8592,2025-12-08,0
8592,2025-12-09,0
8592,2025-12-10,0
8592,2025-12-11,0
8592,2025-12-12,0
8592,2025-12-13,0
8592,2025-12-14,0
8592,2025-12-15,0
8592,2025-12-16,0
8592,2025-12-17,0
8592,2025-12-18,0
8592,2025-12-19,0
8592,2025-12-20,0
8592,2025-12-21,0
8593,2025-11-22,0
8593,2025-11-23,0
8593,2025-11-24,0
8593,2025-11-25,0
8593,2025-11-26,0
8593,2025-11-27,0
8593,2025-11-28,0
8593,2025-11-29,0
8593,2025-11-30,0
8593,2025-12-01,0
8593,2025-12-02,0
8593,2025-12-03,0
8593,2025-12-04,0
8593,2025-12-05,0
8593,2025-12-06,0
8593,2025-12-07,0
8593,2025-12-08,0
8593,2025-12-09,0
8593,2025-12-10,0
8593,2025-12-11,0
8593,2025-12-12,0
8593,2025-12-13,0
8593,2025-12-14,0
8593,2025-12-15,0
8593,2025-12-16,0
8593,2025-12-17,0
8593,2025-12-18,0
8593,2025-12-19,0
8593,2025-12-20,0
8593,2025-12-21,0
8619,2025-11-22,0
8619,2025-11-23,0
8619,2025-11-24,1
8619,2025-11-25,0
8619,2025-11-26,1
8619,2025-11-27,1
8619,2025-11-28,3
8619,2025-11-29,0
8619,2025-11-30,1
8619,2025-12-01,1
8619,2025-12-02,1
8619,2025-12-03,1
8619,2025-12-04,3
8619,2025-12-05,1
8619,2025-12-06,2
8619,2025-12-07,1
8619,2025-12-08,1
8619,2025-12-09,3
8619,2025-12-10,3
8619,2025-12-11,6
8619,2025-12-12,1
8619,2025-12-13,1
8619,2025-12-14,1
8619,2025-12-15,2
8619,2025-12-16,2
8619,2025-12-17,2
8619,2025-12-18,3
8619,2025-12-19,2
8619,2025-12-20,2
8619,2025-12-21,1
8628,2025-11-22,8
8628,2025-11-23,2
8628,2025-11-24,1
8628,2025-11-25,1
8628,2025-11-26,2
8628,2025-11-27,10
8628,2025-11-28,1
8628,2025-11-29,2
8628,2025-11-30,2
8628,2025-12-01,2
8628,2025-12-02,2
8628,2025-12-03,6
8628,2025-12-04,27
8628,2025-12-05,9
8628,2025-12-06,9
8628,2025-12-07,8
8628,2025-12-08,9
8628,2025-12-09,9
8628,2025-12-10,14
8628,2025-12-11,36
8628,2025-12-12,10
8628,2025-12-13,10
8628,2025-12-14,10
8628,2025-12-15,11
8628,2025-12-16,12
8628,2025-12-17,19
8628,2025-12-18,30
8628,2025-12-19,12
8628,2025-12-20,12
8628,2025-12-21,6
8656,2025-11-22,0
8656,2025-11-23,0
8656,2025-11-24,0
8656,2025-11-25,0
8656,2025-11-26,0
8656,2025-11-27,0
8656,2025-11-28,0
8656,2025-11-29,0
8656,2025-11-30,0
8656,2025-12-01,0
8656,2025-12-02,0
8656,2025-12-03,0
8656,2025-12-04,0
8656,2025-12-05,0
8656,2025-12-06,0
8656,2025-12-07,0
8656,2025-12-08,0
8656,2025-12-09,0
8656,2025-12-10,0
8656,2025-12-11,0
8656,2025-12-12,0
8656,2025-12-13,0
8656,2025-12-14,0
8656,2025-12-15,0
8656,2025-12-16,0
8656,2025-12-17,0
8656,2025-12-18,0
8656,2025-12-19,0
8656,2025-12-20,0
8656,2025-12-21,0
8682,2025-11-22,0
8682,2025-11-23,0
8682,2025-11-24,0
8682,2025-11-25,0
8682,2025-11-26,0
8682,2025-11-27,0
8682,2025-11-28,0
8682,2025-11-29,0
8682,2025-11-30,0
8682,2025-12-01,0
8682,2025-12-02,0
8682,2025-12-03,0
8682,2025-12-04,0
8682,2025-12-05,0
8682,2025-12-06,0
8682,2025-12-07,0
8682,2025-12-08,0
8682,2025-12-09,0
8682,2025-12-10,0
8682,2025-12-11,0
8682,2025-12-12,0
8682,2025-12-13,0
8682,2025-12-14,0
8682,2025-12-15,0
8682,2025-12-16,0
8682,2025-12-17,0
8682,2025-12-18,0
8682,2025-12-19,0
8682,2025-12-20,0
8682,2025-12-21,0
8695,2025-11-22,37
8695,2025-11-23,73
8695,2025-11-24,62
8695,2025-11-25,64
8695,2025-11-26,95
8695,2025-11-27,140
8695,2025-11-28,18
8695,2025-11-29,17
8695,2025-11-30,27
8695,2025-12-01,23
8695,2025-12-02,31
8695,2025-12-03,46
8695,2025-12-04,171
8695,2025-12-05,30
8695,2025-12-06,36
8695,2025-12-07,28
8695,2025-12-08,27
8695,2025-12-09,36
8695,2025-12-10,49
8695,2025-12-11,149
8695,2025-12-12,30
8695,2025-12-13,28
8695,2025-12-14,32
8695,2025-12-15,33
8695,2025-12-16,41
8695,2025-12-17,61
8695,2025-12-18,133
8695,2025-12-19,35
8695,2025-12-20,33
8695,2025-12-21,22
8699,2025-11-22,0
8699,2025-11-23,0
8699,2025-11-24,0
8699,2025-11-25,0
8699,2025-11-26,0
8699,2025-11-27,0
8699,2025-11-28,0
8699,2025-11-29,0
8699,2025-11-30,0
8699,2025-12-01,0
8699,2025-12-02,0
8699,2025-12-03,0
8699,2025-12-04,0
8699,2025-12-05,0
8699,2025-12-06,0
8699,2025-12-07,0
8699,2025-12-08,0
8699,2025-12-09,0
8699,2025-12-10,0
8699,2025-12-11,0
8699,2025-12-12,0
8699,2025-12-13,0
8699,2025-12-14,0
8699,2025-12-15,0
8699,2025-12-16,0
8699,2025-12-17,0
8699,2025-12-18,0
8699,2025-12-19,0
8699,2025-12-20,0
8699,2025-12-21,0
8715,2025-11-22,2778
8715,2025-11-23,2797
8715,2025-11-24,2756
8715,2025-11-25,2800
8715,2025-11-26,2974
8715,2025-11-27,2623
8715,2025-11-28,1442
8715,2025-11-29,1371
8715,2025-11-30,1542
8715,2025-12-01,1812
8715,2025-12-02,1831
8715,2025-12-03,1952
8715,2025-12-04,2281
8715,2025-12-05,1584
8715,2025-12-06,1652
8715,2025-12-07,1768
8715,2025-12-08,1728
8715,2025-12-09,2018
8715,2025-12-10,2309
8715,2025-12-11,2936
8715,2025-12-12,1871
8715,2025-12-13,2142
8715,2025-12-14,1941
8715,2025-12-15,2318
8715,2025-12-16,2604
8715,2025-12-17,3327
8715,2025-12-18,2885
8715,2025-12-19,2019
8715,2025-12-20,2045
8715,2025-12-21,1321
8728,2025-11-22,0
8728,2025-11-23,0
8728,2025-11-24,0
8728,2025-11-25,0
8728,2025-11-26,0
8728,2025-11-27,0
8728,2025-11-28,0
8728,2025-11-29,0
8728,2025-11-30,0
8728,2025-12-01,0
8728,2025-12-02,0
8728,2025-12-03,0
8728,2025-12-04,0
8728,2025-12-05,0
8728,2025-12-06,0
8728,2025-12-07,0
8728,2025-12-08,0
8728,2025-12-09,0
8728,2025-12-10,0
8728,2025-12-11,0
8728,2025-12-12,0
8728,2025-12-13,0
8728,2025-12-14,0
8728,2025-12-15,0
8728,2025-12-16,0
8728,2025-12-17,0
8728,2025-12-18,0
8728,2025-12-19,0
8728,2025-12-20,0
8728,2025-12-21,0
8738,2025-11-22,9
8738,2025-11-23,9
8738,2025-11-24,18
8738,2025-11-25,15
8738,2025-11-26,14
8738,2025-11-27,33
8738,2025-11-28,14
8738,2025-11-29,8
8738,2025-11-30,9
8738,2025-12-01,14
8738,2025-12-02,16
8738,2025-12-03,15
8738,2025-12-04,46
8738,2025-12-05,15
8738,2025-12-06,13
8738,2025-12-07,10
8738,2025-12-08,11
8738,2025-12-09,12
8738,2025-12-10,16
8738,2025-12-11,32
8738,2025-12-12,12
8738,2025-12-13,11
8738,2025-12-14,12
8738,2025-12-15,15
8738,2025-12-16,17
8738,2025-12-17,20
8738,2025-12-18,49
8738,2025-12-19,24
8738,2025-12-20,13
8738,2025-12-21,10
8789,2025-11-22,0
8789,2025-11-23,0
8789,2025-11-24,0
8789,2025-11-25,0
8789,2025-11-26,1
8789,2025-11-27,1
8789,2025-11-28,1
8789,2025-11-29,1
8789,2025-11-30,1
8789,2025-12-01,1
8789,2025-12-02,1
8789,2025-12-03,2
8789,2025-12-04,3
8789,2025-12-05,1
8789,2025-12-06,2
8789,2025-12-07,2
8789,2025-12-08,2
8789,2025-12-09,2
8789,2025-12-10,2
8789,2025-12-11,3
8789,2025-12-12,2
8789,2025-12-13,2
8789,2025-12-14,1
8789,2025-12-15,2
8789,2025-12-16,2
8789,2025-12-17,2
8789,2025-12-18,3
8789,2025-12-19,2
8789,2025-12-20,2
8789,2025-12-21,1
8837,2025-11-22,186
8837,2025-11-23,141
8837,2025-11-24,124
8837,2025-11-25,139
8837,2025-11-26,147
8837,2025-11-27,225
8837,2025-11-28,56
8837,2025-11-29,64
8837,2025-11-30,72
8837,2025-12-01,79
8837,2025-12-02,81
8837,2025-12-03,103
8837,2025-12-04,173
8837,2025-12-05,62
8837,2025-12-06,52
8837,2025-12-07,43
8837,2025-12-08,43
8837,2025-12-09,53
8837,2025-12-10,69
8837,2025-12-11,133
8837,2025-12-12,48
8837,2025-12-13,43
8837,2025-12-14,46
8837,2025-12-15,60
8837,2025-12-16,55
8837,2025-12-17,67
8837,2025-12-18,123
8837,2025-12-19,50
8837,2025-12-20,39
8837,2025-12-21,33
8838,2025-11-22,442
8838,2025-11-23,310
8838,2025-11-24,463
8838,2025-11-25,441
8838,2025-11-26,667
8838,2025-11-27,854
8838,2025-11-28,269
8838,2025-11-29,219
8838,2025-11-30,217
8838,2025-12-01,206
8838,2025-12-02,240
8838,2025-12-03,404
8838,2025-12-04,760
8838,2025-12-05,299
8838,2025-12-06,342
8838,2025-12-07,298
8838,2025-12-08,245
8838,2025-12-09,350
8838,2025-12-10,444
8838,2025-12-11,839
8838,2025-12-12,271
8838,2025-12-13,210
8838,2025-12-14,206
8838,2025-12-15,229
8838,2025-12-16,269
8838,2025-12-17,404
8838,2025-12-18,635
8838,2025-12-19,296
8838,2025-12-20,212
8838,2025-12-21,161
8840,2025-11-22,113
8840,2025-11-23,116
8840,2025-11-24,100
8840,2025-11-25,103
8840,2025-11-26,128
8840,2025-11-27,132
8840,2025-11-28,61
8840,2025-11-29,56
8840,2025-11-30,63
8840,2025-12-01,55
8840,2025-12-02,56
8840,2025-12-03,78
8840,2025-12-04,111
8840,2025-12-05,51
8840,2025-12-06,68
8840,2025-12-07,71
8840,2025-12-08,71
8840,2025-12-09,75
8840,2025-12-10,84
8840,2025-12-11,145
8840,2025-12-12,52
8840,2025-12-13,59
8840,2025-12-14,58
8840,2025-12-15,70
8840,2025-12-16,73
8840,2025-12-17,105
8840,2025-12-18,145
8840,2025-12-19,72
8840,2025-12-20,65
8840,2025-12-21,41
8856,2025-11-22,621
8856,2025-11-23,875
8856,2025-11-24,615
8856,2025-11-25,485
8856,2025-11-26,763
8856,2025-11-27,2201
8856,2025-11-28,695
8856,2025-11-29,494
8856,2025-11-30,437
8856,2025-12-01,602
8856,2025-12-02,617
8856,2025-12-03,737
8856,2025-12-04,2331
8856,2025-12-05,908
8856,2025-12-06,640
8856,2025-12-07,610
8856,2025-12-08,638
8856,2025-12-09,705
8856,2025-12-10,909
8856,2025-12-11,3228
8856,2025-12-12,991
8856,2025-12-13,586
8856,2025-12-14,646
8856,2025-12-15,730
8856,2025-12-16,787
8856,2025-12-17,1144
8856,2025-12-18,2542
8856,2025-12-19,1097
8856,2025-12-20,698
8856,2025-12-21,641
8913,2025-11-22,89
8913,2025-11-23,107
8913,2025-11-24,44
8913,2025-11-25,51
8913,2025-11-26,89
8913,2025-11-27,202
8913,2025-11-28,49
8913,2025-11-29,24
8913,2025-11-30,29
8913,2025-12-01,37
8913,2025-12-02,44
8913,2025-12-03,65
8913,2025-12-04,243
8913,2025-12-05,61
8913,2025-12-06,31
8913,2025-12-07,35
8913,2025-12-08,34
8913,2025-12-09,38
8913,2025-12-10,57
8913,2025-12-11,207
8913,2025-12-12,47
8913,2025-12-13,35
8913,2025-12-14,31
8913,2025-12-15,37
8913,2025-12-16,42
8913,2025-12-17,69
8913,2025-12-18,157
8913,2025-12-19,41
8913,2025-12-20,28
8913,2025-12-21,23
8930,2025-11-22,0
8930,2025-11-23,0
8930,2025-11-24,0
8930,2025-11-25,0
8930,2025-11-26,0
8930,2025-11-27,0
8930,2025-11-28,0
8930,2025-11-29,0
8930,2025-11-30,0
8930,2025-12-01,0
8930,2025-12-02,0
8930,2025-12-03,0
8930,2025-12-04,0
8930,2025-12-05,0
8930,2025-12-06,0
8930,2025-12-07,0
8930,2025-12-08,0
8930,2025-12-09,0
8930,2025-12-10,0
8930,2025-12-11,0
8930,2025-12-12,0
8930,2025-12-13,0
8930,2025-12-14,0
8930,2025-12-15,0
8930,2025-12-16,0
8930,2025-12-17,0
8930,2025-12-18,0
8930,2025-12-19,0
8930,2025-12-20,0
8930,2025-12-21,0
8957,2025-11-22,0
8957,2025-11-23,0
8957,2025-11-24,0
8957,2025-11-25,0
8957,2025-11-26,0
8957,2025-11-27,0
8957,2025-11-28,0
8957,2025-11-29,0
8957,2025-11-30,0
8957,2025-12-01,0
8957,2025-12-02,0
8957,2025-12-03,0
8957,2025-12-04,0
8957,2025-12-05,0
8957,2025-12-06,0
8957,2025-12-07,0
8957,2025-12-08,0
8957,2025-12-09,0
8957,2025-12-10,0
8957,2025-12-11,0
8957,2025-12-12,0
8957,2025-12-13,0
8957,2025-12-14,0
8957,2025-12-15,0
8957,2025-12-16,0
8957,2025-12-17,0
8957,2025-12-18,0
8957,2025-12-19,0
8957,2025-12-20,0
8957,2025-12-21,0
8978,2025-11-22,30354
8978,2025-11-23,26351
8978,2025-11-24,24648
8978,2025-11-25,26137
8978,2025-11-26,35875
8978,2025-11-27,36922
8978,2025-11-28,14326
8978,2025-11-29,14057
8978,2025-11-30,13238
8978,2025-12-01,14209
8978,2025-12-02,13977
8978,2025-12-03,19810
8978,2025-12-04,25737
8978,2025-12-05,12354
8978,2025-12-06,12895
8978,2025-12-07,12227
8978,2025-12-08,11450
8978,2025-12-09,12372
8978,2025-12-10,19404
8978,2025-12-11,27409
8978,2025-12-12,12594
8978,2025-12-13,10280
8978,2025-12-14,9910
8978,2025-12-15,11221
8978,2025-12-16,13032
8978,2025-12-17,19099
8978,2025-12-18,24609
8978,2025-12-19,11783
8978,2025-12-20,8778
8978,2025-12-21,7026
8979,2025-11-22,517
8979,2025-11-23,465
8979,2025-11-24,329
8979,2025-11-25,306
8979,2025-11-26,744
8979,2025-11-27,1292
8979,2025-11-28,387
8979,2025-11-29,230
8979,2025-11-30,246
8979,2025-12-01,258
8979,2025-12-02,280
8979,2025-12-03,620
8979,2025-12-04,1142
8979,2025-12-05,303
8979,2025-12-06,291
8979,2025-12-07,248
8979,2025-12-08,249
8979,2025-12-09,256
8979,2025-12-10,365
8979,2025-12-11,740
8979,2025-12-12,287
8979,2025-12-13,227
8979,2025-12-14,207
8979,2025-12-15,226
8979,2025-12-16,325
8979,2025-12-17,550
8979,2025-12-18,680
8979,2025-12-19,359
8979,2025-12-20,245
8979,2025-12-21,186
8999,2025-11-22,1454
8999,2025-11-23,1779
8999,2025-11-24,1493
8999,2025-11-25,1363
8999,2025-11-26,2299
8999,2025-11-27,3975
8999,2025-11-28,1031
8999,2025-11-29,875
8999,2025-11-30,813
8999,2025-12-01,1076
8999,2025-12-02,1235
8999,2025-12-03,1728
8999,2025-12-04,3820
8999,2025-12-05,1364
8999,2025-12-06,1361
8999,2025-12-07,942
8999,2025-12-08,994
8999,2025-12-09,1074
8999,2025-12-10,1978
8999,2025-12-11,4248
8999,2025-12-12,1308
8999,2025-12-13,1086
8999,2025-12-14,1102
8999,2025-12-15,1308
8999,2025-12-16,1286
8999,2025-12-17,2525
8999,2025-12-18,3981
8999,2025-12-19,1284
8999,2025-12-20,1180
8999,2025-12-21,873
9059,2025-11-22,1623
9059,2025-11-23,2315
9059,2025-11-24,1878
9059,2025-11-25,1722
9059,2025-11-26,1974
9059,2025-11-27,3564
9059,2025-11-28,1833
9059,2025-11-29,1334
9059,2025-11-30,1474
9059,2025-12-01,1506
9059,2025-12-02,1709
9059,2025-12-03,1950
9059,2025-12-04,4108
9059,2025-12-05,2041
9059,2025-12-06,1777
9059,2025-12-07,1759
9059,2025-12-08,1719
9059,2025-12-09,1853
9059,2025-12-10,2099
9059,2025-12-11,4290
9059,2025-12-12,2093
9059,2025-12-13,1876
9059,2025-12-14,1800
9059,2025-12-15,2084
9059,2025-12-16,2284
9059,2025-12-17,2425
9059,2025-12-18,3853
9059,2025-12-19,2279
9059,2025-12-20,1848
9059,2025-12-21,1722
9062,2025-11-22,0
9062,2025-11-23,0
9062,2025-11-24,0
9062,2025-11-25,0
9062,2025-11-26,0
9062,2025-11-27,0
9062,2025-11-28,0
9062,2025-11-29,0
9062,2025-11-30,0
9062,2025-12-01,0
9062,2025-12-02,0
9062,2025-12-03,0
9062,2025-12-04,0
9062,2025-12-05,0
9062,2025-12-06,0
9062,2025-12-07,0
9062,2025-12-08,0
9062,2025-12-09,0
9062,2025-12-10,0
9062,2025-12-11,0
9062,2025-12-12,0
9062,2025-12-13,0
9062,2025-12-14,0
9062,2025-12-15,0
9062,2025-12-16,0
9062,2025-12-17,0
9062,2025-12-18,0
9062,2025-12-19,0
9062,2025-12-20,0
9062,2025-12-21,0
9063,2025-11-22,127
9063,2025-11-23,120
9063,2025-11-24,79
9063,2025-11-25,66
9063,2025-11-26,127
9063,2025-11-27,151
9063,2025-11-28,56
9063,2025-11-29,39
9063,2025-11-30,26
9063,2025-12-01,26
9063,2025-12-02,41
9063,2025-12-03,125
9063,2025-12-04,222
9063,2025-12-05,50
9063,2025-12-06,44
9063,2025-12-07,39
9063,2025-12-08,36
9063,2025-12-09,35
9063,2025-12-10,71
9063,2025-12-11,181
9063,2025-12-12,67
9063,2025-12-13,31
9063,2025-12-14,25
9063,2025-12-15,31
9063,2025-12-16,33
9063,2025-12-17,48
9063,2025-12-18,81
9063,2025-12-19,32
9063,2025-12-20,25
9063,2025-12-21,20
9076,2025-11-22,0
9076,2025-11-23,0
9076,2025-11-24,0
9076,2025-11-25,0
9076,2025-11-26,0
9076,2025-11-27,0
9076,2025-11-28,0
9076,2025-11-29,0
9076,2025-11-30,0
9076,2025-12-01,0
9076,2025-12-02,0
9076,2025-12-03,0
9076,2025-12-04,0
9076,2025-12-05,0
9076,2025-12-06,0
9076,2025-12-07,0
9076,2025-12-08,0
9076,2025-12-09,0
9076,2025-12-10,0
9076,2025-12-11,0
9076,2025-12-12,0
9076,2025-12-13,0
9076,2025-12-14,0
9076,2025-12-15,0
9076,2025-12-16,0
9076,2025-12-17,0
9076,2025-12-18,0
9076,2025-12-19,0
9076,2025-12-20,0
9076,2025-12-21,0
9077,2025-11-22,92
9077,2025-11-23,218
9077,2025-11-24,102
9077,2025-11-25,72
9077,2025-11-26,133
9077,2025-11-27,370
9077,2025-11-28,94
9077,2025-11-29,56
9077,2025-11-30,63
9077,2025-12-01,79
9077,2025-12-02,78
9077,2025-12-03,129
9077,2025-12-04,462
9077,2025-12-05,101
9077,2025-12-06,102
9077,2025-12-07,106
9077,2025-12-08,115
9077,2025-12-09,115
9077,2025-12-10,144
9077,2025-12-11,685
9077,2025-12-12,158
9077,2025-12-13,120
9077,2025-12-14,112
9077,2025-12-15,136
9077,2025-12-16,143
9077,2025-12-17,224
9077,2025-12-18,613
9077,2025-12-19,169
9077,2025-12-20,128
9077,2025-12-21,87
9091,2025-11-22,137
9091,2025-11-23,120
9091,2025-11-24,86
9091,2025-11-25,84
9091,2025-11-26,164
9091,2025-11-27,254
9091,2025-11-28,93
9091,2025-11-29,69
9091,2025-11-30,62
9091,2025-12-01,61
9091,2025-12-02,64
9091,2025-12-03,119
9091,2025-12-04,259
9091,2025-12-05,109
9091,2025-12-06,66
9091,2025-12-07,68
9091,2025-12-08,48
9091,2025-12-09,52
9091,2025-12-10,88
9091,2025-12-11,198
9091,2025-12-12,59
9091,2025-12-13,44
9091,2025-12-14,40
9091,2025-12-15,55
9091,2025-12-16,55
9091,2025-12-17,87
9091,2025-12-18,181
9091,2025-12-19,55
9091,2025-12-20,58
9091,2025-12-21,33
9150,2025-11-22,75
9150,2025-11-23,71
9150,2025-11-24,72
9150,2025-11-25,86
9150,2025-11-26,82
9150,2025-11-27,96
9150,2025-11-28,72
9150,2025-11-29,45
9150,2025-11-30,59
9150,2025-12-01,57
9150,2025-12-02,60
9150,2025-12-03,67
9150,2025-12-04,76
9150,2025-12-05,47
9150,2025-12-06,53
9150,2025-12-07,51
9150,2025-12-08,53
9150,2025-12-09,59
9150,2025-12-10,65
9150,2025-12-11,105
9150,2025-12-12,60
9150,2025-12-13,57
9150,2025-12-14,54
9150,2025-12-15,68
9150,2025-12-16,69
9150,2025-12-17,73
9150,2025-12-18,84
9150,2025-12-19,73
9150,2025-12-20,61
9150,2025-12-21,46
9220,2025-11-22,8
9220,2025-11-23,14
9220,2025-11-24,13
9220,2025-11-25,10
9220,2025-11-26,10
9220,2025-11-27,12
9220,2025-11-28,8
9220,2025-11-29,5
9220,2025-11-30,8
9220,2025-12-01,8
9220,2025-12-02,9
9220,2025-12-03,10
9220,2025-12-04,21
9220,2025-12-05,7
9220,2025-12-06,12
9220,2025-12-07,13
9220,2025-12-08,13
9220,2025-12-09,16
9220,2025-12-10,14
9220,2025-12-11,24
9220,2025-12-12,11
9220,2025-12-13,12
9220,2025-12-14,11
9220,2025-12-15,17
9220,2025-12-16,18
9220,2025-12-17,18
9220,2025-12-18,25
9220,2025-12-19,14
9220,2025-12-20,14
9220,2025-12-21,8
9221,2025-11-22,0
9221,2025-11-23,0
9221,2025-11-24,0
9221,2025-11-25,0
9221,2025-11-26,0
9221,2025-11-27,0
9221,2025-11-28,0
9221,2025-11-29,0
9221,2025-11-30,0
9221,2025-12-01,0
9221,2025-12-02,0
9221,2025-12-03,0
9221,2025-12-04,0
9221,2025-12-05,0
9221,2025-12-06,0
9221,2025-12-07,0
9221,2025-12-08,0
9221,2025-12-09,0
9221,2025-12-10,0
9221,2025-12-11,0
9221,2025-12-12,0
9221,2025-12-13,0
9221,2025-12-14,0
9221,2025-12-15,0
9221,2025-12-16,0
9221,2025-12-17,0
9221,2025-12-18,0
9221,2025-12-19,0
9221,2025-12-20,0
9221,2025-12-21,0
9308,2025-11-22,0
9308,2025-11-23,0
9308,2025-11-24,0
9308,2025-11-25,0
9308,2025-11-26,0
9308,2025-11-27,0
9308,2025-11-28,0
9308,2025-11-29,0
9308,2025-11-30,0
9308,2025-12-01,0
9308,2025-12-02,0
9308,2025-12-03,0
9308,2025-12-04,0
9308,2025-12-05,0
9308,2025-12-06,0
9308,2025-12-07,0
9308,2025-12-08,0
9308,2025-12-09,0
9308,2025-12-10,0
9308,2025-12-11,0
9308,2025-12-12,0
9308,2025-12-13,0
9308,2025-12-14,0
9308,2025-12-15,0
9308,2025-12-16,0
9308,2025-12-17,0
9308,2025-12-18,0
9308,2025-12-19,0
9308,2025-12-20,0
9308,2025-12-21,0
9356,2025-11-22,27818
9356,2025-11-23,27237
9356,2025-11-24,27255
9356,2025-11-25,27634
9356,2025-11-26,28721
9356,2025-11-27,25553
9356,2025-11-28,12926
9356,2025-11-29,12658
9356,2025-11-30,14225
9356,2025-12-01,15114
9356,2025-12-02,17298
9356,2025-12-03,22632
9356,2025-12-04,26044
9356,2025-12-05,16998
9356,2025-12-06,14877
9356,2025-12-07,13127
9356,2025-12-08,14539
9356,2025-12-09,15670
9356,2025-12-10,18351
9356,2025-12-11,22224
9356,2025-12-12,15090
9356,2025-12-13,14976
9356,2025-12-14,14442
9356,2025-12-15,14869
9356,2025-12-16,17288
9356,2025-12-17,20024
9356,2025-12-18,19871
9356,2025-12-19,15558
9356,2025-12-20,13772
9356,2025-12-21,10477
9508,2025-11-22,8
9508,2025-11-23,15
9508,2025-11-24,4
9508,2025-11-25,6
9508,2025-11-26,15
9508,2025-11-27,18
9508,2025-11-28,7
9508,2025-11-29,9
9508,2025-11-30,6
9508,2025-12-01,5
9508,2025-12-02,5
9508,2025-12-03,6
9508,2025-12-04,17
9508,2025-12-05,6
9508,2025-12-06,4
9508,2025-12-07,3
9508,2025-12-08,5
9508,2025-12-09,3
9508,2025-12-10,4
9508,2025-12-11,10
9508,2025-12-12,2
9508,2025-12-13,2
9508,2025-12-14,3
9508,2025-12-15,4
9508,2025-12-16,3
9508,2025-12-17,4
9508,2025-12-18,8
9508,2025-12-19,3
9508,2025-12-20,2
9508,2025-12-21,2
9547,2025-11-22,7629
9547,2025-11-23,12354
9547,2025-11-24,9407
9547,2025-11-25,6982
9547,2025-11-26,9133
9547,2025-11-27,32332
9547,2025-11-28,11197
9547,2025-11-29,5580
9547,2025-11-30,6424
9547,2025-12-01,5618
9547,2025-12-02,6949
9547,2025-12-03,9885
9547,2025-12-04,37160
9547,2025-12-05,13118
9547,2025-12-06,6764
9547,2025-12-07,5797
9547,2025-12-08,6108
9547,2025-12-09,6734
9547,2025-12-10,10996
9547,2025-12-11,38582
9547,2025-12-12,13959
9547,2025-12-13,7287
9547,2025-12-14,6085
9547,2025-12-15,6720
9547,2025-12-16,7666
9547,2025-12-17,13069
9547,2025-12-18,35189
9547,2025-12-19,13559
9547,2025-12-20,7811
9547,2025-12-21,8205
9581,2025-11-22,50
9581,2025-11-23,31
9581,2025-11-24,34
9581,2025-11-25,50
9581,2025-11-26,63
9581,2025-11-27,79
9581,2025-11-28,39
9581,2025-11-29,41
9581,2025-11-30,26
9581,2025-12-01,29
9581,2025-12-02,29
9581,2025-12-03,40
9581,2025-12-04,57
9581,2025-12-05,31
9581,2025-12-06,23
9581,2025-12-07,18
9581,2025-12-08,17
9581,2025-12-09,18
9581,2025-12-10,26
9581,2025-12-11,50
9581,2025-12-12,20
9581,2025-12-13,20
9581,2025-12-14,20
9581,2025-12-15,28
9581,2025-12-16,29
9581,2025-12-17,29
9581,2025-12-18,33
9581,2025-12-19,21
9581,2025-12-20,20
9581,2025-12-21,16
9600,2025-11-22,30
9600,2025-11-23,48
9600,2025-11-24,32
9600,2025-11-25,32
9600,2025-11-26,54
9600,2025-11-27,47
9600,2025-11-28,4
9600,2025-11-29,6
9600,2025-11-30,8
9600,2025-12-01,12
9600,2025-12-02,14
9600,2025-12-03,11
9600,2025-12-04,16
9600,2025-12-05,8
9600,2025-12-06,12
9600,2025-12-07,13
9600,2025-12-08,11
9600,2025-12-09,13
9600,2025-12-10,15
9600,2025-12-11,23
9600,2025-12-12,10
9600,2025-12-13,12
9600,2025-12-14,11
9600,2025-12-15,14
9600,2025-12-16,15
9600,2025-12-17,16
9600,2025-12-18,23
9600,2025-12-19,12
9600,2025-12-20,12
9600,2025-12-21,9
9647,2025-11-22,0
9647,2025-11-23,0
9647,2025-11-24,0
9647,2025-11-25,0
9647,2025-11-26,0
9647,2025-11-27,0
9647,2025-11-28,0
9647,2025-11-29,0
9647,2025-11-30,0
9647,2025-12-01,0
9647,2025-12-02,0
9647,2025-12-03,0
9647,2025-12-04,0
9647,2025-12-05,0
9647,2025-12-06,0
9647,2025-12-07,0
9647,2025-12-08,0
9647,2025-12-09,0
9647,2025-12-10,0
9647,2025-12-11,0
9647,2025-12-12,0
9647,2025-12-13,0
9647,2025-12-14,0
9647,2025-12-15,0
9647,2025-12-16,0
9647,2025-12-17,0
9647,2025-12-18,0
9647,2025-12-19,0
9647,2025-12-20,0
9647,2025-12-21,0
9681,2025-11-22,5
9681,2025-11-23,11
9681,2025-11-24,9
9681,2025-11-25,2
9681,2025-11-26,4
9681,2025-11-27,5
9681,2025-11-28,3
9681,2025-11-29,5
9681,2025-11-30,5
9681,2025-12-01,3
9681,2025-12-02,3
9681,2025-12-03,4
9681,2025-12-04,8
9681,2025-12-05,3
9681,2025-12-06,3
9681,2025-12-07,3
9681,2025-12-08,3
9681,2025-12-09,3
9681,2025-12-10,5
9681,2025-12-11,10
9681,2025-12-12,4
9681,2025-12-13,4
9681,2025-12-14,3
9681,2025-12-15,4
9681,2025-12-16,4
9681,2025-12-17,7
9681,2025-12-18,10
9681,2025-12-19,4
9681,2025-12-20,4
9681,2025-12-21,3
9704,2025-11-22,2
9704,2025-11-23,2
9704,2025-11-24,2
9704,2025-11-25,2
9704,2025-11-26,2
9704,2025-11-27,2
9704,2025-11-28,2
9704,2025-11-29,2
9704,2025-11-30,2
9704,2025-12-01,2
9704,2025-12-02,2
9704,2025-12-03,2
9704,2025-12-04,3
9704,2025-12-05,2
9704,2025-12-06,3
9704,2025-12-07,3
9704,2025-12-08,3
9704,2025-12-09,3
9704,2025-12-10,3
9704,2025-12-11,4
9704,2025-12-12,3
9704,2025-12-13,3
9704,2025-12-14,3
9704,2025-12-15,4
9704,2025-12-16,4
9704,2025-12-17,4
9704,2025-12-18,4
9704,2025-12-19,4
9704,2025-12-20,4
9704,2025-12-21,3
9749,2025-11-22,0
9749,2025-11-23,0
9749,2025-11-24,0
9749,2025-11-25,0
9749,2025-11-26,0
9749,2025-11-27,0
9749,2025-11-28,0
9749,2025-11-29,0
9749,2025-11-30,0
9749,2025-12-01,0
9749,2025-12-02,0
9749,2025-12-03,0
9749,2025-12-04,0
9749,2025-12-05,0
9749,2025-12-06,0
9749,2025-12-07,0
9749,2025-12-08,0
9749,2025-12-09,0
9749,2025-12-10,0
9749,2025-12-11,0
9749,2025-12-12,0
9749,2025-12-13,0
9749,2025-12-14,0
9749,2025-12-15,0
9749,2025-12-16,0
9749,2025-12-17,0
9749,2025-12-18,0
9749,2025-12-19,0
9749,2025-12-20,0
9749,2025-12-21,0
9767,2025-11-22,0
9767,2025-11-23,0
9767,2025-11-24,0
9767,2025-11-25,0
9767,2025-11-26,0
9767,2025-11-27,0
9767,2025-11-28,0
9767,2025-11-29,0
9767,2025-11-30,0
9767,2025-12-01,0
9767,2025-12-02,0
9767,2025-12-03,0
9767,2025-12-04,0
9767,2025-12-05,0
9767,2025-12-06,0
9767,2025-12-07,0
9767,2025-12-08,0
9767,2025-12-09,0
9767,2025-12-10,0
9767,2025-12-11,0
9767,2025-12-12,0
9767,2025-12-13,0
9767,2025-12-14,0
9767,2025-12-15,0
9767,2025-12-16,0
9767,2025-12-17,0
9767,2025-12-18,0
9767,2025-12-19,0
9767,2025-12-20,0
9767,2025-12-21,0
9770,2025-11-22,8096
9770,2025-11-23,8524
9770,2025-11-24,7165
9770,2025-11-25,6887
9770,2025-11-26,11544
9770,2025-11-27,16688
9770,2025-11-28,5585
9770,2025-11-29,4406
9770,2025-11-30,4587
9770,2025-12-01,4214
9770,2025-12-02,4463
9770,2025-12-03,7902
9770,2025-12-04,13615
9770,2025-12-05,5518
9770,2025-12-06,4612
9770,2025-12-07,4006
9770,2025-12-08,4246
9770,2025-12-09,4506
9770,2025-12-10,7252
9770,2025-12-11,13808
9770,2025-12-12,5584
9770,2025-12-13,3855
9770,2025-12-14,3619
9770,2025-12-15,4010
9770,2025-12-16,5044
9770,2025-12-17,8390
9770,2025-12-18,11879
9770,2025-12-19,6076
9770,2025-12-20,4833
9770,2025-12-21,2445
9806,2025-11-22,90
9806,2025-11-23,128
9806,2025-11-24,79
9806,2025-11-25,81
9806,2025-11-26,86
9806,2025-11-27,147
9806,2025-11-28,31
9806,2025-11-29,26
9806,2025-11-30,31
9806,2025-12-01,27
9806,2025-12-02,31
9806,2025-12-03,53
9806,2025-12-04,165
9806,2025-12-05,49
9806,2025-12-06,45
9806,2025-12-07,34
9806,2025-12-08,41
9806,2025-12-09,56
9806,2025-12-10,48
9806,2025-12-11,157
9806,2025-12-12,37
9806,2025-12-13,54
9806,2025-12-14,35
9806,2025-12-15,49
9806,2025-12-16,55
9806,2025-12-17,68
9806,2025-12-18,155
9806,2025-12-19,57
9806,2025-12-20,45
9806,2025-12-21,32
9814,2025-11-22,11608
9814,2025-11-23,10695
9814,2025-11-24,9546
9814,2025-11-25,10760
9814,2025-11-26,15982
9814,2025-11-27,18252
9814,2025-11-28,7156
9814,2025-11-29,5274
9814,2025-11-30,5355
9814,2025-12-01,4749
9814,2025-12-02,5798
9814,2025-12-03,9544
9814,2025-12-04,14703
9814,2025-12-05,6873
9814,2025-12-06,5848
9814,2025-12-07,4494
9814,2025-12-08,4336
9814,2025-12-09,5452
9814,2025-12-10,9280
9814,2025-12-11,14299
9814,2025-12-12,5048
9814,2025-12-13,4542
9814,2025-12-14,4400
9814,2025-12-15,5067
9814,2025-12-16,6440
9814,2025-12-17,10406
9814,2025-12-18,11956
9814,2025-12-19,5744
9814,2025-12-20,4585
9814,2025-12-21,3584
9879,2025-11-22,813
9879,2025-11-23,729
9879,2025-11-24,574
9879,2025-11-25,644
9879,2025-11-26,952
9879,2025-11-27,937
9879,2025-11-28,308
9879,2025-11-29,323
9879,2025-11-30,409
9879,2025-12-01,413
9879,2025-12-02,433
9879,2025-12-03,653
9879,2025-12-04,1186
9879,2025-12-05,311
9879,2025-12-06,308
9879,2025-12-07,376
9879,2025-12-08,338
9879,2025-12-09,369
9879,2025-12-10,567
9879,2025-12-11,811
9879,2025-12-12,414
9879,2025-12-13,349
9879,2025-12-14,316
9879,2025-12-15,330
9879,2025-12-16,369
9879,2025-12-17,626
9879,2025-12-18,849
9879,2025-12-19,492
9879,2025-12-20,322
9879,2025-12-21,227
9880,2025-11-22,55
9880,2025-11-23,159
9880,2025-11-24,86
9880,2025-11-25,49
9880,2025-11-26,109
9880,2025-11-27,337
9880,2025-11-28,39
9880,2025-11-29,34
9880,2025-11-30,50
9880,2025-12-01,32
9880,2025-12-02,30
9880,2025-12-03,79
9880,2025-12-04,258
9880,2025-12-05,35
9880,2025-12-06,45
9880,2025-12-07,38
9880,2025-12-08,47
9880,2025-12-09,43
9880,2025-12-10,70
9880,2025-12-11,197
9880,2025-12-12,48
9880,2025-12-13,40
9880,2025-12-14,34
9880,2025-12-15,45
9880,2025-12-16,49
9880,2025-12-17,90
9880,2025-12-18,337
9880,2025-12-19,64
9880,2025-12-20,46
9880,2025-12-21,39
9899,2025-11-22,16
9899,2025-11-23,18
9899,2025-11-24,16
9899,2025-11-25,21
9899,2025-11-26,22
9899,2025-11-27,83
9899,2025-11-28,22
9899,2025-11-29,16
9899,2025-11-30,17
9899,2025-12-01,21
9899,2025-12-02,19
9899,2025-12-03,39
9899,2025-12-04,145
9899,2025-12-05,23
9899,2025-12-06,20
9899,2025-12-07,20
9899,2025-12-08,20
9899,2025-12-09,21
9899,2025-12-10,38
9899,2025-12-11,162
9899,2025-12-12,29
9899,2025-12-13,20
9899,2025-12-14,20
9899,2025-12-15,25
9899,2025-12-16,25
9899,2025-12-17,44
9899,2025-12-18,130
9899,2025-12-19,36
9899,2025-12-20,22
9899,2025-12-21,18
9936,2025-11-22,0
9936,2025-11-23,0
9936,2025-11-24,0
9936,2025-11-25,0
9936,2025-11-26,0
9936,2025-11-27,0
9936,2025-11-28,0
9936,2025-11-29,0
9936,2025-11-30,0
9936,2025-12-01,0
9936,2025-12-02,0
9936,2025-12-03,0
9936,2025-12-04,0
9936,2025-12-05,0
9936,2025-12-06,0
9936,2025-12-07,0
9936,2025-12-08,0
9936,2025-12-09,0
9936,2025-12-10,0
9936,2025-12-11,0
9936,2025-12-12,0
9936,2025-12-13,0
9936,2025-12-14,0
9936,2025-12-15,0
9936,2025-12-16,0
9936,2025-12-17,0
9936,2025-12-18,0
9936,2025-12-19,0
9936,2025-12-20,0
9936,2025-12-21,0
9951,2025-11-22,397
9951,2025-11-23,430
9951,2025-11-24,391
9951,2025-11-25,419
9951,2025-11-26,555
9951,2025-11-27,876
9951,2025-11-28,232
9951,2025-11-29,216
9951,2025-11-30,199
9951,2025-12-01,160
9951,2025-12-02,213
9951,2025-12-03,346
9951,2025-12-04,755
9951,2025-12-05,269
9951,2025-12-06,216
9951,2025-12-07,174
9951,2025-12-08,154
9951,2025-12-09,164
9951,2025-12-10,316
9951,2025-12-11,839
9951,2025-12-12,287
9951,2025-12-13,170
9951,2025-12-14,147
9951,2025-12-15,168
9951,2025-12-16,216
9951,2025-12-17,355
9951,2025-12-18,626
9951,2025-12-19,254
9951,2025-12-20,156
9951,2025-12-21,116
