booking_day,unit_code,zone,room_nights,tariff,site_visits,public_holiday,beds
2024-09-01,U00,zone_0,13,72.1,89,1,18
2024-09-02,U00,zone_0,26,67.2,128,1,18
2024-09-03,U00,zone_0,15,83.01,102,0,18
2024-09-04,U00,zone_0,14,62.12,117,0,18
2024-09-05,U00,zone_0,11,73.24,73,0,18
2024-09-06,U00,zone_0,6,69.3,60,0,18
2024-09-07,U00,zone_0,17,68.26,74,0,18
2024-09-08,U00,zone_0,18,75.23,82,0,18
2024-09-09,U00,zone_0,18,61.09,165,0,18
2024-09-10,U00,zone_0,26,65.18,150,0,18
2024-09-11,U00,zone_0,22,69.44,124,0,18
2024-09-12,U00,zone_0,11,78.53,66,0,18
2024-09-13,U00,zone_0,9,70.44,77,0,18
2024-09-14,U00,zone_0,11,74.39,69,0,18
2024-09-15,U00,zone_0,15,60.87,95,0,18
2024-09-16,U00,zone_0,16,63.93,145,0,18
2024-09-17,U00,zone_0,21,74.75,131,0,18
2024-09-18,U00,zone_0,14,66.92,130,0,18
2024-09-19,U00,zone_0,17,69.69,86,0,18
2024-09-20,U00,zone_0,7,73.58,59,0,18
2024-09-21,U00,zone_0,14,59.2,73,0,18
2024-09-22,U00,zone_0,17,64.11,117,0,18
2024-09-23,U00,zone_0,20,69.54,118,0,18
2024-09-24,U00,zone_0,20,62.42,148,0,18
2024-09-25,U00,zone_0,20,66.52,130,0,18
2024-09-26,U00,zone_0,14,69.79,72,0,18
2024-09-27,U00,zone_0,7,66.74,60,0,18
2024-09-28,U00,zone_0,9,68.68,77,0,18
2024-09-29,U00,zone_0,14,70.2,112,0,18
2024-09-30,U00,zone_0,10,76.52,116,0,18
2024-10-01,U00,zone_0,14,77.74,144,0,18
2024-10-02,U00,zone_0,13,68.07,102,0,18
2024-10-03,U00,zone_0,17,65.94,109,0,18
2024-10-04,U00,zone_0,13,74.36,60,0,18
2024-10-05,U00,zone_0,9,72.5,86,0,18
2024-10-06,U00,zone_0,19,71.22,97,0,18
2024-10-07,U00,zone_0,29,65.55,168,0,18
2024-10-08,U00,zone_0,13,73.16,159,0,18
2024-10-09,U00,zone_0,12,74.27,127,0,18
2024-10-10,U00,zone_0,12,61.25,101,0,18
2024-10-11,U00,zone_0,14,74.99,63,1,18
2024-10-12,U00,zone_0,13,69.64,70,1,18
2024-10-13,U00,zone_0,15,66.36,135,0,18
2024-10-14,U00,zone_0,19,62.27,171,0,18
2024-10-15,U00,zone_0,21,68.33,139,0,18
2024-10-16,U00,zone_0,13,69.7,135,0,18
2024-10-17,U00,zone_0,14,68.16,98,0,18
2024-10-18,U00,zone_0,8,64.1,90,0,18
2024-10-19,U00,zone_0,9,64.14,68,0,18
2024-10-20,U00,zone_0,18,73.46,122,0,18
2024-10-21,U00,zone_0,19,70.23,127,0,18
2024-10-22,U00,zone_0,24,71.39,166,0,18
2024-10-23,U00,zone_0,22,73.08,125,0,18
2024-10-24,U00,zone_0,12,73.52,109,0,18
2024-10-25,U00,zone_0,9,78.5,57,0,18
2024-10-26,U00,zone_0,9,69.65,79,0,18
2024-10-27,U00,zone_0,17,68.73,122,0,18
2024-10-28,U00,zone_0,24,65.3,157,0,18
2024-10-29,U00,zone_0,27,71.22,170,0,18
2024-10-30,U00,zone_0,15,71.3,134,0,18
2024-10-31,U00,zone_0,13,66.28,115,0,18
2024-11-01,U00,zone_0,9,69.84,59,0,18
2024-11-02,U00,zone_0,8,69.91,70,0,18
2024-11-03,U00,zone_0,13,87.96,113,0,18
2024-11-04,U00,zone_0,16,67.5,169,0,18
2024-11-05,U00,zone_0,22,76.11,155,0,18
2024-11-06,U00,zone_0,20,71.99,136,0,18
2024-11-07,U00,zone_0,12,69.55,71,0,18
2024-11-08,U00,zone_0,11,72.0,79,0,18
2024-11-09,U00,zone_0,15,71.76,72,0,18
2024-11-10,U00,zone_0,15,69.84,105,0,18
2024-11-11,U00,zone_0,26,68.78,164,0,18
2024-11-12,U00,zone_0,24,68.17,170,0,18
2024-11-13,U00,zone_0,22,68.11,133,0,18
2024-11-14,U00,zone_0,7,71.37,112,0,18
2024-11-15,U00,zone_0,12,69.42,73,0,18
2024-11-16,U00,zone_0,8,74.72,76,0,18
2024-11-17,U00,zone_0,18,76.76,111,0,18
2024-11-18,U00,zone_0,17,69.73,153,0,18
2024-11-19,U00,zone_0,29,68.54,177,0,18
2024-11-20,U00,zone_0,22,76.47,119,1,18
2024-11-21,U00,zone_0,12,69.65,103,1,18
2024-11-22,U00,zone_0,10,71.03,73,0,18
2024-11-23,U00,zone_0,10,68.11,67,0,18
2024-11-24,U00,zone_0,13,70.65,133,0,18
2024-11-25,U00,zone_0,25,76.34,169,0,18
2024-11-26,U00,zone_0,24,74.39,153,0,18
2024-11-27,U00,zone_0,23,64.65,148,0,18
2024-11-28,U00,zone_0,20,65.83,94,0,18
2024-11-29,U00,zone_0,12,68.0,58,0,18
2024-11-30,U00,zone_0,12,68.52,85,0,18
2024-12-01,U00,zone_0,11,73.44,117,0,18
2024-12-02,U00,zone_0,25,59.56,167,0,18
2024-12-03,U00,zone_0,27,76.32,176,0,18
2024-12-04,U00,zone_0,18,64.37,126,0,18
2024-12-05,U00,zone_0,10,75.09,95,0,18
2024-12-06,U00,zone_0,11,63.83,72,0,18
2024-12-07,U00,zone_0,14,68.99,79,0,18
2024-12-08,U00,zone_0,20,74.24,89,0,18
2024-12-09,U00,zone_0,19,70.18,147,0,18
2024-12-10,U00,zone_0,24,75.73,168,0,18
2024-12-11,U00,zone_0,17,82.3,119,0,18
2024-12-12,U00,zone_0,17,67.46,107,0,18
2024-12-13,U00,zone_0,9,65.23,81,0,18
2024-12-14,U00,zone_0,8,64.28,84,0,18
2024-12-15,U00,zone_0,11,62.63,120,0,18
2024-12-16,U00,zone_0,24,68.66,144,0,18
2024-12-17,U00,zone_0,14,62.17,179,0,18
2024-12-18,U00,zone_0,19,57.01,171,0,18
2024-12-19,U00,zone_0,17,66.82,76,0,18
2024-12-20,U00,zone_0,11,77.87,69,0,18
2024-12-21,U00,zone_0,14,71.29,74,0,18
2024-12-22,U00,zone_0,14,63.67,139,0,18
2024-12-23,U00,zone_0,22,65.67,147,0,18
2024-12-24,U00,zone_0,23,73.93,153,0,18
2024-12-25,U00,zone_0,18,70.99,125,0,18
2024-12-26,U00,zone_0,13,67.96,92,0,18
2024-12-27,U00,zone_0,9,75.47,65,0,18
2024-12-28,U00,zone_0,12,71.44,66,0,18
2024-12-29,U00,zone_0,18,68.06,108,0,18
2024-12-30,U00,zone_0,21,69.96,142,1,18
2024-12-31,U00,zone_0,23,71.5,163,1,18
2025-01-01,U00,zone_0,20,76.23,111,0,18
2025-01-02,U00,zone_0,12,64.67,101,0,18
2025-01-03,U00,zone_0,8,69.31,67,0,18
2025-01-04,U00,zone_0,9,68.55,72,0,18
2025-01-05,U00,zone_0,13,60.15,143,0,18
2025-01-06,U00,zone_0,23,66.68,159,0,18
2025-01-07,U00,zone_0,20,62.11,157,0,18
2025-01-08,U00,zone_0,23,70.5,119,0,18
2025-01-09,U00,zone_0,12,69.0,102,0,18
2025-01-10,U00,zone_0,12,71.36,71,0,18
2025-01-11,U00,zone_0,16,71.21,71,0,18
2025-01-12,U00,zone_0,22,62.05,121,0,18
2025-01-13,U00,zone_0,23,69.86,146,0,18
2025-01-14,U00,zone_0,20,72.12,150,0,18
2025-01-15,U00,zone_0,26,74.5,120,0,18
2025-01-16,U00,zone_0,13,70.02,92,0,18
2025-01-17,U00,zone_0,6,66.99,64,0,18
2025-01-18,U00,zone_0,3,71.09,76,0,18
2025-01-19,U00,zone_0,13,76.46,105,0,18
2025-01-20,U00,zone_0,24,71.07,138,0,18
2025-01-21,U00,zone_0,31,61.65,167,0,18
2025-01-22,U00,zone_0,16,72.35,119,0,18
2025-01-23,U00,zone_0,11,70.13,96,0,18
2025-01-24,U00,zone_0,15,70.0,72,0,18
2025-01-25,U00,zone_0,20,67.89,66,0,18
2025-01-26,U00,zone_0,19,70.12,101,0,18
2025-01-27,U00,zone_0,14,70.41,131,0,18
2025-01-28,U00,zone_0,32,62.91,180,0,18
2025-01-29,U00,zone_0,15,73.85,127,0,18
2025-01-30,U00,zone_0,16,68.49,91,0,18
2025-01-31,U00,zone_0,10,69.28,61,0,18
2025-02-01,U00,zone_0,16,68.01,80,0,18
2025-02-02,U00,zone_0,18,76.89,111,0,18
2025-02-03,U00,zone_0,14,74.94,122,0,18
2025-02-04,U00,zone_0,19,77.13,134,0,18
2025-02-05,U00,zone_0,18,68.42,120,0,18
2025-02-06,U00,zone_0,15,63.19,93,0,18
2025-02-07,U00,zone_0,9,68.5,61,0,18
2025-02-08,U00,zone_0,9,75.42,68,1,18
2025-02-09,U00,zone_0,15,76.08,113,1,18
2025-02-10,U00,zone_0,22,65.72,134,0,18
2025-02-11,U00,zone_0,16,76.13,165,0,18
2025-02-12,U00,zone_0,20,62.92,130,0,18
2025-02-13,U00,zone_0,21,69.41,87,0,18
2025-02-14,U00,zone_0,15,70.44,56,0,18
2025-02-15,U00,zone_0,15,77.19,66,0,18
2025-02-16,U00,zone_0,16,60.71,134,0,18
2025-02-17,U00,zone_0,19,62.66,146,0,18
2025-02-18,U00,zone_0,17,58.6,151,0,18
2025-02-19,U00,zone_0,16,64.94,138,0,18
2025-02-20,U00,zone_0,20,59.88,85,0,18
2025-02-21,U00,zone_0,9,71.69,57,0,18
2025-02-22,U00,zone_0,13,64.04,71,0,18
2025-02-23,U00,zone_0,11,66.36,94,0,18
2025-02-24,U00,zone_0,19,79.88,140,0,18
2025-02-25,U00,zone_0,15,72.09,131,0,18
2025-02-26,U00,zone_0,15,67.04,116,0,18
2025-02-27,U00,zone_0,16,72.38,77,0,18
2025-02-28,U00,zone_0,13,72.83,53,0,18
2025-03-01,U00,zone_0,10,75.62,64,0,18
2025-03-02,U00,zone_0,16,66.14,94,0,18
2025-03-03,U00,zone_0,8,71.06,123,0,18
2025-03-04,U00,zone_0,21,69.73,116,0,18
2025-03-05,U00,zone_0,19,69.31,122,0,18
2025-03-06,U00,zone_0,11,67.67,80,0,18
2025-03-07,U00,zone_0,8,73.87,49,0,18
2025-03-08,U00,zone_0,7,73.45,69,0,18
2025-03-09,U00,zone_0,9,62.06,106,0,18
2025-03-10,U00,zone_0,13,66.29,136,0,18
2025-03-11,U00,zone_0,23,69.29,143,0,18
2025-03-12,U00,zone_0,18,73.74,113,0,18
2025-03-13,U00,zone_0,12,70.98,82,0,18
2025-03-14,U00,zone_0,7,74.09,55,0,18
2025-03-15,U00,zone_0,8,68.88,52,0,18
2025-03-16,U00,zone_0,9,67.26,109,0,18
2025-03-17,U00,zone_0,15,70.79,126,0,18
2025-03-18,U00,zone_0,19,76.43,122,0,18
2025-03-19,U00,zone_0,18,66.61,121,0,18
2025-03-20,U00,zone_0,10,67.92,60,1,18
2025-03-21,U00,zone_0,8,66.33,62,1,18
2025-03-22,U00,zone_0,15,69.32,76,0,18
2025-03-23,U00,zone_0,13,74.62,75,0,18
2025-03-24,U00,zone_0,19,69.85,132,0,18
2025-03-25,U00,zone_0,21,68.97,120,0,18
2025-03-26,U00,zone_0,11,67.96,98,0,18
2025-03-27,U00,zone_0,9,63.95,77,0,18
2025-03-28,U00,zone_0,11,68.5,53,0,18
2025-03-29,U00,zone_0,8,55.9,56,0,18
2025-03-30,U00,zone_0,18,71.02,95,0,18
2025-03-31,U00,zone_0,19,66.98,110,0,18
2025-04-01,U00,zone_0,12,72.39,109,0,18
2025-04-02,U00,zone_0,10,69.99,113,0,18
2025-04-03,U00,zone_0,5,69.62,83,0,18
2025-04-04,U00,zone_0,8,65.77,66,0,18
2025-04-05,U00,zone_0,6,74.43,60,0,18
2025-04-06,U00,zone_0,9,74.21,78,0,18
2025-04-07,U00,zone_0,15,63.56,116,0,18
2025-04-08,U00,zone_0,17,70.44,104,0,18
2025-04-09,U00,zone_0,25,77.35,115,0,18
2025-04-10,U00,zone_0,12,70.77,69,0,18
2025-04-11,U00,zone_0,9,65.25,67,0,18
2025-04-12,U00,zone_0,13,60.68,68,0,18
2025-04-13,U00,zone_0,11,76.59,68,0,18
2025-04-14,U00,zone_0,10,63.35,109,0,18
2025-04-15,U00,zone_0,27,60.07,133,0,18
2025-04-16,U00,zone_0,20,74.95,101,0,18
2025-04-17,U00,zone_0,11,72.65,65,0,18
2025-04-18,U00,zone_0,7,70.06,57,0,18
2025-04-19,U00,zone_0,7,71.7,59,0,18
2025-04-20,U00,zone_0,15,69.33,80,0,18
2025-04-21,U00,zone_0,19,72.24,109,0,18
2025-04-22,U00,zone_0,24,70.17,131,0,18
2025-04-23,U00,zone_0,16,70.82,109,0,18
2025-04-24,U00,zone_0,5,69.95,64,0,18
2025-04-25,U00,zone_0,9,72.51,45,0,18
2025-04-26,U00,zone_0,8,66.5,67,0,18
2025-04-27,U00,zone_0,17,70.69,87,0,18
2025-04-28,U00,zone_0,12,61.3,136,0,18
2025-04-29,U00,zone_0,17,67.73,118,1,18
2025-04-30,U00,zone_0,15,75.75,82,1,18
2025-05-01,U00,zone_0,13,69.28,62,0,18
2025-05-02,U00,zone_0,6,67.11,60,0,18
2025-05-03,U00,zone_0,5,68.06,58,0,18
2025-05-04,U00,zone_0,6,73.27,87,0,18
2025-05-05,U00,zone_0,13,65.98,117,0,18
2025-05-06,U00,zone_0,19,78.21,92,0,18
2025-05-07,U00,zone_0,9,70.17,78,0,18
2025-05-08,U00,zone_0,15,71.8,65,0,18
2025-05-09,U00,zone_0,4,80.49,30,0,18
2025-05-10,U00,zone_0,8,79.84,42,0,18
2025-05-11,U00,zone_0,12,67.39,89,0,18
2025-05-12,U00,zone_0,17,66.65,108,0,18
2025-05-13,U00,zone_0,16,68.33,102,0,18
2025-05-14,U00,zone_0,18,70.77,101,0,18
2025-05-15,U00,zone_0,9,75.68,41,0,18
2025-05-16,U00,zone_0,7,66.12,42,0,18
2025-05-17,U00,zone_0,8,70.03,47,0,18
2025-05-18,U00,zone_0,13,63.69,103,0,18
2025-05-19,U00,zone_0,13,76.93,76,0,18
2025-05-20,U00,zone_0,10,75.98,108,0,18
2025-05-21,U00,zone_0,6,58.61,101,0,18
2025-05-22,U00,zone_0,10,70.92,58,0,18
2025-05-23,U00,zone_0,4,68.73,43,0,18
2025-05-24,U00,zone_0,12,70.71,54,0,18
2025-05-25,U00,zone_0,17,71.14,74,0,18
2025-05-26,U00,zone_0,19,69.78,123,0,18
2025-05-27,U00,zone_0,15,72.23,101,0,18
2025-05-28,U00,zone_0,11,68.85,82,0,18
2025-05-29,U00,zone_0,6,76.33,66,0,18
2025-05-30,U00,zone_0,12,75.0,60,0,18
2025-05-31,U00,zone_0,5,58.22,57,0,18
2025-06-01,U00,zone_0,16,74.86,74,0,18
2025-06-02,U00,zone_0,13,70.38,109,0,18
2025-06-03,U00,zone_0,16,64.08,115,0,18
2025-06-04,U00,zone_0,15,68.03,115,0,18
2025-06-05,U00,zone_0,9,71.75,56,0,18
2025-06-06,U00,zone_0,6,75.48,33,0,18
2025-06-07,U00,zone_0,5,75.98,45,0,18
2025-06-08,U00,zone_0,11,67.98,78,1,18
2025-06-09,U00,zone_0,18,69.0,124,1,18
2025-06-10,U00,zone_0,21,75.57,72,0,18
2025-06-11,U00,zone_0,13,70.43,84,0,18
2025-06-12,U00,zone_0,7,68.06,57,0,18
2025-06-13,U00,zone_0,10,59.65,48,0,18
2025-06-14,U00,zone_0,4,72.79,42,0,18
2025-06-15,U00,zone_0,9,71.58,84,0,18
2025-06-16,U00,zone_0,12,67.97,112,0,18
2025-06-17,U00,zone_0,14,69.79,129,0,18
2025-06-18,U00,zone_0,22,62.09,109,0,18
2025-06-19,U00,zone_0,4,72.31,69,0,18
2025-06-20,U00,zone_0,4,76.7,50,0,18
2025-06-21,U00,zone_0,8,75.26,53,0,18
2025-06-22,U00,zone_0,8,65.42,84,0,18
2025-06-23,U00,zone_0,15,66.29,104,0,18
2025-06-24,U00,zone_0,15,67.16,118,0,18
2025-06-25,U00,zone_0,16,67.68,106,0,18
2025-06-26,U00,zone_0,11,72.27,52,0,18
2025-06-27,U00,zone_0,8,74.26,48,0,18
2025-06-28,U00,zone_0,9,65.99,58,0,18
2025-06-29,U00,zone_0,10,67.46,87,0,18
2025-06-30,U00,zone_0,17,63.81,114,0,18
2025-07-01,U00,zone_0,17,81.68,81,0,18
2025-07-02,U00,zone_0,16,64.23,106,0,18
2025-07-03,U00,zone_0,11,76.68,56,0,18
2025-07-04,U00,zone_0,15,71.38,48,0,18
2025-07-05,U00,zone_0,6,71.88,66,0,18
2025-07-06,U00,zone_0,11,72.49,86,0,18
2025-07-07,U00,zone_0,15,66.25,118,0,18
2025-07-08,U00,zone_0,13,74.69,104,0,18
2025-07-09,U00,zone_0,14,62.39,110,0,18
2025-07-10,U00,zone_0,10,68.33,67,0,18
2025-07-11,U00,zone_0,4,75.95,40,0,18
2025-07-12,U00,zone_0,8,71.09,70,0,18
2025-07-13,U00,zone_0,16,63.82,89,0,18
2025-07-14,U00,zone_0,15,66.41,122,0,18
2025-07-15,U00,zone_0,17,66.78,121,0,18
2025-07-16,U00,zone_0,9,78.6,87,0,18
2025-07-17,U00,zone_0,8,69.85,68,0,18
2025-07-18,U00,zone_0,7,70.08,52,1,18
2025-07-19,U00,zone_0,11,73.18,58,1,18
2025-07-20,U00,zone_0,13,75.54,78,0,18
2025-07-21,U00,zone_0,16,69.63,123,0,18
2025-07-22,U00,zone_0,13,71.02,130,0,18
2025-07-23,U00,zone_0,18,64.95,113,0,18
2025-07-24,U00,zone_0,14,70.25,73,0,18
2025-07-25,U00,zone_0,9,60.79,49,0,18
2025-07-26,U00,zone_0,7,72.03,44,0,18
2025-07-27,U00,zone_0,8,73.61,76,0,18
2025-07-28,U00,zone_0,14,65.06,118,0,18
2025-07-29,U00,zone_0,17,67.15,131,0,18
2025-07-30,U00,zone_0,18,66.7,111,0,18
2025-07-31,U00,zone_0,10,62.23,80,0,18
2025-08-01,U00,zone_0,4,74.54,42,0,18
2025-08-02,U00,zone_0,5,65.94,62,0,18
2025-08-03,U00,zone_0,11,62.9,94,0,18
2025-08-04,U00,zone_0,9,67.44,125,0,18
2025-08-05,U00,zone_0,14,73.06,142,0,18
2025-08-06,U00,zone_0,16,66.71,115,0,18
2025-08-07,U00,zone_0,10,71.56,84,0,18
2025-08-08,U00,zone_0,10,69.34,62,0,18
2025-08-09,U00,zone_0,8,69.33,63,0,18
2025-08-10,U00,zone_0,11,70.38,81,0,18
2025-08-11,U00,zone_0,8,75.93,105,0,18
2025-08-12,U00,zone_0,22,76.05,125,0,18
2025-08-13,U00,zone_0,16,74.25,117,0,18
2025-08-14,U00,zone_0,7,70.68,79,0,18
2025-08-15,U00,zone_0,8,67.75,62,0,18
2025-08-16,U00,zone_0,7,65.81,71,0,18
2025-08-17,U00,zone_0,17,79.39,85,0,18
2025-08-18,U00,zone_0,15,74.99,111,0,18
2025-08-19,U00,zone_0,14,69.23,142,0,18
2025-08-20,U00,zone_0,19,72.41,100,0,18
2025-08-21,U00,zone_0,7,71.71,53,0,18
2025-08-22,U00,zone_0,8,77.76,43,0,18
2025-08-23,U00,zone_0,12,77.34,50,0,18
2025-08-24,U00,zone_0,18,59.1,125,0,18
2025-08-25,U00,zone_0,20,75.32,112,0,18
2025-08-26,U00,zone_0,14,68.53,147,0,18
2025-08-27,U00,zone_0,19,70.1,116,1,18
2025-08-28,U00,zone_0,11,64.65,94,1,18
2025-08-29,U00,zone_0,12,67.27,55,0,18
2025-08-30,U00,zone_0,10,67.94,63,0,18
2025-08-31,U00,zone_0,15,72.89,67,0,18
2025-09-01,U00,zone_0,26,66.11,139,0,18
2025-09-02,U00,zone_0,20,61.67,157,0,18
2025-09-03,U00,zone_0,22,69.31,103,0,18
2025-09-04,U00,zone_0,10,67.71,71,0,18
2025-09-05,U00,zone_0,7,67.41,69,0,18
2025-09-06,U00,zone_0,8,71.5,76,0,18
2025-09-07,U00,zone_0,24,61.89,133,0,18
2025-09-08,U00,zone_0,21,60.37,165,0,18
2025-09-09,U00,zone_0,19,70.6,143,0,18
2025-09-10,U00,zone_0,12,72.04,123,0,18
2025-09-11,U00,zone_0,18,74.58,75,0,18
2025-09-12,U00,zone_0,4,71.12,63,0,18
2025-09-13,U00,zone_0,6,76.37,54,0,18
2025-09-14,U00,zone_0,11,67.01,114,0,18
2025-09-15,U00,zone_0,19,78.3,121,0,18
2025-09-16,U00,zone_0,24,77.96,142,0,18
2025-09-17,U00,zone_0,22,71.33,109,0,18
2025-09-18,U00,zone_0,4,69.7,73,0,18
2025-09-19,U00,zone_0,14,66.28,68,0,18
2025-09-20,U00,zone_0,9,71.15,76,0,18
2025-09-21,U00,zone_0,23,67.1,98,0,18
2025-09-22,U00,zone_0,27,71.99,138,0,18
2025-09-23,U00,zone_0,18,76.23,153,0,18
2025-09-24,U00,zone_0,14,73.29,105,0,18
2025-09-25,U00,zone_0,11,62.8,92,0,18
2025-09-26,U00,zone_0,11,63.2,59,0,18
2025-09-27,U00,zone_0,5,76.48,70,0,18
2025-09-28,U00,zone_0,12,72.93,103,0,18
2025-09-29,U00,zone_0,17,76.93,124,0,18
2025-09-30,U00,zone_0,24,81.52,127,0,18
2025-10-01,U00,zone_0,12,70.15,140,0,18
2025-10-02,U00,zone_0,10,70.63,92,0,18
2025-10-03,U00,zone_0,15,65.45,74,0,18
2025-10-04,U00,zone_0,13,74.64,64,0,18
2025-10-05,U00,zone_0,16,63.05,118,0,18
2025-10-06,U00,zone_0,20,67.51,154,1,18
2025-10-07,U00,zone_0,20,65.66,163,1,18
2025-10-08,U00,zone_0,15,61.15,139,0,18
2025-10-09,U00,zone_0,12,66.03,84,0,18
2025-10-10,U00,zone_0,11,73.92,54,0,18
2025-10-11,U00,zone_0,9,76.43,63,0,18
2025-10-12,U00,zone_0,18,75.34,104,0,18
2025-10-13,U00,zone_0,22,69.66,146,0,18
2025-10-14,U00,zone_0,21,74.54,131,0,18
2025-10-15,U00,zone_0,20,69.24,128,0,18
2025-10-16,U00,zone_0,10,74.38,79,0,18
2025-10-17,U00,zone_0,7,67.35,63,0,18
2025-10-18,U00,zone_0,11,65.77,73,0,18
2025-10-19,U00,zone_0,19,68.91,124,0,18
2025-10-20,U00,zone_0,21,74.65,145,0,18
2025-10-21,U00,zone_0,22,79.05,132,0,18
2025-10-22,U00,zone_0,19,74.24,124,0,18
2025-10-23,U00,zone_0,20,58.59,113,0,18
2025-10-24,U00,zone_0,16,71.99,63,0,18
2025-10-25,U00,zone_0,8,67.87,81,0,18
2024-09-01,U01,zone_1,13,82.43,124,1,19
2024-09-02,U01,zone_1,30,68.23,158,1,19
2024-09-03,U01,zone_1,32,70.16,136,0,19
2024-09-04,U01,zone_1,16,66.71,127,0,19
2024-09-05,U01,zone_1,17,75.45,74,0,19
2024-09-06,U01,zone_1,8,63.11,79,0,19
2024-09-07,U01,zone_1,12,73.36,78,0,19
2024-09-08,U01,zone_1,22,67.25,153,0,19
2024-09-09,U01,zone_1,28,61.56,187,0,19
2024-09-10,U01,zone_1,20,72.39,137,0,19
2024-09-11,U01,zone_1,20,57.58,171,0,19
2024-09-12,U01,zone_1,8,71.07,92,0,19
2024-09-13,U01,zone_1,9,69.49,78,0,19
2024-09-14,U01,zone_1,4,73.64,81,0,19
2024-09-15,U01,zone_1,25,63.86,168,0,19
2024-09-16,U01,zone_1,22,70.56,165,0,19
2024-09-17,U01,zone_1,26,72.0,183,0,19
2024-09-18,U01,zone_1,21,74.76,130,0,19
2024-09-19,U01,zone_1,18,70.92,95,0,19
2024-09-20,U01,zone_1,15,59.87,90,0,19
2024-09-21,U01,zone_1,12,70.15,84,0,19
2024-09-22,U01,zone_1,21,78.35,145,0,19
2024-09-23,U01,zone_1,26,64.95,179,0,19
2024-09-24,U01,zone_1,27,60.97,186,0,19
2024-09-25,U01,zone_1,20,64.69,161,0,19
2024-09-26,U01,zone_1,7,60.75,100,0,19
2024-09-27,U01,zone_1,10,67.79,85,0,19
2024-09-28,U01,zone_1,13,74.36,96,0,19
2024-09-29,U01,zone_1,21,64.71,138,0,19
2024-09-30,U01,zone_1,23,63.42,196,0,19
2024-10-01,U01,zone_1,23,64.09,206,0,19
2024-10-02,U01,zone_1,24,68.71,137,0,19
2024-10-03,U01,zone_1,10,73.15,97,0,19
2024-10-04,U01,zone_1,6,73.49,61,0,19
2024-10-05,U01,zone_1,23,69.88,107,0,19
2024-10-06,U01,zone_1,25,64.01,158,0,19
2024-10-07,U01,zone_1,33,69.25,165,0,19
2024-10-08,U01,zone_1,24,65.7,164,0,19
2024-10-09,U01,zone_1,16,71.8,145,0,19
2024-10-10,U01,zone_1,9,73.81,93,0,19
2024-10-11,U01,zone_1,7,67.32,79,1,19
2024-10-12,U01,zone_1,14,61.54,108,1,19
2024-10-13,U01,zone_1,17,72.75,141,0,19
2024-10-14,U01,zone_1,29,68.61,184,0,19
2024-10-15,U01,zone_1,17,64.84,198,0,19
2024-10-16,U01,zone_1,30,68.87,155,0,19
2024-10-17,U01,zone_1,15,70.79,86,0,19
2024-10-18,U01,zone_1,9,67.89,77,0,19
2024-10-19,U01,zone_1,10,90.55,87,0,19
2024-10-20,U01,zone_1,17,74.66,143,0,19
2024-10-21,U01,zone_1,39,67.67,194,0,19
2024-10-22,U01,zone_1,18,72.35,187,0,19
2024-10-23,U01,zone_1,10,73.05,138,0,19
2024-10-24,U01,zone_1,12,69.63,102,0,19
2024-10-25,U01,zone_1,10,62.12,96,0,19
2024-10-26,U01,zone_1,19,65.45,86,0,19
2024-10-27,U01,zone_1,14,72.29,175,0,19
2024-10-28,U01,zone_1,18,74.19,173,0,19
2024-10-29,U01,zone_1,16,74.8,175,0,19
2024-10-30,U01,zone_1,18,70.14,152,0,19
2024-10-31,U01,zone_1,10,69.0,119,0,19
2024-11-01,U01,zone_1,15,79.09,77,0,19
2024-11-02,U01,zone_1,18,67.19,100,0,19
2024-11-03,U01,zone_1,24,62.68,171,0,19
2024-11-04,U01,zone_1,32,69.32,193,0,19
2024-11-05,U01,zone_1,33,70.49,164,0,19
2024-11-06,U01,zone_1,18,68.91,167,0,19
2024-11-07,U01,zone_1,12,65.58,126,0,19
2024-11-08,U01,zone_1,14,69.89,79,0,19
2024-11-09,U01,zone_1,19,67.37,138,0,19
2024-11-10,U01,zone_1,24,78.93,150,0,19
2024-11-11,U01,zone_1,32,68.0,210,0,19
2024-11-12,U01,zone_1,23,70.28,190,0,19
2024-11-13,U01,zone_1,23,61.45,165,0,19
2024-11-14,U01,zone_1,25,69.88,89,0,19
2024-11-15,U01,zone_1,11,67.09,82,0,19
2024-11-16,U01,zone_1,18,66.13,100,0,19
2024-11-17,U01,zone_1,16,74.42,150,0,19
2024-11-18,U01,zone_1,32,73.37,179,0,19
2024-11-19,U01,zone_1,30,67.33,185,0,19
2024-11-20,U01,zone_1,23,77.71,139,1,19
2024-11-21,U01,zone_1,17,76.31,97,1,19
2024-11-22,U01,zone_1,12,79.35,72,0,19
2024-11-23,U01,zone_1,24,66.27,117,0,19
2024-11-24,U01,zone_1,21,63.34,167,0,19
2024-11-25,U01,zone_1,31,70.08,196,0,19
2024-11-26,U01,zone_1,33,69.27,203,0,19
2024-11-27,U01,zone_1,29,71.11,160,0,19
2024-11-28,U01,zone_1,18,66.39,108,0,19
2024-11-29,U01,zone_1,14,65.36,89,0,19
2024-11-30,U01,zone_1,18,74.58,123,0,19
2024-12-01,U01,zone_1,24,75.92,160,0,19
2024-12-02,U01,zone_1,29,72.6,211,0,19
2024-12-03,U01,zone_1,28,67.01,204,0,19
2024-12-04,U01,zone_1,22,63.77,190,0,19
2024-12-05,U01,zone_1,12,74.02,116,0,19
2024-12-06,U01,zone_1,12,75.33,86,0,19
2024-12-07,U01,zone_1,18,61.32,124,0,19
2024-12-08,U01,zone_1,24,72.14,158,0,19
2024-12-09,U01,zone_1,29,60.63,217,0,19
2024-12-10,U01,zone_1,24,79.19,157,0,19
2024-12-11,U01,zone_1,26,70.2,156,0,19
2024-12-12,U01,zone_1,16,73.29,92,0,19
2024-12-13,U01,zone_1,11,70.63,80,0,19
2024-12-14,U01,zone_1,15,68.69,98,0,19
2024-12-15,U01,zone_1,32,66.21,166,0,19
2024-12-16,U01,zone_1,24,71.77,196,0,19
2024-12-17,U01,zone_1,25,71.69,190,0,19
2024-12-18,U01,zone_1,32,62.88,157,0,19
2024-12-19,U01,zone_1,10,72.45,98,0,19
2024-12-20,U01,zone_1,13,72.22,99,0,19
2024-12-21,U01,zone_1,13,60.45,116,0,19
2024-12-22,U01,zone_1,23,82.78,126,0,19
2024-12-23,U01,zone_1,31,68.3,183,0,19
2024-12-24,U01,zone_1,28,66.81,217,0,19
2024-12-25,U01,zone_1,28,67.25,146,0,19
2024-12-26,U01,zone_1,13,67.23,102,0,19
2024-12-27,U01,zone_1,10,70.96,71,0,19
2024-12-28,U01,zone_1,10,77.38,97,0,19
2024-12-29,U01,zone_1,21,72.11,143,0,19
2024-12-30,U01,zone_1,30,62.51,204,1,19
2024-12-31,U01,zone_1,38,65.62,193,1,19
2025-01-01,U01,zone_1,17,75.63,126,0,19
2025-01-02,U01,zone_1,11,76.71,90,0,19
2025-01-03,U01,zone_1,9,68.59,83,0,19
2025-01-04,U01,zone_1,23,66.41,116,0,19
2025-01-05,U01,zone_1,26,67.99,182,0,19
2025-01-06,U01,zone_1,37,59.55,232,0,19
2025-01-07,U01,zone_1,21,76.67,163,0,19
2025-01-08,U01,zone_1,25,75.23,137,0,19
2025-01-09,U01,zone_1,13,65.36,111,0,19
2025-01-10,U01,zone_1,11,77.83,84,0,19
2025-01-11,U01,zone_1,12,71.72,121,0,19
2025-01-12,U01,zone_1,24,67.68,166,0,19
2025-01-13,U01,zone_1,24,67.8,178,0,19
2025-01-14,U01,zone_1,26,67.69,208,0,19
2025-01-15,U01,zone_1,21,64.7,161,0,19
2025-01-16,U01,zone_1,15,72.16,92,0,19
2025-01-17,U01,zone_1,9,68.61,82,0,19
2025-01-18,U01,zone_1,12,62.86,113,0,19
2025-01-19,U01,zone_1,23,59.53,146,0,19
2025-01-20,U01,zone_1,23,66.7,191,0,19
2025-01-21,U01,zone_1,31,72.9,170,0,19
2025-01-22,U01,zone_1,20,63.1,142,0,19
2025-01-23,U01,zone_1,9,70.9,93,0,19
2025-01-24,U01,zone_1,12,71.38,81,0,19
2025-01-25,U01,zone_1,15,69.01,98,0,19
2025-01-26,U01,zone_1,15,79.07,125,0,19
2025-01-27,U01,zone_1,32,68.88,191,0,19
2025-01-28,U01,zone_1,20,67.28,191,0,19
2025-01-29,U01,zone_1,12,70.15,149,0,19
2025-01-30,U01,zone_1,6,76.58,81,0,19
2025-01-31,U01,zone_1,11,64.99,83,0,19
2025-02-01,U01,zone_1,11,76.88,100,0,19
2025-02-02,U01,zone_1,23,76.17,138,0,19
2025-02-03,U01,zone_1,33,69.45,190,0,19
2025-02-04,U01,zone_1,27,66.94,173,0,19
2025-02-05,U01,zone_1,16,70.3,144,0,19
2025-02-06,U01,zone_1,11,72.44,74,0,19
2025-02-07,U01,zone_1,10,71.37,81,0,19
2025-02-08,U01,zone_1,16,73.93,89,1,19
2025-02-09,U01,zone_1,15,81.99,121,1,19
2025-02-10,U01,zone_1,28,68.02,169,0,19
2025-02-11,U01,zone_1,22,70.51,169,0,19
2025-02-12,U01,zone_1,17,67.26,137,0,19
2025-02-13,U01,zone_1,10,64.83,89,0,19
2025-02-14,U01,zone_1,14,71.26,54,0,19
2025-02-15,U01,zone_1,11,68.47,122,0,19
2025-02-16,U01,zone_1,16,72.22,152,0,19
2025-02-17,U01,zone_1,28,61.52,173,0,19
2025-02-18,U01,zone_1,18,72.39,173,0,19
2025-02-19,U01,zone_1,26,73.07,128,0,19
2025-02-20,U01,zone_1,15,64.84,113,0,19
2025-02-21,U01,zone_1,12,73.31,66,0,19
2025-02-22,U01,zone_1,8,68.5,91,0,19
2025-02-23,U01,zone_1,18,66.58,138,0,19
2025-02-24,U01,zone_1,27,58.06,190,0,19
2025-02-25,U01,zone_1,22,69.14,171,0,19
2025-02-26,U01,zone_1,18,69.52,140,0,19
2025-02-27,U01,zone_1,9,71.34,93,0,19
2025-02-28,U01,zone_1,8,67.15,79,0,19
2025-03-01,U01,zone_1,11,61.03,106,0,19
2025-03-02,U01,zone_1,20,66.77,128,0,19
2025-03-03,U01,zone_1,26,78.63,164,0,19
2025-03-04,U01,zone_1,23,82.3,140,0,19
2025-03-05,U01,zone_1,13,76.12,136,0,19
2025-03-06,U01,zone_1,12,71.65,78,0,19
2025-03-07,U01,zone_1,8,69.56,65,0,19
2025-03-08,U01,zone_1,7,71.54,104,0,19
2025-03-09,U01,zone_1,10,65.33,142,0,19
2025-03-10,U01,zone_1,30,67.67,169,0,19
2025-03-11,U01,zone_1,25,73.16,159,0,19
2025-03-12,U01,zone_1,17,64.42,135,0,19
2025-03-13,U01,zone_1,12,73.65,71,0,19
2025-03-14,U01,zone_1,15,76.69,80,0,19
2025-03-15,U01,zone_1,12,79.28,85,0,19
2025-03-16,U01,zone_1,21,59.49,166,0,19
2025-03-17,U01,zone_1,24,69.78,137,0,19
2025-03-18,U01,zone_1,25,71.77,125,0,19
2025-03-19,U01,zone_1,15,68.96,110,0,19
2025-03-20,U01,zone_1,10,75.35,88,1,19
2025-03-21,U01,zone_1,7,67.79,70,1,19
2025-03-22,U01,zone_1,8,65.44,96,0,19
2025-03-23,U01,zone_1,17,57.01,141,0,19
2025-03-24,U01,zone_1,28,75.18,121,0,19
2025-03-25,U01,zone_1,24,70.82,119,0,19
2025-03-26,U01,zone_1,19,66.76,145,0,19
2025-03-27,U01,zone_1,9,79.54,73,0,19
2025-03-28,U01,zone_1,9,72.03,73,0,19
2025-03-29,U01,zone_1,15,74.41,79,0,19
2025-03-30,U01,zone_1,12,70.03,122,0,19
2025-03-31,U01,zone_1,21,63.84,131,0,19
2025-04-01,U01,zone_1,22,70.63,147,0,19
2025-04-02,U01,zone_1,14,68.17,113,0,19
2025-04-03,U01,zone_1,11,70.6,87,0,19
2025-04-04,U01,zone_1,12,70.13,50,0,19
2025-04-05,U01,zone_1,17,61.86,100,0,19
2025-04-06,U01,zone_1,14,75.59,116,0,19
2025-04-07,U01,zone_1,19,69.14,142,0,19
2025-04-08,U01,zone_1,19,59.94,157,0,19
2025-04-09,U01,zone_1,16,63.79,120,0,19
2025-04-10,U01,zone_1,5,71.28,79,0,19
2025-04-11,U01,zone_1,17,72.2,42,0,19
2025-04-12,U01,zone_1,12,68.15,81,0,19
2025-04-13,U01,zone_1,14,70.16,115,0,19
2025-04-14,U01,zone_1,28,63.07,167,0,19
2025-04-15,U01,zone_1,27,69.32,124,0,19
2025-04-16,U01,zone_1,19,71.6,102,0,19
2025-04-17,U01,zone_1,8,65.26,74,0,19
2025-04-18,U01,zone_1,7,60.56,82,0,19
2025-04-19,U01,zone_1,11,71.44,64,0,19
2025-04-20,U01,zone_1,16,74.76,100,0,19
2025-04-21,U01,zone_1,18,70.21,120,0,19
2025-04-22,U01,zone_1,23,72.61,127,0,19
2025-04-23,U01,zone_1,14,67.35,112,0,19
2025-04-24,U01,zone_1,13,71.8,76,0,19
2025-04-25,U01,zone_1,8,64.82,69,0,19
2025-04-26,U01,zone_1,9,60.03,70,0,19
2025-04-27,U01,zone_1,15,66.78,113,0,19
2025-04-28,U01,zone_1,22,72.32,116,0,19
2025-04-29,U01,zone_1,20,71.02,118,1,19
2025-04-30,U01,zone_1,13,75.27,91,1,19
2025-05-01,U01,zone_1,8,77.07,59,0,19
2025-05-02,U01,zone_1,9,66.73,58,0,19
2025-05-03,U01,zone_1,12,68.21,77,0,19
2025-05-04,U01,zone_1,14,78.75,93,0,19
2025-05-05,U01,zone_1,20,72.35,132,0,19
2025-05-06,U01,zone_1,23,64.73,140,0,19
2025-05-07,U01,zone_1,17,68.22,109,0,19
2025-05-08,U01,zone_1,15,70.55,60,0,19
2025-05-09,U01,zone_1,10,63.43,50,0,19
2025-05-10,U01,zone_1,11,73.15,59,0,19
2025-05-11,U01,zone_1,14,71.25,110,0,19
2025-05-12,U01,zone_1,16,65.34,139,0,19
2025-05-13,U01,zone_1,18,68.37,132,0,19
2025-05-14,U01,zone_1,16,76.86,101,0,19
2025-05-15,U01,zone_1,16,74.53,66,0,19
2025-05-16,U01,zone_1,9,65.09,82,0,19
2025-05-17,U01,zone_1,10,75.85,59,0,19
2025-05-18,U01,zone_1,20,67.23,104,0,19
2025-05-19,U01,zone_1,21,62.74,146,0,19
2025-05-20,U01,zone_1,16,73.69,115,0,19
2025-05-21,U01,zone_1,16,67.52,101,0,19
2025-05-22,U01,zone_1,8,76.95,61,0,19
2025-05-23,U01,zone_1,8,66.44,53,0,19
2025-05-24,U01,zone_1,8,67.25,72,0,19
2025-05-25,U01,zone_1,10,70.15,103,0,19
2025-05-26,U01,zone_1,14,71.02,134,0,19
2025-05-27,U01,zone_1,23,69.24,143,0,19
2025-05-28,U01,zone_1,14,68.2,98,0,19
2025-05-29,U01,zone_1,8,70.37,65,0,19
2025-05-30,U01,zone_1,5,79.8,46,0,19
2025-05-31,U01,zone_1,7,80.18,52,0,19
2025-06-01,U01,zone_1,12,64.53,96,0,19
2025-06-02,U01,zone_1,17,69.24,120,0,19
2025-06-03,U01,zone_1,22,67.91,117,0,19
2025-06-04,U01,zone_1,15,72.39,103,0,19
2025-06-05,U01,zone_1,11,70.77,96,0,19
2025-06-06,U01,zone_1,11,68.75,63,0,19
2025-06-07,U01,zone_1,9,73.9,77,0,19
2025-06-08,U01,zone_1,22,76.99,98,1,19
2025-06-09,U01,zone_1,18,72.28,116,1,19
2025-06-10,U01,zone_1,20,68.91,118,0,19
2025-06-11,U01,zone_1,15,60.42,107,0,19
2025-06-12,U01,zone_1,10,68.0,73,0,19
2025-06-13,U01,zone_1,9,77.99,43,0,19
2025-06-14,U01,zone_1,9,62.74,93,0,19
2025-06-15,U01,zone_1,10,70.9,106,0,19
2025-06-16,U01,zone_1,12,79.93,113,0,19
2025-06-17,U01,zone_1,20,63.51,152,0,19
2025-06-18,U01,zone_1,11,69.62,111,0,19
2025-06-19,U01,zone_1,7,70.12,67,0,19
2025-06-20,U01,zone_1,6,82.96,57,0,19
2025-06-21,U01,zone_1,8,71.65,74,0,19
2025-06-22,U01,zone_1,15,71.27,99,0,19
2025-06-23,U01,zone_1,15,70.46,123,0,19
2025-06-24,U01,zone_1,18,67.3,136,0,19
2025-06-25,U01,zone_1,17,69.64,118,0,19
2025-06-26,U01,zone_1,5,66.21,76,0,19
2025-06-27,U01,zone_1,6,70.27,60,0,19
2025-06-28,U01,zone_1,15,60.66,102,0,19
2025-06-29,U01,zone_1,15,65.14,120,0,19
2025-06-30,U01,zone_1,12,75.76,126,0,19
2025-07-01,U01,zone_1,21,71.35,140,0,19
2025-07-02,U01,zone_1,11,78.11,96,0,19
2025-07-03,U01,zone_1,8,70.12,68,0,19
2025-07-04,U01,zone_1,9,77.6,50,0,19
2025-07-05,U01,zone_1,16,69.05,70,0,19
2025-07-06,U01,zone_1,21,59.81,125,0,19
2025-07-07,U01,zone_1,24,67.99,143,0,19
2025-07-08,U01,zone_1,18,73.82,125,0,19
2025-07-09,U01,zone_1,13,74.27,95,0,19
2025-07-10,U01,zone_1,14,68.93,75,0,19
2025-07-11,U01,zone_1,12,60.77,64,0,19
2025-07-12,U01,zone_1,13,65.2,88,0,19
2025-07-13,U01,zone_1,8,70.07,110,0,19
2025-07-14,U01,zone_1,13,69.59,139,0,19
2025-07-15,U01,zone_1,19,71.56,119,0,19
2025-07-16,U01,zone_1,20,68.36,128,0,19
2025-07-17,U01,zone_1,8,76.53,89,0,19
2025-07-18,U01,zone_1,5,75.27,58,1,19
2025-07-19,U01,zone_1,7,71.38,78,1,19
2025-07-20,U01,zone_1,22,70.65,110,0,19
2025-07-21,U01,zone_1,15,68.81,151,0,19
2025-07-22,U01,zone_1,25,68.64,150,0,19
2025-07-23,U01,zone_1,12,73.86,92,0,19
2025-07-24,U01,zone_1,9,69.77,75,0,19
2025-07-25,U01,zone_1,6,64.59,62,0,19
2025-07-26,U01,zone_1,11,69.93,64,0,19
2025-07-27,U01,zone_1,16,69.9,103,0,19
2025-07-28,U01,zone_1,12,63.8,160,0,19
2025-07-29,U01,zone_1,19,67.6,154,0,19
2025-07-30,U01,zone_1,22,59.15,113,0,19
2025-07-31,U01,zone_1,16,60.58,89,0,19
2025-08-01,U01,zone_1,12,71.47,62,0,19
2025-08-02,U01,zone_1,17,64.74,100,0,19
2025-08-03,U01,zone_1,20,71.73,125,0,19
2025-08-04,U01,zone_1,20,73.16,152,0,19
2025-08-05,U01,zone_1,17,68.1,145,0,19
2025-08-06,U01,zone_1,11,64.6,119,0,19
2025-08-07,U01,zone_1,11,71.25,97,0,19
2025-08-08,U01,zone_1,16,74.04,75,0,19
2025-08-09,U01,zone_1,14,66.87,83,0,19
2025-08-10,U01,zone_1,19,72.09,138,0,19
2025-08-11,U01,zone_1,27,61.48,158,0,19
2025-08-12,U01,zone_1,24,67.04,161,0,19
2025-08-13,U01,zone_1,11,75.57,99,0,19
2025-08-14,U01,zone_1,14,62.66,91,0,19
2025-08-15,U01,zone_1,8,75.27,69,0,19
2025-08-16,U01,zone_1,13,63.29,95,0,19
2025-08-17,U01,zone_1,21,74.22,114,0,19
2025-08-18,U01,zone_1,9,77.76,147,0,19
2025-08-19,U01,zone_1,19,69.14,148,0,19
2025-08-20,U01,zone_1,8,78.11,111,0,19
2025-08-21,U01,zone_1,9,65.14,70,0,19
2025-08-22,U01,zone_1,7,72.75,61,0,19
2025-08-23,U01,zone_1,17,77.76,81,0,19
2025-08-24,U01,zone_1,15,70.99,133,0,19
2025-08-25,U01,zone_1,19,68.14,168,0,19
2025-08-26,U01,zone_1,21,70.48,130,0,19
2025-08-27,U01,zone_1,23,74.24,134,1,19
2025-08-28,U01,zone_1,10,69.79,81,1,19
2025-08-29,U01,zone_1,14,72.53,57,0,19
2025-08-30,U01,zone_1,19,66.56,103,0,19
2025-08-31,U01,zone_1,23,60.01,149,0,19
2025-09-01,U01,zone_1,25,66.18,158,0,19
2025-09-02,U01,zone_1,29,66.6,146,0,19
2025-09-03,U01,zone_1,19,73.91,137,0,19
2025-09-04,U01,zone_1,8,66.86,106,0,19
2025-09-05,U01,zone_1,12,64.74,81,0,19
2025-09-06,U01,zone_1,14,72.18,90,0,19
2025-09-07,U01,zone_1,18,74.78,121,0,19
2025-09-08,U01,zone_1,19,68.51,179,0,19
2025-09-09,U01,zone_1,29,72.09,168,0,19
2025-09-10,U01,zone_1,19,67.38,126,0,19
2025-09-11,U01,zone_1,13,67.16,79,0,19
2025-09-12,U01,zone_1,8,61.71,80,0,19
2025-09-13,U01,zone_1,14,74.84,89,0,19
2025-09-14,U01,zone_1,19,66.92,171,0,19
2025-09-15,U01,zone_1,17,71.26,187,0,19
2025-09-16,U01,zone_1,26,79.7,163,0,19
2025-09-17,U01,zone_1,18,65.06,141,0,19
2025-09-18,U01,zone_1,17,63.52,90,0,19
2025-09-19,U01,zone_1,13,70.31,90,0,19
2025-09-20,U01,zone_1,14,72.03,80,0,19
2025-09-21,U01,zone_1,17,69.0,142,0,19
2025-09-22,U01,zone_1,22,75.89,167,0,19
2025-09-23,U01,zone_1,28,68.14,168,0,19
2025-09-24,U01,zone_1,14,67.62,145,0,19
2025-09-25,U01,zone_1,10,65.79,94,0,19
2025-09-26,U01,zone_1,10,82.1,81,0,19
2025-09-27,U01,zone_1,20,71.2,94,0,19
2025-09-28,U01,zone_1,17,70.18,156,0,19
2025-09-29,U01,zone_1,17,76.82,163,0,19
2025-09-30,U01,zone_1,19,73.92,161,0,19
2025-10-01,U01,zone_1,17,70.95,143,0,19
2025-10-02,U01,zone_1,15,69.54,82,0,19
2025-10-03,U01,zone_1,8,77.63,73,0,19
2025-10-04,U01,zone_1,11,69.46,110,0,19
2025-10-05,U01,zone_1,14,69.25,155,0,19
2025-10-06,U01,zone_1,30,72.76,197,1,19
2025-10-07,U01,zone_1,42,60.48,203,1,19
2025-10-08,U01,zone_1,14,78.31,135,0,19
2025-10-09,U01,zone_1,11,68.7,90,0,19
2025-10-10,U01,zone_1,9,71.26,80,0,19
2025-10-11,U01,zone_1,19,64.15,103,0,19
2025-10-12,U01,zone_1,26,64.79,163,0,19
2025-10-13,U01,zone_1,37,69.85,213,0,19
2025-10-14,U01,zone_1,33,71.66,172,0,19
2025-10-15,U01,zone_1,21,64.51,163,0,19
2025-10-16,U01,zone_1,21,66.78,104,0,19
2025-10-17,U01,zone_1,15,70.98,76,0,19
2025-10-18,U01,zone_1,8,70.09,90,0,19
2025-10-19,U01,zone_1,32,63.01,175,0,19
2025-10-20,U01,zone_1,32,69.62,182,0,19
2025-10-21,U01,zone_1,26,72.75,167,0,19
2025-10-22,U01,zone_1,17,73.86,128,0,19
2025-10-23,U01,zone_1,11,77.39,92,0,19
2025-10-24,U01,zone_1,15,62.63,96,0,19
2025-10-25,U01,zone_1,13,67.77,109,0,19
2024-09-01,U02,zone_2,22,66.26,156,1,20
2024-09-02,U02,zone_2,31,66.06,207,1,20
2024-09-03,U02,zone_2,27,69.59,185,0,20
2024-09-04,U02,zone_2,20,63.92,163,0,20
2024-09-05,U02,zone_2,12,77.85,86,0,20
2024-09-06,U02,zone_2,15,69.39,87,0,20
2024-09-07,U02,zone_2,13,77.77,122,0,20
2024-09-08,U02,zone_2,33,58.72,225,0,20
2024-09-09,U02,zone_2,28,70.63,210,0,20
2024-09-10,U02,zone_2,25,72.96,154,0,20
2024-09-11,U02,zone_2,20,79.93,133,0,20
2024-09-12,U02,zone_2,10,69.88,92,0,20
2024-09-13,U02,zone_2,13,61.23,105,0,20
2024-09-14,U02,zone_2,20,70.8,132,0,20
2024-09-15,U02,zone_2,37,61.32,186,0,20
2024-09-16,U02,zone_2,31,75.0,194,0,20
2024-09-17,U02,zone_2,24,66.15,198,0,20
2024-09-18,U02,zone_2,22,66.23,158,0,20
2024-09-19,U02,zone_2,15,62.0,108,0,20
2024-09-20,U02,zone_2,22,69.39,92,0,20
2024-09-21,U02,zone_2,21,72.71,135,0,20
2024-09-22,U02,zone_2,26,80.81,155,0,20
2024-09-23,U02,zone_2,35,70.58,193,0,20
2024-09-24,U02,zone_2,37,67.44,200,0,20
2024-09-25,U02,zone_2,17,65.03,168,0,20
2024-09-26,U02,zone_2,14,64.43,94,0,20
2024-09-27,U02,zone_2,11,69.47,82,0,20
2024-09-28,U02,zone_2,21,66.49,142,0,20
2024-09-29,U02,zone_2,37,69.41,196,0,20
2024-09-30,U02,zone_2,29,69.67,198,0,20
2024-10-01,U02,zone_2,23,63.4,199,0,20
2024-10-02,U02,zone_2,15,70.09,156,0,20
2024-10-03,U02,zone_2,14,63.01,123,0,20
2024-10-04,U02,zone_2,9,71.18,93,0,20
2024-10-05,U02,zone_2,24,70.7,146,0,20
2024-10-06,U02,zone_2,26,74.1,184,0,20
2024-10-07,U02,zone_2,28,68.76,232,0,20
2024-10-08,U02,zone_2,28,63.91,216,0,20
2024-10-09,U02,zone_2,14,72.16,148,0,20
2024-10-10,U02,zone_2,16,78.93,94,0,20
2024-10-11,U02,zone_2,14,68.97,113,1,20
2024-10-12,U02,zone_2,25,65.87,130,1,20
2024-10-13,U02,zone_2,30,72.43,180,0,20
2024-10-14,U02,zone_2,40,73.2,212,0,20
2024-10-15,U02,zone_2,31,70.68,199,0,20
2024-10-16,U02,zone_2,25,67.24,172,0,20
2024-10-17,U02,zone_2,10,68.63,105,0,20
2024-10-18,U02,zone_2,10,74.11,86,0,20
2024-10-19,U02,zone_2,26,70.22,144,0,20
2024-10-20,U02,zone_2,31,59.66,244,0,20
2024-10-21,U02,zone_2,29,69.63,220,0,20
2024-10-22,U02,zone_2,31,73.37,171,0,20
2024-10-23,U02,zone_2,28,63.47,162,0,20
2024-10-24,U02,zone_2,11,67.03,104,0,20
2024-10-25,U02,zone_2,15,65.66,108,0,20
2024-10-26,U02,zone_2,29,58.49,162,0,20
2024-10-27,U02,zone_2,32,57.33,230,0,20
2024-10-28,U02,zone_2,38,71.46,224,0,20
2024-10-29,U02,zone_2,26,79.9,166,0,20
2024-10-30,U02,zone_2,27,61.58,161,0,20
2024-10-31,U02,zone_2,17,61.73,126,0,20
2024-11-01,U02,zone_2,15,79.24,93,0,20
2024-11-02,U02,zone_2,20,72.25,151,0,20
2024-11-03,U02,zone_2,24,68.15,223,0,20
2024-11-04,U02,zone_2,35,76.71,197,0,20
2024-11-05,U02,zone_2,28,62.91,202,0,20
2024-11-06,U02,zone_2,18,66.78,152,0,20
2024-11-07,U02,zone_2,17,70.17,115,0,20
2024-11-08,U02,zone_2,18,78.0,101,0,20
2024-11-09,U02,zone_2,20,70.19,151,0,20
2024-11-10,U02,zone_2,29,71.51,229,0,20
2024-11-11,U02,zone_2,45,69.24,231,0,20
2024-11-12,U02,zone_2,36,67.56,225,0,20
2024-11-13,U02,zone_2,20,71.63,140,0,20
2024-11-14,U02,zone_2,13,75.83,101,0,20
2024-11-15,U02,zone_2,22,63.32,112,0,20
2024-11-16,U02,zone_2,34,55.94,173,0,20
2024-11-17,U02,zone_2,30,63.04,259,0,20
2024-11-18,U02,zone_2,30,69.66,243,0,20
2024-11-19,U02,zone_2,31,75.96,197,0,20
2024-11-20,U02,zone_2,14,74.96,155,1,20
2024-11-21,U02,zone_2,16,72.64,117,1,20
2024-11-22,U02,zone_2,14,75.94,121,0,20
2024-11-23,U02,zone_2,28,75.28,142,0,20
2024-11-24,U02,zone_2,31,73.3,226,0,20
2024-11-25,U02,zone_2,32,70.42,231,0,20
2024-11-26,U02,zone_2,29,70.88,177,0,20
2024-11-27,U02,zone_2,22,76.04,179,0,20
2024-11-28,U02,zone_2,21,74.1,112,0,20
2024-11-29,U02,zone_2,14,69.05,114,0,20
2024-11-30,U02,zone_2,20,72.09,153,0,20
2024-12-01,U02,zone_2,31,63.36,224,0,20
2024-12-02,U02,zone_2,37,64.46,238,0,20
2024-12-03,U02,zone_2,31,69.66,251,0,20
2024-12-04,U02,zone_2,28,64.39,174,0,20
2024-12-05,U02,zone_2,18,69.78,126,0,20
2024-12-06,U02,zone_2,10,67.28,119,0,20
2024-12-07,U02,zone_2,21,63.05,159,0,20
2024-12-08,U02,zone_2,35,63.92,228,0,20
2024-12-09,U02,zone_2,41,75.79,242,0,20
2024-12-10,U02,zone_2,20,68.03,226,0,20
2024-12-11,U02,zone_2,30,70.3,176,0,20
2024-12-12,U02,zone_2,18,69.87,109,0,20
2024-12-13,U02,zone_2,15,70.03,114,0,20
2024-12-14,U02,zone_2,19,61.01,169,0,20
2024-12-15,U02,zone_2,22,72.76,188,0,20
2024-12-16,U02,zone_2,46,63.58,213,0,20
2024-12-17,U02,zone_2,27,73.91,177,0,20
2024-12-18,U02,zone_2,33,58.34,203,0,20
2024-12-19,U02,zone_2,11,72.19,110,0,20
2024-12-20,U02,zone_2,13,62.95,106,0,20
2024-12-21,U02,zone_2,15,69.22,183,0,20
2024-12-22,U02,zone_2,29,65.62,203,0,20
2024-12-23,U02,zone_2,34,67.7,236,0,20
2024-12-24,U02,zone_2,31,73.79,189,0,20
2024-12-25,U02,zone_2,28,62.2,175,0,20
2024-12-26,U02,zone_2,12,70.13,132,0,20
2024-12-27,U02,zone_2,11,70.18,97,0,20
2024-12-28,U02,zone_2,15,75.02,147,0,20
2024-12-29,U02,zone_2,26,74.8,168,0,20
2024-12-30,U02,zone_2,32,68.32,235,1,20
2024-12-31,U02,zone_2,26,65.41,220,1,20
2025-01-01,U02,zone_2,17,83.0,119,0,20
2025-01-02,U02,zone_2,14,72.55,92,0,20
2025-01-03,U02,zone_2,5,65.57,103,0,20
2025-01-04,U02,zone_2,19,64.6,159,0,20
2025-01-05,U02,zone_2,29,55.7,212,0,20
2025-01-06,U02,zone_2,31,68.64,266,0,20
2025-01-07,U02,zone_2,39,68.23,202,0,20
2025-01-08,U02,zone_2,14,74.22,139,0,20
2025-01-09,U02,zone_2,18,66.51,115,0,20
2025-01-10,U02,zone_2,14,71.24,82,0,20
2025-01-11,U02,zone_2,19,69.13,146,0,20
2025-01-12,U02,zone_2,25,74.26,187,0,20
2025-01-13,U02,zone_2,32,70.35,227,0,20
2025-01-14,U02,zone_2,34,65.74,213,0,20
2025-01-15,U02,zone_2,18,71.71,139,0,20
2025-01-16,U02,zone_2,11,74.83,118,0,20
2025-01-17,U02,zone_2,18,63.78,114,0,20
2025-01-18,U02,zone_2,19,76.39,132,0,20
2025-01-19,U02,zone_2,21,63.04,218,0,20
2025-01-20,U02,zone_2,22,80.92,200,0,20
2025-01-21,U02,zone_2,20,69.67,212,0,20
2025-01-22,U02,zone_2,19,71.86,146,0,20
2025-01-23,U02,zone_2,13,71.72,104,0,20
2025-01-24,U02,zone_2,10,75.8,88,0,20
2025-01-25,U02,zone_2,24,68.91,138,0,20
2025-01-26,U02,zone_2,21,73.68,205,0,20
2025-01-27,U02,zone_2,32,70.68,213,0,20
2025-01-28,U02,zone_2,37,69.19,205,0,20
2025-01-29,U02,zone_2,24,54.91,168,0,20
2025-01-30,U02,zone_2,19,58.26,114,0,20
2025-01-31,U02,zone_2,18,68.36,95,0,20
2025-02-01,U02,zone_2,19,73.57,141,0,20
2025-02-02,U02,zone_2,25,70.83,191,0,20
2025-02-03,U02,zone_2,28,75.93,194,0,20
2025-02-04,U02,zone_2,23,70.39,213,0,20
2025-02-05,U02,zone_2,26,76.73,144,0,20
2025-02-06,U02,zone_2,18,76.1,104,0,20
2025-02-07,U02,zone_2,12,66.54,106,0,20
2025-02-08,U02,zone_2,19,62.32,116,1,20
2025-02-09,U02,zone_2,28,62.8,207,1,20
2025-02-10,U02,zone_2,31,63.35,232,0,20
2025-02-11,U02,zone_2,23,76.77,158,0,20
2025-02-12,U02,zone_2,16,73.88,114,0,20
2025-02-13,U02,zone_2,15,66.2,94,0,20
2025-02-14,U02,zone_2,10,81.15,80,0,20
2025-02-15,U02,zone_2,19,77.45,120,0,20
2025-02-16,U02,zone_2,17,65.87,208,0,20
2025-02-17,U02,zone_2,33,72.23,187,0,20
2025-02-18,U02,zone_2,23,67.92,222,0,20
2025-02-19,U02,zone_2,19,64.79,154,0,20
2025-02-20,U02,zone_2,17,66.88,99,0,20
2025-02-21,U02,zone_2,11,67.89,80,0,20
2025-02-22,U02,zone_2,28,65.24,139,0,20
2025-02-23,U02,zone_2,35,71.95,160,0,20
2025-02-24,U02,zone_2,29,59.8,226,0,20
2025-02-25,U02,zone_2,33,66.85,189,0,20
2025-02-26,U02,zone_2,15,66.15,166,0,20
2025-02-27,U02,zone_2,15,64.13,94,0,20
2025-02-28,U02,zone_2,13,71.65,93,0,20
2025-03-01,U02,zone_2,23,65.66,136,0,20
2025-03-02,U02,zone_2,28,67.43,180,0,20
2025-03-03,U02,zone_2,30,70.11,201,0,20
2025-03-04,U02,zone_2,21,72.27,160,0,20
2025-03-05,U02,zone_2,18,78.93,120,0,20
2025-03-06,U02,zone_2,8,68.75,96,0,20
2025-03-07,U02,zone_2,13,66.72,94,0,20
2025-03-08,U02,zone_2,16,75.59,124,0,20
2025-03-09,U02,zone_2,26,83.93,138,0,20
2025-03-10,U02,zone_2,30,72.65,182,0,20
2025-03-11,U02,zone_2,38,64.0,190,0,20
2025-03-12,U02,zone_2,24,68.85,133,0,20
2025-03-13,U02,zone_2,11,69.69,95,0,20
2025-03-14,U02,zone_2,12,67.56,77,0,20
2025-03-15,U02,zone_2,12,76.43,121,0,20
2025-03-16,U02,zone_2,25,74.63,165,0,20
2025-03-17,U02,zone_2,28,80.81,155,0,20
2025-03-18,U02,zone_2,23,77.46,170,0,20
2025-03-19,U02,zone_2,26,63.76,146,0,20
2025-03-20,U02,zone_2,16,64.46,90,1,20
2025-03-21,U02,zone_2,6,60.83,89,1,20
2025-03-22,U02,zone_2,20,66.27,130,0,20
2025-03-23,U02,zone_2,20,67.24,164,0,20
2025-03-24,U02,zone_2,27,67.87,171,0,20
2025-03-25,U02,zone_2,20,70.96,158,0,20
2025-03-26,U02,zone_2,11,66.24,133,0,20
2025-03-27,U02,zone_2,15,66.27,99,0,20
2025-03-28,U02,zone_2,11,84.22,74,0,20
2025-03-29,U02,zone_2,18,75.31,103,0,20
2025-03-30,U02,zone_2,24,74.2,145,0,20
2025-03-31,U02,zone_2,27,76.54,167,0,20
2025-04-01,U02,zone_2,29,73.13,173,0,20
2025-04-02,U02,zone_2,12,69.74,107,0,20
2025-04-03,U02,zone_2,9,67.1,89,0,20
2025-04-04,U02,zone_2,10,65.99,79,0,20
2025-04-05,U02,zone_2,17,81.28,84,0,20
2025-04-06,U02,zone_2,27,65.86,154,0,20
2025-04-07,U02,zone_2,22,68.44,167,0,20
2025-04-08,U02,zone_2,17,77.01,165,0,20
2025-04-09,U02,zone_2,14,72.48,110,0,20
2025-04-10,U02,zone_2,12,66.11,69,0,20
2025-04-11,U02,zone_2,10,72.01,83,0,20
2025-04-12,U02,zone_2,16,74.52,92,0,20
2025-04-13,U02,zone_2,29,68.22,133,0,20
2025-04-14,U02,zone_2,20,62.91,185,0,20
2025-04-15,U02,zone_2,30,64.75,181,0,20
2025-04-16,U02,zone_2,18,74.29,115,0,20
2025-04-17,U02,zone_2,6,72.17,79,0,20
2025-04-18,U02,zone_2,14,76.7,66,0,20
2025-04-19,U02,zone_2,24,67.76,123,0,20
2025-04-20,U02,zone_2,15,72.32,139,0,20
2025-04-21,U02,zone_2,20,70.31,153,0,20
2025-04-22,U02,zone_2,22,65.54,170,0,20
2025-04-23,U02,zone_2,15,78.5,98,0,20
2025-04-24,U02,zone_2,11,60.93,98,0,20
2025-04-25,U02,zone_2,12,66.42,83,0,20
2025-04-26,U02,zone_2,7,73.5,97,0,20
2025-04-27,U02,zone_2,24,70.26,162,0,20
2025-04-28,U02,zone_2,22,71.44,156,0,20
2025-04-29,U02,zone_2,20,72.09,144,1,20
2025-04-30,U02,zone_2,13,68.6,111,1,20
2025-05-01,U02,zone_2,9,67.64,85,0,20
2025-05-02,U02,zone_2,15,67.26,79,0,20
2025-05-03,U02,zone_2,13,66.28,101,0,20
2025-05-04,U02,zone_2,24,70.24,124,0,20
2025-05-05,U02,zone_2,22,64.59,160,0,20
2025-05-06,U02,zone_2,20,75.38,149,0,20
2025-05-07,U02,zone_2,16,75.59,104,0,20
2025-05-08,U02,zone_2,18,70.07,74,0,20
2025-05-09,U02,zone_2,12,63.75,58,0,20
2025-05-10,U02,zone_2,18,71.98,102,0,20
2025-05-11,U02,zone_2,20,72.23,132,0,20
2025-05-12,U02,zone_2,27,66.9,161,0,20
2025-05-13,U02,zone_2,23,69.24,139,0,20
2025-05-14,U02,zone_2,18,70.7,98,0,20
2025-05-15,U02,zone_2,11,61.44,78,0,20
2025-05-16,U02,zone_2,8,64.1,85,0,20
2025-05-17,U02,zone_2,10,69.67,105,0,20
2025-05-18,U02,zone_2,20,70.21,150,0,20
2025-05-19,U02,zone_2,29,78.56,155,0,20
2025-05-20,U02,zone_2,21,69.05,164,0,20
2025-05-21,U02,zone_2,8,71.73,103,0,20
2025-05-22,U02,zone_2,13,69.5,77,0,20
2025-05-23,U02,zone_2,4,71.5,66,0,20
2025-05-24,U02,zone_2,14,71.86,83,0,20
2025-05-25,U02,zone_2,17,70.56,151,0,20
2025-05-26,U02,zone_2,12,74.87,160,0,20
2025-05-27,U02,zone_2,25,68.18,142,0,20
2025-05-28,U02,zone_2,11,69.61,105,0,20
2025-05-29,U02,zone_2,3,68.7,80,0,20
2025-05-30,U02,zone_2,12,55.57,70,0,20
2025-05-31,U02,zone_2,14,68.46,106,0,20
2025-06-01,U02,zone_2,19,72.34,127,0,20
2025-06-02,U02,zone_2,19,77.3,150,0,20
2025-06-03,U02,zone_2,18,77.43,119,0,20
2025-06-04,U02,zone_2,19,72.42,99,0,20
2025-06-05,U02,zone_2,12,79.48,62,0,20
2025-06-06,U02,zone_2,7,66.22,63,0,20
2025-06-07,U02,zone_2,16,66.74,109,0,20
2025-06-08,U02,zone_2,15,67.16,128,1,20
2025-06-09,U02,zone_2,22,72.1,165,1,20
2025-06-10,U02,zone_2,16,62.26,131,0,20
2025-06-11,U02,zone_2,14,69.03,113,0,20
2025-06-12,U02,zone_2,13,76.38,67,0,20
2025-06-13,U02,zone_2,11,75.56,73,0,20
2025-06-14,U02,zone_2,14,76.22,81,0,20
2025-06-15,U02,zone_2,25,72.28,124,0,20
2025-06-16,U02,zone_2,27,68.75,164,0,20
2025-06-17,U02,zone_2,16,79.54,156,0,20
2025-06-18,U02,zone_2,12,79.36,115,0,20
2025-06-19,U02,zone_2,8,62.64,91,0,20
2025-06-20,U02,zone_2,18,73.45,50,0,20
2025-06-21,U02,zone_2,11,69.22,97,0,20
2025-06-22,U02,zone_2,23,70.4,132,0,20
2025-06-23,U02,zone_2,26,71.96,150,0,20
2025-06-24,U02,zone_2,23,76.7,127,0,20
2025-06-25,U02,zone_2,15,61.55,112,0,20
2025-06-26,U02,zone_2,10,63.44,86,0,20
2025-06-27,U02,zone_2,17,63.82,85,0,20
2025-06-28,U02,zone_2,18,63.42,110,0,20
2025-06-29,U02,zone_2,13,74.06,148,0,20
2025-06-30,U02,zone_2,32,69.83,165,0,20
2025-07-01,U02,zone_2,20,66.62,155,0,20
2025-07-02,U02,zone_2,22,77.07,91,0,20
2025-07-03,U02,zone_2,14,65.68,73,0,20
2025-07-04,U02,zone_2,14,69.77,86,0,20
2025-07-05,U02,zone_2,20,72.25,100,0,20
2025-07-06,U02,zone_2,16,79.12,119,0,20
2025-07-07,U02,zone_2,19,72.31,163,0,20
2025-07-08,U02,zone_2,23,70.65,138,0,20
2025-07-09,U02,zone_2,15,74.09,94,0,20
2025-07-10,U02,zone_2,4,66.98,86,0,20
2025-07-11,U02,zone_2,5,65.87,69,0,20
2025-07-12,U02,zone_2,10,68.58,91,0,20
2025-07-13,U02,zone_2,22,70.85,156,0,20
2025-07-14,U02,zone_2,17,72.43,167,0,20
2025-07-15,U02,zone_2,21,74.4,141,0,20
2025-07-16,U02,zone_2,15,66.36,101,0,20
2025-07-17,U02,zone_2,8,66.92,80,0,20
2025-07-18,U02,zone_2,7,61.49,97,1,20
2025-07-19,U02,zone_2,15,64.24,118,1,20
2025-07-20,U02,zone_2,15,77.45,145,0,20
2025-07-21,U02,zone_2,25,68.14,182,0,20
2025-07-22,U02,zone_2,26,68.85,178,0,20
2025-07-23,U02,zone_2,8,77.5,100,0,20
2025-07-24,U02,zone_2,7,72.38,65,0,20
2025-07-25,U02,zone_2,11,68.42,91,0,20
2025-07-26,U02,zone_2,11,70.47,92,0,20
2025-07-27,U02,zone_2,20,73.12,149,0,20
2025-07-28,U02,zone_2,19,67.9,159,0,20
2025-07-29,U02,zone_2,16,76.1,149,0,20
2025-07-30,U02,zone_2,12,71.55,102,0,20
2025-07-31,U02,zone_2,10,69.41,86,0,20
2025-08-01,U02,zone_2,12,73.16,89,0,20
2025-08-02,U02,zone_2,21,65.68,124,0,20
2025-08-03,U02,zone_2,24,66.76,187,0,20
2025-08-04,U02,zone_2,26,67.63,168,0,20
2025-08-05,U02,zone_2,20,68.2,173,0,20
2025-08-06,U02,zone_2,14,74.14,115,0,20
2025-08-07,U02,zone_2,10,72.51,88,0,20
2025-08-08,U02,zone_2,8,70.59,71,0,20
2025-08-09,U02,zone_2,15,62.52,119,0,20
2025-08-10,U02,zone_2,20,74.35,155,0,20
2025-08-11,U02,zone_2,24,69.99,165,0,20
2025-08-12,U02,zone_2,18,74.91,154,0,20
2025-08-13,U02,zone_2,17,77.41,104,0,20
2025-08-14,U02,zone_2,15,72.06,86,0,20
2025-08-15,U02,zone_2,16,66.63,80,0,20
2025-08-16,U02,zone_2,21,70.55,111,0,20
2025-08-17,U02,zone_2,30,69.09,173,0,20
2025-08-18,U02,zone_2,26,69.98,188,0,20
2025-08-19,U02,zone_2,24,66.14,195,0,20
2025-08-20,U02,zone_2,19,66.84,105,0,20
2025-08-21,U02,zone_2,14,70.04,96,0,20
2025-08-22,U02,zone_2,21,70.82,88,0,20
2025-08-23,U02,zone_2,7,66.72,124,0,20
2025-08-24,U02,zone_2,21,84.37,145,0,20
2025-08-25,U02,zone_2,33,59.81,212,0,20
2025-08-26,U02,zone_2,24,63.38,187,0,20
2025-08-27,U02,zone_2,20,69.82,132,1,20
2025-08-28,U02,zone_2,20,70.33,99,1,20
2025-08-29,U02,zone_2,11,79.49,72,0,20
2025-08-30,U02,zone_2,18,71.27,123,0,20
2025-08-31,U02,zone_2,32,72.48,187,0,20
2025-09-01,U02,zone_2,36,69.99,200,0,20
2025-09-02,U02,zone_2,24,71.39,187,0,20
2025-09-03,U02,zone_2,22,79.1,117,0,20
2025-09-04,U02,zone_2,18,61.85,106,0,20
2025-09-05,U02,zone_2,7,67.96,96,0,20
2025-09-06,U02,zone_2,19,68.23,121,0,20
2025-09-07,U02,zone_2,27,65.76,181,0,20
2025-09-08,U02,zone_2,26,76.8,155,0,20
2025-09-09,U02,zone_2,37,67.93,180,0,20
2025-09-10,U02,zone_2,20,72.52,125,0,20
2025-09-11,U02,zone_2,21,71.75,72,0,20
2025-09-12,U02,zone_2,15,75.11,81,0,20
2025-09-13,U02,zone_2,22,67.3,138,0,20
2025-09-14,U02,zone_2,27,71.29,174,0,20
2025-09-15,U02,zone_2,24,67.1,233,0,20
2025-09-16,U02,zone_2,24,73.48,173,0,20
2025-09-17,U02,zone_2,20,71.52,152,0,20
2025-09-18,U02,zone_2,17,77.91,85,0,20
2025-09-19,U02,zone_2,15,68.21,93,0,20
2025-09-20,U02,zone_2,13,70.67,130,0,20
2025-09-21,U02,zone_2,22,66.13,176,0,20
2025-09-22,U02,zone_2,28,70.76,199,0,20
2025-09-23,U02,zone_2,22,65.96,201,0,20
2025-09-24,U02,zone_2,22,75.45,138,0,20
2025-09-25,U02,zone_2,17,79.9,94,0,20
2025-09-26,U02,zone_2,14,64.73,96,0,20
2025-09-27,U02,zone_2,17,72.52,116,0,20
2025-09-28,U02,zone_2,18,71.39,175,0,20
2025-09-29,U02,zone_2,22,67.54,228,0,20
2025-09-30,U02,zone_2,30,70.28,210,0,20
2025-10-01,U02,zone_2,24,69.38,139,0,20
2025-10-02,U02,zone_2,21,62.34,99,0,20
2025-10-03,U02,zone_2,20,69.34,91,0,20
2025-10-04,U02,zone_2,24,70.9,145,0,20
2025-10-05,U02,zone_2,24,70.04,186,0,20
2025-10-06,U02,zone_2,31,65.66,241,1,20
2025-10-07,U02,zone_2,30,69.87,215,1,20
2025-10-08,U02,zone_2,29,72.66,143,0,20
2025-10-09,U02,zone_2,6,76.47,97,0,20
2025-10-10,U02,zone_2,19,69.77,95,0,20
2025-10-11,U02,zone_2,17,65.12,153,0,20
2025-10-12,U02,zone_2,37,68.94,216,0,20
2025-10-13,U02,zone_2,24,78.27,222,0,20
2025-10-14,U02,zone_2,25,66.77,220,0,20
2025-10-15,U02,zone_2,23,65.97,145,0,20
2025-10-16,U02,zone_2,13,70.89,110,0,20
2025-10-17,U02,zone_2,18,70.39,94,0,20
2025-10-18,U02,zone_2,23,66.67,147,0,20
2025-10-19,U02,zone_2,38,66.92,213,0,20
2025-10-20,U02,zone_2,39,72.09,206,0,20
2025-10-21,U02,zone_2,35,65.44,202,0,20
2025-10-22,U02,zone_2,27,65.81,164,0,20
2025-10-23,U02,zone_2,17,62.98,110,0,20
2025-10-24,U02,zone_2,13,74.56,89,0,20
2025-10-25,U02,zone_2,27,65.7,154,0,20
2024-09-01,U03,zone_3,28,72.64,191,1,21
2024-09-02,U03,zone_3,34,65.12,237,1,21
2024-09-03,U03,zone_3,32,73.85,190,0,21
2024-09-04,U03,zone_3,20,70.92,135,0,21
2024-09-05,U03,zone_3,19,77.88,89,0,21
2024-09-06,U03,zone_3,16,79.43,111,0,21
2024-09-07,U03,zone_3,28,71.9,174,0,21
2024-09-08,U03,zone_3,46,66.67,217,0,21
2024-09-09,U03,zone_3,29,69.56,244,0,21
2024-09-10,U03,zone_3,26,69.91,185,0,21
2024-09-11,U03,zone_3,27,64.59,149,0,21
2024-09-12,U03,zone_3,11,63.2,110,0,21
2024-09-13,U03,zone_3,18,73.81,108,0,21
2024-09-14,U03,zone_3,23,75.37,156,0,21
2024-09-15,U03,zone_3,32,69.12,215,0,21
2024-09-16,U03,zone_3,35,68.14,262,0,21
2024-09-17,U03,zone_3,23,65.29,225,0,21
2024-09-18,U03,zone_3,17,66.23,152,0,21
2024-09-19,U03,zone_3,18,69.36,91,0,21
2024-09-20,U03,zone_3,11,71.64,124,0,21
2024-09-21,U03,zone_3,19,75.58,156,0,21
2024-09-22,U03,zone_3,42,67.91,206,0,21
2024-09-23,U03,zone_3,42,67.37,248,0,21
2024-09-24,U03,zone_3,28,72.53,183,0,21
2024-09-25,U03,zone_3,26,69.27,162,0,21
2024-09-26,U03,zone_3,8,71.69,90,0,21
2024-09-27,U03,zone_3,10,74.49,130,0,21
2024-09-28,U03,zone_3,33,66.38,166,0,21
2024-09-29,U03,zone_3,40,73.61,218,0,21
2024-09-30,U03,zone_3,42,66.86,271,0,21
2024-10-01,U03,zone_3,27,63.82,236,0,21
2024-10-02,U03,zone_3,19,72.39,152,0,21
2024-10-03,U03,zone_3,7,72.76,109,0,21
2024-10-04,U03,zone_3,20,66.57,129,0,21
2024-10-05,U03,zone_3,26,72.68,158,0,21
2024-10-06,U03,zone_3,32,71.1,230,0,21
2024-10-07,U03,zone_3,36,65.19,271,0,21
2024-10-08,U03,zone_3,26,70.82,194,0,21
2024-10-09,U03,zone_3,30,59.35,157,0,21
2024-10-10,U03,zone_3,14,72.0,109,0,21
2024-10-11,U03,zone_3,23,73.78,125,1,21
2024-10-12,U03,zone_3,22,66.46,170,1,21
2024-10-13,U03,zone_3,27,76.0,223,0,21
2024-10-14,U03,zone_3,30,70.75,244,0,21
2024-10-15,U03,zone_3,31,70.01,205,0,21
2024-10-16,U03,zone_3,22,73.99,145,0,21
2024-10-17,U03,zone_3,14,69.79,100,0,21
2024-10-18,U03,zone_3,19,78.83,118,0,21
2024-10-19,U03,zone_3,30,75.31,140,0,21
2024-10-20,U03,zone_3,46,67.89,242,0,21
2024-10-21,U03,zone_3,47,60.43,286,0,21
2024-10-22,U03,zone_3,34,66.16,246,0,21
2024-10-23,U03,zone_3,23,71.66,130,0,21
2024-10-24,U03,zone_3,14,71.92,131,0,21
2024-10-25,U03,zone_3,15,76.75,121,0,21
2024-10-26,U03,zone_3,26,80.7,190,0,21
2024-10-27,U03,zone_3,46,63.16,263,0,21
2024-10-28,U03,zone_3,37,67.48,279,0,21
2024-10-29,U03,zone_3,31,65.38,247,0,21
2024-10-30,U03,zone_3,18,76.43,149,0,21
2024-10-31,U03,zone_3,28,68.97,123,0,21
2024-11-01,U03,zone_3,16,75.1,123,0,21
2024-11-02,U03,zone_3,25,65.62,173,0,21
2024-11-03,U03,zone_3,30,64.09,259,0,21
2024-11-04,U03,zone_3,45,65.32,262,0,21
2024-11-05,U03,zone_3,27,67.51,219,0,21
2024-11-06,U03,zone_3,15,73.28,154,0,21
2024-11-07,U03,zone_3,17,68.59,160,0,21
2024-11-08,U03,zone_3,19,66.91,146,0,21
2024-11-09,U03,zone_3,24,76.15,176,0,21
2024-11-10,U03,zone_3,37,66.7,261,0,21
2024-11-11,U03,zone_3,47,79.86,233,0,21
2024-11-12,U03,zone_3,27,75.47,226,0,21
2024-11-13,U03,zone_3,33,67.74,152,0,21
2024-11-14,U03,zone_3,16,73.97,104,0,21
2024-11-15,U03,zone_3,20,66.97,132,0,21
2024-11-16,U03,zone_3,26,76.65,144,0,21
2024-11-17,U03,zone_3,29,74.05,244,0,21
2024-11-18,U03,zone_3,42,62.04,298,0,21
2024-11-19,U03,zone_3,34,71.7,234,0,21
2024-11-20,U03,zone_3,33,73.6,151,1,21
2024-11-21,U03,zone_3,18,76.62,98,1,21
2024-11-22,U03,zone_3,16,71.75,140,0,21
2024-11-23,U03,zone_3,32,72.24,191,0,21
2024-11-24,U03,zone_3,23,77.21,231,0,21
2024-11-25,U03,zone_3,25,76.49,253,0,21
2024-11-26,U03,zone_3,39,66.42,212,0,21
2024-11-27,U03,zone_3,20,70.77,167,0,21
2024-11-28,U03,zone_3,23,68.2,126,0,21
2024-11-29,U03,zone_3,22,70.18,132,0,21
2024-11-30,U03,zone_3,30,66.95,189,0,21
2024-12-01,U03,zone_3,38,71.17,236,0,21
2024-12-02,U03,zone_3,41,80.45,245,0,21
2024-12-03,U03,zone_3,26,70.1,217,0,21
2024-12-04,U03,zone_3,40,67.37,159,0,21
2024-12-05,U03,zone_3,18,63.6,117,0,21
2024-12-06,U03,zone_3,18,71.89,132,0,21
2024-12-07,U03,zone_3,22,76.1,184,0,21
2024-12-08,U03,zone_3,48,64.43,265,0,21
2024-12-09,U03,zone_3,34,68.21,302,0,21
2024-12-10,U03,zone_3,27,75.59,192,0,21
2024-12-11,U03,zone_3,19,70.35,159,0,21
2024-12-12,U03,zone_3,15,66.33,163,0,21
2024-12-13,U03,zone_3,25,79.25,137,0,21
2024-12-14,U03,zone_3,35,73.03,173,0,21
2024-12-15,U03,zone_3,37,65.4,261,0,21
2024-12-16,U03,zone_3,33,69.57,283,0,21
2024-12-17,U03,zone_3,18,77.48,200,0,21
2024-12-18,U03,zone_3,13,66.4,174,0,21
2024-12-19,U03,zone_3,18,73.74,128,0,21
2024-12-20,U03,zone_3,13,66.59,137,0,21
2024-12-21,U03,zone_3,30,63.17,223,0,21
2024-12-22,U03,zone_3,55,63.25,273,0,21
2024-12-23,U03,zone_3,38,76.7,208,0,21
2024-12-24,U03,zone_3,32,60.35,274,0,21
2024-12-25,U03,zone_3,25,67.56,157,0,21
2024-12-26,U03,zone_3,16,66.25,110,0,21
2024-12-27,U03,zone_3,21,74.65,117,0,21
2024-12-28,U03,zone_3,27,73.58,169,0,21
2024-12-29,U03,zone_3,35,64.32,274,0,21
2024-12-30,U03,zone_3,45,68.26,287,1,21
2024-12-31,U03,zone_3,29,72.91,211,1,21
2025-01-01,U03,zone_3,22,74.79,155,0,21
2025-01-02,U03,zone_3,22,63.52,130,0,21
2025-01-03,U03,zone_3,18,68.35,115,0,21
2025-01-04,U03,zone_3,22,73.72,201,0,21
2025-01-05,U03,zone_3,30,75.03,256,0,21
2025-01-06,U03,zone_3,26,63.74,288,0,21
2025-01-07,U03,zone_3,33,74.0,197,0,21
2025-01-08,U03,zone_3,18,75.77,138,0,21
2025-01-09,U03,zone_3,13,72.61,112,0,21
2025-01-10,U03,zone_3,15,74.89,145,0,21
2025-01-11,U03,zone_3,29,66.81,177,0,21
2025-01-12,U03,zone_3,45,62.1,267,0,21
2025-01-13,U03,zone_3,34,73.26,250,0,21
2025-01-14,U03,zone_3,42,54.48,272,0,21
2025-01-15,U03,zone_3,17,73.43,163,0,21
2025-01-16,U03,zone_3,18,75.79,111,0,21
2025-01-17,U03,zone_3,17,67.82,121,0,21
2025-01-18,U03,zone_3,19,69.67,180,0,21
2025-01-19,U03,zone_3,26,74.16,226,0,21
2025-01-20,U03,zone_3,28,77.36,233,0,21
2025-01-21,U03,zone_3,28,67.72,248,0,21
2025-01-22,U03,zone_3,20,64.81,160,0,21
2025-01-23,U03,zone_3,19,67.06,97,0,21
2025-01-24,U03,zone_3,23,65.5,115,0,21
2025-01-25,U03,zone_3,32,72.7,170,0,21
2025-01-26,U03,zone_3,44,63.07,247,0,21
2025-01-27,U03,zone_3,35,74.79,258,0,21
2025-01-28,U03,zone_3,26,70.62,208,0,21
2025-01-29,U03,zone_3,21,75.06,133,0,21
2025-01-30,U03,zone_3,14,75.12,92,0,21
2025-01-31,U03,zone_3,18,63.29,122,0,21
2025-02-01,U03,zone_3,19,77.81,173,0,21
2025-02-02,U03,zone_3,41,70.89,234,0,21
2025-02-03,U03,zone_3,37,68.02,241,0,21
2025-02-04,U03,zone_3,34,70.07,208,0,21
2025-02-05,U03,zone_3,24,63.78,171,0,21
2025-02-06,U03,zone_3,12,62.94,122,0,21
2025-02-07,U03,zone_3,10,76.58,100,0,21
2025-02-08,U03,zone_3,27,70.24,180,1,21
2025-02-09,U03,zone_3,23,71.35,236,1,21
2025-02-10,U03,zone_3,32,76.22,224,0,21
2025-02-11,U03,zone_3,30,67.13,229,0,21
2025-02-12,U03,zone_3,16,64.32,130,0,21
2025-02-13,U03,zone_3,22,68.59,93,0,21
2025-02-14,U03,zone_3,13,61.85,119,0,21
2025-02-15,U03,zone_3,14,73.42,148,0,21
2025-02-16,U03,zone_3,29,68.48,225,0,21
2025-02-17,U03,zone_3,29,68.0,240,0,21
2025-02-18,U03,zone_3,28,64.34,220,0,21
2025-02-19,U03,zone_3,32,68.65,153,0,21
2025-02-20,U03,zone_3,15,75.88,98,0,21
2025-02-21,U03,zone_3,19,66.3,129,0,21
2025-02-22,U03,zone_3,29,68.21,177,0,21
2025-02-23,U03,zone_3,26,71.81,193,0,21
2025-02-24,U03,zone_3,35,67.19,233,0,21
2025-02-25,U03,zone_3,28,71.34,207,0,21
2025-02-26,U03,zone_3,28,68.71,138,0,21
2025-02-27,U03,zone_3,22,61.8,113,0,21
2025-02-28,U03,zone_3,18,66.32,88,0,21
2025-03-01,U03,zone_3,24,77.03,160,0,21
2025-03-02,U03,zone_3,41,65.04,222,0,21
2025-03-03,U03,zone_3,38,71.54,216,0,21
2025-03-04,U03,zone_3,22,64.89,203,0,21
2025-03-05,U03,zone_3,15,67.24,136,0,21
2025-03-06,U03,zone_3,15,73.01,83,0,21
2025-03-07,U03,zone_3,18,73.21,119,0,21
2025-03-08,U03,zone_3,18,64.69,163,0,21
2025-03-09,U03,zone_3,23,71.67,210,0,21
2025-03-10,U03,zone_3,29,70.89,213,0,21
2025-03-11,U03,zone_3,27,67.34,196,0,21
2025-03-12,U03,zone_3,20,59.42,150,0,21
2025-03-13,U03,zone_3,12,74.59,100,0,21
2025-03-14,U03,zone_3,12,70.06,111,0,21
2025-03-15,U03,zone_3,18,67.66,151,0,21
2025-03-16,U03,zone_3,26,75.01,192,0,21
2025-03-17,U03,zone_3,29,81.36,194,0,21
2025-03-18,U03,zone_3,23,75.42,164,0,21
2025-03-19,U03,zone_3,18,69.48,114,0,21
2025-03-20,U03,zone_3,14,68.49,97,1,21
2025-03-21,U03,zone_3,11,68.0,101,1,21
2025-03-22,U03,zone_3,29,62.98,191,0,21
2025-03-23,U03,zone_3,27,70.97,191,0,21
2025-03-24,U03,zone_3,23,70.32,202,0,21
2025-03-25,U03,zone_3,27,74.82,159,0,21
2025-03-26,U03,zone_3,17,74.72,107,0,21
2025-03-27,U03,zone_3,8,75.52,78,0,21
2025-03-28,U03,zone_3,21,66.14,116,0,21
2025-03-29,U03,zone_3,30,70.83,141,0,21
2025-03-30,U03,zone_3,27,77.65,170,0,21
2025-03-31,U03,zone_3,24,74.46,216,0,21
2025-04-01,U03,zone_3,34,61.61,206,0,21
2025-04-02,U03,zone_3,17,68.09,131,0,21
2025-04-03,U03,zone_3,12,67.6,101,0,21
2025-04-04,U03,zone_3,19,69.79,89,0,21
2025-04-05,U03,zone_3,23,67.51,145,0,21
2025-04-06,U03,zone_3,23,74.43,176,0,21
2025-04-07,U03,zone_3,31,75.81,168,0,21
2025-04-08,U03,zone_3,18,64.46,174,0,21
2025-04-09,U03,zone_3,16,74.75,119,0,21
2025-04-10,U03,zone_3,13,73.56,63,0,21
2025-04-11,U03,zone_3,14,72.41,104,0,21
2025-04-12,U03,zone_3,22,76.01,119,0,21
2025-04-13,U03,zone_3,19,70.88,188,0,21
2025-04-14,U03,zone_3,28,69.13,207,0,21
2025-04-15,U03,zone_3,23,63.49,189,0,21
2025-04-16,U03,zone_3,14,74.16,112,0,21
2025-04-17,U03,zone_3,10,70.07,77,0,21
2025-04-18,U03,zone_3,18,61.92,98,0,21
2025-04-19,U03,zone_3,15,71.42,121,0,21
2025-04-20,U03,zone_3,22,61.96,198,0,21
2025-04-21,U03,zone_3,31,62.81,205,0,21
2025-04-22,U03,zone_3,38,59.78,158,0,21
2025-04-23,U03,zone_3,14,69.38,105,0,21
2025-04-24,U03,zone_3,9,68.96,81,0,21
2025-04-25,U03,zone_3,17,61.87,109,0,21
2025-04-26,U03,zone_3,23,66.67,131,0,21
2025-04-27,U03,zone_3,21,70.53,161,0,21
2025-04-28,U03,zone_3,30,66.18,199,0,21
2025-04-29,U03,zone_3,19,68.57,141,1,21
2025-04-30,U03,zone_3,15,59.53,119,1,21
2025-05-01,U03,zone_3,14,71.58,72,0,21
2025-05-02,U03,zone_3,9,70.23,95,0,21
2025-05-03,U03,zone_3,19,70.69,136,0,21
2025-05-04,U03,zone_3,26,80.46,159,0,21
2025-05-05,U03,zone_3,23,68.72,172,0,21
2025-05-06,U03,zone_3,17,69.78,133,0,21
2025-05-07,U03,zone_3,24,74.11,103,0,21
2025-05-08,U03,zone_3,6,78.32,74,0,21
2025-05-09,U03,zone_3,5,65.53,111,0,21
2025-05-10,U03,zone_3,26,73.5,133,0,21
2025-05-11,U03,zone_3,25,72.71,137,0,21
2025-05-12,U03,zone_3,26,67.46,171,0,21
2025-05-13,U03,zone_3,23,74.72,127,0,21
2025-05-14,U03,zone_3,16,67.44,114,0,21
2025-05-15,U03,zone_3,4,70.35,67,0,21
2025-05-16,U03,zone_3,16,69.85,79,0,21
2025-05-17,U03,zone_3,16,72.74,123,0,21
2025-05-18,U03,zone_3,23,64.78,172,0,21
2025-05-19,U03,zone_3,18,70.25,175,0,21
2025-05-20,U03,zone_3,19,73.41,144,0,21
2025-05-21,U03,zone_3,14,71.11,101,0,21
2025-05-22,U03,zone_3,14,65.66,86,0,21
2025-05-23,U03,zone_3,20,63.03,112,0,21
2025-05-24,U03,zone_3,17,71.6,145,0,21
2025-05-25,U03,zone_3,24,67.3,158,0,21
2025-05-26,U03,zone_3,30,72.33,160,0,21
2025-05-27,U03,zone_3,13,74.94,128,0,21
2025-05-28,U03,zone_3,19,61.29,105,0,21
2025-05-29,U03,zone_3,16,73.66,66,0,21
2025-05-30,U03,zone_3,7,67.47,95,0,21
2025-05-31,U03,zone_3,17,75.28,117,0,21
2025-06-01,U03,zone_3,18,67.63,164,0,21
2025-06-02,U03,zone_3,21,73.97,169,0,21
2025-06-03,U03,zone_3,19,79.42,143,0,21
2025-06-04,U03,zone_3,16,72.39,87,0,21
2025-06-05,U03,zone_3,15,63.71,75,0,21
2025-06-06,U03,zone_3,12,67.53,97,0,21
2025-06-07,U03,zone_3,22,71.06,141,0,21
2025-06-08,U03,zone_3,25,70.4,155,1,21
2025-06-09,U03,zone_3,17,73.99,183,1,21
2025-06-10,U03,zone_3,11,72.33,130,0,21
2025-06-11,U03,zone_3,17,67.85,142,0,21
2025-06-12,U03,zone_3,8,69.56,71,0,21
2025-06-13,U03,zone_3,14,81.4,77,0,21
2025-06-14,U03,zone_3,18,60.24,151,0,21
2025-06-15,U03,zone_3,20,71.8,185,0,21
2025-06-16,U03,zone_3,38,74.28,174,0,21
2025-06-17,U03,zone_3,27,63.02,173,0,21
2025-06-18,U03,zone_3,16,64.68,118,0,21
2025-06-19,U03,zone_3,12,83.27,70,0,21
2025-06-20,U03,zone_3,13,76.7,91,0,21
2025-06-21,U03,zone_3,25,68.28,135,0,21
2025-06-22,U03,zone_3,23,75.1,151,0,21
2025-06-23,U03,zone_3,29,66.45,186,0,21
2025-06-24,U03,zone_3,15,80.5,160,0,21
2025-06-25,U03,zone_3,9,69.19,103,0,21
2025-06-26,U03,zone_3,8,70.59,88,0,21
2025-06-27,U03,zone_3,9,75.4,105,0,21
2025-06-28,U03,zone_3,22,79.26,130,0,21
2025-06-29,U03,zone_3,19,73.16,169,0,21
2025-06-30,U03,zone_3,21,64.75,200,0,21
2025-07-01,U03,zone_3,27,61.92,181,0,21
2025-07-02,U03,zone_3,16,75.86,82,0,21
2025-07-03,U03,zone_3,8,72.26,85,0,21
2025-07-04,U03,zone_3,17,73.92,90,0,21
2025-07-05,U03,zone_3,22,71.09,121,0,21
2025-07-06,U03,zone_3,21,73.18,176,0,21
2025-07-07,U03,zone_3,23,73.9,178,0,21
2025-07-08,U03,zone_3,18,71.21,143,0,21
2025-07-09,U03,zone_3,11,75.24,104,0,21
2025-07-10,U03,zone_3,10,73.06,77,0,21
2025-07-11,U03,zone_3,17,68.31,97,0,21
2025-07-12,U03,zone_3,23,69.16,141,0,21
2025-07-13,U03,zone_3,25,76.88,153,0,21
2025-07-14,U03,zone_3,25,70.42,188,0,21
2025-07-15,U03,zone_3,27,66.64,185,0,21
2025-07-16,U03,zone_3,15,78.11,83,0,21
2025-07-17,U03,zone_3,13,65.09,95,0,21
2025-07-18,U03,zone_3,11,69.01,92,1,21
2025-07-19,U03,zone_3,13,77.84,141,1,21
2025-07-20,U03,zone_3,21,69.54,202,0,21
2025-07-21,U03,zone_3,26,71.67,186,0,21
2025-07-22,U03,zone_3,23,66.61,161,0,21
2025-07-23,U03,zone_3,17,72.24,126,0,21
2025-07-24,U03,zone_3,11,61.48,95,0,21
2025-07-25,U03,zone_3,12,68.54,92,0,21
2025-07-26,U03,zone_3,16,78.91,124,0,21
2025-07-27,U03,zone_3,33,62.76,210,0,21
2025-07-28,U03,zone_3,31,73.56,206,0,21
2025-07-29,U03,zone_3,29,67.03,172,0,21
2025-07-30,U03,zone_3,16,65.8,112,0,21
2025-07-31,U03,zone_3,19,67.36,89,0,21
2025-08-01,U03,zone_3,6,78.85,93,0,21
2025-08-02,U03,zone_3,20,72.88,128,0,21
2025-08-03,U03,zone_3,27,64.73,193,0,21
2025-08-04,U03,zone_3,37,72.85,199,0,21
2025-08-05,U03,zone_3,24,67.61,181,0,21
2025-08-06,U03,zone_3,12,65.05,129,0,21
2025-08-07,U03,zone_3,12,72.77,81,0,21
2025-08-08,U03,zone_3,19,73.01,88,0,21
2025-08-09,U03,zone_3,24,69.61,165,0,21
2025-08-10,U03,zone_3,28,59.17,247,0,21
2025-08-11,U03,zone_3,32,78.0,164,0,21
2025-08-12,U03,zone_3,26,68.61,173,0,21
2025-08-13,U03,zone_3,14,77.3,126,0,21
2025-08-14,U03,zone_3,17,64.9,97,0,21
2025-08-15,U03,zone_3,16,67.88,97,0,21
2025-08-16,U03,zone_3,21,63.75,182,0,21
2025-08-17,U03,zone_3,26,72.94,179,0,21
2025-08-18,U03,zone_3,31,80.51,194,0,21
2025-08-19,U03,zone_3,34,69.15,193,0,21
2025-08-20,U03,zone_3,11,64.52,130,0,21
2025-08-21,U03,zone_3,23,65.99,102,0,21
2025-08-22,U03,zone_3,16,79.34,90,0,21
2025-08-23,U03,zone_3,30,66.02,175,0,21
2025-08-24,U03,zone_3,20,73.0,206,0,21
2025-08-25,U03,zone_3,29,77.07,203,0,21
2025-08-26,U03,zone_3,27,73.47,165,0,21
2025-08-27,U03,zone_3,15,64.22,124,1,21
2025-08-28,U03,zone_3,17,69.99,97,1,21
2025-08-29,U03,zone_3,13,73.69,109,0,21
2025-08-30,U03,zone_3,18,66.07,184,0,21
2025-08-31,U03,zone_3,40,62.13,250,0,21
2025-09-01,U03,zone_3,28,71.73,213,0,21
2025-09-02,U03,zone_3,19,72.98,178,0,21
2025-09-03,U03,zone_3,21,73.97,120,0,21
2025-09-04,U03,zone_3,12,66.41,93,0,21
2025-09-05,U03,zone_3,11,57.27,132,0,21
2025-09-06,U03,zone_3,18,71.98,170,0,21
2025-09-07,U03,zone_3,24,71.87,197,0,21
2025-09-08,U03,zone_3,33,68.31,225,0,21
2025-09-09,U03,zone_3,22,79.26,189,0,21
2025-09-10,U03,zone_3,14,69.2,154,0,21
2025-09-11,U03,zone_3,15,65.24,106,0,21
2025-09-12,U03,zone_3,20,72.45,107,0,21
2025-09-13,U03,zone_3,28,69.43,177,0,21
2025-09-14,U03,zone_3,32,62.7,252,0,21
2025-09-15,U03,zone_3,27,72.33,229,0,21
2025-09-16,U03,zone_3,32,74.55,191,0,21
2025-09-17,U03,zone_3,23,69.72,143,0,21
2025-09-18,U03,zone_3,12,68.14,107,0,21
2025-09-19,U03,zone_3,16,74.62,107,0,21
2025-09-20,U03,zone_3,18,72.64,169,0,21
2025-09-21,U03,zone_3,34,69.08,203,0,21
2025-09-22,U03,zone_3,37,75.76,220,0,21
2025-09-23,U03,zone_3,32,69.64,184,0,21
2025-09-24,U03,zone_3,24,70.1,150,0,21
2025-09-25,U03,zone_3,17,58.45,117,0,21
2025-09-26,U03,zone_3,7,68.21,124,0,21
2025-09-27,U03,zone_3,30,61.49,202,0,21
2025-09-28,U03,zone_3,30,76.54,204,0,21
2025-09-29,U03,zone_3,36,66.39,235,0,21
2025-09-30,U03,zone_3,23,76.78,217,0,21
2025-10-01,U03,zone_3,33,62.27,176,0,21
2025-10-02,U03,zone_3,14,68.14,100,0,21
2025-10-03,U03,zone_3,18,64.39,139,0,21
2025-10-04,U03,zone_3,18,68.01,179,0,21
2025-10-05,U03,zone_3,36,66.4,252,0,21
2025-10-06,U03,zone_3,30,70.81,251,1,21
2025-10-07,U03,zone_3,26,68.32,200,1,21
2025-10-08,U03,zone_3,16,69.6,126,0,21
2025-10-09,U03,zone_3,15,71.07,92,0,21
2025-10-10,U03,zone_3,23,75.41,130,0,21
2025-10-11,U03,zone_3,22,71.81,178,0,21
2025-10-12,U03,zone_3,37,68.6,241,0,21
2025-10-13,U03,zone_3,36,68.7,263,0,21
2025-10-14,U03,zone_3,26,66.8,204,0,21
2025-10-15,U03,zone_3,17,72.33,146,0,21
2025-10-16,U03,zone_3,19,67.57,129,0,21
2025-10-17,U03,zone_3,15,75.39,107,0,21
2025-10-18,U03,zone_3,16,69.13,161,0,21
2025-10-19,U03,zone_3,49,64.17,258,0,21
2025-10-20,U03,zone_3,34,73.79,212,0,21
2025-10-21,U03,zone_3,33,72.32,212,0,21
2025-10-22,U03,zone_3,23,75.87,158,0,21
2025-10-23,U03,zone_3,15,70.02,102,0,21
2025-10-24,U03,zone_3,13,62.62,141,0,21
2025-10-25,U03,zone_3,23,69.69,190,0,21
2024-09-01,U04,zone_0,33,72.08,242,1,22
2024-09-02,U04,zone_0,41,66.75,264,1,22
2024-09-03,U04,zone_0,32,66.97,205,0,22
2024-09-04,U04,zone_0,21,70.72,112,0,22
2024-09-05,U04,zone_0,10,73.48,116,0,22
2024-09-06,U04,zone_0,23,70.3,134,0,22
2024-09-07,U04,zone_0,37,63.54,237,0,22
2024-09-08,U04,zone_0,36,69.69,254,0,22
2024-09-09,U04,zone_0,40,68.91,231,0,22
2024-09-10,U04,zone_0,23,76.02,197,0,22
2024-09-11,U04,zone_0,20,64.63,144,0,22
2024-09-12,U04,zone_0,19,70.92,95,0,22
2024-09-13,U04,zone_0,25,61.66,148,0,22
2024-09-14,U04,zone_0,24,71.67,216,0,22
2024-09-15,U04,zone_0,38,73.84,252,0,22
2024-09-16,U04,zone_0,36,72.21,261,0,22
2024-09-17,U04,zone_0,28,61.93,227,0,22
2024-09-18,U04,zone_0,16,59.6,154,0,22
2024-09-19,U04,zone_0,19,87.35,100,0,22
2024-09-20,U04,zone_0,22,70.07,148,0,22
2024-09-21,U04,zone_0,27,73.06,216,0,22
2024-09-22,U04,zone_0,38,65.45,296,0,22
2024-09-23,U04,zone_0,36,73.47,234,0,22
2024-09-24,U04,zone_0,38,65.17,244,0,22
2024-09-25,U04,zone_0,19,67.16,143,0,22
2024-09-26,U04,zone_0,18,62.01,124,0,22
2024-09-27,U04,zone_0,14,69.89,160,0,22
2024-09-28,U04,zone_0,37,70.26,223,0,22
2024-09-29,U04,zone_0,54,67.44,311,0,22
2024-09-30,U04,zone_0,38,70.23,286,0,22
2024-10-01,U04,zone_0,33,69.1,218,0,22
2024-10-02,U04,zone_0,16,71.91,141,0,22
2024-10-03,U04,zone_0,15,70.27,127,0,22
2024-10-04,U04,zone_0,27,69.63,165,0,22
2024-10-05,U04,zone_0,42,68.53,239,0,22
2024-10-06,U04,zone_0,38,77.22,246,0,22
2024-10-07,U04,zone_0,45,70.8,277,0,22
2024-10-08,U04,zone_0,20,71.5,199,0,22
2024-10-09,U04,zone_0,27,76.76,148,0,22
2024-10-10,U04,zone_0,21,75.55,106,0,22
2024-10-11,U04,zone_0,17,77.46,155,1,22
2024-10-12,U04,zone_0,32,78.26,213,1,22
2024-10-13,U04,zone_0,31,69.62,261,0,22
2024-10-14,U04,zone_0,48,74.81,269,0,22
2024-10-15,U04,zone_0,31,71.51,221,0,22
2024-10-16,U04,zone_0,23,66.27,177,0,22
2024-10-17,U04,zone_0,10,66.93,122,0,22
2024-10-18,U04,zone_0,20,66.45,172,0,22
2024-10-19,U04,zone_0,34,73.15,225,0,22
2024-10-20,U04,zone_0,60,68.44,323,0,22
2024-10-21,U04,zone_0,42,74.0,277,0,22
2024-10-22,U04,zone_0,31,74.08,221,0,22
2024-10-23,U04,zone_0,16,77.37,146,0,22
2024-10-24,U04,zone_0,19,66.64,132,0,22
2024-10-25,U04,zone_0,16,70.64,169,0,22
2024-10-26,U04,zone_0,32,69.88,242,0,22
2024-10-27,U04,zone_0,49,68.93,299,0,22
2024-10-28,U04,zone_0,48,71.46,273,0,22
2024-10-29,U04,zone_0,26,65.46,218,0,22
2024-10-30,U04,zone_0,16,74.93,133,0,22
2024-10-31,U04,zone_0,21,66.83,133,0,22
2024-11-01,U04,zone_0,17,68.31,183,0,22
2024-11-02,U04,zone_0,34,75.43,223,0,22
2024-11-03,U04,zone_0,36,71.07,256,0,22
2024-11-04,U04,zone_0,44,67.65,326,0,22
2024-11-05,U04,zone_0,36,55.29,283,0,22
2024-11-06,U04,zone_0,29,67.12,149,0,22
2024-11-07,U04,zone_0,22,70.49,105,0,22
2024-11-08,U04,zone_0,22,71.19,157,0,22
2024-11-09,U04,zone_0,42,67.81,253,0,22
2024-11-10,U04,zone_0,45,68.55,293,0,22
2024-11-11,U04,zone_0,41,67.72,297,0,22
2024-11-12,U04,zone_0,35,67.82,244,0,22
2024-11-13,U04,zone_0,22,69.95,145,0,22
2024-11-14,U04,zone_0,13,68.07,125,0,22
2024-11-15,U04,zone_0,15,72.2,152,0,22
2024-11-16,U04,zone_0,48,65.64,255,0,22
2024-11-17,U04,zone_0,45,71.27,276,0,22
2024-11-18,U04,zone_0,36,74.12,270,0,22
2024-11-19,U04,zone_0,44,68.95,250,0,22
2024-11-20,U04,zone_0,24,71.11,153,1,22
2024-11-21,U04,zone_0,20,63.2,133,1,22
2024-11-22,U04,zone_0,22,62.95,160,0,22
2024-11-23,U04,zone_0,30,70.32,240,0,22
2024-11-24,U04,zone_0,46,64.44,329,0,22
2024-11-25,U04,zone_0,47,63.25,338,0,22
2024-11-26,U04,zone_0,32,74.99,209,0,22
2024-11-27,U04,zone_0,31,61.29,203,0,22
2024-11-28,U04,zone_0,22,68.03,141,0,22
2024-11-29,U04,zone_0,20,64.43,156,0,22
2024-11-30,U04,zone_0,36,67.3,260,0,22
2024-12-01,U04,zone_0,39,65.07,331,0,22
2024-12-02,U04,zone_0,40,63.78,314,0,22
2024-12-03,U04,zone_0,32,70.28,241,0,22
2024-12-04,U04,zone_0,19,68.94,181,0,22
2024-12-05,U04,zone_0,25,67.82,122,0,22
2024-12-06,U04,zone_0,28,67.42,162,0,22
2024-12-07,U04,zone_0,31,73.24,220,0,22
2024-12-08,U04,zone_0,42,72.65,298,0,22
2024-12-09,U04,zone_0,45,67.46,301,0,22
2024-12-10,U04,zone_0,39,65.46,258,0,22
2024-12-11,U04,zone_0,21,76.3,168,0,22
2024-12-12,U04,zone_0,25,71.65,134,0,22
2024-12-13,U04,zone_0,30,62.38,193,0,22
2024-12-14,U04,zone_0,41,69.08,225,0,22
2024-12-15,U04,zone_0,35,70.18,310,0,22
2024-12-16,U04,zone_0,42,75.0,303,0,22
2024-12-17,U04,zone_0,30,71.99,242,0,22
2024-12-18,U04,zone_0,25,69.04,156,0,22
2024-12-19,U04,zone_0,21,66.85,102,0,22
2024-12-20,U04,zone_0,27,75.91,175,0,22
2024-12-21,U04,zone_0,32,71.3,261,0,22
2024-12-22,U04,zone_0,29,73.56,275,0,22
2024-12-23,U04,zone_0,43,76.42,256,0,22
2024-12-24,U04,zone_0,35,68.51,222,0,22
2024-12-25,U04,zone_0,29,70.52,152,0,22
2024-12-26,U04,zone_0,16,69.8,116,0,22
2024-12-27,U04,zone_0,25,69.03,151,0,22
2024-12-28,U04,zone_0,42,64.81,244,0,22
2024-12-29,U04,zone_0,45,71.05,291,0,22
2024-12-30,U04,zone_0,51,73.86,278,1,22
2024-12-31,U04,zone_0,19,72.87,206,1,22
2025-01-01,U04,zone_0,26,66.94,158,0,22
2025-01-02,U04,zone_0,15,83.36,114,0,22
2025-01-03,U04,zone_0,19,70.37,149,0,22
2025-01-04,U04,zone_0,30,69.91,231,0,22
2025-01-05,U04,zone_0,36,76.49,285,0,22
2025-01-06,U04,zone_0,54,72.4,269,0,22
2025-01-07,U04,zone_0,44,63.59,235,0,22
2025-01-08,U04,zone_0,18,81.3,143,0,22
2025-01-09,U04,zone_0,27,60.31,127,0,22
2025-01-10,U04,zone_0,13,72.48,144,0,22
2025-01-11,U04,zone_0,32,69.33,234,0,22
2025-01-12,U04,zone_0,44,71.52,277,0,22
2025-01-13,U04,zone_0,31,72.08,254,0,22
2025-01-14,U04,zone_0,37,67.75,223,0,22
2025-01-15,U04,zone_0,23,65.88,147,0,22
2025-01-16,U04,zone_0,18,62.86,146,0,22
2025-01-17,U04,zone_0,18,67.83,160,0,22
2025-01-18,U04,zone_0,26,71.37,218,0,22
2025-01-19,U04,zone_0,54,68.72,318,0,22
2025-01-20,U04,zone_0,54,68.15,266,0,22
2025-01-21,U04,zone_0,34,70.44,198,0,22
2025-01-22,U04,zone_0,19,63.03,179,0,22
2025-01-23,U04,zone_0,13,70.63,118,0,22
2025-01-24,U04,zone_0,18,62.73,182,0,22
2025-01-25,U04,zone_0,23,68.11,236,0,22
2025-01-26,U04,zone_0,50,65.78,277,0,22
2025-01-27,U04,zone_0,36,74.9,248,0,22
2025-01-28,U04,zone_0,27,65.98,258,0,22
2025-01-29,U04,zone_0,13,76.05,134,0,22
2025-01-30,U04,zone_0,19,62.8,151,0,22
2025-01-31,U04,zone_0,16,69.14,159,0,22
2025-02-01,U04,zone_0,30,64.07,238,0,22
2025-02-02,U04,zone_0,48,68.37,307,0,22
2025-02-03,U04,zone_0,53,63.47,318,0,22
2025-02-04,U04,zone_0,32,67.25,227,0,22
2025-02-05,U04,zone_0,18,72.49,135,0,22
2025-02-06,U04,zone_0,11,72.55,103,0,22
2025-02-07,U04,zone_0,16,67.92,131,0,22
2025-02-08,U04,zone_0,25,67.19,267,1,22
2025-02-09,U04,zone_0,40,62.03,324,1,22
2025-02-10,U04,zone_0,42,63.91,287,0,22
2025-02-11,U04,zone_0,40,70.47,210,0,22
2025-02-12,U04,zone_0,13,71.15,145,0,22
2025-02-13,U04,zone_0,21,69.36,122,0,22
2025-02-14,U04,zone_0,20,68.42,146,0,22
2025-02-15,U04,zone_0,33,68.19,195,0,22
2025-02-16,U04,zone_0,38,65.5,286,0,22
2025-02-17,U04,zone_0,43,67.67,254,0,22
2025-02-18,U04,zone_0,32,69.37,208,0,22
2025-02-19,U04,zone_0,20,68.89,137,0,22
2025-02-20,U04,zone_0,9,76.57,111,0,22
2025-02-21,U04,zone_0,28,67.12,158,0,22
2025-02-22,U04,zone_0,26,72.13,231,0,22
2025-02-23,U04,zone_0,31,68.0,268,0,22
2025-02-24,U04,zone_0,38,63.16,249,0,22
2025-02-25,U04,zone_0,25,69.56,195,0,22
2025-02-26,U04,zone_0,14,73.02,147,0,22
2025-02-27,U04,zone_0,25,66.52,101,0,22
2025-02-28,U04,zone_0,16,70.17,132,0,22
2025-03-01,U04,zone_0,33,68.03,189,0,22
2025-03-02,U04,zone_0,45,77.27,247,0,22
2025-03-03,U04,zone_0,30,69.87,233,0,22
2025-03-04,U04,zone_0,33,67.67,201,0,22
2025-03-05,U04,zone_0,16,70.31,133,0,22
2025-03-06,U04,zone_0,18,70.53,96,0,22
2025-03-07,U04,zone_0,16,74.91,127,0,22
2025-03-08,U04,zone_0,33,68.0,198,0,22
2025-03-09,U04,zone_0,42,73.86,192,0,22
2025-03-10,U04,zone_0,33,70.68,213,0,22
2025-03-11,U04,zone_0,19,72.23,201,0,22
2025-03-12,U04,zone_0,22,71.61,139,0,22
2025-03-13,U04,zone_0,11,73.23,111,0,22
2025-03-14,U04,zone_0,17,75.32,128,0,22
2025-03-15,U04,zone_0,30,66.01,202,0,22
2025-03-16,U04,zone_0,48,63.71,260,0,22
2025-03-17,U04,zone_0,37,68.1,229,0,22
2025-03-18,U04,zone_0,31,71.91,171,0,22
2025-03-19,U04,zone_0,28,68.83,139,0,22
2025-03-20,U04,zone_0,20,65.68,107,1,22
2025-03-21,U04,zone_0,18,66.58,141,1,22
2025-03-22,U04,zone_0,30,62.82,226,0,22
2025-03-23,U04,zone_0,36,78.88,222,0,22
2025-03-24,U04,zone_0,31,69.55,235,0,22
2025-03-25,U04,zone_0,25,70.14,191,0,22
2025-03-26,U04,zone_0,21,71.25,136,0,22
2025-03-27,U04,zone_0,21,71.24,105,0,22
2025-03-28,U04,zone_0,27,67.31,126,0,22
2025-03-29,U04,zone_0,22,66.42,207,0,22
2025-03-30,U04,zone_0,26,69.49,238,0,22
2025-03-31,U04,zone_0,33,69.76,209,0,22
2025-04-01,U04,zone_0,31,78.37,148,0,22
2025-04-02,U04,zone_0,19,72.12,109,0,22
2025-04-03,U04,zone_0,13,78.44,93,0,22
2025-04-04,U04,zone_0,14,70.96,130,0,22
2025-04-05,U04,zone_0,21,67.9,178,0,22
2025-04-06,U04,zone_0,26,72.55,226,0,22
2025-04-07,U04,zone_0,28,57.21,255,0,22
2025-04-08,U04,zone_0,20,67.83,165,0,22
2025-04-09,U04,zone_0,18,71.99,129,0,22
2025-04-10,U04,zone_0,5,66.67,117,0,22
2025-04-11,U04,zone_0,19,69.9,131,0,22
2025-04-12,U04,zone_0,32,55.23,205,0,22
2025-04-13,U04,zone_0,26,75.73,197,0,22
2025-04-14,U04,zone_0,34,72.53,213,0,22
2025-04-15,U04,zone_0,28,64.84,167,0,22
2025-04-16,U04,zone_0,11,66.68,108,0,22
2025-04-17,U04,zone_0,11,71.41,110,0,22
2025-04-18,U04,zone_0,24,71.96,115,0,22
2025-04-19,U04,zone_0,23,69.46,163,0,22
2025-04-20,U04,zone_0,19,75.0,213,0,22
2025-04-21,U04,zone_0,30,69.91,203,0,22
2025-04-22,U04,zone_0,16,68.48,151,0,22
2025-04-23,U04,zone_0,16,62.96,129,0,22
2025-04-24,U04,zone_0,18,68.32,91,0,22
2025-04-25,U04,zone_0,19,60.42,155,0,22
2025-04-26,U04,zone_0,30,70.26,196,0,22
2025-04-27,U04,zone_0,31,65.93,194,0,22
2025-04-28,U04,zone_0,19,72.59,179,0,22
2025-04-29,U04,zone_0,23,66.05,156,1,22
2025-04-30,U04,zone_0,13,63.32,100,1,22
2025-05-01,U04,zone_0,10,76.54,82,0,22
2025-05-02,U04,zone_0,21,71.31,125,0,22
2025-05-03,U04,zone_0,27,72.09,159,0,22
2025-05-04,U04,zone_0,24,80.16,186,0,22
2025-05-05,U04,zone_0,24,77.82,166,0,22
2025-05-06,U04,zone_0,23,58.71,186,0,22
2025-05-07,U04,zone_0,20,63.81,109,0,22
2025-05-08,U04,zone_0,8,64.87,97,0,22
2025-05-09,U04,zone_0,15,68.34,123,0,22
2025-05-10,U04,zone_0,31,71.94,205,0,22
2025-05-11,U04,zone_0,25,77.63,197,0,22
2025-05-12,U04,zone_0,28,70.34,193,0,22
2025-05-13,U04,zone_0,24,70.01,153,0,22
2025-05-14,U04,zone_0,25,69.78,106,0,22
2025-05-15,U04,zone_0,10,71.01,86,0,22
2025-05-16,U04,zone_0,18,65.69,114,0,22
2025-05-17,U04,zone_0,27,67.85,163,0,22
2025-05-18,U04,zone_0,28,66.21,208,0,22
2025-05-19,U04,zone_0,28,72.89,182,0,22
2025-05-20,U04,zone_0,30,68.11,154,0,22
2025-05-21,U04,zone_0,17,65.94,130,0,22
2025-05-22,U04,zone_0,10,64.31,102,0,22
2025-05-23,U04,zone_0,12,76.48,108,0,22
2025-05-24,U04,zone_0,11,71.57,159,0,22
2025-05-25,U04,zone_0,28,67.53,182,0,22
2025-05-26,U04,zone_0,25,80.18,172,0,22
2025-05-27,U04,zone_0,22,72.26,157,0,22
2025-05-28,U04,zone_0,10,73.42,103,0,22
2025-05-29,U04,zone_0,16,66.42,91,0,22
2025-05-30,U04,zone_0,20,69.5,105,0,22
2025-05-31,U04,zone_0,25,74.73,128,0,22
2025-06-01,U04,zone_0,27,61.35,224,0,22
2025-06-02,U04,zone_0,30,67.56,207,0,22
2025-06-03,U04,zone_0,25,72.74,138,0,22
2025-06-04,U04,zone_0,8,74.6,103,0,22
2025-06-05,U04,zone_0,20,70.35,88,0,22
2025-06-06,U04,zone_0,15,73.12,116,0,22
2025-06-07,U04,zone_0,15,69.21,160,0,22
2025-06-08,U04,zone_0,33,62.2,218,1,22
2025-06-09,U04,zone_0,24,68.54,189,1,22
2025-06-10,U04,zone_0,22,79.92,140,0,22
2025-06-11,U04,zone_0,17,73.64,115,0,22
2025-06-12,U04,zone_0,14,76.37,72,0,22
2025-06-13,U04,zone_0,16,79.38,90,0,22
2025-06-14,U04,zone_0,17,66.34,172,0,22
2025-06-15,U04,zone_0,24,61.03,203,0,22
2025-06-16,U04,zone_0,34,70.31,176,0,22
2025-06-17,U04,zone_0,20,64.43,159,0,22
2025-06-18,U04,zone_0,14,73.16,104,0,22
2025-06-19,U04,zone_0,17,79.47,78,0,22
2025-06-20,U04,zone_0,10,68.3,112,0,22
2025-06-21,U04,zone_0,30,67.31,180,0,22
2025-06-22,U04,zone_0,37,76.36,208,0,22
2025-06-23,U04,zone_0,27,73.2,210,0,22
2025-06-24,U04,zone_0,7,67.77,159,0,22
2025-06-25,U04,zone_0,15,74.58,118,0,22
2025-06-26,U04,zone_0,14,76.01,83,0,22
2025-06-27,U04,zone_0,15,69.07,122,0,22
2025-06-28,U04,zone_0,33,70.44,123,0,22
2025-06-29,U04,zone_0,19,79.68,177,0,22
2025-06-30,U04,zone_0,34,64.92,197,0,22
2025-07-01,U04,zone_0,23,71.3,156,0,22
2025-07-02,U04,zone_0,14,69.47,124,0,22
2025-07-03,U04,zone_0,12,63.43,88,0,22
2025-07-04,U04,zone_0,26,68.16,110,0,22
2025-07-05,U04,zone_0,22,63.51,179,0,22
2025-07-06,U04,zone_0,29,69.13,216,0,22
2025-07-07,U04,zone_0,33,72.62,204,0,22
2025-07-08,U04,zone_0,15,78.22,146,0,22
2025-07-09,U04,zone_0,13,68.78,119,0,22
2025-07-10,U04,zone_0,17,71.09,76,0,22
2025-07-11,U04,zone_0,15,59.65,123,0,22
2025-07-12,U04,zone_0,17,74.38,165,0,22
2025-07-13,U04,zone_0,32,67.72,204,0,22
2025-07-14,U04,zone_0,28,72.64,195,0,22
2025-07-15,U04,zone_0,25,76.84,161,0,22
2025-07-16,U04,zone_0,17,68.31,109,0,22
2025-07-17,U04,zone_0,11,63.87,121,0,22
2025-07-18,U04,zone_0,24,67.53,135,1,22
2025-07-19,U04,zone_0,30,67.71,193,1,22
2025-07-20,U04,zone_0,28,69.54,222,0,22
2025-07-21,U04,zone_0,31,75.08,224,0,22
2025-07-22,U04,zone_0,23,71.32,155,0,22
2025-07-23,U04,zone_0,16,72.47,110,0,22
2025-07-24,U04,zone_0,14,68.32,78,0,22
2025-07-25,U04,zone_0,11,69.95,120,0,22
2025-07-26,U04,zone_0,31,77.42,165,0,22
2025-07-27,U04,zone_0,30,69.96,189,0,22
2025-07-28,U04,zone_0,29,71.03,213,0,22
2025-07-29,U04,zone_0,24,68.54,202,0,22
2025-07-30,U04,zone_0,14,75.51,109,0,22
2025-07-31,U04,zone_0,14,62.52,127,0,22
2025-08-01,U04,zone_0,12,68.67,146,0,22
2025-08-02,U04,zone_0,24,75.72,172,0,22
2025-08-03,U04,zone_0,27,71.11,238,0,22
2025-08-04,U04,zone_0,31,72.37,213,0,22
2025-08-05,U04,zone_0,19,71.47,179,0,22
2025-08-06,U04,zone_0,12,75.22,110,0,22
2025-08-07,U04,zone_0,13,74.14,80,0,22
2025-08-08,U04,zone_0,18,71.23,148,0,22
2025-08-09,U04,zone_0,35,72.44,185,0,22
2025-08-10,U04,zone_0,38,76.1,225,0,22
2025-08-11,U04,zone_0,32,58.82,277,0,22
2025-08-12,U04,zone_0,14,73.67,177,0,22
2025-08-13,U04,zone_0,12,73.12,115,0,22
2025-08-14,U04,zone_0,16,69.54,102,0,22
2025-08-15,U04,zone_0,17,69.1,121,0,22
2025-08-16,U04,zone_0,32,67.0,215,0,22
2025-08-17,U04,zone_0,25,67.93,247,0,22
2025-08-18,U04,zone_0,50,63.72,249,0,22
2025-08-19,U04,zone_0,35,75.47,167,0,22
2025-08-20,U04,zone_0,22,68.16,127,0,22
2025-08-21,U04,zone_0,8,77.93,97,0,22
2025-08-22,U04,zone_0,21,70.81,134,0,22
2025-08-23,U04,zone_0,26,67.1,186,0,22
2025-08-24,U04,zone_0,44,59.89,266,0,22
2025-08-25,U04,zone_0,31,68.31,239,0,22
2025-08-26,U04,zone_0,29,67.74,205,0,22
2025-08-27,U04,zone_0,20,74.07,129,1,22
2025-08-28,U04,zone_0,14,71.73,93,1,22
2025-08-29,U04,zone_0,18,74.73,149,0,22
2025-08-30,U04,zone_0,33,63.05,219,0,22
2025-08-31,U04,zone_0,33,62.32,270,0,22
2025-09-01,U04,zone_0,23,73.71,217,0,22
2025-09-02,U04,zone_0,23,77.3,164,0,22
2025-09-03,U04,zone_0,21,77.57,148,0,22
2025-09-04,U04,zone_0,13,66.87,124,0,22
2025-09-05,U04,zone_0,24,62.73,166,0,22
2025-09-06,U04,zone_0,46,68.47,236,0,22
2025-09-07,U04,zone_0,37,63.76,272,0,22
2025-09-08,U04,zone_0,25,71.52,267,0,22
2025-09-09,U04,zone_0,30,71.16,199,0,22
2025-09-10,U04,zone_0,28,66.44,138,0,22
2025-09-11,U04,zone_0,16,70.39,116,0,22
2025-09-12,U04,zone_0,29,58.83,198,0,22
2025-09-13,U04,zone_0,26,69.12,244,0,22
2025-09-14,U04,zone_0,43,65.18,274,0,22
2025-09-15,U04,zone_0,33,68.61,243,0,22
2025-09-16,U04,zone_0,30,68.41,229,0,22
2025-09-17,U04,zone_0,21,64.56,139,0,22
2025-09-18,U04,zone_0,20,76.86,96,0,22
2025-09-19,U04,zone_0,18,71.41,143,0,22
2025-09-20,U04,zone_0,33,67.21,208,0,22
2025-09-21,U04,zone_0,43,69.86,286,0,22
2025-09-22,U04,zone_0,43,69.46,270,0,22
2025-09-23,U04,zone_0,34,64.71,189,0,22
2025-09-24,U04,zone_0,20,69.92,149,0,22
2025-09-25,U04,zone_0,19,68.45,118,0,22
2025-09-26,U04,zone_0,17,64.61,152,0,22
2025-09-27,U04,zone_0,33,72.91,194,0,22
2025-09-28,U04,zone_0,32,64.03,292,0,22
2025-09-29,U04,zone_0,41,65.65,287,0,22
2025-09-30,U04,zone_0,34,68.65,191,0,22
2025-10-01,U04,zone_0,20,76.53,118,0,22
2025-10-02,U04,zone_0,13,70.21,122,0,22
2025-10-03,U04,zone_0,16,71.85,147,0,22
2025-10-04,U04,zone_0,39,66.1,245,0,22
2025-10-05,U04,zone_0,35,75.38,252,0,22
2025-10-06,U04,zone_0,39,72.62,274,1,22
2025-10-07,U04,zone_0,37,66.83,223,1,22
2025-10-08,U04,zone_0,19,73.65,163,0,22
2025-10-09,U04,zone_0,11,72.41,135,0,22
2025-10-10,U04,zone_0,33,66.33,178,0,22
2025-10-11,U04,zone_0,37,66.91,230,0,22
2025-10-12,U04,zone_0,51,60.64,335,0,22
2025-10-13,U04,zone_0,43,72.84,271,0,22
2025-10-14,U04,zone_0,30,63.37,246,0,22
2025-10-15,U04,zone_0,25,71.0,137,0,22
2025-10-16,U04,zone_0,19,64.64,132,0,22
2025-10-17,U04,zone_0,28,61.2,214,0,22
2025-10-18,U04,zone_0,39,59.81,263,0,22
2025-10-19,U04,zone_0,43,60.78,313,0,22
2025-10-20,U04,zone_0,41,65.8,298,0,22
2025-10-21,U04,zone_0,40,70.75,226,0,22
2025-10-22,U04,zone_0,21,65.89,140,0,22
2025-10-23,U04,zone_0,25,74.53,116,0,22
2025-10-24,U04,zone_0,25,72.45,162,0,22
2025-10-25,U04,zone_0,55,65.29,255,0,22
2024-09-01,U05,zone_1,43,70.4,291,1,23
2024-09-02,U05,zone_1,31,72.2,233,1,23
2024-09-03,U05,zone_1,32,70.8,213,0,23
2024-09-04,U05,zone_1,20,66.23,138,0,23
2024-09-05,U05,zone_1,11,70.6,155,0,23
2024-09-06,U05,zone_1,25,71.56,191,0,23
2024-09-07,U05,zone_1,33,65.95,217,0,23
2024-09-08,U05,zone_1,37,67.69,288,0,23
2024-09-09,U05,zone_1,37,73.28,258,0,23
2024-09-10,U05,zone_1,27,84.09,181,0,23
2024-09-11,U05,zone_1,21,69.71,151,0,23
2024-09-12,U05,zone_1,11,69.26,162,0,23
2024-09-13,U05,zone_1,28,71.25,180,0,23
2024-09-14,U05,zone_1,34,74.56,264,0,23
2024-09-15,U05,zone_1,35,72.26,287,0,23
2024-09-16,U05,zone_1,32,76.27,232,0,23
2024-09-17,U05,zone_1,28,63.92,215,0,23
2024-09-18,U05,zone_1,24,62.57,177,0,23
2024-09-19,U05,zone_1,33,70.96,131,0,23
2024-09-20,U05,zone_1,23,67.96,187,0,23
2024-09-21,U05,zone_1,55,62.94,274,0,23
2024-09-22,U05,zone_1,49,73.59,283,0,23
2024-09-23,U05,zone_1,40,70.88,271,0,23
2024-09-24,U05,zone_1,40,67.59,204,0,23
2024-09-25,U05,zone_1,19,76.65,127,0,23
2024-09-26,U05,zone_1,18,78.43,134,0,23
2024-09-27,U05,zone_1,27,69.68,187,0,23
2024-09-28,U05,zone_1,30,67.95,273,0,23
2024-09-29,U05,zone_1,39,68.09,294,0,23
2024-09-30,U05,zone_1,36,73.51,249,0,23
2024-10-01,U05,zone_1,30,74.63,203,0,23
2024-10-02,U05,zone_1,20,74.43,133,0,23
2024-10-03,U05,zone_1,18,68.28,134,0,23
2024-10-04,U05,zone_1,18,72.31,183,0,23
2024-10-05,U05,zone_1,35,66.05,280,0,23
2024-10-06,U05,zone_1,29,61.78,344,0,23
2024-10-07,U05,zone_1,48,69.68,304,0,23
2024-10-08,U05,zone_1,45,77.01,179,0,23
2024-10-09,U05,zone_1,23,67.69,139,0,23
2024-10-10,U05,zone_1,24,72.25,136,0,23
2024-10-11,U05,zone_1,20,63.3,248,1,23
2024-10-12,U05,zone_1,34,65.21,269,1,23
2024-10-13,U05,zone_1,40,77.37,285,0,23
2024-10-14,U05,zone_1,38,69.16,290,0,23
2024-10-15,U05,zone_1,25,73.72,193,0,23
2024-10-16,U05,zone_1,25,71.22,164,0,23
2024-10-17,U05,zone_1,14,72.43,138,0,23
2024-10-18,U05,zone_1,24,73.44,206,0,23
2024-10-19,U05,zone_1,51,67.78,301,0,23
2024-10-20,U05,zone_1,48,65.61,332,0,23
2024-10-21,U05,zone_1,44,70.24,344,0,23
2024-10-22,U05,zone_1,30,64.08,239,0,23
2024-10-23,U05,zone_1,33,67.01,170,0,23
2024-10-24,U05,zone_1,26,65.34,168,0,23
2024-10-25,U05,zone_1,29,70.81,187,0,23
2024-10-26,U05,zone_1,39,71.36,264,0,23
2024-10-27,U05,zone_1,43,72.9,304,0,23
2024-10-28,U05,zone_1,41,81.11,282,0,23
2024-10-29,U05,zone_1,29,69.17,236,0,23
2024-10-30,U05,zone_1,19,72.35,162,0,23
2024-10-31,U05,zone_1,12,72.04,144,0,23
2024-11-01,U05,zone_1,34,68.2,231,0,23
2024-11-02,U05,zone_1,35,69.44,293,0,23
2024-11-03,U05,zone_1,60,64.12,355,0,23
2024-11-04,U05,zone_1,52,67.96,306,0,23
2024-11-05,U05,zone_1,36,71.85,220,0,23
2024-11-06,U05,zone_1,18,72.82,166,0,23
2024-11-07,U05,zone_1,21,71.14,149,0,23
2024-11-08,U05,zone_1,22,69.43,215,0,23
2024-11-09,U05,zone_1,40,70.07,290,0,23
2024-11-10,U05,zone_1,40,69.12,355,0,23
2024-11-11,U05,zone_1,66,62.76,318,0,23
2024-11-12,U05,zone_1,31,67.68,233,0,23
2024-11-13,U05,zone_1,31,74.65,154,0,23
2024-11-14,U05,zone_1,23,68.35,141,0,23
2024-11-15,U05,zone_1,24,87.16,181,0,23
2024-11-16,U05,zone_1,49,62.48,314,0,23
2024-11-17,U05,zone_1,41,79.63,266,0,23
2024-11-18,U05,zone_1,46,63.25,337,0,23
2024-11-19,U05,zone_1,36,65.17,235,0,23
2024-11-20,U05,zone_1,30,59.15,177,1,23
2024-11-21,U05,zone_1,26,67.99,164,1,23
2024-11-22,U05,zone_1,25,74.94,207,0,23
2024-11-23,U05,zone_1,44,67.4,330,0,23
2024-11-24,U05,zone_1,49,63.87,418,0,23
2024-11-25,U05,zone_1,36,71.99,297,0,23
2024-11-26,U05,zone_1,41,72.52,233,0,23
2024-11-27,U05,zone_1,20,64.87,158,0,23
2024-11-28,U05,zone_1,17,69.61,158,0,23
2024-11-29,U05,zone_1,26,67.2,250,0,23
2024-11-30,U05,zone_1,42,73.75,294,0,23
2024-12-01,U05,zone_1,51,73.98,324,0,23
2024-12-02,U05,zone_1,48,65.95,321,0,23
2024-12-03,U05,zone_1,24,69.66,224,0,23
2024-12-04,U05,zone_1,25,66.92,181,0,23
2024-12-05,U05,zone_1,30,68.24,145,0,23
2024-12-06,U05,zone_1,35,68.4,243,0,23
2024-12-07,U05,zone_1,44,66.44,316,0,23
2024-12-08,U05,zone_1,52,67.92,342,0,23
2024-12-09,U05,zone_1,47,70.16,309,0,23
2024-12-10,U05,zone_1,37,64.89,239,0,23
2024-12-11,U05,zone_1,24,73.41,130,0,23
2024-12-12,U05,zone_1,25,72.42,166,0,23
2024-12-13,U05,zone_1,26,74.09,198,0,23
2024-12-14,U05,zone_1,47,71.42,320,0,23
2024-12-15,U05,zone_1,56,72.58,340,0,23
2024-12-16,U05,zone_1,46,66.83,330,0,23
2024-12-17,U05,zone_1,37,63.17,248,0,23
2024-12-18,U05,zone_1,15,72.16,159,0,23
2024-12-19,U05,zone_1,16,61.29,167,0,23
2024-12-20,U05,zone_1,20,73.43,214,0,23
2024-12-21,U05,zone_1,46,65.16,322,0,23
2024-12-22,U05,zone_1,44,69.87,352,0,23
2024-12-23,U05,zone_1,32,80.93,287,0,23
2024-12-24,U05,zone_1,23,74.96,221,0,23
2024-12-25,U05,zone_1,20,66.3,164,0,23
2024-12-26,U05,zone_1,27,66.23,145,0,23
2024-12-27,U05,zone_1,29,77.57,195,0,23
2024-12-28,U05,zone_1,47,72.79,301,0,23
2024-12-29,U05,zone_1,65,62.54,348,0,23
2024-12-30,U05,zone_1,43,75.7,276,1,23
2024-12-31,U05,zone_1,34,77.45,209,1,23
2025-01-01,U05,zone_1,26,66.17,187,0,23
2025-01-02,U05,zone_1,27,76.05,163,0,23
2025-01-03,U05,zone_1,33,80.66,177,0,23
2025-01-04,U05,zone_1,42,73.86,269,0,23
2025-01-05,U05,zone_1,47,74.95,296,0,23
2025-01-06,U05,zone_1,49,78.93,279,0,23
2025-01-07,U05,zone_1,27,67.93,237,0,23
2025-01-08,U05,zone_1,22,73.87,150,0,23
2025-01-09,U05,zone_1,14,72.11,151,0,23
2025-01-10,U05,zone_1,39,60.9,225,0,23
2025-01-11,U05,zone_1,46,63.86,295,0,23
2025-01-12,U05,zone_1,59,68.6,348,0,23
2025-01-13,U05,zone_1,46,70.35,279,0,23
2025-01-14,U05,zone_1,35,62.59,235,0,23
2025-01-15,U05,zone_1,24,80.69,134,0,23
2025-01-16,U05,zone_1,25,66.89,166,0,23
2025-01-17,U05,zone_1,36,70.08,204,0,23
2025-01-18,U05,zone_1,48,71.4,301,0,23
2025-01-19,U05,zone_1,41,74.16,326,0,23
2025-01-20,U05,zone_1,34,79.12,269,0,23
2025-01-21,U05,zone_1,27,71.45,216,0,23
2025-01-22,U05,zone_1,22,60.43,168,0,23
2025-01-23,U05,zone_1,18,75.97,129,0,23
2025-01-24,U05,zone_1,35,71.57,215,0,23
2025-01-25,U05,zone_1,43,71.4,311,0,23
2025-01-26,U05,zone_1,49,75.06,273,0,23
2025-01-27,U05,zone_1,39,70.71,318,0,23
2025-01-28,U05,zone_1,32,64.35,223,0,23
2025-01-29,U05,zone_1,26,71.86,144,0,23
2025-01-30,U05,zone_1,21,68.12,156,0,23
2025-01-31,U05,zone_1,23,75.58,174,0,23
2025-02-01,U05,zone_1,45,66.69,313,0,23
2025-02-02,U05,zone_1,49,69.67,331,0,23
2025-02-03,U05,zone_1,47,63.32,310,0,23
2025-02-04,U05,zone_1,26,68.46,217,0,23
2025-02-05,U05,zone_1,14,80.52,145,0,23
2025-02-06,U05,zone_1,16,68.15,130,0,23
2025-02-07,U05,zone_1,27,70.01,216,0,23
2025-02-08,U05,zone_1,35,73.22,274,1,23
2025-02-09,U05,zone_1,47,78.21,280,1,23
2025-02-10,U05,zone_1,39,69.23,280,0,23
2025-02-11,U05,zone_1,22,68.9,211,0,23
2025-02-12,U05,zone_1,24,67.57,158,0,23
2025-02-13,U05,zone_1,14,75.95,116,0,23
2025-02-14,U05,zone_1,29,66.68,210,0,23
2025-02-15,U05,zone_1,30,71.4,254,0,23
2025-02-16,U05,zone_1,53,65.74,310,0,23
2025-02-17,U05,zone_1,45,62.5,268,0,23
2025-02-18,U05,zone_1,26,78.79,178,0,23
2025-02-19,U05,zone_1,13,73.55,135,0,23
2025-02-20,U05,zone_1,27,76.37,140,0,23
2025-02-21,U05,zone_1,30,69.34,183,0,23
2025-02-22,U05,zone_1,44,64.06,270,0,23
2025-02-23,U05,zone_1,30,69.58,314,0,23
2025-02-24,U05,zone_1,32,75.43,244,0,23
2025-02-25,U05,zone_1,24,73.33,198,0,23
2025-02-26,U05,zone_1,13,73.09,146,0,23
2025-02-27,U05,zone_1,16,69.02,143,0,23
2025-02-28,U05,zone_1,20,71.53,176,0,23
2025-03-01,U05,zone_1,30,81.78,233,0,23
2025-03-02,U05,zone_1,53,67.15,299,0,23
2025-03-03,U05,zone_1,37,75.02,243,0,23
2025-03-04,U05,zone_1,27,68.63,182,0,23
2025-03-05,U05,zone_1,20,70.91,127,0,23
2025-03-06,U05,zone_1,19,79.59,120,0,23
2025-03-07,U05,zone_1,22,67.85,196,0,23
2025-03-08,U05,zone_1,30,74.77,260,0,23
2025-03-09,U05,zone_1,44,73.87,280,0,23
2025-03-10,U05,zone_1,38,69.12,266,0,23
2025-03-11,U05,zone_1,37,67.76,191,0,23
2025-03-12,U05,zone_1,18,65.75,129,0,23
2025-03-13,U05,zone_1,13,67.35,115,0,23
2025-03-14,U05,zone_1,24,71.1,176,0,23
2025-03-15,U05,zone_1,37,71.19,230,0,23
2025-03-16,U05,zone_1,47,65.21,285,0,23
2025-03-17,U05,zone_1,32,78.06,206,0,23
2025-03-18,U05,zone_1,26,62.28,209,0,23
2025-03-19,U05,zone_1,20,61.91,154,0,23
2025-03-20,U05,zone_1,15,68.53,118,1,23
2025-03-21,U05,zone_1,17,66.96,168,1,23
2025-03-22,U05,zone_1,45,70.97,259,0,23
2025-03-23,U05,zone_1,37,72.02,241,0,23
2025-03-24,U05,zone_1,35,68.36,237,0,23
2025-03-25,U05,zone_1,16,73.82,169,0,23
2025-03-26,U05,zone_1,17,72.64,127,0,23
2025-03-27,U05,zone_1,18,64.14,123,0,23
2025-03-28,U05,zone_1,13,70.64,149,0,23
2025-03-29,U05,zone_1,36,64.45,221,0,23
2025-03-30,U05,zone_1,33,68.98,264,0,23
2025-03-31,U05,zone_1,35,72.89,234,0,23
2025-04-01,U05,zone_1,27,63.38,214,0,23
2025-04-02,U05,zone_1,15,72.97,100,0,23
2025-04-03,U05,zone_1,7,79.73,104,0,23
2025-04-04,U05,zone_1,30,66.43,170,0,23
2025-04-05,U05,zone_1,32,62.19,260,0,23
2025-04-06,U05,zone_1,33,74.82,254,0,23
2025-04-07,U05,zone_1,46,69.42,248,0,23
2025-04-08,U05,zone_1,20,75.24,158,0,23
2025-04-09,U05,zone_1,18,67.99,116,0,23
2025-04-10,U05,zone_1,11,67.42,112,0,23
2025-04-11,U05,zone_1,20,71.16,173,0,23
2025-04-12,U05,zone_1,30,65.09,233,0,23
2025-04-13,U05,zone_1,29,76.26,234,0,23
2025-04-14,U05,zone_1,27,62.75,230,0,23
2025-04-15,U05,zone_1,27,72.05,166,0,23
2025-04-16,U05,zone_1,15,72.79,110,0,23
2025-04-17,U05,zone_1,10,77.8,99,0,23
2025-04-18,U05,zone_1,20,67.38,173,0,23
2025-04-19,U05,zone_1,25,79.83,219,0,23
2025-04-20,U05,zone_1,31,72.21,253,0,23
2025-04-21,U05,zone_1,27,71.08,226,0,23
2025-04-22,U05,zone_1,16,67.06,168,0,23
2025-04-23,U05,zone_1,20,76.47,91,0,23
2025-04-24,U05,zone_1,25,73.14,111,0,23
2025-04-25,U05,zone_1,27,69.63,152,0,23
2025-04-26,U05,zone_1,25,71.28,210,0,23
2025-04-27,U05,zone_1,40,67.57,242,0,23
2025-04-28,U05,zone_1,35,67.38,224,0,23
2025-04-29,U05,zone_1,17,74.76,160,1,23
2025-04-30,U05,zone_1,16,74.6,116,1,23
2025-05-01,U05,zone_1,13,72.35,102,0,23
2025-05-02,U05,zone_1,16,74.26,131,0,23
2025-05-03,U05,zone_1,23,63.2,231,0,23
2025-05-04,U05,zone_1,49,71.72,212,0,23
2025-05-05,U05,zone_1,34,63.82,222,0,23
2025-05-06,U05,zone_1,18,74.5,151,0,23
2025-05-07,U05,zone_1,10,72.24,112,0,23
2025-05-08,U05,zone_1,9,66.18,115,0,23
2025-05-09,U05,zone_1,23,72.5,127,0,23
2025-05-10,U05,zone_1,28,77.12,199,0,23
2025-05-11,U05,zone_1,22,71.8,239,0,23
2025-05-12,U05,zone_1,24,68.38,224,0,23
2025-05-13,U05,zone_1,25,71.11,150,0,23
2025-05-14,U05,zone_1,11,63.65,123,0,23
2025-05-15,U05,zone_1,15,70.34,103,0,23
2025-05-16,U05,zone_1,20,74.88,140,0,23
2025-05-17,U05,zone_1,30,67.3,229,0,23
2025-05-18,U05,zone_1,26,73.15,253,0,23
2025-05-19,U05,zone_1,17,77.19,175,0,23
2025-05-20,U05,zone_1,22,70.06,167,0,23
2025-05-21,U05,zone_1,20,72.0,107,0,23
2025-05-22,U05,zone_1,17,64.77,101,0,23
2025-05-23,U05,zone_1,21,64.54,165,0,23
2025-05-24,U05,zone_1,35,72.77,219,0,23
2025-05-25,U05,zone_1,33,76.76,195,0,23
2025-05-26,U05,zone_1,30,67.43,215,0,23
2025-05-27,U05,zone_1,12,75.45,132,0,23
2025-05-28,U05,zone_1,13,71.9,119,0,23
2025-05-29,U05,zone_1,11,68.03,119,0,23
2025-05-30,U05,zone_1,17,70.6,124,0,23
2025-05-31,U05,zone_1,32,68.96,212,0,23
2025-06-01,U05,zone_1,38,55.86,286,0,23
2025-06-02,U05,zone_1,38,75.46,204,0,23
2025-06-03,U05,zone_1,18,75.53,162,0,23
2025-06-04,U05,zone_1,17,70.51,114,0,23
2025-06-05,U05,zone_1,14,73.61,86,0,23
2025-06-06,U05,zone_1,16,70.47,139,0,23
2025-06-07,U05,zone_1,29,77.64,144,0,23
2025-06-08,U05,zone_1,34,73.79,207,1,23
2025-06-09,U05,zone_1,20,70.16,221,1,23
2025-06-10,U05,zone_1,25,73.54,148,0,23
2025-06-11,U05,zone_1,13,72.24,107,0,23
2025-06-12,U05,zone_1,15,80.27,88,0,23
2025-06-13,U05,zone_1,17,72.7,135,0,23
2025-06-14,U05,zone_1,28,70.67,198,0,23
2025-06-15,U05,zone_1,42,66.19,228,0,23
2025-06-16,U05,zone_1,35,71.86,198,0,23
2025-06-17,U05,zone_1,19,73.55,158,0,23
2025-06-18,U05,zone_1,16,64.6,135,0,23
2025-06-19,U05,zone_1,10,67.98,91,0,23
2025-06-20,U05,zone_1,20,72.23,138,0,23
2025-06-21,U05,zone_1,27,70.91,190,0,23
2025-06-22,U05,zone_1,26,76.33,224,0,23
2025-06-23,U05,zone_1,23,75.41,201,0,23
2025-06-24,U05,zone_1,20,68.45,154,0,23
2025-06-25,U05,zone_1,15,74.04,96,0,23
2025-06-26,U05,zone_1,16,64.04,134,0,23
2025-06-27,U05,zone_1,20,75.45,130,0,23
2025-06-28,U05,zone_1,20,64.18,207,0,23
2025-06-29,U05,zone_1,39,63.0,277,0,23
2025-06-30,U05,zone_1,23,66.58,217,0,23
2025-07-01,U05,zone_1,23,68.35,170,0,23
2025-07-02,U05,zone_1,14,72.31,94,0,23
2025-07-03,U05,zone_1,14,63.84,101,0,23
2025-07-04,U05,zone_1,25,76.82,136,0,23
2025-07-05,U05,zone_1,27,66.28,199,0,23
2025-07-06,U05,zone_1,34,63.81,289,0,23
2025-07-07,U05,zone_1,41,66.75,193,0,23
2025-07-08,U05,zone_1,19,71.85,128,0,23
2025-07-09,U05,zone_1,12,68.62,112,0,23
2025-07-10,U05,zone_1,12,73.27,113,0,23
2025-07-11,U05,zone_1,22,68.47,132,0,23
2025-07-12,U05,zone_1,37,64.38,230,0,23
2025-07-13,U05,zone_1,29,72.95,221,0,23
2025-07-14,U05,zone_1,33,64.19,240,0,23
2025-07-15,U05,zone_1,26,66.19,182,0,23
2025-07-16,U05,zone_1,11,71.96,139,0,23
2025-07-17,U05,zone_1,19,62.84,124,0,23
2025-07-18,U05,zone_1,24,63.34,165,1,23
2025-07-19,U05,zone_1,23,78.4,193,1,23
2025-07-20,U05,zone_1,29,73.03,257,0,23
2025-07-21,U05,zone_1,29,80.91,193,0,23
2025-07-22,U05,zone_1,10,67.06,164,0,23
2025-07-23,U05,zone_1,8,81.21,104,0,23
2025-07-24,U05,zone_1,22,73.1,116,0,23
2025-07-25,U05,zone_1,22,63.77,179,0,23
2025-07-26,U05,zone_1,34,64.86,250,0,23
2025-07-27,U05,zone_1,36,69.45,275,0,23
2025-07-28,U05,zone_1,33,70.29,229,0,23
2025-07-29,U05,zone_1,34,66.48,166,0,23
2025-07-30,U05,zone_1,17,70.91,108,0,23
2025-07-31,U05,zone_1,10,72.09,113,0,23
2025-08-01,U05,zone_1,18,69.17,147,0,23
2025-08-02,U05,zone_1,35,68.23,228,0,23
2025-08-03,U05,zone_1,34,71.77,272,0,23
2025-08-04,U05,zone_1,37,64.19,238,0,23
2025-08-05,U05,zone_1,22,76.76,160,0,23
2025-08-06,U05,zone_1,15,67.98,116,0,23
2025-08-07,U05,zone_1,19,67.37,111,0,23
2025-08-08,U05,zone_1,30,69.06,144,0,23
2025-08-09,U05,zone_1,32,69.81,247,0,23
2025-08-10,U05,zone_1,41,66.83,268,0,23
2025-08-11,U05,zone_1,42,70.4,240,0,23
2025-08-12,U05,zone_1,21,82.24,163,0,23
2025-08-13,U05,zone_1,19,67.01,137,0,23
2025-08-14,U05,zone_1,23,70.87,123,0,23
2025-08-15,U05,zone_1,20,75.45,178,0,23
2025-08-16,U05,zone_1,27,72.23,226,0,23
2025-08-17,U05,zone_1,57,65.71,291,0,23
2025-08-18,U05,zone_1,33,59.58,277,0,23
2025-08-19,U05,zone_1,31,69.52,192,0,23
2025-08-20,U05,zone_1,14,71.87,137,0,23
2025-08-21,U05,zone_1,13,66.01,129,0,23
2025-08-22,U05,zone_1,26,61.02,188,0,23
2025-08-23,U05,zone_1,27,67.0,254,0,23
2025-08-24,U05,zone_1,23,70.6,295,0,23
2025-08-25,U05,zone_1,35,69.98,269,0,23
2025-08-26,U05,zone_1,23,62.46,220,0,23
2025-08-27,U05,zone_1,16,63.03,135,1,23
2025-08-28,U05,zone_1,19,68.27,129,1,23
2025-08-29,U05,zone_1,31,62.76,206,0,23
2025-08-30,U05,zone_1,34,66.38,241,0,23
2025-08-31,U05,zone_1,41,67.04,298,0,23
2025-09-01,U05,zone_1,33,70.36,257,0,23
2025-09-02,U05,zone_1,32,69.75,194,0,23
2025-09-03,U05,zone_1,24,73.27,142,0,23
2025-09-04,U05,zone_1,20,78.06,125,0,23
2025-09-05,U05,zone_1,32,62.46,233,0,23
2025-09-06,U05,zone_1,18,79.37,245,0,23
2025-09-07,U05,zone_1,50,73.33,268,0,23
2025-09-08,U05,zone_1,43,75.64,240,0,23
2025-09-09,U05,zone_1,23,68.42,210,0,23
2025-09-10,U05,zone_1,26,67.67,140,0,23
2025-09-11,U05,zone_1,25,72.52,119,0,23
2025-09-12,U05,zone_1,23,69.81,199,0,23
2025-09-13,U05,zone_1,33,80.41,261,0,23
2025-09-14,U05,zone_1,40,71.0,279,0,23
2025-09-15,U05,zone_1,41,69.54,291,0,23
2025-09-16,U05,zone_1,26,75.79,191,0,23
2025-09-17,U05,zone_1,15,71.94,141,0,23
2025-09-18,U05,zone_1,24,69.05,135,0,23
2025-09-19,U05,zone_1,29,75.34,171,0,23
2025-09-20,U05,zone_1,28,75.64,237,0,23
2025-09-21,U05,zone_1,47,71.44,306,0,23
2025-09-22,U05,zone_1,36,67.6,259,0,23
2025-09-23,U05,zone_1,32,68.07,210,0,23
2025-09-24,U05,zone_1,16,80.23,139,0,23
2025-09-25,U05,zone_1,26,69.18,142,0,23
2025-09-26,U05,zone_1,28,78.5,185,0,23
2025-09-27,U05,zone_1,42,66.4,247,0,23
2025-09-28,U05,zone_1,50,68.86,286,0,23
2025-09-29,U05,zone_1,41,75.32,257,0,23
2025-09-30,U05,zone_1,29,65.55,211,0,23
2025-10-01,U05,zone_1,19,63.93,145,0,23
2025-10-02,U05,zone_1,22,66.73,149,0,23
2025-10-03,U05,zone_1,37,71.11,174,0,23
2025-10-04,U05,zone_1,35,70.01,263,0,23
2025-10-05,U05,zone_1,41,74.03,303,0,23
2025-10-06,U05,zone_1,45,63.82,321,1,23
2025-10-07,U05,zone_1,26,70.56,207,1,23
2025-10-08,U05,zone_1,20,64.42,148,0,23
2025-10-09,U05,zone_1,23,77.32,138,0,23
2025-10-10,U05,zone_1,25,70.9,207,0,23
2025-10-11,U05,zone_1,40,64.93,283,0,23
2025-10-12,U05,zone_1,48,68.74,345,0,23
2025-10-13,U05,zone_1,40,66.98,292,0,23
2025-10-14,U05,zone_1,23,76.3,203,0,23
2025-10-15,U05,zone_1,18,75.18,169,0,23
2025-10-16,U05,zone_1,22,67.58,153,0,23
2025-10-17,U05,zone_1,24,66.06,218,0,23
2025-10-18,U05,zone_1,28,69.73,288,0,23
2025-10-19,U05,zone_1,45,73.72,328,0,23
2025-10-20,U05,zone_1,44,71.77,274,0,23
2025-10-21,U05,zone_1,37,70.72,225,0,23
2025-10-22,U05,zone_1,20,67.31,144,0,23
2025-10-23,U05,zone_1,18,68.2,169,0,23
2025-10-24,U05,zone_1,26,73.49,187,0,23
2025-10-25,U05,zone_1,39,70.34,291,0,23
2024-09-01,U06,zone_2,39,73.04,320,1,24
2024-09-02,U06,zone_2,36,76.42,222,1,24
2024-09-03,U06,zone_2,36,68.66,199,0,24
2024-09-04,U06,zone_2,21,74.9,137,0,24
2024-09-05,U06,zone_2,25,70.07,135,0,24
2024-09-06,U06,zone_2,26,70.53,211,0,24
2024-09-07,U06,zone_2,47,62.32,320,0,24
2024-09-08,U06,zone_2,43,70.73,322,0,24
2024-09-09,U06,zone_2,45,68.25,251,0,24
2024-09-10,U06,zone_2,28,79.34,175,0,24
2024-09-11,U06,zone_2,21,62.4,158,0,24
2024-09-12,U06,zone_2,20,66.74,127,0,24
2024-09-13,U06,zone_2,22,76.44,200,0,24
2024-09-14,U06,zone_2,49,69.04,306,0,24
2024-09-15,U06,zone_2,57,73.08,329,0,24
2024-09-16,U06,zone_2,49,72.26,260,0,24
2024-09-17,U06,zone_2,23,73.28,164,0,24
2024-09-18,U06,zone_2,34,64.05,140,0,24
2024-09-19,U06,zone_2,17,70.99,185,0,24
2024-09-20,U06,zone_2,34,71.86,230,0,24
2024-09-21,U06,zone_2,43,67.2,317,0,24
2024-09-22,U06,zone_2,44,78.03,306,0,24
2024-09-23,U06,zone_2,31,72.55,291,0,24
2024-09-24,U06,zone_2,23,62.21,235,0,24
2024-09-25,U06,zone_2,25,72.59,156,0,24
2024-09-26,U06,zone_2,22,67.39,168,0,24
2024-09-27,U06,zone_2,24,75.87,241,0,24
2024-09-28,U06,zone_2,52,68.18,323,0,24
2024-09-29,U06,zone_2,41,75.97,317,0,24
2024-09-30,U06,zone_2,37,77.38,265,0,24
2024-10-01,U06,zone_2,22,69.57,185,0,24
2024-10-02,U06,zone_2,26,71.64,151,0,24
2024-10-03,U06,zone_2,26,74.87,174,0,24
2024-10-04,U06,zone_2,30,70.94,236,0,24
2024-10-05,U06,zone_2,39,70.64,305,0,24
2024-10-06,U06,zone_2,53,76.52,317,0,24
2024-10-07,U06,zone_2,33,78.28,287,0,24
2024-10-08,U06,zone_2,22,69.32,205,0,24
2024-10-09,U06,zone_2,17,73.65,134,0,24
2024-10-10,U06,zone_2,21,71.1,169,0,24
2024-10-11,U06,zone_2,38,64.69,263,1,24
2024-10-12,U06,zone_2,48,58.17,369,1,24
2024-10-13,U06,zone_2,51,74.7,325,0,24
2024-10-14,U06,zone_2,32,82.04,275,0,24
2024-10-15,U06,zone_2,25,70.76,209,0,24
2024-10-16,U06,zone_2,34,71.42,167,0,24
2024-10-17,U06,zone_2,31,68.07,186,0,24
2024-10-18,U06,zone_2,25,68.56,281,0,24
2024-10-19,U06,zone_2,36,70.61,315,0,24
2024-10-20,U06,zone_2,53,69.27,366,0,24
2024-10-21,U06,zone_2,38,67.14,304,0,24
2024-10-22,U06,zone_2,29,74.93,191,0,24
2024-10-23,U06,zone_2,30,70.02,177,0,24
2024-10-24,U06,zone_2,20,79.41,154,0,24
2024-10-25,U06,zone_2,49,77.0,236,0,24
2024-10-26,U06,zone_2,53,65.5,357,0,24
2024-10-27,U06,zone_2,56,71.87,403,0,24
2024-10-28,U06,zone_2,42,73.79,292,0,24
2024-10-29,U06,zone_2,30,69.09,203,0,24
2024-10-30,U06,zone_2,22,70.81,158,0,24
2024-10-31,U06,zone_2,29,71.67,187,0,24
2024-11-01,U06,zone_2,38,75.12,221,0,24
2024-11-02,U06,zone_2,43,74.05,332,0,24
2024-11-03,U06,zone_2,65,68.9,368,0,24
2024-11-04,U06,zone_2,57,65.81,320,0,24
2024-11-05,U06,zone_2,27,68.15,218,0,24
2024-11-06,U06,zone_2,19,73.56,148,0,24
2024-11-07,U06,zone_2,28,66.53,186,0,24
2024-11-08,U06,zone_2,46,62.88,286,0,24
2024-11-09,U06,zone_2,56,74.21,322,0,24
2024-11-10,U06,zone_2,43,82.13,323,0,24
2024-11-11,U06,zone_2,34,81.5,263,0,24
2024-11-12,U06,zone_2,29,63.76,246,0,24
2024-11-13,U06,zone_2,25,66.13,164,0,24
2024-11-14,U06,zone_2,23,79.5,176,0,24
2024-11-15,U06,zone_2,44,73.39,243,0,24
2024-11-16,U06,zone_2,30,73.18,344,0,24
2024-11-17,U06,zone_2,64,64.2,415,0,24
2024-11-18,U06,zone_2,45,75.53,288,0,24
2024-11-19,U06,zone_2,38,65.44,225,0,24
2024-11-20,U06,zone_2,19,68.25,158,1,24
2024-11-21,U06,zone_2,27,66.57,189,1,24
2024-11-22,U06,zone_2,49,64.69,308,0,24
2024-11-23,U06,zone_2,31,83.68,308,0,24
2024-11-24,U06,zone_2,51,65.59,424,0,24
2024-11-25,U06,zone_2,42,69.49,310,0,24
2024-11-26,U06,zone_2,36,75.47,193,0,24
2024-11-27,U06,zone_2,33,66.83,181,0,24
2024-11-28,U06,zone_2,24,69.2,179,0,24
2024-11-29,U06,zone_2,38,70.11,283,0,24
2024-11-30,U06,zone_2,52,56.19,432,0,24
2024-12-01,U06,zone_2,62,70.42,401,0,24
2024-12-02,U06,zone_2,48,72.46,299,0,24
2024-12-03,U06,zone_2,26,72.4,218,0,24
2024-12-04,U06,zone_2,28,66.21,173,0,24
2024-12-05,U06,zone_2,30,67.0,214,0,24
2024-12-06,U06,zone_2,51,73.21,267,0,24
2024-12-07,U06,zone_2,39,70.67,335,0,24
2024-12-08,U06,zone_2,60,69.51,366,0,24
2024-12-09,U06,zone_2,51,69.18,300,0,24
2024-12-10,U06,zone_2,27,66.57,244,0,24
2024-12-11,U06,zone_2,30,69.27,174,0,24
2024-12-12,U06,zone_2,23,61.91,192,0,24
2024-12-13,U06,zone_2,37,78.09,247,0,24
2024-12-14,U06,zone_2,53,66.83,392,0,24
2024-12-15,U06,zone_2,55,63.39,392,0,24
2024-12-16,U06,zone_2,39,70.68,320,0,24
2024-12-17,U06,zone_2,35,67.93,203,0,24
2024-12-18,U06,zone_2,30,66.34,193,0,24
2024-12-19,U06,zone_2,20,70.88,168,0,24
2024-12-20,U06,zone_2,43,72.95,251,0,24
2024-12-21,U06,zone_2,48,72.36,338,0,24
2024-12-22,U06,zone_2,55,65.94,414,0,24
2024-12-23,U06,zone_2,39,75.0,276,0,24
2024-12-24,U06,zone_2,23,74.78,215,0,24
2024-12-25,U06,zone_2,20,72.29,130,0,24
2024-12-26,U06,zone_2,37,53.49,231,0,24
2024-12-27,U06,zone_2,52,63.69,321,0,24
2024-12-28,U06,zone_2,47,59.65,378,0,24
2024-12-29,U06,zone_2,57,67.03,390,0,24
2024-12-30,U06,zone_2,54,69.4,297,1,24
2024-12-31,U06,zone_2,24,71.0,199,1,24
2025-01-01,U06,zone_2,20,69.22,160,0,24
2025-01-02,U06,zone_2,24,67.71,192,0,24
2025-01-03,U06,zone_2,39,67.66,278,0,24
2025-01-04,U06,zone_2,52,68.05,328,0,24
2025-01-05,U06,zone_2,55,62.64,373,0,24
2025-01-06,U06,zone_2,37,67.24,356,0,24
2025-01-07,U06,zone_2,30,67.91,207,0,24
2025-01-08,U06,zone_2,21,73.68,140,0,24
2025-01-09,U06,zone_2,19,71.37,168,0,24
2025-01-10,U06,zone_2,33,76.84,245,0,24
2025-01-11,U06,zone_2,45,71.18,371,0,24
2025-01-12,U06,zone_2,38,68.35,392,0,24
2025-01-13,U06,zone_2,53,62.35,331,0,24
2025-01-14,U06,zone_2,31,75.54,199,0,24
2025-01-15,U06,zone_2,24,64.82,182,0,24
2025-01-16,U06,zone_2,26,69.1,174,0,24
2025-01-17,U06,zone_2,41,71.13,223,0,24
2025-01-18,U06,zone_2,37,72.46,307,0,24
2025-01-19,U06,zone_2,47,67.77,383,0,24
2025-01-20,U06,zone_2,57,71.05,305,0,24
2025-01-21,U06,zone_2,31,66.88,219,0,24
2025-01-22,U06,zone_2,26,72.06,156,0,24
2025-01-23,U06,zone_2,20,69.43,185,0,24
2025-01-24,U06,zone_2,32,70.74,248,0,24
2025-01-25,U06,zone_2,49,78.46,326,0,24
2025-01-26,U06,zone_2,54,71.2,323,0,24
2025-01-27,U06,zone_2,46,64.8,308,0,24
2025-01-28,U06,zone_2,30,66.8,198,0,24
2025-01-29,U06,zone_2,23,70.89,145,0,24
2025-01-30,U06,zone_2,23,67.0,170,0,24
2025-01-31,U06,zone_2,39,69.27,278,0,24
2025-02-01,U06,zone_2,52,67.44,310,0,24
2025-02-02,U06,zone_2,51,70.85,315,0,24
2025-02-03,U06,zone_2,36,64.5,277,0,24
2025-02-04,U06,zone_2,27,80.21,187,0,24
2025-02-05,U06,zone_2,16,65.91,175,0,24
2025-02-06,U06,zone_2,21,70.88,148,0,24
2025-02-07,U06,zone_2,33,68.51,230,0,24
2025-02-08,U06,zone_2,37,74.49,323,1,24
2025-02-09,U06,zone_2,41,74.27,276,1,24
2025-02-10,U06,zone_2,50,59.02,336,0,24
2025-02-11,U06,zone_2,25,78.54,178,0,24
2025-02-12,U06,zone_2,15,72.25,123,0,24
2025-02-13,U06,zone_2,20,69.49,160,0,24
2025-02-14,U06,zone_2,43,74.03,220,0,24
2025-02-15,U06,zone_2,43,66.27,328,0,24
2025-02-16,U06,zone_2,53,75.39,333,0,24
2025-02-17,U06,zone_2,39,72.55,244,0,24
2025-02-18,U06,zone_2,27,72.38,200,0,24
2025-02-19,U06,zone_2,25,60.49,170,0,24
2025-02-20,U06,zone_2,27,63.94,164,0,24
2025-02-21,U06,zone_2,25,76.43,206,0,24
2025-02-22,U06,zone_2,39,71.97,279,0,24
2025-02-23,U06,zone_2,43,75.24,285,0,24
2025-02-24,U06,zone_2,39,67.63,278,0,24
2025-02-25,U06,zone_2,25,72.29,176,0,24
2025-02-26,U06,zone_2,22,68.04,159,0,24
2025-02-27,U06,zone_2,22,58.3,197,0,24
2025-02-28,U06,zone_2,29,70.57,226,0,24
2025-03-01,U06,zone_2,36,71.88,295,0,24
2025-03-02,U06,zone_2,44,66.49,312,0,24
2025-03-03,U06,zone_2,37,76.27,267,0,24
2025-03-04,U06,zone_2,26,67.67,203,0,24
2025-03-05,U06,zone_2,19,74.53,121,0,24
2025-03-06,U06,zone_2,23,66.79,169,0,24
2025-03-07,U06,zone_2,29,68.27,216,0,24
2025-03-08,U06,zone_2,54,70.1,271,0,24
2025-03-09,U06,zone_2,36,67.96,320,0,24
2025-03-10,U06,zone_2,26,67.81,241,0,24
2025-03-11,U06,zone_2,20,72.97,175,0,24
2025-03-12,U06,zone_2,21,78.09,144,0,24
2025-03-13,U06,zone_2,24,73.25,144,0,24
2025-03-14,U06,zone_2,25,68.91,192,0,24
2025-03-15,U06,zone_2,34,71.76,248,0,24
2025-03-16,U06,zone_2,52,69.76,266,0,24
2025-03-17,U06,zone_2,32,68.4,243,0,24
2025-03-18,U06,zone_2,26,68.31,150,0,24
2025-03-19,U06,zone_2,15,65.67,166,0,24
2025-03-20,U06,zone_2,25,58.97,198,1,24
2025-03-21,U06,zone_2,20,74.12,196,1,24
2025-03-22,U06,zone_2,34,71.67,278,0,24
2025-03-23,U06,zone_2,39,69.11,277,0,24
2025-03-24,U06,zone_2,29,75.35,227,0,24
2025-03-25,U06,zone_2,23,65.72,197,0,24
2025-03-26,U06,zone_2,20,64.77,131,0,24
2025-03-27,U06,zone_2,13,77.32,134,0,24
2025-03-28,U06,zone_2,43,60.71,218,0,24
2025-03-29,U06,zone_2,38,62.94,304,0,24
2025-03-30,U06,zone_2,42,65.23,302,0,24
2025-03-31,U06,zone_2,35,60.78,258,0,24
2025-04-01,U06,zone_2,31,63.05,205,0,24
2025-04-02,U06,zone_2,13,79.0,92,0,24
2025-04-03,U06,zone_2,16,69.23,136,0,24
2025-04-04,U06,zone_2,25,69.27,184,0,24
2025-04-05,U06,zone_2,46,59.0,290,0,24
2025-04-06,U06,zone_2,33,77.18,237,0,24
2025-04-07,U06,zone_2,31,70.74,201,0,24
2025-04-08,U06,zone_2,27,65.37,167,0,24
2025-04-09,U06,zone_2,17,68.29,102,0,24
2025-04-10,U06,zone_2,19,69.69,144,0,24
2025-04-11,U06,zone_2,22,68.72,196,0,24
2025-04-12,U06,zone_2,39,72.48,254,0,24
2025-04-13,U06,zone_2,51,67.1,288,0,24
2025-04-14,U06,zone_2,28,70.55,213,0,24
2025-04-15,U06,zone_2,24,72.95,148,0,24
2025-04-16,U06,zone_2,17,74.43,108,0,24
2025-04-17,U06,zone_2,17,71.08,136,0,24
2025-04-18,U06,zone_2,30,68.88,205,0,24
2025-04-19,U06,zone_2,40,57.87,310,0,24
2025-04-20,U06,zone_2,38,66.87,267,0,24
2025-04-21,U06,zone_2,29,63.04,241,0,24
2025-04-22,U06,zone_2,30,68.28,182,0,24
2025-04-23,U06,zone_2,16,70.39,107,0,24
2025-04-24,U06,zone_2,19,74.21,124,0,24
2025-04-25,U06,zone_2,32,68.14,187,0,24
2025-04-26,U06,zone_2,28,72.5,219,0,24
2025-04-27,U06,zone_2,39,68.35,258,0,24
2025-04-28,U06,zone_2,27,78.45,201,0,24
2025-04-29,U06,zone_2,27,75.75,147,1,24
2025-04-30,U06,zone_2,12,67.34,112,1,24
2025-05-01,U06,zone_2,24,61.18,134,0,24
2025-05-02,U06,zone_2,31,70.26,196,0,24
2025-05-03,U06,zone_2,38,61.06,273,0,24
2025-05-04,U06,zone_2,37,72.79,241,0,24
2025-05-05,U06,zone_2,38,74.55,198,0,24
2025-05-06,U06,zone_2,24,68.64,128,0,24
2025-05-07,U06,zone_2,23,69.2,113,0,24
2025-05-08,U06,zone_2,16,65.4,120,0,24
2025-05-09,U06,zone_2,17,68.62,169,0,24
2025-05-10,U06,zone_2,34,67.63,240,0,24
2025-05-11,U06,zone_2,49,71.84,233,0,24
2025-05-12,U06,zone_2,21,77.19,209,0,24
2025-05-13,U06,zone_2,15,76.21,130,0,24
2025-05-14,U06,zone_2,7,80.14,116,0,24
2025-05-15,U06,zone_2,21,64.28,126,0,24
2025-05-16,U06,zone_2,25,72.0,177,0,24
2025-05-17,U06,zone_2,39,72.97,247,0,24
2025-05-18,U06,zone_2,31,70.2,256,0,24
2025-05-19,U06,zone_2,30,71.24,219,0,24
2025-05-20,U06,zone_2,17,72.6,118,0,24
2025-05-21,U06,zone_2,20,65.63,117,0,24
2025-05-22,U06,zone_2,20,59.7,134,0,24
2025-05-23,U06,zone_2,19,71.08,185,0,24
2025-05-24,U06,zone_2,43,64.97,260,0,24
2025-05-25,U06,zone_2,41,61.53,276,0,24
2025-05-26,U06,zone_2,31,72.08,208,0,24
2025-05-27,U06,zone_2,25,64.93,149,0,24
2025-05-28,U06,zone_2,22,54.77,134,0,24
2025-05-29,U06,zone_2,18,67.18,123,0,24
2025-05-30,U06,zone_2,26,64.07,187,0,24
2025-05-31,U06,zone_2,30,71.36,227,0,24
2025-06-01,U06,zone_2,42,70.59,228,0,24
2025-06-02,U06,zone_2,27,66.03,212,0,24
2025-06-03,U06,zone_2,24,67.24,179,0,24
2025-06-04,U06,zone_2,18,66.18,109,0,24
2025-06-05,U06,zone_2,13,71.37,107,0,24
2025-06-06,U06,zone_2,35,70.25,176,0,24
2025-06-07,U06,zone_2,32,74.21,214,0,24
2025-06-08,U06,zone_2,43,64.1,253,1,24
2025-06-09,U06,zone_2,36,65.49,231,1,24
2025-06-10,U06,zone_2,29,68.16,166,0,24
2025-06-11,U06,zone_2,18,75.56,115,0,24
2025-06-12,U06,zone_2,18,66.9,115,0,24
2025-06-13,U06,zone_2,29,76.74,149,0,24
2025-06-14,U06,zone_2,32,75.1,220,0,24
2025-06-15,U06,zone_2,35,72.4,247,0,24
2025-06-16,U06,zone_2,34,63.36,249,0,24
2025-06-17,U06,zone_2,18,72.81,155,0,24
2025-06-18,U06,zone_2,10,72.95,96,0,24
2025-06-19,U06,zone_2,18,63.11,144,0,24
2025-06-20,U06,zone_2,19,74.81,198,0,24
2025-06-21,U06,zone_2,32,67.89,269,0,24
2025-06-22,U06,zone_2,44,66.06,254,0,24
2025-06-23,U06,zone_2,38,64.17,242,0,24
2025-06-24,U06,zone_2,21,69.13,148,0,24
2025-06-25,U06,zone_2,13,65.78,98,0,24
2025-06-26,U06,zone_2,14,74.93,107,0,24
2025-06-27,U06,zone_2,21,59.84,209,0,24
2025-06-28,U06,zone_2,28,65.52,244,0,24
2025-06-29,U06,zone_2,40,55.57,315,0,24
2025-06-30,U06,zone_2,31,62.38,243,0,24
2025-07-01,U06,zone_2,17,73.67,150,0,24
2025-07-02,U06,zone_2,11,67.89,110,0,24
2025-07-03,U06,zone_2,17,71.51,119,0,24
2025-07-04,U06,zone_2,20,74.43,190,0,24
2025-07-05,U06,zone_2,24,83.25,192,0,24
2025-07-06,U06,zone_2,46,70.43,279,0,24
2025-07-07,U06,zone_2,44,72.7,242,0,24
2025-07-08,U06,zone_2,18,71.1,138,0,24
2025-07-09,U06,zone_2,25,68.42,117,0,24
2025-07-10,U06,zone_2,19,73.12,113,0,24
2025-07-11,U06,zone_2,26,66.66,203,0,24
2025-07-12,U06,zone_2,48,74.77,242,0,24
2025-07-13,U06,zone_2,35,70.4,263,0,24
2025-07-14,U06,zone_2,37,59.37,240,0,24
2025-07-15,U06,zone_2,25,65.21,176,0,24
2025-07-16,U06,zone_2,17,81.72,97,0,24
2025-07-17,U06,zone_2,21,64.52,125,0,24
2025-07-18,U06,zone_2,32,58.39,223,1,24
2025-07-19,U06,zone_2,40,73.72,254,1,24
2025-07-20,U06,zone_2,23,79.66,243,0,24
2025-07-21,U06,zone_2,35,71.86,235,0,24
2025-07-22,U06,zone_2,21,67.43,159,0,24
2025-07-23,U06,zone_2,17,66.81,120,0,24
2025-07-24,U06,zone_2,26,63.5,137,0,24
2025-07-25,U06,zone_2,25,73.74,205,0,24
2025-07-26,U06,zone_2,38,72.96,246,0,24
2025-07-27,U06,zone_2,36,72.95,256,0,24
2025-07-28,U06,zone_2,23,69.5,226,0,24
2025-07-29,U06,zone_2,15,64.86,146,0,24
2025-07-30,U06,zone_2,26,71.33,116,0,24
2025-07-31,U06,zone_2,20,67.93,142,0,24
2025-08-01,U06,zone_2,22,75.77,189,0,24
2025-08-02,U06,zone_2,32,73.06,256,0,24
2025-08-03,U06,zone_2,49,70.15,295,0,24
2025-08-04,U06,zone_2,30,67.62,261,0,24
2025-08-05,U06,zone_2,21,77.53,159,0,24
2025-08-06,U06,zone_2,11,72.62,122,0,24
2025-08-07,U06,zone_2,23,65.66,151,0,24
2025-08-08,U06,zone_2,36,70.51,194,0,24
2025-08-09,U06,zone_2,43,70.48,303,0,24
2025-08-10,U06,zone_2,52,66.35,354,0,24
2025-08-11,U06,zone_2,32,66.86,251,0,24
2025-08-12,U06,zone_2,31,62.55,206,0,24
2025-08-13,U06,zone_2,20,82.76,116,0,24
2025-08-14,U06,zone_2,21,71.16,148,0,24
2025-08-15,U06,zone_2,34,73.64,186,0,24
2025-08-16,U06,zone_2,34,59.08,334,0,24
2025-08-17,U06,zone_2,45,71.73,281,0,24
2025-08-18,U06,zone_2,34,62.18,283,0,24
2025-08-19,U06,zone_2,18,67.32,208,0,24
2025-08-20,U06,zone_2,22,69.03,125,0,24
2025-08-21,U06,zone_2,30,65.34,147,0,24
2025-08-22,U06,zone_2,37,63.96,251,0,24
2025-08-23,U06,zone_2,46,67.62,310,0,24
2025-08-24,U06,zone_2,39,63.31,336,0,24
2025-08-25,U06,zone_2,39,71.9,268,0,24
2025-08-26,U06,zone_2,23,73.91,157,0,24
2025-08-27,U06,zone_2,22,71.83,137,1,24
2025-08-28,U06,zone_2,17,65.11,166,1,24
2025-08-29,U06,zone_2,32,68.72,217,0,24
2025-08-30,U06,zone_2,55,58.69,331,0,24
2025-08-31,U06,zone_2,44,72.12,290,0,24
2025-09-01,U06,zone_2,29,67.93,261,0,24
2025-09-02,U06,zone_2,23,71.64,192,0,24
2025-09-03,U06,zone_2,21,66.88,137,0,24
2025-09-04,U06,zone_2,13,69.86,168,0,24
2025-09-05,U06,zone_2,31,69.7,224,0,24
2025-09-06,U06,zone_2,34,72.29,267,0,24
2025-09-07,U06,zone_2,43,75.01,310,0,24
2025-09-08,U06,zone_2,37,76.52,244,0,24
2025-09-09,U06,zone_2,21,70.3,195,0,24
2025-09-10,U06,zone_2,27,66.52,164,0,24
2025-09-11,U06,zone_2,26,72.02,152,0,24
2025-09-12,U06,zone_2,44,64.5,259,0,24
2025-09-13,U06,zone_2,44,69.16,347,0,24
2025-09-14,U06,zone_2,48,73.2,338,0,24
2025-09-15,U06,zone_2,39,73.93,243,0,24
2025-09-16,U06,zone_2,23,71.77,195,0,24
2025-09-17,U06,zone_2,32,70.92,144,0,24
2025-09-18,U06,zone_2,25,72.59,152,0,24
2025-09-19,U06,zone_2,42,68.34,261,0,24
2025-09-20,U06,zone_2,48,73.73,275,0,24
2025-09-21,U06,zone_2,60,63.86,380,0,24
2025-09-22,U06,zone_2,36,72.52,279,0,24
2025-09-23,U06,zone_2,28,71.85,201,0,24
2025-09-24,U06,zone_2,24,74.73,146,0,24
2025-09-25,U06,zone_2,27,69.77,147,0,24
2025-09-26,U06,zone_2,25,72.75,236,0,24
2025-09-27,U06,zone_2,41,72.41,291,0,24
2025-09-28,U06,zone_2,45,69.42,337,0,24
2025-09-29,U06,zone_2,42,72.6,272,0,24
2025-09-30,U06,zone_2,27,63.28,201,0,24
2025-10-01,U06,zone_2,17,63.91,153,0,24
2025-10-02,U06,zone_2,22,65.38,178,0,24
2025-10-03,U06,zone_2,48,66.86,269,0,24
2025-10-04,U06,zone_2,48,66.65,354,0,24
2025-10-05,U06,zone_2,50,75.18,319,0,24
2025-10-06,U06,zone_2,38,70.8,277,1,24
2025-10-07,U06,zone_2,40,64.22,221,1,24
2025-10-08,U06,zone_2,10,74.42,134,0,24
2025-10-09,U06,zone_2,22,69.11,166,0,24
2025-10-10,U06,zone_2,41,80.69,224,0,24
2025-10-11,U06,zone_2,68,62.14,386,0,24
2025-10-12,U06,zone_2,41,71.77,318,0,24
2025-10-13,U06,zone_2,36,78.34,274,0,24
2025-10-14,U06,zone_2,22,73.75,203,0,24
2025-10-15,U06,zone_2,18,72.28,165,0,24
2025-10-16,U06,zone_2,23,71.05,163,0,24
2025-10-17,U06,zone_2,34,70.92,266,0,24
2025-10-18,U06,zone_2,49,68.38,321,0,24
2025-10-19,U06,zone_2,41,70.21,329,0,24
2025-10-20,U06,zone_2,54,71.74,305,0,24
2025-10-21,U06,zone_2,28,74.64,196,0,24
2025-10-22,U06,zone_2,22,69.79,157,0,24
2025-10-23,U06,zone_2,28,65.91,180,0,24
2025-10-24,U06,zone_2,34,64.34,291,0,24
2025-10-25,U06,zone_2,53,70.73,333,0,24
2024-09-01,U07,zone_3,47,65.4,365,1,25
2024-09-02,U07,zone_3,34,77.41,208,1,25
2024-09-03,U07,zone_3,27,61.1,199,0,25
2024-09-04,U07,zone_3,25,68.41,137,0,25
2024-09-05,U07,zone_3,26,71.3,174,0,25
2024-09-06,U07,zone_3,32,69.5,254,0,25
2024-09-07,U07,zone_3,56,67.39,327,0,25
2024-09-08,U07,zone_3,40,69.59,328,0,25
2024-09-09,U07,zone_3,29,68.71,254,0,25
2024-09-10,U07,zone_3,34,72.68,164,0,25
2024-09-11,U07,zone_3,25,70.67,168,0,25
2024-09-12,U07,zone_3,39,68.11,185,0,25
2024-09-13,U07,zone_3,38,66.64,282,0,25
2024-09-14,U07,zone_3,54,64.63,373,0,25
2024-09-15,U07,zone_3,35,83.82,278,0,25
2024-09-16,U07,zone_3,41,74.52,254,0,25
2024-09-17,U07,zone_3,23,71.09,203,0,25
2024-09-18,U07,zone_3,27,73.2,160,0,25
2024-09-19,U07,zone_3,30,68.67,196,0,25
2024-09-20,U07,zone_3,39,71.09,287,0,25
2024-09-21,U07,zone_3,48,74.33,388,0,25
2024-09-22,U07,zone_3,52,66.31,362,0,25
2024-09-23,U07,zone_3,41,72.98,262,0,25
2024-09-24,U07,zone_3,27,68.76,208,0,25
2024-09-25,U07,zone_3,19,77.22,152,0,25
2024-09-26,U07,zone_3,27,73.38,198,0,25
2024-09-27,U07,zone_3,39,62.45,345,0,25
2024-09-28,U07,zone_3,49,69.31,395,0,25
2024-09-29,U07,zone_3,53,68.81,376,0,25
2024-09-30,U07,zone_3,45,64.59,282,0,25
2024-10-01,U07,zone_3,36,62.65,202,0,25
2024-10-02,U07,zone_3,16,65.75,178,0,25
2024-10-03,U07,zone_3,27,71.1,205,0,25
2024-10-04,U07,zone_3,51,58.09,362,0,25
2024-10-05,U07,zone_3,42,67.78,388,0,25
2024-10-06,U07,zone_3,62,68.81,345,0,25
2024-10-07,U07,zone_3,43,68.1,300,0,25
2024-10-08,U07,zone_3,27,72.93,186,0,25
2024-10-09,U07,zone_3,26,65.23,184,0,25
2024-10-10,U07,zone_3,35,71.26,194,0,25
2024-10-11,U07,zone_3,43,69.61,308,1,25
2024-10-12,U07,zone_3,58,64.76,390,1,25
2024-10-13,U07,zone_3,56,69.46,391,0,25
2024-10-14,U07,zone_3,45,63.97,322,0,25
2024-10-15,U07,zone_3,22,73.85,188,0,25
2024-10-16,U07,zone_3,31,71.13,153,0,25
2024-10-17,U07,zone_3,34,71.96,217,0,25
2024-10-18,U07,zone_3,34,69.34,318,0,25
2024-10-19,U07,zone_3,56,73.36,364,0,25
2024-10-20,U07,zone_3,55,72.93,362,0,25
2024-10-21,U07,zone_3,34,76.66,236,0,25
2024-10-22,U07,zone_3,27,64.79,227,0,25
2024-10-23,U07,zone_3,32,72.24,169,0,25
2024-10-24,U07,zone_3,32,69.77,220,0,25
2024-10-25,U07,zone_3,46,73.03,301,0,25
2024-10-26,U07,zone_3,66,68.32,378,0,25
2024-10-27,U07,zone_3,60,63.9,423,0,25
2024-10-28,U07,zone_3,40,72.02,284,0,25
2024-10-29,U07,zone_3,37,63.02,222,0,25
2024-10-30,U07,zone_3,25,72.22,165,0,25
2024-10-31,U07,zone_3,39,73.16,218,0,25
2024-11-01,U07,zone_3,48,74.87,325,0,25
2024-11-02,U07,zone_3,68,67.93,407,0,25
2024-11-03,U07,zone_3,51,71.65,398,0,25
2024-11-04,U07,zone_3,54,64.0,327,0,25
2024-11-05,U07,zone_3,33,67.87,243,0,25
2024-11-06,U07,zone_3,26,69.04,190,0,25
2024-11-07,U07,zone_3,32,66.7,224,0,25
2024-11-08,U07,zone_3,36,70.36,325,0,25
2024-11-09,U07,zone_3,57,67.27,389,0,25
2024-11-10,U07,zone_3,45,67.85,382,0,25
2024-11-11,U07,zone_3,43,63.08,352,0,25
2024-11-12,U07,zone_3,29,66.91,216,0,25
2024-11-13,U07,zone_3,25,73.12,173,0,25
2024-11-14,U07,zone_3,36,70.87,230,0,25
2024-11-15,U07,zone_3,69,67.69,307,0,25
2024-11-16,U07,zone_3,62,76.05,382,0,25
2024-11-17,U07,zone_3,48,70.22,405,0,25
2024-11-18,U07,zone_3,48,65.45,308,0,25
2024-11-19,U07,zone_3,24,72.2,210,0,25
2024-11-20,U07,zone_3,34,65.89,182,1,25
2024-11-21,U07,zone_3,31,68.02,233,1,25
2024-11-22,U07,zone_3,35,75.65,326,0,25
2024-11-23,U07,zone_3,49,69.61,423,0,25
2024-11-24,U07,zone_3,51,74.31,413,0,25
2024-11-25,U07,zone_3,32,74.13,301,0,25
2024-11-26,U07,zone_3,33,68.21,211,0,25
2024-11-27,U07,zone_3,34,63.65,193,0,25
2024-11-28,U07,zone_3,36,71.25,248,0,25
2024-11-29,U07,zone_3,65,76.64,315,0,25
2024-11-30,U07,zone_3,61,69.41,408,0,25
2024-12-01,U07,zone_3,55,73.85,350,0,25
2024-12-02,U07,zone_3,45,66.95,340,0,25
2024-12-03,U07,zone_3,35,68.29,225,0,25
2024-12-04,U07,zone_3,27,71.43,182,0,25
2024-12-05,U07,zone_3,22,71.79,230,0,25
2024-12-06,U07,zone_3,56,71.72,319,0,25
2024-12-07,U07,zone_3,63,68.21,402,0,25
2024-12-08,U07,zone_3,59,63.89,406,0,25
2024-12-09,U07,zone_3,51,69.6,296,0,25
2024-12-10,U07,zone_3,29,68.64,223,0,25
2024-12-11,U07,zone_3,19,68.55,171,0,25
2024-12-12,U07,zone_3,24,72.05,244,0,25
2024-12-13,U07,zone_3,36,75.81,302,0,25
2024-12-14,U07,zone_3,53,70.27,358,0,25
2024-12-15,U07,zone_3,52,77.3,359,0,25
2024-12-16,U07,zone_3,38,79.6,254,0,25
2024-12-17,U07,zone_3,25,68.39,222,0,25
2024-12-18,U07,zone_3,23,63.93,184,0,25
2024-12-19,U07,zone_3,36,62.66,251,0,25
2024-12-20,U07,zone_3,53,71.03,308,0,25
2024-12-21,U07,zone_3,54,72.08,397,0,25
2024-12-22,U07,zone_3,54,78.0,364,0,25
2024-12-23,U07,zone_3,36,71.04,334,0,25
2024-12-24,U07,zone_3,35,67.63,222,0,25
2024-12-25,U07,zone_3,18,69.62,173,0,25
2024-12-26,U07,zone_3,44,59.63,266,0,25
2024-12-27,U07,zone_3,35,70.14,329,0,25
2024-12-28,U07,zone_3,48,75.68,404,0,25
2024-12-29,U07,zone_3,45,75.29,330,0,25
2024-12-30,U07,zone_3,43,72.86,301,1,25
2024-12-31,U07,zone_3,24,77.71,214,1,25
2025-01-01,U07,zone_3,24,69.76,187,0,25
2025-01-02,U07,zone_3,27,75.98,197,0,25
2025-01-03,U07,zone_3,52,69.51,344,0,25
2025-01-04,U07,zone_3,67,75.92,326,0,25
2025-01-05,U07,zone_3,62,69.78,386,0,25
2025-01-06,U07,zone_3,32,68.83,301,0,25
2025-01-07,U07,zone_3,37,63.93,250,0,25
2025-01-08,U07,zone_3,36,74.87,135,0,25
2025-01-09,U07,zone_3,30,66.04,236,0,25
2025-01-10,U07,zone_3,62,57.69,359,0,25
2025-01-11,U07,zone_3,63,70.15,429,0,25
2025-01-12,U07,zone_3,48,73.31,358,0,25
2025-01-13,U07,zone_3,47,62.36,305,0,25
2025-01-14,U07,zone_3,30,72.33,187,0,25
2025-01-15,U07,zone_3,16,81.03,154,0,25
2025-01-16,U07,zone_3,28,71.13,230,0,25
2025-01-17,U07,zone_3,51,67.63,357,0,25
2025-01-18,U07,zone_3,63,68.22,399,0,25
2025-01-19,U07,zone_3,50,71.99,358,0,25
2025-01-20,U07,zone_3,43,72.14,272,0,25
2025-01-21,U07,zone_3,23,75.69,165,0,25
2025-01-22,U07,zone_3,18,69.23,191,0,25
2025-01-23,U07,zone_3,37,60.22,245,0,25
2025-01-24,U07,zone_3,45,66.26,288,0,25
2025-01-25,U07,zone_3,60,66.85,404,0,25
2025-01-26,U07,zone_3,56,71.49,357,0,25
2025-01-27,U07,zone_3,55,69.46,313,0,25
2025-01-28,U07,zone_3,25,69.47,211,0,25
2025-01-29,U07,zone_3,27,68.13,173,0,25
2025-01-30,U07,zone_3,31,69.69,205,0,25
2025-01-31,U07,zone_3,48,73.13,305,0,25
2025-02-01,U07,zone_3,59,62.14,416,0,25
2025-02-02,U07,zone_3,47,68.42,361,0,25
2025-02-03,U07,zone_3,49,60.56,305,0,25
2025-02-04,U07,zone_3,34,69.39,175,0,25
2025-02-05,U07,zone_3,18,71.59,173,0,25
2025-02-06,U07,zone_3,34,71.57,224,0,25
2025-02-07,U07,zone_3,40,66.61,342,0,25
2025-02-08,U07,zone_3,50,69.73,375,1,25
2025-02-09,U07,zone_3,35,77.7,331,1,25
2025-02-10,U07,zone_3,44,72.76,256,0,25
2025-02-11,U07,zone_3,25,71.72,155,0,25
2025-02-12,U07,zone_3,26,76.03,136,0,25
2025-02-13,U07,zone_3,30,72.18,220,0,25
2025-02-14,U07,zone_3,48,62.5,317,0,25
2025-02-15,U07,zone_3,51,74.66,369,0,25
2025-02-16,U07,zone_3,45,71.74,360,0,25
2025-02-17,U07,zone_3,33,76.83,248,0,25
2025-02-18,U07,zone_3,22,61.0,203,0,25
2025-02-19,U07,zone_3,20,72.22,151,0,25
2025-02-20,U07,zone_3,27,70.98,196,0,25
2025-02-21,U07,zone_3,50,77.17,255,0,25
2025-02-22,U07,zone_3,36,74.28,339,0,25
2025-02-23,U07,zone_3,49,72.8,319,0,25
2025-02-24,U07,zone_3,38,64.95,298,0,25
2025-02-25,U07,zone_3,29,66.69,199,0,25
2025-02-26,U07,zone_3,29,68.24,132,0,25
2025-02-27,U07,zone_3,28,67.3,173,0,25
2025-02-28,U07,zone_3,29,74.36,252,0,25
2025-03-01,U07,zone_3,44,70.21,320,0,25
2025-03-02,U07,zone_3,41,61.15,361,0,25
2025-03-03,U07,zone_3,29,71.46,270,0,25
2025-03-04,U07,zone_3,31,66.63,209,0,25
2025-03-05,U07,zone_3,17,73.03,151,0,25
2025-03-06,U07,zone_3,27,71.9,175,0,25
2025-03-07,U07,zone_3,37,70.22,295,0,25
2025-03-08,U07,zone_3,58,70.17,325,0,25
2025-03-09,U07,zone_3,45,76.47,295,0,25
2025-03-10,U07,zone_3,42,66.41,251,0,25
2025-03-11,U07,zone_3,22,77.05,149,0,25
2025-03-12,U07,zone_3,22,66.66,166,0,25
2025-03-13,U07,zone_3,23,64.48,207,0,25
2025-03-14,U07,zone_3,36,68.09,278,0,25
2025-03-15,U07,zone_3,43,78.53,275,0,25
2025-03-16,U07,zone_3,58,61.63,339,0,25
2025-03-17,U07,zone_3,38,75.8,232,0,25
2025-03-18,U07,zone_3,33,65.94,184,0,25
2025-03-19,U07,zone_3,18,67.87,134,0,25
2025-03-20,U07,zone_3,28,74.79,179,1,25
2025-03-21,U07,zone_3,39,65.43,247,1,25
2025-03-22,U07,zone_3,39,76.08,280,0,25
2025-03-23,U07,zone_3,38,72.89,340,0,25
2025-03-24,U07,zone_3,32,71.57,210,0,25
2025-03-25,U07,zone_3,22,74.31,157,0,25
2025-03-26,U07,zone_3,23,64.74,144,0,25
2025-03-27,U07,zone_3,25,71.11,167,0,25
2025-03-28,U07,zone_3,36,68.13,237,0,25
2025-03-29,U07,zone_3,44,70.65,274,0,25
2025-03-30,U07,zone_3,35,73.97,279,0,25
2025-03-31,U07,zone_3,36,75.86,209,0,25
2025-04-01,U07,zone_3,13,67.76,173,0,25
2025-04-02,U07,zone_3,14,66.99,132,0,25
2025-04-03,U07,zone_3,25,73.75,154,0,25
2025-04-04,U07,zone_3,51,66.32,258,0,25
2025-04-05,U07,zone_3,39,79.77,281,0,25
2025-04-06,U07,zone_3,41,73.24,280,0,25
2025-04-07,U07,zone_3,30,75.07,211,0,25
2025-04-08,U07,zone_3,31,67.8,155,0,25
2025-04-09,U07,zone_3,14,67.89,153,0,25
2025-04-10,U07,zone_3,28,65.8,174,0,25
2025-04-11,U07,zone_3,31,66.61,244,0,25
2025-04-12,U07,zone_3,48,64.47,287,0,25
2025-04-13,U07,zone_3,38,68.49,296,0,25
2025-04-14,U07,zone_3,35,73.31,205,0,25
2025-04-15,U07,zone_3,26,71.96,154,0,25
2025-04-16,U07,zone_3,22,69.23,120,0,25
2025-04-17,U07,zone_3,34,60.16,188,0,25
2025-04-18,U07,zone_3,33,63.28,277,0,25
2025-04-19,U07,zone_3,30,74.15,243,0,25
2025-04-20,U07,zone_3,31,65.97,322,0,25
2025-04-21,U07,zone_3,30,73.33,209,0,25
2025-04-22,U07,zone_3,20,70.5,155,0,25
2025-04-23,U07,zone_3,16,71.08,106,0,25
2025-04-24,U07,zone_3,18,63.7,178,0,25
2025-04-25,U07,zone_3,32,60.63,246,0,25
2025-04-26,U07,zone_3,32,75.41,269,0,25
2025-04-27,U07,zone_3,52,77.77,284,0,25
2025-04-28,U07,zone_3,34,67.14,229,0,25
2025-04-29,U07,zone_3,15,70.04,150,1,25
2025-04-30,U07,zone_3,28,71.33,99,1,25
2025-05-01,U07,zone_3,26,67.77,175,0,25
2025-05-02,U07,zone_3,31,73.55,230,0,25
2025-05-03,U07,zone_3,32,67.22,295,0,25
2025-05-04,U07,zone_3,39,71.52,253,0,25
2025-05-05,U07,zone_3,24,68.99,210,0,25
2025-05-06,U07,zone_3,13,70.56,145,0,25
2025-05-07,U07,zone_3,20,74.61,98,0,25
2025-05-08,U07,zone_3,18,70.07,169,0,25
2025-05-09,U07,zone_3,31,63.49,251,0,25
2025-05-10,U07,zone_3,40,68.86,274,0,25
2025-05-11,U07,zone_3,32,73.38,281,0,25
2025-05-12,U07,zone_3,29,78.19,185,0,25
2025-05-13,U07,zone_3,18,73.08,154,0,25
2025-05-14,U07,zone_3,19,75.67,94,0,25
2025-05-15,U07,zone_3,30,63.1,185,0,25
2025-05-16,U07,zone_3,33,69.54,208,0,25
2025-05-17,U07,zone_3,35,65.03,300,0,25
2025-05-18,U07,zone_3,32,75.64,248,0,25
2025-05-19,U07,zone_3,39,76.34,208,0,25
2025-05-20,U07,zone_3,21,69.99,155,0,25
2025-05-21,U07,zone_3,16,75.46,130,0,25
2025-05-22,U07,zone_3,24,64.99,145,0,25
2025-05-23,U07,zone_3,31,64.42,221,0,25
2025-05-24,U07,zone_3,31,71.87,285,0,25
2025-05-25,U07,zone_3,42,72.23,252,0,25
2025-05-26,U07,zone_3,31,68.05,198,0,25
2025-05-27,U07,zone_3,28,73.9,122,0,25
2025-05-28,U07,zone_3,9,85.08,92,0,25
2025-05-29,U07,zone_3,27,66.52,158,0,25
2025-05-30,U07,zone_3,26,69.84,209,0,25
2025-05-31,U07,zone_3,42,69.03,276,0,25
2025-06-01,U07,zone_3,41,63.07,260,0,25
2025-06-02,U07,zone_3,31,66.63,212,0,25
2025-06-03,U07,zone_3,19,72.44,166,0,25
2025-06-04,U07,zone_3,19,71.37,122,0,25
2025-06-05,U07,zone_3,14,78.72,141,0,25
2025-06-06,U07,zone_3,34,62.31,229,0,25
2025-06-07,U07,zone_3,43,66.36,284,0,25
2025-06-08,U07,zone_3,36,66.44,299,1,25
2025-06-09,U07,zone_3,23,65.2,221,1,25
2025-06-10,U07,zone_3,24,68.06,167,0,25
2025-06-11,U07,zone_3,21,78.37,97,0,25
2025-06-12,U07,zone_3,20,73.23,148,0,25
2025-06-13,U07,zone_3,39,61.17,261,0,25
2025-06-14,U07,zone_3,30,71.65,250,0,25
2025-06-15,U07,zone_3,42,65.42,265,0,25
2025-06-16,U07,zone_3,35,75.57,188,0,25
2025-06-17,U07,zone_3,28,69.13,144,0,25
2025-06-18,U07,zone_3,23,70.14,110,0,25
2025-06-19,U07,zone_3,22,64.89,161,0,25
2025-06-20,U07,zone_3,31,72.66,215,0,25
2025-06-21,U07,zone_3,33,68.73,302,0,25
2025-06-22,U07,zone_3,42,73.23,273,0,25
2025-06-23,U07,zone_3,30,73.42,219,0,25
2025-06-24,U07,zone_3,22,70.44,124,0,25
2025-06-25,U07,zone_3,12,75.94,122,0,25
2025-06-26,U07,zone_3,31,63.66,178,0,25
2025-06-27,U07,zone_3,33,73.9,200,0,25
2025-06-28,U07,zone_3,35,73.08,271,0,25
2025-06-29,U07,zone_3,42,74.32,254,0,25
2025-06-30,U07,zone_3,21,78.85,192,0,25
2025-07-01,U07,zone_3,26,67.99,144,0,25
2025-07-02,U07,zone_3,26,69.09,152,0,25
2025-07-03,U07,zone_3,21,65.59,180,0,25
2025-07-04,U07,zone_3,38,67.3,237,0,25
2025-07-05,U07,zone_3,36,68.55,260,0,25
2025-07-06,U07,zone_3,32,78.23,255,0,25
2025-07-07,U07,zone_3,36,67.25,219,0,25
2025-07-08,U07,zone_3,17,74.33,137,0,25
2025-07-09,U07,zone_3,22,59.74,153,0,25
2025-07-10,U07,zone_3,23,65.65,175,0,25
2025-07-11,U07,zone_3,29,71.73,239,0,25
2025-07-12,U07,zone_3,39,64.51,326,0,25
2025-07-13,U07,zone_3,28,66.46,304,0,25
2025-07-14,U07,zone_3,32,70.39,233,0,25
2025-07-15,U07,zone_3,12,77.09,128,0,25
2025-07-16,U07,zone_3,13,70.9,119,0,25
2025-07-17,U07,zone_3,19,72.11,162,0,25
2025-07-18,U07,zone_3,34,69.36,239,1,25
2025-07-19,U07,zone_3,38,70.86,286,1,25
2025-07-20,U07,zone_3,33,76.78,256,0,25
2025-07-21,U07,zone_3,20,82.23,217,0,25
2025-07-22,U07,zone_3,20,66.72,140,0,25
2025-07-23,U07,zone_3,12,68.41,139,0,25
2025-07-24,U07,zone_3,23,70.62,172,0,25
2025-07-25,U07,zone_3,34,66.32,241,0,25
2025-07-26,U07,zone_3,42,73.79,315,0,25
2025-07-27,U07,zone_3,40,70.83,280,0,25
2025-07-28,U07,zone_3,37,65.14,251,0,25
2025-07-29,U07,zone_3,21,64.77,175,0,25
2025-07-30,U07,zone_3,23,70.68,136,0,25
2025-07-31,U07,zone_3,26,73.33,172,0,25
2025-08-01,U07,zone_3,28,69.94,254,0,25
2025-08-02,U07,zone_3,35,75.79,300,0,25
2025-08-03,U07,zone_3,60,58.93,338,0,25
2025-08-04,U07,zone_3,31,66.95,262,0,25
2025-08-05,U07,zone_3,22,68.43,161,0,25
2025-08-06,U07,zone_3,17,63.41,155,0,25
2025-08-07,U07,zone_3,26,71.49,190,0,25
2025-08-08,U07,zone_3,32,70.54,243,0,25
2025-08-09,U07,zone_3,35,65.25,303,0,25
2025-08-10,U07,zone_3,60,64.24,340,0,25
2025-08-11,U07,zone_3,37,66.59,237,0,25
2025-08-12,U07,zone_3,18,70.47,187,0,25
2025-08-13,U07,zone_3,20,70.75,144,0,25
2025-08-14,U07,zone_3,22,66.6,177,0,25
2025-08-15,U07,zone_3,40,63.24,296,0,25
2025-08-16,U07,zone_3,42,70.9,303,0,25
2025-08-17,U07,zone_3,54,67.98,323,0,25
2025-08-18,U07,zone_3,49,69.13,240,0,25
2025-08-19,U07,zone_3,22,72.39,149,0,25
2025-08-20,U07,zone_3,19,67.23,145,0,25
2025-08-21,U07,zone_3,26,70.06,162,0,25
2025-08-22,U07,zone_3,35,71.62,249,0,25
2025-08-23,U07,zone_3,35,75.97,332,0,25
2025-08-24,U07,zone_3,50,76.09,339,0,25
2025-08-25,U07,zone_3,30,74.15,251,0,25
2025-08-26,U07,zone_3,24,71.58,160,0,25
2025-08-27,U07,zone_3,30,65.77,165,1,25
2025-08-28,U07,zone_3,25,68.61,195,1,25
2025-08-29,U07,zone_3,36,61.05,290,0,25
2025-08-30,U07,zone_3,47,72.42,345,0,25
2025-08-31,U07,zone_3,43,68.24,324,0,25
2025-09-01,U07,zone_3,38,70.88,251,0,25
2025-09-02,U07,zone_3,25,73.17,163,0,25
2025-09-03,U07,zone_3,20,68.73,173,0,25
2025-09-04,U07,zone_3,23,63.29,195,0,25
2025-09-05,U07,zone_3,45,67.16,293,0,25
2025-09-06,U07,zone_3,56,69.71,375,0,25
2025-09-07,U07,zone_3,47,70.36,374,0,25
2025-09-08,U07,zone_3,34,66.66,250,0,25
2025-09-09,U07,zone_3,18,71.45,179,0,25
2025-09-10,U07,zone_3,24,71.58,159,0,25
2025-09-11,U07,zone_3,34,71.63,195,0,25
2025-09-12,U07,zone_3,42,77.95,261,0,25
2025-09-13,U07,zone_3,43,71.09,349,0,25
2025-09-14,U07,zone_3,51,69.55,352,0,25
2025-09-15,U07,zone_3,45,69.42,282,0,25
2025-09-16,U07,zone_3,26,69.34,185,0,25
2025-09-17,U07,zone_3,28,69.97,176,0,25
2025-09-18,U07,zone_3,34,66.07,216,0,25
2025-09-19,U07,zone_3,58,56.02,305,0,25
2025-09-20,U07,zone_3,45,68.17,361,0,25
2025-09-21,U07,zone_3,54,68.48,355,0,25
2025-09-22,U07,zone_3,37,69.15,279,0,25
2025-09-23,U07,zone_3,18,73.68,188,0,25
2025-09-24,U07,zone_3,30,72.81,152,0,25
2025-09-25,U07,zone_3,29,72.7,177,0,25
2025-09-26,U07,zone_3,29,79.52,284,0,25
2025-09-27,U07,zone_3,53,63.41,432,0,25
2025-09-28,U07,zone_3,47,71.96,337,0,25
2025-09-29,U07,zone_3,37,84.76,255,0,25
2025-09-30,U07,zone_3,29,72.67,187,0,25
2025-10-01,U07,zone_3,25,71.41,164,0,25
2025-10-02,U07,zone_3,25,69.53,194,0,25
2025-10-03,U07,zone_3,50,64.61,309,0,25
2025-10-04,U07,zone_3,60,67.41,360,0,25
2025-10-05,U07,zone_3,62,77.19,343,0,25
2025-10-06,U07,zone_3,37,64.09,293,1,25
2025-10-07,U07,zone_3,24,71.37,219,1,25
2025-10-08,U07,zone_3,22,70.71,171,0,25
2025-10-09,U07,zone_3,34,58.58,218,0,25
2025-10-10,U07,zone_3,46,65.13,315,0,25
2025-10-11,U07,zone_3,51,76.42,332,0,25
2025-10-12,U07,zone_3,62,68.32,367,0,25
2025-10-13,U07,zone_3,45,68.55,296,0,25
2025-10-14,U07,zone_3,28,69.14,213,0,25
2025-10-15,U07,zone_3,18,64.18,207,0,25
2025-10-16,U07,zone_3,32,67.99,243,0,25
2025-10-17,U07,zone_3,41,60.34,343,0,25
2025-10-18,U07,zone_3,53,65.23,393,0,25
2025-10-19,U07,zone_3,61,66.07,425,0,25
2025-10-20,U07,zone_3,32,74.03,293,0,25
2025-10-21,U07,zone_3,24,69.85,204,0,25
2025-10-22,U07,zone_3,30,67.21,196,0,25
2025-10-23,U07,zone_3,35,66.34,231,0,25
2025-10-24,U07,zone_3,47,71.79,346,0,25
2025-10-25,U07,zone_3,61,72.29,375,0,25
2024-09-01,U08,zone_0,36,67.21,332,1,26
2024-09-02,U08,zone_0,31,73.48,222,1,26
2024-09-03,U08,zone_0,32,65.71,196,0,26
2024-09-04,U08,zone_0,24,64.09,207,0,26
2024-09-05,U08,zone_0,34,69.67,257,0,26
2024-09-06,U08,zone_0,51,60.98,353,0,26
2024-09-07,U08,zone_0,41,66.68,415,0,26
2024-09-08,U08,zone_0,38,78.38,285,0,26
2024-09-09,U08,zone_0,28,70.89,240,0,26
2024-09-10,U08,zone_0,23,61.65,199,0,26
2024-09-11,U08,zone_0,27,69.67,185,0,26
2024-09-12,U08,zone_0,44,65.5,248,0,26
2024-09-13,U08,zone_0,37,72.95,326,0,26
2024-09-14,U08,zone_0,47,73.48,374,0,26
2024-09-15,U08,zone_0,38,69.13,358,0,26
2024-09-16,U08,zone_0,46,67.94,265,0,26
2024-09-17,U08,zone_0,22,74.17,205,0,26
2024-09-18,U08,zone_0,20,75.66,178,0,26
2024-09-19,U08,zone_0,35,76.55,235,0,26
2024-09-20,U08,zone_0,42,68.74,364,0,26
2024-09-21,U08,zone_0,61,67.18,433,0,26
2024-09-22,U08,zone_0,56,66.36,385,0,26
2024-09-23,U08,zone_0,38,61.27,254,0,26
2024-09-24,U08,zone_0,30,58.04,225,0,26
2024-09-25,U08,zone_0,22,69.74,195,0,26
2024-09-26,U08,zone_0,33,66.9,262,0,26
2024-09-27,U08,zone_0,53,65.75,385,0,26
2024-09-28,U08,zone_0,46,68.71,412,0,26
2024-09-29,U08,zone_0,44,71.17,396,0,26
2024-09-30,U08,zone_0,34,67.78,292,0,26
2024-10-01,U08,zone_0,27,74.09,162,0,26
2024-10-02,U08,zone_0,36,70.65,180,0,26
2024-10-03,U08,zone_0,28,70.23,260,0,26
2024-10-04,U08,zone_0,54,65.27,405,0,26
2024-10-05,U08,zone_0,55,68.47,441,0,26
2024-10-06,U08,zone_0,56,68.25,360,0,26
2024-10-07,U08,zone_0,36,67.16,295,0,26
2024-10-08,U08,zone_0,31,78.11,178,0,26
2024-10-09,U08,zone_0,24,78.02,189,0,26
2024-10-10,U08,zone_0,40,65.05,275,0,26
2024-10-11,U08,zone_0,39,76.12,330,1,26
2024-10-12,U08,zone_0,69,65.44,463,1,26
2024-10-13,U08,zone_0,56,67.4,404,0,26
2024-10-14,U08,zone_0,37,67.37,267,0,26
2024-10-15,U08,zone_0,33,69.45,218,0,26
2024-10-16,U08,zone_0,23,78.05,180,0,26
2024-10-17,U08,zone_0,25,83.98,230,0,26
2024-10-18,U08,zone_0,69,72.63,349,0,26
2024-10-19,U08,zone_0,63,72.88,428,0,26
2024-10-20,U08,zone_0,42,78.13,366,0,26
2024-10-21,U08,zone_0,35,67.69,272,0,26
2024-10-22,U08,zone_0,35,61.21,224,0,26
2024-10-23,U08,zone_0,27,69.27,192,0,26
2024-10-24,U08,zone_0,43,69.86,277,0,26
2024-10-25,U08,zone_0,43,76.58,340,0,26
2024-10-26,U08,zone_0,57,72.86,389,0,26
2024-10-27,U08,zone_0,64,69.06,390,0,26
2024-10-28,U08,zone_0,44,68.33,289,0,26
2024-10-29,U08,zone_0,35,66.82,195,0,26
2024-10-30,U08,zone_0,23,72.91,227,0,26
2024-10-31,U08,zone_0,35,61.1,302,0,26
2024-11-01,U08,zone_0,52,71.48,400,0,26
2024-11-02,U08,zone_0,52,74.76,398,0,26
2024-11-03,U08,zone_0,44,65.03,444,0,26
2024-11-04,U08,zone_0,38,67.76,299,0,26
2024-11-05,U08,zone_0,33,75.16,196,0,26
2024-11-06,U08,zone_0,22,68.3,207,0,26
2024-11-07,U08,zone_0,41,68.83,292,0,26
2024-11-08,U08,zone_0,71,80.49,369,0,26
2024-11-09,U08,zone_0,49,74.49,379,0,26
2024-11-10,U08,zone_0,39,76.45,348,0,26
2024-11-11,U08,zone_0,56,64.27,324,0,26
2024-11-12,U08,zone_0,25,72.84,225,0,26
2024-11-13,U08,zone_0,30,63.65,220,0,26
2024-11-14,U08,zone_0,53,66.0,289,0,26
2024-11-15,U08,zone_0,50,66.91,370,0,26
2024-11-16,U08,zone_0,57,79.55,397,0,26
2024-11-17,U08,zone_0,61,76.94,402,0,26
2024-11-18,U08,zone_0,44,65.65,307,0,26
2024-11-19,U08,zone_0,28,69.56,193,0,26
2024-11-20,U08,zone_0,26,69.91,209,1,26
2024-11-21,U08,zone_0,35,63.49,294,1,26
2024-11-22,U08,zone_0,46,76.89,336,0,26
2024-11-23,U08,zone_0,62,78.69,418,0,26
2024-11-24,U08,zone_0,60,70.83,399,0,26
2024-11-25,U08,zone_0,56,68.28,327,0,26
2024-11-26,U08,zone_0,26,76.04,190,0,26
2024-11-27,U08,zone_0,23,70.61,166,0,26
2024-11-28,U08,zone_0,35,70.32,303,0,26
2024-11-29,U08,zone_0,50,78.51,342,0,26
2024-11-30,U08,zone_0,61,77.68,410,0,26
2024-12-01,U08,zone_0,58,69.92,415,0,26
2024-12-02,U08,zone_0,30,77.86,287,0,26
2024-12-03,U08,zone_0,45,76.01,177,0,26
2024-12-04,U08,zone_0,28,64.88,211,0,26
2024-12-05,U08,zone_0,47,70.97,268,0,26
2024-12-06,U08,zone_0,65,74.78,402,0,26
2024-12-07,U08,zone_0,45,80.82,374,0,26
2024-12-08,U08,zone_0,45,73.62,400,0,26
2024-12-09,U08,zone_0,41,76.2,259,0,26
2024-12-10,U08,zone_0,26,64.48,250,0,26
2024-12-11,U08,zone_0,29,73.15,192,0,26
2024-12-12,U08,zone_0,45,67.06,301,0,26
2024-12-13,U08,zone_0,63,61.55,417,0,26
2024-12-14,U08,zone_0,62,65.8,453,0,26
2024-12-15,U08,zone_0,53,73.2,400,0,26
2024-12-16,U08,zone_0,47,74.44,263,0,26
2024-12-17,U08,zone_0,26,73.52,224,0,26
2024-12-18,U08,zone_0,29,66.58,207,0,26
2024-12-19,U08,zone_0,38,74.29,293,0,26
2024-12-20,U08,zone_0,60,65.84,421,0,26
2024-12-21,U08,zone_0,61,63.97,481,0,26
2024-12-22,U08,zone_0,58,76.1,361,0,26
2024-12-23,U08,zone_0,51,67.44,298,0,26
2024-12-24,U08,zone_0,31,73.77,215,0,26
2024-12-25,U08,zone_0,28,60.16,236,0,26
2024-12-26,U08,zone_0,37,78.03,252,0,26
2024-12-27,U08,zone_0,48,73.11,385,0,26
2024-12-28,U08,zone_0,67,63.98,493,0,26
2024-12-29,U08,zone_0,54,62.38,446,0,26
2024-12-30,U08,zone_0,39,67.77,283,1,26
2024-12-31,U08,zone_0,26,76.04,182,1,26
2025-01-01,U08,zone_0,36,68.14,174,0,26
2025-01-02,U08,zone_0,37,76.56,256,0,26
2025-01-03,U08,zone_0,53,80.2,356,0,26
2025-01-04,U08,zone_0,64,66.59,451,0,26
2025-01-05,U08,zone_0,59,66.81,401,0,26
2025-01-06,U08,zone_0,38,68.6,293,0,26
2025-01-07,U08,zone_0,26,76.16,167,0,26
2025-01-08,U08,zone_0,24,63.18,238,0,26
2025-01-09,U08,zone_0,39,59.5,277,0,26
2025-01-10,U08,zone_0,53,63.02,411,0,26
2025-01-11,U08,zone_0,60,67.52,468,0,26
2025-01-12,U08,zone_0,61,64.19,392,0,26
2025-01-13,U08,zone_0,36,75.16,265,0,26
2025-01-14,U08,zone_0,25,66.26,222,0,26
2025-01-15,U08,zone_0,28,68.58,195,0,26
2025-01-16,U08,zone_0,38,71.83,263,0,26
2025-01-17,U08,zone_0,62,66.71,393,0,26
2025-01-18,U08,zone_0,63,71.55,428,0,26
2025-01-19,U08,zone_0,49,79.5,355,0,26
2025-01-20,U08,zone_0,42,64.04,296,0,26
2025-01-21,U08,zone_0,28,70.03,187,0,26
2025-01-22,U08,zone_0,24,72.71,173,0,26
2025-01-23,U08,zone_0,33,68.25,275,0,26
2025-01-24,U08,zone_0,38,70.2,361,0,26
2025-01-25,U08,zone_0,65,63.43,436,0,26
2025-01-26,U08,zone_0,62,67.37,347,0,26
2025-01-27,U08,zone_0,41,60.98,262,0,26
2025-01-28,U08,zone_0,27,69.9,195,0,26
2025-01-29,U08,zone_0,27,71.03,203,0,26
2025-01-30,U08,zone_0,41,66.28,256,0,26
2025-01-31,U08,zone_0,57,70.51,372,0,26
2025-02-01,U08,zone_0,50,75.26,368,0,26
2025-02-02,U08,zone_0,47,69.08,397,0,26
2025-02-03,U08,zone_0,34,72.33,281,0,26
2025-02-04,U08,zone_0,29,61.9,220,0,26
2025-02-05,U08,zone_0,27,81.68,159,0,26
2025-02-06,U08,zone_0,27,69.62,251,0,26
2025-02-07,U08,zone_0,65,61.59,382,0,26
2025-02-08,U08,zone_0,60,71.87,406,1,26
2025-02-09,U08,zone_0,54,71.66,351,1,26
2025-02-10,U08,zone_0,44,64.99,279,0,26
2025-02-11,U08,zone_0,29,75.27,185,0,26
2025-02-12,U08,zone_0,20,62.93,185,0,26
2025-02-13,U08,zone_0,43,65.04,273,0,26
2025-02-14,U08,zone_0,46,67.4,365,0,26
2025-02-15,U08,zone_0,49,75.34,380,0,26
2025-02-16,U08,zone_0,54,62.17,371,0,26
2025-02-17,U08,zone_0,46,62.82,298,0,26
2025-02-18,U08,zone_0,27,67.54,204,0,26
2025-02-19,U08,zone_0,27,66.31,183,0,26
2025-02-20,U08,zone_0,27,62.79,242,0,26
2025-02-21,U08,zone_0,58,72.94,309,0,26
2025-02-22,U08,zone_0,48,56.94,424,0,26
2025-02-23,U08,zone_0,61,64.62,402,0,26
2025-02-24,U08,zone_0,28,73.05,234,0,26
2025-02-25,U08,zone_0,26,72.25,152,0,26
2025-02-26,U08,zone_0,29,68.88,176,0,26
2025-02-27,U08,zone_0,40,63.09,257,0,26
2025-02-28,U08,zone_0,49,65.2,354,0,26
2025-03-01,U08,zone_0,46,78.05,363,0,26
2025-03-02,U08,zone_0,52,70.91,332,0,26
2025-03-03,U08,zone_0,31,68.55,265,0,26
2025-03-04,U08,zone_0,21,65.97,153,0,26
2025-03-05,U08,zone_0,24,63.6,160,0,26
2025-03-06,U08,zone_0,37,76.6,207,0,26
2025-03-07,U08,zone_0,59,73.2,365,0,26
2025-03-08,U08,zone_0,61,63.65,379,0,26
2025-03-09,U08,zone_0,55,74.27,307,0,26
2025-03-10,U08,zone_0,41,69.62,233,0,26
2025-03-11,U08,zone_0,21,74.48,154,0,26
2025-03-12,U08,zone_0,21,65.43,171,0,26
2025-03-13,U08,zone_0,23,72.64,217,0,26
2025-03-14,U08,zone_0,36,68.17,306,0,26
2025-03-15,U08,zone_0,55,67.55,325,0,26
2025-03-16,U08,zone_0,50,64.23,376,0,26
2025-03-17,U08,zone_0,39,74.93,211,0,26
2025-03-18,U08,zone_0,28,65.96,172,0,26
2025-03-19,U08,zone_0,28,67.86,162,0,26
2025-03-20,U08,zone_0,34,67.86,208,1,26
2025-03-21,U08,zone_0,37,73.5,269,1,26
2025-03-22,U08,zone_0,38,69.85,352,0,26
2025-03-23,U08,zone_0,50,66.41,318,0,26
2025-03-24,U08,zone_0,31,65.39,255,0,26
2025-03-25,U08,zone_0,20,69.88,165,0,26
2025-03-26,U08,zone_0,22,72.22,157,0,26
2025-03-27,U08,zone_0,38,63.35,250,0,26
2025-03-28,U08,zone_0,51,65.24,345,0,26
2025-03-29,U08,zone_0,47,70.03,355,0,26
2025-03-30,U08,zone_0,49,71.6,292,0,26
2025-03-31,U08,zone_0,25,74.96,208,0,26
2025-04-01,U08,zone_0,23,72.7,154,0,26
2025-04-02,U08,zone_0,20,70.63,122,0,26
2025-04-03,U08,zone_0,36,64.92,229,0,26
2025-04-04,U08,zone_0,40,76.7,233,0,26
2025-04-05,U08,zone_0,51,77.71,296,0,26
2025-04-06,U08,zone_0,47,66.96,301,0,26
2025-04-07,U08,zone_0,29,70.59,209,0,26
2025-04-08,U08,zone_0,25,68.23,141,0,26
2025-04-09,U08,zone_0,11,66.46,151,0,26
2025-04-10,U08,zone_0,24,70.31,200,0,26
2025-04-11,U08,zone_0,42,71.02,297,0,26
2025-04-12,U08,zone_0,49,81.16,264,0,26
2025-04-13,U08,zone_0,43,68.73,330,0,26
2025-04-14,U08,zone_0,23,70.05,228,0,26
2025-04-15,U08,zone_0,25,73.75,117,0,26
2025-04-16,U08,zone_0,27,60.82,171,0,26
2025-04-17,U08,zone_0,32,70.8,209,0,26
2025-04-18,U08,zone_0,39,76.74,257,0,26
2025-04-19,U08,zone_0,53,66.08,322,0,26
2025-04-20,U08,zone_0,52,71.79,330,0,26
2025-04-21,U08,zone_0,32,71.18,225,0,26
2025-04-22,U08,zone_0,24,70.04,153,0,26
2025-04-23,U08,zone_0,12,79.76,131,0,26
2025-04-24,U08,zone_0,29,62.79,220,0,26
2025-04-25,U08,zone_0,46,69.21,264,0,26
2025-04-26,U08,zone_0,43,65.93,316,0,26
2025-04-27,U08,zone_0,37,70.41,306,0,26
2025-04-28,U08,zone_0,23,70.58,220,0,26
2025-04-29,U08,zone_0,18,69.7,137,1,26
2025-04-30,U08,zone_0,14,78.84,114,1,26
2025-05-01,U08,zone_0,23,73.76,208,0,26
2025-05-02,U08,zone_0,31,69.91,258,0,26
2025-05-03,U08,zone_0,55,69.07,312,0,26
2025-05-04,U08,zone_0,46,68.35,261,0,26
2025-05-05,U08,zone_0,35,61.31,257,0,26
2025-05-06,U08,zone_0,28,77.53,132,0,26
2025-05-07,U08,zone_0,25,76.05,135,0,26
2025-05-08,U08,zone_0,30,66.74,205,0,26
2025-05-09,U08,zone_0,31,74.25,236,0,26
2025-05-10,U08,zone_0,31,72.65,291,0,26
2025-05-11,U08,zone_0,39,66.53,283,0,26
2025-05-12,U08,zone_0,35,72.39,171,0,26
2025-05-13,U08,zone_0,21,71.2,132,0,26
2025-05-14,U08,zone_0,14,66.84,118,0,26
2025-05-15,U08,zone_0,27,75.97,165,0,26
2025-05-16,U08,zone_0,40,75.95,250,0,26
2025-05-17,U08,zone_0,37,75.91,300,0,26
2025-05-18,U08,zone_0,43,71.26,270,0,26
2025-05-19,U08,zone_0,25,67.74,218,0,26
2025-05-20,U08,zone_0,23,69.56,140,0,26
2025-05-21,U08,zone_0,22,72.37,126,0,26
2025-05-22,U08,zone_0,28,66.3,216,0,26
2025-05-23,U08,zone_0,37,70.77,269,0,26
2025-05-24,U08,zone_0,41,69.09,295,0,26
2025-05-25,U08,zone_0,31,82.91,216,0,26
2025-05-26,U08,zone_0,31,70.9,192,0,26
2025-05-27,U08,zone_0,29,66.73,147,0,26
2025-05-28,U08,zone_0,21,59.16,175,0,26
2025-05-29,U08,zone_0,21,70.56,192,0,26
2025-05-30,U08,zone_0,37,64.13,284,0,26
2025-05-31,U08,zone_0,42,73.64,282,0,26
2025-06-01,U08,zone_0,40,64.62,291,0,26
2025-06-02,U08,zone_0,28,72.32,168,0,26
2025-06-03,U08,zone_0,19,71.1,149,0,26
2025-06-04,U08,zone_0,19,67.67,140,0,26
2025-06-05,U08,zone_0,32,68.74,203,0,26
2025-06-06,U08,zone_0,43,72.93,252,0,26
2025-06-07,U08,zone_0,57,61.62,347,0,26
2025-06-08,U08,zone_0,40,65.53,273,1,26
2025-06-09,U08,zone_0,33,71.52,173,1,26
2025-06-10,U08,zone_0,15,62.35,146,0,26
2025-06-11,U08,zone_0,26,65.5,148,0,26
2025-06-12,U08,zone_0,26,78.63,169,0,26
2025-06-13,U08,zone_0,41,68.73,268,0,26
2025-06-14,U08,zone_0,44,64.04,323,0,26
2025-06-15,U08,zone_0,43,80.57,270,0,26
2025-06-16,U08,zone_0,25,69.41,208,0,26
2025-06-17,U08,zone_0,12,66.73,154,0,26
2025-06-18,U08,zone_0,19,73.65,136,0,26
2025-06-19,U08,zone_0,26,73.84,204,0,26
2025-06-20,U08,zone_0,35,68.03,250,0,26
2025-06-21,U08,zone_0,36,63.96,321,0,26
2025-06-22,U08,zone_0,36,79.51,244,0,26
2025-06-23,U08,zone_0,27,74.65,180,0,26
2025-06-24,U08,zone_0,16,69.58,128,0,26
2025-06-25,U08,zone_0,16,76.99,133,0,26
2025-06-26,U08,zone_0,26,76.52,186,0,26
2025-06-27,U08,zone_0,40,65.73,286,0,26
2025-06-28,U08,zone_0,43,74.0,290,0,26
2025-06-29,U08,zone_0,36,63.47,283,0,26
2025-06-30,U08,zone_0,24,66.26,258,0,26
2025-07-01,U08,zone_0,17,73.93,138,0,26
2025-07-02,U08,zone_0,19,65.45,161,0,26
2025-07-03,U08,zone_0,29,77.07,192,0,26
2025-07-04,U08,zone_0,41,75.09,290,0,26
2025-07-05,U08,zone_0,55,55.86,375,0,26
2025-07-06,U08,zone_0,32,67.46,284,0,26
2025-07-07,U08,zone_0,25,75.86,187,0,26
2025-07-08,U08,zone_0,27,70.74,128,0,26
2025-07-09,U08,zone_0,18,70.78,121,0,26
2025-07-10,U08,zone_0,20,69.01,162,0,26
2025-07-11,U08,zone_0,31,70.99,291,0,26
2025-07-12,U08,zone_0,37,69.32,294,0,26
2025-07-13,U08,zone_0,35,68.88,309,0,26
2025-07-14,U08,zone_0,20,72.18,211,0,26
2025-07-15,U08,zone_0,21,70.22,142,0,26
2025-07-16,U08,zone_0,22,69.26,146,0,26
2025-07-17,U08,zone_0,21,68.09,187,0,26
2025-07-18,U08,zone_0,38,70.75,303,1,26
2025-07-19,U08,zone_0,48,72.68,316,1,26
2025-07-20,U08,zone_0,35,69.49,311,0,26
2025-07-21,U08,zone_0,26,76.72,215,0,26
2025-07-22,U08,zone_0,21,62.46,166,0,26
2025-07-23,U08,zone_0,24,68.49,156,0,26
2025-07-24,U08,zone_0,33,77.28,165,0,26
2025-07-25,U08,zone_0,29,67.66,289,0,26
2025-07-26,U08,zone_0,53,75.62,293,0,26
2025-07-27,U08,zone_0,40,71.81,323,0,26
2025-07-28,U08,zone_0,29,71.19,230,0,26
2025-07-29,U08,zone_0,23,67.28,153,0,26
2025-07-30,U08,zone_0,19,73.43,163,0,26
2025-07-31,U08,zone_0,25,72.69,224,0,26
2025-08-01,U08,zone_0,51,65.4,287,0,26
2025-08-02,U08,zone_0,38,71.07,320,0,26
2025-08-03,U08,zone_0,51,67.56,296,0,26
2025-08-04,U08,zone_0,28,70.77,224,0,26
2025-08-05,U08,zone_0,17,67.05,172,0,26
2025-08-06,U08,zone_0,24,68.78,160,0,26
2025-08-07,U08,zone_0,28,64.59,220,0,26
2025-08-08,U08,zone_0,36,69.01,295,0,26
2025-08-09,U08,zone_0,45,70.5,311,0,26
2025-08-10,U08,zone_0,38,74.48,318,0,26
2025-08-11,U08,zone_0,35,68.57,230,0,26
2025-08-12,U08,zone_0,19,74.2,160,0,26
2025-08-13,U08,zone_0,23,62.64,185,0,26
2025-08-14,U08,zone_0,26,71.7,183,0,26
2025-08-15,U08,zone_0,46,64.0,337,0,26
2025-08-16,U08,zone_0,57,72.21,382,0,26
2025-08-17,U08,zone_0,49,75.98,303,0,26
2025-08-18,U08,zone_0,39,74.26,225,0,26
2025-08-19,U08,zone_0,20,74.32,156,0,26
2025-08-20,U08,zone_0,30,76.84,152,0,26
2025-08-21,U08,zone_0,41,63.93,254,0,26
2025-08-22,U08,zone_0,40,67.04,329,0,26
2025-08-23,U08,zone_0,47,73.34,364,0,26
2025-08-24,U08,zone_0,55,62.25,353,0,26
2025-08-25,U08,zone_0,47,61.61,279,0,26
2025-08-26,U08,zone_0,20,70.17,146,0,26
2025-08-27,U08,zone_0,31,69.05,163,1,26
2025-08-28,U08,zone_0,30,71.55,224,1,26
2025-08-29,U08,zone_0,45,74.06,299,0,26
2025-08-30,U08,zone_0,62,61.41,431,0,26
2025-08-31,U08,zone_0,45,69.84,326,0,26
2025-09-01,U08,zone_0,42,63.77,267,0,26
2025-09-02,U08,zone_0,21,76.68,163,0,26
2025-09-03,U08,zone_0,24,68.97,195,0,26
2025-09-04,U08,zone_0,33,75.37,232,0,26
2025-09-05,U08,zone_0,61,71.43,334,0,26
2025-09-06,U08,zone_0,51,71.69,386,0,26
2025-09-07,U08,zone_0,65,63.94,390,0,26
2025-09-08,U08,zone_0,30,71.03,225,0,26
2025-09-09,U08,zone_0,27,60.95,224,0,26
2025-09-10,U08,zone_0,34,68.55,179,0,26
2025-09-11,U08,zone_0,35,65.52,236,0,26
2025-09-12,U08,zone_0,59,64.05,347,0,26
2025-09-13,U08,zone_0,58,66.65,431,0,26
2025-09-14,U08,zone_0,28,74.73,319,0,26
2025-09-15,U08,zone_0,34,62.72,281,0,26
2025-09-16,U08,zone_0,27,77.67,143,0,26
2025-09-17,U08,zone_0,23,66.17,175,0,26
2025-09-18,U08,zone_0,30,66.83,256,0,26
2025-09-19,U08,zone_0,47,71.48,341,0,26
2025-09-20,U08,zone_0,46,72.88,396,0,26
2025-09-21,U08,zone_0,53,61.6,399,0,26
2025-09-22,U08,zone_0,31,75.68,236,0,26
2025-09-23,U08,zone_0,31,65.11,208,0,26
2025-09-24,U08,zone_0,35,67.96,158,0,26
2025-09-25,U08,zone_0,35,69.47,240,0,26
2025-09-26,U08,zone_0,45,80.38,327,0,26
2025-09-27,U08,zone_0,57,74.12,391,0,26
2025-09-28,U08,zone_0,48,75.81,344,0,26
2025-09-29,U08,zone_0,47,68.51,283,0,26
2025-09-30,U08,zone_0,30,71.52,160,0,26
2025-10-01,U08,zone_0,26,65.46,177,0,26
2025-10-02,U08,zone_0,32,67.31,264,0,26
2025-10-03,U08,zone_0,47,72.55,338,0,26
2025-10-04,U08,zone_0,48,72.08,421,0,26
2025-10-05,U08,zone_0,51,70.76,335,0,26
2025-10-06,U08,zone_0,42,72.07,285,1,26
2025-10-07,U08,zone_0,23,75.58,187,1,26
2025-10-08,U08,zone_0,26,70.74,166,0,26
2025-10-09,U08,zone_0,51,64.98,267,0,26
2025-10-10,U08,zone_0,53,69.6,365,0,26
2025-10-11,U08,zone_0,67,66.22,442,0,26
2025-10-12,U08,zone_0,50,78.56,358,0,26
2025-10-13,U08,zone_0,36,68.56,286,0,26
2025-10-14,U08,zone_0,33,68.62,170,0,26
2025-10-15,U08,zone_0,34,72.21,212,0,26
2025-10-16,U08,zone_0,33,68.03,254,0,26
2025-10-17,U08,zone_0,61,64.33,382,0,26
2025-10-18,U08,zone_0,69,63.4,446,0,26
2025-10-19,U08,zone_0,52,65.87,408,0,26
2025-10-20,U08,zone_0,44,69.82,294,0,26
2025-10-21,U08,zone_0,30,67.32,230,0,26
2025-10-22,U08,zone_0,23,79.77,167,0,26
2025-10-23,U08,zone_0,48,65.38,287,0,26
2025-10-24,U08,zone_0,45,76.91,296,0,26
2025-10-25,U08,zone_0,54,68.73,416,0,26
2024-09-01,U09,zone_1,41,76.99,329,1,27
2024-09-02,U09,zone_1,36,67.49,221,1,27
2024-09-03,U09,zone_1,28,66.28,198,0,27
2024-09-04,U09,zone_1,31,65.43,197,0,27
2024-09-05,U09,zone_1,49,65.4,312,0,27
2024-09-06,U09,zone_1,58,72.43,380,0,27
2024-09-07,U09,zone_1,69,70.3,406,0,27
2024-09-08,U09,zone_1,53,73.34,350,0,27
2024-09-09,U09,zone_1,34,64.91,268,0,27
2024-09-10,U09,zone_1,16,73.68,162,0,27
2024-09-11,U09,zone_1,30,69.95,202,0,27
2024-09-12,U09,zone_1,38,75.53,270,0,27
2024-09-13,U09,zone_1,47,71.22,361,0,27
2024-09-14,U09,zone_1,59,66.95,425,0,27
2024-09-15,U09,zone_1,44,67.27,354,0,27
2024-09-16,U09,zone_1,26,77.53,208,0,27
2024-09-17,U09,zone_1,26,75.76,182,0,27
2024-09-18,U09,zone_1,25,72.44,192,0,27
2024-09-19,U09,zone_1,62,63.25,369,0,27
2024-09-20,U09,zone_1,67,66.9,423,0,27
2024-09-21,U09,zone_1,63,66.3,437,0,27
2024-09-22,U09,zone_1,59,61.54,433,0,27
2024-09-23,U09,zone_1,32,59.25,317,0,27
2024-09-24,U09,zone_1,26,75.18,202,0,27
2024-09-25,U09,zone_1,35,72.81,190,0,27
2024-09-26,U09,zone_1,42,66.17,304,0,27
2024-09-27,U09,zone_1,52,77.55,353,0,27
2024-09-28,U09,zone_1,59,73.39,407,0,27
2024-09-29,U09,zone_1,51,62.7,390,0,27
2024-09-30,U09,zone_1,40,72.49,212,0,27
2024-10-01,U09,zone_1,38,61.24,208,0,27
2024-10-02,U09,zone_1,20,73.05,201,0,27
2024-10-03,U09,zone_1,47,67.45,339,0,27
2024-10-04,U09,zone_1,69,69.05,412,0,27
2024-10-05,U09,zone_1,60,78.4,413,0,27
2024-10-06,U09,zone_1,50,64.47,399,0,27
2024-10-07,U09,zone_1,33,63.81,280,0,27
2024-10-08,U09,zone_1,25,74.15,185,0,27
2024-10-09,U09,zone_1,26,76.14,229,0,27
2024-10-10,U09,zone_1,50,63.21,350,0,27
2024-10-11,U09,zone_1,63,66.55,409,1,27
2024-10-12,U09,zone_1,70,62.75,481,1,27
2024-10-13,U09,zone_1,46,69.41,393,0,27
2024-10-14,U09,zone_1,47,72.5,241,0,27
2024-10-15,U09,zone_1,23,73.93,196,0,27
2024-10-16,U09,zone_1,25,74.33,205,0,27
2024-10-17,U09,zone_1,57,70.95,372,0,27
2024-10-18,U09,zone_1,48,74.54,423,0,27
2024-10-19,U09,zone_1,62,75.52,411,0,27
2024-10-20,U09,zone_1,69,73.85,370,0,27
2024-10-21,U09,zone_1,28,74.27,273,0,27
2024-10-22,U09,zone_1,24,76.35,178,0,27
2024-10-23,U09,zone_1,48,65.22,252,0,27
2024-10-24,U09,zone_1,57,77.0,322,0,27
2024-10-25,U09,zone_1,71,65.54,440,0,27
2024-10-26,U09,zone_1,64,68.66,483,0,27
2024-10-27,U09,zone_1,67,69.08,366,0,27
2024-10-28,U09,zone_1,42,67.63,273,0,27
2024-10-29,U09,zone_1,20,76.21,195,0,27
2024-10-30,U09,zone_1,41,66.6,214,0,27
2024-10-31,U09,zone_1,46,69.98,338,0,27
2024-11-01,U09,zone_1,77,63.95,491,0,27
2024-11-02,U09,zone_1,67,74.32,452,0,27
2024-11-03,U09,zone_1,57,67.22,409,0,27
2024-11-04,U09,zone_1,41,63.69,306,0,27
2024-11-05,U09,zone_1,24,72.38,216,0,27
2024-11-06,U09,zone_1,24,74.45,238,0,27
2024-11-07,U09,zone_1,50,56.68,395,0,27
2024-11-08,U09,zone_1,76,63.62,474,0,27
2024-11-09,U09,zone_1,71,64.2,561,0,27
2024-11-10,U09,zone_1,55,73.74,397,0,27
2024-11-11,U09,zone_1,31,64.82,316,0,27
2024-11-12,U09,zone_1,34,70.72,211,0,27
2024-11-13,U09,zone_1,44,70.1,263,0,27
2024-11-14,U09,zone_1,45,79.65,312,0,27
2024-11-15,U09,zone_1,58,71.06,436,0,27
2024-11-16,U09,zone_1,66,67.66,509,0,27
2024-11-17,U09,zone_1,75,66.31,417,0,27
2024-11-18,U09,zone_1,40,68.89,272,0,27
2024-11-19,U09,zone_1,21,70.64,205,0,27
2024-11-20,U09,zone_1,38,73.11,215,1,27
2024-11-21,U09,zone_1,56,64.78,376,1,27
2024-11-22,U09,zone_1,58,73.83,422,0,27
2024-11-23,U09,zone_1,75,66.74,478,0,27
2024-11-24,U09,zone_1,59,66.51,422,0,27
2024-11-25,U09,zone_1,35,72.03,284,0,27
2024-11-26,U09,zone_1,21,71.53,228,0,27
2024-11-27,U09,zone_1,40,67.62,260,0,27
2024-11-28,U09,zone_1,51,72.94,375,0,27
2024-11-29,U09,zone_1,63,76.79,405,0,27
2024-11-30,U09,zone_1,65,74.85,449,0,27
2024-12-01,U09,zone_1,47,72.2,422,0,27
2024-12-02,U09,zone_1,31,71.61,282,0,27
2024-12-03,U09,zone_1,26,69.9,224,0,27
2024-12-04,U09,zone_1,41,75.63,239,0,27
2024-12-05,U09,zone_1,57,62.8,371,0,27
2024-12-06,U09,zone_1,72,72.53,416,0,27
2024-12-07,U09,zone_1,70,66.78,483,0,27
2024-12-08,U09,zone_1,63,74.06,382,0,27
2024-12-09,U09,zone_1,26,68.85,287,0,27
2024-12-10,U09,zone_1,26,66.58,202,0,27
2024-12-11,U09,zone_1,38,74.54,189,0,27
2024-12-12,U09,zone_1,55,57.88,418,0,27
2024-12-13,U09,zone_1,62,76.89,451,0,27
2024-12-14,U09,zone_1,68,70.37,472,0,27
2024-12-15,U09,zone_1,56,81.68,379,0,27
2024-12-16,U09,zone_1,54,55.73,386,0,27
2024-12-17,U09,zone_1,26,63.9,227,0,27
2024-12-18,U09,zone_1,37,70.81,221,0,27
2024-12-19,U09,zone_1,56,67.53,329,0,27
2024-12-20,U09,zone_1,64,70.55,449,0,27
2024-12-21,U09,zone_1,64,64.46,529,0,27
2024-12-22,U09,zone_1,49,73.1,372,0,27
2024-12-23,U09,zone_1,43,66.14,313,0,27
2024-12-24,U09,zone_1,24,66.9,210,0,27
2024-12-25,U09,zone_1,40,59.54,265,0,27
2024-12-26,U09,zone_1,35,68.3,353,0,27
2024-12-27,U09,zone_1,93,59.83,527,0,27
2024-12-28,U09,zone_1,73,66.53,506,0,27
2024-12-29,U09,zone_1,45,72.27,369,0,27
2024-12-30,U09,zone_1,43,71.69,284,1,27
2024-12-31,U09,zone_1,38,72.66,200,1,27
2025-01-01,U09,zone_1,31,62.62,264,0,27
2025-01-02,U09,zone_1,41,65.79,342,0,27
2025-01-03,U09,zone_1,55,71.71,466,0,27
2025-01-04,U09,zone_1,75,67.74,446,0,27
2025-01-05,U09,zone_1,75,66.71,400,0,27
2025-01-06,U09,zone_1,46,60.71,330,0,27
2025-01-07,U09,zone_1,22,74.69,184,0,27
2025-01-08,U09,zone_1,29,78.92,218,0,27
2025-01-09,U09,zone_1,67,62.88,394,0,27
2025-01-10,U09,zone_1,61,69.29,462,0,27
2025-01-11,U09,zone_1,56,74.42,456,0,27
2025-01-12,U09,zone_1,51,69.59,410,0,27
2025-01-13,U09,zone_1,48,60.69,299,0,27
2025-01-14,U09,zone_1,33,63.0,216,0,27
2025-01-15,U09,zone_1,38,79.7,209,0,27
2025-01-16,U09,zone_1,41,64.9,363,0,27
2025-01-17,U09,zone_1,60,69.28,489,0,27
2025-01-18,U09,zone_1,62,73.05,446,0,27
2025-01-19,U09,zone_1,53,68.87,388,0,27
2025-01-20,U09,zone_1,33,75.23,268,0,27
2025-01-21,U09,zone_1,25,61.17,211,0,27
2025-01-22,U09,zone_1,32,67.25,221,0,27
2025-01-23,U09,zone_1,34,73.24,355,0,27
2025-01-24,U09,zone_1,73,72.24,394,0,27
2025-01-25,U09,zone_1,71,65.15,530,0,27
2025-01-26,U09,zone_1,43,74.8,345,0,27
2025-01-27,U09,zone_1,34,82.17,228,0,27
2025-01-28,U09,zone_1,37,62.84,211,0,27
2025-01-29,U09,zone_1,33,71.44,214,0,27
2025-01-30,U09,zone_1,58,68.08,343,0,27
2025-01-31,U09,zone_1,61,62.61,433,0,27
2025-02-01,U09,zone_1,61,60.76,500,0,27
2025-02-02,U09,zone_1,49,72.04,338,0,27
2025-02-03,U09,zone_1,31,68.54,280,0,27
2025-02-04,U09,zone_1,33,60.05,234,0,27
2025-02-05,U09,zone_1,31,65.55,246,0,27
2025-02-06,U09,zone_1,47,69.46,316,0,27
2025-02-07,U09,zone_1,54,69.77,393,0,27
2025-02-08,U09,zone_1,74,70.76,428,1,27
2025-02-09,U09,zone_1,52,79.58,326,1,27
2025-02-10,U09,zone_1,31,77.57,219,0,27
2025-02-11,U09,zone_1,32,72.03,181,0,27
2025-02-12,U09,zone_1,31,70.58,207,0,27
2025-02-13,U09,zone_1,40,78.87,275,0,27
2025-02-14,U09,zone_1,63,63.54,442,0,27
2025-02-15,U09,zone_1,45,80.17,366,0,27
2025-02-16,U09,zone_1,56,62.37,384,0,27
2025-02-17,U09,zone_1,31,65.82,278,0,27
2025-02-18,U09,zone_1,30,71.72,165,0,27
2025-02-19,U09,zone_1,29,75.42,226,0,27
2025-02-20,U09,zone_1,43,82.02,257,0,27
2025-02-21,U09,zone_1,40,78.64,358,0,27
2025-02-22,U09,zone_1,58,72.36,366,0,27
2025-02-23,U09,zone_1,49,73.1,358,0,27
2025-02-24,U09,zone_1,31,65.08,260,0,27
2025-02-25,U09,zone_1,21,71.63,166,0,27
2025-02-26,U09,zone_1,32,74.61,207,0,27
2025-02-27,U09,zone_1,24,75.2,309,0,27
2025-02-28,U09,zone_1,49,73.89,372,0,27
2025-03-01,U09,zone_1,52,68.63,406,0,27
2025-03-02,U09,zone_1,58,69.85,340,0,27
2025-03-03,U09,zone_1,23,75.74,219,0,27
2025-03-04,U09,zone_1,22,78.75,180,0,27
2025-03-05,U09,zone_1,37,64.55,194,0,27
2025-03-06,U09,zone_1,39,72.71,280,0,27
2025-03-07,U09,zone_1,50,70.49,380,0,27
2025-03-08,U09,zone_1,47,70.48,375,0,27
2025-03-09,U09,zone_1,39,77.29,314,0,27
2025-03-10,U09,zone_1,28,59.57,263,0,27
2025-03-11,U09,zone_1,25,75.54,139,0,27
2025-03-12,U09,zone_1,27,78.05,159,0,27
2025-03-13,U09,zone_1,46,57.5,342,0,27
2025-03-14,U09,zone_1,56,68.48,347,0,27
2025-03-15,U09,zone_1,60,67.86,375,0,27
2025-03-16,U09,zone_1,49,71.51,285,0,27
2025-03-17,U09,zone_1,35,66.97,241,0,27
2025-03-18,U09,zone_1,25,65.3,168,0,27
2025-03-19,U09,zone_1,33,56.52,214,0,27
2025-03-20,U09,zone_1,35,73.01,238,1,27
2025-03-21,U09,zone_1,52,70.89,380,1,27
2025-03-22,U09,zone_1,40,81.24,307,0,27
2025-03-23,U09,zone_1,65,59.37,379,0,27
2025-03-24,U09,zone_1,30,66.03,225,0,27
2025-03-25,U09,zone_1,22,72.35,149,0,27
2025-03-26,U09,zone_1,31,71.03,162,0,27
2025-03-27,U09,zone_1,30,70.17,271,0,27
2025-03-28,U09,zone_1,46,71.33,354,0,27
2025-03-29,U09,zone_1,48,66.93,389,0,27
2025-03-30,U09,zone_1,48,76.19,299,0,27
2025-03-31,U09,zone_1,22,71.28,211,0,27
2025-04-01,U09,zone_1,16,72.27,160,0,27
2025-04-02,U09,zone_1,31,68.26,206,0,27
2025-04-03,U09,zone_1,49,74.27,218,0,27
2025-04-04,U09,zone_1,58,63.66,352,0,27
2025-04-05,U09,zone_1,54,72.79,389,0,27
2025-04-06,U09,zone_1,55,65.65,326,0,27
2025-04-07,U09,zone_1,33,55.27,222,0,27
2025-04-08,U09,zone_1,19,62.22,170,0,27
2025-04-09,U09,zone_1,25,80.05,163,0,27
2025-04-10,U09,zone_1,45,73.46,261,0,27
2025-04-11,U09,zone_1,44,76.97,307,0,27
2025-04-12,U09,zone_1,47,65.05,348,0,27
2025-04-13,U09,zone_1,43,71.67,281,0,27
2025-04-14,U09,zone_1,32,65.06,226,0,27
2025-04-15,U09,zone_1,21,63.73,156,0,27
2025-04-16,U09,zone_1,22,61.07,196,0,27
2025-04-17,U09,zone_1,34,74.71,225,0,27
2025-04-18,U09,zone_1,54,65.26,333,0,27
2025-04-19,U09,zone_1,40,73.66,306,0,27
2025-04-20,U09,zone_1,41,68.18,286,0,27
2025-04-21,U09,zone_1,27,66.56,187,0,27
2025-04-22,U09,zone_1,27,73.78,143,0,27
2025-04-23,U09,zone_1,25,69.77,168,0,27
2025-04-24,U09,zone_1,28,63.38,283,0,27
2025-04-25,U09,zone_1,45,68.73,316,0,27
2025-04-26,U09,zone_1,50,63.21,339,0,27
2025-04-27,U09,zone_1,41,68.23,312,0,27
2025-04-28,U09,zone_1,40,70.1,197,0,27
2025-04-29,U09,zone_1,14,77.16,116,1,27
2025-04-30,U09,zone_1,16,74.66,160,1,27
2025-05-01,U09,zone_1,28,71.08,250,0,27
2025-05-02,U09,zone_1,50,65.21,326,0,27
2025-05-03,U09,zone_1,51,69.51,326,0,27
2025-05-04,U09,zone_1,33,81.55,258,0,27
2025-05-05,U09,zone_1,22,74.93,185,0,27
2025-05-06,U09,zone_1,19,69.22,134,0,27
2025-05-07,U09,zone_1,25,72.67,189,0,27
2025-05-08,U09,zone_1,45,58.38,242,0,27
2025-05-09,U09,zone_1,46,74.55,318,0,27
2025-05-10,U09,zone_1,33,75.73,284,0,27
2025-05-11,U09,zone_1,27,71.83,254,0,27
2025-05-12,U09,zone_1,17,76.19,210,0,27
2025-05-13,U09,zone_1,20,70.01,138,0,27
2025-05-14,U09,zone_1,20,69.59,172,0,27
2025-05-15,U09,zone_1,27,69.14,225,0,27
2025-05-16,U09,zone_1,54,66.99,325,0,27
2025-05-17,U09,zone_1,36,70.32,307,0,27
2025-05-18,U09,zone_1,41,65.67,309,0,27
2025-05-19,U09,zone_1,26,65.46,214,0,27
2025-05-20,U09,zone_1,22,71.05,138,0,27
2025-05-21,U09,zone_1,25,62.38,193,0,27
2025-05-22,U09,zone_1,27,75.06,209,0,27
2025-05-23,U09,zone_1,44,68.61,294,0,27
2025-05-24,U09,zone_1,41,75.87,295,0,27
2025-05-25,U09,zone_1,46,72.26,285,0,27
2025-05-26,U09,zone_1,30,71.92,196,0,27
2025-05-27,U09,zone_1,13,73.75,140,0,27
2025-05-28,U09,zone_1,24,65.1,167,0,27
2025-05-29,U09,zone_1,28,72.13,239,0,27
2025-05-30,U09,zone_1,36,68.42,305,0,27
2025-05-31,U09,zone_1,38,68.37,315,0,27
2025-06-01,U09,zone_1,42,75.27,249,0,27
2025-06-02,U09,zone_1,34,71.58,175,0,27
2025-06-03,U09,zone_1,17,80.23,138,0,27
2025-06-04,U09,zone_1,20,66.26,148,0,27
2025-06-05,U09,zone_1,39,68.28,251,0,27
2025-06-06,U09,zone_1,48,61.04,334,0,27
2025-06-07,U09,zone_1,54,70.08,336,0,27
2025-06-08,U09,zone_1,35,72.48,250,1,27
2025-06-09,U09,zone_1,30,63.22,199,1,27
2025-06-10,U09,zone_1,19,68.9,134,0,27
2025-06-11,U09,zone_1,16,79.42,128,0,27
2025-06-12,U09,zone_1,33,61.72,257,0,27
2025-06-13,U09,zone_1,36,75.56,292,0,27
2025-06-14,U09,zone_1,49,61.41,383,0,27
2025-06-15,U09,zone_1,32,68.95,290,0,27
2025-06-16,U09,zone_1,33,63.74,192,0,27
2025-06-17,U09,zone_1,20,66.61,150,0,27
2025-06-18,U09,zone_1,26,69.61,169,0,27
2025-06-19,U09,zone_1,30,71.17,224,0,27
2025-06-20,U09,zone_1,32,73.45,309,0,27
2025-06-21,U09,zone_1,40,77.68,296,0,27
2025-06-22,U09,zone_1,40,69.3,267,0,27
2025-06-23,U09,zone_1,26,75.71,182,0,27
2025-06-24,U09,zone_1,26,61.86,157,0,27
2025-06-25,U09,zone_1,27,76.36,142,0,27
2025-06-26,U09,zone_1,31,69.11,233,0,27
2025-06-27,U09,zone_1,38,68.11,288,0,27
2025-06-28,U09,zone_1,44,75.71,276,0,27
2025-06-29,U09,zone_1,36,71.3,257,0,27
2025-06-30,U09,zone_1,22,78.56,196,0,27
2025-07-01,U09,zone_1,34,73.55,127,0,27
2025-07-02,U09,zone_1,25,72.71,169,0,27
2025-07-03,U09,zone_1,35,69.05,239,0,27
2025-07-04,U09,zone_1,42,69.49,282,0,27
2025-07-05,U09,zone_1,46,74.0,298,0,27
2025-07-06,U09,zone_1,41,63.09,277,0,27
2025-07-07,U09,zone_1,34,65.32,201,0,27
2025-07-08,U09,zone_1,15,80.48,131,0,27
2025-07-09,U09,zone_1,23,69.85,129,0,27
2025-07-10,U09,zone_1,45,67.8,263,0,27
2025-07-11,U09,zone_1,52,61.67,361,0,27
2025-07-12,U09,zone_1,41,76.91,340,0,27
2025-07-13,U09,zone_1,27,76.26,246,0,27
2025-07-14,U09,zone_1,15,74.36,195,0,27
2025-07-15,U09,zone_1,22,64.75,159,0,27
2025-07-16,U09,zone_1,23,65.79,169,0,27
2025-07-17,U09,zone_1,33,66.14,257,0,27
2025-07-18,U09,zone_1,45,71.99,306,1,27
2025-07-19,U09,zone_1,48,72.94,276,1,27
2025-07-20,U09,zone_1,44,72.11,294,0,27
2025-07-21,U09,zone_1,17,70.25,203,0,27
2025-07-22,U09,zone_1,25,72.28,156,0,27
2025-07-23,U09,zone_1,18,72.19,164,0,27
2025-07-24,U09,zone_1,28,77.48,215,0,27
2025-07-25,U09,zone_1,50,61.08,372,0,27
2025-07-26,U09,zone_1,46,72.35,343,0,27
2025-07-27,U09,zone_1,46,74.1,284,0,27
2025-07-28,U09,zone_1,28,71.73,197,0,27
2025-07-29,U09,zone_1,19,70.74,155,0,27
2025-07-30,U09,zone_1,21,73.43,192,0,27
2025-07-31,U09,zone_1,57,66.78,231,0,27
2025-08-01,U09,zone_1,62,70.12,345,0,27
2025-08-02,U09,zone_1,49,70.99,369,0,27
2025-08-03,U09,zone_1,38,60.32,312,0,27
2025-08-04,U09,zone_1,30,69.43,200,0,27
2025-08-05,U09,zone_1,20,63.87,172,0,27
2025-08-06,U09,zone_1,27,70.42,161,0,27
2025-08-07,U09,zone_1,34,66.93,265,0,27
2025-08-08,U09,zone_1,56,65.2,361,0,27
2025-08-09,U09,zone_1,45,78.17,334,0,27
2025-08-10,U09,zone_1,39,69.88,317,0,27
2025-08-11,U09,zone_1,41,60.52,250,0,27
2025-08-12,U09,zone_1,25,66.4,168,0,27
2025-08-13,U09,zone_1,32,73.32,204,0,27
2025-08-14,U09,zone_1,43,73.26,286,0,27
2025-08-15,U09,zone_1,41,79.09,333,0,27
2025-08-16,U09,zone_1,48,75.39,326,0,27
2025-08-17,U09,zone_1,48,69.05,326,0,27
2025-08-18,U09,zone_1,28,76.32,194,0,27
2025-08-19,U09,zone_1,17,72.72,159,0,27
2025-08-20,U09,zone_1,36,59.35,186,0,27
2025-08-21,U09,zone_1,38,64.12,285,0,27
2025-08-22,U09,zone_1,50,74.64,356,0,27
2025-08-23,U09,zone_1,48,74.77,339,0,27
2025-08-24,U09,zone_1,58,63.55,357,0,27
2025-08-25,U09,zone_1,30,72.2,219,0,27
2025-08-26,U09,zone_1,19,66.7,184,0,27
2025-08-27,U09,zone_1,32,61.38,230,1,27
2025-08-28,U09,zone_1,35,74.88,259,1,27
2025-08-29,U09,zone_1,54,70.24,364,0,27
2025-08-30,U09,zone_1,54,72.55,376,0,27
2025-08-31,U09,zone_1,45,69.34,330,0,27
2025-09-01,U09,zone_1,29,67.01,238,0,27
2025-09-02,U09,zone_1,32,69.23,180,0,27
2025-09-03,U09,zone_1,35,71.57,218,0,27
2025-09-04,U09,zone_1,42,70.66,308,0,27
2025-09-05,U09,zone_1,63,63.57,431,0,27
2025-09-06,U09,zone_1,68,64.9,423,0,27
2025-09-07,U09,zone_1,53,67.75,363,0,27
2025-09-08,U09,zone_1,27,70.26,235,0,27
2025-09-09,U09,zone_1,35,65.11,191,0,27
2025-09-10,U09,zone_1,41,67.76,207,0,27
2025-09-11,U09,zone_1,37,76.93,239,0,27
2025-09-12,U09,zone_1,45,72.32,343,0,27
2025-09-13,U09,zone_1,52,71.62,407,0,27
2025-09-14,U09,zone_1,57,69.77,328,0,27
2025-09-15,U09,zone_1,34,72.1,238,0,27
2025-09-16,U09,zone_1,28,70.74,180,0,27
2025-09-17,U09,zone_1,33,77.73,183,0,27
2025-09-18,U09,zone_1,45,69.9,308,0,27
2025-09-19,U09,zone_1,66,63.37,477,0,27
2025-09-20,U09,zone_1,63,67.43,436,0,27
2025-09-21,U09,zone_1,46,62.44,386,0,27
2025-09-22,U09,zone_1,35,76.46,223,0,27
2025-09-23,U09,zone_1,28,71.05,199,0,27
2025-09-24,U09,zone_1,32,68.07,203,0,27
2025-09-25,U09,zone_1,41,75.27,269,0,27
2025-09-26,U09,zone_1,58,64.09,426,0,27
2025-09-27,U09,zone_1,69,59.59,505,0,27
2025-09-28,U09,zone_1,46,73.7,337,0,27
2025-09-29,U09,zone_1,34,70.45,254,0,27
2025-09-30,U09,zone_1,19,72.08,200,0,27
2025-10-01,U09,zone_1,28,67.37,209,0,27
2025-10-02,U09,zone_1,49,71.84,319,0,27
2025-10-03,U09,zone_1,74,69.59,407,0,27
2025-10-04,U09,zone_1,74,67.03,477,0,27
2025-10-05,U09,zone_1,53,67.56,388,0,27
2025-10-06,U09,zone_1,34,77.74,230,1,27
2025-10-07,U09,zone_1,24,76.3,177,1,27
2025-10-08,U09,zone_1,30,65.89,249,0,27
2025-10-09,U09,zone_1,44,68.24,334,0,27
2025-10-10,U09,zone_1,50,72.63,387,0,27
2025-10-11,U09,zone_1,59,72.25,440,0,27
2025-10-12,U09,zone_1,50,66.84,396,0,27
2025-10-13,U09,zone_1,40,73.04,276,0,27
2025-10-14,U09,zone_1,26,65.57,204,0,27
2025-10-15,U09,zone_1,32,64.02,254,0,27
2025-10-16,U09,zone_1,48,72.13,343,0,27
2025-10-17,U09,zone_1,75,67.61,427,0,27
2025-10-18,U09,zone_1,81,65.41,471,0,27
2025-10-19,U09,zone_1,49,72.43,371,0,27
2025-10-20,U09,zone_1,45,61.44,307,0,27
2025-10-21,U09,zone_1,26,65.32,213,0,27
2025-10-22,U09,zone_1,39,72.07,229,0,27
2025-10-23,U09,zone_1,50,69.91,317,0,27
2025-10-24,U09,zone_1,55,72.53,412,0,27
2025-10-25,U09,zone_1,63,76.32,424,0,27
2024-09-01,U10,zone_2,47,72.64,318,1,28
2024-09-02,U10,zone_2,26,75.46,217,1,28
2024-09-03,U10,zone_2,18,76.05,159,0,28
2024-09-04,U10,zone_2,49,64.37,236,0,28
2024-09-05,U10,zone_2,53,70.8,341,0,28
2024-09-06,U10,zone_2,52,78.26,401,0,28
2024-09-07,U10,zone_2,62,63.52,459,0,28
2024-09-08,U10,zone_2,46,72.77,324,0,28
2024-09-09,U10,zone_2,35,73.78,231,0,28
2024-09-10,U10,zone_2,26,66.5,187,0,28
2024-09-11,U10,zone_2,42,66.19,271,0,28
2024-09-12,U10,zone_2,53,78.7,310,0,28
2024-09-13,U10,zone_2,64,67.64,471,0,28
2024-09-14,U10,zone_2,54,64.92,465,0,28
2024-09-15,U10,zone_2,45,72.33,332,0,28
2024-09-16,U10,zone_2,35,65.99,240,0,28
2024-09-17,U10,zone_2,30,77.92,178,0,28
2024-09-18,U10,zone_2,45,70.1,237,0,28
2024-09-19,U10,zone_2,46,73.51,384,0,28
2024-09-20,U10,zone_2,55,68.47,458,0,28
2024-09-21,U10,zone_2,74,63.85,482,0,28
2024-09-22,U10,zone_2,60,68.39,361,0,28
2024-09-23,U10,zone_2,27,71.1,247,0,28
2024-09-24,U10,zone_2,25,73.62,210,0,28
2024-09-25,U10,zone_2,34,70.91,249,0,28
2024-09-26,U10,zone_2,59,65.81,415,0,28
2024-09-27,U10,zone_2,63,68.85,446,0,28
2024-09-28,U10,zone_2,59,73.69,393,0,28
2024-09-29,U10,zone_2,46,68.74,331,0,28
2024-09-30,U10,zone_2,34,70.59,260,0,28
2024-10-01,U10,zone_2,33,58.5,260,0,28
2024-10-02,U10,zone_2,39,68.04,269,0,28
2024-10-03,U10,zone_2,61,60.49,402,0,28
2024-10-04,U10,zone_2,89,63.81,520,0,28
2024-10-05,U10,zone_2,65,66.88,482,0,28
2024-10-06,U10,zone_2,46,70.32,376,0,28
2024-10-07,U10,zone_2,35,82.9,213,0,28
2024-10-08,U10,zone_2,34,70.24,200,0,28
2024-10-09,U10,zone_2,35,62.4,269,0,28
2024-10-10,U10,zone_2,56,74.81,358,0,28
2024-10-11,U10,zone_2,78,72.9,484,1,28
2024-10-12,U10,zone_2,65,70.14,455,1,28
2024-10-13,U10,zone_2,46,71.87,336,0,28
2024-10-14,U10,zone_2,36,74.38,242,0,28
2024-10-15,U10,zone_2,30,74.17,214,0,28
2024-10-16,U10,zone_2,37,63.33,304,0,28
2024-10-17,U10,zone_2,52,67.66,406,0,28
2024-10-18,U10,zone_2,55,67.09,506,0,28
2024-10-19,U10,zone_2,63,70.88,446,0,28
2024-10-20,U10,zone_2,58,65.74,375,0,28
2024-10-21,U10,zone_2,28,75.39,252,0,28
2024-10-22,U10,zone_2,30,84.12,194,0,28
2024-10-23,U10,zone_2,27,79.91,228,0,28
2024-10-24,U10,zone_2,57,74.03,395,0,28
2024-10-25,U10,zone_2,77,63.62,544,0,28
2024-10-26,U10,zone_2,67,79.99,433,0,28
2024-10-27,U10,zone_2,61,71.78,360,0,28
2024-10-28,U10,zone_2,51,62.11,286,0,28
2024-10-29,U10,zone_2,42,68.66,238,0,28
2024-10-30,U10,zone_2,33,69.46,270,0,28
2024-10-31,U10,zone_2,71,65.56,409,0,28
2024-11-01,U10,zone_2,88,60.75,520,0,28
2024-11-02,U10,zone_2,66,80.29,407,0,28
2024-11-03,U10,zone_2,47,69.99,366,0,28
2024-11-04,U10,zone_2,33,75.53,231,0,28
2024-11-05,U10,zone_2,44,69.56,240,0,28
2024-11-06,U10,zone_2,37,62.52,305,0,28
2024-11-07,U10,zone_2,67,65.99,431,0,28
2024-11-08,U10,zone_2,75,69.81,512,0,28
2024-11-09,U10,zone_2,64,71.65,479,0,28
2024-11-10,U10,zone_2,49,75.44,384,0,28
2024-11-11,U10,zone_2,36,76.12,242,0,28
2024-11-12,U10,zone_2,34,72.54,229,0,28
2024-11-13,U10,zone_2,33,69.05,288,0,28
2024-11-14,U10,zone_2,68,73.85,412,0,28
2024-11-15,U10,zone_2,83,62.06,570,0,28
2024-11-16,U10,zone_2,67,70.61,520,0,28
2024-11-17,U10,zone_2,50,69.8,378,0,28
2024-11-18,U10,zone_2,34,78.04,243,0,28
2024-11-19,U10,zone_2,34,70.96,235,0,28
2024-11-20,U10,zone_2,43,72.64,283,1,28
2024-11-21,U10,zone_2,58,70.65,406,1,28
2024-11-22,U10,zone_2,77,67.41,488,0,28
2024-11-23,U10,zone_2,63,66.69,500,0,28
2024-11-24,U10,zone_2,66,67.22,384,0,28
2024-11-25,U10,zone_2,28,70.25,289,0,28
2024-11-26,U10,zone_2,33,71.06,192,0,28
2024-11-27,U10,zone_2,31,66.85,307,0,28
2024-11-28,U10,zone_2,55,72.07,420,0,28
2024-11-29,U10,zone_2,65,74.48,538,0,28
2024-11-30,U10,zone_2,75,74.58,466,0,28
2024-12-01,U10,zone_2,46,76.07,378,0,28
2024-12-02,U10,zone_2,38,65.99,276,0,28
2024-12-03,U10,zone_2,32,66.93,222,0,28
2024-12-04,U10,zone_2,50,62.72,317,0,28
2024-12-05,U10,zone_2,71,73.41,400,0,28
2024-12-06,U10,zone_2,65,62.63,529,0,28
2024-12-07,U10,zone_2,75,64.49,566,0,28
2024-12-08,U10,zone_2,60,69.54,396,0,28
2024-12-09,U10,zone_2,38,67.67,265,0,28
2024-12-10,U10,zone_2,33,77.57,198,0,28
2024-12-11,U10,zone_2,39,83.65,241,0,28
2024-12-12,U10,zone_2,51,75.98,383,0,28
2024-12-13,U10,zone_2,68,79.16,493,0,28
2024-12-14,U10,zone_2,69,75.44,447,0,28
2024-12-15,U10,zone_2,71,60.29,405,0,28
2024-12-16,U10,zone_2,40,69.49,276,0,28
2024-12-17,U10,zone_2,21,72.09,211,0,28
2024-12-18,U10,zone_2,39,79.03,266,0,28
2024-12-19,U10,zone_2,39,86.81,311,0,28
2024-12-20,U10,zone_2,75,69.56,500,0,28
2024-12-21,U10,zone_2,72,71.9,524,0,28
2024-12-22,U10,zone_2,60,68.9,399,0,28
2024-12-23,U10,zone_2,30,69.19,263,0,28
2024-12-24,U10,zone_2,27,70.82,208,0,28
2024-12-25,U10,zone_2,51,65.18,308,0,28
2024-12-26,U10,zone_2,64,67.78,390,0,28
2024-12-27,U10,zone_2,78,73.55,469,0,28
2024-12-28,U10,zone_2,63,70.61,482,0,28
2024-12-29,U10,zone_2,63,57.8,438,0,28
2024-12-30,U10,zone_2,42,63.39,282,1,28
2024-12-31,U10,zone_2,32,61.92,206,1,28
2025-01-01,U10,zone_2,37,73.17,295,0,28
2025-01-02,U10,zone_2,66,71.98,402,0,28
2025-01-03,U10,zone_2,71,71.57,481,0,28
2025-01-04,U10,zone_2,76,69.63,506,0,28
2025-01-05,U10,zone_2,59,68.74,379,0,28
2025-01-06,U10,zone_2,35,73.79,243,0,28
2025-01-07,U10,zone_2,26,61.09,272,0,28
2025-01-08,U10,zone_2,38,70.5,297,0,28
2025-01-09,U10,zone_2,58,73.25,396,0,28
2025-01-10,U10,zone_2,82,70.69,500,0,28
2025-01-11,U10,zone_2,58,71.57,413,0,28
2025-01-12,U10,zone_2,41,72.46,357,0,28
2025-01-13,U10,zone_2,47,60.66,315,0,28
2025-01-14,U10,zone_2,25,63.61,212,0,28
2025-01-15,U10,zone_2,33,69.57,293,0,28
2025-01-16,U10,zone_2,64,61.76,444,0,28
2025-01-17,U10,zone_2,69,68.49,501,0,28
2025-01-18,U10,zone_2,76,62.0,528,0,28
2025-01-19,U10,zone_2,52,71.62,341,0,28
2025-01-20,U10,zone_2,29,79.2,223,0,28
2025-01-21,U10,zone_2,24,86.84,170,0,28
2025-01-22,U10,zone_2,32,71.69,255,0,28
2025-01-23,U10,zone_2,64,66.57,419,0,28
2025-01-24,U10,zone_2,72,65.15,522,0,28
2025-01-25,U10,zone_2,66,73.37,407,0,28
2025-01-26,U10,zone_2,43,64.46,382,0,28
2025-01-27,U10,zone_2,42,59.48,289,0,28
2025-01-28,U10,zone_2,36,60.26,215,0,28
2025-01-29,U10,zone_2,27,77.96,257,0,28
2025-01-30,U10,zone_2,58,68.88,432,0,28
2025-01-31,U10,zone_2,64,74.74,443,0,28
2025-02-01,U10,zone_2,63,73.3,442,0,28
2025-02-02,U10,zone_2,63,66.71,372,0,28
2025-02-03,U10,zone_2,48,61.64,268,0,28
2025-02-04,U10,zone_2,15,73.59,166,0,28
2025-02-05,U10,zone_2,34,70.28,250,0,28
2025-02-06,U10,zone_2,47,68.02,402,0,28
2025-02-07,U10,zone_2,67,66.05,459,0,28
2025-02-08,U10,zone_2,54,74.2,428,1,28
2025-02-09,U10,zone_2,48,67.31,339,1,28
2025-02-10,U10,zone_2,39,74.77,218,0,28
2025-02-11,U10,zone_2,20,62.85,215,0,28
2025-02-12,U10,zone_2,31,71.95,246,0,28
2025-02-13,U10,zone_2,53,68.03,379,0,28
2025-02-14,U10,zone_2,71,67.66,464,0,28
2025-02-15,U10,zone_2,71,70.28,460,0,28
2025-02-16,U10,zone_2,41,72.54,325,0,28
2025-02-17,U10,zone_2,36,74.14,209,0,28
2025-02-18,U10,zone_2,37,68.83,220,0,28
2025-02-19,U10,zone_2,36,70.9,253,0,28
2025-02-20,U10,zone_2,39,78.91,367,0,28
2025-02-21,U10,zone_2,70,69.98,402,0,28
2025-02-22,U10,zone_2,60,69.26,448,0,28
2025-02-23,U10,zone_2,46,75.94,316,0,28
2025-02-24,U10,zone_2,43,61.09,260,0,28
2025-02-25,U10,zone_2,20,71.68,208,0,28
2025-02-26,U10,zone_2,39,71.52,245,0,28
2025-02-27,U10,zone_2,45,75.19,317,0,28
2025-02-28,U10,zone_2,53,70.35,415,0,28
2025-03-01,U10,zone_2,50,68.49,428,0,28
2025-03-02,U10,zone_2,44,65.57,366,0,28
2025-03-03,U10,zone_2,26,72.0,213,0,28
2025-03-04,U10,zone_2,19,64.04,222,0,28
2025-03-05,U10,zone_2,57,64.38,237,0,28
2025-03-06,U10,zone_2,51,75.73,315,0,28
2025-03-07,U10,zone_2,57,73.29,416,0,28
2025-03-08,U10,zone_2,65,68.48,414,0,28
2025-03-09,U10,zone_2,43,77.25,265,0,28
2025-03-10,U10,zone_2,27,70.5,234,0,28
2025-03-11,U10,zone_2,31,65.28,212,0,28
2025-03-12,U10,zone_2,32,82.18,189,0,28
2025-03-13,U10,zone_2,46,73.18,346,0,28
2025-03-14,U10,zone_2,68,71.86,384,0,28
2025-03-15,U10,zone_2,62,62.88,424,0,28
2025-03-16,U10,zone_2,45,66.66,337,0,28
2025-03-17,U10,zone_2,25,72.72,204,0,28
2025-03-18,U10,zone_2,36,69.44,141,0,28
2025-03-19,U10,zone_2,33,76.28,193,0,28
2025-03-20,U10,zone_2,36,73.52,331,1,28
2025-03-21,U10,zone_2,50,66.6,407,1,28
2025-03-22,U10,zone_2,47,74.64,353,0,28
2025-03-23,U10,zone_2,35,66.55,334,0,28
2025-03-24,U10,zone_2,20,81.22,192,0,28
2025-03-25,U10,zone_2,30,68.18,151,0,28
2025-03-26,U10,zone_2,45,66.22,227,0,28
2025-03-27,U10,zone_2,46,68.93,340,0,28
2025-03-28,U10,zone_2,67,66.67,388,0,28
2025-03-29,U10,zone_2,62,67.53,388,0,28
2025-03-30,U10,zone_2,39,64.13,315,0,28
2025-03-31,U10,zone_2,34,70.49,209,0,28
2025-04-01,U10,zone_2,21,69.69,162,0,28
2025-04-02,U10,zone_2,33,74.97,225,0,28
2025-04-03,U10,zone_2,40,64.65,349,0,28
2025-04-04,U10,zone_2,54,67.94,382,0,28
2025-04-05,U10,zone_2,44,77.82,350,0,28
2025-04-06,U10,zone_2,37,70.96,271,0,28
2025-04-07,U10,zone_2,34,67.47,190,0,28
2025-04-08,U10,zone_2,24,61.19,195,0,28
2025-04-09,U10,zone_2,31,64.48,217,0,28
2025-04-10,U10,zone_2,46,66.7,324,0,28
2025-04-11,U10,zone_2,58,68.06,376,0,28
2025-04-12,U10,zone_2,51,67.14,343,0,28
2025-04-13,U10,zone_2,49,62.61,280,0,28
2025-04-14,U10,zone_2,21,64.34,223,0,28
2025-04-15,U10,zone_2,29,67.09,158,0,28
2025-04-16,U10,zone_2,22,73.89,174,0,28
2025-04-17,U10,zone_2,46,69.03,312,0,28
2025-04-18,U10,zone_2,47,65.43,385,0,28
2025-04-19,U10,zone_2,42,79.06,289,0,28
2025-04-20,U10,zone_2,42,73.4,265,0,28
2025-04-21,U10,zone_2,23,76.63,174,0,28
2025-04-22,U10,zone_2,20,67.57,183,0,28
2025-04-23,U10,zone_2,27,69.86,201,0,28
2025-04-24,U10,zone_2,44,68.52,305,0,28
2025-04-25,U10,zone_2,62,61.92,406,0,28
2025-04-26,U10,zone_2,43,69.29,391,0,28
2025-04-27,U10,zone_2,53,69.17,287,0,28
2025-04-28,U10,zone_2,28,61.59,188,0,28
2025-04-29,U10,zone_2,25,70.37,147,1,28
2025-04-30,U10,zone_2,28,67.26,194,1,28
2025-05-01,U10,zone_2,33,69.77,260,0,28
2025-05-02,U10,zone_2,60,58.2,436,0,28
2025-05-03,U10,zone_2,40,77.68,340,0,28
2025-05-04,U10,zone_2,31,77.39,266,0,28
2025-05-05,U10,zone_2,28,66.45,182,0,28
2025-05-06,U10,zone_2,17,63.89,174,0,28
2025-05-07,U10,zone_2,36,70.2,192,0,28
2025-05-08,U10,zone_2,46,64.52,299,0,28
2025-05-09,U10,zone_2,44,77.08,335,0,28
2025-05-10,U10,zone_2,44,77.35,305,0,28
2025-05-11,U10,zone_2,37,72.95,270,0,28
2025-05-12,U10,zone_2,28,73.66,172,0,28
2025-05-13,U10,zone_2,15,75.78,156,0,28
2025-05-14,U10,zone_2,30,66.28,226,0,28
2025-05-15,U10,zone_2,45,63.85,319,0,28
2025-05-16,U10,zone_2,43,77.9,329,0,28
2025-05-17,U10,zone_2,59,68.97,342,0,28
2025-05-18,U10,zone_2,39,67.87,259,0,28
2025-05-19,U10,zone_2,35,69.62,191,0,28
2025-05-20,U10,zone_2,25,69.19,167,0,28
2025-05-21,U10,zone_2,26,76.23,174,0,28
2025-05-22,U10,zone_2,38,74.93,221,0,28
2025-05-23,U10,zone_2,53,72.24,303,0,28
2025-05-24,U10,zone_2,48,72.0,325,0,28
2025-05-25,U10,zone_2,33,75.48,245,0,28
2025-05-26,U10,zone_2,24,75.01,170,0,28
2025-05-27,U10,zone_2,31,64.61,158,0,28
2025-05-28,U10,zone_2,29,70.13,205,0,28
2025-05-29,U10,zone_2,28,71.16,240,0,28
2025-05-30,U10,zone_2,61,66.69,362,0,28
2025-05-31,U10,zone_2,56,73.41,313,0,28
2025-06-01,U10,zone_2,35,70.73,265,0,28
2025-06-02,U10,zone_2,31,64.74,182,0,28
2025-06-03,U10,zone_2,25,69.52,154,0,28
2025-06-04,U10,zone_2,37,70.44,187,0,28
2025-06-05,U10,zone_2,32,72.5,281,0,28
2025-06-06,U10,zone_2,51,73.58,293,0,28
2025-06-07,U10,zone_2,41,73.06,305,0,28
2025-06-08,U10,zone_2,43,68.8,292,1,28
2025-06-09,U10,zone_2,13,71.04,157,1,28
2025-06-10,U10,zone_2,15,78.62,136,0,28
2025-06-11,U10,zone_2,33,69.14,190,0,28
2025-06-12,U10,zone_2,46,69.83,303,0,28
2025-06-13,U10,zone_2,47,73.02,346,0,28
2025-06-14,U10,zone_2,47,67.53,350,0,28
2025-06-15,U10,zone_2,34,65.88,291,0,28
2025-06-16,U10,zone_2,28,67.54,178,0,28
2025-06-17,U10,zone_2,17,70.0,159,0,28
2025-06-18,U10,zone_2,36,68.95,190,0,28
2025-06-19,U10,zone_2,24,76.56,249,0,28
2025-06-20,U10,zone_2,44,71.06,343,0,28
2025-06-21,U10,zone_2,48,69.15,332,0,28
2025-06-22,U10,zone_2,27,68.99,301,0,28
2025-06-23,U10,zone_2,25,72.94,194,0,28
2025-06-24,U10,zone_2,21,75.66,153,0,28
2025-06-25,U10,zone_2,24,69.98,218,0,28
2025-06-26,U10,zone_2,35,63.63,317,0,28
2025-06-27,U10,zone_2,49,71.77,342,0,28
2025-06-28,U10,zone_2,37,66.29,362,0,28
2025-06-29,U10,zone_2,33,70.53,259,0,28
2025-06-30,U10,zone_2,21,71.94,183,0,28
2025-07-01,U10,zone_2,16,74.45,159,0,28
2025-07-02,U10,zone_2,29,64.95,209,0,28
2025-07-03,U10,zone_2,43,77.27,274,0,28
2025-07-04,U10,zone_2,56,71.78,335,0,28
2025-07-05,U10,zone_2,48,76.3,337,0,28
2025-07-06,U10,zone_2,30,70.91,267,0,28
2025-07-07,U10,zone_2,33,58.33,211,0,28
2025-07-08,U10,zone_2,23,62.84,166,0,28
2025-07-09,U10,zone_2,24,78.99,189,0,28
2025-07-10,U10,zone_2,64,64.0,296,0,28
2025-07-11,U10,zone_2,59,75.06,345,0,28
2025-07-12,U10,zone_2,35,82.02,322,0,28
2025-07-13,U10,zone_2,47,77.48,271,0,28
2025-07-14,U10,zone_2,27,68.5,180,0,28
2025-07-15,U10,zone_2,25,60.17,172,0,28
2025-07-16,U10,zone_2,22,82.59,196,0,28
2025-07-17,U10,zone_2,49,69.0,293,0,28
2025-07-18,U10,zone_2,54,74.05,345,1,28
2025-07-19,U10,zone_2,68,56.56,443,1,28
2025-07-20,U10,zone_2,54,68.95,298,0,28
2025-07-21,U10,zone_2,27,69.19,200,0,28
2025-07-22,U10,zone_2,26,58.53,198,0,28
2025-07-23,U10,zone_2,37,69.69,208,0,28
2025-07-24,U10,zone_2,47,67.39,281,0,28
2025-07-25,U10,zone_2,40,73.74,351,0,28
2025-07-26,U10,zone_2,54,75.8,333,0,28
2025-07-27,U10,zone_2,46,65.39,303,0,28
2025-07-28,U10,zone_2,24,73.43,188,0,28
2025-07-29,U10,zone_2,18,75.19,159,0,28
2025-07-30,U10,zone_2,34,76.11,191,0,28
2025-07-31,U10,zone_2,31,68.42,320,0,28
2025-08-01,U10,zone_2,50,72.4,354,0,28
2025-08-02,U10,zone_2,55,70.78,333,0,28
2025-08-03,U10,zone_2,50,62.57,333,0,28
2025-08-04,U10,zone_2,22,68.74,200,0,28
2025-08-05,U10,zone_2,26,67.36,180,0,28
2025-08-06,U10,zone_2,31,67.49,234,0,28
2025-08-07,U10,zone_2,45,70.45,282,0,28
2025-08-08,U10,zone_2,50,77.43,377,0,28
2025-08-09,U10,zone_2,58,70.21,363,0,28
2025-08-10,U10,zone_2,52,68.2,324,0,28
2025-08-11,U10,zone_2,32,73.81,201,0,28
2025-08-12,U10,zone_2,21,72.45,159,0,28
2025-08-13,U10,zone_2,28,68.44,241,0,28
2025-08-14,U10,zone_2,48,64.34,350,0,28
2025-08-15,U10,zone_2,83,56.88,457,0,28
2025-08-16,U10,zone_2,53,63.22,435,0,28
2025-08-17,U10,zone_2,46,67.37,299,0,28
2025-08-18,U10,zone_2,34,74.8,195,0,28
2025-08-19,U10,zone_2,28,69.32,200,0,28
2025-08-20,U10,zone_2,25,77.9,213,0,28
2025-08-21,U10,zone_2,57,62.59,411,0,28
2025-08-22,U10,zone_2,57,69.32,387,0,28
2025-08-23,U10,zone_2,69,63.91,414,0,28
2025-08-24,U10,zone_2,48,60.93,329,0,28
2025-08-25,U10,zone_2,42,70.69,180,0,28
2025-08-26,U10,zone_2,25,72.0,153,0,28
2025-08-27,U10,zone_2,31,66.9,233,1,28
2025-08-28,U10,zone_2,42,76.89,303,1,28
2025-08-29,U10,zone_2,69,65.15,410,0,28
2025-08-30,U10,zone_2,60,75.15,392,0,28
2025-08-31,U10,zone_2,45,74.81,273,0,28
2025-09-01,U10,zone_2,35,69.13,223,0,28
2025-09-02,U10,zone_2,25,77.98,164,0,28
2025-09-03,U10,zone_2,43,67.12,249,0,28
2025-09-04,U10,zone_2,58,72.97,330,0,28
2025-09-05,U10,zone_2,69,69.04,411,0,28
2025-09-06,U10,zone_2,53,67.06,461,0,28
2025-09-07,U10,zone_2,51,67.58,311,0,28
2025-09-08,U10,zone_2,35,60.44,226,0,28
2025-09-09,U10,zone_2,31,68.34,205,0,28
2025-09-10,U10,zone_2,29,73.84,253,0,28
2025-09-11,U10,zone_2,48,69.84,369,0,28
2025-09-12,U10,zone_2,59,69.79,468,0,28
2025-09-13,U10,zone_2,86,63.45,452,0,28
2025-09-14,U10,zone_2,38,69.46,335,0,28
2025-09-15,U10,zone_2,24,74.87,210,0,28
2025-09-16,U10,zone_2,25,67.59,171,0,28
2025-09-17,U10,zone_2,41,66.2,263,0,28
2025-09-18,U10,zone_2,56,67.37,382,0,28
2025-09-19,U10,zone_2,86,64.65,468,0,28
2025-09-20,U10,zone_2,65,62.84,504,0,28
2025-09-21,U10,zone_2,36,71.28,313,0,28
2025-09-22,U10,zone_2,28,74.14,231,0,28
2025-09-23,U10,zone_2,30,70.06,214,0,28
2025-09-24,U10,zone_2,35,69.88,240,0,28
2025-09-25,U10,zone_2,58,69.08,367,0,28
2025-09-26,U10,zone_2,69,73.07,457,0,28
2025-09-27,U10,zone_2,57,67.59,467,0,28
2025-09-28,U10,zone_2,47,60.29,416,0,28
2025-09-29,U10,zone_2,44,62.61,274,0,28
2025-09-30,U10,zone_2,25,73.17,174,0,28
2025-10-01,U10,zone_2,48,70.52,249,0,28
2025-10-02,U10,zone_2,52,72.46,396,0,28
2025-10-03,U10,zone_2,57,70.95,434,0,28
2025-10-04,U10,zone_2,62,73.14,468,0,28
2025-10-05,U10,zone_2,57,63.02,373,0,28
2025-10-06,U10,zone_2,35,72.24,244,1,28
2025-10-07,U10,zone_2,27,70.55,186,1,28
2025-10-08,U10,zone_2,41,63.03,298,0,28
2025-10-09,U10,zone_2,56,71.9,353,0,28
2025-10-10,U10,zone_2,70,74.25,441,0,28
2025-10-11,U10,zone_2,64,65.5,498,0,28
2025-10-12,U10,zone_2,62,61.14,433,0,28
2025-10-13,U10,zone_2,42,68.29,237,0,28
2025-10-14,U10,zone_2,27,76.98,206,0,28
2025-10-15,U10,zone_2,34,71.99,254,0,28
2025-10-16,U10,zone_2,66,71.94,407,0,28
2025-10-17,U10,zone_2,62,72.91,456,0,28
2025-10-18,U10,zone_2,86,67.77,480,0,28
2025-10-19,U10,zone_2,45,74.45,320,0,28
2025-10-20,U10,zone_2,33,70.8,231,0,28
2025-10-21,U10,zone_2,30,66.87,209,0,28
2025-10-22,U10,zone_2,38,66.51,288,0,28
2025-10-23,U10,zone_2,53,74.32,351,0,28
2025-10-24,U10,zone_2,78,66.39,538,0,28
2025-10-25,U10,zone_2,71,72.92,450,0,28
2024-09-01,U11,zone_3,36,65.81,335,1,29
2024-09-02,U11,zone_3,35,73.62,223,1,29
2024-09-03,U11,zone_3,36,72.07,189,0,29
2024-09-04,U11,zone_3,49,65.07,308,0,29
2024-09-05,U11,zone_3,63,67.26,417,0,29
2024-09-06,U11,zone_3,81,69.8,439,0,29
2024-09-07,U11,zone_3,49,76.87,390,0,29
2024-09-08,U11,zone_3,45,68.55,334,0,29
2024-09-09,U11,zone_3,29,74.66,208,0,29
2024-09-10,U11,zone_3,33,74.67,200,0,29
2024-09-11,U11,zone_3,49,66.95,328,0,29
2024-09-12,U11,zone_3,74,67.82,444,0,29
2024-09-13,U11,zone_3,66,68.89,456,0,29
2024-09-14,U11,zone_3,69,76.19,413,0,29
2024-09-15,U11,zone_3,56,70.7,335,0,29
2024-09-16,U11,zone_3,26,74.25,227,0,29
2024-09-17,U11,zone_3,27,72.53,211,0,29
2024-09-18,U11,zone_3,42,68.7,303,0,29
2024-09-19,U11,zone_3,63,66.49,448,0,29
2024-09-20,U11,zone_3,73,62.71,528,0,29
2024-09-21,U11,zone_3,76,65.47,489,0,29
2024-09-22,U11,zone_3,46,69.14,337,0,29
2024-09-23,U11,zone_3,28,79.78,200,0,29
2024-09-24,U11,zone_3,34,68.51,209,0,29
2024-09-25,U11,zone_3,58,57.49,392,0,29
2024-09-26,U11,zone_3,72,68.57,442,0,29
2024-09-27,U11,zone_3,82,64.66,540,0,29
2024-09-28,U11,zone_3,71,72.42,443,0,29
2024-09-29,U11,zone_3,50,68.14,352,0,29
2024-09-30,U11,zone_3,33,72.19,215,0,29
2024-10-01,U11,zone_3,36,70.6,231,0,29
2024-10-02,U11,zone_3,53,69.96,341,0,29
2024-10-03,U11,zone_3,83,73.76,381,0,29
2024-10-04,U11,zone_3,93,66.65,546,0,29
2024-10-05,U11,zone_3,64,71.06,450,0,29
2024-10-06,U11,zone_3,46,72.36,354,0,29
2024-10-07,U11,zone_3,37,76.98,228,0,29
2024-10-08,U11,zone_3,29,66.54,222,0,29
2024-10-09,U11,zone_3,47,65.98,368,0,29
2024-10-10,U11,zone_3,63,69.6,432,0,29
2024-10-11,U11,zone_3,81,72.52,513,1,29
2024-10-12,U11,zone_3,91,66.26,502,1,29
2024-10-13,U11,zone_3,56,73.6,338,0,29
2024-10-14,U11,zone_3,37,72.89,238,0,29
2024-10-15,U11,zone_3,23,85.25,215,0,29
2024-10-16,U11,zone_3,57,68.41,329,0,29
2024-10-17,U11,zone_3,58,70.94,459,0,29
2024-10-18,U11,zone_3,55,70.42,537,0,29
2024-10-19,U11,zone_3,76,63.9,546,0,29
2024-10-20,U11,zone_3,40,62.38,410,0,29
2024-10-21,U11,zone_3,44,74.58,263,0,29
2024-10-22,U11,zone_3,30,76.31,206,0,29
2024-10-23,U11,zone_3,45,79.81,283,0,29
2024-10-24,U11,zone_3,55,74.05,480,0,29
2024-10-25,U11,zone_3,89,67.23,571,0,29
2024-10-26,U11,zone_3,66,72.59,503,0,29
2024-10-27,U11,zone_3,62,69.58,336,0,29
2024-10-28,U11,zone_3,49,62.18,281,0,29
2024-10-29,U11,zone_3,28,70.58,219,0,29
2024-10-30,U11,zone_3,51,71.52,324,0,29
2024-10-31,U11,zone_3,70,66.68,537,0,29
2024-11-01,U11,zone_3,67,75.96,475,0,29
2024-11-02,U11,zone_3,77,73.05,446,0,29
2024-11-03,U11,zone_3,51,73.44,365,0,29
2024-11-04,U11,zone_3,39,71.8,235,0,29
2024-11-05,U11,zone_3,27,71.72,230,0,29
2024-11-06,U11,zone_3,52,63.72,395,0,29
2024-11-07,U11,zone_3,62,71.22,476,0,29
2024-11-08,U11,zone_3,84,64.64,583,0,29
2024-11-09,U11,zone_3,74,69.46,509,0,29
2024-11-10,U11,zone_3,50,69.59,365,0,29
2024-11-11,U11,zone_3,34,69.61,234,0,29
2024-11-12,U11,zone_3,38,69.59,243,0,29
2024-11-13,U11,zone_3,46,67.43,358,0,29
2024-11-14,U11,zone_3,71,79.18,440,0,29
2024-11-15,U11,zone_3,86,60.05,576,0,29
2024-11-16,U11,zone_3,60,68.19,530,0,29
2024-11-17,U11,zone_3,65,65.23,404,0,29
2024-11-18,U11,zone_3,49,65.52,264,0,29
2024-11-19,U11,zone_3,35,71.48,245,0,29
2024-11-20,U11,zone_3,54,71.53,342,1,29
2024-11-21,U11,zone_3,68,65.97,531,1,29
2024-11-22,U11,zone_3,77,67.76,517,0,29
2024-11-23,U11,zone_3,63,72.62,479,0,29
2024-11-24,U11,zone_3,48,66.98,375,0,29
2024-11-25,U11,zone_3,34,71.75,261,0,29
2024-11-26,U11,zone_3,31,69.35,244,0,29
2024-11-27,U11,zone_3,50,73.41,319,0,29
2024-11-28,U11,zone_3,85,69.15,471,0,29
2024-11-29,U11,zone_3,76,66.45,530,0,29
2024-11-30,U11,zone_3,62,80.3,454,0,29
2024-12-01,U11,zone_3,40,75.46,367,0,29
2024-12-02,U11,zone_3,46,67.77,260,0,29
2024-12-03,U11,zone_3,33,70.35,257,0,29
2024-12-04,U11,zone_3,49,75.38,292,0,29
2024-12-05,U11,zone_3,71,67.77,503,0,29
2024-12-06,U11,zone_3,95,61.68,652,0,29
2024-12-07,U11,zone_3,65,69.67,516,0,29
2024-12-08,U11,zone_3,52,69.65,363,0,29
2024-12-09,U11,zone_3,26,76.23,222,0,29
2024-12-10,U11,zone_3,35,72.49,242,0,29
2024-12-11,U11,zone_3,52,63.38,380,0,29
2024-12-12,U11,zone_3,68,67.89,494,0,29
2024-12-13,U11,zone_3,70,74.78,519,0,29
2024-12-14,U11,zone_3,62,71.88,465,0,29
2024-12-15,U11,zone_3,43,67.69,351,0,29
2024-12-16,U11,zone_3,32,66.81,230,0,29
2024-12-17,U11,zone_3,26,65.1,267,0,29
2024-12-18,U11,zone_3,54,71.77,299,0,29
2024-12-19,U11,zone_3,95,64.41,502,0,29
2024-12-20,U11,zone_3,88,70.63,493,0,29
2024-12-21,U11,zone_3,70,77.65,476,0,29
2024-12-22,U11,zone_3,56,72.52,313,0,29
2024-12-23,U11,zone_3,38,67.12,274,0,29
2024-12-24,U11,zone_3,39,69.76,263,0,29
2024-12-25,U11,zone_3,69,64.57,382,0,29
2024-12-26,U11,zone_3,65,69.57,454,0,29
2024-12-27,U11,zone_3,63,70.28,547,0,29
2024-12-28,U11,zone_3,68,74.71,451,0,29
2024-12-29,U11,zone_3,40,77.11,343,0,29
2024-12-30,U11,zone_3,31,72.64,221,1,29
2024-12-31,U11,zone_3,44,62.3,299,1,29
2025-01-01,U11,zone_3,50,63.57,392,0,29
2025-01-02,U11,zone_3,67,72.17,506,0,29
2025-01-03,U11,zone_3,74,77.04,511,0,29
2025-01-04,U11,zone_3,60,64.17,548,0,29
2025-01-05,U11,zone_3,63,66.27,378,0,29
2025-01-06,U11,zone_3,30,75.37,210,0,29
2025-01-07,U11,zone_3,44,70.19,239,0,29
2025-01-08,U11,zone_3,60,64.12,360,0,29
2025-01-09,U11,zone_3,67,68.37,500,0,29
2025-01-10,U11,zone_3,82,66.92,524,0,29
2025-01-11,U11,zone_3,72,68.08,464,0,29
2025-01-12,U11,zone_3,47,73.47,345,0,29
2025-01-13,U11,zone_3,31,63.79,250,0,29
2025-01-14,U11,zone_3,44,66.97,238,0,29
2025-01-15,U11,zone_3,52,66.89,360,0,29
2025-01-16,U11,zone_3,72,71.87,452,0,29
2025-01-17,U11,zone_3,92,61.49,586,0,29
2025-01-18,U11,zone_3,69,66.79,486,0,29
2025-01-19,U11,zone_3,47,70.79,343,0,29
2025-01-20,U11,zone_3,38,70.67,226,0,29
2025-01-21,U11,zone_3,29,65.37,230,0,29
2025-01-22,U11,zone_3,28,78.0,282,0,29
2025-01-23,U11,zone_3,73,63.46,487,0,29
2025-01-24,U11,zone_3,73,69.11,549,0,29
2025-01-25,U11,zone_3,73,68.46,508,0,29
2025-01-26,U11,zone_3,47,67.06,378,0,29
2025-01-27,U11,zone_3,38,60.95,270,0,29
2025-01-28,U11,zone_3,31,76.04,207,0,29
2025-01-29,U11,zone_3,49,74.33,304,0,29
2025-01-30,U11,zone_3,55,68.85,479,0,29
2025-01-31,U11,zone_3,81,70.9,505,0,29
2025-02-01,U11,zone_3,64,62.47,497,0,29
2025-02-02,U11,zone_3,51,67.44,365,0,29
2025-02-03,U11,zone_3,27,69.05,223,0,29
2025-02-04,U11,zone_3,35,70.22,216,0,29
2025-02-05,U11,zone_3,33,78.1,260,0,29
2025-02-06,U11,zone_3,53,74.8,392,0,29
2025-02-07,U11,zone_3,84,65.15,538,0,29
2025-02-08,U11,zone_3,69,65.77,455,1,29
2025-02-09,U11,zone_3,39,80.8,317,1,29
2025-02-10,U11,zone_3,24,71.3,230,0,29
2025-02-11,U11,zone_3,32,70.28,241,0,29
2025-02-12,U11,zone_3,41,70.64,341,0,29
2025-02-13,U11,zone_3,67,73.28,437,0,29
2025-02-14,U11,zone_3,55,70.37,470,0,29
2025-02-15,U11,zone_3,67,68.78,430,0,29
2025-02-16,U11,zone_3,44,69.42,316,0,29
2025-02-17,U11,zone_3,29,65.89,230,0,29
2025-02-18,U11,zone_3,25,70.41,218,0,29
2025-02-19,U11,zone_3,52,69.38,340,0,29
2025-02-20,U11,zone_3,58,66.5,423,0,29
2025-02-21,U11,zone_3,80,68.91,477,0,29
2025-02-22,U11,zone_3,52,71.92,455,0,29
2025-02-23,U11,zone_3,47,77.31,314,0,29
2025-02-24,U11,zone_3,33,68.21,237,0,29
2025-02-25,U11,zone_3,39,59.8,241,0,29
2025-02-26,U11,zone_3,36,76.51,265,0,29
2025-02-27,U11,zone_3,49,66.73,433,0,29
2025-02-28,U11,zone_3,61,71.41,479,0,29
2025-03-01,U11,zone_3,51,61.06,472,0,29
2025-03-02,U11,zone_3,44,75.91,305,0,29
2025-03-03,U11,zone_3,25,76.69,209,0,29
2025-03-04,U11,zone_3,24,73.09,217,0,29
2025-03-05,U11,zone_3,33,81.51,233,0,29
2025-03-06,U11,zone_3,69,65.54,414,0,29
2025-03-07,U11,zone_3,69,73.62,433,0,29
2025-03-08,U11,zone_3,63,70.8,383,0,29
2025-03-09,U11,zone_3,22,76.34,263,0,29
2025-03-10,U11,zone_3,28,71.49,206,0,29
2025-03-11,U11,zone_3,26,67.36,219,0,29
2025-03-12,U11,zone_3,36,73.79,239,0,29
2025-03-13,U11,zone_3,62,69.45,391,0,29
2025-03-14,U11,zone_3,62,63.1,435,0,29
2025-03-15,U11,zone_3,54,73.62,403,0,29
2025-03-16,U11,zone_3,38,65.76,300,0,29
2025-03-17,U11,zone_3,41,65.2,214,0,29
2025-03-18,U11,zone_3,33,70.8,202,0,29
2025-03-19,U11,zone_3,26,72.68,278,0,29
2025-03-20,U11,zone_3,69,75.13,356,1,29
2025-03-21,U11,zone_3,59,79.14,375,1,29
2025-03-22,U11,zone_3,56,69.59,381,0,29
2025-03-23,U11,zone_3,47,68.4,296,0,29
2025-03-24,U11,zone_3,26,66.66,205,0,29
2025-03-25,U11,zone_3,18,69.98,214,0,29
2025-03-26,U11,zone_3,35,77.86,261,0,29
2025-03-27,U11,zone_3,64,65.74,370,0,29
2025-03-28,U11,zone_3,58,77.06,362,0,29
2025-03-29,U11,zone_3,62,65.94,398,0,29
2025-03-30,U11,zone_3,41,73.15,247,0,29
2025-03-31,U11,zone_3,30,58.63,238,0,29
2025-04-01,U11,zone_3,27,77.42,159,0,29
2025-04-02,U11,zone_3,28,71.09,270,0,29
2025-04-03,U11,zone_3,55,71.43,348,0,29
2025-04-04,U11,zone_3,61,69.44,411,0,29
2025-04-05,U11,zone_3,57,62.95,412,0,29
2025-04-06,U11,zone_3,37,76.25,279,0,29
2025-04-07,U11,zone_3,29,69.44,174,0,29
2025-04-08,U11,zone_3,25,66.67,181,0,29
2025-04-09,U11,zone_3,37,78.78,206,0,29
2025-04-10,U11,zone_3,58,68.81,372,0,29
2025-04-11,U11,zone_3,66,70.1,384,0,29
2025-04-12,U11,zone_3,62,77.2,362,0,29
2025-04-13,U11,zone_3,46,76.0,276,0,29
2025-04-14,U11,zone_3,26,69.55,172,0,29
2025-04-15,U11,zone_3,26,78.38,160,0,29
2025-04-16,U11,zone_3,26,70.66,261,0,29
2025-04-17,U11,zone_3,58,72.98,361,0,29
2025-04-18,U11,zone_3,57,63.19,430,0,29
2025-04-19,U11,zone_3,42,73.18,345,0,29
2025-04-20,U11,zone_3,38,71.75,243,0,29
2025-04-21,U11,zone_3,16,71.86,158,0,29
2025-04-22,U11,zone_3,25,67.96,206,0,29
2025-04-23,U11,zone_3,36,73.79,243,0,29
2025-04-24,U11,zone_3,54,71.39,332,0,29
2025-04-25,U11,zone_3,64,70.27,372,0,29
2025-04-26,U11,zone_3,46,72.29,361,0,29
2025-04-27,U11,zone_3,39,69.13,277,0,29
2025-04-28,U11,zone_3,28,74.34,167,0,29
2025-04-29,U11,zone_3,22,73.56,156,1,29
2025-04-30,U11,zone_3,34,76.45,206,1,29
2025-05-01,U11,zone_3,60,70.87,339,0,29
2025-05-02,U11,zone_3,43,64.96,416,0,29
2025-05-03,U11,zone_3,44,72.98,331,0,29
2025-05-04,U11,zone_3,33,70.71,252,0,29
2025-05-05,U11,zone_3,33,69.9,179,0,29
2025-05-06,U11,zone_3,17,69.18,167,0,29
2025-05-07,U11,zone_3,35,66.61,235,0,29
2025-05-08,U11,zone_3,40,75.94,287,0,29
2025-05-09,U11,zone_3,58,71.77,351,0,29
2025-05-10,U11,zone_3,41,69.61,341,0,29
2025-05-11,U11,zone_3,29,65.16,285,0,29
2025-05-12,U11,zone_3,25,71.63,142,0,29
2025-05-13,U11,zone_3,20,79.03,168,0,29
2025-05-14,U11,zone_3,34,73.47,225,0,29
2025-05-15,U11,zone_3,48,73.13,325,0,29
2025-05-16,U11,zone_3,57,70.84,356,0,29
2025-05-17,U11,zone_3,39,66.88,329,0,29
2025-05-18,U11,zone_3,37,68.01,225,0,29
2025-05-19,U11,zone_3,28,68.55,176,0,29
2025-05-20,U11,zone_3,23,65.94,183,0,29
2025-05-21,U11,zone_3,27,75.82,204,0,29
2025-05-22,U11,zone_3,45,73.38,329,0,29
2025-05-23,U11,zone_3,49,71.81,356,0,29
2025-05-24,U11,zone_3,56,68.58,330,0,29
2025-05-25,U11,zone_3,31,67.17,269,0,29
2025-05-26,U11,zone_3,19,68.74,165,0,29
2025-05-27,U11,zone_3,26,65.83,155,0,29
2025-05-28,U11,zone_3,37,81.99,210,0,29
2025-05-29,U11,zone_3,58,63.13,339,0,29
2025-05-30,U11,zone_3,57,65.09,379,0,29
2025-05-31,U11,zone_3,52,63.6,361,0,29
2025-06-01,U11,zone_3,31,68.79,220,0,29
2025-06-02,U11,zone_3,21,66.88,189,0,29
2025-06-03,U11,zone_3,19,75.16,170,0,29
2025-06-04,U11,zone_3,36,60.6,281,0,29
2025-06-05,U11,zone_3,40,73.54,358,0,29
2025-06-06,U11,zone_3,45,65.13,391,0,29
2025-06-07,U11,zone_3,34,64.91,359,0,29
2025-06-08,U11,zone_3,29,66.92,257,1,29
2025-06-09,U11,zone_3,24,67.64,175,1,29
2025-06-10,U11,zone_3,27,68.64,178,0,29
2025-06-11,U11,zone_3,46,63.68,270,0,29
2025-06-12,U11,zone_3,51,64.52,354,0,29
2025-06-13,U11,zone_3,54,70.98,373,0,29
2025-06-14,U11,zone_3,42,65.9,326,0,29
2025-06-15,U11,zone_3,36,74.96,245,0,29
2025-06-16,U11,zone_3,27,63.71,175,0,29
2025-06-17,U11,zone_3,26,69.03,165,0,29
2025-06-18,U11,zone_3,32,68.55,238,0,29
2025-06-19,U11,zone_3,56,66.43,356,0,29
2025-06-20,U11,zone_3,61,65.23,429,0,29
2025-06-21,U11,zone_3,50,71.17,323,0,29
2025-06-22,U11,zone_3,41,74.59,241,0,29
2025-06-23,U11,zone_3,29,62.98,173,0,29
2025-06-24,U11,zone_3,31,68.88,174,0,29
2025-06-25,U11,zone_3,32,80.24,208,0,29
2025-06-26,U11,zone_3,50,59.98,386,0,29
2025-06-27,U11,zone_3,32,77.16,342,0,29
2025-06-28,U11,zone_3,47,79.1,301,0,29
2025-06-29,U11,zone_3,32,82.23,221,0,29
2025-06-30,U11,zone_3,28,74.19,166,0,29
2025-07-01,U11,zone_3,23,70.54,184,0,29
2025-07-02,U11,zone_3,41,72.59,200,0,29
2025-07-03,U11,zone_3,62,62.19,360,0,29
2025-07-04,U11,zone_3,52,67.23,380,0,29
2025-07-05,U11,zone_3,61,65.77,360,0,29
2025-07-06,U11,zone_3,27,73.08,254,0,29
2025-07-07,U11,zone_3,30,72.88,179,0,29
2025-07-08,U11,zone_3,29,73.49,163,0,29
2025-07-09,U11,zone_3,32,69.55,264,0,29
2025-07-10,U11,zone_3,58,71.96,344,0,29
2025-07-11,U11,zone_3,52,69.0,375,0,29
2025-07-12,U11,zone_3,45,67.09,357,0,29
2025-07-13,U11,zone_3,41,66.6,252,0,29
2025-07-14,U11,zone_3,34,78.77,180,0,29
2025-07-15,U11,zone_3,29,56.2,187,0,29
2025-07-16,U11,zone_3,27,76.33,245,0,29
2025-07-17,U11,zone_3,52,74.11,358,0,29
2025-07-18,U11,zone_3,39,78.37,346,1,29
2025-07-19,U11,zone_3,61,67.85,369,1,29
2025-07-20,U11,zone_3,44,73.4,237,0,29
2025-07-21,U11,zone_3,24,67.84,186,0,29
2025-07-22,U11,zone_3,26,63.6,195,0,29
2025-07-23,U11,zone_3,38,77.96,241,0,29
2025-07-24,U11,zone_3,49,73.96,317,0,29
2025-07-25,U11,zone_3,52,72.75,403,0,29
2025-07-26,U11,zone_3,74,62.14,412,0,29
2025-07-27,U11,zone_3,54,70.65,277,0,29
2025-07-28,U11,zone_3,29,56.14,221,0,29
2025-07-29,U11,zone_3,32,62.4,189,0,29
2025-07-30,U11,zone_3,45,64.67,284,0,29
2025-07-31,U11,zone_3,45,75.93,343,0,29
2025-08-01,U11,zone_3,71,61.89,433,0,29
2025-08-02,U11,zone_3,57,63.17,407,0,29
2025-08-03,U11,zone_3,35,74.68,252,0,29
2025-08-04,U11,zone_3,28,66.92,216,0,29
2025-08-05,U11,zone_3,19,69.78,177,0,29
2025-08-06,U11,zone_3,36,64.09,318,0,29
2025-08-07,U11,zone_3,52,72.94,375,0,29
2025-08-08,U11,zone_3,66,69.77,420,0,29
2025-08-09,U11,zone_3,51,77.17,367,0,29
2025-08-10,U11,zone_3,45,72.86,279,0,29
2025-08-11,U11,zone_3,31,75.4,182,0,29
2025-08-12,U11,zone_3,18,78.82,172,0,29
2025-08-13,U11,zone_3,38,69.37,269,0,29
2025-08-14,U11,zone_3,42,79.77,342,0,29
2025-08-15,U11,zone_3,79,58.85,540,0,29
2025-08-16,U11,zone_3,58,69.49,367,0,29
2025-08-17,U11,zone_3,45,75.87,305,0,29
2025-08-18,U11,zone_3,30,70.67,212,0,29
2025-08-19,U11,zone_3,22,72.39,181,0,29
2025-08-20,U11,zone_3,40,75.78,252,0,29
2025-08-21,U11,zone_3,70,62.1,385,0,29
2025-08-22,U11,zone_3,72,66.54,489,0,29
2025-08-23,U11,zone_3,59,64.47,414,0,29
2025-08-24,U11,zone_3,35,69.66,295,0,29
2025-08-25,U11,zone_3,31,59.96,220,0,29
2025-08-26,U11,zone_3,28,74.96,179,0,29
2025-08-27,U11,zone_3,37,73.56,278,1,29
2025-08-28,U11,zone_3,37,76.98,397,1,29
2025-08-29,U11,zone_3,49,79.14,403,0,29
2025-08-30,U11,zone_3,59,68.17,406,0,29
2025-08-31,U11,zone_3,43,66.85,312,0,29
2025-09-01,U11,zone_3,33,68.49,231,0,29
2025-09-02,U11,zone_3,26,64.12,234,0,29
2025-09-03,U11,zone_3,40,67.29,306,0,29
2025-09-04,U11,zone_3,56,74.95,337,0,29
2025-09-05,U11,zone_3,69,74.88,448,0,29
2025-09-06,U11,zone_3,54,72.52,462,0,29
2025-09-07,U11,zone_3,46,72.62,273,0,29
2025-09-08,U11,zone_3,34,69.22,240,0,29
2025-09-09,U11,zone_3,31,71.53,215,0,29
2025-09-10,U11,zone_3,45,70.61,322,0,29
2025-09-11,U11,zone_3,54,68.68,427,0,29
2025-09-12,U11,zone_3,62,74.79,448,0,29
2025-09-13,U11,zone_3,81,65.67,436,0,29
2025-09-14,U11,zone_3,33,68.76,325,0,29
2025-09-15,U11,zone_3,38,72.2,235,0,29
2025-09-16,U11,zone_3,44,73.74,205,0,29
2025-09-17,U11,zone_3,49,75.43,293,0,29
2025-09-18,U11,zone_3,56,71.62,435,0,29
2025-09-19,U11,zone_3,68,62.35,517,0,29
2025-09-20,U11,zone_3,69,68.74,485,0,29
2025-09-21,U11,zone_3,45,68.4,325,0,29
2025-09-22,U11,zone_3,31,71.38,232,0,29
2025-09-23,U11,zone_3,38,69.44,195,0,29
2025-09-24,U11,zone_3,53,66.03,310,0,29
2025-09-25,U11,zone_3,68,68.05,433,0,29
2025-09-26,U11,zone_3,80,64.81,513,0,29
2025-09-27,U11,zone_3,68,70.59,442,0,29
2025-09-28,U11,zone_3,48,67.38,386,0,29
2025-09-29,U11,zone_3,40,60.83,300,0,29
2025-09-30,U11,zone_3,27,69.73,250,0,29
2025-10-01,U11,zone_3,46,66.83,304,0,29
2025-10-02,U11,zone_3,82,67.19,425,0,29
2025-10-03,U11,zone_3,79,68.29,493,0,29
2025-10-04,U11,zone_3,83,67.67,464,0,29
2025-10-05,U11,zone_3,52,66.57,358,0,29
2025-10-06,U11,zone_3,23,83.77,202,1,29
2025-10-07,U11,zone_3,48,64.36,261,1,29
2025-10-08,U11,zone_3,42,70.58,349,0,29
2025-10-09,U11,zone_3,80,65.29,476,0,29
2025-10-10,U11,zone_3,69,70.95,483,0,29
2025-10-11,U11,zone_3,59,72.36,439,0,29
2025-10-12,U11,zone_3,44,83.8,286,0,29
2025-10-13,U11,zone_3,38,63.7,283,0,29
2025-10-14,U11,zone_3,34,72.43,238,0,29
2025-10-15,U11,zone_3,36,65.62,342,0,29
2025-10-16,U11,zone_3,61,81.36,381,0,29
2025-10-17,U11,zone_3,89,72.41,518,0,29
2025-10-18,U11,zone_3,68,71.95,465,0,29
2025-10-19,U11,zone_3,52,68.48,348,0,29
2025-10-20,U11,zone_3,26,80.33,214,0,29
2025-10-21,U11,zone_3,49,66.75,238,0,29
2025-10-22,U11,zone_3,52,75.26,305,0,29
2025-10-23,U11,zone_3,68,69.16,454,0,29
2025-10-24,U11,zone_3,77,67.84,515,0,29
2025-10-25,U11,zone_3,65,75.69,462,0,29
2024-09-01,U12,zone_0,43,64.51,316,1,30
2024-09-02,U12,zone_0,29,67.68,216,1,30
2024-09-03,U12,zone_0,30,69.33,272,0,30
2024-09-04,U12,zone_0,36,83.51,306,0,30
2024-09-05,U12,zone_0,67,70.52,462,0,30
2024-09-06,U12,zone_0,60,72.66,483,0,30
2024-09-07,U12,zone_0,78,65.97,409,0,30
2024-09-08,U12,zone_0,35,71.61,320,0,30
2024-09-09,U12,zone_0,24,74.01,226,0,30
2024-09-10,U12,zone_0,46,71.14,226,0,30
2024-09-11,U12,zone_0,66,66.04,368,0,30
2024-09-12,U12,zone_0,74,62.29,530,0,30
2024-09-13,U12,zone_0,74,70.88,499,0,30
2024-09-14,U12,zone_0,77,63.18,474,0,30
2024-09-15,U12,zone_0,33,71.05,288,0,30
2024-09-16,U12,zone_0,27,70.55,235,0,30
2024-09-17,U12,zone_0,31,78.76,201,0,30
2024-09-18,U12,zone_0,55,71.16,373,0,30
2024-09-19,U12,zone_0,79,65.81,487,0,30
2024-09-20,U12,zone_0,78,75.78,531,0,30
2024-09-21,U12,zone_0,65,68.97,452,0,30
2024-09-22,U12,zone_0,54,69.97,306,0,30
2024-09-23,U12,zone_0,47,60.71,253,0,30
2024-09-24,U12,zone_0,36,69.97,255,0,30
2024-09-25,U12,zone_0,57,71.11,392,0,30
2024-09-26,U12,zone_0,82,60.53,574,0,30
2024-09-27,U12,zone_0,85,70.16,520,0,30
2024-09-28,U12,zone_0,56,78.28,392,0,30
2024-09-29,U12,zone_0,60,57.86,368,0,30
2024-09-30,U12,zone_0,29,76.14,208,0,30
2024-10-01,U12,zone_0,40,69.37,248,0,30
2024-10-02,U12,zone_0,48,68.56,423,0,30
2024-10-03,U12,zone_0,75,69.5,492,0,30
2024-10-04,U12,zone_0,86,69.86,528,0,30
2024-10-05,U12,zone_0,53,69.15,484,0,30
2024-10-06,U12,zone_0,48,69.98,295,0,30
2024-10-07,U12,zone_0,32,76.52,215,0,30
2024-10-08,U12,zone_0,38,67.6,275,0,30
2024-10-09,U12,zone_0,61,70.14,403,0,30
2024-10-10,U12,zone_0,96,62.09,562,0,30
2024-10-11,U12,zone_0,77,70.85,565,1,30
2024-10-12,U12,zone_0,65,73.92,503,1,30
2024-10-13,U12,zone_0,34,68.27,314,0,30
2024-10-14,U12,zone_0,33,65.94,245,0,30
2024-10-15,U12,zone_0,47,66.18,308,0,30
2024-10-16,U12,zone_0,53,72.5,363,0,30
2024-10-17,U12,zone_0,58,77.94,470,0,30
2024-10-18,U12,zone_0,86,73.43,553,0,30
2024-10-19,U12,zone_0,59,73.05,477,0,30
2024-10-20,U12,zone_0,45,67.99,336,0,30
2024-10-21,U12,zone_0,33,72.34,234,0,30
2024-10-22,U12,zone_0,44,75.43,256,0,30
2024-10-23,U12,zone_0,66,65.31,434,0,30
2024-10-24,U12,zone_0,87,78.75,456,0,30
2024-10-25,U12,zone_0,85,68.88,564,0,30
2024-10-26,U12,zone_0,65,73.46,457,0,30
2024-10-27,U12,zone_0,39,74.47,326,0,30
2024-10-28,U12,zone_0,37,70.46,258,0,30
2024-10-29,U12,zone_0,46,69.35,287,0,30
2024-10-30,U12,zone_0,59,65.47,428,0,30
2024-10-31,U12,zone_0,95,64.77,572,0,30
2024-11-01,U12,zone_0,90,69.96,576,0,30
2024-11-02,U12,zone_0,70,67.4,521,0,30
2024-11-03,U12,zone_0,50,74.95,319,0,30
2024-11-04,U12,zone_0,51,68.95,267,0,30
2024-11-05,U12,zone_0,36,69.8,258,0,30
2024-11-06,U12,zone_0,62,64.51,453,0,30
2024-11-07,U12,zone_0,70,71.57,519,0,30
2024-11-08,U12,zone_0,80,76.14,524,0,30
2024-11-09,U12,zone_0,58,74.29,500,0,30
2024-11-10,U12,zone_0,37,74.22,294,0,30
2024-11-11,U12,zone_0,34,73.31,240,0,30
2024-11-12,U12,zone_0,42,71.5,276,0,30
2024-11-13,U12,zone_0,64,60.7,494,0,30
2024-11-14,U12,zone_0,73,75.04,557,0,30
2024-11-15,U12,zone_0,86,79.08,538,0,30
2024-11-16,U12,zone_0,77,77.58,443,0,30
2024-11-17,U12,zone_0,65,65.82,354,0,30
2024-11-18,U12,zone_0,40,73.94,205,0,30
2024-11-19,U12,zone_0,34,74.26,291,0,30
2024-11-20,U12,zone_0,71,64.87,420,1,30
2024-11-21,U12,zone_0,71,66.3,546,1,30
2024-11-22,U12,zone_0,83,70.6,546,0,30
2024-11-23,U12,zone_0,72,76.97,441,0,30
2024-11-24,U12,zone_0,47,67.92,340,0,30
2024-11-25,U12,zone_0,33,65.27,260,0,30
2024-11-26,U12,zone_0,30,74.87,267,0,30
2024-11-27,U12,zone_0,64,74.19,404,0,30
2024-11-28,U12,zone_0,84,65.19,605,0,30
2024-11-29,U12,zone_0,76,77.32,525,0,30
2024-11-30,U12,zone_0,66,71.75,547,0,30
2024-12-01,U12,zone_0,54,62.49,398,0,30
2024-12-02,U12,zone_0,31,73.29,286,0,30
2024-12-03,U12,zone_0,44,77.4,273,0,30
2024-12-04,U12,zone_0,69,70.7,434,0,30
2024-12-05,U12,zone_0,82,64.42,573,0,30
2024-12-06,U12,zone_0,68,67.6,622,0,30
2024-12-07,U12,zone_0,58,81.2,412,0,30
2024-12-08,U12,zone_0,36,68.72,320,0,30
2024-12-09,U12,zone_0,37,70.64,279,0,30
2024-12-10,U12,zone_0,42,70.7,309,0,30
2024-12-11,U12,zone_0,52,56.19,488,0,30
2024-12-12,U12,zone_0,62,83.67,492,0,30
2024-12-13,U12,zone_0,93,66.81,594,0,30
2024-12-14,U12,zone_0,57,83.63,455,0,30
2024-12-15,U12,zone_0,45,73.17,341,0,30
2024-12-16,U12,zone_0,34,70.24,253,0,30
2024-12-17,U12,zone_0,38,73.11,276,0,30
2024-12-18,U12,zone_0,45,82.31,357,0,30
2024-12-19,U12,zone_0,92,69.51,503,0,30
2024-12-20,U12,zone_0,72,69.06,563,0,30
2024-12-21,U12,zone_0,64,70.82,463,0,30
2024-12-22,U12,zone_0,59,63.99,360,0,30
2024-12-23,U12,zone_0,33,71.47,253,0,30
2024-12-24,U12,zone_0,42,64.9,306,0,30
2024-12-25,U12,zone_0,69,62.34,489,0,30
2024-12-26,U12,zone_0,77,75.13,540,0,30
2024-12-27,U12,zone_0,74,77.28,551,0,30
2024-12-28,U12,zone_0,91,61.84,540,0,30
2024-12-29,U12,zone_0,38,72.63,327,0,30
2024-12-30,U12,zone_0,39,77.99,221,1,30
2024-12-31,U12,zone_0,40,66.1,290,1,30
2025-01-01,U12,zone_0,71,64.77,411,0,30
2025-01-02,U12,zone_0,75,69.08,555,0,30
2025-01-03,U12,zone_0,73,78.69,508,0,30
2025-01-04,U12,zone_0,50,79.87,404,0,30
2025-01-05,U12,zone_0,44,74.51,300,0,30
2025-01-06,U12,zone_0,40,66.12,263,0,30
2025-01-07,U12,zone_0,30,77.42,266,0,30
2025-01-08,U12,zone_0,69,68.91,395,0,30
2025-01-09,U12,zone_0,65,86.23,475,0,30
2025-01-10,U12,zone_0,79,70.74,555,0,30
2025-01-11,U12,zone_0,63,70.63,489,0,30
2025-01-12,U12,zone_0,46,68.51,332,0,30
2025-01-13,U12,zone_0,28,74.51,236,0,30
2025-01-14,U12,zone_0,43,69.87,289,0,30
2025-01-15,U12,zone_0,70,71.15,390,0,30
2025-01-16,U12,zone_0,72,71.25,518,0,30
2025-01-17,U12,zone_0,82,62.4,601,0,30
2025-01-18,U12,zone_0,70,73.2,441,0,30
2025-01-19,U12,zone_0,44,68.59,338,0,30
2025-01-20,U12,zone_0,33,64.32,229,0,30
2025-01-21,U12,zone_0,42,63.42,300,0,30
2025-01-22,U12,zone_0,55,64.97,414,0,30
2025-01-23,U12,zone_0,58,70.87,487,0,30
2025-01-24,U12,zone_0,73,72.55,528,0,30
2025-01-25,U12,zone_0,58,74.43,396,0,30
2025-01-26,U12,zone_0,42,82.04,286,0,30
2025-01-27,U12,zone_0,38,68.74,243,0,30
2025-01-28,U12,zone_0,39,69.06,281,0,30
2025-01-29,U12,zone_0,66,64.17,462,0,30
2025-01-30,U12,zone_0,61,72.93,500,0,30
2025-01-31,U12,zone_0,72,66.25,528,0,30
2025-02-01,U12,zone_0,67,65.32,514,0,30
2025-02-02,U12,zone_0,51,55.78,423,0,30
2025-02-03,U12,zone_0,27,68.86,234,0,30
2025-02-04,U12,zone_0,41,69.41,260,0,30
2025-02-05,U12,zone_0,52,67.49,380,0,30
2025-02-06,U12,zone_0,76,70.32,504,0,30
2025-02-07,U12,zone_0,65,73.39,522,0,30
2025-02-08,U12,zone_0,70,76.62,404,1,30
2025-02-09,U12,zone_0,42,71.5,286,1,30
2025-02-10,U12,zone_0,25,65.64,230,0,30
2025-02-11,U12,zone_0,32,66.73,269,0,30
2025-02-12,U12,zone_0,56,68.64,423,0,30
2025-02-13,U12,zone_0,85,67.32,492,0,30
2025-02-14,U12,zone_0,68,71.6,507,0,30
2025-02-15,U12,zone_0,54,72.57,374,0,30
2025-02-16,U12,zone_0,40,66.22,310,0,30
2025-02-17,U12,zone_0,38,67.92,215,0,30
2025-02-18,U12,zone_0,45,67.99,255,0,30
2025-02-19,U12,zone_0,57,70.91,356,0,30
2025-02-20,U12,zone_0,67,66.27,536,0,30
2025-02-21,U12,zone_0,70,70.05,534,0,30
2025-02-22,U12,zone_0,55,70.34,394,0,30
2025-02-23,U12,zone_0,47,71.39,253,0,30
2025-02-24,U12,zone_0,19,73.11,231,0,30
2025-02-25,U12,zone_0,39,67.1,240,0,30
2025-02-26,U12,zone_0,55,67.1,387,0,30
2025-02-27,U12,zone_0,59,70.9,481,0,30
2025-02-28,U12,zone_0,86,58.04,613,0,30
2025-03-01,U12,zone_0,60,64.47,415,0,30
2025-03-02,U12,zone_0,40,69.77,294,0,30
2025-03-03,U12,zone_0,33,73.51,188,0,30
2025-03-04,U12,zone_0,37,79.14,206,0,30
2025-03-05,U12,zone_0,35,75.24,312,0,30
2025-03-06,U12,zone_0,68,61.31,516,0,30
2025-03-07,U12,zone_0,63,72.97,454,0,30
2025-03-08,U12,zone_0,47,80.84,374,0,30
2025-03-09,U12,zone_0,47,66.25,288,0,30
2025-03-10,U12,zone_0,26,63.27,232,0,30
2025-03-11,U12,zone_0,47,73.81,220,0,30
2025-03-12,U12,zone_0,50,72.92,320,0,30
2025-03-13,U12,zone_0,76,63.85,479,0,30
2025-03-14,U12,zone_0,63,80.68,428,0,30
2025-03-15,U12,zone_0,61,61.37,436,0,30
2025-03-16,U12,zone_0,40,71.88,269,0,30
2025-03-17,U12,zone_0,27,72.75,191,0,30
2025-03-18,U12,zone_0,20,69.78,241,0,30
2025-03-19,U12,zone_0,48,80.5,284,0,30
2025-03-20,U12,zone_0,67,70.74,440,1,30
2025-03-21,U12,zone_0,56,70.47,463,1,30
2025-03-22,U12,zone_0,53,71.35,356,0,30
2025-03-23,U12,zone_0,30,64.59,329,0,30
2025-03-24,U12,zone_0,23,72.16,187,0,30
2025-03-25,U12,zone_0,34,70.63,171,0,30
2025-03-26,U12,zone_0,38,73.6,304,0,30
2025-03-27,U12,zone_0,52,75.04,423,0,30
2025-03-28,U12,zone_0,60,75.18,380,0,30
2025-03-29,U12,zone_0,57,63.7,405,0,30
2025-03-30,U12,zone_0,40,69.09,265,0,30
2025-03-31,U12,zone_0,24,73.58,184,0,30
2025-04-01,U12,zone_0,31,66.65,226,0,30
2025-04-02,U12,zone_0,34,68.54,344,0,30
2025-04-03,U12,zone_0,60,68.53,441,0,30
2025-04-04,U12,zone_0,58,77.9,392,0,30
2025-04-05,U12,zone_0,69,60.91,410,0,30
2025-04-06,U12,zone_0,25,71.32,233,0,30
2025-04-07,U12,zone_0,31,69.97,215,0,30
2025-04-08,U12,zone_0,35,70.73,189,0,30
2025-04-09,U12,zone_0,46,74.03,298,0,30
2025-04-10,U12,zone_0,53,66.9,442,0,30
2025-04-11,U12,zone_0,79,61.83,460,0,30
2025-04-12,U12,zone_0,58,71.05,330,0,30
2025-04-13,U12,zone_0,34,66.72,279,0,30
2025-04-14,U12,zone_0,32,68.49,170,0,30
2025-04-15,U12,zone_0,24,68.26,224,0,30
2025-04-16,U12,zone_0,49,68.53,291,0,30
2025-04-17,U12,zone_0,60,66.3,426,0,30
2025-04-18,U12,zone_0,64,65.02,452,0,30
2025-04-19,U12,zone_0,53,70.75,372,0,30
2025-04-20,U12,zone_0,27,74.1,222,0,30
2025-04-21,U12,zone_0,22,76.69,156,0,30
2025-04-22,U12,zone_0,28,61.14,214,0,30
2025-04-23,U12,zone_0,54,57.82,349,0,30
2025-04-24,U12,zone_0,51,72.61,383,0,30
2025-04-25,U12,zone_0,54,67.75,391,0,30
2025-04-26,U12,zone_0,45,67.61,379,0,30
2025-04-27,U12,zone_0,42,64.54,277,0,30
2025-04-28,U12,zone_0,17,68.99,188,0,30
2025-04-29,U12,zone_0,25,70.52,204,1,30
2025-04-30,U12,zone_0,44,70.95,270,1,30
2025-05-01,U12,zone_0,62,73.49,373,0,30
2025-05-02,U12,zone_0,59,73.23,388,0,30
2025-05-03,U12,zone_0,51,67.94,329,0,30
2025-05-04,U12,zone_0,43,74.88,209,0,30
2025-05-05,U12,zone_0,27,63.29,194,0,30
2025-05-06,U12,zone_0,35,70.77,190,0,30
2025-05-07,U12,zone_0,29,74.4,292,0,30
2025-05-08,U12,zone_0,59,68.64,392,0,30
2025-05-09,U12,zone_0,61,72.37,414,0,30
2025-05-10,U12,zone_0,46,73.58,327,0,30
2025-05-11,U12,zone_0,32,75.75,230,0,30
2025-05-12,U12,zone_0,28,67.49,163,0,30
2025-05-13,U12,zone_0,30,69.38,180,0,30
2025-05-14,U12,zone_0,53,62.28,312,0,30
2025-05-15,U12,zone_0,50,72.61,353,0,30
2025-05-16,U12,zone_0,58,75.03,393,0,30
2025-05-17,U12,zone_0,50,69.44,335,0,30
2025-05-18,U12,zone_0,44,59.54,276,0,30
2025-05-19,U12,zone_0,24,79.91,148,0,30
2025-05-20,U12,zone_0,29,66.75,172,0,30
2025-05-21,U12,zone_0,38,73.71,292,0,30
2025-05-22,U12,zone_0,50,65.97,382,0,30
2025-05-23,U12,zone_0,60,61.94,458,0,30
2025-05-24,U12,zone_0,58,72.81,296,0,30
2025-05-25,U12,zone_0,32,65.11,226,0,30
2025-05-26,U12,zone_0,27,67.19,167,0,30
2025-05-27,U12,zone_0,27,73.11,176,0,30
2025-05-28,U12,zone_0,31,69.66,306,0,30
2025-05-29,U12,zone_0,62,66.24,370,0,30
2025-05-30,U12,zone_0,36,70.31,387,0,30
2025-05-31,U12,zone_0,56,70.67,303,0,30
2025-06-01,U12,zone_0,24,65.91,245,0,30
2025-06-02,U12,zone_0,33,68.01,188,0,30
2025-06-03,U12,zone_0,25,70.13,205,0,30
2025-06-04,U12,zone_0,45,76.56,255,0,30
2025-06-05,U12,zone_0,47,67.9,366,0,30
2025-06-06,U12,zone_0,54,76.08,363,0,30
2025-06-07,U12,zone_0,32,74.83,307,0,30
2025-06-08,U12,zone_0,32,61.8,264,1,30
2025-06-09,U12,zone_0,19,78.82,152,1,30
2025-06-10,U12,zone_0,25,68.75,184,0,30
2025-06-11,U12,zone_0,53,65.25,313,0,30
2025-06-12,U12,zone_0,64,63.93,421,0,30
2025-06-13,U12,zone_0,60,62.63,453,0,30
2025-06-14,U12,zone_0,52,66.63,362,0,30
2025-06-15,U12,zone_0,22,72.11,219,0,30
2025-06-16,U12,zone_0,30,70.33,163,0,30
2025-06-17,U12,zone_0,28,67.58,185,0,30
2025-06-18,U12,zone_0,38,67.97,297,0,30
2025-06-19,U12,zone_0,48,70.9,376,0,30
2025-06-20,U12,zone_0,66,61.42,455,0,30
2025-06-21,U12,zone_0,45,59.27,342,0,30
2025-06-22,U12,zone_0,38,69.99,227,0,30
2025-06-23,U12,zone_0,19,65.89,208,0,30
2025-06-24,U12,zone_0,30,71.17,182,0,30
2025-06-25,U12,zone_0,44,76.15,247,0,30
2025-06-26,U12,zone_0,40,70.92,366,0,30
2025-06-27,U12,zone_0,58,70.78,370,0,30
2025-06-28,U12,zone_0,55,65.14,378,0,30
2025-06-29,U12,zone_0,34,73.63,245,0,30
2025-06-30,U12,zone_0,20,71.8,172,0,30
2025-07-01,U12,zone_0,31,70.44,180,0,30
2025-07-02,U12,zone_0,39,65.97,310,0,30
2025-07-03,U12,zone_0,81,70.43,387,0,30
2025-07-04,U12,zone_0,62,60.96,474,0,30
2025-07-05,U12,zone_0,26,77.1,314,0,30
2025-07-06,U12,zone_0,29,75.5,204,0,30
2025-07-07,U12,zone_0,21,75.09,165,0,30
2025-07-08,U12,zone_0,24,74.76,178,0,30
2025-07-09,U12,zone_0,49,68.35,293,0,30
2025-07-10,U12,zone_0,45,70.46,384,0,30
2025-07-11,U12,zone_0,57,70.36,403,0,30
2025-07-12,U12,zone_0,57,73.45,336,0,30
2025-07-13,U12,zone_0,32,71.12,253,0,30
2025-07-14,U12,zone_0,24,69.26,170,0,30
2025-07-15,U12,zone_0,31,67.57,223,0,30
2025-07-16,U12,zone_0,48,68.01,286,0,30
2025-07-17,U12,zone_0,59,67.5,418,0,30
2025-07-18,U12,zone_0,54,69.5,432,1,30
2025-07-19,U12,zone_0,41,72.03,335,1,30
2025-07-20,U12,zone_0,41,64.08,263,0,30
2025-07-21,U12,zone_0,16,68.23,178,0,30
2025-07-22,U12,zone_0,28,75.52,199,0,30
2025-07-23,U12,zone_0,54,70.28,300,0,30
2025-07-24,U12,zone_0,67,68.81,412,0,30
2025-07-25,U12,zone_0,58,74.66,401,0,30
2025-07-26,U12,zone_0,39,71.33,356,0,30
2025-07-27,U12,zone_0,41,69.26,267,0,30
2025-07-28,U12,zone_0,32,70.37,186,0,30
2025-07-29,U12,zone_0,44,56.94,262,0,30
2025-07-30,U12,zone_0,59,66.67,317,0,30
2025-07-31,U12,zone_0,51,76.7,368,0,30
2025-08-01,U12,zone_0,39,78.2,393,0,30
2025-08-02,U12,zone_0,61,64.57,396,0,30
2025-08-03,U12,zone_0,30,73.71,209,0,30
2025-08-04,U12,zone_0,20,70.61,220,0,30
2025-08-05,U12,zone_0,43,72.2,246,0,30
2025-08-06,U12,zone_0,60,61.99,350,0,30
2025-08-07,U12,zone_0,75,63.62,444,0,30
2025-08-08,U12,zone_0,58,70.56,457,0,30
2025-08-09,U12,zone_0,48,71.79,369,0,30
2025-08-10,U12,zone_0,34,68.47,273,0,30
2025-08-11,U12,zone_0,21,68.86,196,0,30
2025-08-12,U12,zone_0,38,64.34,239,0,30
2025-08-13,U12,zone_0,47,66.88,346,0,30
2025-08-14,U12,zone_0,64,66.87,434,0,30
2025-08-15,U12,zone_0,71,73.73,428,0,30
2025-08-16,U12,zone_0,55,74.58,377,0,30
2025-08-17,U12,zone_0,46,68.39,285,0,30
2025-08-18,U12,zone_0,28,78.52,174,0,30
2025-08-19,U12,zone_0,32,70.23,232,0,30
2025-08-20,U12,zone_0,57,64.29,346,0,30
2025-08-21,U12,zone_0,71,58.82,516,0,30
2025-08-22,U12,zone_0,61,62.47,489,0,30
2025-08-23,U12,zone_0,53,74.18,355,0,30
2025-08-24,U12,zone_0,46,72.57,251,0,30
2025-08-25,U12,zone_0,27,64.74,217,0,30
2025-08-26,U12,zone_0,31,72.02,236,0,30
2025-08-27,U12,zone_0,42,81.79,312,1,30
2025-08-28,U12,zone_0,68,74.01,411,1,30
2025-08-29,U12,zone_0,55,66.66,484,0,30
2025-08-30,U12,zone_0,50,76.28,359,0,30
2025-08-31,U12,zone_0,35,72.91,292,0,30
2025-09-01,U12,zone_0,34,63.98,228,0,30
2025-09-02,U12,zone_0,41,63.46,284,0,30
2025-09-03,U12,zone_0,41,72.58,342,0,30
2025-09-04,U12,zone_0,67,67.61,464,0,30
2025-09-05,U12,zone_0,64,70.03,513,0,30
2025-09-06,U12,zone_0,77,70.32,415,0,30
2025-09-07,U12,zone_0,48,66.88,296,0,30
2025-09-08,U12,zone_0,34,65.93,220,0,30
2025-09-09,U12,zone_0,28,76.19,247,0,30
2025-09-10,U12,zone_0,40,69.26,325,0,30
2025-09-11,U12,zone_0,65,70.77,504,0,30
2025-09-12,U12,zone_0,73,64.01,537,0,30
2025-09-13,U12,zone_0,55,62.01,463,0,30
2025-09-14,U12,zone_0,49,70.4,268,0,30
2025-09-15,U12,zone_0,23,74.09,212,0,30
2025-09-16,U12,zone_0,33,65.86,277,0,30
2025-09-17,U12,zone_0,52,69.09,376,0,30
2025-09-18,U12,zone_0,59,75.45,443,0,30
2025-09-19,U12,zone_0,72,71.97,499,0,30
2025-09-20,U12,zone_0,71,67.33,424,0,30
2025-09-21,U12,zone_0,36,72.96,316,0,30
2025-09-22,U12,zone_0,50,76.11,191,0,30
2025-09-23,U12,zone_0,36,62.83,300,0,30
2025-09-24,U12,zone_0,51,63.42,400,0,30
2025-09-25,U12,zone_0,61,63.86,515,0,30
2025-09-26,U12,zone_0,86,72.67,520,0,30
2025-09-27,U12,zone_0,43,70.33,464,0,30
2025-09-28,U12,zone_0,46,70.35,308,0,30
2025-09-29,U12,zone_0,46,67.16,242,0,30
2025-09-30,U12,zone_0,34,75.31,230,0,30
2025-10-01,U12,zone_0,63,68.3,391,0,30
2025-10-02,U12,zone_0,63,68.96,552,0,30
2025-10-03,U12,zone_0,91,72.63,533,0,30
2025-10-04,U12,zone_0,57,67.66,483,0,30
2025-10-05,U12,zone_0,50,65.76,371,0,30
2025-10-06,U12,zone_0,30,74.74,226,1,30
2025-10-07,U12,zone_0,41,60.18,303,1,30
2025-10-08,U12,zone_0,45,68.26,371,0,30
2025-10-09,U12,zone_0,64,74.15,499,0,30
2025-10-10,U12,zone_0,62,76.21,490,0,30
2025-10-11,U12,zone_0,66,72.16,440,0,30
2025-10-12,U12,zone_0,42,68.07,332,0,30
2025-10-13,U12,zone_0,31,75.59,239,0,30
2025-10-14,U12,zone_0,38,68.74,260,0,30
2025-10-15,U12,zone_0,64,68.9,424,0,30
2025-10-16,U12,zone_0,80,68.78,536,0,30
2025-10-17,U12,zone_0,81,65.53,551,0,30
2025-10-18,U12,zone_0,52,86.06,393,0,30
2025-10-19,U12,zone_0,37,63.76,371,0,30
2025-10-20,U12,zone_0,37,70.73,220,0,30
2025-10-21,U12,zone_0,37,72.12,294,0,30
2025-10-22,U12,zone_0,67,68.39,417,0,30
2025-10-23,U12,zone_0,86,56.93,621,0,30
2025-10-24,U12,zone_0,79,71.83,544,0,30
2025-10-25,U12,zone_0,65,76.31,439,0,30
2024-09-01,U13,zone_1,27,70.37,267,1,31
2024-09-02,U13,zone_1,29,70.37,224,1,31
2024-09-03,U13,zone_1,40,77.32,275,0,31
2024-09-04,U13,zone_1,56,67.91,438,0,31
2024-09-05,U13,zone_1,94,65.1,578,0,31
2024-09-06,U13,zone_1,90,59.98,564,0,31
2024-09-07,U13,zone_1,53,67.96,399,0,31
2024-09-08,U13,zone_1,31,75.83,224,0,31
2024-09-09,U13,zone_1,32,74.89,244,0,31
2024-09-10,U13,zone_1,39,75.01,246,0,31
2024-09-11,U13,zone_1,83,64.64,483,0,31
2024-09-12,U13,zone_1,74,77.89,499,0,31
2024-09-13,U13,zone_1,76,66.1,514,0,31
2024-09-14,U13,zone_1,55,69.62,391,0,31
2024-09-15,U13,zone_1,33,69.64,295,0,31
2024-09-16,U13,zone_1,28,67.85,231,0,31
2024-09-17,U13,zone_1,46,70.46,326,0,31
2024-09-18,U13,zone_1,66,67.94,477,0,31
2024-09-19,U13,zone_1,71,76.47,525,0,31
2024-09-20,U13,zone_1,87,63.32,584,0,31
2024-09-21,U13,zone_1,66,74.24,388,0,31
2024-09-22,U13,zone_1,44,72.36,284,0,31
2024-09-23,U13,zone_1,39,72.97,249,0,31
2024-09-24,U13,zone_1,55,65.82,334,0,31
2024-09-25,U13,zone_1,64,70.84,447,0,31
2024-09-26,U13,zone_1,77,73.69,513,0,31
2024-09-27,U13,zone_1,75,69.71,580,0,31
2024-09-28,U13,zone_1,55,65.7,439,0,31
2024-09-29,U13,zone_1,51,65.06,335,0,31
2024-09-30,U13,zone_1,38,70.76,229,0,31
2024-10-01,U13,zone_1,49,66.5,336,0,31
2024-10-02,U13,zone_1,60,61.07,495,0,31
2024-10-03,U13,zone_1,93,69.3,561,0,31
2024-10-04,U13,zone_1,88,64.64,590,0,31
2024-10-05,U13,zone_1,74,64.87,484,0,31
2024-10-06,U13,zone_1,35,72.59,300,0,31
2024-10-07,U13,zone_1,41,71.86,238,0,31
2024-10-08,U13,zone_1,44,65.62,318,0,31
2024-10-09,U13,zone_1,70,70.44,488,0,31
2024-10-10,U13,zone_1,68,74.81,535,0,31
2024-10-11,U13,zone_1,89,65.94,597,1,31
2024-10-12,U13,zone_1,57,69.42,417,1,31
2024-10-13,U13,zone_1,55,63.3,362,0,31
2024-10-14,U13,zone_1,28,73.27,251,0,31
2024-10-15,U13,zone_1,46,74.37,327,0,31
2024-10-16,U13,zone_1,54,64.88,514,0,31
2024-10-17,U13,zone_1,98,60.95,638,0,31
2024-10-18,U13,zone_1,81,79.82,548,0,31
2024-10-19,U13,zone_1,60,73.21,446,0,31
2024-10-20,U13,zone_1,59,69.2,307,0,31
2024-10-21,U13,zone_1,40,63.52,294,0,31
2024-10-22,U13,zone_1,60,70.83,323,0,31
2024-10-23,U13,zone_1,75,71.13,481,0,31
2024-10-24,U13,zone_1,64,69.45,586,0,31
2024-10-25,U13,zone_1,76,74.62,517,0,31
2024-10-26,U13,zone_1,60,69.71,415,0,31
2024-10-27,U13,zone_1,48,66.16,320,0,31
2024-10-28,U13,zone_1,51,72.63,238,0,31
2024-10-29,U13,zone_1,36,76.41,307,0,31
2024-10-30,U13,zone_1,63,70.75,459,0,31
2024-10-31,U13,zone_1,76,69.02,596,0,31
2024-11-01,U13,zone_1,104,60.67,649,0,31
2024-11-02,U13,zone_1,61,66.31,526,0,31
2024-11-03,U13,zone_1,37,76.99,255,0,31
2024-11-04,U13,zone_1,38,69.64,252,0,31
2024-11-05,U13,zone_1,54,72.4,343,0,31
2024-11-06,U13,zone_1,78,71.78,455,0,31
2024-11-07,U13,zone_1,81,69.69,622,0,31
2024-11-08,U13,zone_1,92,69.93,615,0,31
2024-11-09,U13,zone_1,66,74.33,453,0,31
2024-11-10,U13,zone_1,43,66.07,316,0,31
2024-11-11,U13,zone_1,44,65.47,267,0,31
2024-11-12,U13,zone_1,48,67.23,308,0,31
2024-11-13,U13,zone_1,69,76.81,498,0,31
2024-11-14,U13,zone_1,77,72.74,615,0,31
2024-11-15,U13,zone_1,82,73.61,564,0,31
2024-11-16,U13,zone_1,58,66.42,469,0,31
2024-11-17,U13,zone_1,44,70.75,314,0,31
2024-11-18,U13,zone_1,44,74.13,276,0,31
2024-11-19,U13,zone_1,63,59.43,393,0,31
2024-11-20,U13,zone_1,85,61.11,544,1,31
2024-11-21,U13,zone_1,84,70.55,583,1,31
2024-11-22,U13,zone_1,77,68.82,623,0,31
2024-11-23,U13,zone_1,59,76.72,416,0,31
2024-11-24,U13,zone_1,48,70.73,334,0,31
2024-11-25,U13,zone_1,26,69.9,261,0,31
2024-11-26,U13,zone_1,51,58.47,404,0,31
2024-11-27,U13,zone_1,74,68.05,482,0,31
2024-11-28,U13,zone_1,83,66.39,585,0,31
2024-11-29,U13,zone_1,79,71.75,574,0,31
2024-11-30,U13,zone_1,77,58.43,575,0,31
2024-12-01,U13,zone_1,45,70.8,348,0,31
2024-12-02,U13,zone_1,43,68.18,259,0,31
2024-12-03,U13,zone_1,44,72.69,328,0,31
2024-12-04,U13,zone_1,73,73.66,473,0,31
2024-12-05,U13,zone_1,90,66.31,633,0,31
2024-12-06,U13,zone_1,77,72.98,550,0,31
2024-12-07,U13,zone_1,73,66.97,477,0,31
2024-12-08,U13,zone_1,55,65.66,350,0,31
2024-12-09,U13,zone_1,40,74.31,248,0,31
2024-12-10,U13,zone_1,37,69.73,363,0,31
2024-12-11,U13,zone_1,77,68.89,561,0,31
2024-12-12,U13,zone_1,102,67.44,659,0,31
2024-12-13,U13,zone_1,91,66.63,605,0,31
2024-12-14,U13,zone_1,90,75.55,474,0,31
2024-12-15,U13,zone_1,47,69.29,307,0,31
2024-12-16,U13,zone_1,39,67.04,249,0,31
2024-12-17,U13,zone_1,52,74.15,348,0,31
2024-12-18,U13,zone_1,53,71.73,471,0,31
2024-12-19,U13,zone_1,75,77.39,555,0,31
2024-12-20,U13,zone_1,91,66.96,662,0,31
2024-12-21,U13,zone_1,65,78.15,434,0,31
2024-12-22,U13,zone_1,55,63.84,332,0,31
2024-12-23,U13,zone_1,38,72.44,230,0,31
2024-12-24,U13,zone_1,51,77.73,338,0,31
2024-12-25,U13,zone_1,66,68.72,488,0,31
2024-12-26,U13,zone_1,80,63.28,655,0,31
2024-12-27,U13,zone_1,76,69.22,576,0,31
2024-12-28,U13,zone_1,76,63.15,533,0,31
2024-12-29,U13,zone_1,51,61.05,379,0,31
2024-12-30,U13,zone_1,31,73.03,262,1,31
2024-12-31,U13,zone_1,45,65.45,351,1,31
2025-01-01,U13,zone_1,75,67.6,497,0,31
2025-01-02,U13,zone_1,93,74.74,561,0,31
2025-01-03,U13,zone_1,74,72.71,542,0,31
2025-01-04,U13,zone_1,53,69.9,464,0,31
2025-01-05,U13,zone_1,55,73.82,279,0,31
2025-01-06,U13,zone_1,34,63.34,272,0,31
2025-01-07,U13,zone_1,40,65.23,344,0,31
2025-01-08,U13,zone_1,81,62.55,527,0,31
2025-01-09,U13,zone_1,87,70.74,616,0,31
2025-01-10,U13,zone_1,72,72.32,545,0,31
2025-01-11,U13,zone_1,62,69.48,466,0,31
2025-01-12,U13,zone_1,45,73.62,310,0,31
2025-01-13,U13,zone_1,41,68.42,277,0,31
2025-01-14,U13,zone_1,51,68.6,361,0,31
2025-01-15,U13,zone_1,88,64.57,520,0,31
2025-01-16,U13,zone_1,67,75.7,557,0,31
2025-01-17,U13,zone_1,81,72.16,535,0,31
2025-01-18,U13,zone_1,68,72.73,424,0,31
2025-01-19,U13,zone_1,38,68.49,301,0,31
2025-01-20,U13,zone_1,35,71.53,250,0,31
2025-01-21,U13,zone_1,48,72.49,325,0,31
2025-01-22,U13,zone_1,79,72.72,441,0,31
2025-01-23,U13,zone_1,88,63.94,631,0,31
2025-01-24,U13,zone_1,82,62.67,638,0,31
2025-01-25,U13,zone_1,70,68.31,430,0,31
2025-01-26,U13,zone_1,40,71.97,275,0,31
2025-01-27,U13,zone_1,39,61.83,267,0,31
2025-01-28,U13,zone_1,42,64.66,379,0,31
2025-01-29,U13,zone_1,68,71.76,468,0,31
2025-01-30,U13,zone_1,72,70.9,565,0,31
2025-01-31,U13,zone_1,73,79.68,496,0,31
2025-02-01,U13,zone_1,49,63.71,450,0,31
2025-02-02,U13,zone_1,34,65.19,345,0,31
2025-02-03,U13,zone_1,45,77.49,229,0,31
2025-02-04,U13,zone_1,43,71.8,311,0,31
2025-02-05,U13,zone_1,74,70.33,461,0,31
2025-02-06,U13,zone_1,73,69.98,547,0,31
2025-02-07,U13,zone_1,76,73.79,477,0,31
2025-02-08,U13,zone_1,53,71.44,426,1,31
2025-02-09,U13,zone_1,46,73.45,294,1,31
2025-02-10,U13,zone_1,30,68.41,278,0,31
2025-02-11,U13,zone_1,32,70.85,304,0,31
2025-02-12,U13,zone_1,78,69.63,420,0,31
2025-02-13,U13,zone_1,78,71.73,545,0,31
2025-02-14,U13,zone_1,75,73.06,500,0,31
2025-02-15,U13,zone_1,62,66.16,421,0,31
2025-02-16,U13,zone_1,34,70.82,267,0,31
2025-02-17,U13,zone_1,29,67.61,226,0,31
2025-02-18,U13,zone_1,49,59.82,338,0,31
2025-02-19,U13,zone_1,55,75.18,405,0,31
2025-02-20,U13,zone_1,87,56.13,640,0,31
2025-02-21,U13,zone_1,65,76.77,477,0,31
2025-02-22,U13,zone_1,53,65.32,430,0,31
2025-02-23,U13,zone_1,30,78.74,252,0,31
2025-02-24,U13,zone_1,35,68.59,246,0,31
2025-02-25,U13,zone_1,47,63.93,323,0,31
2025-02-26,U13,zone_1,61,64.34,441,0,31
2025-02-27,U13,zone_1,67,73.22,514,0,31
2025-02-28,U13,zone_1,66,76.98,444,0,31
2025-03-01,U13,zone_1,47,72.07,372,0,31
2025-03-02,U13,zone_1,40,72.09,229,0,31
2025-03-03,U13,zone_1,35,72.1,207,0,31
2025-03-04,U13,zone_1,33,80.32,254,0,31
2025-03-05,U13,zone_1,67,62.83,442,0,31
2025-03-06,U13,zone_1,72,72.45,495,0,31
2025-03-07,U13,zone_1,73,68.82,490,0,31
2025-03-08,U13,zone_1,60,69.86,355,0,31
2025-03-09,U13,zone_1,27,81.07,209,0,31
2025-03-10,U13,zone_1,36,71.04,214,0,31
2025-03-11,U13,zone_1,34,71.26,272,0,31
2025-03-12,U13,zone_1,61,67.02,409,0,31
2025-03-13,U13,zone_1,70,74.09,475,0,31
2025-03-14,U13,zone_1,68,78.79,404,0,31
2025-03-15,U13,zone_1,52,72.7,367,0,31
2025-03-16,U13,zone_1,40,66.69,253,0,31
2025-03-17,U13,zone_1,29,64.37,230,0,31
2025-03-18,U13,zone_1,35,65.4,280,0,31
2025-03-19,U13,zone_1,63,69.08,388,0,31
2025-03-20,U13,zone_1,64,70.42,478,1,31
2025-03-21,U13,zone_1,78,67.48,513,1,31
2025-03-22,U13,zone_1,46,71.72,411,0,31
2025-03-23,U13,zone_1,62,67.32,278,0,31
2025-03-24,U13,zone_1,27,68.44,212,0,31
2025-03-25,U13,zone_1,44,71.4,263,0,31
2025-03-26,U13,zone_1,53,67.01,406,0,31
2025-03-27,U13,zone_1,88,63.31,478,0,31
2025-03-28,U13,zone_1,73,60.82,498,0,31
2025-03-29,U13,zone_1,49,72.18,367,0,31
2025-03-30,U13,zone_1,45,68.11,260,0,31
2025-03-31,U13,zone_1,35,69.25,217,0,31
2025-04-01,U13,zone_1,45,63.4,264,0,31
2025-04-02,U13,zone_1,51,72.99,354,0,31
2025-04-03,U13,zone_1,74,74.4,402,0,31
2025-04-04,U13,zone_1,67,66.17,464,0,31
2025-04-05,U13,zone_1,53,72.94,343,0,31
2025-04-06,U13,zone_1,24,71.96,267,0,31
2025-04-07,U13,zone_1,29,72.03,214,0,31
2025-04-08,U13,zone_1,46,65.82,315,0,31
2025-04-09,U13,zone_1,41,76.88,340,0,31
2025-04-10,U13,zone_1,63,68.08,442,0,31
2025-04-11,U13,zone_1,59,70.32,381,0,31
2025-04-12,U13,zone_1,61,73.09,311,0,31
2025-04-13,U13,zone_1,25,72.68,223,0,31
2025-04-14,U13,zone_1,21,67.3,182,0,31
2025-04-15,U13,zone_1,39,61.04,260,0,31
2025-04-16,U13,zone_1,38,72.61,294,0,31
2025-04-17,U13,zone_1,55,75.28,385,0,31
2025-04-18,U13,zone_1,58,72.15,415,0,31
2025-04-19,U13,zone_1,39,66.91,381,0,31
2025-04-20,U13,zone_1,42,70.07,236,0,31
2025-04-21,U13,zone_1,33,67.93,179,0,31
2025-04-22,U13,zone_1,26,73.54,262,0,31
2025-04-23,U13,zone_1,47,69.25,366,0,31
2025-04-24,U13,zone_1,68,75.8,386,0,31
2025-04-25,U13,zone_1,47,78.37,377,0,31
2025-04-26,U13,zone_1,41,64.88,344,0,31
2025-04-27,U13,zone_1,36,68.15,213,0,31
2025-04-28,U13,zone_1,27,70.04,162,0,31
2025-04-29,U13,zone_1,41,70.64,231,1,31
2025-04-30,U13,zone_1,45,75.39,310,1,31
2025-05-01,U13,zone_1,69,65.81,463,0,31
2025-05-02,U13,zone_1,53,78.9,386,0,31
2025-05-03,U13,zone_1,36,72.62,282,0,31
2025-05-04,U13,zone_1,22,67.95,240,0,31
2025-05-05,U13,zone_1,27,71.88,186,0,31
2025-05-06,U13,zone_1,38,67.91,244,0,31
2025-05-07,U13,zone_1,51,74.7,347,0,31
2025-05-08,U13,zone_1,54,67.75,432,0,31
2025-05-09,U13,zone_1,55,72.56,368,0,31
2025-05-10,U13,zone_1,50,70.31,307,0,31
2025-05-11,U13,zone_1,39,70.23,243,0,31
2025-05-12,U13,zone_1,27,72.52,169,0,31
2025-05-13,U13,zone_1,25,74.54,246,0,31
2025-05-14,U13,zone_1,64,73.09,319,0,31
2025-05-15,U13,zone_1,70,67.4,435,0,31
2025-05-16,U13,zone_1,56,63.66,450,0,31
2025-05-17,U13,zone_1,44,76.99,268,0,31
2025-05-18,U13,zone_1,31,70.53,237,0,31
2025-05-19,U13,zone_1,31,66.06,208,0,31
2025-05-20,U13,zone_1,35,67.83,239,0,31
2025-05-21,U13,zone_1,57,62.59,355,0,31
2025-05-22,U13,zone_1,46,70.59,392,0,31
2025-05-23,U13,zone_1,48,67.48,423,0,31
2025-05-24,U13,zone_1,43,69.15,330,0,31
2025-05-25,U13,zone_1,26,64.43,198,0,31
2025-05-26,U13,zone_1,25,61.51,194,0,31
2025-05-27,U13,zone_1,35,79.43,240,0,31
2025-05-28,U13,zone_1,49,65.07,360,0,31
2025-05-29,U13,zone_1,52,72.39,351,0,31
2025-05-30,U13,zone_1,58,61.0,484,0,31
2025-05-31,U13,zone_1,39,71.8,318,0,31
2025-06-01,U13,zone_1,42,68.51,224,0,31
2025-06-02,U13,zone_1,22,70.84,184,0,31
2025-06-03,U13,zone_1,28,64.7,226,0,31
2025-06-04,U13,zone_1,61,66.62,358,0,31
2025-06-05,U13,zone_1,49,70.47,387,0,31
2025-06-06,U13,zone_1,42,75.64,347,0,31
2025-06-07,U13,zone_1,33,64.75,321,0,31
2025-06-08,U13,zone_1,21,70.44,207,1,31
2025-06-09,U13,zone_1,31,67.58,183,1,31
2025-06-10,U13,zone_1,27,76.58,216,0,31
2025-06-11,U13,zone_1,46,76.82,284,0,31
2025-06-12,U13,zone_1,59,64.06,431,0,31
2025-06-13,U13,zone_1,45,76.44,370,0,31
2025-06-14,U13,zone_1,48,76.26,273,0,31
2025-06-15,U13,zone_1,36,68.94,203,0,31
2025-06-16,U13,zone_1,22,66.61,175,0,31
2025-06-17,U13,zone_1,40,67.18,250,0,31
2025-06-18,U13,zone_1,41,76.76,324,0,31
2025-06-19,U13,zone_1,55,75.3,397,0,31
2025-06-20,U13,zone_1,59,68.01,425,0,31
2025-06-21,U13,zone_1,49,66.65,321,0,31
2025-06-22,U13,zone_1,30,73.09,199,0,31
2025-06-23,U13,zone_1,22,73.2,196,0,31
2025-06-24,U13,zone_1,34,74.96,269,0,31
2025-06-25,U13,zone_1,54,59.21,380,0,31
2025-06-26,U13,zone_1,64,72.44,386,0,31
2025-06-27,U13,zone_1,60,66.24,436,0,31
2025-06-28,U13,zone_1,47,71.63,269,0,31
2025-06-29,U13,zone_1,34,70.42,213,0,31
2025-06-30,U13,zone_1,19,64.67,207,0,31
2025-07-01,U13,zone_1,42,65.08,272,0,31
2025-07-02,U13,zone_1,52,65.84,352,0,31
2025-07-03,U13,zone_1,82,70.88,416,0,31
2025-07-04,U13,zone_1,75,66.02,464,0,31
2025-07-05,U13,zone_1,51,61.64,362,0,31
2025-07-06,U13,zone_1,23,73.02,205,0,31
2025-07-07,U13,zone_1,17,69.88,213,0,31
2025-07-08,U13,zone_1,45,70.67,236,0,31
2025-07-09,U13,zone_1,46,74.98,332,0,31
2025-07-10,U13,zone_1,57,67.11,434,0,31
2025-07-11,U13,zone_1,51,69.29,413,0,31
2025-07-12,U13,zone_1,35,74.17,316,0,31
2025-07-13,U13,zone_1,37,68.0,238,0,31
2025-07-14,U13,zone_1,24,75.02,162,0,31
2025-07-15,U13,zone_1,34,81.89,197,0,31
2025-07-16,U13,zone_1,56,67.68,368,0,31
2025-07-17,U13,zone_1,67,72.75,383,0,31
2025-07-18,U13,zone_1,56,72.9,446,1,31
2025-07-19,U13,zone_1,46,69.61,328,1,31
2025-07-20,U13,zone_1,22,71.23,215,0,31
2025-07-21,U13,zone_1,26,68.16,204,0,31
2025-07-22,U13,zone_1,43,74.31,238,0,31
2025-07-23,U13,zone_1,48,74.08,355,0,31
2025-07-24,U13,zone_1,62,69.2,453,0,31
2025-07-25,U13,zone_1,54,73.04,427,0,31
2025-07-26,U13,zone_1,52,66.12,395,0,31
2025-07-27,U13,zone_1,36,68.05,251,0,31
2025-07-28,U13,zone_1,23,70.27,205,0,31
2025-07-29,U13,zone_1,31,61.97,268,0,31
2025-07-30,U13,zone_1,59,64.27,427,0,31
2025-07-31,U13,zone_1,76,69.82,433,0,31
2025-08-01,U13,zone_1,66,70.4,425,0,31
2025-08-02,U13,zone_1,48,71.86,351,0,31
2025-08-03,U13,zone_1,36,71.78,257,0,31
2025-08-04,U13,zone_1,25,71.1,184,0,31
2025-08-05,U13,zone_1,35,74.84,247,0,31
2025-08-06,U13,zone_1,52,71.24,359,0,31
2025-08-07,U13,zone_1,67,65.53,496,0,31
2025-08-08,U13,zone_1,74,68.76,469,0,31
2025-08-09,U13,zone_1,53,68.05,386,0,31
2025-08-10,U13,zone_1,31,67.24,216,0,31
2025-08-11,U13,zone_1,28,75.93,186,0,31
2025-08-12,U13,zone_1,46,72.25,247,0,31
2025-08-13,U13,zone_1,50,69.15,391,0,31
2025-08-14,U13,zone_1,71,69.76,472,0,31
2025-08-15,U13,zone_1,67,72.0,473,0,31
2025-08-16,U13,zone_1,53,64.63,427,0,31
2025-08-17,U13,zone_1,36,60.36,266,0,31
2025-08-18,U13,zone_1,32,67.82,240,0,31
2025-08-19,U13,zone_1,33,67.48,305,0,31
2025-08-20,U13,zone_1,51,77.63,388,0,31
2025-08-21,U13,zone_1,83,74.16,475,0,31
2025-08-22,U13,zone_1,55,76.01,463,0,31
2025-08-23,U13,zone_1,45,66.77,442,0,31
2025-08-24,U13,zone_1,42,67.87,261,0,31
2025-08-25,U13,zone_1,27,71.58,205,0,31
2025-08-26,U13,zone_1,47,81.65,234,0,31
2025-08-27,U13,zone_1,61,69.39,416,1,31
2025-08-28,U13,zone_1,74,67.33,494,1,31
2025-08-29,U13,zone_1,77,70.35,485,0,31
2025-08-30,U13,zone_1,51,71.6,378,0,31
2025-08-31,U13,zone_1,34,69.81,260,0,31
2025-09-01,U13,zone_1,31,60.44,270,0,31
2025-09-02,U13,zone_1,43,69.61,295,0,31
2025-09-03,U13,zone_1,67,65.61,486,0,31
2025-09-04,U13,zone_1,86,69.8,492,0,31
2025-09-05,U13,zone_1,88,64.84,566,0,31
2025-09-06,U13,zone_1,70,63.83,470,0,31
2025-09-07,U13,zone_1,45,68.88,272,0,31
2025-09-08,U13,zone_1,26,71.47,223,0,31
2025-09-09,U13,zone_1,44,60.7,336,0,31
2025-09-10,U13,zone_1,50,71.64,416,0,31
2025-09-11,U13,zone_1,87,68.66,536,0,31
2025-09-12,U13,zone_1,86,64.7,538,0,31
2025-09-13,U13,zone_1,48,74.28,377,0,31
2025-09-14,U13,zone_1,37,69.66,260,0,31
2025-09-15,U13,zone_1,42,62.54,261,0,31
2025-09-16,U13,zone_1,29,70.25,304,0,31
2025-09-17,U13,zone_1,64,71.84,433,0,31
2025-09-18,U13,zone_1,77,76.23,480,0,31
2025-09-19,U13,zone_1,84,73.27,502,0,31
2025-09-20,U13,zone_1,50,76.12,375,0,31
2025-09-21,U13,zone_1,34,69.72,291,0,31
2025-09-22,U13,zone_1,43,74.73,233,0,31
2025-09-23,U13,zone_1,43,73.38,287,0,31
2025-09-24,U13,zone_1,57,74.97,397,0,31
2025-09-25,U13,zone_1,97,62.18,639,0,31
2025-09-26,U13,zone_1,87,66.9,542,0,31
2025-09-27,U13,zone_1,60,69.83,419,0,31
2025-09-28,U13,zone_1,54,79.81,276,0,31
2025-09-29,U13,zone_1,50,62.95,272,0,31
2025-09-30,U13,zone_1,52,70.3,359,0,31
2025-10-01,U13,zone_1,65,70.92,446,0,31
2025-10-02,U13,zone_1,93,70.84,592,0,31
2025-10-03,U13,zone_1,81,73.43,558,0,31
2025-10-04,U13,zone_1,48,78.58,383,0,31
2025-10-05,U13,zone_1,31,76.22,287,0,31
2025-10-06,U13,zone_1,35,70.18,223,1,31
2025-10-07,U13,zone_1,52,69.85,319,1,31
2025-10-08,U13,zone_1,79,71.05,449,0,31
2025-10-09,U13,zone_1,82,74.2,541,0,31
2025-10-10,U13,zone_1,81,70.6,574,0,31
2025-10-11,U13,zone_1,66,68.93,433,0,31
2025-10-12,U13,zone_1,49,65.09,327,0,31
2025-10-13,U13,zone_1,33,76.93,239,0,31
2025-10-14,U13,zone_1,51,66.33,349,0,31
2025-10-15,U13,zone_1,51,72.87,479,0,31
2025-10-16,U13,zone_1,102,69.38,579,0,31
2025-10-17,U13,zone_1,72,70.67,569,0,31
2025-10-18,U13,zone_1,72,73.28,426,0,31
2025-10-19,U13,zone_1,56,71.18,336,0,31
2025-10-20,U13,zone_1,37,66.43,257,0,31
2025-10-21,U13,zone_1,52,58.02,400,0,31
2025-10-22,U13,zone_1,64,67.97,459,0,31
2025-10-23,U13,zone_1,94,70.97,589,0,31
2025-10-24,U13,zone_1,84,66.93,585,0,31
2025-10-25,U13,zone_1,60,65.7,484,0,31
2024-09-01,U14,zone_2,42,65.43,258,1,32
2024-09-02,U14,zone_2,36,72.91,260,1,32
2024-09-03,U14,zone_2,42,77.24,281,0,32
2024-09-04,U14,zone_2,83,63.1,503,0,32
2024-09-05,U14,zone_2,86,70.35,520,0,32
2024-09-06,U14,zone_2,69,80.34,467,0,32
2024-09-07,U14,zone_2,53,73.78,344,0,32
2024-09-08,U14,zone_2,41,73.46,255,0,32
2024-09-09,U14,zone_2,29,70.82,242,0,32
2024-09-10,U14,zone_2,40,75.95,318,0,32
2024-09-11,U14,zone_2,81,73.69,502,0,32
2024-09-12,U14,zone_2,90,69.84,585,0,32
2024-09-13,U14,zone_2,68,75.16,447,0,32
2024-09-14,U14,zone_2,62,72.21,390,0,32
2024-09-15,U14,zone_2,33,71.31,247,0,32
2024-09-16,U14,zone_2,37,66.84,269,0,32
2024-09-17,U14,zone_2,60,76.06,348,0,32
2024-09-18,U14,zone_2,62,68.96,520,0,32
2024-09-19,U14,zone_2,81,71.72,598,0,32
2024-09-20,U14,zone_2,85,67.67,563,0,32
2024-09-21,U14,zone_2,42,71.54,414,0,32
2024-09-22,U14,zone_2,33,65.79,305,0,32
2024-09-23,U14,zone_2,48,67.24,279,0,32
2024-09-24,U14,zone_2,54,68.01,399,0,32
2024-09-25,U14,zone_2,74,73.03,533,0,32
2024-09-26,U14,zone_2,72,69.75,589,0,32
2024-09-27,U14,zone_2,72,67.05,517,0,32
2024-09-28,U14,zone_2,51,68.96,421,0,32
2024-09-29,U14,zone_2,41,65.99,279,0,32
2024-09-30,U14,zone_2,45,71.7,264,0,32
2024-10-01,U14,zone_2,66,56.53,483,0,32
2024-10-02,U14,zone_2,72,78.24,457,0,32
2024-10-03,U14,zone_2,87,72.96,593,0,32
2024-10-04,U14,zone_2,65,69.18,586,0,32
2024-10-05,U14,zone_2,56,70.09,388,0,32
2024-10-06,U14,zone_2,46,64.22,275,0,32
2024-10-07,U14,zone_2,35,70.08,272,0,32
2024-10-08,U14,zone_2,40,69.53,369,0,32
2024-10-09,U14,zone_2,52,80.5,521,0,32
2024-10-10,U14,zone_2,84,70.22,622,0,32
2024-10-11,U14,zone_2,85,70.53,544,1,32
2024-10-12,U14,zone_2,60,70.68,406,1,32
2024-10-13,U14,zone_2,32,71.59,287,0,32
2024-10-14,U14,zone_2,31,80.25,278,0,32
2024-10-15,U14,zone_2,69,60.67,399,0,32
2024-10-16,U14,zone_2,93,69.86,570,0,32
2024-10-17,U14,zone_2,80,63.16,688,0,32
2024-10-18,U14,zone_2,91,62.99,634,0,32
2024-10-19,U14,zone_2,65,70.11,423,0,32
2024-10-20,U14,zone_2,29,73.86,270,0,32
2024-10-21,U14,zone_2,53,55.54,339,0,32
2024-10-22,U14,zone_2,71,64.4,435,0,32
2024-10-23,U14,zone_2,85,67.31,548,0,32
2024-10-24,U14,zone_2,74,68.19,687,0,32
2024-10-25,U14,zone_2,75,78.63,516,0,32
2024-10-26,U14,zone_2,46,75.69,382,0,32
2024-10-27,U14,zone_2,36,77.31,262,0,32
2024-10-28,U14,zone_2,52,67.5,308,0,32
2024-10-29,U14,zone_2,62,71.44,404,0,32
2024-10-30,U14,zone_2,94,76.07,555,0,32
2024-10-31,U14,zone_2,90,65.22,679,0,32
2024-11-01,U14,zone_2,85,71.31,571,0,32
2024-11-02,U14,zone_2,66,70.02,438,0,32
2024-11-03,U14,zone_2,58,59.09,343,0,32
2024-11-04,U14,zone_2,45,71.54,296,0,32
2024-11-05,U14,zone_2,48,78.94,394,0,32
2024-11-06,U14,zone_2,75,75.98,562,0,32
2024-11-07,U14,zone_2,123,65.01,718,0,32
2024-11-08,U14,zone_2,78,75.87,542,0,32
2024-11-09,U14,zone_2,50,72.71,390,0,32
2024-11-10,U14,zone_2,43,73.33,310,0,32
2024-11-11,U14,zone_2,42,66.36,293,0,32
2024-11-12,U14,zone_2,64,68.79,465,0,32
2024-11-13,U14,zone_2,84,64.5,570,0,32
2024-11-14,U14,zone_2,81,68.28,621,0,32
2024-11-15,U14,zone_2,83,70.22,596,0,32
2024-11-16,U14,zone_2,50,69.49,447,0,32
2024-11-17,U14,zone_2,46,66.79,309,0,32
2024-11-18,U14,zone_2,34,78.45,289,0,32
2024-11-19,U14,zone_2,71,65.86,423,0,32
2024-11-20,U14,zone_2,82,71.14,589,1,32
2024-11-21,U14,zone_2,96,74.14,616,1,32
2024-11-22,U14,zone_2,68,74.41,547,0,32
2024-11-23,U14,zone_2,65,75.32,389,0,32
2024-11-24,U14,zone_2,41,66.18,295,0,32
2024-11-25,U14,zone_2,43,65.56,355,0,32
2024-11-26,U14,zone_2,68,71.25,398,0,32
2024-11-27,U14,zone_2,86,63.25,648,0,32
2024-11-28,U14,zone_2,87,75.01,631,0,32
2024-11-29,U14,zone_2,82,72.51,580,0,32
2024-11-30,U14,zone_2,53,76.38,496,0,32
2024-12-01,U14,zone_2,47,64.08,333,0,32
2024-12-02,U14,zone_2,43,71.56,290,0,32
2024-12-03,U14,zone_2,58,67.32,434,0,32
2024-12-04,U14,zone_2,76,72.54,587,0,32
2024-12-05,U14,zone_2,105,73.93,613,0,32
2024-12-06,U14,zone_2,82,70.94,594,0,32
2024-12-07,U14,zone_2,56,72.76,452,0,32
2024-12-08,U14,zone_2,50,62.56,365,0,32
2024-12-09,U14,zone_2,39,69.5,293,0,32
2024-12-10,U14,zone_2,49,67.92,418,0,32
2024-12-11,U14,zone_2,77,75.88,548,0,32
2024-12-12,U14,zone_2,102,65.31,655,0,32
2024-12-13,U14,zone_2,96,65.04,605,0,32
2024-12-14,U14,zone_2,60,67.33,457,0,32
2024-12-15,U14,zone_2,35,81.45,270,0,32
2024-12-16,U14,zone_2,53,66.15,304,0,32
2024-12-17,U14,zone_2,62,72.82,384,0,32
2024-12-18,U14,zone_2,96,63.83,643,0,32
2024-12-19,U14,zone_2,89,69.27,622,0,32
2024-12-20,U14,zone_2,92,75.25,550,0,32
2024-12-21,U14,zone_2,69,66.25,463,0,32
2024-12-22,U14,zone_2,39,67.58,271,0,32
2024-12-23,U14,zone_2,46,80.59,275,0,32
2024-12-24,U14,zone_2,47,72.57,419,0,32
2024-12-25,U14,zone_2,74,80.29,535,0,32
2024-12-26,U14,zone_2,98,76.69,589,0,32
2024-12-27,U14,zone_2,93,73.48,587,0,32
2024-12-28,U14,zone_2,58,71.32,418,0,32
2024-12-29,U14,zone_2,44,72.07,298,0,32
2024-12-30,U14,zone_2,35,69.59,291,1,32
2024-12-31,U14,zone_2,60,69.49,404,1,32
2025-01-01,U14,zone_2,67,75.62,543,0,32
2025-01-02,U14,zone_2,79,72.01,669,0,32
2025-01-03,U14,zone_2,78,68.01,575,0,32
2025-01-04,U14,zone_2,59,70.41,400,0,32
2025-01-05,U14,zone_2,48,63.9,360,0,32
2025-01-06,U14,zone_2,53,65.79,310,0,32
2025-01-07,U14,zone_2,60,66.79,427,0,32
2025-01-08,U14,zone_2,79,70.94,514,0,32
2025-01-09,U14,zone_2,107,57.75,716,0,32
2025-01-10,U14,zone_2,81,76.21,525,0,32
2025-01-11,U14,zone_2,66,72.09,445,0,32
2025-01-12,U14,zone_2,30,71.84,324,0,32
2025-01-13,U14,zone_2,39,65.22,301,0,32
2025-01-14,U14,zone_2,58,76.11,341,0,32
2025-01-15,U14,zone_2,84,66.53,600,0,32
2025-01-16,U14,zone_2,78,75.57,575,0,32
2025-01-17,U14,zone_2,88,68.48,573,0,32
2025-01-18,U14,zone_2,56,67.56,394,0,32
2025-01-19,U14,zone_2,35,68.17,276,0,32
2025-01-20,U14,zone_2,34,69.13,248,0,32
2025-01-21,U14,zone_2,69,66.18,396,0,32
2025-01-22,U14,zone_2,71,72.44,535,0,32
2025-01-23,U14,zone_2,97,75.63,570,0,32
2025-01-24,U14,zone_2,92,66.9,595,0,32
2025-01-25,U14,zone_2,80,70.59,370,0,32
2025-01-26,U14,zone_2,48,64.17,289,0,32
2025-01-27,U14,zone_2,39,75.6,244,0,32
2025-01-28,U14,zone_2,61,68.76,428,0,32
2025-01-29,U14,zone_2,87,66.57,598,0,32
2025-01-30,U14,zone_2,79,69.51,618,0,32
2025-01-31,U14,zone_2,82,56.63,677,0,32
2025-02-01,U14,zone_2,62,71.47,348,0,32
2025-02-02,U14,zone_2,49,71.78,263,0,32
2025-02-03,U14,zone_2,40,60.46,328,0,32
2025-02-04,U14,zone_2,57,68.81,388,0,32
2025-02-05,U14,zone_2,76,80.44,487,0,32
2025-02-06,U14,zone_2,69,72.45,565,0,32
2025-02-07,U14,zone_2,71,70.08,534,0,32
2025-02-08,U14,zone_2,53,68.21,372,1,32
2025-02-09,U14,zone_2,38,72.32,285,1,32
2025-02-10,U14,zone_2,46,68.79,292,0,32
2025-02-11,U14,zone_2,61,64.44,392,0,32
2025-02-12,U14,zone_2,79,71.24,517,0,32
2025-02-13,U14,zone_2,88,66.74,616,0,32
2025-02-14,U14,zone_2,74,71.56,526,0,32
2025-02-15,U14,zone_2,39,77.38,355,0,32
2025-02-16,U14,zone_2,52,66.77,290,0,32
2025-02-17,U14,zone_2,30,82.43,245,0,32
2025-02-18,U14,zone_2,75,69.79,374,0,32
2025-02-19,U14,zone_2,70,70.93,494,0,32
2025-02-20,U14,zone_2,104,65.46,627,0,32
2025-02-21,U14,zone_2,74,69.38,549,0,32
2025-02-22,U14,zone_2,44,78.6,333,0,32
2025-02-23,U14,zone_2,28,73.13,244,0,32
2025-02-24,U14,zone_2,37,69.62,228,0,32
2025-02-25,U14,zone_2,51,77.52,317,0,32
2025-02-26,U14,zone_2,79,66.55,547,0,32
2025-02-27,U14,zone_2,74,64.01,571,0,32
2025-02-28,U14,zone_2,69,68.84,522,0,32
2025-03-01,U14,zone_2,70,69.38,408,0,32
2025-03-02,U14,zone_2,32,66.06,249,0,32
2025-03-03,U14,zone_2,38,72.8,212,0,32
2025-03-04,U14,zone_2,43,71.62,306,0,32
2025-03-05,U14,zone_2,79,62.96,506,0,32
2025-03-06,U14,zone_2,84,68.79,546,0,32
2025-03-07,U14,zone_2,65,72.41,498,0,32
2025-03-08,U14,zone_2,56,68.84,353,0,32
2025-03-09,U14,zone_2,43,68.26,269,0,32
2025-03-10,U14,zone_2,41,66.27,262,0,32
2025-03-11,U14,zone_2,40,69.27,326,0,32
2025-03-12,U14,zone_2,68,64.53,489,0,32
2025-03-13,U14,zone_2,71,69.22,538,0,32
2025-03-14,U14,zone_2,82,67.84,493,0,32
2025-03-15,U14,zone_2,52,75.84,347,0,32
2025-03-16,U14,zone_2,32,65.0,246,0,32
2025-03-17,U14,zone_2,39,75.12,223,0,32
2025-03-18,U14,zone_2,43,77.28,303,0,32
2025-03-19,U14,zone_2,56,73.93,438,0,32
2025-03-20,U14,zone_2,82,67.47,518,1,32
2025-03-21,U14,zone_2,73,74.96,466,1,32
2025-03-22,U14,zone_2,49,70.57,342,0,32
2025-03-23,U14,zone_2,35,66.98,245,0,32
2025-03-24,U14,zone_2,35,67.63,254,0,32
2025-03-25,U14,zone_2,34,74.32,263,0,32
2025-03-26,U14,zone_2,52,65.82,478,0,32
2025-03-27,U14,zone_2,75,65.43,545,0,32
2025-03-28,U14,zone_2,67,73.82,416,0,32
2025-03-29,U14,zone_2,45,76.96,307,0,32
2025-03-30,U14,zone_2,36,68.4,241,0,32
2025-03-31,U14,zone_2,33,70.39,214,0,32
2025-04-01,U14,zone_2,46,62.18,350,0,32
2025-04-02,U14,zone_2,60,67.91,427,0,32
2025-04-03,U14,zone_2,63,64.85,529,0,32
2025-04-04,U14,zone_2,60,78.09,418,0,32
2025-04-05,U14,zone_2,43,69.88,310,0,32
2025-04-06,U14,zone_2,36,79.92,209,0,32
2025-04-07,U14,zone_2,27,74.1,218,0,32
2025-04-08,U14,zone_2,45,70.31,295,0,32
2025-04-09,U14,zone_2,49,70.63,382,0,32
2025-04-10,U14,zone_2,88,75.19,485,0,32
2025-04-11,U14,zone_2,74,66.88,452,0,32
2025-04-12,U14,zone_2,48,60.53,377,0,32
2025-04-13,U14,zone_2,28,67.4,208,0,32
2025-04-14,U14,zone_2,32,68.93,218,0,32
2025-04-15,U14,zone_2,33,77.55,289,0,32
2025-04-16,U14,zone_2,83,67.87,440,0,32
2025-04-17,U14,zone_2,63,62.67,516,0,32
2025-04-18,U14,zone_2,64,72.04,383,0,32
2025-04-19,U14,zone_2,42,66.37,334,0,32
2025-04-20,U14,zone_2,25,74.67,210,0,32
2025-04-21,U14,zone_2,39,62.55,220,0,32
2025-04-22,U14,zone_2,38,71.03,306,0,32
2025-04-23,U14,zone_2,56,62.36,406,0,32
2025-04-24,U14,zone_2,85,72.84,420,0,32
2025-04-25,U14,zone_2,51,80.74,378,0,32
2025-04-26,U14,zone_2,50,79.76,270,0,32
2025-04-27,U14,zone_2,32,70.85,210,0,32
2025-04-28,U14,zone_2,23,80.04,172,0,32
2025-04-29,U14,zone_2,39,75.85,263,1,32
2025-04-30,U14,zone_2,47,71.52,427,1,32
2025-05-01,U14,zone_2,79,65.71,471,0,32
2025-05-02,U14,zone_2,53,64.96,448,0,32
2025-05-03,U14,zone_2,31,71.15,306,0,32
2025-05-04,U14,zone_2,31,66.51,230,0,32
2025-05-05,U14,zone_2,29,66.33,177,0,32
2025-05-06,U14,zone_2,41,68.52,268,0,32
2025-05-07,U14,zone_2,62,64.89,419,0,32
2025-05-08,U14,zone_2,41,80.09,385,0,32
2025-05-09,U14,zone_2,69,71.27,418,0,32
2025-05-10,U14,zone_2,36,68.86,300,0,32
2025-05-11,U14,zone_2,31,73.37,216,0,32
2025-05-12,U14,zone_2,32,63.42,246,0,32
2025-05-13,U14,zone_2,45,72.42,262,0,32
2025-05-14,U14,zone_2,63,68.71,408,0,32
2025-05-15,U14,zone_2,76,72.02,421,0,32
2025-05-16,U14,zone_2,71,66.73,455,0,32
2025-05-17,U14,zone_2,43,76.58,264,0,32
2025-05-18,U14,zone_2,32,62.97,227,0,32
2025-05-19,U14,zone_2,30,70.9,198,0,32
2025-05-20,U14,zone_2,44,65.17,281,0,32
2025-05-21,U14,zone_2,61,72.57,352,0,32
2025-05-22,U14,zone_2,60,69.25,437,0,32
2025-05-23,U14,zone_2,58,70.69,397,0,32
2025-05-24,U14,zone_2,50,68.49,288,0,32
2025-05-25,U14,zone_2,25,72.78,197,0,32
2025-05-26,U14,zone_2,23,70.99,187,0,32
2025-05-27,U14,zone_2,47,69.95,266,0,32
2025-05-28,U14,zone_2,59,70.27,373,0,32
2025-05-29,U14,zone_2,67,59.62,538,0,32
2025-05-30,U14,zone_2,62,70.51,400,0,32
2025-05-31,U14,zone_2,45,69.79,306,0,32
2025-06-01,U14,zone_2,26,66.69,228,0,32
2025-06-02,U14,zone_2,27,67.08,191,0,32
2025-06-03,U14,zone_2,37,65.89,291,0,32
2025-06-04,U14,zone_2,61,72.88,383,0,32
2025-06-05,U14,zone_2,57,68.88,443,0,32
2025-06-06,U14,zone_2,60,68.89,402,0,32
2025-06-07,U14,zone_2,48,61.04,342,0,32
2025-06-08,U14,zone_2,28,73.56,197,1,32
2025-06-09,U14,zone_2,29,61.42,211,1,32
2025-06-10,U14,zone_2,30,72.29,256,0,32
2025-06-11,U14,zone_2,67,76.49,383,0,32
2025-06-12,U14,zone_2,51,71.08,438,0,32
2025-06-13,U14,zone_2,57,66.93,416,0,32
2025-06-14,U14,zone_2,30,67.41,301,0,32
2025-06-15,U14,zone_2,28,80.17,162,0,32
2025-06-16,U14,zone_2,26,65.4,217,0,32
2025-06-17,U14,zone_2,42,63.96,304,0,32
2025-06-18,U14,zone_2,37,72.68,380,0,32
2025-06-19,U14,zone_2,57,66.69,467,0,32
2025-06-20,U14,zone_2,37,75.55,402,0,32
2025-06-21,U14,zone_2,50,67.26,276,0,32
2025-06-22,U14,zone_2,34,70.45,198,0,32
2025-06-23,U14,zone_2,30,62.98,216,0,32
2025-06-24,U14,zone_2,31,70.83,279,0,32
2025-06-25,U14,zone_2,57,66.59,423,0,32
2025-06-26,U14,zone_2,61,71.35,431,0,32
2025-06-27,U14,zone_2,65,68.72,448,0,32
2025-06-28,U14,zone_2,40,69.66,277,0,32
2025-06-29,U14,zone_2,29,69.95,236,0,32
2025-06-30,U14,zone_2,26,72.27,177,0,32
2025-07-01,U14,zone_2,38,69.5,285,0,32
2025-07-02,U14,zone_2,61,66.08,390,0,32
2025-07-03,U14,zone_2,73,71.36,458,0,32
2025-07-04,U14,zone_2,46,72.14,395,0,32
2025-07-05,U14,zone_2,55,63.97,310,0,32
2025-07-06,U14,zone_2,31,69.26,224,0,32
2025-07-07,U14,zone_2,27,68.37,202,0,32
2025-07-08,U14,zone_2,47,65.84,308,0,32
2025-07-09,U14,zone_2,67,67.0,393,0,32
2025-07-10,U14,zone_2,53,74.92,457,0,32
2025-07-11,U14,zone_2,75,70.31,389,0,32
2025-07-12,U14,zone_2,56,54.0,407,0,32
2025-07-13,U14,zone_2,27,70.05,203,0,32
2025-07-14,U14,zone_2,19,67.93,202,0,32
2025-07-15,U14,zone_2,42,68.32,311,0,32
2025-07-16,U14,zone_2,60,71.61,434,0,32
2025-07-17,U14,zone_2,68,72.25,465,0,32
2025-07-18,U14,zone_2,50,76.29,405,1,32
2025-07-19,U14,zone_2,32,68.72,320,1,32
2025-07-20,U14,zone_2,37,75.22,175,0,32
2025-07-21,U14,zone_2,34,67.37,233,0,32
2025-07-22,U14,zone_2,57,69.89,288,0,32
2025-07-23,U14,zone_2,59,71.73,397,0,32
2025-07-24,U14,zone_2,61,72.58,486,0,32
2025-07-25,U14,zone_2,68,68.59,469,0,32
2025-07-26,U14,zone_2,45,60.82,372,0,32
2025-07-27,U14,zone_2,18,74.09,213,0,32
2025-07-28,U14,zone_2,32,68.7,221,0,32
2025-07-29,U14,zone_2,58,64.0,313,0,32
2025-07-30,U14,zone_2,60,68.75,429,0,32
2025-07-31,U14,zone_2,54,71.45,500,0,32
2025-08-01,U14,zone_2,79,55.91,528,0,32
2025-08-02,U14,zone_2,36,68.23,336,0,32
2025-08-03,U14,zone_2,34,67.12,253,0,32
2025-08-04,U14,zone_2,28,77.74,215,0,32
2025-08-05,U14,zone_2,57,64.84,318,0,32
2025-08-06,U14,zone_2,59,70.35,421,0,32
2025-08-07,U14,zone_2,72,69.83,455,0,32
2025-08-08,U14,zone_2,64,62.59,501,0,32
2025-08-09,U14,zone_2,46,73.99,315,0,32
2025-08-10,U14,zone_2,30,69.46,253,0,32
2025-08-11,U14,zone_2,49,58.64,240,0,32
2025-08-12,U14,zone_2,43,68.85,318,0,32
2025-08-13,U14,zone_2,53,71.5,432,0,32
2025-08-14,U14,zone_2,71,72.09,487,0,32
2025-08-15,U14,zone_2,69,68.82,494,0,32
2025-08-16,U14,zone_2,44,64.37,371,0,32
2025-08-17,U14,zone_2,26,77.57,232,0,32
2025-08-18,U14,zone_2,25,66.55,259,0,32
2025-08-19,U14,zone_2,46,72.69,332,0,32
2025-08-20,U14,zone_2,66,67.34,535,0,32
2025-08-21,U14,zone_2,82,70.83,492,0,32
2025-08-22,U14,zone_2,90,71.15,468,0,32
2025-08-23,U14,zone_2,46,76.43,334,0,32
2025-08-24,U14,zone_2,29,66.32,291,0,32
2025-08-25,U14,zone_2,38,63.82,272,0,32
2025-08-26,U14,zone_2,46,71.12,299,0,32
2025-08-27,U14,zone_2,73,67.26,514,1,32
2025-08-28,U14,zone_2,98,68.56,556,1,32
2025-08-29,U14,zone_2,72,66.35,491,0,32
2025-08-30,U14,zone_2,53,70.33,363,0,32
2025-08-31,U14,zone_2,37,80.72,232,0,32
2025-09-01,U14,zone_2,32,62.05,286,0,32
2025-09-02,U14,zone_2,39,75.13,339,0,32
2025-09-03,U14,zone_2,64,73.15,439,0,32
2025-09-04,U14,zone_2,67,70.94,538,0,32
2025-09-05,U14,zone_2,45,73.03,479,0,32
2025-09-06,U14,zone_2,45,73.49,331,0,32
2025-09-07,U14,zone_2,55,58.73,287,0,32
2025-09-08,U14,zone_2,36,76.9,202,0,32
2025-09-09,U14,zone_2,50,72.35,354,0,32
2025-09-10,U14,zone_2,75,66.45,519,0,32
2025-09-11,U14,zone_2,90,58.16,674,0,32
2025-09-12,U14,zone_2,92,69.97,525,0,32
2025-09-13,U14,zone_2,64,65.18,423,0,32
2025-09-14,U14,zone_2,39,71.89,265,0,32
2025-09-15,U14,zone_2,36,72.75,257,0,32
2025-09-16,U14,zone_2,58,66.78,409,0,32
2025-09-17,U14,zone_2,63,74.64,484,0,32
2025-09-18,U14,zone_2,85,68.17,604,0,32
2025-09-19,U14,zone_2,64,71.25,528,0,32
2025-09-20,U14,zone_2,56,78.07,354,0,32
2025-09-21,U14,zone_2,40,76.05,250,0,32
2025-09-22,U14,zone_2,51,68.23,290,0,32
2025-09-23,U14,zone_2,60,68.17,377,0,32
2025-09-24,U14,zone_2,79,69.97,561,0,32
2025-09-25,U14,zone_2,98,70.09,568,0,32
2025-09-26,U14,zone_2,76,72.32,502,0,32
2025-09-27,U14,zone_2,48,84.44,352,0,32
2025-09-28,U14,zone_2,42,64.96,266,0,32
2025-09-29,U14,zone_2,31,67.44,289,0,32
2025-09-30,U14,zone_2,64,70.66,380,0,32
2025-10-01,U14,zone_2,79,64.89,576,0,32
2025-10-02,U14,zone_2,95,70.08,570,0,32
2025-10-03,U14,zone_2,70,72.32,523,0,32
2025-10-04,U14,zone_2,57,71.17,428,0,32
2025-10-05,U14,zone_2,34,76.94,257,0,32
2025-10-06,U14,zone_2,49,70.3,271,1,32
2025-10-07,U14,zone_2,56,68.25,404,1,32
2025-10-08,U14,zone_2,77,58.91,560,0,32
2025-10-09,U14,zone_2,91,63.15,731,0,32
2025-10-10,U14,zone_2,70,72.89,551,0,32
2025-10-11,U14,zone_2,58,69.37,419,0,32
2025-10-12,U14,zone_2,31,73.93,284,0,32
2025-10-13,U14,zone_2,38,70.72,283,0,32
2025-10-14,U14,zone_2,59,67.79,411,0,32
2025-10-15,U14,zone_2,57,75.68,531,0,32
2025-10-16,U14,zone_2,63,75.3,602,0,32
2025-10-17,U14,zone_2,74,69.42,560,0,32
2025-10-18,U14,zone_2,88,64.13,451,0,32
2025-10-19,U14,zone_2,48,70.91,316,0,32
2025-10-20,U14,zone_2,34,72.3,305,0,32
2025-10-21,U14,zone_2,69,69.64,379,0,32
2025-10-22,U14,zone_2,80,78.71,482,0,32
2025-10-23,U14,zone_2,100,67.51,629,0,32
2025-10-24,U14,zone_2,68,67.27,602,0,32
2025-10-25,U14,zone_2,56,74.06,411,0,32
